callee	count
if	11139
_T	10161
_y	8227
__wurst_stringConcat	3618
unitObjectMetaMix	2881
_a	1953
function	1925
not	1803
setmetatable	1508
and	1273
xpcall	1008
_dr	998
__wurst_ensureInt	997
int_toReal	992
or	982
unitObjectMetaBool	961
int_toString	888
error1	830
elseif	805
tostring	566
player_getId	546
return	499
HashMap_put	497
__wurst_safe_BlzFrameSetSize	415
_r	373
_L	341
TableLayout_TableLayout_add	322
_hr	292
LLIterator_LLIterator_close	284
doAfter	269
unit_getOwner	249
CFBuilding_CFBuilding_incomeFactor	241
UnitObjectMeta_new_UnitObjectMeta	241
AbilityLevelFields_AbilityLevelFields_cd	236
ArrayList_ArrayList_get	236
TableLayout_TableLayout_row	233
LLIterator_LLIterator_hasNext	232
LLIterator_LLIterator_next	231
LinkedList_LinkedList_iterator	231
BJDebugMsg	219
AbilityLevelFields_AbilityLevelFields_mana	218
tupleCopy1	215
__wurst_safe_BlzFrameSetVisible	212
__wurst_ensureBool	211
ArrayList_ArrayList_size	210
string_length	207
cff959697	202
framehandle_getHeight	201
unit_getAbilityLevel	193
authoredUpgradeMix	181
__wurst_ensureReal	178
__wurst_safe_BlzFrameSetText	173
real_toString1	173
create1139	163
r	163
unit_getTypeId	163
e2eRaw	153
CFBuilding_CFBuilding_tier	151
framehandle_getWidth	151
unit_getPos	149
__wurst_safe_RemoveUnit	147
Player	140
attachBuildingEffect	139
LinkedList_new_LinkedList	135
__wurst_safe_DisplayTimedTextToPlayer	133
_j	132
player_print	124
real_clamp	121
catalogLineNoBuilding	118
max1	116
framehandle_setVisible	115
__wurst_ensureStr	112
addProtectedAbility	109
LinkedList_LinkedList_add	108
LinkedList_LinkedList_size	108
TableLayout_TableLayout_padRight	107
force_containsPlayer	105
real_toInt	104
EventListener_construct_EventListener	100
_fr	98
_qr	98
unit_isType	96
ArrayList_ArrayList_add	95
unit_removeAbility	94
EventListener_add	93
CFBuilding_CFBuilding_precursor	91
unit_getIndex	91
TableLayout_TableLayout_center	90
TableLayout_TableLayout_applyTo	87
__wurst_modInt	85
ArrayList_new_ArrayList	83
TableLayout_new_TableLayout1	82
__wurst_intDiv	82
__wurst_objectToIndex	81
widget_getLife	80
Signal_Signal_set	79
__wurst_safe_BlzFrameSetEnable	78
createUnit	77
layoutFrame	76
Signal_Signal_get	75
__wurst_safe_BlzFrameSetTextAlignment	74
getElapsedGameTime	72
Signal_Signal_peek	71
GetRandomInt	70
p6	69
__wurst_stringToIndex	68
__wurst_safe_SetPlayerState	66
near	65
catalogLine	63
__wurst_safe_DestroyEffect	62
CompositionStats_CompositionStats_getStat	57
_yr	57
boolean_toString	56
string_substring1	55
LinkedList_destroyLinkedList	54
ArrayList_destroyArrayList	53
LinkedList_LinkedList_push	52
hasToken	52
IterableMap_IterableMap_put	51
addSmokeLine	51
E2E_recordMetric	50
LinkedList_LinkedList_get	50
create1162	50
unit_getY	50
unit_issueImmediateOrderById	50
FSM_FSM_changeState	49
GetTriggerUnit	49
TableLayout_TableLayout_padBot	49
__wurst_safe_BlzFrameSetTexture	49
vec2_op_plus	49
mmdE2e	48
max	47
playerFromIndex	47
rPierce	47
trigger_addAction	47
HashMap_HashMap_get	46
addEffect	46
unit_getX	46
GameMode_GameMode_getId	45
TableLayout_TableLayout_padTop	45
prepareSmokeUnit	45
CreateGroup	44
GetRandomReal	44
Unarmored	43
__wurst_safe_GroupClear	43
tupleCopy2	43
watch	43
Medium	42
__wurst_safe_DestroyGroup	41
orderCodeAttack	41
signal	41
__wurst_safe_GroupEnumUnitsInRect	40
framehandle_onClick	40
rNormal	40
unit_getHP	40
__wurst_stringFromIndex	39
__wurst_safe_TimerStart	38
p21	38
Heavy	37
__wurst_safe_CreateUnit	37
int_toRawCode	37
isCombatSapper	37
unit_getMaxHP	37
__wurst_safe_BlzFrameSetPoint	36
__wurst_safe_Condition	36
__wurst_safe_ForceClear	36
run10	36
trigger_addCondition	36
group_add	35
noteActiveBuildingSpellEffectForE2e	35
real_toString	35
CFBuilding_CFBuilding_multiTarget	34
unit_isEnemyOf	34
buildingTypeIndex	33
rMagic	33
unit_getBaseDamage	33
unit_issuePointOrderById	33
GetTriggerPlayer	32
__wurst_safe_DestroyForce	32
__wurst_safe_Filter	32
__wurst_safe_PauseTimer	32
__wurst_safe_SetWidgetLife	32
_br	32
player_getState	32
E2E_q	31
__wurst_objectFromIndex	31
__wurst_safe_SetUnitState	31
__wurst_safe_UnitDamageTarget	31
create140	31
unit_issueTargetOrderById	31
CFBuilding_CFBuilding_isLegendaryLine	29
GroupIterator_destroyGroupIterator	29
Light	29
TableLayout_TableLayout_gap	29
__wurst_SaveInteger	29
__wurst_safe_SetPlayerAlliance	29
CampaignTeamDraftModel_CampaignTeamDraftModel_current	28
DamageEvent_getAmount	28
GroupIterator_GroupIterator_hasNext	28
GroupIterator_GroupIterator_next	28
__wurst_safe_ForceAddPlayer	28
createFrame	28
eleBuildingRecountForE2e	28
getIndexingUnit	28
group_iterator	28
scoreToInt	28
setPresetRaceAssignment	28
CallbackPeriodic_destroyCallbackPeriodic	27
HashMap_new_HashMap	27
__wurst_safe_UnitApplyTimedLife	27
group_getRandom	27
isAliveCombatSapper	27
isStuckDebug	27
tupleCopy3	27
CFBuilding_getBuildingById	26
__wurst_safe_BlzFrameSetAllPoints	26
__wurst_safe_TriggerRegisterPlayerUnitEvent	26
doPeriodically	26
min	26
safeDestroyEffect	26
sendStuckDebug	26
AiExecutor_AiExecutor_getNextDecision	25
AiExecutor_AiExecutor_getNextWantedBuilding	25
FlagMode_new_FlagMode	25
__wurst_GetHandleId	25
hasCampaignAiProfile	25
int_bitAnd	25
lifecycleLine	25
player_aiChatMsg	25
rChaos	25
CFBuilding_CFBuilding_isAntiAir	24
CompositionStats_CompositionStats_modifyStat	24
_P	24
eleBuildingTotal	24
force_hasNext	24
force_iterator	24
force_next	24
player_getGold	24
string_charAt	24
unit_getField	24
__wurst_safe_GroupEnumUnitsOfPlayer	23
__wurst_safe_SetUnitAbilityLevel	23
e2eCommandDebug	23
group_size	23
player_getNameColored	23
popCallback	23
string_getHash	23
CFBuilding_CFBuilding_cagePressure	22
CFBuilding_CFBuilding_extraTags	22
DamageEvent_getTarget	22
Dnk	22
DraftWindow_DraftWindow_enablePick	22
DraftWindow_DraftWindow_reset	22
_Dr	22
a6	22
addEffect1	22
angle_radians	22
forUnitsInRange	22
getPrioState	22
getSyncUnitIndex	22
real_fromDeg	22
textButton	22
CFBuilding_CFBuilding_placementStrat	21
DraftPerk_DraftPerk_applyTo	21
DraftPerk_new_DraftPerk	21
IterableMap_IterableMap_forEach	21
__wurst_SaveStr	21
__wurst_safe_BlzSetSpecialEffectScale	21
__wurst_safe_BlzSetUnitMaxHP	21
__wurst_safe_SetUnitAnimation	21
debugModeRace	21
EventListener_addSpellInternal	20
GetLocalPlayer	20
__wurst_safe_BlzFrameSetAbsPoint	20
__wurst_safe_TriggerExecute	20
applyProtectedAbilityFields	20
cleanupPerkProbe	20
gridWidth2	20
group_next	20
h4	20
linkerCountForPlayerE2e	20
markResponded	20
min1	20
nullTimer	20
perkDesc	20
perkRuntimeCheck	20
unit_addProtectedItemById	20
while	20
ArrayList_new_ArrayList1	19
DraftWindow_DraftWindow_hide	19
__wurst_safe_DisplayTextToPlayer	19
__wurst_safe_KillUnit	19
__wurst_safe_SetPlayerTechMaxAllowed	19
__wurst_safe_UnitShareVision	19
angle_degrees	19
buildingTypeIndexOfUnit	19
endBatch	19
int_shiftr	19
linkerPercentForE2e	19
mmdEncrypted	19
muted	19
registerPlayerUnitEvent	19
unit_isAlive	19
Action_destroyAction	18
AiExecutor_AiExecutor_clearNextDecision	18
LinkedList_LinkedList_clear	18
TableLayout_destroyTableLayout	18
__wurst_safe_GetRectMaxY	18
__wurst_safe_GetRectMinX	18
__wurst_safe_GetRectMinY	18
campaignUiCheck	18
createFrame1	18
force_forEach	18
modeRuntimeCheck	18
player_isIngame	18
unit_isAllyOf	18
ArrayList_ArrayList_clear	17
BlzGetFrameByName	17
CFBuilding_CFBuilding_addTag	17
LN	17
Sin	17
UIInteractionDirective_UIInteractionDirective_getClickFrame	17
__wurst_safe_BlzSetSpecialEffectYaw	17
__wurst_safe_CountPlayersInForceBJ	17
__wurst_safe_DestroyFogModifier	17
__wurst_safe_DisplayTextToForce	17
__wurst_safe_GetPlayerId	17
attachBuildingEffectColor	17
dummyCastTargetWithVision	17
img1	17
player_getLumber	17
rR	17
run2	17
string_substring	17
string_toLowerCase	17
tupleCopy5	17
ArrayList_ArrayList_set	16
CFBuilding_CFBuilding_isSiege	16
CFRace_CFRace_registerBuildings__w3p_vmProtect	16
Cos	16
Fortified	16
LinkedList_LinkedList_isEmpty	16
OrderId	16
TableLayout_new_TableLayout	16
ValueMode_new_ValueMode	16
__wurst_GetEnumPlayer	16
__wurst_safe_GetPlayerName	16
__wurst_safe_GetRectMaxX	16
ai3v3Line	16
applyUnitStatAtLifeFraction	16
create151	16
draftDebug	16
player_getColor	16
rSiege	16
real_asAngleDegrees	16
string_startsWith	16
DamageEvent_getSource	15
E2E_isActive	15
Serializable_Serializable_addProperty1	15
Serializable_Serializable_getStringProperty	15
TableLayout_TableLayout_middle	15
__wurst_ForForce	15
__wurst_safe_AddSpecialEffectTarget	15
__wurst_safe_BlzGetUnitMaxHP	15
__wurst_safe_DisableTrigger	15
__wurst_safe_IsPlayerInForce	15
__wurst_safe_TriggerAddAction	15
currentLifeFraction	15
ensurePerkRuntimeLists	15
factorPenaltyPercent	15
getAssignedBuilderId	15
getCampaignAiProfile	15
getPlayerState	15
isVulnerable	15
item_getTypeId	15
linkerTagRefreshCountForE2e	15
p310	15
scanDebug	15
string_trim	15
trigger_registerPlayerEvent	15
tupleCopy11	15
unit_getCurrentOrder	15
CreateTrigger	14
DamageInstance_DamageInstance_setAmount	14
Serializable_Serializable_addProperty	14
Serializable_Serializable_getIntProperty	14
__wurst_safe_BlzGetUnitArmor	14
__wurst_safe_BlzSetUnitBaseDamage	14
__wurst_safe_ForceRemovePlayer	14
__wurst_safe_GetLocationX	14
__wurst_safe_GetLocationY	14
__wurst_safe_GetPlayerSlotState	14
__wurst_safe_GetUnitAbilityLevel	14
__wurst_safe_SetPlayerAllianceStateAllyBJ	14
__wurst_safe_SetUnitVertexColor	14
attachPanelBackdrop	14
checkFogTargetDummyOrder	14
clamp01	14
draftDebugPlayer	14
finishLifecycleProbe	14
h3	14
interactive	14
isValidPlayerId	14
logAiPlacementEvent	14
select	14
string_color1	14
string_color2	14
unit_getFacingAngle	14
AiExecutor_AiExecutor_hasActiveConstruction	13
AiExecutor_AiExecutor_isBuildLocked	13
DraftPerk_DraftPerk_setCleanup	13
E2E_assertTrue	13
LinkedList_LinkedList_getFirst	13
__wurst_safe_BlzGetUnitWeaponRealField	13
__wurst_safe_GetPlayerController	13
__wurst_safe_GetUnitTypeId	13
__wurst_safe_GroupEnumUnitsInRange	13
__wurst_safe_IsUnitType	13
__wurst_safe_RemoveItem	13
__wurst_safe_SetUnitOwner	13
_f	13
describeDecision	13
expectedLinkerPercent	13
fitCampaignText	13
getCampaignAiSkill	13
indexOf	13
itemRuntimeCheck	13
orderCodeAttackIfAllowed	13
playercolor_toColor	13
safeUnitAddAbility	13
setBaseMode	13
tileInfoAt	13
AiBuildablesState_AiBuildablesState_size	12
BuildingSlot_BuildingSlot_hideAll	12
CFBuilding_CFBuilding_hasAnyTag	12
DamageEvent_addListener	12
DamageEvent_getType	12
MN	12
TableLayout_TableLayout_createContainer	12
__wurst_SaveReal	12
__wurst_safe_BlzFrameSetLevel	12
__wurst_safe_BlzGetUnitAttackCooldown	12
__wurst_safe_DestroyTimer	12
__wurst_safe_GetOwningPlayer	12
__wurst_safe_SetPlayerName	12
buildingCode	12
buildingLifecycleDriftForE2e	12
cleanupSequentialProbeUnit	12
create144	12
draftDebugBool	12
factorBonusPercent	12
finishSharedCampaignE2e	12
getChatState	12
getTeamForce	12
group_hasNext	12
int_shiftl	12
isRoundStarted	12
lifecycleBuildPos	12
nextUiContext	12
player_getForce	12
realToIndex	12
rect_getMinX	12
string_toInt	12
unit_getState	12
CampaignUI_CampaignUI_denyNonHost	11
HashMap_HashMap_has	11
PatternSeeker_destroyPatternSeeker	11
StarStrip_StarStrip_setStarMask	11
__wurst_safe_BlzSetAbilityIntegerLevelField	11
__wurst_safe_BlzSetAbilityRealLevelField	11
__wurst_safe_CreateFogModifierRectBJ	11
__wurst_safe_GetUnitState	11
__wurst_safe_SetUnitPathing	11
__wurst_safe_SetUnitX	11
__wurst_safe_SetUnitY	11
__wurst_safe_TimerDialogDisplay	11
campaignUiForE2e	11
catalogLineForUnit	11
create1005	11
debugCampaignRuntime	11
displayName	11
framehandle_unfocus	11
getEnterLeaveUnit	11
getRoundTimeSeconds	11
getTeamWins	11
gridYFromWorld	11
group_get	11
h5	11
img	11
noteRoundVictoryCondition	11
perkCatalogCheck	11
player_getStats	11
randomAliveEnemy	11
rect_getMaxY	11
rect_getMinY	11
removeAbilityIfPresent	11
string_split	11
tonumber	11
unit_getMana	11
unit_getSyncGroup	11
unit_hasSyncGroup	11
widget_isAliveTrick	11
CFBuilding_CFBuilding_tags	10
CampaignSmokeFixture_destroyCampaignSmokeFixture	10
ChatIntent_ChatIntent_keywords	10
ChatIntent_ChatIntent_name	10
ChatIntent_ChatIntent_responses	10
ChunkedString_ChunkedString_append	10
ChunkedString_ChunkedString_getChunk	10
CompositionStats_CompositionStats_applyBuildingWorth	10
DraftPack_DraftPack_isPerkPack	10
GetSpellAbilityId	10
R2I	10
ScanCursor_new_ScanCursor	10
SubString	10
__wurst_safe_CreateFogModifierRadius	10
__wurst_safe_FogModifierStart	10
__wurst_safe_ForcePickRandomPlayer	10
__wurst_safe_TimerDialogSetTitle	10
__wurst_safe_TriggerRegisterAnyUnitEventBJ	10
booleanToIndex	10
campaignSaveEncodedChar	10
checkForShield	10
colored	10
create15	10
createGridImage	10
dummyCastPointFrom	10
getPresetRaceAssignment	10
handle_getHandleId	10
hasAiPresetBuildOrder	10
hasCampaignStar	10
hasEnoughFoodForBuilding	10
initPerks__w3p_vmProtect	10
isNotTentacle	10
mN	10
pack15	10
printLog	10
rect_getMaxX	10
reference	10
runSequentialBuildingSpellProbe	10
safeB64Char	10
setTileInfo	10
spawnTimeForBuilding	10
spellEnchantmentState	10
string_color	10
unit_addAbility	10
unit_getFoodUsed	10
unit_getItemById	10
unit_isCageBuilding	10
unit_isInConstruction	10
unit_itemInSlot	10
validPid1	10
vec2_isPlaceableForSide	10
AiBuildablesState_AiBuildablesState_getRef	9
AiExecutor_AiExecutor_getBuiltSnapshot	9
ArrayList_ArrayList_find	9
BuiltBuildingsSnapshot_destroyBuiltBuildingsSnapshot	9
ChoiceValueMode_ChoiceValueMode_addChoice	9
ChunkedString_new_ChunkedString	9
CompositionStats_CompositionStats_getRsCount	9
CreateTimer	9
DraftWindow_DraftWindow_invalidateRender	9
GetIssuedOrderId	9
Lazy_Lazy_get	9
RN	9
Rect	9
UIDialog_UIDialog_getFrame	9
__wurst_FlushChildHashtable	9
__wurst_safe_BlzGetAbilityRealLevelField	9
__wurst_safe_DestroyTimerDialog	9
__wurst_safe_GetWidgetLife	9
__wurst_safe_SetUnitColor	9
__wurst_safe_SetUnitPosition	9
__wurst_safe_ShowUnit	9
__wurst_safe_StartSound	9
abilityFieldMix	9
ai3v3PlayerDetails	9
applyRememberedRaceBansToAvailability__w3p_vmProtect	9
areaIdFor	9
calcTreasureBoxMultiplier	9
emit	9
getCampaignRaceName	9
gridXFromWorld	9
linkerSlotForUnitE2e	9
now7	9
padding_getHeight	9
perkListen	9
perkListenDamage	9
perkProbeDamage	9
player_getController	9
player_getCurrentSupply	9
player_getMaxSupply	9
player_isAllyOf	9
productionEnchantmentState	9
rawcodeName	9
refreshAttachedMultiboard	9
setAiReplayLogE2eEnabled	9
shrineProbeLine	9
snapDown	9
spellEnchantmentManaDeltaForE2e	9
string_indexOf	9
string_toChar	9
textframe	9
tupleCopy	9
unit_getName	9
unit_hasAbility	9
unit_isUpgrading	9
AiDecision_destroyAiDecision	8
AiExecutor_AiExecutor_canAccessBuilding	8
AiExecutor_AiExecutor_clearPendingBuildOrder	8
ArrayList_ArrayList_removeAtUnordered	8
CFBuilding_CFBuilding_noPP	8
CampaignTeamDraftModel_CampaignTeamDraftModel_publish	8
ClearTextMessages	8
DraftController_DraftController_getCurrentPack	8
DraftController_DraftController_packToMmdString	8
DraftPack_DraftPack_getPerk	8
DraftUIScreen_DraftUIScreen_invalidateWarmup	8
E2E_finish	8
InfoData_destroyInfoData	8
LinkedList_LinkedList_forEach	8
MMD_flagPlayer	8
SetStartLocPrio	8
StringIterator_destroyStringIterator	8
Table_Table_saveInt	8
UIBar_UIBar_setValue	8
__wurst_RemoveSavedHandle	8
__wurst_safe_BlzFrameSetTooltip	8
__wurst_safe_EnableTrigger	8
__wurst_safe_GroupAddUnit	8
__wurst_safe_IssueBuildOrderById	8
__wurst_safe_RemoveDestructable	8
__wurst_safe_RemoveRect	8
__wurst_safe_SetUnitFacing	8
_q	8
_t	8
applyBuildingStats	8
btn	8
closeEnough	8
compactPos1	8
container2	8
create677	8
destroyHashMap	8
eleContributionForE2e	8
emitAiReplayLog	8
enqueueArea	8
ensureAppliedList	8
fitCampaignObjectiveText	8
framehandle_onClickReleaseFocus	8
framehandle_placeSafe	8
getCampaignBotAt	8
getStrategicAuraItemIndex	8
getTeamWinsSignal	8
group_remove	8
h2	8
hashtable_loadInt	8
isValidSyncPair	8
keyX	8
player_getName1	8
player_getSide	8
rHero	8
real_floor	8
refreshLinkerTags	8
registeredBuildingSpellCountForE2e	8
registeredUnitSpellCountForE2e	8
resolveCampaignEnemyRoster	8
savedBuildingIncome	8
shouldIgnore	8
string_contains	8
tile_toVec2	8
toHex	8
tupleCopy10	8
tupleCopy16	8
tupleCopy4	8
tupleCopy9	8
unit_makeAbilityPermanent	8
unit_toUnitIndex	8
updateEnemyIcon	8
vec2_op_minus	8
AiBuildablesState_AiBuildablesState_getNameLower	7
AiExecutor_AiExecutor_getPendingBuildOrderAge	7
AiExecutor_AiExecutor_hasPendingBuildOrder	7
AiExecutor_AiExecutor_invalidateBuiltSnapshot	7
ArrayList_ArrayList_pop	7
BuildScanIterator_destroyBuildScanIterator	7
CampaignUI_CampaignUI_hideCampaignPlayerBoards	7
ChunkedString_ChunkedString_getChunkCount	7
Computed_Computed_get	7
CreateDestructable	7
DraftPack_DraftPack_getFirst	7
DraftPack_DraftPack_getSecond	7
DraftUIScreen_DraftUIScreen_debugRoundStrip	7
DraftWindow_DraftWindow_show	7
IterableMap_new_IterableMap	7
LinkedList_LinkedList_dequeue	7
LinkedList_LinkedList_has	7
LinkedList_LinkedList_remove	7
ModeParser_startSelectedModesOrDefault__w3p_vmProtect	7
Reference_destroyReference	7
ScanCursor_ScanCursor_nextCandidate	7
StarStrip_StarStrip_build	7
StarStrip_new_StarStrip	7
StringIterator_StringIterator_hasNext	7
StringIterator_StringIterator_next	7
TableLayout_TableLayout_getLastCellOrWarn	7
UIBar_UIBar_create	7
UICheckbox_UICheckbox_getFrame	7
UIInteractionDirective_UIInteractionDirective_setDisabled	7
__wurst_EnumDestructablesInRect	7
__wurst_ForGroup	7
__wurst_GetEnumUnit	7
__wurst_LoadInteger	7
__wurst_safe_BlzFrameClick	7
__wurst_safe_BlzFrameSetAlpha	7
__wurst_safe_CreateTimerDialog	7
__wurst_safe_DisplayTimedTextToForce	7
__wurst_safe_EnableWeatherEffect	7
__wurst_safe_IssueTargetOrderById	7
__wurst_safe_KillDestructable	7
__wurst_safe_SetPlayerUnitAvailableBJ	7
__wurst_safe_TriggerAddCondition	7
__wurst_safe_TriggerRegisterEnterRectSimple	7
campaignAdjustedScore	7
canReplayLastCampaignMission	7
cellCenter	7
checkCampaignAiRuntime	7
checkCampaignSmoke	7
choiceScoreForProfile	7
clampi	7
closeStartDialog	7
compactPos	7
countForceMembers	7
countNonAwayHumanPlayersInForce	7
create1056	7
dummyCastTargetFrom	7
enemyRosterSignature	7
estimateTextWidth	7
failParentKey	7
formatStatCount	7
getAiExecutorForPlayer	7
getCampaignAvailablePoints	7
getCampaignPartyPlayers	7
getDecisionKey	7
getPlayerStartLoc	7
getRescueStrikesForTeam	7
gridHeight	7
handle_getTCHandleId	7
isAiReplayLogEnabled	7
isCampaignHumanPlayer	7
isGamePlayerId	7
isValidAssassinTarget	7
logSpellDebug	7
makeFallbackDecision	7
noteAiDecisionFailure	7
noteFailure	7
noteSpellDebugFailure	7
padding_getWidth	7
playerHasAccessToBuilding	7
plural	7
raiseGuard	7
randomAliveEnemyGround	7
realFromIndex	7
removeBuildingIncome	7
runAi3v3E2eWithMode	7
runStatefulAcquireProbe	7
shouldTrackAiBuiltStructure	7
startLifecycleBuild	7
statefulProbeId	7
string_iterator	7
string_replace	7
syncBuildingIncome	7
togglePlayerAway	7
tupleCopy14	7
type	7
unit_getHPRatio	7
unit_issueTargetOrder	7
validPid	7
vec2_isCagedAt	7
vec2_polarOffset	7
AiExecutor_AiExecutor_getBuilderCurrentOrderId	6
AiExecutor_AiExecutor_updateChoiceDebugFrame	6
ArrayList_ArrayList_copy	6
BuildScanIterator_BuildScanIterator_next	6
BuildingSlot_BuildingSlot_reset	6
BuiltBuildingsSnapshot_new_BuiltBuildingsSnapshot	6
CallbackSingle_destroyCallbackSingle	6
CampaignTeamDraftModel_CampaignTeamDraftModel_hasSelectedBot	6
Cell_Cell_declaredWidth	6
ChunkedString_destroyChunkedString	6
ConvertPlayerColor	6
DefineStartLocation	6
DraftController_DraftController_getStateFor	6
DraftUIScreen_DraftUIScreen_applyDraftLayout	6
DraftUIScreen_DraftUIScreen_formatWarmupPlayerStatus	6
DraftUIScreen_DraftUIScreen_hideRoundStrip	6
DraftWindow_DraftWindow_create	6
DraftWindow_DraftWindow_disableReRoll	6
DraftWindow_DraftWindow_setPack	6
DraftWindow_DraftWindow_showIntermissionMessage	6
DraftWindow_new_DraftWindow	6
E2E_emit	6
EventListener_generalEventCallback	6
File_new_File	6
ForcePlayerStartLocation	6
GetEnteringUnit	6
GetSummonedUnit	6
Hero	6
LLEntry_destroyLLEntry	6
Layer_getFrame	6
ModeParser_rejectUltimateDraftConflict	6
PatternSeeker_PatternSeeker_cellToWorld	6
PatternSeeker_new_PatternSeeker	6
PlayerCard_PlayerCard_setMetric	6
QueueNode_QueueNode_send	6
SetEnemyStartLocPrioCount	6
SetPlayerColor	6
SetPlayerController	6
SetPlayerRacePreference	6
SetPlayerRaceSelectable	6
SetPlayerStartLocation	6
SetPlayerTeam	6
SetStartLocPrioCount	6
SoundDefinition_SoundDefinition_playForPlayer	6
TableLayout_TableLayout_defaultHalign	6
TableLayout_TableLayout_growX	6
TableLayout_TableLayout_start	6
Table_new_Table	6
UA	6
UIBar_new_UIBar	6
UIDialog_UIDialog_build	6
UIInteractionDirective_UIInteractionDirective_setSelected	6
UIModalBackdrop_UIModalBackdrop_create	6
_Ir	6
__wurst_LoadReal	6
__wurst_safe_BlzFrameClearAllPoints	6
__wurst_safe_BlzGetOriginFrame	6
__wurst_safe_BlzGetUnitAbility	6
__wurst_safe_BlzSetUnitAttackCooldown	6
__wurst_safe_BlzStartUnitAbilityCooldown	6
__wurst_safe_GroupRemoveUnit	6
__wurst_safe_PlaySoundBJ	6
__wurst_safe_SetGameSpeed	6
__wurst_safe_SetPlayerAbilityAvailable	6
__wurst_safe_SetSoundDuration	6
__wurst_safe_SetTextTagVisibility	6
__wurst_safe_SetUnitMoveSpeed	6
addListenerForFrame	6
aiRuntimeDetails	6
aiUnitWorth	6
applyProtectedItemAbilityFields	6
booleanFromIndex	6
buildBoard	6
canApplyCampaignSupplyEffectsNow	6
canRespondNow	6
captureAllUnitStats	6
char_toInt	6
char_toString	6
checkCampaignRoundTimers	6
cleanupStatefulProbe	6
clearTrainProgress	6
continueUpgradeIncomeChecks	6
countCampaignPartyPlayers	6
countPerkProbeItem	6
countReadyPrecursorCopies	6
create310	6
create311	6
createSpellCarrier	6
destroyEnchantmentEffect	6
dialogFrame	6
draftDebugPack	6
dummyCastImmediateFrom1	6
enforceFortifiedOutpostTechAvailability	6
executionOrderDamageFactor	6
finishShrineProbe	6
floorToInt	6
framehandle_getChild	6
getAiInfoSlot	6
getCampaignAiCoop	6
getCampaignAiSpeed	6
getDamageMultiplierByIndex	6
getForceOf	6
getPlacementEpoch	6
getRepresentedTeamIndex	6
getState	6
getStrategicSignalForTeam	6
group_has	6
hasMatchWinner	6
hasPending	6
hasTechAccess	6
idx112	6
img3	6
img5	6
int_toChar	6
isAiReplayLogE2eEnabled	6
isChatAi	6
isLegendaryUnit	6
keyY	6
launchSmokeFixture	6
logPerkOrder	6
mbDebug	6
noteSpellDebugEffect	6
panel	6
player_getEnemyStats	6
player_getSlotState	6
probeEnqueueOpen	6
quaternary	6
real_squared	6
registeredUnitSpellLastTargetEnemyForE2e	6
ro	6
roundStatsFor	6
scoreBuilding	6
scoreDelta	6
setAiPresetBuildOrder	6
setupUnit	6
shouldStrategicAuraUseGoldForPlanState	6
spawnTreantFromWall	6
startGame	6
startStartupPlayableReveal	6
string_format	6
tertiary	6
tile_isSnowMarked	6
tile_isValid	6
timer_release	6
trigger_evaluate	6
tupleCopy13	6
unitIncomeIndex	6
unit_getMoveSpeed	6
unit_inventorySize	6
unit_setField	6
validateRegisteredPerks__w3p_vmProtect	6
vec2_angleTo	6
vec2_distanceTo	6
AiDecision_new_AiDecision1	5
AiExecutor_AiExecutor_canBuildNextWanted	5
AiExecutor_AiExecutor_clearPendingBuildReservation	5
AiExecutor_AiExecutor_getBuiltBuildingCount	5
AiExecutor_AiExecutor_nextPowerPlant434SupportSpot	5
ArrayList_ArrayList_forEach	5
ArrayList_ArrayList_isEmpty	5
BuildingSlot_BuildingSlot_clearHotkey	5
BuildingSlot_BuildingSlot_clearTags	5
CFBuilding_CFBuilding_isAiShouldIgnore	5
CN	5
CampaignCardController_denyNonHost	5
CampaignSmokeFixture_CampaignSmokeFixture_addSelectedBot	5
CampaignSupply_CampaignSupply_isPerkSupply	5
CampaignSupply_CampaignSupply_isPlayerAssignedSupply	5
CampaignUI_CampaignUI_getMaxAvailableStartIndex	5
CampaignUI_CampaignUI_hideAllRacePickers	5
CampaignUI_CampaignUI_showChapterScreen	5
Chaos	5
ChoiceValueMode_new_ChoiceValueMode	5
ChunkedString_ChunkedString_getUnsafeString	5
ChunkedString_ChunkedString_getUnsafeSubString	5
ChunkedString_ChunkedString_length	5
DraftController_DraftController_stopWarmup	5
DraftEventBus_fireTimer	5
DraftUIScreen_DraftUIScreen_applyPackToWindow	5
DraftUIScreen_DraftUIScreen_invalidateRoundStrip	5
DummyRecycler_get	5
ForGroupCallback_destroyForGroupCallback	5
GetSpellAbilityUnit	5
HashMap_flush	5
IAbsBJ	5
IMinBJ	5
LinkedList_LinkedList_enqueue	5
LinkedList_LinkedList_getEntry	5
LinkedList_LinkedList_peek	5
LinkedList_LinkedList_removeAt	5
ModeParser_generalModeHint	5
ModeParser_isUltimateDraftIncompatibleModeId	5
ModuloInteger	5
R2SW	5
RoundPlayerStats_RoundPlayerStats_damageDealt	5
RoundPlayerStats_RoundPlayerStats_totalKills	5
S2I	5
ScanCursor_ScanCursor_reset	5
SetTerrainType	5
StarObjectiveRows_StarObjectiveRows_setMission	5
TA	5
UIInteractionDirective_UIInteractionDirective_withTooltip	5
UIModalBackdrop_UIModalBackdrop_getFrame	5
UN	5
Watcher_destroyWatcher	5
__wurst_GetEnumDestructable	5
__wurst_GetEnumItem	5
__wurst_safe_AdjustPlayerStateBJ	5
__wurst_safe_BlzGetAbilityIntegerLevelField	5
__wurst_safe_BlzQueuePointOrderById	5
__wurst_safe_CreateUnitAtLoc	5
__wurst_safe_DestroyTextTag	5
__wurst_safe_DestroyTrigger	5
__wurst_safe_GetItemTypeId	5
__wurst_safe_GetPlayerTechMaxAllowed	5
__wurst_safe_GetUnitX	5
__wurst_safe_GetUnitY	5
__wurst_safe_GetUnitsSelectedAll	5
__wurst_safe_IsUnitEnemy	5
__wurst_safe_RegionAddRect	5
__wurst_safe_SetImageRenderAlways	5
__wurst_safe_SetItemVisible	5
__wurst_safe_SetLightningColor	5
__wurst_safe_SetPlayerAllianceStateBJ	5
__wurst_safe_SetTextTagText	5
__wurst_safe_SetUnitInvulnerable	5
__wurst_safe_StopSound	5
__wurst_safe_StoreInteger	5
__wurst_safe_TriggerRegisterLeaveRectSimple	5
__wurst_safe_UnitItemInSlot	5
__wurst_safe_UnitRemoveAbility	5
_tr	5
accent	5
addAbilityIfMissing	5
appendMetricLine	5
applyCampaignEnv	5
applyRaceSelectionSideEffects	5
applyRaceTechAvailabilityForPlayer	5
assertDraftPerkCount__w3p_vmProtect	5
assertDraftPerkIdHash__w3p_vmProtect	5
attacktype_toIndex	5
br	5
callback1	5
campaignSaveDecodeIndex	5
canStartCampaignSession	5
canStillBuildLegendaryForPlayer	5
catalogLineForId	5
changeEleBuildingCount	5
checkConcreteUnitStats	5
clampProfileValue	5
cleanupRoundUnits	5
clearProductionEnchantedBuildingFor	5
colorA_toColorString	5
completeRoundStart	5
computeScoreBreakdown	5
controlFeatheredFriendBird	5
countAiPlayersByPid	5
countForcePlayersByPid	5
countOwnedBuildingCopies	5
create1122	5
create676	5
create991	5
createCampaignIconButton	5
defensetype_toIndex	5
destroyCampaignMissionStartLists	5
dummyCastTargetFrom1	5
elvenRevivesCreatedForE2e	5
emitBuildingCatalogE2eResult	5
enemyCastleRect	5
ensureCFItems	5
ensureLastWallTrackingGroup	5
ensureLists	5
ensureSupportOrderTask	5
ensureUnitObjectUpgradeMetadataRegistered	5
executionOrderIsOpenFireForE2e	5
expiryKeyY	5
fN	5
failCampaignChallenge	5
failChildKey	5
framehandle_enable	5
gamecache_hasInt	5
getBuildingTechMaxAllowedForCurrentModes	5
getBuiltCount	5
getCampaignAiScoreTolerance	5
getCampaignDelimitedToken	5
getCampaignEnemyStrength	5
getCampaignRequiredAllyRecruits	5
getCampaignRequiredAllyRecruitsForPartySize	5
getDefaultRoundType	5
getPerkCount	5
getPosition	5
getScoreBlockReason	5
getSelectedRace	5
getSpawnBuilding	5
getTimer	5
getUpgradeLineRoot	5
giveCloudStaffToBuilder	5
gridSize1	5
handleLastWallCastleRectEvent	5
hasTeamBoughtStrategicItem	5
hashtable_loadUnitHandle	5
hpThresholdPercent	5
int_bitXor	5
isActiveRestriction	5
isBuildableAtCenter	5
isColumnLeader1	5
isDirectBuildSweepRoot	5
isGobboRepairableTarget	5
isLegendaryStructure	5
isPerkManifestSlot__w3p_vmProtect	5
isPerkRegistryTokenValid__w3p_vmProtect	5
isSupportOrderUnit	5
isUnsignedIntString	5
issueAssassinPointOrder	5
issueCodeAttack	5
joinCampaignCheatToken	5
linkerCountForTeamE2e	5
logAiItemEvent	5
makeAffordanceIndependentDebugInfo	5
markRaceUnavailable	5
nextFeatheredFriendFoodDelay	5
nthNonHumanInForce	5
pickCampaignGreeting	5
playerToIndex	5
player_clearTextMessagesLocal	5
player_getName	5
player_hasVisibility	5
playercolor_toInt	5
polarProjectLoc	5
powerPlantBuffDetails	5
prepareNativeSpellUnit	5
raceChooserAbilityCount	5
rankDetailPart	5
rawIncomeWithTreasureBox	5
real_abs	5
real_round	5
reconcileCombatStats	5
recordCFBuildingCatalogDrift__w3p_vmProtect	5
refreshAiInfoChosenMarker	5
refreshCurrentIncomeCache	5
refreshSpellBuildingEnchantments	5
registeredBuildingSpellCallbackHitsForE2e	5
resetFeatheredFriendState	5
resetFortifiedOutpostState	5
resetStormchaserState	5
restartAiForPlayer	5
runSequentialUnitSpellProbe	5
runShrineProbePhase	5
sendTeamEventMessage	5
setSpawnBuilding	5
setSpellBuildingManaDelta	5
shouldCampaignAiBuyStrategicAura	5
shrineProbePos	5
starRestrictionId	5
startAi	5
statApplyIndex	5
statefulConsumerLine	5
stopCampaignSurvivalTimer	5
syncedCompanionSpawnsForE2e	5
taxedIncomeRealForPlayer	5
togglePlayerAfkInternal	5
tryEnqueueOutside	5
unit_setCageBuilding	5
updatePlayerAlliances	5
updateStrategicSignalForTeam	5
vec2_distanceToSq	5
vec2_isTerrainWalkable	5
verifyFrameNameLength	5
widget_addEffect	5
yA	5
AddSpecialEffect	4
AiExecutor_AiExecutor_beginPondering	4
AiExecutor_AiExecutor_consumePondering	4
AiExecutor_AiExecutor_getNextWantedBlockReason	4
AiExecutor_AiExecutor_hasValidNextWanted	4
AiExecutor_AiExecutor_isBuilderStillTryingPendingBuildOrder	4
AiExecutor_AiExecutor_tryRepair	4
ArrayList_ArrayList_allocateStorage	4
ArrayList_ArrayList_enqueue	4
ArrayList_ArrayList_has	4
ArrayList_ArrayList_indexOf	4
BotCard_BotCard_build	4
BotCard_new_BotCard	4
BuildingSlot_BuildingSlot_getTagColor	4
BuildingSlot_BuildingSlot_setDisplayWidth	4
BuildingSlot_BuildingSlot_showBase	4
CFBuilding_CFBuilding_combatPower	4
CFBuilding_CFBuilding_hasTag	4
CFBuilding_CFBuilding_isArtillery	4
CFBuilding_CFBuilding_spellDps	4
CFBuilding_getBuildingByUnitId	4
CampaignChapter_CampaignChapter_isComplete	4
CampaignMissionControls_CampaignMissionControls_hideConfirm	4
CampaignMissionInfoOverlay_CampaignMissionInfoOverlay_hideFor	4
CampaignMissionInfoOverlay_CampaignMissionInfoOverlay_setEnemy	4
CampaignMissionInfoOverlay_CampaignMissionInfoOverlay_setMission	4
CampaignMissionRecordRow_CampaignMissionRecordRow_showSupplyContainer	4
CampaignMissionRecordRow_CampaignMissionRecordRow_showTeamContainer	4
CampaignRaceOption_new_CampaignRaceOption	4
CampaignSaveData_CampaignSaveData_applyToCampaignMissions__w3p_vmProtect	4
CampaignSaveData_CampaignSaveData_computeSaveSignature	4
CampaignTeamDraftModel_CampaignTeamDraftModel_getSelectedBot	4
CampaignTeamDraftModel_CampaignTeamDraftModel_hasSelectedSupply	4
CampaignUI_CampaignUI_closeRacePicker	4
CampaignUI_CampaignUI_denyInvalidRacePickerUser	4
CampaignUI_CampaignUI_hideCampaignIntro	4
CampaignUI_CampaignUI_setAvailableStartIndex	4
CampaignUI_CampaignUI_showMissionScreen	4
CreateForce	4
CreateItem	4
DamageEvent_addListener1	4
DefaultPackSupplier_makeOne	4
DraftController_DraftController_beginRound	4
DraftController_DraftController_getTotalRounds	4
DraftController_DraftController_requestPick	4
DraftController_DraftController_setCurrentPack	4
DraftController_DraftController_stopCountdown	4
DraftController_DraftController_stopPostDraftCountdown	4
DraftUIScreen_DraftUIScreen_clearTextMessagesOnce	4
DraftUIScreen_DraftUIScreen_setRoundStripState	4
E2E_recordEvent	4
EventData_getChatMessage	4
EventData_getSpellTargetUnit	4
EventData_getTriggerPlayer	4
FR	4
File_File_close	4
GetEventDamage	4
GetExpiredTimer	4
GetSpellTargetUnit	4
GetTrainedUnit	4
HashList_HashList_count	4
HashMap_remove	4
InfoWindow_InfoWindow_invalidateTagSummary	4
InfoWindow_InfoWindow_show	4
LinkedList_LinkedList_addAll	4
LinkedList_LinkedList_copy	4
LinkedList_LinkedList_getLast	4
LinkedList_LinkedList_removeEntry	4
LinkedList_LinkedList_set	4
LinkedList_LinkedList_sort	4
ModeParser_applyModeString__w3p_vmProtect	4
ModeParser_hasSufficientBaseMode	4
ModeParser_isUltimateDraftModeActive	4
ModeParser_isUltimateDraftModeId	4
ModeParser_modeIdForPart	4
ModeParser_parsedModesContainUltimateDraftIncompatibleMode	4
NoOpState_exit	4
Observer_Observer_cleanupSources	4
PatternSeeker_PatternSeeker_checkExhaustedCached	4
PatternSeeker_PatternSeeker_nextAvoidingFrom	4
PlayerDraftState_PlayerDraftState_canReroll	4
QueueTask_destroyQueueTask	4
Reference_new_Reference	4
RoundPlayerStats_new_RoundPlayerStats	4
StarObjectiveRows_StarObjectiveRows_buildObjectiveRow	4
StarObjectiveRows_StarObjectiveRows_setBeatenCheck	4
StringCase	4
SummaryCard_SummaryCard_setText	4
TableLayout_TableLayout_columns	4
TableLayout_TableLayout_layout	4
TeamVote_TeamVote_countEligibleVotes	4
TeamVote_TeamVote_reset	4
UIDialog_UIDialog_placeSafe	4
UIModalBackdrop_UIModalBackdrop_hide	4
VN	4
Zr	4
__wurst_RemoveSavedInteger	4
__wurst_safe_BlzFrameSetTextColor	4
__wurst_safe_BlzGetAbilityId	4
__wurst_safe_BlzGetUnitIntegerField	4
__wurst_safe_BlzGetUnitWeaponBooleanField	4
__wurst_safe_BlzSetSpecialEffectColor	4
__wurst_safe_BlzSetUnitWeaponRealField	4
__wurst_safe_ExplodeUnitBJ	4
__wurst_safe_FirstOfGroup	4
__wurst_safe_GetDestructableTypeId	4
__wurst_safe_GetItemX	4
__wurst_safe_GetItemY	4
__wurst_safe_GetUnitFlyHeight	4
__wurst_safe_GetUnitLifePercent	4
__wurst_safe_GetUnitMoveSpeed	4
__wurst_safe_IsUnitAlly	4
__wurst_safe_IsUnitInGroup	4
__wurst_safe_IssueImmediateOrder	4
__wurst_safe_IssueImmediateOrderById	4
__wurst_safe_IssueNeutralImmediateOrderById	4
__wurst_safe_MultiboardDisplay	4
__wurst_safe_SetTextTagPermanent	4
__wurst_safe_SetTextTagPos	4
__wurst_safe_SetUnitFlyHeight	4
__wurst_safe_TimerGetRemaining	4
__wurst_safe_TriggerEvaluate	4
__wurst_safe_TriggerRegisterDeathEvent	4
__wurst_safe_TriggerRegisterEnterRegion	4
__wurst_safe_UnitAddType	4
__wurst_safe_UnitRemoveBuffsEx	4
aN	4
addDebugInfoSorted	4
addFirstFriendlyBotInSkillRange	4
addPendingRoundStartResourceBonus	4
addSweepBuilding	4
announceCampaignChallengeFailure	4
appendAiPresetBuildOrder	4
applyExtendedMultiplayerMode	4
applyPerk	4
applyPowerArmor	4
applyRegisteredBuildingAttach	4
applyTaxMode	4
applyUniqueRacesMode	4
aspectScoreForBuilding	4
assertDraftPerkEntries__w3p_vmProtect	4
assertDraftPerkIdSequence__w3p_vmProtect	4
assertDraftPerkRegistrySealed__w3p_vmProtect	4
attachPanelBackdrop1	4
awaitCompanionWindow	4
botIdentityNameWidth	4
botTextWidth	4
buildSmokeFixture	4
buildableMatchTokens	4
campaignBlocksAwayControl	4
campaignUiTriggerPlayerForE2e	4
canApplyCurrentModeCapacity	4
canUseAttachedEffects	4
chaosControlDummy	4
checkEleCounterContracts	4
checkForWrongOrder	4
clampLumberToLimit	4
cleanupAppliedPerks	4
clearAiPresetBuildOrder	4
clearAttachedEffects	4
clearCampaignMissionChallenge__w3p_vmProtect	4
clearSpellEnchantedBuildingFor	4
clearStrategicAuraSaveReservation	4
computeAdaptiveBuildCount	4
computeLegendaryUnitViability	4
continueBuildingCatalogAfterItems	4
countItemAbilities	4
countOwnedUpgradeLineCopies	4
create577	4
createCampaignStarCostIcon	4
createPanelContainer	4
createUnit1	4
disableDescendants	4
dummyCarrierWithAbility	4
dummyCastImmediateFrom	4
dummyCastTargetFrom2	4
e2eRawcode	4
eN	4
effectiveIndex	4
eleLinkerHealAmount	4
eleLinkerPercent	4
ellipsize	4
emitAi3v3Snapshot	4
enc100	4
enforceLumberLimitNow	4
ensureAssassinSlot	4
ensureCampaignAvailablePointsSignal	4
ensureCampaignTocLoaded	4
ensureExecutionOrderBuilderAbility	4
ensurePresetRaceStorage	4
ensureProfileList	4
ensureUnitObjectMetadataRegistered	4
eraserSpell	4
expectedCoinGold	4
findBestBuildableMatchAny	4
finishModeRuntimeE2e	4
finishPendingCampaignMissionStart__w3p_vmProtect	4
fixturesHaveSkillRange	4
formatMissionDuration	4
framehandle_disable	4
gamecache_loadInt	4
getCageBuildingIndex	4
getCagedAegisSpellDamageFactor	4
getCampaignAiActionJitterMax	4
getCampaignAiCagePatternChance	4
getCampaignAiFallbackPatternSkipMax	4
getCampaignAiPonderDelayMax	4
getCampaignAiPriorityDurationMultiplier	4
getCampaignAiQuickBuildDelay	4
getCampaignEffectiveDraftPoints	4
getCampaignKnownRaceByBuilderId	4
getCampaignPartyPlayerSlot	4
getCampaignProfile	4
getCampaignProfileLoadVersionSignal	4
getCampaignRaceOption	4
getContainmentFocusSpellDamageFactor	4
getCustomPriority	4
getDecisionPlacementKey	4
getDominanceForBuildingScoring	4
getFrame1	4
hasEleBuildingAccess	4
hasLegendary	4
hasTechAccess1	4
hasUpgrades	4
hashtable_hasInt	4
hideRoundStatsBoardFor	4
img4	4
initMultiboardState	4
initializeDefaultDraftTiers__w3p_vmProtect	4
isAiDecisionBlocked	4
isAiDecisionBlocked1	4
isAssassinSupportUnit	4
isBuildingAllowedForCurrentModes	4
isGobbo	4
isLastWallEligibleUnit	4
isModeRoundStarted	4
isPlacementBlockedForSide	4
isPlayerRepresentedOnMultiboard	4
isRegisteredPerk	4
isRoundVotePlayer	4
isSpellBuilding	4
isValidStructureHandle	4
item_getAbility	4
loadTOCFile	4
logAiChoice	4
logSpellDebug1	4
mbInitDebug	4
multiboard_show	4
nagaSpellTargetName	4
normalizedDifference	4
onEvent	4
onLoad	4
paintFx	4
pcall	4
personalityDetails	4
player_isEnemyOf	4
playercolor_getName	4
quitCampaignMission__w3p_vmProtect	4
raceBuilderIdForBuilding	4
raceChooserOrderAt	4
randomAllySapper	4
real_ceil	4
recycleSpellDummy	4
registeredBuildingSpellEffectHitsForE2e	4
registeredBuildingSpellEventHitsForE2e	4
registeredBuildingSpellTargetModeForE2e	4
registeredUnitSpellCallbackCoveredForE2e	4
registeredUnitSpellExpectedImmediateUnitForE2e	4
registeredUnitSpellLastTargetAllyForE2e	4
removePerkProbeItems	4
replaceChaosPortalSummon	4
replaceUnitWithType	4
reportAi3v3Result	4
reservationCountAt	4
resetBuildingEnchantmentState	4
resetExecutionOrderState	4
resetLastWallProtocolState	4
resetPool	4
runCampaignSmokeE2e	4
runConstructSweepBatch	4
runUpgradeCancelProbe	4
setAiCounterWestMode	4
setBuildingLineTechAvailabilityForCurrentModes	4
setCagedLinePreset	4
setCustomPriorityInternal	4
setupDefaultRoundOrder__w3p_vmProtect	4
shouldCampaignAiSaveForUnaffordable	4
shouldClearPendingBuildOrder	4
showCampaignUI	4
showRoundEndStats	4
startExtraRoundsVote	4
statefulProbeCounter	4
stopDraftRacePoll	4
stopGobboIfBusy	4
stopManualBanPoll	4
supply	4
supplyContentWidth	4
syncPlayerState	4
syncedCompanionInvocationsForE2e	4
syncedCompanionRollsForE2e	4
timer_getData	4
timer_getElapsed	4
toggleGrid	4
trackTrainedUnitPathing	4
tupleCopy15	4
tupleCopy8	4
unitObjectMetaRowCountForTests	4
unit_getAttackCooldown	4
unit_getDiceNumber	4
unit_getDiceSides	4
unit_getLevel	4
unit_getMaxMana	4
unit_getStoredIndex	4
unit_getUnitAcquireRange	4
unit_setSyncTarget	4
updateStatsOnBuild	4
vec2_getTile	4
vec2_toVec3	4
AbilityLevelFields_AbilityLevelFields_applyTo	3
AiBuildablesState_AiBuildablesState_add	3
AiBuildablesState_AiBuildablesState_ensure	3
AiExecutor_AiExecutor_clearInactiveConstruction	3
AiExecutor_AiExecutor_decideNextBuilding	3
AiExecutor_AiExecutor_getPendingBuildOrderId	3
AiExecutor_AiExecutor_intAbs	3
AiExecutor_AiExecutor_isNextWantedInCage	3
AiExecutor_AiExecutor_isPendingBuildOrderStale	3
AiExecutor_AiExecutor_maybeDebugPendingBuildOrder	3
AiExecutor_AiExecutor_moveOrBlinkTo	3
AiExecutor_AiExecutor_nextPowerPlant434Spot	3
AiExecutor_AiExecutor_refreshPlayerContext	3
AiExecutor_AiExecutor_replaceNextDecision	3
AiExecutor_AiExecutor_shouldLetStrategicAuraUseGold	3
AiExecutor_AiExecutor_teamHasPowerPlantAccess	3
AiExecutor_AiExecutor_wouldCreateUnwantedCage	3
AiExecutor_destroyAiExecutor	3
AirVsAAAspect_AirVsAAAspect_computeScoreInternal	3
ArrayList_ArrayList_addAll	3
ArrayList_ArrayList_freeStorage	3
ArrayList_ArrayList_regrow	3
ArrayList_ArrayList_tryReuseFreeSection	3
ArrayList_compactFreeList	3
BlzConvertColor	3
BlzSendSyncData	3
BlzSetAbilityTooltip	3
BotCard_BotCard_clickForE2e	3
BotCard_BotCard_setBot	3
BuildScanIterator_BuildScanIterator_resetCycle	3
BuildScanIterator_new_BuildScanIterator	3
BuildingSlot_BuildingSlot_formatTagBadge	3
BuildingSlot_BuildingSlot_hideAllGlobally	3
BuildingSlot_BuildingSlot_setChoice	3
BuiltBuildingsSnapshot_BuiltBuildingsSnapshot_ownedCount	3
BuiltBuildingsSnapshot_BuiltBuildingsSnapshot_readyCount	3
CFBuilding_CFBuilding_aiTowerStrength	3
CFBuilding_CFBuilding_areaSpell	3
CFBuilding_CFBuilding_ehp	3
CFBuilding_CFBuilding_getExtraTags	3
CFBuilding_CFBuilding_getOverrideTags	3
CFBuilding_CFBuilding_getTags	3
CFBuilding_CFBuilding_hasExtraTag	3
CFBuilding_CFBuilding_hasOverrideTag	3
CFBuilding_CFBuilding_hasOverrideTags	3
CFBuilding_CFBuilding_isNAOnly	3
CFBuilding_CFBuilding_providesActiveTargetedSpellShield	3
CFBuilding_CFBuilding_refreshIncome	3
CFBuilding_CFBuilding_setup	3
CFBuilding_bucketFor	3
CFItem_new_CFItem	3
CFTag_toString	3
CampaignMissionControls_CampaignMissionControls_hide	3
CampaignMissionControls_CampaignMissionControls_show	3
CampaignMissionInfoOverlay_CampaignMissionInfoOverlay_hide	3
CampaignMissionInfoOverlay_new_CampaignMissionInfoOverlay	3
CampaignMissionRecordRow_CampaignMissionRecordRow_setTeamIcon	3
CampaignMissionRecordRow_CampaignMissionRecordRow_update	3
CampaignMission_CampaignMission_getRecordBestTimeSeconds	3
CampaignSaveData_CampaignSaveData_hasValidSaveSignature	3
CampaignSaveData_CampaignSaveData_reconcilePointsFromMissionProgress	3
CampaignSaveData_new_CampaignSaveData	3
CampaignSmokeFixture_CampaignSmokeFixture_addRaceId	3
CampaignSmokeFixture_new_CampaignSmokeFixture	3
CampaignTeamDraftModel_CampaignTeamDraftModel_canAddBot	3
CampaignTeamDraftModel_CampaignTeamDraftModel_canAddSupply	3
CampaignTeamDraftModel_CampaignTeamDraftModel_findFirstAvailablePlayerAssignedSlot	3
CampaignTeamDraftModel_CampaignTeamDraftModel_getCheapestUnselectedBotCost	3
CampaignUI_CampaignUI_applyPickerAvailability	3
CampaignUI_CampaignUI_close	3
CampaignUI_CampaignUI_findChapterForMission	3
CampaignUI_CampaignUI_getPartyPlayer	3
CampaignUI_CampaignUI_getRacePicker	3
CampaignUI_CampaignUI_notHost	3
CampaignUI_CampaignUI_renderAvailableBotCards	3
CampaignUI_CampaignUI_showForParty	3
CampaignUI_CampaignUI_showTeamScreen	3
CampaignUI_CampaignUI_syncAvailableSlider	3
CampaignUI_new_CampaignUI	3
Cell_Cell_inspectText	3
Cell_Cell_invalidate	3
ChunkedString_ChunkedString_readChunk	3
CinematicFadeBJ	3
ClearSelection	3
DamageEvent_repairCursors	3
Divine	3
DraftController_DraftController_finalizeDraft	3
DraftController_DraftController_getCurrentPackCount	3
DraftController_DraftController_getPackCount	3
DraftController_DraftController_getRoundLabel	3
DraftController_DraftController_startWithWarmup	3
DraftEventBus_fireWarmupEnd	3
DraftPack_new_DraftPack	3
DraftPerk_DraftPerk_cleanupFor	3
DraftUIScreen_DraftUIScreen_addRoundBadge	3
DraftUIScreen_DraftUIScreen_hideWarmup	3
DraftUIScreen_DraftUIScreen_reset	3
DraftUIScreen_DraftUIScreen_resetWarmupPlayers	3
DraftUIScreen_DraftUIScreen_showRoundStrip	3
DraftUIScreen_DraftUIScreen_updatePlayerPick	3
DraftUIScreen_DraftUIScreen_updateRoundStrip	3
DraftWindow_DraftWindow_rebuildSlotRowLayout	3
DummyCaster_DummyCaster_castTarget	3
DummyCaster_DummyCaster_delay	3
DummyCaster_DummyCaster_origin	3
DummyCaster_DummyCaster_owner	3
DummyRecycler_recycle	3
Eraser	3
EventData_getSpellTargetPos	3
EventListener_destroyEventListener	3
FSM_FSM_setInitialState	3
File_File_read	3
File_File_readAsString	3
File_File_write	3
File_File_write1	3
File_destroyFile	3
File_validateInput	3
ForceColumn_ForceColumn_render	3
ForceColumn_new_ForceColumn	3
GetBuyingUnit	3
GetConstructedStructure	3
GetEventPlayerChatString	3
GetHandleId	3
GetOrderTargetUnit	3
GetSoldItem	3
GetSummoningUnit	3
HashList_HashList_clear	3
I2R	3
IMaxBJ	3
InfoData_new_InfoData	3
InfoWindow_InfoWindow_formatTagSummary	3
InfoWindow_InfoWindow_getSummaryTagByIndex	3
InfoWindow_InfoWindow_getSummaryTagCount	3
InfoWindow_InfoWindow_hide	3
InfoWindow_InfoWindow_refreshTagSummary	3
InfoWindow_InfoWindow_reset	3
InfoWindow_InfoWindow_setTimer	3
IterableMap_IterableMap_hasKey	3
LD	3
LLEntry_new_LLEntry	3
LLIterator_destroyLLIterator	3
LayoutReport_LayoutReport_reportRowOverflow	3
LayoutReport_LayoutReport_reportZeroSize	3
LinkedList_LinkedList_getDummy	3
LinkedList_LinkedList_getRandomElement	3
LinkedList_joinBy	3
Location	3
Magic	3
MissionProgressData_MissionProgressData_hasDetailedRecordData	3
MissionTile_MissionTile_setMission	3
ModeParser_formatSelectedModePreview	3
ModeParser_initialize__w3p_vmProtect	3
ModeParser_parseSingleMode__w3p_vmProtect	3
NoOpState_enter	3
Normal	3
Observer_Observer_disposeInternal	3
Observer_Observer_isDisposed	3
Observer_Observer_markQueued	3
Observer_Observer_runTracked	3
Observer_Observer_trackSource	3
PatternSeekerCaged_destroyPatternSeekerCaged	3
PatternSeekerCaged_next	3
PatternSeeker_PatternSeeker_nextFrom	3
PatternSeeker_PatternSeeker_setRejector	3
Pierce	3
PlayerDraftState_PlayerDraftState_resetRound	3
QN	3
R2S	3
ReactivePlayerMultiboard_ReactivePlayerMultiboard_addLocalResourceRow	3
ReactivePlayerMultiboard_ReactivePlayerMultiboard_rebuildLocalResourceRows	3
Reference_Reference_into	3
RoundPlayerStats_RoundPlayerStats_clear	3
Row_Row_hasGrowY	3
Row_destroyRow	3
Serializable_Serializable_deserialize	3
Serializable_Serializable_padHash	3
Serializable_Serializable_serialize	3
SoundDefinition_SoundDefinition_getSound1	3
SoundDefinition_SoundDefinition_playSound	3
SquareRoot	3
StarObjectiveRows_StarObjectiveRows_build	3
StarObjectiveRows_StarObjectiveRows_setActiveMissionStatus	3
StarObjectiveRows_new_StarObjectiveRows	3
StartResourceMode_StartResourceMode_isValidChoice	3
StartResourceMode_StartResourceMode_minForChoice	3
SyncData_destroySyncData	3
TableLayout_TableLayout_columnSlotWidth	3
TableLayout_TableLayout_gridTotalWidth	3
TableLayout_TableLayout_padLeft	3
TableLayout_TableLayout_recomputeColumns	3
Table_Table_loadInt	3
Table_Table_saveString	3
TaskQueue_TaskQueue_add	3
TaskQueue_TaskQueue_executeTasks	3
TeamState_TeamState_resetRoundStats	3
TeamVote_TeamVote_addVote	3
TeamVote_TeamVote_checkForfeit	3
TeamVote_TeamVote_startVote	3
TeammateGrid_TeammateGrid_hide	3
TeammateGrid_new_TeammateGrid	3
UIBar_UIBar_applyValue	3
UICheckbox_UICheckbox_addListener	3
UICheckbox_UICheckbox_setup	3
UIInteractionDirective_UIInteractionDirective_withSelection	3
UIModalBackdrop_UIModalBackdrop_createDimStrip	3
UIModalBackdrop_UIModalBackdrop_onClick	3
UIModalBackdrop_UIModalBackdrop_show	3
UIModalBackdrop_new_UIModalBackdrop	3
UITabs_UITabs_addTab	3
UITabs_UITabs_showTab	3
UnitStat_UnitStat_hasAttack2Override	3
_D	3
__wurst_EnumItemsInRect	3
__wurst_LoadDestructableHandle	3
__wurst_LoadEffectHandle	3
__wurst_LoadUnitHandle	3
__wurst_init_bootstrap	3
__wurst_safe_BlzEndUnitAbilityCooldown	3
__wurst_safe_BlzFrameSetMinMaxValue	3
__wurst_safe_BlzFrameSetStepSize	3
__wurst_safe_BlzGetUnitAbilityCooldownRemaining	3
__wurst_safe_BlzGroupGetSize	3
__wurst_safe_BlzIsUnitInvulnerable	3
__wurst_safe_BlzPlaySpecialEffect	3
__wurst_safe_BlzSetEventAttackType	3
__wurst_safe_BlzSetEventDamageType	3
__wurst_safe_BlzSetEventWeaponType	3
__wurst_safe_BlzSetSpecialEffectAlpha	3
__wurst_safe_BlzSetSpecialEffectZ	3
__wurst_safe_BlzSetUnitFacingEx	3
__wurst_safe_BlzSetUnitIntegerField	3
__wurst_safe_BlzSetUnitMaxMana	3
__wurst_safe_BlzSetUnitRealField	3
__wurst_safe_CountUnitsInGroup	3
__wurst_safe_DestroyLightning	3
__wurst_safe_FlushStoredInteger	3
__wurst_safe_GetDestructableX	3
__wurst_safe_GetDestructableY	3
__wurst_safe_GetItemName	3
__wurst_safe_GetPlayerColor	3
__wurst_safe_GetPlayerState	3
__wurst_safe_GetUnitFacing	3
__wurst_safe_IsPlayerAlly	3
__wurst_safe_IsTerrainPathable	3
__wurst_safe_IsUnitSelected	3
__wurst_safe_MultiboardMinimize	3
__wurst_safe_MultiboardSetRowCount	3
__wurst_safe_PauseUnit	3
__wurst_safe_RemovePlayer	3
__wurst_safe_RemovePlayerPreserveUnitsBJ	3
__wurst_safe_ReplaceUnitBJ	3
__wurst_safe_SelectUnit	3
__wurst_safe_SetPlayerFlagBJ	3
__wurst_safe_SetSoundChannel	3
__wurst_safe_SetSoundPitch	3
__wurst_safe_SetSoundVolume	3
__wurst_safe_SetUnitAcquireRange	3
__wurst_safe_SetUnitExploded	3
__wurst_safe_SetUnitScale	3
__wurst_safe_ShowTextTagForceBJ	3
__wurst_safe_SyncStoredInteger	3
__wurst_safe_TriggerClearConditions	3
__wurst_safe_UnitAddAbility	3
__wurst_safe_UnitAddItemById	3
__wurst_safe_UnitMakeAbilityPermanent	3
__wurst_safe_UnitRemoveBuffs	3
activateFeatheredFriendFor	3
addDiverseSmokeBots	3
addPerkReminderToBuilder	3
adjustPlacementReservationForSide	3
adjustPlayerAaWorth	3
advanceAiPreset	3
advanceDraftRaceSelection	3
advanceManualRaceBan	3
aiInfoMatchesChosenDecision	3
aiUnitValue	3
announceBounty	3
announceItemUse	3
appliedMoveSpeedForUnit	3
applyArcaneOverchargeSpecialPenalty	3
applyBulwarkMarchTo	3
applyCampaignBotNames	3
applyCampaignProfileToMissions__w3p_vmProtect	3
applyCampaignSupplyEffectsWhenReady	3
applyCandidateCompositionStats	3
applyFeatheredFriendDamageScaling	3
applyFillMode	3
applyLonglineFormationTo	3
applyPerkById	3
applyRampantGrowthTo	3
applyRoundLimit	3
areAllYTiersDisabledForE2e	3
assertBotAiRuntime	3
assertBotSlot	3
assertTrue	3
attachedEffectCountForE2e	3
attachedEffectListCountForE2e	3
attackIndexToAttackType	3
awaitConstructSweepBatch	3
awaitConstructed	3
awaitShrineEffects	3
awaitShrineProbeBuild	3
awaitStatefulConstructed	3
awaitUpgraded	3
beginSweepPowerPlant	3
botCardIconSize	3
botCostRaceWidth	3
botListHasSkillRange	3
boxedTooltip	3
build	3
buildSmokeFixture1	3
buildingDebugName	3
buildingExploitabilityScore	3
campaignCagePatternChanceForSkill	3
campaignSaveCipher	3
campaignSaveCipherShift	3
canActAsStrategicAuraBuyer	3
canAffordCampaignDraftPurchase	3
canApplyRaceBanMode	3
cancelProbeEdgeOf	3
card6	3
catalogBuildingIncome	3
catalogBuildingIncomeDelta	3
ceremonialPick	3
char1	3
charOrder	3
cheapHash	3
checkConcreteWeaponStats	3
checkModeRoundStart	3
checkQueue	3
chooseFallbackRaceForPlayer	3
cleanupBuildingCatalogOwnedUnitsOfType	3
cleanupPerkRuntimeFor	3
cleanupSequentialBuildingSpellProbe	3
cleanupSequentialUnitSpellProbe	3
cleanupSweep	3
cleanupUpgradeProbe	3
clearAllAiPresetBuildOrders	3
clearAttachedEffectsByIndex	3
clearCustomPriority	3
clearDevPlacedBuildings	3
clearPendingCampaignMissionStart	3
clearPendingVote	3
clearPriorityInternal	3
clearStartupPlayableReveal	3
clickCampaignAvailableBotForE2e	3
closeSourceNoticeDialogs	3
collectCampaignAiPlayers	3
color_toColorString	3
completeCampaignMission__w3p_vmProtect	3
computeCampaignSaveEnvelopeMac__w3p_vmProtect	3
computeLegendaryInvestmentValue	3
computeRescueStrikesForTeam	3
computeScoreBreakdown1	3
computeStrategicDominance	3
computeTeamIncome	3
computeUpgradeBaseScoreWithReadyPrecursorCount	3
computeUpgradeCompletionScoreWithReadyPrecursorCount	3
condition6	3
continueRoundStartAfterBans	3
copyPlayerList	3
countBuildingCatalogOwnedUnitsOfType	3
countCampaignHumanPlayers	3
countCampaignStars	3
countPlayingPlayersInForce	3
countReadyUpgradeableLineCopies	3
countRemainingPlayingTeamMembers	3
countRescueStrikeHitsAt	3
countTeamBoughtStrategicAuras	3
counter	3
create100	3
create1000	3
create1097	3
create141	3
create145	3
create146	3
create147	3
create148	3
create156	3
create17	3
create173	3
create199	3
create297	3
create31	3
create36	3
create360	3
create5	3
create689	3
create858	3
create997	3
createAttachedBuildingEffect	3
createDummy	3
createEnchantmentEffect	3
createWatermark__w3p_vmProtect	3
decisionKeyForDebugCandidate	3
decoratedFrame	3
desiredSpellBuildingManaDelta	3
destroyAttachedEffectsListByIndex	3
destructable_getTypeId	3
devPlacedBuildingsForPlayer	3
distance2d	3
draftDebugPair	3
dummyCarrierCastImmediate	3
eleBucketOf	3
elementalImprovementIndex	3
ellipsizeLines	3
elvenShrineEffectiveReviveChance	3
enableAiForLeaverIfNeeded	3
enforceRoundUnitLimit	3
ensureCampaignContent__w3p_vmProtect	3
ensureDebugInfoVisible	3
ensureFeatheredFriendBird	3
ensureProductionBuilderAbility	3
ensureSpellBuilderAbility	3
eventid_isMouseEvent	3
eventid_toIntId	3
execute	3
expectedActionJitter	3
expectedCagePatternChance	3
expectedFallbackPatternSkip	3
expectedPonderDelay	3
expectedQuickBuildDelay	3
failSharedAi3v3E2e	3
feralRage	3
findCheatInText	3
finishCampaignUiE2e	3
finishStatefulAcquireProbe	3
fireEvents	3
firstCampaignMission	3
firstPlayerInForce	3
fitCampaignTextAfterPrefix	3
fixtureHasSkillRange	3
fnv1a32Hex	3
force_getRandomPlayer	3
formatCampaignEnemyStrength	3
formatPriorityDuration	3
formatRescueText	3
formatStatAmount	3
formatSurvivalTime	3
framehandle_getChildrenCount	3
framehandle_withTooltip	3
friendlyBotById	3
frostLauncherSpell	3
getActiveStrategicAuraSaverForTeam	3
getAiInfoDisplayScratchList	3
getAiInfoScoreText	3
getBoardRoundTimeSeconds	3
getBuildingObjectMeta	3
getCFItemById	3
getCampaignAiBaseSpamPenaltyMultiplier	3
getCampaignAiBaseSpeed	3
getCampaignAiLegendaryWeight	3
getCampaignChapterAvailableStars	3
getCampaignChapterEarnedStars	3
getCampaignChapterForMission	3
getCampaignEnemyRescueStrikeCount	3
getCampaignEnemyStrengthName	3
getCampaignEnemyTowerPositionForSide	3
getCampaignPartyPlayerAt	3
getCampaignPreplacedTowerOwner	3
getCampaignPreplacedTowerOwnerOrdinal	3
getCampaignSecondStarObjectiveText	3
getCampaignStarChallengeText	3
getCampaignThirdStarObjectiveText	3
getCommittedLegendaryUnitRushRootId	3
getCompositionAspects	3
getDecisionKey1	3
getDecisionPlacementKey1	3
getDesignatedStrategicItemBuyerForTeam	3
getEngagementAxisPos	3
getEngagementDominance	3
getFrame	3
getGobboTimedLifeIndex	3
getLocalPlayerBoard	3
getMatchWinnerResultCode	3
getPendingStrategicAuraItemForTeam	3
getRecentBuildSlot	3
getSpellDebugFailureCount	3
getSpellDebugLastFailure	3
getSpentLumber	3
getStrategicAuraImmediateGoldBuffer	3
getTeamChatAis	3
getTeamIndex	3
getTimedIncomeFactor	3
getTotalGoldEarned	3
getUnitStat	3
giveCampaignSupplyItemToBuilder	3
giveTinyOutpostItemToBuilder	3
h11	3
handlePlayerLeave	3
handleSync	3
hasAppliedPerk	3
hasEnoughGoldForStrategicItem	3
hasShield	3
heroicShrineSpawnerCountForE2e	3
hex16	3
hidePlayerBoard	3
holyPick	3
hotkeyToTier	3
hr	3
image_hideForPlayer	3
image_showForPlayer	3
img6	3
imgBtn	3
imgBtn2	3
imgframe	3
initReactiveMultiboards	3
initiateForfeitVote	3
isAttachableBuilding	3
isCageProbeOpenAtCenter	3
isCagedPlacementAt	3
isCampaignChapterShipUnlocked	3
isCampaignRaceUnlocked	3
isChallengeBoundPlayer	3
isCloaked	3
isElectedResponder	3
isGobboRallyTarget	3
isInstanceOf	3
isLiveStructureHandle	3
isLumberOverflowSpecialTarget	3
isNotBanished	3
isPlacementBlockedForSideWithReservationAllowance	3
isPlacementKernelIndex	3
isPlayerInTeam	3
isPlayerRepresentedOnTeam	3
isRangedGroundCombatUnit	3
isRsDisable	3
isRsEnable	3
isSpellSource	3
isStrategicAuraEconomyDue	3
isSyncCandidate	3
isVesselCorpse	3
issueAssassinTargetOrder	3
issueCodeTowardsOwnCastle	3
item_getAbilityByIndex	3
item_getCharges	3
item_getName	3
killEasternCastleForModeRound	3
killEleBuildingAndCheck	3
launchCampaignMission__w3p_vmProtect	3
ledgerCoord	3
legacyRoundTimerSeconds	3
lifecycleTransferRecipient	3
limit	3
lineRootForTier	3
linkerTagText	3
linkerTextTagCountForE2e	3
logRescueStrikeUse	3
logTimelineSnapshot	3
makeLayer	3
makePerkPack	3
makeProfiledDecision	3
markStrategicItemBoughtForTeam	3
minutesTextFromSeconds	3
modeRuntimeFail	3
normalizeMeleeCageWallDecision	3
normalizedUnitLifeFraction	3
noteBuildingSpellEffectForE2e	3
noteLedgerHint__w3p_vmProtect	3
notifyEnemyRescueStrikeUsed	3
nukeMap	3
onAgreeExtraRound	3
onBuildingCommitted	3
onBuildingFinished	3
orderAssassinW	3
orderGoboW	3
passesRetryTargetGate	3
player_assignAiCallName	3
player_displayAiChatToLocalTeamMember	3
player_printLocal	3
player_setUserControl	3
pollUpgradeIncomeCheck	3
postMatchReviewDelay	3
powerPlantSlotPos	3
powerPlantSweepAttacks	3
pp434CenterColumnOffsetY	3
prepareAspects	3
presetAuraDue	3
presetNextBuildingId	3
presetNextInCage	3
printIncomeSyncDebug	3
probeVisitedStampAt	3
protectedAbilityFieldAbilityIdAt	3
protectedAbilityFieldCooldownAt	3
protectedAbilityFieldLevelIndexAt	3
protectedAbilityFieldManaAt	3
protectedAbilityFieldRowCount	3
publishCampaignAvailablePoints	3
publishRescueStrikeEvents	3
publishRoundBoardSignalsFromGame	3
raceChooserAbilityIdAt	3
raiseFromCorpse	3
randomForTier	3
recordMatchResultNow	3
recordPlayerAction	3
recountEleBuildings	3
rectMinX	3
rectMinY	3
rect_contains	3
refreshAllPlayerDisplayNames	3
refreshAttachedMultiboardLayout	3
refreshLastWallArmor	3
refreshPlayerDisplayName	3
registeredBuildingSpellAbilityForE2e	3
registeredBuildingSpellLastTargetTypeForE2e	3
registeredBuildingSpellUnitTypeForE2e	3
registeredUnitSpellAbilityForE2e	3
registeredUnitSpellEventHitsForE2e	3
registeredUnitSpellLastTargetGroundForE2e	3
registeredUnitSpellLastTargetSapperForE2e	3
registeredUnitSpellLastTargetStructureForE2e	3
registeredUnitSpellLastTargetTypeForE2e	3
registeredUnitSpellOrderForE2e	3
registeredUnitSpellTargetModeForE2e	3
registeredUnitSpellUnitTypeForE2e	3
releaseInvocationsForE2e	3
rememberLaneRouteFromBuilding	3
rememberRaceBan__w3p_vmProtect	3
removeLastWallArmorAbilities	3
renderRoundPhaseLine	3
renderRoundStatsBoard	3
replacePerkProbeBuilder	3
replayLastCampaignMission__w3p_vmProtect	3
requiredCount	3
resetBuildingLifecycleForPlayer	3
resetRaceBanModes__w3p_vmProtect	3
resetSapperDamageTrigger	3
resetSilverGladeCounterForTeam	3
resetSpellDebugFailures	3
resetSyncStateByUnitIndex	3
respondPriorityApplied	3
respondPriorityRefused	3
respondToChat	3
respondUnavailableBuilding	3
restartCampaignAiSlots	3
resyncAiControlledBuildings	3
reviewMapLabel__w3p_vmProtect	3
roundStartGoldFor	3
roundTimeStr	3
roundTimerDetails	3
rowsNeededFor	3
runBlastStaffPhoenixFireBehaviorProbe	3
runCampaignChapterTwoSmokeE2e	3
runCampaignRetrySmokeE2e	3
runConstructSweep	3
runE2eSuiteByName	3
runLifecycleProbe	3
runOrbOfLightningBehaviorProbe	3
runPerkAbilityProbes	3
runRestoredAttackBehaviorProbe	3
runSequentialPointItemProbe	3
runtimeCurrentObserver	3
runtimeFlush	3
saveCampaignProfile__w3p_vmProtect	3
scaleUnitBaseDamage	3
scaleUnitMaxHp	3
scheduleWatermarkReview__w3p_vmProtect	3
scoreBuildableName	3
secondsBetweenNowAnd	3
setCageProbeCache	3
setGobboSpawner	3
setIncomeDebug	3
setMatchWinnerTeamIndex	3
setPlayerRescueStrike	3
setPresetAuraBuy	3
setRsNonCastleDisabled	3
setScrimVisibleFor	3
setSpellDebug	3
setupFireSummon	3
shouldAcceptPriorityRequest	3
shouldApplyGobboTimedLife	3
shouldBlockBaseWhileLineUpgradeReadyForPlayer	3
shouldBlockLateLegendaryUnit	3
shouldCampaignAiUseBlink	3
shouldPursueStrategicAuraGoalWithReliability	3
shouldShowPsa	3
shouldSync	3
shouldUseEnemyRsDepletedMessageForCount	3
shouldUseIncomeHeuristic	3
showCampaignMissionControlsForParty	3
showMatchResultDialogs	3
showRoundStatsBoardFor	3
snap20	3
solveGrow	3
spawnSnowMissileFanStep	3
spellSandCloud	3
stageCampaignResourceSupplyFor	3
stanceAbilityFor	3
starBansRace	3
starTracksFastWin	3
startAiForForceByPid	3
startBearHibernate	3
startLifecycleUpgrade	3
startObeliskOfLight	3
startRescueStrikeCooldown	3
startTrainedUnitPathingTracker	3
stopAi3v3SnapshotTimer	3
stopIdleDetection	3
stopObeliskOfLight	3
stopPickRacePoll	3
string_endsWith	3
string_indexOf1	3
string_isMultibytePartial	3
string_isWhitespace	3
string_toUpperCase	3
sumArmorWorths	3
sumAttackWorths	3
sweepCandidate	3
syncBuilding	3
syncDraftPlayerFromForce	3
syncDraftPlayersFromForces	3
syncFinishedBuildingIncome	3
taxedIncomeForPlayer	3
textFits	3
tileR	3
tile_isInSnowveilExplosionArea	3
time5	3
timer_doAfter	3
toggleIncomeDebug	3
toggleSpellDebug	3
totalRaceBanCount	3
trackLastWallUnit	3
trainProgressIndex	3
transferLifecycleElement	3
tupleCopy12	3
tupleCopy18	3
tupleCopy20	3
tupleCopy7	3
unitStatSourceRowCountForTests	3
unit_isEnemyOf1	3
unit_isInvulnerable	3
unit_setStoredIndex	3
unit_useItemTarget	3
unregisterPowerPlant	3
updateAiInfoFrame	3
updateFeatheredFriendBirdFoodPenalty	3
upgradeCheckPosition	3
varietyStageFactor	3
vec2_dot	3
vec2_isPlaceable	3
vec3_inBounds	3
voteForDraw	3
voteForNuke	3
wA	3
warnPlayer	3
widget_getPos	3
zA	3
ALItrClosure_destroyALItrClosure	2
AddLightning	2
AiBuildablesState_AiBuildablesState_clear	2
AiBuildablesState_new_AiBuildablesState	2
AiChatState_new_AiChatState	2
AiDecision_new_AiDecision	2
AiExecutor_AiExecutor_announcePP434	2
AiExecutor_AiExecutor_applyRegularSpotOffset	2
AiExecutor_AiExecutor_buildingsForPlayerId	2
AiExecutor_AiExecutor_consumeActionDelay	2
AiExecutor_AiExecutor_getProductionBuildingCount	2
AiExecutor_AiExecutor_hasDecisionBoardChanged	2
AiExecutor_AiExecutor_hasReadyPowerPlant434Center	2
AiExecutor_AiExecutor_hasRuntimeProgress	2
AiExecutor_AiExecutor_hasStrategicAuraProductionFoundation	2
AiExecutor_AiExecutor_initializeBuildMovement	2
AiExecutor_AiExecutor_isBehindCastlePatternExhausted	2
AiExecutor_AiExecutor_isBehindCastlePatternExhaustedCached	2
AiExecutor_AiExecutor_isNextWantedAffordableNow	2
AiExecutor_AiExecutor_isPowerPlant434ReservedSpot	2
AiExecutor_AiExecutor_isSavingForPresetStrategicItem	2
AiExecutor_AiExecutor_isSavingForStrategicItem	2
AiExecutor_AiExecutor_nextRegularFallbackSpot	2
AiExecutor_AiExecutor_nextWantedIsOnlySavingGold	2
AiExecutor_AiExecutor_onConstructOrUpgrade	2
AiExecutor_AiExecutor_onConstructionCancelled	2
AiExecutor_AiExecutor_onDestroy	2
AiExecutor_AiExecutor_onTrackedStructureDeath	2
AiExecutor_AiExecutor_onUpgradeReadinessChanged	2
AiExecutor_AiExecutor_refreshCandidatePlacementFlags	2
AiExecutor_AiExecutor_reservePendingBuildTarget	2
AiExecutor_AiExecutor_reset	2
AiExecutor_AiExecutor_shouldKeepSavingForCurrentDecision	2
AiExecutor_AiExecutor_shouldUseCageWallPatternForNextWanted	2
AiExecutor_AiExecutor_tryBuild	2
AiExecutor_AiExecutor_tryBuyPresetStrategicItem	2
AiExecutor_AiExecutor_tryBuyStrategicItem	2
AiExecutor_AiExecutor_tryFindBuilder	2
AiExecutor_AiExecutor_tryUpgrade	2
AiExecutor_construct_AiExecutor	2
AiExecutor_new_AiExecutor	2
AiPriorityState_new_AiPriorityState	2
AirVsAAAspect_calculateScore	2
ArmorResilienceAspect_ArmorResilienceAspect_calculateScore	2
ArrayListPredicate_destroyArrayListPredicate	2
ArrayList_ArrayList_grow	2
ArrayList_ArrayList_onDestroy	2
ArrayList_ArrayList_reserve	2
ArrayList_construct_ArrayList2	2
Atan2	2
BlzGetEventAttackType	2
BlzGetEventDamageType	2
BlzHideOriginFrames	2
BlzSetEventDamage	2
BotCard_BotCard_handleClick	2
BotCard_BotCard_setPlayerCard	2
BufferSyncListener_destroyBufferSyncListener	2
BuildAtTarget_BuildAtTarget_update	2
BuildScanIterator_BuildScanIterator_tryFrontRectsFirst	2
BuildScanIterator_construct_BuildScanIterator	2
BuildScanIterator_construct_BuildScanIterator2	2
BuildScanIterator_new_BuildScanIterator1	2
BuildingSlot_BuildingSlot_build	2
BuildingSlot_BuildingSlot_getBuildingTooltipText	2
BuildingSlot_BuildingSlot_getTagLabel	2
BuildingSlot_BuildingSlot_setHotkey	2
BuildingSlot_BuildingSlot_setPerkChoice	2
BuildingSlot_BuildingSlot_setTags	2
BuildingSlot_new_BuildingSlot	2
BuiltBuildingsSnapshot_BuiltBuildingsSnapshot_ownedLineCount	2
BuiltBuildingsSnapshot_BuiltBuildingsSnapshot_readyUpgradeableCount	2
BuiltBuildingsSnapshot_BuiltBuildingsSnapshot_readyUpgradeableLineCount	2
BuiltBuildingsSnapshot_construct_BuiltBuildingsSnapshot	2
CFBuilding_CFBuilding_addExtraTag	2
CFBuilding_CFBuilding_addOverrideTag	2
CFBuilding_CFBuilding_combatPowerFactor	2
CFBuilding_CFBuilding_combatPowerPerCycle	2
CFBuilding_CFBuilding_ignoresActiveTargetedSpellShield	2
CFBuilding_CFBuilding_isUltimateOnly	2
CFBuilding_CFBuilding_overrideTags	2
CFBuilding_CFBuilding_ownIncomeContribution	2
CFBuilding_CFBuilding_upgrade	2
CFRace_CFRace_markCampaignOnly	2
CallbackPeriodic_CallbackPeriodic_start	2
CallbackPeriodic_staticCallback	2
CallbackSingle_CallbackSingle_start	2
CampaignBot_CampaignBot_getBuildingPreference	2
CampaignBuildingPreference_new_CampaignBuildingPreference	2
CampaignMissionControls_CampaignMissionControls_confirmQuit	2
CampaignMissionControls_CampaignMissionControls_createFrames	2
CampaignMissionControls_CampaignMissionControls_createQuitConfirmDialog	2
CampaignMissionControls_CampaignMissionControls_setMission	2
CampaignMissionControls_CampaignMissionControls_showConfirm	2
CampaignMissionControls_construct_CampaignMissionControls	2
CampaignMissionControls_new_CampaignMissionControls	2
CampaignMissionInfoOverlay_CampaignMissionInfoOverlay_createFrames	2
CampaignMissionInfoOverlay_CampaignMissionInfoOverlay_show	2
CampaignMissionInfoOverlay_CampaignMissionInfoOverlay_showFor	2
CampaignMissionInfoOverlay_CampaignMissionInfoOverlay_toggle	2
CampaignMissionRecordRow_CampaignMissionRecordRow_build	2
CampaignMissionRecordRow_CampaignMissionRecordRow_setSupplyIcon	2
CampaignMissionRecordRow_new_CampaignMissionRecordRow	2
CampaignMission_CampaignMission_getRecordRaceIds	2
CampaignMission_CampaignMission_getRecordRecruitIds	2
CampaignMission_CampaignMission_getRecordStarBudget	2
CampaignMission_CampaignMission_getRecordSupplyIds	2
CampaignMission_CampaignMission_getRecordSupplyPartySlots	2
CampaignSaveData_CampaignSaveData_addMissionList	2
CampaignSaveData_CampaignSaveData_completeMission__w3p_vmProtect	2
CampaignSaveData_CampaignSaveData_deserializeFromCampaignSave	2
CampaignSaveData_CampaignSaveData_getMissionProgress	2
CampaignSaveData_CampaignSaveData_getMissionStarMask	2
CampaignSaveData_CampaignSaveData_getOrCreateMissionProgress	2
CampaignSaveData_CampaignSaveData_loadMissionList	2
CampaignSaveData_CampaignSaveData_resetForVersionUpgrade__w3p_vmProtect	2
CampaignSaveData_CampaignSaveData_signaturePayload	2
CampaignSmokeFixture_CampaignSmokeFixture_onDestroy	2
CampaignSmokeFixture_construct_CampaignSmokeFixture	2
CampaignStarChallenge_new_CampaignStarChallenge	2
CampaignSupply_new_CampaignSupply	2
CampaignTeamDraftModel_CampaignTeamDraftModel_addBot	2
CampaignTeamDraftModel_CampaignTeamDraftModel_arePartyPlayerRacesAssigned	2
CampaignTeamDraftModel_CampaignTeamDraftModel_areSelectedAiRacesAssigned	2
CampaignTeamDraftModel_CampaignTeamDraftModel_getSelectedSupplyPartySlot	2
CampaignTeamDraftModel_CampaignTeamDraftModel_playerSlotHasAssignedSupply	2
CampaignTeamDraftModel_CampaignTeamDraftModel_removeBot	2
CampaignTeamDraftModel_CampaignTeamDraftModel_removeBotAt	2
CampaignTeamDraftModel_CampaignTeamDraftModel_removeSelectedSupply	2
CampaignTeamDraftModel_CampaignTeamDraftModel_setRaceId	2
CampaignTeamDraftModel_CampaignTeamDraftModel_setTotalBudget	2
CampaignTeamDraftModel_CampaignTeamDraftModel_toggleBot	2
CampaignTeamDraftModel_CampaignTeamDraftModel_toggleSupply	2
CampaignTeamDraftModel_new_CampaignTeamDraftModel	2
CampaignTeamDraftState_construct_CampaignTeamDraftState	2
CampaignTeamDraftState_new_CampaignTeamDraftState	2
CampaignUI_CampaignUI_arePartyPlayerRacesAssigned	2
CampaignUI_CampaignUI_areSelectedAiRacesAssigned	2
CampaignUI_CampaignUI_canAddBot	2
CampaignUI_CampaignUI_canAddSupply	2
CampaignUI_CampaignUI_canChangeRaceSlot	2
CampaignUI_CampaignUI_clickAvailableBotForE2e	2
CampaignUI_CampaignUI_clickFirstUnlockedRaceChoiceForE2e	2
CampaignUI_CampaignUI_clickIntroCloseForE2e	2
CampaignUI_CampaignUI_clickMissionContinueForE2e	2
CampaignUI_CampaignUI_clickPlayerRaceForE2e	2
CampaignUI_CampaignUI_clickResultRetryForE2e	2
CampaignUI_CampaignUI_clickStartMissionForE2e	2
CampaignUI_CampaignUI_createChapterCompleteScreen	2
CampaignUI_CampaignUI_createChapterScreen	2
CampaignUI_CampaignUI_createIntroScreen	2
CampaignUI_CampaignUI_createMainFrame	2
CampaignUI_CampaignUI_createMissionScreen	2
CampaignUI_CampaignUI_createRaceChoiceControl	2
CampaignUI_CampaignUI_createRacePickers	2
CampaignUI_CampaignUI_createResultScreen	2
CampaignUI_CampaignUI_createSlotRacePicker	2
CampaignUI_CampaignUI_createTeamScreen	2
CampaignUI_CampaignUI_getFriendlyBotAt	2
CampaignUI_CampaignUI_getPartyPlayerSlot	2
CampaignUI_CampaignUI_getSelectedBot	2
CampaignUI_CampaignUI_refreshOpenRacePickers	2
CampaignUI_CampaignUI_renderMissionScreen	2
CampaignUI_CampaignUI_renderTeamScreen	2
CampaignUI_CampaignUI_reopen	2
CampaignUI_CampaignUI_selectedBotCountForE2e	2
CampaignUI_CampaignUI_selectedRaceIdForE2e	2
CampaignUI_CampaignUI_setSelectedRace	2
CampaignUI_CampaignUI_showCampaignIntro	2
CampaignUI_CampaignUI_showChapterCompleteScreen	2
CampaignUI_CampaignUI_showMissionSelectForMission	2
CampaignUI_CampaignUI_showResultScreen	2
CampaignUI_construct_CampaignUI	2
Cell_Cell_declaredHeight	2
Cell_Cell_layout	2
Cell_destroyCell	2
Cell_new_Cell	2
ChapterCard_ChapterCard_build	2
ChapterCard_ChapterCard_handleClick	2
ChapterCard_ChapterCard_setChapter	2
ChapterCard_new_ChapterCard	2
Cheat	2
ChoiceValueMode_execute	2
ChunkedString_ChunkedString_hasChunk	2
ChunkedString_ChunkedString_resetRead	2
ChunkedString_new_ChunkedString1	2
ChunkedString_sync	2
Comparator_compare	2
CompositionStats_CompositionStats_reset	2
Computed_Computed_recompute	2
Computed_onDependencyChanged	2
CreateRegion	2
DJ	2
DN	2
DamageCoverageAspect_DamageCoverageAspect_calculateScore	2
DamageEvent_onDamage	2
DamageEvent_onUnreducedDamage	2
DamageEvent_removeListener	2
DamageEvent_removeUnreducedListener	2
DamageInstance_DamageInstance_setReducedAmount	2
DamageInstance_destroyDamageInstance	2
DamageInstance_new_DamageInstance	2
DamageListener_destroyDamageListener	2
Dd	2
DefaultPackSupplier_getPackCount	2
DefaultPackSupplier_putBack	2
Dgk	2
DiagonalCagePattern_getLength	2
DiagonalCagePattern_getPosition	2
DraftController_DraftController_addPlayer	2
DraftController_DraftController_allPicked	2
DraftController_DraftController_areAllPlayingReady	2
DraftController_DraftController_assignPacks	2
DraftController_DraftController_autoPickAiAndAway	2
DraftController_DraftController_autoPickRemaining	2
DraftController_DraftController_beginWarmup	2
DraftController_DraftController_endRound	2
DraftController_DraftController_hasPlayer	2
DraftController_DraftController_init	2
DraftController_DraftController_installWarmupHandlersOnce	2
DraftController_DraftController_packOfferToMmdString	2
DraftController_DraftController_pickPack	2
DraftController_DraftController_requestReroll	2
DraftController_DraftController_reroll	2
DraftController_DraftController_reset	2
DraftController_DraftController_resetRound	2
DraftController_DraftController_returnUnpickedPacks	2
DraftController_DraftController_setSupplier	2
DraftController_DraftController_startCountdown	2
DraftController_DraftController_startPostDraftCountdown	2
DraftController_DraftController_unpickedPacksToMmdString	2
DraftController_new_DraftController	2
DraftEventBus_fireDraftEnd	2
DraftEventBus_firePacks	2
DraftEventBus_firePick	2
DraftEventBus_fireReroll	2
DraftEventBus_fireRoundEnd	2
DraftEventBus_fireRoundStart	2
DraftEventBus_fireStarterPick	2
DraftEventBus_fireWarmupAllReady	2
DraftEventBus_fireWarmupReady	2
DraftEventBus_fireWarmupReadyUpdate	2
DraftEventBus_fireWarmupStart	2
DraftEventBus_fireWarmupTick	2
DraftPack_construct_DraftPack	2
DraftPerk_destroyDraftPerk	2
DraftUIScreen_DraftUIScreen_buildRoundStrip	2
DraftUIScreen_DraftUIScreen_buildWarmupOverlay	2
DraftUIScreen_DraftUIScreen_close	2
DraftUIScreen_DraftUIScreen_disablePick	2
DraftUIScreen_DraftUIScreen_disableReroll	2
DraftUIScreen_DraftUIScreen_formatWarmupCountdown	2
DraftUIScreen_DraftUIScreen_hideForOwner	2
DraftUIScreen_DraftUIScreen_hideRoundStripFramesGlobally	2
DraftUIScreen_DraftUIScreen_highlightSlotsInInfoWindow	2
DraftUIScreen_DraftUIScreen_renderRoundStrip	2
DraftUIScreen_DraftUIScreen_renderWarmup	2
DraftUIScreen_DraftUIScreen_setRerollUsed	2
DraftUIScreen_DraftUIScreen_setRoundStripFramesVisible	2
DraftUIScreen_DraftUIScreen_setWarmupReady	2
DraftUIScreen_DraftUIScreen_showWarmup	2
DraftUIScreen_DraftUIScreen_updatePlayerPerk	2
DraftUIScreen_DraftUIScreen_updateWarmupTimer	2
DraftUIScreen_new_DraftUIScreen	2
DraftWindow_DraftWindow_applyPackChoices	2
DraftWindow_DraftWindow_hideFloatingContent	2
DraftWindow_DraftWindow_hideGlobally	2
DraftWindow_DraftWindow_refreshSlotVisibility	2
DraftWindow_DraftWindow_render	2
DraftWindow_DraftWindow_updateSlotWidths	2
DummyCaster_DummyCaster_finish	2
DummyCaster_DummyCaster_prepare	2
DummyCaster_DummyCaster_recycleDummy	2
DummyCaster_destroyDummyCaster	2
DummyCaster_new_DummyCaster	2
E2E_resultPayload	2
E2E_startSuite	2
EN	2
EVPacks_new_EVPacks	2
Ed	2
EventCounter_new_EventCounter	2
EventData_getAbilityTargetPos	2
EventData_getTriggerUnit	2
EventListener_EventListener_onDestroy	2
EventListener_onSpellEffect	2
FSM_FSM_onDestroy	2
FSM_FSM_setDestroyStatesOnDestroy	2
FSM_FSM_setGlobalState	2
FSM_FSM_update	2
FSM_destroyFSM	2
FSM_new_FSM	2
FileIO	2
File_File_readPreload	2
File_File_writePreload	2
FindSpot_FindSpot_update	2
FogEnable	2
ForForceCallback_destroyForForceCallback	2
ForGroupCallbackD_destroyForGroupCallbackD	2
ForGroupCallbackUntil_destroyForGroupCallbackUntil	2
ForceCallback_destroyForceCallback	2
ForceColumn_construct_ForceColumn	2
Fpk	2
GR	2
GetEventDamageSource	2
GetFoodUsed	2
GetKillingUnit	2
GetLeavingUnit	2
GetManipulatedItem	2
GetManipulatingUnit	2
GetObjectName	2
GetOrderPointX	2
GetOrderPointY	2
GetPlayerNeutralAggressive	2
GetRectCenterX	2
GetRectCenterY	2
GetSpellTargetX	2
GetSpellTargetY	2
GetTerrainType	2
GetWorldBounds	2
GjallPattern_getLength	2
GjallPattern_getPosition	2
GjallarHornDummyCaster_new_GjallarHornDummyCaster	2
GroupIterator_new_GroupIterator	2
HashList_HashList_add	2
HashList_HashList_decrOccurences	2
HashList_HashList_get	2
HashList_HashList_has	2
HashList_HashList_incrOccurences	2
HashList_HashList_remove	2
HashList_HashList_removeAt	2
HashList_HashList_size	2
HashList_destroyHashList	2
HashList_new_HashList	2
HashMap_HashMap_getAndRemove	2
HashMap_HashMap_put	2
HashMap_HashMap_remove	2
HittabilityAspect_HittabilityAspect_calculateScore	2
IMItrClosure_destroyIMItrClosure	2
IMItrClosure_forEach_DraftController_DraftData_run_forEach_DraftController_DraftData	2
IMItrClosure_forEach_DraftController_DraftData_run_forEach_DraftController_DraftData1	2
IMItrClosure_forEach_DraftController_DraftData_run_forEach_DraftController_DraftData2	2
IMItrClosure_forEach_DraftController_DraftData_run_forEach_DraftController_DraftData3	2
IMItrClosure_forEach_DraftController_DraftData_run_forEach_DraftController_DraftData4	2
IMItrClosure_forEach_DraftController_DraftData_run_forEach_DraftController_DraftData5	2
IMItrClosure_forEach_DraftController_DraftData_run_forEach_DraftController_DraftData6	2
Id	2
InfoWindow_InfoWindow_addPickIcon	2
InfoWindow_InfoWindow_buildingHasTagForSummary	2
InfoWindow_InfoWindow_countTagAcrossTeam	2
InfoWindow_InfoWindow_create	2
InfoWindow_InfoWindow_getTagColor	2
InfoWindow_InfoWindow_hideGlobally	2
InfoWindow_InfoWindow_highlightSlotsForPack	2
InfoWindow_InfoWindow_setPerkPick	2
InfoWindow_InfoWindow_setRerollUsed	2
InfoWindow_new_InfoWindow	2
InsideCagePattern_getLength	2
InsideCagePattern_getPosition	2
InstantDummyCaster_castPoint	2
InstantDummyCaster_castPoint1	2
InstantDummyCaster_prepare	2
IntegerTertiaryOp	2
Isk	2
IterableMap_IterableMap_size	2
JN	2
KN	2
LLBackIterator_LLBackIterator_hasNext	2
LLBackIterator_LLBackIterator_next	2
LLBackIterator_LLBackIterator_reset	2
LLBackIterator_destroyLLBackIterator	2
LLBackIterator_new_LLBackIterator	2
LLIterator_LLIterator_reset	2
LLIterator_new_LLIterator	2
LLItrClosure_destroyLLItrClosure	2
LayoutReport_LayoutReport_reportTextOverflow	2
LayoutReport_LayoutReport_reportVerticalOverflow	2
LayoutReport_destroyLayoutReport	2
LayoutReport_new_LayoutReport	2
LinkedListPredicate_destroyLinkedListPredicate	2
LinkedListPredicate_filter_joinBy_DisplayTimedTextToPlayer_addCommand_WurstCommand_isTrueFor_filter_joinBy_DisplayTimedTextToPlayer_addCommand_WurstCommand	2
LinkedList_LinkedList_backiterator	2
LinkedList_LinkedList_filter	2
LinkedList_LinkedList_getEntryUnchecked	2
LinkedList_LinkedList_map	2
LinkedList_LinkedList_onDestroy	2
LinkedList_LinkedList_pop	2
LinkedList_LinkedList_sortMerge	2
LinkedList_LinkedList_split	2
Loglevel_getTag	2
MapClosure_destroyMapClosure	2
MapClosure_map_filter_joinBy_DisplayTimedTextToPlayer_addCommand_WurstCommand_run_map_filter_joinBy_DisplayTimedTextToPlayer_addCommand_WurstCommand	2
MeleeRangedBalanceAspect_MeleeRangedBalanceAspect_calculateScore	2
MeleeRangedBalanceAspect_MeleeRangedBalanceAspect_computeScoreInternal	2
Metric_new_Metric	2
MissionProgressData_MissionProgressData_applyToMission	2
MissionProgressData_MissionProgressData_getRecordBestTimeSeconds	2
MissionProgressData_MissionProgressData_setRecordBestTimeSeconds	2
MissionProgressData_MissionProgressData_setRecordDraftSnapshot	2
MissionProgressData_new_MissionProgressData	2
MissionProgressData_new_MissionProgressData1	2
MissionTile_MissionTile_build	2
MissionTile_MissionTile_handleClick	2
MissionTile_new_MissionTile	2
ModeParser_announceSelectedModePreviewToAll	2
ModeParser_cancelModeSelectionTimer	2
ModeParser_generateCurrentModeString	2
ModeParser_generateModeString	2
ModeParser_isModeResetCommand__w3p_vmProtect	2
ModeParser_isModeSelectionPromptActive	2
ModeParser_modeValueHint	2
ModeParser_parseModeAppend__w3p_vmProtect	2
ModeParser_parseMode__w3p_vmProtect	2
ModeParser_partsContainUltimateDraftIncompatibleMode	2
ModeParser_partsContainUltimateDraftMode	2
NoOpState_update	2
Observer_Observer_destroySources	2
Observer_Observer_schedule	2
Od	2
OnCastListener_OnCastListener_onDestroy	2
OnCastListener_destroyOnCastListener	2
PackSupplier_PackSupplier_makePair	2
PatternSeekerCaged_PatternSeekerCaged_next	2
PatternSeekerCaged_new_PatternSeekerCaged	2
PatternSeeker_PatternSeeker_checkExhausted	2
PatternSeeker_PatternSeeker_checkExhaustedAvoiding	2
PatternSeeker_PatternSeeker_checkExhaustedAvoidingCached	2
PatternSeeker_PatternSeeker_checkExhaustedPairCached	2
PatternSeeker_PatternSeeker_matchesAny	2
PerkIndexHandler_destroyPerkIndexHandler	2
PlayerCard_PlayerCard_hide	2
PlayerCard_PlayerCard_render	2
PlayerCard_construct_PlayerCard	2
PlayerCard_new_PlayerCard	2
PlayerDraftState_PlayerDraftState_pick	2
PlayerDraftState_PlayerDraftState_useReroll	2
PlayerDraftState_new_PlayerDraftState	2
PlayerFlag_toString	2
PlayerState_PlayerState_addGold	2
PlayerState_PlayerState_addLumber	2
PlayerState_PlayerState_incrementKills	2
PlayerState_PlayerState_incrementRescueKills	2
PlayerState_PlayerState_resetKills	2
PlayerState_PlayerState_syncFromGame	2
PlayerState_PlayerState_syncGoldFromGame	2
PlayerState_new_PlayerState	2
PowerPlant434PlantPattern_getLength	2
PowerPlant434PlantPattern_getPosition	2
PowerPlant434SupportPattern_getLength	2
PowerPlant434SupportPattern_getPosition	2
Preload	2
ProductionEnchantmentState_ProductionEnchantmentState_reset	2
ProductionEnchantmentState_new_ProductionEnchantmentState	2
Qmk	2
QueueNode_destroyQueueNode	2
QueueNode_new_QueueNode	2
ReactivePlayerMultiboard_ReactivePlayerMultiboard_buildContent	2
ReactivePlayerMultiboard_ReactivePlayerMultiboard_refreshLocalLayout	2
ReactivePlayerMultiboard_ReactivePlayerMultiboard_renderFromState	2
ReactivePlayerMultiboard_new_ReactivePlayerMultiboard	2
ReleaseKeyboardFocusFrameListener_new_ReleaseKeyboardFocusFrameListener	2
ResourceRow_ResourceRow_renderNow	2
ResourceRow_new_ResourceRow	2
RoundPlayerStats_RoundPlayerStats_addFrom	2
RoundTimeAndUnitsDisplay_RoundTimeAndUnitsDisplay_renderNow	2
RoundTimeAndUnitsDisplay_new_RoundTimeAndUnitsDisplay	2
Row_Row_add	2
Row_Row_contains	2
Row_Row_invalidate	2
Row_Row_layout	2
Row_Row_onDestroy	2
Row_new_Row	2
ScanCursor_ScanCursor_ensureInitialized	2
Serializable_Serializable_parseInput	2
Serializable_Serializable_parseProperty	2
SetCameraBounds	2
Signal_Signal_notifySubscribers	2
Signal_new_Signal	2
Sim3DSound_destroySim3DSound	2
SlotRacePicker_new_SlotRacePicker	2
SoundDefinition_SoundDefinition_getSound	2
SoundDefinition_SoundDefinition_play	2
SoundDefinition_SoundDefinition_play1	2
SoundDefinition_SoundDefinition_play2	2
SoundDefinition_SoundDefinition_playForPlayer1	2
SoundDefinition_SoundDefinition_recycle	2
SoundInstance_destroySoundInstance	2
SoundInstance_new_SoundInstance	2
SpellEnchantmentState_SpellEnchantmentState_reset	2
SpellEnchantmentState_new_SpellEnchantmentState	2
SpotRejector_destroySpotRejector	2
StarStrip_StarStrip_getStar	2
StarStrip_StarStrip_hide	2
StarStrip_StarStrip_setStar	2
StartResourceMode_StartResourceMode_applyChoice	2
StartResourceMode_new_StartResourceMode	2
StringIterator_new_StringIterator	2
StringLength	2
StringSyncListener_destroyStringSyncListener	2
SummaryCard_new_SummaryCard	2
SupplyCard_SupplyCard_build	2
SupplyCard_SupplyCard_handleClick	2
SupplyCard_SupplyCard_setSupply	2
SupplyCard_new_SupplyCard	2
SupportOrderTask_new_SupportOrderTask	2
SyncData_SyncData_onDestroy	2
SyncData_new_SyncData	2
SyncMsg_destroySyncMsg	2
TableLayout_TableLayout_fitHeightToContent	2
TableLayout_TableLayout_growY	2
TableLayout_TableLayout_inspect	2
TableLayout_TableLayout_onDestroy	2
TableLayout_TableLayout_remove	2
TableLayout_TableLayout_requiredHeight	2
Table_Table_hasInt	2
Table_Table_loadString	2
Table_Table_removeInt	2
TaskQueue_TaskQueue_executePeriodic	2
TeamComparisonRow_TeamComparisonRow_renderNow	2
TeamComparisonRow_new_TeamComparisonRow	2
TeamDraftState_TeamDraftState_addPlayer	2
TeamDraftState_TeamDraftState_allPicked	2
TeamDraftState_new_TeamDraftState	2
TeamState_TeamState_incrementDestroyedBuildings	2
TeamState_TeamState_incrementKills	2
TeammateGrid_TeammateGrid_addIcon	2
TeammateGrid_TeammateGrid_addPerk	2
TeammateGrid_TeammateGrid_clearOfferHighlights	2
TeammateGrid_TeammateGrid_hideGlobally	2
TeammateGrid_TeammateGrid_show	2
TeammateGrid_TeammateGrid_useReroll	2
TeammateGrid_construct_TeammateGrid	2
Thk	2
TowerPattern_getLength	2
TowerPattern_getPosition	2
UIBar_UIBar_getBgTexture	2
UICheckbox_UICheckbox_setChecked	2
UIDialog_UIDialog_hide	2
UIDialog_new_UIDialog	2
UIInteractionDirective_UIInteractionDirective_refresh	2
UIInteractionDirective_construct_UIInteractionDirective	2
UIInteractionDirective_new_UIInteractionDirective	2
UITabs_UITabs_build	2
UITabs_new_UITabs	2
UITooltip_UITooltip_getFrame	2
UITooltip_UITooltip_setText	2
UITooltip_new_UITooltip	2
UnitIndex_destroyUnitIndex	2
UnitIndex_new_UnitIndex	2
UnitStat_UnitStat_applyAttack0Range	2
UnitStat_UnitStat_applyTo	2
UnitStat_UnitStat_hasAuthoredDualRanges	2
UnitStat_UnitStat_usesAttack0RangeCompensation	2
UnwantedCageRejector_new_UnwantedCageRejector	2
Vd	2
Watcher_Watcher_onDestroy	2
Watcher_new_Watcher	2
XH	2
Xpk	2
YN	2
__wurst_FlushParentHashtable	2
__wurst_HaveSavedInteger	2
__wurst_HaveSavedString	2
__wurst_LoadBoolean	2
__wurst_LoadForceHandle	2
__wurst_LoadFrameHandle	2
__wurst_LoadStr	2
__wurst_LoadTriggerHandle	2
__wurst_SaveDestructableHandle	2
__wurst_SaveFogStateHandle	2
__wurst_modReal	2
__wurst_rawConcat	2
__wurst_rawFloorDivInt	2
__wurst_rawFmodInt	2
__wurst_rawFmodReal	2
__wurst_rawToInteger	2
__wurst_rawToNumberInt	2
__wurst_rawToNumberReal	2
__wurst_rawToString	2
__wurst_safe_AttachSoundToUnit	2
__wurst_safe_BlzCreateFrame	2
__wurst_safe_BlzCreateFrameByType	2
__wurst_safe_BlzDisplayChatMessage	2
__wurst_safe_BlzFrameAddText	2
__wurst_safe_BlzFrameGetChild	2
__wurst_safe_BlzFrameGetChildrenCount	2
__wurst_safe_BlzFrameGetEnable	2
__wurst_safe_BlzFrameGetHeight	2
__wurst_safe_BlzFrameGetParent	2
__wurst_safe_BlzFrameGetText	2
__wurst_safe_BlzFrameGetWidth	2
__wurst_safe_BlzFrameIsVisible	2
__wurst_safe_BlzFrameSetFocus	2
__wurst_safe_BlzFrameSetParent	2
__wurst_safe_BlzFrameSetScale	2
__wurst_safe_BlzFrameSetValue	2
__wurst_safe_BlzGetAbilityIntegerField	2
__wurst_safe_BlzGetItemAbility	2
__wurst_safe_BlzGetItemAbilityByIndex	2
__wurst_safe_BlzGetUnitAbilityByIndex	2
__wurst_safe_BlzGetUnitAbilityCooldown	2
__wurst_safe_BlzGetUnitAbilityManaCost	2
__wurst_safe_BlzGetUnitBaseDamage	2
__wurst_safe_BlzGetUnitDiceNumber	2
__wurst_safe_BlzGetUnitDiceSides	2
__wurst_safe_BlzGetUnitRealField	2
__wurst_safe_BlzGetUnitWeaponIntegerField	2
__wurst_safe_BlzGroupAddGroupFast	2
__wurst_safe_BlzGroupUnitAt	2
__wurst_safe_BlzSetSpecialEffectColorByPlayer	2
__wurst_safe_BlzSetSpecialEffectOrientation	2
__wurst_safe_BlzSetUnitArmor	2
__wurst_safe_BlzSetUnitDiceNumber	2
__wurst_safe_BlzSetUnitDiceSides	2
__wurst_safe_BlzTriggerRegisterFrameEvent	2
__wurst_safe_BlzUnitClearOrders	2
__wurst_safe_FogModifierStop	2
__wurst_safe_GetDestructableLife	2
__wurst_safe_GetHeroLevel	2
__wurst_safe_GetItemCharges	2
__wurst_safe_GetLocationZ	2
__wurst_safe_GetPlayerAlliance	2
__wurst_safe_GetStoredInteger	2
__wurst_safe_GetUnitAcquireRange	2
__wurst_safe_GetUnitCurrentOrder	2
__wurst_safe_GetUnitDefaultAcquireRange	2
__wurst_safe_GetUnitDefaultMoveSpeed	2
__wurst_safe_GetUnitLevel	2
__wurst_safe_GetUnitName	2
__wurst_safe_GetUnitRallyUnit	2
__wurst_safe_GetWidgetX	2
__wurst_safe_GetWidgetY	2
__wurst_safe_HaveStoredInteger	2
__wurst_safe_IsPlayerEnemy	2
__wurst_safe_IsTriggerEnabled	2
__wurst_safe_IsUnitAliveBJ	2
__wurst_safe_IsUnitInRangeXY	2
__wurst_safe_IsUnitVisible	2
__wurst_safe_IssuePointOrderById	2
__wurst_safe_IssueTargetOrder	2
__wurst_safe_MoveLocation	2
__wurst_safe_MoveRectTo	2
__wurst_safe_MultiboardSetColumnCount	2
__wurst_safe_MultiboardSetItemsStyle	2
__wurst_safe_MultiboardSetTitleText	2
__wurst_safe_PanCameraToForPlayer	2
__wurst_safe_PanCameraToTimedForPlayer	2
__wurst_safe_PanCameraToTimedLocForPlayer	2
__wurst_safe_QueueUnitAnimation	2
__wurst_safe_SelectUnitForPlayerSingle	2
__wurst_safe_SetCameraField	2
__wurst_safe_SetDestructableInvulnerable	2
__wurst_safe_SetImageColor	2
__wurst_safe_SetItemCharges	2
__wurst_safe_SetItemPosition	2
__wurst_safe_SetPlayerAllianceStateControlBJ	2
__wurst_safe_SetSoundConeAngles	2
__wurst_safe_SetSoundConeOrientation	2
__wurst_safe_SetSoundDistanceCutoff	2
__wurst_safe_SetSoundDistances	2
__wurst_safe_SetSoundPosition	2
__wurst_safe_SetUnitTimeScale	2
__wurst_safe_TimerGetElapsed	2
__wurst_safe_TriggerClearActions	2
__wurst_safe_TriggerRegisterPlayerEvent	2
__wurst_safe_TriggerRegisterUnitEvent	2
__wurst_safe_UnitInventorySize	2
__wurst_safe_UnitRemoveType	2
__wurst_safe_UnitResetCooldown	2
__wurst_safe_UnitUseItemPoint	2
__wurst_safe_UnitUseItemTarget	2
aJ	2
abilityFieldMicros	2
absReal	2
absReal1	2
acceptPending	2
acquireEleBuilding	2
acquireElvenShrine	2
acquireHeroicShrine	2
acquireLinker	2
acquireTreasureBox	2
addAttachedEffect	2
addKnownRace__w3p_vmProtect	2
addLight	2
addPerkDamageListener	2
addPerkEventListener	2
addPerkPeriodic	2
addPlayerGold	2
addPlayerLumber	2
addProtectedItemById	2
addRaceChooserProbeAbilities	2
addRiptideAirDamageBonus	2
addSilverGladeChargeForTeam	2
addToPool__w3p_vmProtect	2
addWorldFreezerMissile	2
address	2
aiHasRescueStrike	2
aiInfoFrameHeight	2
aiScoreTextHeight	2
allPlayersVotedDraw	2
allPlayersVotedNuke	2
allowsLegendaryUnitRushAfterSpecialSpend	2
ancientKeeperDispelProc	2
angle_cos	2
angle_sin	2
angle_toVec	2
annihilatorSpell	2
appendAiPresetCaged	2
appendLineFrom	2
applyAllPerks	2
applyArcaneOverchargeSpecialPenaltyForE2e	2
applyArcaneOverchargeTo	2
applyArtilleryModeEnabled	2
applyAutobalanceMode	2
applyBanMode	2
applyBountyModeEnabled	2
applyBulwarkMarchToCurrentUnits	2
applyCagedDamagePenalty	2
applyCagingModeEnabled	2
applyCampaignEnemyOpeningPriority	2
applyCampaignEnemyRescueStrikes	2
applyCampaignEnemyResourceAdvantage	2
applyCampaignEnemyTowerAdvantage	2
applyCampaignHumanRaces__w3p_vmProtect	2
applyCampaignMissionEnvironment	2
applyCampaignMissionRecordCheatToPlayer__w3p_vmProtect	2
applyCampaignRaces__w3p_vmProtect	2
applyCampaignSupplyEffects	2
applyCampaignTeamPreplacedTowers	2
applyChapterOneProgressCheatToPlayer__w3p_vmProtect	2
applyChapterOneProgressCheat__w3p_vmProtect	2
applyConfiguredRaces	2
applyDualRacesMode	2
applyEffectiveUnitStat	2
applyFogOfWar	2
applyGlassCannonTo	2
applyGobboTimedLife	2
applyItemsModeEnabled	2
applyLeaveAutobalance	2
applyLegendaryModeEnabled	2
applyLonglineFormationToCurrentUnits	2
applyLumberLimit	2
applyManaShield	2
applyMirrorRaces	2
applyMultiplayerMode	2
applyNoAfkMode	2
applyProductionEnchantBonusFromAnyActiveTarget	2
applyProductionSpawnModifiers	2
applyProtectedAbilityFieldsForJassAdd	2
applyRampantGrowthToCurrentUnits	2
applyRandomBanMode	2
applyRandomRaces	2
applyRescueStrike	2
applyRescueStrikeModeEnabled	2
applySpecialsModeEnabled	2
applyStormchaserSiegePenalty	2
applyTranscendentBladesTo	2
applyTreasureBoxModeEnabled	2
applyUltimateInPool	2
applyUltimateRaces	2
applyVampireArmorReduction	2
applyW3ChampionsAutoModes__w3p_vmProtect	2
applyWestRaces	2
applyWildernessObeliskBuff	2
areaSide	2
armEditBoxEvents	2
aspectScoreForBuildingWithReadyPrecursorCount	2
assassinSpell	2
assertBotPersonality	2
assertBuildingPoolsIntegrity__w3p_vmProtect	2
assertCFBuildingCatalogIntegrity__w3p_vmProtect	2
assertCFBuildingPoolTier__w3p_vmProtect	2
assertObjectDataIntegrity__w3p_vmProtect	2
assertUpgradeCancelled	2
assignRaceToPlayer	2
attachTableLayoutToMultiboard	2
attachToMultiboardSized	2
attackIndexOrUnset	2
attacks	2
authoredObjectUpgradeEdgeCount	2
authoredObjectUpgradeFromAt	2
authoredObjectUpgradeToAt	2
banishGuardianSpell	2
beginCampaignMissionChallenge__w3p_vmProtect	2
beginNextRoundReview	2
beginRoundStartModeSection	2
beginUpgradeIncomeCheck	2
bfsTickOutsideThenScan	2
bindIncomeText	2
blockAiDecisionFor	2
blueShieldSpell	2
boulderAttackProc	2
buildChapterTwoSmokeFixture	2
buildingAirExploitabilityScore	2
buildingAttackExploitabilityScore	2
buildingCatalogItemId	2
buildingCatalogPointItemAbilityId	2
buildingCatalogPointItemCreatedUnitId	2
buildingCatalogPointItemId	2
buildingDefenseExploitabilityScore	2
buildingIncomeSyncDelta	2
bumpProbeStamp	2
bumpStamp	2
buyCastleItem	2
bwShiftl32	2
bwShiftr32	2
c2i	2
cageProbeResultAt	2
cageProbeStampAt	2
call1	2
call23	2
call4	2
campaignAntiAirEmergencyContribution	2
campaignCheapnessScore	2
campaignMissionById	2
campaignMissionQuitButtonBottomPoint	2
campaignPreferenceContribution	2
campaignSaveDecode	2
campaignSaveEncode	2
campaignStarMaskForStarCount	2
campaignSupplyById	2
campaignUiExistsForE2e	2
campaignUiSelectedBotCountForE2e	2
campaignUiSelectedRaceIdForE2e	2
canHonorPriorityNow	2
canSendEventNow	2
canSyncBuildingIncome	2
canonicalizeBuildableText	2
capitalizeFirst	2
captureEntry	2
captureFor	2
captureNatively	2
captureRoundStats	2
castLightningShield	2
castNatureAttackTree	2
castleItemIdForSlot	2
catalogHasUpgradeEdge	2
ceremonialTotemSpell	2
cfb	2
charCode	2
char_getWidth	2
checkAi3v3Setup	2
checkAiSlot	2
checkAllMigratedVisionDummyOrders	2
checkAllProtectedAbilityAdds	2
checkAllUnitStatRows	2
checkBuilding	2
checkBuildingDeathPath	2
checkCagedPathingMarker	2
checkForCpuSlots	2
checkForCpuSlotsW	2
checkPlayerIdle	2
checkPlayersOnNewRound	2
checkPowerPlantTwin	2
checkProtectedAbilityFieldsOnUnit	2
checkProtectedItemAbilityFields	2
checkRaceChooserAbilityOrders	2
checkRaceChooserProbeOrder	2
checkRegisteredSpellCoverage	2
checkRuntimeProtectedAbilityAdd	2
checkSweepAttachmentCleanup	2
checkUncagedPathingPulse	2
chooseBestBuildingInternal	2
chooseBestBuildingQuiet	2
chooseCampaignAdjustedDecision	2
chooseDefaultProfiledDecision	2
chooseProfiledDecision	2
churchSpell	2
claimStrategicAuraSaveReservation	2
clamp	2
cleanupBuildingCatalogItemSurface	2
cleanupPlayerAfkOnLeave	2
cleanupShrineProbe	2
cleanupStatefulConsumer	2
clearAiChoiceMemory	2
clearAiDecisionFailures	2
clearAwayStateOnLeave	2
clearBuildingCatalogInventory	2
clearCampaignAiProfiles	2
clearHostSelectedModes__w3p_vmProtect	2
clearPendingRoundStartResourceBonuses	2
clearPresetRaceAssignments	2
clearRememberedRaceBans__w3p_vmProtect	2
clearUltiTexttags	2
cleaveHitsTarget	2
clickCampaignIntroCloseForE2e	2
clickCampaignMissionContinueForE2e	2
clickCampaignPlayerRaceForE2e	2
clickCampaignResultRetryForE2e	2
clickCampaignStartMissionForE2e	2
clickFirstUnlockedCampaignRaceChoiceForE2e	2
clickableOverlay	2
code__Condition_addCondition_IssuedOrderRuntime	2
code__Condition_addCondition_addAction_TriggerRegisterEnterRectSimple_doAfter_OrderRects	2
code__Condition_addCondition_addAction_TriggerRegisterEnterRectSimple_doAfter_OrderRects1	2
code__EnumDestructablesInRect_ClosureForGroups	2
code__EnumItemsInRect_RoundEndRuntime	2
code__EnumItemsInRect_TerrainUtils	2
code__Filter_registerEnterRegion_nullTimer_OnUnitEnterLeave	2
code__ForForce_Force	2
code__ForForce_Force1	2
code__ForGroup_RoundEndRuntime	2
code__ForGroup_RoundEndRuntime1	2
code__ForGroup_VotingRuntime	2
code__ForGroup_VotingRuntime1	2
code__TimerStart_AfkAwayRuntime	2
code__TimerStart_IdleAttackRuntime	2
code__TimerStart_ModeRaceRuntime	2
code__TimerStart_ModeRaceRuntime1	2
code__TimerStart_VotingRuntime	2
code__addAction_DamageRuntime	2
code__addAction_TriggerRegisterEnterRectSimple_PerkLastWallProtocol	2
code__addAction_TriggerRegisterEnterRectSimple_PerkLastWallProtocol1	2
code__addAction_TriggerRegisterEnterRectSimple_doAfter_OrderRects	2
code__addAction_TriggerRegisterEnterRectSimple_doAfter_OrderRects1	2
code__addAction_TriggerRegisterLeaveRectSimple_PerkLastWallProtocol	2
code__addAction_TriggerRegisterLeaveRectSimple_PerkLastWallProtocol1	2
code__addAction_doAfter_UnitEnterRuntime	2
code__addAction_nullTimer_ClosureEvents	2
code__addAction_nullTimer_ClosureEvents1	2
code__forEach_MMDData4	2
code__forEach_MMDData5	2
code__forEach_MMDData6	2
code__forEach_MMDData7	2
code__forEach_doAfter_MMDData	2
code__onEnter_doAfter_StasisTrap	2
code__onLeave_doAfter_ObeliskOfLight	2
code__onLeave_doAfter_SyncSystem	2
code__onUnitDeindex_PerkBuildingEnchantment	2
code__onUnitIndex_PerkBuildingEnchantment	2
code__registerPlayerEvent_doAfter_CameraMovementDetection	2
code__registerPlayerUnitEvent_nullTimer_ClosureEvents	2
code__registerPlayerUnitEvent_nullTimer_OnUnitEnterLeave	2
code__start_CallbackSingle_ClosureTimers	2
collectAuthoredUpgradeCoverage	2
collectSweepBuildings	2
collectUpgradeIncomeEdges	2
colorA_withoutAlpha	2
colorCampaignEnemyStrength	2
color_withAlpha	2
compactRect	2
compareFriendlyBotDraftOrder	2
compileError	2
compositionStageFactor	2
computeActiveTargetedSpellShieldScore	2
computeAntiCageCounterScore	2
computeArmyShapeFeatureScore	2
computeArmyShapeScore	2
computeBaseSpamPenalty	2
computeBaseSpamPenaltyFromLineCounts	2
computeCagePlacementBonus	2
computeCostIncomeScore	2
computeCrowdDamageScore	2
computeCustomPriorityBonus	2
computeDuplicatePenalty	2
computeDuplicatePenaltyFromCounts	2
computeExploitabilityScore	2
computeGoldGapScore	2
computeIncomeRecoveryScore	2
computeLegendaryTimingScore	2
computeLegendaryUnitSavePenalty	2
computeLegendaryUnitUpgradeFactor	2
computeLookaheadFeatureScore	2
computeLumberOverflowSpecialScore	2
computeOpeningInvestmentScore	2
computeProfileFeatureScore	2
computeRoundStatsLeaders	2
computeSiegePressureScore	2
computeSpecialAntiAirScore	2
computeSpecialPhaseScore	2
computeSpecialVsArmyScore	2
computeStaleAntiAirScore	2
computeStrategicReliability	2
computeTempoFeatureScore	2
computeThreatResponseFeatureScore	2
computeTowerDefenseScore	2
computeUpgradeFeatureScore	2
computeUpgradeLineRepetitionPenalty	2
computeUpgradeLineRepetitionPenaltyFromCounts	2
computeUpgradeLookaheadBonusForBase	2
computeUpgradeMomentumScoreWithReadyPrecursorCount	2
computeVarietyFeatureScore	2
confirmAfkCheck	2
consumeForceFreshDecision	2
consumeVesselCorpses	2
controllerName	2
copyCampaignSupplyPartySlots	2
copyCampaignSupplySelection	2
countCampaignTowerOwnerSlots	2
create	2
create1	2
create10	2
create1001	2
create1002	2
create1003	2
create1004	2
create1006	2
create1007	2
create1008	2
create1009	2
create101	2
create1010	2
create1011	2
create1012	2
create1013	2
create1014	2
create1015	2
create1016	2
create1017	2
create1018	2
create1019	2
create102	2
create1020	2
create1021	2
create1022	2
create1023	2
create1024	2
create1025	2
create1026	2
create1027	2
create1028	2
create1029	2
create103	2
create1030	2
create1031	2
create1032	2
create1033	2
create1034	2
create1036	2
create1038	2
create104	2
create1040	2
create1041	2
create1042	2
create1043	2
create1044	2
create1045	2
create1046	2
create1048	2
create1049	2
create105	2
create1050	2
create1051	2
create1052	2
create1053	2
create1054	2
create1055	2
create1057	2
create1058	2
create1059	2
create106	2
create1060	2
create1061	2
create1062	2
create1063	2
create1064	2
create1065	2
create1066	2
create1067	2
create1068	2
create1069	2
create107	2
create1070	2
create1071	2
create1072	2
create1073	2
create1074	2
create1075	2
create1076	2
create108	2
create1080	2
create1081	2
create1084	2
create1085	2
create1086	2
create1087	2
create1088	2
create1089	2
create109	2
create1090	2
create1091	2
create1092	2
create1093	2
create1094	2
create1095	2
create1096	2
create1098	2
create1099	2
create11	2
create110	2
create1101	2
create1103	2
create1106	2
create1107	2
create1108	2
create1109	2
create111	2
create1110	2
create1111	2
create1112	2
create1114	2
create1115	2
create1116	2
create1117	2
create1118	2
create1119	2
create112	2
create1120	2
create1121	2
create1123	2
create1124	2
create1125	2
create1126	2
create1127	2
create1128	2
create1129	2
create113	2
create1130	2
create1131	2
create1132	2
create1133	2
create1134	2
create1135	2
create1136	2
create1137	2
create1138	2
create114	2
create1140	2
create1141	2
create1142	2
create1143	2
create1144	2
create1145	2
create1146	2
create1147	2
create1148	2
create1149	2
create115	2
create1150	2
create1151	2
create1152	2
create1153	2
create1154	2
create1155	2
create1156	2
create1157	2
create1158	2
create1159	2
create116	2
create1160	2
create1161	2
create1163	2
create1164	2
create1165	2
create1166	2
create1167	2
create117	2
create1170	2
create118	2
create119	2
create12	2
create120	2
create121	2
create122	2
create123	2
create124	2
create125	2
create126	2
create127	2
create128	2
create129	2
create13	2
create130	2
create131	2
create132	2
create133	2
create134	2
create135	2
create137	2
create138	2
create139	2
create14	2
create150	2
create152	2
create153	2
create154	2
create155	2
create158	2
create159	2
create16	2
create160	2
create161	2
create162	2
create163	2
create164	2
create166	2
create167	2
create168	2
create169	2
create170	2
create171	2
create172	2
create174	2
create175	2
create176	2
create177	2
create178	2
create179	2
create18	2
create180	2
create181	2
create182	2
create183	2
create184	2
create185	2
create186	2
create187	2
create188	2
create189	2
create19	2
create190	2
create191	2
create192	2
create193	2
create194	2
create195	2
create196	2
create197	2
create198	2
create2	2
create20	2
create200	2
create201	2
create202	2
create203	2
create204	2
create205	2
create207	2
create208	2
create209	2
create21	2
create210	2
create211	2
create212	2
create213	2
create214	2
create215	2
create216	2
create217	2
create218	2
create219	2
create22	2
create220	2
create221	2
create222	2
create223	2
create224	2
create225	2
create226	2
create227	2
create228	2
create229	2
create23	2
create230	2
create231	2
create232	2
create233	2
create234	2
create235	2
create236	2
create237	2
create238	2
create239	2
create24	2
create240	2
create241	2
create242	2
create243	2
create244	2
create245	2
create246	2
create247	2
create248	2
create249	2
create25	2
create250	2
create251	2
create252	2
create253	2
create254	2
create255	2
create256	2
create257	2
create258	2
create259	2
create26	2
create260	2
create261	2
create262	2
create263	2
create264	2
create265	2
create266	2
create267	2
create268	2
create269	2
create27	2
create270	2
create271	2
create272	2
create273	2
create274	2
create275	2
create276	2
create277	2
create278	2
create279	2
create28	2
create280	2
create281	2
create282	2
create283	2
create284	2
create285	2
create286	2
create287	2
create288	2
create289	2
create29	2
create290	2
create291	2
create292	2
create293	2
create294	2
create295	2
create296	2
create298	2
create3	2
create307	2
create312	2
create313	2
create314	2
create315	2
create316	2
create317	2
create318	2
create319	2
create320	2
create321	2
create322	2
create323	2
create324	2
create325	2
create326	2
create327	2
create328	2
create329	2
create33	2
create330	2
create331	2
create332	2
create333	2
create334	2
create335	2
create336	2
create337	2
create338	2
create339	2
create34	2
create340	2
create341	2
create342	2
create343	2
create344	2
create345	2
create346	2
create347	2
create348	2
create349	2
create35	2
create350	2
create351	2
create352	2
create353	2
create354	2
create355	2
create356	2
create357	2
create358	2
create359	2
create361	2
create362	2
create363	2
create364	2
create365	2
create366	2
create367	2
create369	2
create37	2
create370	2
create371	2
create372	2
create373	2
create374	2
create375	2
create376	2
create377	2
create378	2
create379	2
create38	2
create380	2
create381	2
create382	2
create383	2
create384	2
create385	2
create386	2
create387	2
create388	2
create389	2
create39	2
create390	2
create391	2
create393	2
create394	2
create395	2
create396	2
create397	2
create398	2
create399	2
create4	2
create40	2
create400	2
create401	2
create402	2
create403	2
create404	2
create405	2
create406	2
create407	2
create408	2
create409	2
create41	2
create410	2
create411	2
create412	2
create413	2
create414	2
create418	2
create419	2
create42	2
create420	2
create421	2
create422	2
create423	2
create424	2
create425	2
create426	2
create427	2
create428	2
create429	2
create43	2
create431	2
create432	2
create433	2
create44	2
create448	2
create449	2
create45	2
create450	2
create451	2
create452	2
create453	2
create454	2
create456	2
create457	2
create458	2
create459	2
create46	2
create460	2
create461	2
create462	2
create463	2
create464	2
create465	2
create466	2
create467	2
create468	2
create469	2
create47	2
create470	2
create471	2
create472	2
create473	2
create474	2
create475	2
create476	2
create477	2
create478	2
create479	2
create48	2
create480	2
create481	2
create482	2
create483	2
create484	2
create485	2
create486	2
create487	2
create488	2
create489	2
create49	2
create490	2
create491	2
create493	2
create494	2
create495	2
create496	2
create497	2
create499	2
create50	2
create500	2
create501	2
create502	2
create503	2
create504	2
create505	2
create506	2
create508	2
create509	2
create51	2
create510	2
create511	2
create512	2
create513	2
create514	2
create515	2
create516	2
create517	2
create518	2
create519	2
create520	2
create521	2
create522	2
create523	2
create524	2
create525	2
create527	2
create528	2
create529	2
create53	2
create530	2
create531	2
create532	2
create533	2
create534	2
create535	2
create536	2
create537	2
create538	2
create539	2
create54	2
create540	2
create541	2
create542	2
create543	2
create544	2
create545	2
create546	2
create547	2
create548	2
create549	2
create55	2
create550	2
create551	2
create552	2
create553	2
create554	2
create555	2
create556	2
create557	2
create558	2
create559	2
create56	2
create560	2
create561	2
create563	2
create564	2
create565	2
create567	2
create568	2
create57	2
create571	2
create572	2
create573	2
create574	2
create575	2
create576	2
create578	2
create579	2
create58	2
create580	2
create581	2
create582	2
create583	2
create584	2
create585	2
create586	2
create587	2
create588	2
create59	2
create590	2
create591	2
create592	2
create593	2
create594	2
create595	2
create596	2
create599	2
create6	2
create60	2
create600	2
create601	2
create602	2
create603	2
create604	2
create605	2
create606	2
create607	2
create608	2
create609	2
create61	2
create610	2
create611	2
create612	2
create613	2
create614	2
create615	2
create616	2
create617	2
create618	2
create619	2
create62	2
create620	2
create621	2
create622	2
create623	2
create624	2
create625	2
create626	2
create627	2
create628	2
create629	2
create63	2
create630	2
create631	2
create632	2
create633	2
create634	2
create635	2
create636	2
create637	2
create638	2
create639	2
create64	2
create640	2
create641	2
create642	2
create643	2
create644	2
create645	2
create647	2
create649	2
create65	2
create650	2
create651	2
create652	2
create653	2
create654	2
create655	2
create656	2
create657	2
create658	2
create659	2
create66	2
create660	2
create661	2
create662	2
create663	2
create664	2
create665	2
create666	2
create667	2
create668	2
create669	2
create67	2
create672	2
create673	2
create674	2
create675	2
create678	2
create679	2
create68	2
create680	2
create681	2
create682	2
create683	2
create684	2
create685	2
create686	2
create687	2
create688	2
create69	2
create690	2
create691	2
create692	2
create693	2
create694	2
create695	2
create696	2
create697	2
create698	2
create699	2
create7	2
create70	2
create700	2
create701	2
create702	2
create703	2
create704	2
create705	2
create708	2
create709	2
create71	2
create710	2
create711	2
create712	2
create713	2
create714	2
create715	2
create716	2
create717	2
create718	2
create719	2
create72	2
create720	2
create721	2
create722	2
create723	2
create724	2
create725	2
create726	2
create727	2
create728	2
create729	2
create73	2
create730	2
create731	2
create732	2
create733	2
create734	2
create735	2
create736	2
create737	2
create738	2
create739	2
create74	2
create740	2
create741	2
create742	2
create743	2
create744	2
create745	2
create746	2
create747	2
create748	2
create749	2
create75	2
create750	2
create751	2
create752	2
create753	2
create754	2
create755	2
create756	2
create757	2
create758	2
create759	2
create76	2
create760	2
create761	2
create762	2
create763	2
create764	2
create765	2
create766	2
create767	2
create768	2
create769	2
create77	2
create770	2
create772	2
create773	2
create774	2
create775	2
create776	2
create777	2
create778	2
create779	2
create78	2
create780	2
create781	2
create782	2
create783	2
create784	2
create785	2
create786	2
create787	2
create788	2
create789	2
create79	2
create790	2
create791	2
create792	2
create793	2
create794	2
create795	2
create796	2
create797	2
create798	2
create799	2
create8	2
create80	2
create800	2
create801	2
create802	2
create803	2
create804	2
create805	2
create806	2
create807	2
create808	2
create809	2
create81	2
create810	2
create811	2
create812	2
create813	2
create814	2
create815	2
create816	2
create817	2
create818	2
create819	2
create82	2
create820	2
create821	2
create822	2
create823	2
create824	2
create825	2
create826	2
create827	2
create828	2
create829	2
create83	2
create830	2
create831	2
create832	2
create833	2
create834	2
create835	2
create836	2
create837	2
create838	2
create839	2
create84	2
create840	2
create841	2
create842	2
create843	2
create844	2
create845	2
create846	2
create847	2
create848	2
create849	2
create85	2
create850	2
create851	2
create852	2
create853	2
create854	2
create855	2
create856	2
create857	2
create859	2
create86	2
create860	2
create861	2
create862	2
create863	2
create864	2
create865	2
create866	2
create867	2
create868	2
create869	2
create87	2
create870	2
create871	2
create872	2
create873	2
create874	2
create875	2
create876	2
create877	2
create878	2
create879	2
create88	2
create880	2
create881	2
create882	2
create883	2
create884	2
create885	2
create886	2
create887	2
create888	2
create889	2
create89	2
create890	2
create891	2
create892	2
create893	2
create894	2
create895	2
create896	2
create897	2
create898	2
create899	2
create9	2
create90	2
create900	2
create901	2
create902	2
create903	2
create904	2
create905	2
create906	2
create907	2
create908	2
create909	2
create91	2
create910	2
create911	2
create912	2
create913	2
create914	2
create915	2
create916	2
create917	2
create918	2
create919	2
create92	2
create920	2
create921	2
create922	2
create923	2
create924	2
create925	2
create926	2
create927	2
create928	2
create929	2
create93	2
create930	2
create931	2
create932	2
create933	2
create934	2
create935	2
create936	2
create937	2
create938	2
create939	2
create94	2
create940	2
create941	2
create942	2
create943	2
create944	2
create945	2
create946	2
create947	2
create948	2
create949	2
create95	2
create950	2
create951	2
create952	2
create953	2
create954	2
create955	2
create956	2
create957	2
create958	2
create959	2
create96	2
create960	2
create961	2
create962	2
create963	2
create964	2
create965	2
create966	2
create967	2
create968	2
create969	2
create97	2
create970	2
create971	2
create972	2
create973	2
create974	2
create975	2
create976	2
create977	2
create978	2
create979	2
create98	2
create980	2
create981	2
create982	2
create983	2
create984	2
create985	2
create986	2
create987	2
create988	2
create989	2
create99	2
create994	2
create996	2
create998	2
create999	2
createArcaneOverchargePerk	2
createBreachingDoctrinePerk	2
createBuildingCatalogItemSurface	2
createBuildingEnchantmentPerk	2
createBulwarkMarchPerk	2
createCagedAegisPerk	2
createCoins	2
createContainmentFocusPerk	2
createExecutionOrderPerk	2
createFeatheredFriendPerk	2
createFortifiedOutpostPerk	2
createGlassCannonPerk	2
createGroundControlPerk	2
createImage	2
createLastWallProtocolPerk	2
createLonglineFormationPerk	2
createManaLeakPerk	2
createNativeSpellTarget	2
createPerkQuestOnce	2
createRampantGrowthPerk	2
createRoundCastlesAndContinue	2
createSnowveilSnow	2
createSpellBuildingEnchantmentPerk	2
createSpellsEdgePerk	2
createStormchaserPerk	2
createTextFrame	2
createTranscendentBladesPerk	2
createUnit2	2
createVision	2
ctk	2
currentCallbackD	2
dN	2
damageUnitsOnSnowInArea	2
deathPactEmergency	2
deathPitSpell	2
debugDraftRoundStrip	2
defenseIndexOrUnset	2
defenseIndexToDefenseType	2
deriveBountyGold	2
destroyBuildAtTarget	2
destroyLastCampaignDraft	2
destructable_getLife	2
destructable_getX	2
destructable_getY	2
detectIntentFromTokens	2
devourAttackProc	2
disabledOverlay	2
disabledUntilForNewOrderSpamPenalty	2
displayItemMessageToTeam	2
drawPerk	2
dryadDispelProc	2
dummyCarrierWithAbilities	2
dummyCarrierWithAbilities1	2
dummyCastTargetWithVision1	2
dumpBuildingMetaToE2e	2
dumpUnitStatsToE2e	2
eleBuildingBucketForE2e	2
eleRaceBuilderId	2
encodeFrame	2
encodeSafeBase64	2
encrypt	2
encryptAndEncodeForMmd	2
enemyRosterRacesAssigned	2
ensureAssassinTargetGroups	2
ensureAttachedEffectList	2
ensureAttachedMultiboardRefreshTicker	2
ensureControlledSlotBuilderAssignment	2
ensureFx	2
ensureGobboTargetGroup	2
eventid_isKeyboardEvent	2
eventid_isPlayerunitEvent	2
executeCurrentCallback	2
executeModeText	2
executionOrderModeName	2
expectedCompanionRollsPerTrain	2
expectedElvenChance	2
expectsDeathRelease	2
explodeNukeSpecialUnit	2
explodeSnowInArea	2
failPendingCampaignMissionStart	2
featheredFriendAnchor	2
featheredFriendFoodDelayText	2
findBestBuildableMatch	2
findBestRescueStrikeTarget	2
findBuildableNameByType	2
findCFRaceByBuilderId	2
findFeatheredFriendTarget	2
findMasterLightningHit	2
findOwnedExampleName	2
findPerkById	2
findRandomVesselCorpse	2
findUltimateBuilderRaceSlot__w3p_vmProtect	2
finishBearHibernate	2
finishConstructSweep	2
finishCurrentArea	2
finishDraftRaceSelection	2
finishManualRaceBan	2
finishPerkAbilityProbes	2
finishPickRaceSelection	2
finishRescueStrike	2
finishRoundCleanup	2
finishTransferredLifecycleRelease	2
finishUncagedPathingPulse	2
finishUpgradeCancelProbe	2
finishUpgradeIncomeCheck	2
fire	2
firstPlayerById	2
fittingPrefixLength	2
fixtureOwner	2
forDestructablesInRect	2
forestTrollTrapperSpell	2
forgottenOneSpell	2
formatBotCardMeta	2
formatCampaignBotCardSummary	2
formatCampaignEnemySummary	2
formatCampaignPartySummary	2
formatCurrentModeString	2
formatIncomeText	2
formatMissionBestTime	2
formatRescueKillsText	2
formatRoundTime	2
formatStatsClock	2
formatSupplyMeta	2
fortifiedOutpostItemStatsText	2
framehandle_getParent	2
framehandle_getText	2
framehandle_isEnabled	2
framehandle_isEnabled1	2
framehandle_isVisible	2
framehandle_onEditboxChange	2
framehandle_onEditboxEnter	2
framehandle_onSliderValueChange	2
framehandle_setFocus	2
frostSpell	2
galeSpell	2
getAiChoiceScoreLossLimit	2
getAiDebugUpgradeLevelLabel	2
getAiInfoBuildingIcon	2
getAiInfoScratchList	2
getAiPlayerTint	2
getAiRecentBuildsText	2
getBuiltBuildingAt	2
getCampaignAiBaseStyleBias	2
getCampaignAiBuildingPreferenceBias	2
getCampaignAiCoopBonus	2
getCampaignAiEconomyWeight	2
getCampaignAiNoviceMistakeLevel	2
getCampaignAiPriorityAcceptedRankLimit	2
getCampaignAiPriorityBonusMultiplier	2
getCampaignAiScoreSkillGain	2
getCampaignAiScoreTargetOffset	2
getCampaignAiSpeedBonus	2
getCampaignAiStyleBias	2
getCampaignAiUpgradeWeight	2
getCampaignAvailablePointsSignal	2
getCampaignAvailableStarTotal	2
getCampaignBotOpeningLine	2
getCampaignChapterById	2
getCampaignChatTeammate	2
getCampaignDraftHumansSharedRace	2
getCampaignEnemyBotById	2
getCampaignEnemyCount	2
getCampaignEnemyOpeningBuildingId	2
getCampaignEnemyTowerPosition	2
getCampaignFriendlyBotById	2
getCampaignProgressCheatOwner	2
getCampaignRestrictionPhrase	2
getCampaignSupplyById	2
getCampaignSupplyGoldBonus	2
getCampaignSupplyLumberBonus	2
getCampaignTowerIdForBuilder	2
getChatEditBox	2
getCorruptTile	2
getCurrentCallback	2
getCustomBuildsLeft	2
getDefaultTile	2
getDesertTile	2
getDialogLayer	2
getDisplayRange	2
getExampleBuildableName	2
getExpectedCFRaceBuildingSequence__w3p_vmProtect	2
getFeatheredFriendBirdForE2e	2
getFeatheredFriendFoodItemIdForE2e	2
getIceTile	2
getIncomeHeuristicDebug	2
getLeaverTeam	2
getNextShippedCampaignChapter	2
getOrderSpamTimeoutSeconds	2
getOriginFrame	2
getOverlayLayer	2
getPartyPlayerAt	2
getPending	2
getPendingBuildCount	2
getPerkQuestTexts	2
getPlayerAntiAirWorth	2
getRegisteredPerkForE2e	2
getScoreBlockReason1	2
getScoreDebugText	2
getScratchGroup	2
getSpellDebugEffectCount	2
getSpentLumberTotalNonLegendary	2
getStrategicAuraSaveWaitTicks	2
getStrategicSignalDebugText	2
getStructurePushDominance	2
getTreeReplacement	2
getUnaffordableSaveWaitLimit	2
ggk	2
giveFeatheredFriendBirdFood	2
gridAnchor	2
gridToWorldCenterX	2
gridToWorldCenterY	2
group_add1	2
group_forEachFrom	2
h05LAttackProc	2
handleCommand	2
handleFanOfKnives	2
handleSourceDamageEffects	2
handleTargetDamageEffects	2
hasAuthoredObjectUpgradeEdge	2
hasAvailableAiRescueStrikeCaster	2
hasCageDataAt	2
hasEnoughFoodForBuildingWithReadyPrecursorCount	2
hasForceFlag	2
hasKnownBuilder	2
hasNoPowerArmorExclusion	2
hasOpeningUpgradePath	2
hasRemainingPlayingTeamMember	2
hasSelectedCampaignPerkSupply	2
hasStrategicAuraProductionFloor	2
hasTeamBoughtAnyStrategicAura	2
hasWildernessObeliskBuff	2
hashtable_hasString	2
hashtable_loadDestructableHandle	2
hashtable_loadEffectHandle	2
hashtable_loadForceHandle	2
hashtable_loadFrameHandle	2
hashtable_loadString	2
hashtable_loadTriggerHandle	2
hexSpell	2
hhk	2
hideCampaignSurvivalTimer	2
hideRoundStatsBoardForAll	2
holyShrineSpell	2
imgBtn1	2
imgBtnFrame	2
improveSpecialBuilding	2
inBoundsXY	2
inCurrentAreaIdx	2
income	2
incrementPlayerKills	2
incrementPlayerRescueKills	2
incrementTeamDestroyedBuildings	2
incrementTeamKills	2
init2	2
initMultiboardEventHooks	2
initPathing	2
installLastWallCastleHooksOnce	2
isActualLegendarySpecialTarget	2
isAddressedTo	2
isAiAddressTokenAt	2
isAiCompositionReplanDue	2
isAiLiveReplanDue	2
isAiPowerPlantReadyPriority	2
isAiTopRankedChoice	2
isAssassinEngagedOnValidTarget	2
isBuildCommandToken	2
isCagedUnitForPerk	2
isCampaignMenuOpen	2
isCampaignRunCheatTainted	2
isCastleProtected	2
isCeremonialTotemTarget	2
isColorToken	2
isColumnLeader	2
isConstructSweepBatchComplete	2
isContainmentFocusSpellDamage	2
isControlledGameplaySlot	2
isDesignatedStrategicItemBuyer	2
isDispellableEnemyOf	2
isDyingCombatSapper	2
isElectedBuildRequestResponder	2
isEmitter	2
isFixed	2
isHighImpactLumberSink	2
isHolyShrineTarget	2
isIdleAttackUnit	2
isIncomeLineBuilding	2
isInsideOwnCastleRect	2
isKeyboardEventId	2
isLastCallbackSuccessful	2
isLegendarySpecialGoalTarget	2
isManaShieldEligible	2
isMapMakerQuestion	2
isModeRoundStartInProgress	2
isMouseEventId	2
isNo	2
isOtherAiCallsign	2
isPendingBuildTargetUnavailable	2
isPendingPersistent	2
isPersistentPriorityRequest	2
isPlayerunitEventId	2
isPowerPlantTwinAt	2
isPriorityClearCommand	2
isProductionBuilding	2
isRoundDrawVoteOpen	2
isRoundStatsBoardAvailable	2
isRsNonCastleDisabled	2
isRsRelatedIntent	2
isScoreTeamIndex	2
isSingleLimitBuilding	2
isSpellDebugEnabled	2
isSpellsEdgeSpellDamage	2
isStrategicAuraCandidateForTeam	2
isStrategicAuraProductionBuilding	2
isStuckDebugCommand	2
isSweepCriticalPath	2
isTargetCagedForContainmentFocus	2
isTeamParticipant	2
isTeamPlayer	2
isTranscendentBladesArmor	2
isTrueFor_wrapper	2
isWildernessObeliskTarget	2
isYes	2
issueAssassinImmediateOrder	2
issueCodeTargetOrder	2
issueFrostLauncherOrder	2
issueLifecycleUpgrade	2
itemTypeHasProtectedAbilityFields	2
item_getPos	2
item_getX	2
item_getY	2
jr	2
kN	2
keeperDispelProc	2
keeperSpell	2
killSecondEleBuildingAndCheck	2
lN	2
laneBridgeY	2
laneRouteSourceY	2
launchCampaignMission__w3p_vmProtect1	2
ledgerLastVarianceSaltForTests	2
ledgerVarianceCountForTests	2
lifecycleCleanup	2
lightningSpell	2
lightning_destr	2
linkerShowsPlayerPercentForE2e	2
linkerVisiblePercentLinesForE2e	2
localLedgerLane	2
lockRoundStatsBoard	2
logAiCandidateRank	2
logAiNoCandidate	2
logAiRescueStrikeEvent	2
mD	2
magicRuinSpell	2
makeAiInfoFrame	2
makeCampaignCheatRaceIds	2
makeCampaignCheatRecruitIds	2
makeCampaignCheatSupplies	2
makeChapterOneCheatStarMasks	2
mapcontrol_toString	2
markAfkCheckConfirmed	2
markBuilderSharedControl	2
markCampaignRunCheatTainted__w3p_vmProtect	2
markEventSent	2
markShrineReviveBlocked	2
markStrategicItemBought	2
maximizeLocalPlayerBoardForReshow	2
maybeCampaignConfusedChime	2
mbDebugStateSnapshot	2
mbUiDebug	2
measurePowerPlantReach	2
migrateBuildingLifecycleOwner	2
migrateLinkerOwner	2
mineLayerSpell	2
minimizeLocalPlayerBoardForReshow	2
missionTileIconSize	2
missionTileNameWidth	2
multiboard_hide	2
multiboard_maximize	2
multiboard_minimize	2
mushroomSpell	2
namedChild	2
nd	2
nextOrderSpamTimeout	2
nextPlayingPlayerById	2
nlk	2
normalizeAndTokenize	2
noteAiDecisionSuccess	2
noteCFBuildingConstructed__w3p_vmProtect	2
noteStrategicItemBoughtByPlayer	2
noteSuccess	2
nukeSapperUnit	2
oR	2
objectiveTextWidth	2
on1beforeLimitReached	2
on3beforeLimitReached	2
on5beforeLimitReached	2
onAllVotedDraw	2
onAttackStrikeCheck	2
onChaosPortalUnitSummoned	2
onEditBoxEnter	2
onEvent1	2
onIncomeTick	2
onIssuedPointOrTargetOrder	2
onLifecycleConstructed	2
onLifecycleUpgraded	2
onLightningBolt	2
onMasterSpell	2
onModeRoundEnd	2
onModeRoundStart	2
onPickSelectionConfirmed	2
onShrineProbeBuilt	2
onStatefulConstructed	2
onStructureBuiltRecomputeOutside	2
onSummonedUnit	2
onTimeLimitReached	2
onUnitEnteredMap	2
onUnitTrained	2
openFireModeText	2
oracleSpell	2
orderAssassinOrGoboW	2
orderShrineProbeBuild	2
pD	2
pairs	2
pendingMatchesHuman	2
perkPeriodic	2
perkProbeInventoryDetails	2
persistentDummyCarrierWithAbility	2
placeAllBuildingsForDevTest	2
placementName	2
player_allowAllBuildings	2
player_applyZoomLocal	2
player_clearDraftTextMessagesLocal	2
player_clearMessagesAndSelectionLocal	2
player_clearSelection	2
player_hideOriginFramesLocal	2
player_loadData	2
player_showOriginFramesLocal	2
player_unselect	2
playerslotstate_toString	2
poorHash	2
powerPlantOwner	2
powerPlantTwinSlotPos	2
prefilterBlockReason	2
prepareAssassinTargets	2
prepareGobboTargets	2
presetNextBuilding	2
processMasterLightningBolts	2
processSnowMissiles	2
processWorldFreezerMissiles	2
publishCampaignProfileLoaded	2
punishSelectedLocalControllers	2
pyramidSpell	2
qN	2
qkk	2
queueCampaignMissionStartFinalization	2
queueNextRound	2
raceChooserOrdersAreUnique	2
randomAliveEnemyNear	2
randomAliveGroundSapperNear	2
randomCampaignCheatRaceBuilderId	2
randomDyingSapper	2
randomFlyingEnemySapper	2
randomN02YOrder	2
randomNorthernBuildingTarget	2
randomWoundedEnemy	2
randomizeBloodFiend	2
rateBuilding	2
real_asAngleRadians	2
recordAiRankedChoices	2
recordAppliedUnitStat	2
recordCampaignCastleHealthPercent	2
recordCampaignChallengeElapsedSeconds	2
recordCampaignOwnerItemPurchase__w3p_vmProtect	2
recordCampaignRescueStrike__w3p_vmProtect	2
recordCampaignTrackedBuildingLost	2
recordDamage	2
recordDeath	2
recoverAiPresetAfterMissingUpgrade	2
redShieldSpell	2
redistributeAllLeaverUnits	2
redistributePlayerAssetsToTeam	2
refreshTeamSyncTargets	2
registerAiPreplacedBuilding	2
registerCurrentLastWallUnits	2
registerEventId	2
registerExecutionOrderPlayer	2
registerFeatheredFriendPlayer	2
registerFortifiedOutpostPlayer	2
registerHumanArtillery	2
registerPlayerEvent	2
registerPowerPlant	2
registerProductionEnchantmentPlayer	2
registerSapperDamage	2
registerSpellEnchantmentPlayer	2
registerStormchaserPlayer	2
registeredBuildingSpellLastTargetGroundForE2e	2
registeredBuildingSpellLastTargetOwnerIdForE2e	2
registeredBuildingSpellLastTargetSapperForE2e	2
registeredUnitSpellLastTargetFlyingForE2e	2
registeredUnitSpellLastTargetMechanicalForE2e	2
registeredUnitSpellLastTargetOwnerIdForE2e	2
registeredUnitSpellOrderCoveredForE2e	2
registeredUnitSpellTargetMatchesForE2e	2
releasePlayerStartLoc	2
releaseTransferredElement	2
rememberCampaignMissionDraft__w3p_vmProtect	2
removeAllPerkRemindersFromBuilder	2
removeCoinsAndStartNext	2
removeEnumItemExceptWolg	2
removeLeavingBuilder	2
removeOneFeatheredFriendBirdFood	2
removeOverlappingPlayers	2
removeSnow	2
renderSummaryCards	2
replaceDestructables	2
replacePlayer	2
reportCampaignChapterTwoSmoke	2
reportCampaignRetrySmoke	2
reportCampaignSmoke	2
reportCampaignSmokeE2e	2
resetAiPresetCursors	2
resetAiRescueStrikeCoordination	2
resetAllStats	2
resetCampaignRoundStartState__w3p_vmProtect	2
resetEleBuildingTotalCache	2
resetFeatheredFriendRoundStateFor	2
resetPlayerSpendStats	2
resetRegisteredSpellCoverageForE2e	2
resetRoundStatsTracking	2
resetStrategicItemBuyingState	2
resetStrategicSignals	2
resolveControlledSlotBuilderId	2
respondGenericIntent	2
respondUnknownBuilding	2
restartAiForCampaignProfile	2
restartDraftAfterRoundEnd	2
restoreAssassinTargetOrderW	2
restoreExpectedOrderAfterExternalOrder	2
restoreKilledDestructable	2
restoreLocalPlayerBoardForRoundStart	2
restoreSupportOrderW	2
returnPerk	2
reviewWatermark__w3p_vmProtect	2
roleMultiplier	2
rollBody	2
rollDice	2
roundStatsBoardTopLeft	2
rpk	2
runBuildingCatalogE2e	2
runCampaignSmoke	2
runCampaignUiRoundtripE2e	2
runConfiguredRaceMode	2
runCurrentUnitPerkProbes	2
runDraftRaceSelection	2
runFeatheredFriendGrantProbe	2
runFortifiedOutpostGrantProbe	2
runLinkerHealProbe	2
runModeRuntimeRoundtripE2e	2
runObeliskPhoenixFireBehaviorProbe	2
runPerkDamageProbes	2
runPickRaceSelection	2
runPickupAndPassiveItemProbes	2
runRandomRaceBan	2
runShrineEffectProbe	2
runStatefulConsumerProbe	2
runTeammateLinkerHealProbe	2
runTokenedE2eSuite	2
runTreasureBoxConsumer	2
run_wrapper	2
run_wrapper1	2
runtimeEnqueue	2
sA	2
sD	2
sampleStrategicSignal	2
scaleUnitModelSize	2
scanTick	2
scheduleCampaignOpeningLines	2
scoreIntent	2
scorePriorityIgnoringGold	2
secondCampaignMissionWithDifferentRoster	2
seedOutsideRow	2
seg	2
selectLaneRouteSourceY	2
selectedBotRacesAssigned	2
selectionHighlight	2
separator1	2
separator2	2
serpentRockShoot	2
setAiBuildablesFromList	2
setAiPowerPlantReadyPriority	2
setAiPresetLoopStartHere	2
setArtilleryModeAbilityIds	2
setBlockedForBuilding	2
setCampaignAiProfile	2
setCampaignAiSpeedBonus	2
setProbeVisitedStamp	2
setProductionEnchantedBuilding	2
setReservationCount	2
setSpecialAttackTriggerEnabled	2
setSpellEnchantedBuilding	2
setUnitAttackRangeFixed	2
settleLedger__w3p_vmProtect	2
setupDominationMode	2
setupRoundAlliances	2
shareDependentSlotsWithRemainingTeam	2
shouldAbortCampaignSupplyEffects	2
shouldAllowStrategicAuraSaveForEconomy	2
shouldApplyBaseUpgradeLookahead	2
shouldApplyRiptideAirBonus	2
shouldBlockBaseWhileLineUpgradeReady	2
shouldBlockForLegendarySpecialGoal	2
shouldBlockForLegendaryUnitRush	2
shouldBlockForLumberOverflowSpecialGoal	2
shouldBlockLateLegendaryUnitLineStart	2
shouldBlockLateLegendaryUnitLineStartForPlayer	2
shouldBlockLateLegendaryUnitLineStartForState	2
shouldBuyStrategicAuraImmediately	2
shouldCampaignAiPursueStrategicGoals	2
shouldCampaignAiQuickBuild	2
shouldCampaignAiStartFallbackTop	2
shouldCampaignAiUseCagePattern	2
shouldLogChoice	2
shouldPauseNormalBuildForStrategicAura	2
shouldPreferPowerPlant434Support	2
shouldPursueFirstPowerPlant434	2
shouldPursueLegendarySpecialGoal	2
shouldPursueLumberOverflowSpecialGoal	2
shouldPursueStrategicAuraGoal	2
shouldReadFile	2
shouldRescueStrike	2
shouldRestoreSupportOrderAfterExternalOrder	2
shouldRetryCampaignSupplyEffects	2
shouldRouteViaLaneBridge	2
shouldRunPeriodicSupportOrderForState	2
shouldSaveForReadyPrecursorUpgrade	2
shouldSaveForStrategicAiItem	2
shouldSaveForUnaffordableBuilding	2
shouldSaveGoldForStrategicAuraWithReliability	2
shouldSavePresetAura	2
shouldShowExtendedAiDetails	2
shouldStartOrderSpamPenalty	2
shouldThrottleAiRescueStrike	2
shouldUpdateAiInfoForPlayer	2
shouldUseEnemyRsDepletedMessage	2
showAlliedUltLabels	2
showCampaignMissionControls	2
showCampaignSurvivalTimer	2
showEnemyUltLabels	2
showIncomeDebug	2
showPlayerBoard	2
showRange	2
showRoundStatsBoardForAll	2
showSinglePlayerDialog__w3p_vmProtect	2
showSourceNotice__w3p_vmProtect	2
showTrainProgress	2
shrineOfDestructionSpell	2
skipBlockedCagedAiPreset	2
solarStrikeSpell	2
sourceNoticeText__w3p_vmProtect	2
spawnFeatheredFriendBird	2
spawnSyncedCompanions	2
spawnTimeForBuildingType	2
spellPeyote	2
spellReplenish	2
spellWitheringTouch	2
stageCampaignResourceSupplyEffects	2
stageCampaignTeamResourceAdjustment	2
starfallSpell	2
startAfkCheck	2
startAiCounterStierObservationWindow	2
startAreaRun	2
startBearSleep	2
startCampaignCastleHealthChallenge__w3p_vmProtect	2
startCampaignSurvivalTimer	2
startCampaign__w3p_vmProtect	2
startCustomMode__w3p_vmProtect	2
startDefaultDraft__w3p_vmProtect	2
startIdleAttackTimer	2
startIdleDetectionIfEnabled	2
startIssuedOrderTracking	2
startLadderModes__w3p_vmProtect	2
startLumberLimitClamp	2
startNextAreaIfIdle	2
startNextRoundViaModeRuntime	2
startOrderSpamPenalty	2
startPending	2
startRoundTimer	2
startTeamRescueStrikeCooldown	2
statefulProbeStep	2
stepsAlongX	2
stepsAlongY	2
stopLumberLimitClamp	2
stringCompare	2
string_isCharBoundary	2
string_lastIndexOf	2
string_toReal	2
stripColorCodes	2
success1	2
supplyCostTextWidth	2
syncArtilleryModeAvailability	2
syncPlayerGold	2
tabs	2
target	2
teamOf	2
teamPlayerCount	2
teamTotals	2
testFail	2
tgk	2
tick	2
tickJobQueue	2
tidalSpell	2
tile_getSnowTeamOrNeg1	2
tile_getType	2
tile_getX	2
tile_getY	2
tile_markSnowTeam	2
tile_unmarkSnow	2
timer_createTimerDialog	2
timer_doPeriodically	2
toRawCode	2
toggleAutoTrain	2
toggleExecutionOrderMode	2
toggleRoundStatsBoardFor	2
toggleSyncMsgs	2
tornadoStackProc	2
transferLifecycleOwnership	2
transferUnitToRemainingTeam	2
transpose	2
triesAt	2
trigger_registerEnterRegion	2
trigger_registerFrameEvent	2
trigger_registerPlayerUnitEvent	2
try	2
tryBuyPresetAura	2
tryBuyStrategicAiItem	2
tupleCopy17	2
tupleCopy6	2
uA	2
unitObjectMetaFingerprintForTests	2
unitStatSourceUnitIdAt	2
unit_addItemById	2
unit_getArmor	2
unit_getDefaultAcquireRange	2
unit_getDefaultMovespeed	2
unit_getFlyHeight	2
unit_getRallyUnit	2
unit_issueImmediateOrder	2
unit_resetSpawnQueue	2
unit_useItemPoint	2
unlockRoundStatsBoard	2
untrackLastWallUnit	2
unwrapCampaignSaveData	2
updateAiChoiceInfoFrame	2
updateCampaignSurvivalTimer	2
vN	2
vampireCharge	2
vec2_clampToBand	2
vec2_clampToSafeArea	2
vec2_getTerrainType	2
vec2_getTerrainZ	2
vec2_isTerrainPathable	2
vec2_op_mult	2
vec2_setSnow	2
vec3_toVec2	2
vesselOfPuritySpell	2
vnk	2
volcanoSpell	2
voteForGameDraw	2
wantedCode	2
warlockSpell	2
warnAfkPlayers	2
warning	2
wellOfPainSpell	2
widget_getX	2
widget_getY	2
wildernessObeliskSpell	2
winnerColor	2
winnerTitle	2
wouldPlacementCreateNewCageAt	2
wrapCampaignSaveData	2
xor16	2
yd	2
zN	2
AC	1
AD	1
AE	1
AF	1
AG	1
AH	1
AI	1
AJ	1
AK	1
AL	1
ALItrClosure_ALItrClosure_run	1
ALItrClosure_forEach_BuildingModeAvailability_run_forEach_BuildingModeAvailability	1
ALItrClosure_forEach_InfoWindow_InfoWindow_run_forEach_InfoWindow_InfoWindow	1
ALItrClosure_forEach_InfoWindow_InfoWindow_run_forEach_InfoWindow_InfoWindow1	1
ALItrClosure_forEach_InfoWindow_InfoWindow_run_forEach_InfoWindow_InfoWindow2	1
ALItrClosure_run	1
AM	1
AN	1
AP	1
AQ	1
Action_batch_AiRoundState_run_batch_AiRoundState	1
Action_batch_MultiboardEventHooks_run_batch_MultiboardEventHooks	1
Action_batch_MultiboardEventHooks_run_batch_MultiboardEventHooks1	1
Action_batch_MultiboardEventHooks_run_batch_MultiboardEventHooks2	1
Action_batch_MultiboardState_run_batch_MultiboardState	1
Action_batch_PlayerState_MultiboardState_run_batch_PlayerState_MultiboardState	1
Action_batch_add_MultiboardEventHooks_run_batch_add_MultiboardEventHooks	1
Action_watch_AiFullGameE2E_run_watch_AiFullGameE2E	1
Action_watch_AiFullGameE2E_run_watch_AiFullGameE2E1	1
Action_watch_CampaignMissionInfoOverlay_CampaignUI_run_watch_CampaignMissionInfoOverlay_CampaignUI	1
Action_watch_CampaignRuntime_run_watch_CampaignRuntime	1
Action_watch_CampaignUI_CampaignUI_run_watch_CampaignUI_CampaignUI	1
Action_watch_CampaignUI_CampaignUI_run_watch_CampaignUI_CampaignUI1	1
Action_watch_CampaignUI_CampaignUI_run_watch_CampaignUI_CampaignUI2	1
Action_watch_CampaignUI_CampaignUI_run_watch_CampaignUI_CampaignUI3	1
Action_watch_Campaign_run_watch_Campaign	1
Action_watch_DraftOrchestrator_run_watch_DraftOrchestrator	1
Action_watch_DraftPerkRegistry_run_watch_DraftPerkRegistry	1
Action_watch_DraftUIScreen_DraftUI_run_watch_DraftUIScreen_DraftUI	1
Action_watch_DraftUIScreen_DraftUI_run_watch_DraftUIScreen_DraftUI1	1
Action_watch_DraftWindow_DraftWindow_run_watch_DraftWindow_DraftWindow	1
Action_watch_GjallarHorn_run_watch_GjallarHorn	1
Action_watch_IdleDetectionRuntime_run_watch_IdleDetectionRuntime	1
Action_watch_IncomeUI_run_watch_IncomeUI	1
Action_watch_InfoWindow_InfoWindow_run_watch_InfoWindow_InfoWindow	1
Action_watch_ModeRaceRuntime_run_watch_ModeRaceRuntime	1
Action_watch_ModeRuntimeE2E_run_watch_ModeRuntimeE2E	1
Action_watch_ModeRuntimeE2E_run_watch_ModeRuntimeE2E1	1
Action_watch_MultiboardEventHooks_run_watch_MultiboardEventHooks	1
Action_watch_MultiboardInit_run_watch_MultiboardInit	1
Action_watch_OnUnitDeathHandler_run_watch_OnUnitDeathHandler	1
Action_watch_PerkBuildingEnchantment_run_watch_PerkBuildingEnchantment	1
Action_watch_PerkBuildingEnchantment_run_watch_PerkBuildingEnchantment1	1
Action_watch_PerkExecutionOrder_run_watch_PerkExecutionOrder	1
Action_watch_PerkFeatheredFriend_run_watch_PerkFeatheredFriend	1
Action_watch_PerkFortifiedOutpost_run_watch_PerkFortifiedOutpost	1
Action_watch_PerkStormchaser_run_watch_PerkStormchaser	1
Action_watch_RaceNelfAbilities_run_watch_RaceNelfAbilities	1
Action_watch_ReactivePlayerMultiboard_PlayerMultiboard_run_watch_ReactivePlayerMultiboard_PlayerMultiboard	1
Action_watch_RoundEndRuntime_run_watch_RoundEndRuntime	1
Action_watch_RoundStatsTracking_run_watch_RoundStatsTracking	1
Action_watch_SnowveilFountain_run_watch_SnowveilFountain	1
Action_watch_UltimateRoll_run_watch_UltimateRoll	1
Action_watch_doAfter_CameraMovementDetection_run_watch_doAfter_CameraMovementDetection	1
Action_watch_doAfter_IncomeUI_run_watch_doAfter_IncomeUI	1
Action_watch_doAfter_IncomeUI_run_watch_doAfter_IncomeUI1	1
Action_watch_doAfter_MMDData_run_watch_doAfter_MMDData	1
Action_watch_doAfter_MMDData_run_watch_doAfter_MMDData1	1
Action_watch_doAfter_RoundStatsBoard_run_watch_doAfter_RoundStatsBoard	1
Action_watch_doAfter_ThunderpawSpire_run_watch_doAfter_ThunderpawSpire	1
AddSpecialEffectTarget	1
AddWeatherEffect	1
AdjustPlayerStateBJ	1
Ae	1
AirVsAAAspect_AirVsAAAspect_calculateScore	1
AirVsAAAspect_AirVsAAAspect_deltaForBuilding	1
AirVsAAAspect_AirVsAAAspect_getDebugName	1
AirVsAAAspect_AirVsAAAspect_setBeforeScore	1
AirVsAAAspect_deltaForBuilding	1
AirVsAAAspect_getDebugName	1
AirVsAAAspect_setBeforeScore	1
Aj	1
Al	1
ArgHandler_addCommand_CampaignSmokeTest_handleArgs_addCommand_CampaignSmokeTest	1
ArgHandler_addCommand_CampaignSmokeTest_handleArgs_addCommand_CampaignSmokeTest1	1
ArgHandler_addCommand_CampaignSmokeTest_handleArgs_addCommand_CampaignSmokeTest2	1
ArgHandler_addCommand_CampaignSmokeTest_handleArgs_addCommand_CampaignSmokeTest3	1
ArgHandler_addCommand_Campaign_handleArgs_addCommand_Campaign	1
ArgHandler_addCommand_Campaign_handleArgs_addCommand_Campaign1	1
ArgHandler_addCommand_Campaign_handleArgs_addCommand_Campaign2	1
ArgHandler_addCommand_Campaign_handleArgs_addCommand_Campaign3	1
ArgHandler_addCommand_Commands_handleArgs_addCommand_Commands	1
ArgHandler_addCommand_Commands_handleArgs_addCommand_Commands1	1
ArgHandler_addCommand_Commands_handleArgs_addCommand_Commands10	1
ArgHandler_addCommand_Commands_handleArgs_addCommand_Commands11	1
ArgHandler_addCommand_Commands_handleArgs_addCommand_Commands12	1
ArgHandler_addCommand_Commands_handleArgs_addCommand_Commands13	1
ArgHandler_addCommand_Commands_handleArgs_addCommand_Commands14	1
ArgHandler_addCommand_Commands_handleArgs_addCommand_Commands15	1
ArgHandler_addCommand_Commands_handleArgs_addCommand_Commands16	1
ArgHandler_addCommand_Commands_handleArgs_addCommand_Commands17	1
ArgHandler_addCommand_Commands_handleArgs_addCommand_Commands18	1
ArgHandler_addCommand_Commands_handleArgs_addCommand_Commands19	1
ArgHandler_addCommand_Commands_handleArgs_addCommand_Commands2	1
ArgHandler_addCommand_Commands_handleArgs_addCommand_Commands20	1
ArgHandler_addCommand_Commands_handleArgs_addCommand_Commands21	1
ArgHandler_addCommand_Commands_handleArgs_addCommand_Commands22	1
ArgHandler_addCommand_Commands_handleArgs_addCommand_Commands23	1
ArgHandler_addCommand_Commands_handleArgs_addCommand_Commands24	1
ArgHandler_addCommand_Commands_handleArgs_addCommand_Commands25	1
ArgHandler_addCommand_Commands_handleArgs_addCommand_Commands26	1
ArgHandler_addCommand_Commands_handleArgs_addCommand_Commands27	1
ArgHandler_addCommand_Commands_handleArgs_addCommand_Commands28	1
ArgHandler_addCommand_Commands_handleArgs_addCommand_Commands29	1
ArgHandler_addCommand_Commands_handleArgs_addCommand_Commands3	1
ArgHandler_addCommand_Commands_handleArgs_addCommand_Commands30	1
ArgHandler_addCommand_Commands_handleArgs_addCommand_Commands31	1
ArgHandler_addCommand_Commands_handleArgs_addCommand_Commands32	1
ArgHandler_addCommand_Commands_handleArgs_addCommand_Commands33	1
ArgHandler_addCommand_Commands_handleArgs_addCommand_Commands34	1
ArgHandler_addCommand_Commands_handleArgs_addCommand_Commands35	1
ArgHandler_addCommand_Commands_handleArgs_addCommand_Commands36	1
ArgHandler_addCommand_Commands_handleArgs_addCommand_Commands37	1
ArgHandler_addCommand_Commands_handleArgs_addCommand_Commands38	1
ArgHandler_addCommand_Commands_handleArgs_addCommand_Commands39	1
ArgHandler_addCommand_Commands_handleArgs_addCommand_Commands4	1
ArgHandler_addCommand_Commands_handleArgs_addCommand_Commands40	1
ArgHandler_addCommand_Commands_handleArgs_addCommand_Commands5	1
ArgHandler_addCommand_Commands_handleArgs_addCommand_Commands6	1
ArgHandler_addCommand_Commands_handleArgs_addCommand_Commands7	1
ArgHandler_addCommand_Commands_handleArgs_addCommand_Commands8	1
ArgHandler_addCommand_Commands_handleArgs_addCommand_Commands9	1
ArgHandler_addCommand_WurstCommand_handleArgs_addCommand_WurstCommand	1
ArmorResilienceAspect_ArmorResilienceAspect_deltaForBuilding	1
ArmorResilienceAspect_ArmorResilienceAspect_getDebugName	1
ArmorResilienceAspect_ArmorResilienceAspect_setBeforeScore	1
ArrayListPredicate_ArrayListPredicate_isTrueFor	1
ArrayListPredicate_find_AiBuildingChoice_isTrueFor_find_AiBuildingChoice	1
ArrayListPredicate_find_AiBuildingChoice_isTrueFor_find_AiBuildingChoice1	1
ArrayListPredicate_find_InfoWindow_InfoWindow_isTrueFor_find_InfoWindow_InfoWindow	1
ArrayListPredicate_find_InfoWindow_InfoWindow_isTrueFor_find_InfoWindow_InfoWindow1	1
ArrayListPredicate_find_InfoWindow_InfoWindow_isTrueFor_find_InfoWindow_InfoWindow2	1
ArrayListPredicate_find_InfoWindow_InfoWindow_isTrueFor_find_InfoWindow_InfoWindow3	1
ArrayListPredicate_find_onClick_TeammateGrid_InfoWindow_isTrueFor_find_onClick_TeammateGrid_InfoWindow	1
ArrayListPredicate_find_onStarterPick_TeammateGrid_InfoWindow_isTrueFor_find_onStarterPick_TeammateGrid_InfoWindow	1
ArrayListPredicate_isTrueFor	1
AttachSoundToUnit	1
B	1
BC	1
BD	1
BE	1
BF	1
BG	1
BH	1
BI	1
BJ	1
BK	1
BL	1
BM	1
BN	1
BO	1
BP	1
BQ	1
Bhk	1
BlueBar_BlueBar_getActiveTexture	1
BlueBar_getActiveTexture	1
BlzBitAnd	1
BlzBitXor	1
BlzChangeMinimapTerrainTex	1
BlzCreateFrame	1
BlzCreateFrameByType	1
BlzDisplayChatMessage	1
BlzEndUnitAbilityCooldown	1
BlzFrameAddText	1
BlzFrameClearAllPoints	1
BlzFrameClick	1
BlzFrameGetChild	1
BlzFrameGetChildrenCount	1
BlzFrameGetEnable	1
BlzFrameGetHeight	1
BlzFrameGetParent	1
BlzFrameGetText	1
BlzFrameGetWidth	1
BlzFrameIsVisible	1
BlzFrameSetAbsPoint	1
BlzFrameSetAllPoints	1
BlzFrameSetAlpha	1
BlzFrameSetEnable	1
BlzFrameSetFocus	1
BlzFrameSetLevel	1
BlzFrameSetMinMaxValue	1
BlzFrameSetParent	1
BlzFrameSetPoint	1
BlzFrameSetScale	1
BlzFrameSetSize	1
BlzFrameSetStepSize	1
BlzFrameSetText	1
BlzFrameSetTextAlignment	1
BlzFrameSetTextColor	1
BlzFrameSetTexture	1
BlzFrameSetTooltip	1
BlzFrameSetValue	1
BlzFrameSetVisible	1
BlzGetAbilityId	1
BlzGetAbilityIntegerField	1
BlzGetAbilityIntegerLevelField	1
BlzGetAbilityRealLevelField	1
BlzGetAbilityTooltip	1
BlzGetEventWeaponType	1
BlzGetItemAbility	1
BlzGetItemAbilityByIndex	1
BlzGetOriginFrame	1
BlzGetTriggerFrame	1
BlzGetTriggerFrameEvent	1
BlzGetTriggerFrameText	1
BlzGetTriggerFrameValue	1
BlzGetUnitAbility	1
BlzGetUnitAbilityByIndex	1
BlzGetUnitAbilityCooldown	1
BlzGetUnitAbilityCooldownRemaining	1
BlzGetUnitAbilityManaCost	1
BlzGetUnitArmor	1
BlzGetUnitAttackCooldown	1
BlzGetUnitBaseDamage	1
BlzGetUnitDiceNumber	1
BlzGetUnitDiceSides	1
BlzGetUnitIntegerField	1
BlzGetUnitMaxHP	1
BlzGetUnitRealField	1
BlzGetUnitWeaponBooleanField	1
BlzGetUnitWeaponIntegerField	1
BlzGetUnitWeaponRealField	1
BlzGroupAddGroupFast	1
BlzGroupGetSize	1
BlzGroupUnitAt	1
BlzIsUnitInvulnerable	1
BlzLoadTOCFile	1
BlzPlaySpecialEffect	1
BlzQueuePointOrderById	1
BlzSetAbilityExtendedTooltip	1
BlzSetAbilityIcon	1
BlzSetAbilityIntegerLevelField	1
BlzSetAbilityRealLevelField	1
BlzSetEventAttackType	1
BlzSetEventDamageType	1
BlzSetEventWeaponType	1
BlzSetSpecialEffectAlpha	1
BlzSetSpecialEffectColor	1
BlzSetSpecialEffectColorByPlayer	1
BlzSetSpecialEffectOrientation	1
BlzSetSpecialEffectScale	1
BlzSetSpecialEffectYaw	1
BlzSetSpecialEffectZ	1
BlzSetUnitArmor	1
BlzSetUnitAttackCooldown	1
BlzSetUnitBaseDamage	1
BlzSetUnitDiceNumber	1
BlzSetUnitDiceSides	1
BlzSetUnitFacingEx	1
BlzSetUnitIntegerField	1
BlzSetUnitMaxHP	1
BlzSetUnitMaxMana	1
BlzSetUnitRealField	1
BlzSetUnitWeaponRealField	1
BlzStartUnitAbilityCooldown	1
BlzTriggerRegisterFrameEvent	1
BlzUnitClearOrders	1
Bqk	1
Br	1
Brk	1
BufferSyncListener_sync_SaveLoadData_onDataSynced_sync_SaveLoadData	1
BuildAtTarget_BuildAtTarget_enter	1
BuildAtTarget_destroyBuildAtTarget	1
BuildingAttachmentHandler_registerBuildingAttach_DesertRace_call_registerBuildingAttach_DesertRace	1
BuildingAttachmentHandler_registerBuildingAttach_DesertRace_call_registerBuildingAttach_DesertRace1	1
BuildingAttachmentHandler_registerBuildingAttach_DesertRace_call_registerBuildingAttach_DesertRace10	1
BuildingAttachmentHandler_registerBuildingAttach_DesertRace_call_registerBuildingAttach_DesertRace11	1
BuildingAttachmentHandler_registerBuildingAttach_DesertRace_call_registerBuildingAttach_DesertRace12	1
BuildingAttachmentHandler_registerBuildingAttach_DesertRace_call_registerBuildingAttach_DesertRace13	1
BuildingAttachmentHandler_registerBuildingAttach_DesertRace_call_registerBuildingAttach_DesertRace14	1
BuildingAttachmentHandler_registerBuildingAttach_DesertRace_call_registerBuildingAttach_DesertRace15	1
BuildingAttachmentHandler_registerBuildingAttach_DesertRace_call_registerBuildingAttach_DesertRace2	1
BuildingAttachmentHandler_registerBuildingAttach_DesertRace_call_registerBuildingAttach_DesertRace3	1
BuildingAttachmentHandler_registerBuildingAttach_DesertRace_call_registerBuildingAttach_DesertRace4	1
BuildingAttachmentHandler_registerBuildingAttach_DesertRace_call_registerBuildingAttach_DesertRace5	1
BuildingAttachmentHandler_registerBuildingAttach_DesertRace_call_registerBuildingAttach_DesertRace6	1
BuildingAttachmentHandler_registerBuildingAttach_DesertRace_call_registerBuildingAttach_DesertRace7	1
BuildingAttachmentHandler_registerBuildingAttach_DesertRace_call_registerBuildingAttach_DesertRace8	1
BuildingAttachmentHandler_registerBuildingAttach_DesertRace_call_registerBuildingAttach_DesertRace9	1
BuildingAttachmentHandler_registerBuildingAttach_PandarenBuildings_call_registerBuildingAttach_PandarenBuildings	1
BuildingAttachmentHandler_registerBuildingAttach_RaceChaos_call_registerBuildingAttach_RaceChaos	1
BuildingAttachmentHandler_registerBuildingAttach_RaceCorrupted_call_registerBuildingAttach_RaceCorrupted	1
BuildingAttachmentHandler_registerBuildingAttach_RaceCorrupted_call_registerBuildingAttach_RaceCorrupted1	1
BuildingAttachmentHandler_registerBuildingAttach_RaceCorrupted_call_registerBuildingAttach_RaceCorrupted2	1
BuildingAttachmentHandler_registerBuildingAttach_RaceCorrupted_call_registerBuildingAttach_RaceCorrupted3	1
BuildingAttachmentHandler_registerBuildingAttach_RaceElemental_call_registerBuildingAttach_RaceElemental	1
BuildingAttachmentHandler_registerBuildingAttach_RaceElemental_call_registerBuildingAttach_RaceElemental1	1
BuildingAttachmentHandler_registerBuildingAttach_RaceElemental_call_registerBuildingAttach_RaceElemental10	1
BuildingAttachmentHandler_registerBuildingAttach_RaceElemental_call_registerBuildingAttach_RaceElemental11	1
BuildingAttachmentHandler_registerBuildingAttach_RaceElemental_call_registerBuildingAttach_RaceElemental12	1
BuildingAttachmentHandler_registerBuildingAttach_RaceElemental_call_registerBuildingAttach_RaceElemental13	1
BuildingAttachmentHandler_registerBuildingAttach_RaceElemental_call_registerBuildingAttach_RaceElemental14	1
BuildingAttachmentHandler_registerBuildingAttach_RaceElemental_call_registerBuildingAttach_RaceElemental15	1
BuildingAttachmentHandler_registerBuildingAttach_RaceElemental_call_registerBuildingAttach_RaceElemental16	1
BuildingAttachmentHandler_registerBuildingAttach_RaceElemental_call_registerBuildingAttach_RaceElemental17	1
BuildingAttachmentHandler_registerBuildingAttach_RaceElemental_call_registerBuildingAttach_RaceElemental2	1
BuildingAttachmentHandler_registerBuildingAttach_RaceElemental_call_registerBuildingAttach_RaceElemental3	1
BuildingAttachmentHandler_registerBuildingAttach_RaceElemental_call_registerBuildingAttach_RaceElemental4	1
BuildingAttachmentHandler_registerBuildingAttach_RaceElemental_call_registerBuildingAttach_RaceElemental5	1
BuildingAttachmentHandler_registerBuildingAttach_RaceElemental_call_registerBuildingAttach_RaceElemental6	1
BuildingAttachmentHandler_registerBuildingAttach_RaceElemental_call_registerBuildingAttach_RaceElemental7	1
BuildingAttachmentHandler_registerBuildingAttach_RaceElemental_call_registerBuildingAttach_RaceElemental8	1
BuildingAttachmentHandler_registerBuildingAttach_RaceElemental_call_registerBuildingAttach_RaceElemental9	1
BuildingAttachmentHandler_registerBuildingAttach_RaceElven_call_registerBuildingAttach_RaceElven	1
BuildingAttachmentHandler_registerBuildingAttach_RaceElven_call_registerBuildingAttach_RaceElven1	1
BuildingAttachmentHandler_registerBuildingAttach_RaceHuman_call_registerBuildingAttach_RaceHuman	1
BuildingAttachmentHandler_registerBuildingAttach_RaceMech_call_registerBuildingAttach_RaceMech	1
BuildingAttachmentHandler_registerBuildingAttach_RaceMech_call_registerBuildingAttach_RaceMech1	1
BuildingAttachmentHandler_registerBuildingAttach_RaceMech_call_registerBuildingAttach_RaceMech2	1
BuildingAttachmentHandler_registerBuildingAttach_RaceMech_call_registerBuildingAttach_RaceMech3	1
BuildingAttachmentHandler_registerBuildingAttach_RaceMech_call_registerBuildingAttach_RaceMech4	1
BuildingAttachmentHandler_registerBuildingAttach_RaceMech_call_registerBuildingAttach_RaceMech5	1
BuildingAttachmentHandler_registerBuildingAttach_RaceMech_call_registerBuildingAttach_RaceMech6	1
BuildingAttachmentHandler_registerBuildingAttach_RaceMech_call_registerBuildingAttach_RaceMech7	1
BuildingAttachmentHandler_registerBuildingAttach_RaceMech_call_registerBuildingAttach_RaceMech8	1
BuildingAttachmentHandler_registerBuildingAttach_RaceMech_call_registerBuildingAttach_RaceMech9	1
BuildingAttachmentHandler_registerBuildingAttach_RaceNature_call_registerBuildingAttach_RaceNature	1
BuildingAttachmentHandler_registerBuildingAttach_RaceNature_call_registerBuildingAttach_RaceNature1	1
BuildingAttachmentHandler_registerBuildingAttach_RaceNature_call_registerBuildingAttach_RaceNature2	1
BuildingAttachmentHandler_registerBuildingAttach_RaceNature_call_registerBuildingAttach_RaceNature3	1
BuildingAttachmentHandler_registerBuildingAttach_RaceNature_call_registerBuildingAttach_RaceNature4	1
BuildingAttachmentHandler_registerBuildingAttach_RaceNature_call_registerBuildingAttach_RaceNature5	1
BuildingAttachmentHandler_registerBuildingAttach_RaceNelf_call_registerBuildingAttach_RaceNelf	1
BuildingAttachmentHandler_registerBuildingAttach_RaceNelf_call_registerBuildingAttach_RaceNelf1	1
BuildingAttachmentHandler_registerBuildingAttach_RaceNelf_call_registerBuildingAttach_RaceNelf2	1
BuildingAttachmentHandler_registerBuildingAttach_RaceNelf_call_registerBuildingAttach_RaceNelf3	1
BuildingAttachmentHandler_registerBuildingAttach_RaceNelf_call_registerBuildingAttach_RaceNelf4	1
BuildingAttachmentHandler_registerBuildingAttach_RaceNelf_call_registerBuildingAttach_RaceNelf5	1
BuildingAttachmentHandler_registerBuildingAttach_RaceNelf_call_registerBuildingAttach_RaceNelf6	1
BuildingAttachmentHandler_registerBuildingAttach_RaceNelf_call_registerBuildingAttach_RaceNelf7	1
BuildingAttachmentHandler_registerBuildingAttach_RaceNelf_call_registerBuildingAttach_RaceNelf8	1
BuildingAttachmentHandler_registerBuildingAttach_RaceNorthern_call_registerBuildingAttach_RaceNorthern	1
BuildingAttachmentHandler_registerBuildingAttach_RaceOrc_call_registerBuildingAttach_RaceOrc	1
BuildingSpellClosure_registerBuildingSpellWithEffect_RaceNorthernAbilities_cast_registerBuildingSpellWithEffect_RaceNorthernAbilities	1
BuildingSpellClosure_registerBuildingSpellWithEffect_RaceNorthernAbilities_cast_registerBuildingSpellWithEffect_RaceNorthernAbilities1	1
BuildingSpellClosure_registerBuildingSpellWithEffect_RaceNorthernAbilities_cast_registerBuildingSpellWithEffect_RaceNorthernAbilities2	1
BuildingSpellClosure_registerBuildingSpellWithTarget_RaceNagaAbilities_cast_registerBuildingSpellWithTarget_RaceNagaAbilities	1
BuildingSpellClosure_registerBuildingSpellWithTarget_SnowveilFountain_cast_registerBuildingSpellWithTarget_SnowveilFountain	1
BuildingSpellClosure_registerBuildingSpell_GjallarHorn_cast_registerBuildingSpell_GjallarHorn	1
BuildingSpellClosure_registerBuildingSpell_PandarenBuildings_cast_registerBuildingSpell_PandarenBuildings	1
BuildingSpellClosure_registerBuildingSpell_RaceChaosAbilities_cast_registerBuildingSpell_RaceChaosAbilities	1
BuildingSpellClosure_registerBuildingSpell_RaceChaosAbilities_cast_registerBuildingSpell_RaceChaosAbilities1	1
BuildingSpellClosure_registerBuildingSpell_RaceChaosAbilities_cast_registerBuildingSpell_RaceChaosAbilities2	1
BuildingSpellClosure_registerBuildingSpell_RaceChaosAbilities_cast_registerBuildingSpell_RaceChaosAbilities3	1
BuildingSpellClosure_registerBuildingSpell_RaceChaosAbilities_cast_registerBuildingSpell_RaceChaosAbilities4	1
BuildingSpellClosure_registerBuildingSpell_RaceChaosAbilities_cast_registerBuildingSpell_RaceChaosAbilities5	1
BuildingSpellClosure_registerBuildingSpell_RaceCorruptedAbilities_cast_registerBuildingSpell_RaceCorruptedAbilities	1
BuildingSpellClosure_registerBuildingSpell_RaceCorruptedAbilities_cast_registerBuildingSpell_RaceCorruptedAbilities1	1
BuildingSpellClosure_registerBuildingSpell_RaceDesertAbilities_cast_registerBuildingSpell_RaceDesertAbilities	1
BuildingSpellClosure_registerBuildingSpell_RaceDesertAbilities_cast_registerBuildingSpell_RaceDesertAbilities1	1
BuildingSpellClosure_registerBuildingSpell_RaceDesertAbilities_cast_registerBuildingSpell_RaceDesertAbilities2	1
BuildingSpellClosure_registerBuildingSpell_RaceElementalAbilities_cast_registerBuildingSpell_RaceElementalAbilities	1
BuildingSpellClosure_registerBuildingSpell_RaceElementalAbilities_cast_registerBuildingSpell_RaceElementalAbilities1	1
BuildingSpellClosure_registerBuildingSpell_RaceElementalAbilities_cast_registerBuildingSpell_RaceElementalAbilities2	1
BuildingSpellClosure_registerBuildingSpell_RaceElvenAbilities_cast_registerBuildingSpell_RaceElvenAbilities	1
BuildingSpellClosure_registerBuildingSpell_RaceMechAbilities_cast_registerBuildingSpell_RaceMechAbilities	1
BuildingSpellClosure_registerBuildingSpell_RaceMechAbilities_cast_registerBuildingSpell_RaceMechAbilities1	1
BuildingSpellClosure_registerBuildingSpell_RaceNagaAbilities_cast_registerBuildingSpell_RaceNagaAbilities	1
BuildingSpellClosure_registerBuildingSpell_RaceNagaAbilities_cast_registerBuildingSpell_RaceNagaAbilities1	1
BuildingSpellClosure_registerBuildingSpell_RaceNatureAbilities_cast_registerBuildingSpell_RaceNatureAbilities	1
BuildingSpellClosure_registerBuildingSpell_RaceNatureAbilities_cast_registerBuildingSpell_RaceNatureAbilities1	1
BuildingSpellClosure_registerBuildingSpell_RaceNatureAbilities_cast_registerBuildingSpell_RaceNatureAbilities2	1
BuildingSpellClosure_registerBuildingSpell_RaceNelfAbilities_cast_registerBuildingSpell_RaceNelfAbilities	1
BuildingSpellClosure_registerBuildingSpell_RaceNelfAbilities_cast_registerBuildingSpell_RaceNelfAbilities1	1
BuildingSpellClosure_registerBuildingSpell_RaceNelfAbilities_cast_registerBuildingSpell_RaceNelfAbilities2	1
BuildingSpellClosure_registerBuildingSpell_RaceNorthernAbilities_cast_registerBuildingSpell_RaceNorthernAbilities	1
BuildingSpellClosure_registerBuildingSpell_RaceOrcAbilities_cast_registerBuildingSpell_RaceOrcAbilities	1
BuildingSpellClosure_registerBuildingSpell_RaceOrcAbilities_cast_registerBuildingSpell_RaceOrcAbilities1	1
BuildingSpellClosure_registerBuildingSpell_RaceOrcAbilities_cast_registerBuildingSpell_RaceOrcAbilities2	1
BuildingSpellClosure_registerBuildingSpell_RaceOrcAbilities_cast_registerBuildingSpell_RaceOrcAbilities3	1
BuildingSpellClosure_registerBuildingSpell_RaceOrcAbilities_cast_registerBuildingSpell_RaceOrcAbilities4	1
BuildingSpellClosure_registerBuildingSpell_RaceUndeadAbilities_cast_registerBuildingSpell_RaceUndeadAbilities	1
BuildingSpellClosure_registerBuildingSpell_RaceUndeadAbilities_cast_registerBuildingSpell_RaceUndeadAbilities1	1
BuildingSpellClosure_registerBuildingSpell_RaceUndeadAbilities_cast_registerBuildingSpell_RaceUndeadAbilities2	1
BuildingSpellClosure_registerBuildingSpell_SnowveilFountain_cast_registerBuildingSpell_SnowveilFountain	1
BuildingSpellClosure_registerBuildingSpell_ThunderpawSpire_cast_registerBuildingSpell_ThunderpawSpire	1
BuildingSpellClosure_registerBuildingSpell_VesselOfPurity_cast_registerBuildingSpell_VesselOfPurity	1
C	1
CC	1
CD	1
CE	1
CF	1
CFRace_CFRace_addBuilding	1
CG	1
CH	1
CI	1
CJ	1
CK	1
CL	1
CM	1
CO	1
CP	1
CallbackPeriodic_doPeriodically_AiEngagement_call_doPeriodically_AiEngagement	1
CallbackPeriodic_doPeriodically_CampaignChallenges_call_doPeriodically_CampaignChallenges	1
CallbackPeriodic_doPeriodically_CampaignRuntime_call_doPeriodically_CampaignRuntime	1
CallbackPeriodic_doPeriodically_DraftController_DraftData_call_doPeriodically_DraftController_DraftData	1
CallbackPeriodic_doPeriodically_DraftController_DraftData_call_doPeriodically_DraftController_DraftData1	1
CallbackPeriodic_doPeriodically_DraftController_DraftData_call_doPeriodically_DraftController_DraftData2	1
CallbackPeriodic_doPeriodically_E2E_E2E_call_doPeriodically_E2E_E2E	1
CallbackPeriodic_doPeriodically_IdleDetectionRuntime_call_doPeriodically_IdleDetectionRuntime	1
CallbackPeriodic_doPeriodically_MMD_call_doPeriodically_MMD	1
CallbackPeriodic_doPeriodically_ModeAppliers_call_doPeriodically_ModeAppliers	1
CallbackPeriodic_doPeriodically_ModeRaceRuntime_call_doPeriodically_ModeRaceRuntime	1
CallbackPeriodic_doPeriodically_ModeRaceRuntime_call_doPeriodically_ModeRaceRuntime1	1
CallbackPeriodic_doPeriodically_ModeRaceRuntime_call_doPeriodically_ModeRaceRuntime2	1
CallbackPeriodic_doPeriodically_MultiboardAttach_call_doPeriodically_MultiboardAttach	1
CallbackPeriodic_doPeriodically_PSA_call_doPeriodically_PSA	1
CallbackPeriodic_doPeriodically_RaceDesertAbilities_call_doPeriodically_RaceDesertAbilities	1
CallbackPeriodic_doPeriodically_RaceNatureAbilities_call_doPeriodically_RaceNatureAbilities	1
CallbackPeriodic_doPeriodically_RoundEndRuntime_call_doPeriodically_RoundEndRuntime	1
CallbackPeriodic_doPeriodically_addCommand_Commands_call_doPeriodically_addCommand_Commands	1
CallbackPeriodic_doPeriodically_addCommand_Commands_call_doPeriodically_addCommand_Commands1	1
CallbackPeriodic_doPeriodically_doAfter_AiExecutor_CustomAI_call_doPeriodically_doAfter_AiExecutor_CustomAI	1
CallbackPeriodic_doPeriodically_doAfter_CfCastlePathing_call_doPeriodically_doAfter_CfCastlePathing	1
CallbackPeriodic_doPeriodically_doAfter_MMDData_call_doPeriodically_doAfter_MMDData	1
CallbackPeriodic_doPeriodically_doAfter_doAfter_AiFullGameE2E_call_doPeriodically_doAfter_doAfter_AiFullGameE2E	1
CallbackPeriodic_doPeriodically_watch_doAfter_IncomeUI_call_doPeriodically_watch_doAfter_IncomeUI	1
CallbackPeriodic_perkPeriodic_PerkFeatheredFriend_call_perkPeriodic_PerkFeatheredFriend	1
CallbackSingle_doAfter_AfkCheck_call_doAfter_AfkCheck	1
CallbackSingle_doAfter_AfkCheck_call_doAfter_AfkCheck1	1
CallbackSingle_doAfter_AiChatIntent_call_doAfter_AiChatIntent	1
CallbackSingle_doAfter_AiExecutor_CustomAI_call_doAfter_AiExecutor_CustomAI	1
CallbackSingle_doAfter_AiExecutor_CustomAI_call_doAfter_AiExecutor_CustomAI1	1
CallbackSingle_doAfter_AiFullGameE2E_call_doAfter_AiFullGameE2E	1
CallbackSingle_doAfter_AiFullGameE2E_call_doAfter_AiFullGameE2E1	1
CallbackSingle_doAfter_AiFullGameE2E_call_doAfter_AiFullGameE2E2	1
CallbackSingle_doAfter_Banlist_call_doAfter_Banlist	1
CallbackSingle_doAfter_BuildingCatalogE2E_call_doAfter_BuildingCatalogE2E	1
CallbackSingle_doAfter_BuildingCatalogE2E_call_doAfter_BuildingCatalogE2E1	1
CallbackSingle_doAfter_BuildingCatalogE2E_call_doAfter_BuildingCatalogE2E10	1
CallbackSingle_doAfter_BuildingCatalogE2E_call_doAfter_BuildingCatalogE2E11	1
CallbackSingle_doAfter_BuildingCatalogE2E_call_doAfter_BuildingCatalogE2E12	1
CallbackSingle_doAfter_BuildingCatalogE2E_call_doAfter_BuildingCatalogE2E13	1
CallbackSingle_doAfter_BuildingCatalogE2E_call_doAfter_BuildingCatalogE2E14	1
CallbackSingle_doAfter_BuildingCatalogE2E_call_doAfter_BuildingCatalogE2E15	1
CallbackSingle_doAfter_BuildingCatalogE2E_call_doAfter_BuildingCatalogE2E16	1
CallbackSingle_doAfter_BuildingCatalogE2E_call_doAfter_BuildingCatalogE2E17	1
CallbackSingle_doAfter_BuildingCatalogE2E_call_doAfter_BuildingCatalogE2E18	1
CallbackSingle_doAfter_BuildingCatalogE2E_call_doAfter_BuildingCatalogE2E19	1
CallbackSingle_doAfter_BuildingCatalogE2E_call_doAfter_BuildingCatalogE2E2	1
CallbackSingle_doAfter_BuildingCatalogE2E_call_doAfter_BuildingCatalogE2E20	1
CallbackSingle_doAfter_BuildingCatalogE2E_call_doAfter_BuildingCatalogE2E21	1
CallbackSingle_doAfter_BuildingCatalogE2E_call_doAfter_BuildingCatalogE2E22	1
CallbackSingle_doAfter_BuildingCatalogE2E_call_doAfter_BuildingCatalogE2E23	1
CallbackSingle_doAfter_BuildingCatalogE2E_call_doAfter_BuildingCatalogE2E24	1
CallbackSingle_doAfter_BuildingCatalogE2E_call_doAfter_BuildingCatalogE2E25	1
CallbackSingle_doAfter_BuildingCatalogE2E_call_doAfter_BuildingCatalogE2E26	1
CallbackSingle_doAfter_BuildingCatalogE2E_call_doAfter_BuildingCatalogE2E27	1
CallbackSingle_doAfter_BuildingCatalogE2E_call_doAfter_BuildingCatalogE2E28	1
CallbackSingle_doAfter_BuildingCatalogE2E_call_doAfter_BuildingCatalogE2E29	1
CallbackSingle_doAfter_BuildingCatalogE2E_call_doAfter_BuildingCatalogE2E3	1
CallbackSingle_doAfter_BuildingCatalogE2E_call_doAfter_BuildingCatalogE2E30	1
CallbackSingle_doAfter_BuildingCatalogE2E_call_doAfter_BuildingCatalogE2E31	1
CallbackSingle_doAfter_BuildingCatalogE2E_call_doAfter_BuildingCatalogE2E32	1
CallbackSingle_doAfter_BuildingCatalogE2E_call_doAfter_BuildingCatalogE2E33	1
CallbackSingle_doAfter_BuildingCatalogE2E_call_doAfter_BuildingCatalogE2E34	1
CallbackSingle_doAfter_BuildingCatalogE2E_call_doAfter_BuildingCatalogE2E35	1
CallbackSingle_doAfter_BuildingCatalogE2E_call_doAfter_BuildingCatalogE2E36	1
CallbackSingle_doAfter_BuildingCatalogE2E_call_doAfter_BuildingCatalogE2E37	1
CallbackSingle_doAfter_BuildingCatalogE2E_call_doAfter_BuildingCatalogE2E38	1
CallbackSingle_doAfter_BuildingCatalogE2E_call_doAfter_BuildingCatalogE2E39	1
CallbackSingle_doAfter_BuildingCatalogE2E_call_doAfter_BuildingCatalogE2E4	1
CallbackSingle_doAfter_BuildingCatalogE2E_call_doAfter_BuildingCatalogE2E40	1
CallbackSingle_doAfter_BuildingCatalogE2E_call_doAfter_BuildingCatalogE2E41	1
CallbackSingle_doAfter_BuildingCatalogE2E_call_doAfter_BuildingCatalogE2E42	1
CallbackSingle_doAfter_BuildingCatalogE2E_call_doAfter_BuildingCatalogE2E43	1
CallbackSingle_doAfter_BuildingCatalogE2E_call_doAfter_BuildingCatalogE2E44	1
CallbackSingle_doAfter_BuildingCatalogE2E_call_doAfter_BuildingCatalogE2E45	1
CallbackSingle_doAfter_BuildingCatalogE2E_call_doAfter_BuildingCatalogE2E46	1
CallbackSingle_doAfter_BuildingCatalogE2E_call_doAfter_BuildingCatalogE2E5	1
CallbackSingle_doAfter_BuildingCatalogE2E_call_doAfter_BuildingCatalogE2E6	1
CallbackSingle_doAfter_BuildingCatalogE2E_call_doAfter_BuildingCatalogE2E7	1
CallbackSingle_doAfter_BuildingCatalogE2E_call_doAfter_BuildingCatalogE2E8	1
CallbackSingle_doAfter_BuildingCatalogE2E_call_doAfter_BuildingCatalogE2E9	1
CallbackSingle_doAfter_CameraMovementDetection_call_doAfter_CameraMovementDetection	1
CallbackSingle_doAfter_CampaignAntiCheat_call_doAfter_CampaignAntiCheat	1
CallbackSingle_doAfter_CampaignRuntime_call_doAfter_CampaignRuntime	1
CallbackSingle_doAfter_CampaignSmokeTest_call_doAfter_CampaignSmokeTest	1
CallbackSingle_doAfter_CampaignSmokeTest_call_doAfter_CampaignSmokeTest1	1
CallbackSingle_doAfter_CampaignSmokeTest_call_doAfter_CampaignSmokeTest2	1
CallbackSingle_doAfter_CampaignSmokeTest_call_doAfter_CampaignSmokeTest3	1
CallbackSingle_doAfter_CampaignSuppliesRuntime_call_doAfter_CampaignSuppliesRuntime	1
CallbackSingle_doAfter_CampaignSurvivalUI_call_doAfter_CampaignSurvivalUI	1
CallbackSingle_doAfter_CampaignUiE2E_call_doAfter_CampaignUiE2E	1
CallbackSingle_doAfter_CampaignUiE2E_call_doAfter_CampaignUiE2E1	1
CallbackSingle_doAfter_CampaignUiE2E_call_doAfter_CampaignUiE2E2	1
CallbackSingle_doAfter_Campaign_call_doAfter_Campaign	1
CallbackSingle_doAfter_CfCastlePathing_call_doAfter_CfCastlePathing	1
CallbackSingle_doAfter_CfCastlePathing_call_doAfter_CfCastlePathing1	1
CallbackSingle_doAfter_CheckForCpuSlots_call_doAfter_CheckForCpuSlots	1
CallbackSingle_doAfter_Commands_call_doAfter_Commands	1
CallbackSingle_doAfter_Commands_call_doAfter_Commands1	1
CallbackSingle_doAfter_Commands_call_doAfter_Commands2	1
CallbackSingle_doAfter_Commands_call_doAfter_Commands3	1
CallbackSingle_doAfter_CustomAI_call_doAfter_CustomAI	1
CallbackSingle_doAfter_CustomAI_call_doAfter_CustomAI1	1
CallbackSingle_doAfter_DamageRuntime_call_doAfter_DamageRuntime	1
CallbackSingle_doAfter_DamageRuntime_call_doAfter_DamageRuntime1	1
CallbackSingle_doAfter_DraftOrchestrator_call_doAfter_DraftOrchestrator	1
CallbackSingle_doAfter_DummyCaster_DummyCaster_call_doAfter_DummyCaster_DummyCaster	1
CallbackSingle_doAfter_E2E_E2E_call_doAfter_E2E_E2E	1
CallbackSingle_doAfter_FireElemental_call_doAfter_FireElemental	1
CallbackSingle_doAfter_FixDefend_call_doAfter_FixDefend	1
CallbackSingle_doAfter_GameBasics_call_doAfter_GameBasics	1
CallbackSingle_doAfter_GobboController_call_doAfter_GobboController	1
CallbackSingle_doAfter_Grid_call_doAfter_Grid	1
CallbackSingle_doAfter_IncomeUI_call_doAfter_IncomeUI	1
CallbackSingle_doAfter_MMDData_call_doAfter_MMDData	1
CallbackSingle_doAfter_MMDData_call_doAfter_MMDData1	1
CallbackSingle_doAfter_MMDData_call_doAfter_MMDData2	1
CallbackSingle_doAfter_MMDData_call_doAfter_MMDData3	1
CallbackSingle_doAfter_MapWatermark_call_doAfter_MapWatermark	1
CallbackSingle_doAfter_MapWatermark_call_doAfter_MapWatermark1	1
CallbackSingle_doAfter_MasterOfElements_call_doAfter_MasterOfElements	1
CallbackSingle_doAfter_ModeParser_ModeParser_call_doAfter_ModeParser_ModeParser	1
CallbackSingle_doAfter_ModeRaceRuntime_call_doAfter_ModeRaceRuntime	1
CallbackSingle_doAfter_ModeRaceRuntime_call_doAfter_ModeRaceRuntime1	1
CallbackSingle_doAfter_ModeRaceRuntime_call_doAfter_ModeRaceRuntime2	1
CallbackSingle_doAfter_ModeRaceRuntime_call_doAfter_ModeRaceRuntime3	1
CallbackSingle_doAfter_ModeRaceRuntime_call_doAfter_ModeRaceRuntime4	1
CallbackSingle_doAfter_ModeRuntimeE2E_call_doAfter_ModeRuntimeE2E	1
CallbackSingle_doAfter_ModeRuntimeE2E_call_doAfter_ModeRuntimeE2E1	1
CallbackSingle_doAfter_ModeRuntimeE2E_call_doAfter_ModeRuntimeE2E2	1
CallbackSingle_doAfter_ModeRuntimeE2E_call_doAfter_ModeRuntimeE2E3	1
CallbackSingle_doAfter_MonkHeal_call_doAfter_MonkHeal	1
CallbackSingle_doAfter_MonkHeal_call_doAfter_MonkHeal1	1
CallbackSingle_doAfter_ObeliskOfLight_call_doAfter_ObeliskOfLight	1
CallbackSingle_doAfter_ObjectDataIntegrity_call_doAfter_ObjectDataIntegrity	1
CallbackSingle_doAfter_OnUnitDeathHandler_call_doAfter_OnUnitDeathHandler	1
CallbackSingle_doAfter_OrderRects_call_doAfter_OrderRects	1
CallbackSingle_doAfter_PSA_call_doAfter_PSA	1
CallbackSingle_doAfter_PerkQuest_call_doAfter_PerkQuest	1
CallbackSingle_doAfter_PlayerNamesRuntime_call_doAfter_PlayerNamesRuntime	1
CallbackSingle_doAfter_Preview_call_doAfter_Preview	1
CallbackSingle_doAfter_QuickBuild_BuilderAIStates_call_doAfter_QuickBuild_BuilderAIStates	1
CallbackSingle_doAfter_RaceChaosAbilities_call_doAfter_RaceChaosAbilities	1
CallbackSingle_doAfter_RaceChaosAbilities_call_doAfter_RaceChaosAbilities1	1
CallbackSingle_doAfter_RaceDesertAbilities_call_doAfter_RaceDesertAbilities	1
CallbackSingle_doAfter_RaceDesertAbilities_call_doAfter_RaceDesertAbilities1	1
CallbackSingle_doAfter_RaceDesertAbilities_call_doAfter_RaceDesertAbilities2	1
CallbackSingle_doAfter_RaceDesertAbilities_call_doAfter_RaceDesertAbilities3	1
CallbackSingle_doAfter_RaceElvenAbilities_call_doAfter_RaceElvenAbilities	1
CallbackSingle_doAfter_RaceHumanAbilities_call_doAfter_RaceHumanAbilities	1
CallbackSingle_doAfter_RaceHumanAbilities_call_doAfter_RaceHumanAbilities1	1
CallbackSingle_doAfter_RaceHumanAbilities_call_doAfter_RaceHumanAbilities2	1
CallbackSingle_doAfter_RaceHumanAbilities_call_doAfter_RaceHumanAbilities3	1
CallbackSingle_doAfter_RaceMechAbilities_call_doAfter_RaceMechAbilities	1
CallbackSingle_doAfter_RaceMechAbilities_call_doAfter_RaceMechAbilities1	1
CallbackSingle_doAfter_RaceMechAbilities_call_doAfter_RaceMechAbilities2	1
CallbackSingle_doAfter_RaceMechAbilities_call_doAfter_RaceMechAbilities3	1
CallbackSingle_doAfter_RaceNagaAbilities_call_doAfter_RaceNagaAbilities	1
CallbackSingle_doAfter_RaceNatureAbilities_call_doAfter_RaceNatureAbilities	1
CallbackSingle_doAfter_RaceNatureAbilities_call_doAfter_RaceNatureAbilities1	1
CallbackSingle_doAfter_RaceNatureAbilities_call_doAfter_RaceNatureAbilities2	1
CallbackSingle_doAfter_RaceNatureAbilities_call_doAfter_RaceNatureAbilities3	1
CallbackSingle_doAfter_RaceNatureAbilities_call_doAfter_RaceNatureAbilities4	1
CallbackSingle_doAfter_RaceNatureAbilities_call_doAfter_RaceNatureAbilities5	1
CallbackSingle_doAfter_RaceNatureAbilities_call_doAfter_RaceNatureAbilities6	1
CallbackSingle_doAfter_RaceNelfAbilities_call_doAfter_RaceNelfAbilities	1
CallbackSingle_doAfter_RaceNelfAbilities_call_doAfter_RaceNelfAbilities1	1
CallbackSingle_doAfter_RaceNorthernAbilities_call_doAfter_RaceNorthernAbilities	1
CallbackSingle_doAfter_RaceNorthernAbilities_call_doAfter_RaceNorthernAbilities1	1
CallbackSingle_doAfter_RaceOrcAbilities_call_doAfter_RaceOrcAbilities	1
CallbackSingle_doAfter_RaceOrcAbilities_call_doAfter_RaceOrcAbilities1	1
CallbackSingle_doAfter_RaceOrcAbilities_call_doAfter_RaceOrcAbilities2	1
CallbackSingle_doAfter_RaceOrcAbilities_call_doAfter_RaceOrcAbilities3	1
CallbackSingle_doAfter_RaceUndeadAbilities_call_doAfter_RaceUndeadAbilities	1
CallbackSingle_doAfter_ReengageRuntime_call_doAfter_ReengageRuntime	1
CallbackSingle_doAfter_ReengageRuntime_call_doAfter_ReengageRuntime1	1
CallbackSingle_doAfter_RescueStrikeRuntime_call_doAfter_RescueStrikeRuntime	1
CallbackSingle_doAfter_RescueStrikeRuntime_call_doAfter_RescueStrikeRuntime1	1
CallbackSingle_doAfter_RescueStrikeTarget_BuilderAIStates_call_doAfter_RescueStrikeTarget_BuilderAIStates	1
CallbackSingle_doAfter_RoundEndRuntime_call_doAfter_RoundEndRuntime	1
CallbackSingle_doAfter_RoundStatsBoard_call_doAfter_RoundStatsBoard	1
CallbackSingle_doAfter_RuntimeLedger_call_doAfter_RuntimeLedger	1
CallbackSingle_doAfter_SoundDefinition_SoundUtils_call_doAfter_SoundDefinition_SoundUtils	1
CallbackSingle_doAfter_SpamPrevention_call_doAfter_SpamPrevention	1
CallbackSingle_doAfter_SpecialAttackRuntime_call_doAfter_SpecialAttackRuntime	1
CallbackSingle_doAfter_SpellHelpers_call_doAfter_SpellHelpers	1
CallbackSingle_doAfter_SpellHelpers_call_doAfter_SpellHelpers1	1
CallbackSingle_doAfter_SpellHelpers_call_doAfter_SpellHelpers2	1
CallbackSingle_doAfter_SpellHelpers_call_doAfter_SpellHelpers3	1
CallbackSingle_doAfter_SpellHelpers_call_doAfter_SpellHelpers4	1
CallbackSingle_doAfter_SpellHelpers_call_doAfter_SpellHelpers5	1
CallbackSingle_doAfter_SpellHelpers_call_doAfter_SpellHelpers6	1
CallbackSingle_doAfter_SpellHelpers_call_doAfter_SpellHelpers7	1
CallbackSingle_doAfter_StasisTrap_call_doAfter_StasisTrap	1
CallbackSingle_doAfter_SyncSystem_call_doAfter_SyncSystem	1
CallbackSingle_doAfter_SyncSystem_call_doAfter_SyncSystem1	1
CallbackSingle_doAfter_SyncSystem_call_doAfter_SyncSystem2	1
CallbackSingle_doAfter_SyncSystem_call_doAfter_SyncSystem3	1
CallbackSingle_doAfter_TaskQueue_TaskQueue_call_doAfter_TaskQueue_TaskQueue	1
CallbackSingle_doAfter_TaskQueue_TaskQueue_call_doAfter_TaskQueue_TaskQueue1	1
CallbackSingle_doAfter_TeamVote_Commands_call_doAfter_TeamVote_Commands	1
CallbackSingle_doAfter_ThunderpawSpire_call_doAfter_ThunderpawSpire	1
CallbackSingle_doAfter_TowerRange_call_doAfter_TowerRange	1
CallbackSingle_doAfter_UnitEnterRuntime_call_doAfter_UnitEnterRuntime	1
CallbackSingle_doAfter_UnitEnterRuntime_call_doAfter_UnitEnterRuntime1	1
CallbackSingle_doAfter_UnitTrainingRuntime_call_doAfter_UnitTrainingRuntime	1
CallbackSingle_doAfter_UnitTrainingRuntime_call_doAfter_UnitTrainingRuntime1	1
CallbackSingle_doAfter_UnitTrainingRuntime_call_doAfter_UnitTrainingRuntime2	1
CallbackSingle_doAfter_W3Champions_call_doAfter_W3Champions	1
CallbackSingle_doAfter_W3Champions_call_doAfter_W3Champions1	1
CallbackSingle_doAfter_Whirlwind_call_doAfter_Whirlwind	1
CallbackSingle_doAfter_addAction_IncomeRuntime_call_doAfter_addAction_IncomeRuntime	1
CallbackSingle_doAfter_addAction_IncomeRuntime_call_doAfter_addAction_IncomeRuntime1	1
CallbackSingle_doAfter_addListener_doAfter_ThunderpawSpire_call_doAfter_addListener_doAfter_ThunderpawSpire	1
CallbackSingle_doAfter_addListener_doAfter_ThunderpawSpire_call_doAfter_addListener_doAfter_ThunderpawSpire1	1
CallbackSingle_doAfter_addListener_doAfter_ThunderpawSpire_call_doAfter_addListener_doAfter_ThunderpawSpire2	1
CallbackSingle_doAfter_add_FireElemental_call_doAfter_add_FireElemental	1
CallbackSingle_doAfter_add_doAfter_FixDefend_call_doAfter_add_doAfter_FixDefend	1
CallbackSingle_doAfter_add_doAfter_MMDData_call_doAfter_add_doAfter_MMDData	1
CallbackSingle_doAfter_doAfter_AiFullGameE2E_call_doAfter_doAfter_AiFullGameE2E	1
CallbackSingle_doAfter_doAfter_BuildingCatalogE2E_call_doAfter_doAfter_BuildingCatalogE2E	1
CallbackSingle_doAfter_doAfter_BuildingCatalogE2E_call_doAfter_doAfter_BuildingCatalogE2E1	1
CallbackSingle_doAfter_doAfter_BuildingCatalogE2E_call_doAfter_doAfter_BuildingCatalogE2E2	1
CallbackSingle_doAfter_doAfter_BuildingCatalogE2E_call_doAfter_doAfter_BuildingCatalogE2E3	1
CallbackSingle_doAfter_doAfter_BuildingCatalogE2E_call_doAfter_doAfter_BuildingCatalogE2E4	1
CallbackSingle_doAfter_doAfter_BuildingCatalogE2E_call_doAfter_doAfter_BuildingCatalogE2E5	1
CallbackSingle_doAfter_doAfter_BuildingCatalogE2E_call_doAfter_doAfter_BuildingCatalogE2E6	1
CallbackSingle_doAfter_doAfter_BuildingCatalogE2E_call_doAfter_doAfter_BuildingCatalogE2E7	1
CallbackSingle_doAfter_doAfter_CampaignSmokeTest_call_doAfter_doAfter_CampaignSmokeTest	1
CallbackSingle_doAfter_doAfter_CampaignSmokeTest_call_doAfter_doAfter_CampaignSmokeTest1	1
CallbackSingle_doAfter_doAfter_CampaignSmokeTest_call_doAfter_doAfter_CampaignSmokeTest2	1
CallbackSingle_doAfter_doAfter_CampaignSmokeTest_call_doAfter_doAfter_CampaignSmokeTest3	1
CallbackSingle_doAfter_doAfter_CampaignUiE2E_call_doAfter_doAfter_CampaignUiE2E	1
CallbackSingle_doAfter_doAfter_CampaignUiE2E_call_doAfter_doAfter_CampaignUiE2E1	1
CallbackSingle_doAfter_doAfter_MMDData_call_doAfter_doAfter_MMDData	1
CallbackSingle_doAfter_doAfter_ModeRuntimeE2E_call_doAfter_doAfter_ModeRuntimeE2E	1
CallbackSingle_doAfter_doAfter_RaceDesertAbilities_call_doAfter_doAfter_RaceDesertAbilities	1
CallbackSingle_doAfter_doAfter_RaceHumanAbilities_call_doAfter_doAfter_RaceHumanAbilities	1
CallbackSingle_doAfter_doAfter_RaceHumanAbilities_call_doAfter_doAfter_RaceHumanAbilities1	1
CallbackSingle_doAfter_doAfter_RaceHumanAbilities_call_doAfter_doAfter_RaceHumanAbilities2	1
CallbackSingle_doAfter_doAfter_RaceNagaAbilities_call_doAfter_doAfter_RaceNagaAbilities	1
CallbackSingle_doAfter_doAfter_RaceNatureAbilities_call_doAfter_doAfter_RaceNatureAbilities	1
CallbackSingle_doAfter_doAfter_RaceNatureAbilities_call_doAfter_doAfter_RaceNatureAbilities1	1
CallbackSingle_doAfter_doAfter_RaceNatureAbilities_call_doAfter_doAfter_RaceNatureAbilities2	1
CallbackSingle_doAfter_doAfter_RaceNorthernAbilities_call_doAfter_doAfter_RaceNorthernAbilities	1
CallbackSingle_doAfter_doAfter_RaceOrcAbilities_call_doAfter_doAfter_RaceOrcAbilities	1
CallbackSingle_doAfter_doAfter_ReengageRuntime_call_doAfter_doAfter_ReengageRuntime	1
CallbackSingle_doAfter_doAfter_ReengageRuntime_call_doAfter_doAfter_ReengageRuntime1	1
CallbackSingle_doAfter_doAfter_UnitEnterRuntime_call_doAfter_doAfter_UnitEnterRuntime	1
CallbackSingle_doAfter_doAfter_W3Champions_call_doAfter_doAfter_W3Champions	1
CallbackSingle_doAfter_doAfter_W3Champions_call_doAfter_doAfter_W3Champions1	1
CallbackSingle_doAfter_doAfter_addListener_doAfter_ThunderpawSpire_call_doAfter_doAfter_addListener_doAfter_ThunderpawSpire	1
CallbackSingle_doAfter_doAfter_doAfter_BuildingCatalogE2E_call_doAfter_doAfter_doAfter_BuildingCatalogE2E	1
CallbackSingle_doAfter_doAfter_doAfter_BuildingCatalogE2E_call_doAfter_doAfter_doAfter_BuildingCatalogE2E1	1
CallbackSingle_doAfter_doAfter_doAfter_BuildingCatalogE2E_call_doAfter_doAfter_doAfter_BuildingCatalogE2E2	1
CallbackSingle_doAfter_doAfter_doAfter_CampaignSmokeTest_call_doAfter_doAfter_doAfter_CampaignSmokeTest	1
CallbackSingle_doAfter_doAfter_doAfter_CampaignSmokeTest_call_doAfter_doAfter_doAfter_CampaignSmokeTest1	1
CallbackSingle_doAfter_doAfter_doAfter_CampaignSmokeTest_call_doAfter_doAfter_doAfter_CampaignSmokeTest2	1
CallbackSingle_doAfter_doAfter_doAfter_CampaignSmokeTest_call_doAfter_doAfter_doAfter_CampaignSmokeTest3	1
CallbackSingle_doAfter_doAfter_doAfter_CampaignUiE2E_call_doAfter_doAfter_doAfter_CampaignUiE2E	1
CallbackSingle_doAfter_doAfter_doAfter_RaceHumanAbilities_call_doAfter_doAfter_doAfter_RaceHumanAbilities	1
CallbackSingle_doAfter_doAfter_doAfter_RaceHumanAbilities_call_doAfter_doAfter_doAfter_RaceHumanAbilities1	1
CallbackSingle_doAfter_doAfter_doAfter_RaceNorthernAbilities_call_doAfter_doAfter_doAfter_RaceNorthernAbilities	1
CallbackSingle_doAfter_doAfter_doAfter_ReengageRuntime_call_doAfter_doAfter_doAfter_ReengageRuntime	1
CallbackSingle_doAfter_doAfter_doAfter_doAfter_BuildingCatalogE2E_call_doAfter_doAfter_doAfter_doAfter_BuildingCatalogE2E	1
CallbackSingle_doAfter_doAfter_doAfter_doAfter_BuildingCatalogE2E_call_doAfter_doAfter_doAfter_doAfter_BuildingCatalogE2E1	1
CallbackSingle_doAfter_doAfter_doAfter_doAfter_CampaignSmokeTest_call_doAfter_doAfter_doAfter_doAfter_CampaignSmokeTest	1
CallbackSingle_doAfter_doAfter_doAfter_doAfter_CampaignSmokeTest_call_doAfter_doAfter_doAfter_doAfter_CampaignSmokeTest1	1
CallbackSingle_doAfter_doAfter_doAfter_doAfter_CampaignUiE2E_call_doAfter_doAfter_doAfter_doAfter_CampaignUiE2E	1
CallbackSingle_doAfter_doAfter_doAfter_doAfter_doAfter_CampaignSmokeTest_call_doAfter_doAfter_doAfter_doAfter_doAfter_CampaignSmokeTest	1
CallbackSingle_doAfter_doAfter_doAfter_doAfter_doAfter_CampaignSmokeTest_call_doAfter_doAfter_doAfter_doAfter_doAfter_CampaignSmokeTest1	1
CallbackSingle_doAfter_doAfter_doAfter_doAfter_doAfter_CampaignUiE2E_call_doAfter_doAfter_doAfter_doAfter_doAfter_CampaignUiE2E	1
CallbackSingle_doAfter_doAfter_doAfter_doAfter_doAfter_doAfter_CampaignSmokeTest_call_doAfter_doAfter_doAfter_doAfter_doAfter_doAfter_CampaignSmokeTest	1
CallbackSingle_doAfter_doAfter_doAfter_doAfter_doAfter_doAfter_CampaignSmokeTest_call_doAfter_doAfter_doAfter_doAfter_doAfter_doAfter_CampaignSmokeTest1	1
CallbackSingle_doAfter_doAfter_doAfter_doAfter_doAfter_doAfter_CampaignUiE2E_call_doAfter_doAfter_doAfter_doAfter_doAfter_doAfter_CampaignUiE2E	1
CallbackSingle_doAfter_onUnitIndex_GobboController_call_doAfter_onUnitIndex_GobboController	1
CallbackSingle_doAfter_onUnitIndex_GobboTimedLife_call_doAfter_onUnitIndex_GobboTimedLife	1
CallbackSingle_doAfter_registerMode_ModeParser_ModeParser_call_doAfter_registerMode_ModeParser_ModeParser	1
CallbackSingle_doAfter_registerMode_ModeParser_ModeParser_call_doAfter_registerMode_ModeParser_ModeParser1	1
CallbackSingle_doAfter_register_CastleFightE2E_call_doAfter_register_CastleFightE2E	1
CallbackSingle_nullTimer_AiUnitStats_call_nullTimer_AiUnitStats	1
CallbackSingle_nullTimer_ClosureEvents_call_nullTimer_ClosureEvents	1
CallbackSingle_nullTimer_MMD_call_nullTimer_MMD	1
CallbackSingle_nullTimer_OnUnitEnterLeave_call_nullTimer_OnUnitEnterLeave	1
CallbackSingle_nullTimer_Preloader_call_nullTimer_Preloader	1
CallbackSingle_nullTimer_SnowveilFountain_call_nullTimer_SnowveilFountain	1
CallbackSingle_nullTimer_SoundDefinition_SoundUtils_call_nullTimer_SoundDefinition_SoundUtils	1
CallbackSingle_nullTimer_SoundDefinition_SoundUtils_call_nullTimer_SoundDefinition_SoundUtils1	1
CallbackSingle_nullTimer_SyncSystem_call_nullTimer_SyncSystem	1
CallbackSingle_nullTimer_SyncSystem_call_nullTimer_SyncSystem1	1
CallbackSingle_nullTimer_TeamCompositionStats_call_nullTimer_TeamCompositionStats	1
CallbackSingle_nullTimer_TeamCompositionStats_call_nullTimer_TeamCompositionStats1	1
CallbackSingle_nullTimer_TeamCompositionStats_call_nullTimer_TeamCompositionStats2	1
CallbackSingle_nullTimer_TeamCompositionStats_call_nullTimer_TeamCompositionStats3	1
CallbackSingle_nullTimer_TeamCompositionStats_call_nullTimer_TeamCompositionStats4	1
CallbackSingle_nullTimer_nullTimer_onUnitIndex_PerkBuildingEnchantment_call_nullTimer_nullTimer_onUnitIndex_PerkBuildingEnchantment	1
CallbackSingle_nullTimer_nullTimer_onUnitIndex_PerkUtils_call_nullTimer_nullTimer_onUnitIndex_PerkUtils	1
CallbackSingle_nullTimer_onUnitIndex_PerkBuildingEnchantment_call_nullTimer_onUnitIndex_PerkBuildingEnchantment	1
CallbackSingle_nullTimer_onUnitIndex_PerkUtils_call_nullTimer_onUnitIndex_PerkUtils	1
CampaignBot_CampaignBot_builder	1
CampaignBot_CampaignBot_coop	1
CampaignBot_CampaignBot_cost	1
CampaignBot_CampaignBot_description	1
CampaignBot_CampaignBot_displayName	1
CampaignBot_CampaignBot_icon	1
CampaignBot_CampaignBot_preferBuilding	1
CampaignBot_CampaignBot_skill	1
CampaignBot_CampaignBot_speed	1
CampaignBot_CampaignBot_style	1
CampaignBot_new_CampaignBot	1
CampaignCardController_CampaignCardController_denyNonHost	1
CampaignCardController_CampaignCardController_getSupplyAssignmentText	1
CampaignCardController_CampaignCardController_hasSelectedBot	1
CampaignCardController_CampaignCardController_hasSelectedSupply	1
CampaignCardController_CampaignCardController_onAvailableBotClicked	1
CampaignCardController_CampaignCardController_onSupplyClicked	1
CampaignCardController_CampaignCardController_onTeamBotClicked	1
CampaignCardController_CampaignCardController_openRacePicker	1
CampaignCardController_CampaignCardController_selectChapter	1
CampaignCardController_CampaignCardController_selectMission	1
CampaignCardController_getSupplyAssignmentText	1
CampaignCardController_hasSelectedBot	1
CampaignCardController_hasSelectedSupply	1
CampaignCardController_onAvailableBotClicked	1
CampaignCardController_onSupplyClicked	1
CampaignCardController_onTeamBotClicked	1
CampaignCardController_openRacePicker	1
CampaignCardController_selectChapter	1
CampaignCardController_selectMission	1
CampaignChapter_CampaignChapter_environment	1
CampaignChapter_CampaignChapter_unlocksRace	1
CampaignChapter_new_CampaignChapter	1
CampaignMission_CampaignMission_enemyAdvantage	1
CampaignMission_CampaignMission_enemyOpening	1
CampaignMission_CampaignMission_enemyRescueStrikes	1
CampaignMission_CampaignMission_masteries	1
CampaignMission_CampaignMission_survival	1
CampaignMission_CampaignMission_teamResources	1
CampaignMission_new_CampaignMission	1
CampaignSaveData_CampaignSaveData_completeMission__w3p_vmProtect1	1
CampaignSaveData_CampaignSaveData_deserializeProperties	1
CampaignSaveData_CampaignSaveData_serializeForCampaignSave	1
CampaignSaveData_CampaignSaveData_serializeProperties	1
CampaignSaveData_deserializeProperties	1
CampaignSaveData_serializeProperties	1
CampaignStarChallenge_CampaignStarChallenge_banRace	1
CampaignStarChallenge_CampaignStarChallenge_castleNeverBelow	1
CampaignStarChallenge_CampaignStarChallenge_fastWin	1
CampaignStarChallenge_CampaignStarChallenge_restriction	1
CampaignUI_CampaignUI_getSupplyAssignmentText	1
CampaignUI_CampaignUI_hasSelectedBot	1
CampaignUI_CampaignUI_hasSelectedSupply	1
CampaignUI_CampaignUI_onAvailableBotClicked	1
CampaignUI_CampaignUI_onSupplyClicked	1
CampaignUI_CampaignUI_onTeamBotClicked	1
CampaignUI_CampaignUI_openRacePicker	1
CampaignUI_CampaignUI_selectChapter	1
CampaignUI_CampaignUI_selectMission	1
CheckboxListener_addListener_doAfter_AfkCheck_onChange_addListener_doAfter_AfkCheck	1
CheckboxListener_addListener_doAfter_IncomeUI_onChange_addListener_doAfter_IncomeUI	1
ChoiceValueMode_ChoiceValueMode_execute	1
ChoiceValueMode_ChoiceValueMode_isValidValue	1
ChoiceValueMode_isValidValue	1
Cik	1
Cj	1
Cjk	1
Cl	1
CmdMatcher_addCommand_WurstCommand_matchCmd_addCommand_WurstCommand	1
CmdMatcher_addCommand_WurstCommand_matchCmd_addCommand_WurstCommand1	1
Comparator_Comparator_compare	1
Comparator_sortWith_CampaignBots_compare_sortWith_CampaignBots	1
Computed_Computed_onDependencyChanged	1
Computed_Computed_subscribe	1
Computed_Computed_unsubscribe	1
Computed_subscribe	1
Computed_unsubscribe	1
Condition	1
ConvertDefenseType	1
ConvertOriginFrameType	1
ConvertPlayerUnitEvent	1
CosBJ	1
CountPlayersInForceBJ	1
CountUnitsInGroup	1
CreateFogModifierRadius	1
CreateFogModifierRectBJ	1
CreateImage	1
CreateMultiboard	1
CreateQuestBJ	1
CreateSound	1
CreateTextTag	1
CreateTimerDialog	1
CreateUnit	1
CreateUnitAtLoc	1
CustomDefeatDialogBJ	1
CustomVictoryDialogBJ	1
D	1
DC	1
DD	1
DF	1
DG	1
DH	1
DI	1
DK	1
DL	1
DM	1
DP	1
DamageCoverageAspect_DamageCoverageAspect_deltaForBuilding	1
DamageCoverageAspect_DamageCoverageAspect_getDebugName	1
DamageCoverageAspect_DamageCoverageAspect_setBeforeScore	1
DamageListener_addListener_AiEngagement_onEvent_addListener_AiEngagement	1
DamageListener_addListener_BuildingCatalogE2E_onEvent_addListener_BuildingCatalogE2E	1
DamageListener_addListener_CastleProtection_onEvent_addListener_CastleProtection	1
DamageListener_addListener_CustomAI_onEvent_addListener_CustomAI	1
DamageListener_addListener_RaceCorrupted_onEvent_addListener_RaceCorrupted	1
DamageListener_addListener_RiptideAttack_onEvent_addListener_RiptideAttack	1
DamageListener_addListener_RoundStatsTracking_onEvent_addListener_RoundStatsTracking	1
DamageListener_addListener_SnowveilFountain_onEvent_addListener_SnowveilFountain	1
DamageListener_addListener_TrollBlood_onEvent_addListener_TrollBlood	1
DamageListener_addListener_doAfter_ObeliskOfLight_onEvent_addListener_doAfter_ObeliskOfLight	1
DamageListener_addListener_doAfter_ThunderpawSpire_onEvent_addListener_doAfter_ThunderpawSpire	1
DamageListener_addListener_doAfter_Whirlwind_onEvent_addListener_doAfter_Whirlwind	1
DamageListener_perkListenDamage_PerkBreachingDoctrine_onEvent_perkListenDamage_PerkBreachingDoctrine	1
DamageListener_perkListenDamage_PerkContainmentFocus_onEvent_perkListenDamage_PerkContainmentFocus	1
DamageListener_perkListenDamage_PerkManaLeak_onEvent_perkListenDamage_PerkManaLeak	1
DamageListener_perkListenDamage_PerkSpellsEdge_onEvent_perkListenDamage_PerkSpellsEdge	1
DamageListener_perkListenDamage_PerkTranscendentBlades_onEvent_perkListenDamage_PerkTranscendentBlades	1
DamageListener_perkListenDamage_setCleanup_PerkCagedAegis_onEvent_perkListenDamage_setCleanup_PerkCagedAegis	1
DamageListener_perkListenDamage_setCleanup_PerkExecutionOrder_onEvent_perkListenDamage_setCleanup_PerkExecutionOrder	1
DamageListener_perkListenDamage_setCleanup_PerkGroundControl_onEvent_perkListenDamage_setCleanup_PerkGroundControl	1
Ddk	1
De	1
DefaultPackSupplier_DefaultPackSupplier_getPackCount	1
DefaultPackSupplier_DefaultPackSupplier_getRoundLabel	1
DefaultPackSupplier_DefaultPackSupplier_makeOne	1
DefaultPackSupplier_DefaultPackSupplier_putBack	1
DefaultPackSupplier_getRoundLabel	1
Dek	1
DestroyBoolExpr	1
DestroyEffect	1
DestroyFogModifier	1
DestroyForce	1
DestroyGroup	1
DestroyLightning	1
DestroyTextTag	1
DestroyTimer	1
DestroyTimerDialog	1
DestroyTrigger	1
DestructableRestoreLife	1
DialogBody_build_CampaignMissionControls_CampaignUI_run_build_CampaignMissionControls_CampaignUI	1
DialogBody_build_CampaignUI_CampaignUI_run_build_CampaignUI_CampaignUI	1
DialogBody_build_CampaignUI_CampaignUI_run_build_CampaignUI_CampaignUI1	1
DialogBody_build_RoundStatsBoard_run_build_RoundStatsBoard	1
DialogBody_build_doAfter_AfkCheck_run_build_doAfter_AfkCheck	1
DisableTrigger	1
DisplayTextToForce	1
DisplayTextToPlayer	1
DisplayTimedTextToForce	1
DisplayTimedTextToPlayer	1
DraftPerk_DraftPerk_setReminderAbility	1
DummyCaster_prepare	1
E	1
E2ESuiteBody_register_CastleFightE2E_run_register_CastleFightE2E	1
EC	1
ED	1
EE	1
EF	1
EG	1
EH	1
EI	1
EJ	1
EK	1
EL	1
EM	1
EO	1
EP	1
Ee	1
Ej	1
El	1
Em	1
EnableTrigger	1
EnableUserControl	1
EnableWeatherEffect	1
EnumDestructablesInRect	1
EnumItemsInRect	1
Eq	1
EventListener_add_AiItemBuying_onEvent_add_AiItemBuying	1
EventListener_add_AttachedEffects_onEvent_add_AttachedEffects	1
EventListener_add_Blink_onEvent_add_Blink	1
EventListener_add_BuildingAttachments_onEvent_add_BuildingAttachments	1
EventListener_add_BuildingAttachments_onEvent_add_BuildingAttachments1	1
EventListener_add_BuildingAttachments_onEvent_add_BuildingAttachments2	1
EventListener_add_BuildingAttachments_onEvent_add_BuildingAttachments3	1
EventListener_add_BuildingCatalogE2E_onEvent_add_BuildingCatalogE2E	1
EventListener_add_BuildingCatalogE2E_onEvent_add_BuildingCatalogE2E1	1
EventListener_add_BuildingCatalogE2E_onEvent_add_BuildingCatalogE2E10	1
EventListener_add_BuildingCatalogE2E_onEvent_add_BuildingCatalogE2E11	1
EventListener_add_BuildingCatalogE2E_onEvent_add_BuildingCatalogE2E2	1
EventListener_add_BuildingCatalogE2E_onEvent_add_BuildingCatalogE2E3	1
EventListener_add_BuildingCatalogE2E_onEvent_add_BuildingCatalogE2E4	1
EventListener_add_BuildingCatalogE2E_onEvent_add_BuildingCatalogE2E5	1
EventListener_add_BuildingCatalogE2E_onEvent_add_BuildingCatalogE2E6	1
EventListener_add_BuildingCatalogE2E_onEvent_add_BuildingCatalogE2E7	1
EventListener_add_BuildingCatalogE2E_onEvent_add_BuildingCatalogE2E8	1
EventListener_add_BuildingCatalogE2E_onEvent_add_BuildingCatalogE2E9	1
EventListener_add_BuildingLifecycle_onEvent_add_BuildingLifecycle	1
EventListener_add_BuildingLifecycle_onEvent_add_BuildingLifecycle1	1
EventListener_add_BuildingLifecycle_onEvent_add_BuildingLifecycle2	1
EventListener_add_BuildingSpells_onEvent_add_BuildingSpells	1
EventListener_add_CampaignChallenges_onEvent_add_CampaignChallenges	1
EventListener_add_CampaignSmokeTest_onEvent_add_CampaignSmokeTest	1
EventListener_add_Campaign_onEvent_add_Campaign	1
EventListener_add_ChaosPortalRuntime_onEvent_add_ChaosPortalRuntime	1
EventListener_add_Commands_onEvent_add_Commands	1
EventListener_add_CompanionSpawning_onEvent_add_CompanionSpawning	1
EventListener_add_DamageEvent_onEvent_add_DamageEvent	1
EventListener_add_DamageEvent_onEvent_add_DamageEvent1	1
EventListener_add_DraftUIScreen_DraftUI_onEvent_add_DraftUIScreen_DraftUI	1
EventListener_add_FireElemental_onEvent_add_FireElemental	1
EventListener_add_GjallarHorn_onEvent_add_GjallarHorn	1
EventListener_add_GobboController_onEvent_add_GobboController	1
EventListener_add_GobboController_onEvent_add_GobboController1	1
EventListener_add_HumanArtilleryRuntime_onEvent_add_HumanArtilleryRuntime	1
EventListener_add_HumanArtilleryRuntime_onEvent_add_HumanArtilleryRuntime1	1
EventListener_add_HumanArtilleryRuntime_onEvent_add_HumanArtilleryRuntime2	1
EventListener_add_IdleDetectionRuntime_onEvent_add_IdleDetectionRuntime	1
EventListener_add_IdleDetectionRuntime_onEvent_add_IdleDetectionRuntime1	1
EventListener_add_ModeParser_onEvent_add_ModeParser	1
EventListener_add_MultiboardEventHooks_onEvent_add_MultiboardEventHooks	1
EventListener_add_PerkUtils_onEvent_add_PerkUtils	1
EventListener_add_PlayerLeave_onEvent_add_PlayerLeave	1
EventListener_add_PowerPlantRuntime_onEvent_add_PowerPlantRuntime	1
EventListener_add_RoundStatsTracking_onEvent_add_RoundStatsTracking	1
EventListener_add_ShopAnnouncements_onEvent_add_ShopAnnouncements	1
EventListener_add_ShopAnnouncements_onEvent_add_ShopAnnouncements1	1
EventListener_add_ShopAnnouncements_onEvent_add_ShopAnnouncements2	1
EventListener_add_SummonRuntime_onEvent_add_SummonRuntime	1
EventListener_add_TrainProgressRuntime_onEvent_add_TrainProgressRuntime	1
EventListener_add_UnitTrainingRuntime_onEvent_add_UnitTrainingRuntime	1
EventListener_add_UnitTrainingRuntime_onEvent_add_UnitTrainingRuntime1	1
EventListener_add_WurstCommand_onEvent_add_WurstCommand	1
EventListener_add_doAfter_FixDefend_onEvent_add_doAfter_FixDefend	1
EventListener_add_doAfter_MMDData_onEvent_add_doAfter_MMDData	1
EventListener_add_doAfter_ObeliskOfLight_onEvent_add_doAfter_ObeliskOfLight	1
EventListener_add_doAfter_ObeliskOfLight_onEvent_add_doAfter_ObeliskOfLight1	1
EventListener_add_doAfter_SpamPrevention_onEvent_add_doAfter_SpamPrevention	1
EventListener_add_doAfter_SpamPrevention_onEvent_add_doAfter_SpamPrevention1	1
EventListener_add_doAfter_SpamPrevention_onEvent_add_doAfter_SpamPrevention2	1
EventListener_perkListen_setCleanup_PerkArcaneOvercharge_onEvent_perkListen_setCleanup_PerkArcaneOvercharge	1
EventListener_perkListen_setCleanup_PerkBuildingEnchantment_onEvent_perkListen_setCleanup_PerkBuildingEnchantment	1
EventListener_perkListen_setCleanup_PerkBuildingEnchantment_onEvent_perkListen_setCleanup_PerkBuildingEnchantment1	1
EventListener_perkListen_setCleanup_PerkBuildingEnchantment_onEvent_perkListen_setCleanup_PerkBuildingEnchantment2	1
EventListener_perkListen_setCleanup_PerkBuildingEnchantment_onEvent_perkListen_setCleanup_PerkBuildingEnchantment3	1
EventListener_perkListen_setCleanup_PerkBuildingEnchantment_onEvent_perkListen_setCleanup_PerkBuildingEnchantment4	1
EventListener_perkListen_setCleanup_PerkExecutionOrder_onEvent_perkListen_setCleanup_PerkExecutionOrder	1
EventListener_perkListen_setCleanup_PerkLastWallProtocol_onEvent_perkListen_setCleanup_PerkLastWallProtocol	1
Execute	1
F	1
FC	1
FD	1
FF	1
FG	1
FH	1
FI	1
FK	1
FL	1
FM	1
FN	1
FP	1
Filter	1
FindBuilder_FindBuilder_enter	1
FindBuilder_FindBuilder_update	1
FindBuilder_destroyFindBuilder	1
FindSpot_FindSpot_enter	1
FindSpot_destroyFindSpot	1
Fire	1
FirstOfGroup	1
Fj	1
FlagMode_FlagMode_execute	1
FlagMode_FlagMode_isValidValue	1
FlushStoredInteger	1
FogMaskEnable	1
FogModifierStart	1
FogModifierStop	1
ForForce	1
ForForceCallback_execute_SnowveilFountain_run_execute_SnowveilFountain	1
ForForceCallback_execute_SnowveilFountain_run_execute_SnowveilFountain1	1
ForGroup	1
ForGroupCallbackD_forDestructablesInRect_CampaignEnvironment_callback_forDestructablesInRect_CampaignEnvironment	1
ForGroupCallbackUntil_callback	1
ForGroupCallback_forEachFrom_Preloader_callback_forEachFrom_Preloader	1
ForGroupCallback_forEachIn_HumanArtilleryRuntime_callback_forEachIn_HumanArtilleryRuntime	1
ForGroupCallback_forEachIn_PowerPlantRuntime_callback_forEachIn_PowerPlantRuntime	1
ForGroupCallback_forUnitsInRange_BuildingCatalogE2E_callback_forUnitsInRange_BuildingCatalogE2E	1
ForGroupCallback_forUnitsInRange_BuildingCatalogE2E_callback_forUnitsInRange_BuildingCatalogE2E1	1
ForGroupCallback_forUnitsInRange_DamageProcs_callback_forUnitsInRange_DamageProcs	1
ForGroupCallback_forUnitsInRange_DamageRuntime_callback_forUnitsInRange_DamageRuntime	1
ForGroupCallback_forUnitsInRange_GjallarHorn_callback_forUnitsInRange_GjallarHorn	1
ForGroupCallback_forUnitsInRange_PerkFeatheredFriend_callback_forUnitsInRange_PerkFeatheredFriend	1
ForGroupCallback_forUnitsInRange_PowerPlantRuntime_callback_forUnitsInRange_PowerPlantRuntime	1
ForGroupCallback_forUnitsInRange_RaceElementalAbilities_callback_forUnitsInRange_RaceElementalAbilities	1
ForGroupCallback_forUnitsInRange_RaceElvenAbilities_callback_forUnitsInRange_RaceElvenAbilities	1
ForGroupCallback_forUnitsInRange_RaceNatureAbilities_callback_forUnitsInRange_RaceNatureAbilities	1
ForGroupCallback_forUnitsInRange_RaceNelfAbilities_callback_forUnitsInRange_RaceNelfAbilities	1
ForGroupCallback_forUnitsInRange_RaceNorthernAbilities_callback_forUnitsInRange_RaceNorthernAbilities	1
ForGroupCallback_forUnitsInRange_RaceOrcAbilities_callback_forUnitsInRange_RaceOrcAbilities	1
ForGroupCallback_forUnitsInRange_VesselOfPurity_callback_forUnitsInRange_VesselOfPurity	1
ForGroupCallback_forUnitsInRange_VesselOfPurity_callback_forUnitsInRange_VesselOfPurity1	1
ForGroupCallback_forUnitsInRange_addListener_doAfter_ThunderpawSpire_callback_forUnitsInRange_addListener_doAfter_ThunderpawSpire	1
ForGroupCallback_forUnitsInRange_addListener_doAfter_Whirlwind_callback_forUnitsInRange_addListener_doAfter_Whirlwind	1
ForGroupCallback_forUnitsInRange_doAfter_RaceChaosAbilities_callback_forUnitsInRange_doAfter_RaceChaosAbilities	1
ForGroupCallback_forUnitsInRange_doAfter_RaceHumanAbilities_callback_forUnitsInRange_doAfter_RaceHumanAbilities	1
ForGroupCallback_forUnitsInRange_doAfter_RaceMechAbilities_callback_forUnitsInRange_doAfter_RaceMechAbilities	1
ForGroupCallback_forUnitsInRange_doAfter_doAfter_RaceHumanAbilities_callback_forUnitsInRange_doAfter_doAfter_RaceHumanAbilities	1
ForGroupCallback_forUnitsInRect_BuildingCatalogE2E_callback_forUnitsInRect_BuildingCatalogE2E	1
ForGroupCallback_forUnitsInRect_BuildingCatalogE2E_callback_forUnitsInRect_BuildingCatalogE2E1	1
ForGroupCallback_forUnitsInRect_BuildingCatalogE2E_callback_forUnitsInRect_BuildingCatalogE2E2	1
ForGroupCallback_forUnitsInRect_IdleAttackRuntime_callback_forUnitsInRect_IdleAttackRuntime	1
ForGroupCallback_forUnitsInRect_RaceChaosAbilities_callback_forUnitsInRect_RaceChaosAbilities	1
ForGroupCallback_forUnitsInRect_RaceChaosAbilities_callback_forUnitsInRect_RaceChaosAbilities1	1
ForGroupCallback_forUnitsInRect_RaceCorruptedAbilities_callback_forUnitsInRect_RaceCorruptedAbilities	1
ForGroupCallback_forUnitsInRect_RaceElementalAbilities_callback_forUnitsInRect_RaceElementalAbilities	1
ForGroupCallback_forUnitsInRect_RaceElementalAbilities_callback_forUnitsInRect_RaceElementalAbilities1	1
ForGroupCallback_forUnitsInRect_RaceMechAbilities_callback_forUnitsInRect_RaceMechAbilities	1
ForGroupCallback_forUnitsInRect_RaceNelfAbilities_callback_forUnitsInRect_RaceNelfAbilities	1
ForGroupCallback_forUnitsInRect_RaceNorthernAbilities_callback_forUnitsInRect_RaceNorthernAbilities	1
ForGroupCallback_forUnitsInRect_RaceNorthernAbilities_callback_forUnitsInRect_RaceNorthernAbilities1	1
ForGroupCallback_forUnitsInRect_RaceOrcAbilities_callback_forUnitsInRect_RaceOrcAbilities	1
ForGroupCallback_forUnitsInRect_RaceUndeadAbilities_callback_forUnitsInRect_RaceUndeadAbilities	1
ForGroupCallback_forUnitsInRect_SpellHelpers_callback_forUnitsInRect_SpellHelpers	1
ForGroupCallback_forUnitsInRect_SpellHelpers_callback_forUnitsInRect_SpellHelpers1	1
ForGroupCallback_forUnitsInRect_VesselOfPurity_callback_forUnitsInRect_VesselOfPurity	1
ForGroupCallback_forUnitsOfPlayer_AiExecutor_CustomAI_callback_forUnitsOfPlayer_AiExecutor_CustomAI	1
ForGroupCallback_forUnitsOfPlayer_AiExecutor_CustomAI_callback_forUnitsOfPlayer_AiExecutor_CustomAI1	1
ForGroupCallback_forUnitsOfPlayer_nullTimer_SnowveilFountain_callback_forUnitsOfPlayer_nullTimer_SnowveilFountain	1
ForceAddPlayer	1
ForceCallback_forEach_AfkCheck_run_forEach_AfkCheck	1
ForceCallback_forEach_AfkCheck_run_forEach_AfkCheck1	1
ForceCallback_forEach_Commands_run_forEach_Commands	1
ForceCallback_forEach_Commands_run_forEach_Commands1	1
ForceCallback_forEach_MMDData_run_forEach_MMDData	1
ForceCallback_forEach_MMDData_run_forEach_MMDData1	1
ForceCallback_forEach_ShopAnnouncements_run_forEach_ShopAnnouncements	1
ForceCallback_forEach_ShopAnnouncements_run_forEach_ShopAnnouncements1	1
ForceCallback_forEach_SyncSystem_run_forEach_SyncSystem	1
ForceCallback_forEach_SyncSystem_run_forEach_SyncSystem1	1
ForceCallback_forEach_TeamVote_Commands_run_forEach_TeamVote_Commands	1
ForceCallback_forEach_TeamVote_Commands_run_forEach_TeamVote_Commands1	1
ForceCallback_forEach_add_ShopAnnouncements_run_forEach_add_ShopAnnouncements	1
ForceCallback_forEach_add_ShopAnnouncements_run_forEach_add_ShopAnnouncements1	1
ForceCallback_forEach_doAfter_Grid_run_forEach_doAfter_Grid	1
ForceCallback_forEach_doAfter_Grid_run_forEach_doAfter_Grid1	1
ForceCallback_forEach_doAfter_TeamVote_Commands_run_forEach_doAfter_TeamVote_Commands	1
ForceClear	1
ForcePickRandomPlayer	1
ForceRemovePlayer	1
FrameHandleListener_onClick_BotCard_CampaignUICards_onEvent_onClick_BotCard_CampaignUICards	1
FrameHandleListener_onClick_CampaignMissionControls_CampaignUI_onEvent_onClick_CampaignMissionControls_CampaignUI	1
FrameHandleListener_onClick_CampaignMissionControls_CampaignUI_onEvent_onClick_CampaignMissionControls_CampaignUI1	1
FrameHandleListener_onClick_CampaignMissionInfoOverlay_CampaignUI_onEvent_onClick_CampaignMissionInfoOverlay_CampaignUI	1
FrameHandleListener_onClick_CampaignUI_CampaignUI_onEvent_onClick_CampaignUI_CampaignUI	1
FrameHandleListener_onClick_CampaignUI_CampaignUI_onEvent_onClick_CampaignUI_CampaignUI1	1
FrameHandleListener_onClick_CampaignUI_CampaignUI_onEvent_onClick_CampaignUI_CampaignUI10	1
FrameHandleListener_onClick_CampaignUI_CampaignUI_onEvent_onClick_CampaignUI_CampaignUI2	1
FrameHandleListener_onClick_CampaignUI_CampaignUI_onEvent_onClick_CampaignUI_CampaignUI3	1
FrameHandleListener_onClick_CampaignUI_CampaignUI_onEvent_onClick_CampaignUI_CampaignUI4	1
FrameHandleListener_onClick_CampaignUI_CampaignUI_onEvent_onClick_CampaignUI_CampaignUI5	1
FrameHandleListener_onClick_CampaignUI_CampaignUI_onEvent_onClick_CampaignUI_CampaignUI6	1
FrameHandleListener_onClick_CampaignUI_CampaignUI_onEvent_onClick_CampaignUI_CampaignUI7	1
FrameHandleListener_onClick_CampaignUI_CampaignUI_onEvent_onClick_CampaignUI_CampaignUI8	1
FrameHandleListener_onClick_CampaignUI_CampaignUI_onEvent_onClick_CampaignUI_CampaignUI9	1
FrameHandleListener_onClick_Campaign_onEvent_onClick_Campaign	1
FrameHandleListener_onClick_Campaign_onEvent_onClick_Campaign1	1
FrameHandleListener_onClick_Campaign_onEvent_onClick_Campaign2	1
FrameHandleListener_onClick_Campaign_onEvent_onClick_Campaign3	1
FrameHandleListener_onClick_ChapterCard_CampaignUICards_onEvent_onClick_ChapterCard_CampaignUICards	1
FrameHandleListener_onClick_DraftUIScreen_DraftUI_onEvent_onClick_DraftUIScreen_DraftUI	1
FrameHandleListener_onClick_DraftWindow_DraftWindow_onEvent_onClick_DraftWindow_DraftWindow	1
FrameHandleListener_onClick_DraftWindow_DraftWindow_onEvent_onClick_DraftWindow_DraftWindow1	1
FrameHandleListener_onClick_MissionTile_CampaignUICards_onEvent_onClick_MissionTile_CampaignUICards	1
FrameHandleListener_onClick_RoundStatsBoard_onEvent_onClick_RoundStatsBoard	1
FrameHandleListener_onClick_SupplyCard_CampaignUICards_onEvent_onClick_SupplyCard_CampaignUICards	1
FrameHandleListener_onClick_TableUiButtons_onEvent_onClick_TableUiButtons	1
FrameHandleListener_onClick_TeammateGrid_InfoWindow_onEvent_onClick_TeammateGrid_InfoWindow	1
FrameHandleListener_onClick_UICheckbox_TableUiButtons_onEvent_onClick_UICheckbox_TableUiButtons	1
FrameHandleListener_onClick_UIModalBackdrop_TableUiModal_onEvent_onClick_UIModalBackdrop_TableUiModal	1
FrameHandleListener_onClick_UITabs_TableUiTabs_onEvent_onClick_UITabs_TableUiTabs	1
FrameHandleListener_onClick_build_CampaignMissionControls_CampaignUI_onEvent_onClick_build_CampaignMissionControls_CampaignUI	1
FrameHandleListener_onClick_build_CampaignMissionControls_CampaignUI_onEvent_onClick_build_CampaignMissionControls_CampaignUI1	1
FrameHandleListener_onClick_build_CampaignUI_CampaignUI_onEvent_onClick_build_CampaignUI_CampaignUI	1
FrameHandleListener_onClick_build_CampaignUI_CampaignUI_onEvent_onClick_build_CampaignUI_CampaignUI1	1
FrameHandleListener_onClick_build_RoundStatsBoard_onEvent_onClick_build_RoundStatsBoard	1
FrameHandleListener_onClick_build_doAfter_AfkCheck_onEvent_onClick_build_doAfter_AfkCheck	1
FrameHandleListener_onClick_withParent_CampaignUI_CampaignUI_onEvent_onClick_withParent_CampaignUI_CampaignUI	1
FrameHandleListener_onClick_withParent_CampaignUI_CampaignUI_onEvent_onClick_withParent_CampaignUI_CampaignUI1	1
FrameHandleListener_onEditboxChange_CampaignAntiCheat_onEvent_onEditboxChange_CampaignAntiCheat	1
FrameHandleListener_onEditboxEnter_CampaignAntiCheat_onEvent_onEditboxEnter_CampaignAntiCheat	1
FrameHandleListener_onSliderValueChange_CampaignUI_CampaignUI_onEvent_onSliderValueChange_CampaignUI_CampaignUI	1
G	1
GC	1
GD	1
GE	1
GF	1
GG	1
GH	1
GJ	1
GK	1
GL	1
GM	1
GP	1
GetChangingUnitPrevOwner	1
GetDestructableLife	1
GetDestructableMaxLife	1
GetDestructableTypeId	1
GetDestructableX	1
GetDestructableY	1
GetDyingUnit	1
GetEnumDestructable	1
GetEnumItem	1
GetEnumPlayer	1
GetEnumUnit	1
GetFilterDestructable	1
GetFilterUnit	1
GetHeroLevel	1
GetItemCharges	1
GetItemName	1
GetItemTypeId	1
GetItemX	1
GetItemY	1
GetLocationX	1
GetLocationY	1
GetLocationZ	1
GetOrderedUnit	1
GetOwningPlayer	1
GetPlayerAlliance	1
GetPlayerColor	1
GetPlayerController	1
GetPlayerId	1
GetPlayerName	1
GetPlayerSlotState	1
GetPlayerState	1
GetPlayerTechMaxAllowed	1
GetRectMaxX	1
GetRectMaxY	1
GetRectMinX	1
GetRectMinY	1
GetStoredInteger	1
GetTriggerDestructable	1
GetTriggerEventId	1
GetUnitAbilityLevel	1
GetUnitAcquireRange	1
GetUnitBuildTime	1
GetUnitCurrentOrder	1
GetUnitDefaultAcquireRange	1
GetUnitDefaultMoveSpeed	1
GetUnitFacing	1
GetUnitFlyHeight	1
GetUnitGoldCost	1
GetUnitLevel	1
GetUnitLifePercent	1
GetUnitMoveSpeed	1
GetUnitName	1
GetUnitRallyUnit	1
GetUnitState	1
GetUnitTypeId	1
GetUnitWoodCost	1
GetUnitX	1
GetUnitY	1
GetUnitsSelectedAll	1
GetWidgetLife	1
GetWidgetX	1
GetWidgetY	1
Gj	1
GjallarHornDummyCaster_GjallarHornDummyCaster_prepare	1
Gl	1
GlobalCheckState_GlobalCheckState_update	1
GlobalCheckState_destroyGlobalCheckState	1
Gq	1
Grk	1
GroupAddUnit	1
GroupClear	1
GroupEnumUnitsInRange	1
GroupEnumUnitsInRect	1
GroupEnumUnitsOfPlayer	1
GroupRemoveUnit	1
H	1
HA	1
HC	1
HD	1
HE	1
HF	1
HG	1
HH	1
HI	1
HJ	1
HK	1
HL	1
HM	1
HN	1
HP	1
HashMap_HashMap_flush	1
HashMap_destroyHashMap	1
HashMap_getAndRemove	1
HaveStoredInteger	1
Hfk	1
Hik	1
HittabilityAspect_HittabilityAspect_deltaForBuilding	1
HittabilityAspect_HittabilityAspect_getDebugName	1
HittabilityAspect_HittabilityAspect_setBeforeScore	1
Hj	1
Hqk	1
I	1
IC	1
ID	1
IE	1
IF	1
IG	1
IH	1
II	1
IJ	1
IK	1
IL	1
IM	1
IMItrClosure_forEach_DraftOrchestrator_run_forEach_DraftOrchestrator	1
IMItrClosure_forEach_onPick_DraftUIScreen_DraftUI_run_forEach_onPick_DraftUIScreen_DraftUI	1
IMItrClosure_forEach_onReroll_DraftUIScreen_DraftUI_run_forEach_onReroll_DraftUIScreen_DraftUI	1
IMItrClosure_forEach_onRoundEnd_DraftUIScreen_DraftUI_run_forEach_onRoundEnd_DraftUIScreen_DraftUI	1
IMItrClosure_forEach_onRoundStart_DraftUIScreen_DraftUI_run_forEach_onRoundStart_DraftUIScreen_DraftUI	1
IMItrClosure_forEach_onTimerTick_DraftUIScreen_DraftUI_run_forEach_onTimerTick_DraftUIScreen_DraftUI	1
IMItrClosure_forEach_onWarmupAllReady_DraftUIScreen_DraftUI_run_forEach_onWarmupAllReady_DraftUIScreen_DraftUI	1
IMItrClosure_forEach_onWarmupEnd_DraftUIScreen_DraftUI_run_forEach_onWarmupEnd_DraftUIScreen_DraftUI	1
IMItrClosure_forEach_onWarmupReadyUpdate_DraftUIScreen_DraftUI_run_forEach_onWarmupReadyUpdate_DraftUIScreen_DraftUI	1
IMItrClosure_forEach_onWarmupStart_DraftUIScreen_DraftUI_run_forEach_onWarmupStart_DraftUIScreen_DraftUI	1
IMItrClosure_forEach_onWarmupTick_DraftUIScreen_DraftUI_run_forEach_onWarmupTick_DraftUIScreen_DraftUI	1
IN	1
IO	1
IP	1
Idk	1
Iek	1
Ik	1
Il	1
IntClosure_registerMode_ModeParser_ModeParser_call_registerMode_ModeParser_ModeParser	1
IntClosure_registerMode_ModeParser_ModeParser_call_registerMode_ModeParser_ModeParser1	1
IntClosure_registerMode_ModeParser_ModeParser_call_registerMode_ModeParser_ModeParser10	1
IntClosure_registerMode_ModeParser_ModeParser_call_registerMode_ModeParser_ModeParser11	1
IntClosure_registerMode_ModeParser_ModeParser_call_registerMode_ModeParser_ModeParser12	1
IntClosure_registerMode_ModeParser_ModeParser_call_registerMode_ModeParser_ModeParser13	1
IntClosure_registerMode_ModeParser_ModeParser_call_registerMode_ModeParser_ModeParser14	1
IntClosure_registerMode_ModeParser_ModeParser_call_registerMode_ModeParser_ModeParser2	1
IntClosure_registerMode_ModeParser_ModeParser_call_registerMode_ModeParser_ModeParser3	1
IntClosure_registerMode_ModeParser_ModeParser_call_registerMode_ModeParser_ModeParser4	1
IntClosure_registerMode_ModeParser_ModeParser_call_registerMode_ModeParser_ModeParser5	1
IntClosure_registerMode_ModeParser_ModeParser_call_registerMode_ModeParser_ModeParser6	1
IntClosure_registerMode_ModeParser_ModeParser_call_registerMode_ModeParser_ModeParser7	1
IntClosure_registerMode_ModeParser_ModeParser_call_registerMode_ModeParser_ModeParser8	1
IntClosure_registerMode_ModeParser_ModeParser_call_registerMode_ModeParser_ModeParser9	1
IsItemVisible	1
IsPlayerAlly	1
IsPlayerEnemy	1
IsPlayerInForce	1
IsTerrainPathable	1
IsTriggerEnabled	1
IsUnitAliveBJ	1
IsUnitAlly	1
IsUnitEnemy	1
IsUnitInGroup	1
IsUnitInRangeXY	1
IsUnitSelected	1
IsUnitType	1
IsUnitVisible	1
IssueBuildOrderById	1
IssueImmediateOrder	1
IssueImmediateOrderById	1
IssueNeutralImmediateOrderById	1
IssuePointOrderById	1
IssueTargetOrder	1
IssueTargetOrderById	1
IterableMap_IterableMap_flush	1
IterableMap_IterableMap_getAndRemove	1
IterableMap_IterableMap_remove	1
IterableMap_destroyIterableMap	1
JC	1
JD	1
JE	1
JF	1
JG	1
JH	1
JI	1
JJ	1
JK	1
JL	1
JM	1
JP	1
Jfk	1
Jj	1
Jmk	1
KC	1
KD	1
KE	1
KF	1
KG	1
KH	1
KI	1
KJ	1
KK	1
KL	1
KM	1
KO	1
KP	1
KR	1
Kik	1
KillDestructable	1
KillUnit	1
Kjk	1
Kk	1
Kl	1
Km	1
LC	1
LE	1
LF	1
LG	1
LH	1
LJ	1
LK	1
LL	1
LLItrClosure_forEach_BuildingPools_run_forEach_BuildingPools	1
LLItrClosure_forEach_BuildingPools_run_forEach_BuildingPools1	1
LLItrClosure_forEach_BuildingPools_run_forEach_BuildingPools2	1
LLItrClosure_forEach_LinkedList_LinkedList_run_forEach_LinkedList_LinkedList	1
LLItrClosure_forEach_PerkFortifiedOutpost_run_forEach_PerkFortifiedOutpost	1
LLItrClosure_forEach_PerkFortifiedOutpost_run_forEach_PerkFortifiedOutpost1	1
LLItrClosure_forEach_UltimateRoll_run_forEach_UltimateRoll	1
LLItrClosure_forEach_UltimateRoll_run_forEach_UltimateRoll1	1
LM	1
LO	1
LP	1
LayerScope_withParent_BotCard_CampaignUICards_run_withParent_BotCard_CampaignUICards	1
LayerScope_withParent_BuildingSlot_BuildingSlot_run_withParent_BuildingSlot_BuildingSlot	1
LayerScope_withParent_CampaignMissionInfoOverlay_CampaignUI_run_withParent_CampaignMissionInfoOverlay_CampaignUI	1
LayerScope_withParent_CampaignMissionInfoOverlay_CampaignUI_run_withParent_CampaignMissionInfoOverlay_CampaignUI1	1
LayerScope_withParent_CampaignMissionInfoOverlay_CampaignUI_run_withParent_CampaignMissionInfoOverlay_CampaignUI2	1
LayerScope_withParent_CampaignMissionRecordRow_CampaignUI_run_withParent_CampaignMissionRecordRow_CampaignUI	1
LayerScope_withParent_CampaignMissionRecordRow_CampaignUI_run_withParent_CampaignMissionRecordRow_CampaignUI1	1
LayerScope_withParent_CampaignMissionRecordRow_CampaignUI_run_withParent_CampaignMissionRecordRow_CampaignUI2	1
LayerScope_withParent_CampaignSurvivalUI_run_withParent_CampaignSurvivalUI	1
LayerScope_withParent_CampaignUI_CampaignUI_run_withParent_CampaignUI_CampaignUI	1
LayerScope_withParent_CampaignUI_CampaignUI_run_withParent_CampaignUI_CampaignUI1	1
LayerScope_withParent_CampaignUI_CampaignUI_run_withParent_CampaignUI_CampaignUI2	1
LayerScope_withParent_CampaignUI_CampaignUI_run_withParent_CampaignUI_CampaignUI3	1
LayerScope_withParent_CampaignUI_CampaignUI_run_withParent_CampaignUI_CampaignUI4	1
LayerScope_withParent_CampaignUI_CampaignUI_run_withParent_CampaignUI_CampaignUI5	1
LayerScope_withParent_ChapterCard_CampaignUICards_run_withParent_ChapterCard_CampaignUICards	1
LayerScope_withParent_ChapterCard_CampaignUICards_run_withParent_ChapterCard_CampaignUICards1	1
LayerScope_withParent_ChapterCard_CampaignUICards_run_withParent_ChapterCard_CampaignUICards2	1
LayerScope_withParent_DraftUIScreen_DraftUI_run_withParent_DraftUIScreen_DraftUI	1
LayerScope_withParent_ForceColumn_RoundStatsBoard_run_withParent_ForceColumn_RoundStatsBoard	1
LayerScope_withParent_ForceColumn_RoundStatsBoard_run_withParent_ForceColumn_RoundStatsBoard1	1
LayerScope_withParent_PlayerCard_RoundStatsBoard_run_withParent_PlayerCard_RoundStatsBoard	1
LayerScope_withParent_PlayerCard_RoundStatsBoard_run_withParent_PlayerCard_RoundStatsBoard1	1
LayerScope_withParent_StarObjectiveRows_CampaignUICards_run_withParent_StarObjectiveRows_CampaignUICards	1
LayerScope_withParent_SummaryCard_RoundStatsBoard_run_withParent_SummaryCard_RoundStatsBoard	1
LayerScope_withParent_SummaryCard_RoundStatsBoard_run_withParent_SummaryCard_RoundStatsBoard1	1
LayerScope_withParent_TeammateGrid_InfoWindow_run_withParent_TeammateGrid_InfoWindow	1
LayerScope_withParent_TeammateGrid_InfoWindow_run_withParent_TeammateGrid_InfoWindow1	1
LayerScope_withParent_build_RoundStatsBoard_run_withParent_build_RoundStatsBoard	1
LayerScope_withParent_withParent_CampaignUI_CampaignUI_run_withParent_withParent_CampaignUI_CampaignUI	1
LayerScope_withParent_withParent_CampaignUI_CampaignUI_run_withParent_withParent_CampaignUI_CampaignUI1	1
LayerScope_withParent_withParent_ForceColumn_RoundStatsBoard_run_withParent_withParent_ForceColumn_RoundStatsBoard	1
LayerScope_withParent_withParent_PlayerCard_RoundStatsBoard_run_withParent_withParent_PlayerCard_RoundStatsBoard	1
LayerScope_withParent_withParent_withParent_CampaignUI_CampaignUI_run_withParent_withParent_withParent_CampaignUI_CampaignUI	1
LayerScope_withParent_withParent_withParent_ForceColumn_RoundStatsBoard_run_withParent_withParent_withParent_ForceColumn_RoundStatsBoard	1
Lazy_Lazy_retrieve	1
Lazy_lazy_CFBuilding_CFBuilding_retrieve_lazy_CFBuilding_CFBuilding	1
Lazy_lazy_CFBuilding_CFBuilding_retrieve_lazy_CFBuilding_CFBuilding1	1
Lazy_lazy_CFBuilding_CFBuilding_retrieve_lazy_CFBuilding_CFBuilding2	1
Lazy_retrieve	1
Ldk	1
Lh	1
LinkedList_LinkedList_shuffle	1
LinkedList_LinkedList_sortWith	1
Lj	1
LoadListener_loadData_CampaignSaveData_onLoad_loadData_CampaignSaveData	1
MC	1
ME	1
MF	1
MG	1
MH	1
MJ	1
MK	1
ML	1
MM	1
MO	1
MP	1
MeleeRangedBalanceAspect_MeleeRangedBalanceAspect_deltaForBuilding	1
MeleeRangedBalanceAspect_MeleeRangedBalanceAspect_getDebugName	1
MeleeRangedBalanceAspect_MeleeRangedBalanceAspect_setBeforeScore	1
Mfk	1
Mgk	1
MissionProgressData_MissionProgressData_deserializeProperties	1
MissionProgressData_MissionProgressData_serializeProperties	1
MissionProgressData_destroyMissionProgressData	1
Mk	1
Mm	1
Mns	1
ModalDismissCallback_onClick_CampaignMissionInfoOverlay_CampaignUI_run_onClick_CampaignMissionInfoOverlay_CampaignUI	1
ModalDismissCallback_onClick_RoundStatsBoard_run_onClick_RoundStatsBoard	1
ModeParser_clearSelectedModesAndRestart__w3p_vmProtect	1
ModeParser_resetSelectedModesForReentry__w3p_vmProtect	1
ModeParser_startModeSelectionTimerInternal	1
ModeParser_startModeSelectionTimer__w3p_vmProtect	1
ModuloReal	1
MoveLocation	1
MoveRectTo	1
Mrk	1
MultiboardContentBuilder_build	1
MultiboardDisplay	1
MultiboardLayoutBuilder_attachTableLayoutToMultiboard_ReactivePlayerMultiboard_PlayerMultiboard_build_attachTableLayoutToMultiboard_ReactivePlayerMultiboard_PlayerMultiboard	1
MultiboardMinimize	1
MultiboardSetColumnCount	1
MultiboardSetItemsStyle	1
MultiboardSetRowCount	1
MultiboardSetTitleText	1
N	1
NC	1
ND	1
NE	1
NG	1
NH	1
NI	1
NJ	1
NK	1
NL	1
NM	1
NN	1
NO	1
NP	1
Nh	1
Nik	1
Nj	1
NoOpState_NoOpState_enter	1
NoOpState_NoOpState_exit	1
NoOpState_NoOpState_update	1
NoOpState_destroyNoOpState	1
Nqs	1
O	1
OC	1
OD	1
OE	1
OF	1
OH	1
OI	1
OJ	1
OK	1
OL	1
OM	1
OO	1
OP	1
Observer_Observer_onDependencyChanged	1
Observer_Observer_runObserver	1
Observer_runObserver	1
Odk	1
Oek	1
OnCastListener_onCast_RescueStrikeRuntime_fire_onCast_RescueStrikeRuntime	1
OnCastListener_onCast_TowerRange_fire_onCast_TowerRange	1
OnCastListener_onCast_doAfter_MMDData_fire_onCast_doAfter_MMDData	1
OnCastListener_onCast_doAfter_MMDData_fire_onCast_doAfter_MMDData1	1
OnDraftEnd_onDraftEnd_DraftUIScreen_DraftUI_call_onDraftEnd_DraftUIScreen_DraftUI	1
OnPacksAssigned_onPacks_DraftUIScreen_DraftUI_call_onPacks_DraftUIScreen_DraftUI	1
OnPickMade_onPick_DraftUIScreen_DraftUI_call_onPick_DraftUIScreen_DraftUI	1
OnPointCast_OnPointCast_fire	1
OnPointCast_onPointCast_RescueStrikeRuntime_fireEx_onPointCast_RescueStrikeRuntime	1
OnPointCast_onPointCast_RescueStrikeRuntime_fireEx_onPointCast_RescueStrikeRuntime1	1
OnPointCast_onPointCast_RescueStrikeRuntime_fireEx_onPointCast_RescueStrikeRuntime2	1
OnRerollDone_onReroll_DraftUIScreen_DraftUI_call_onReroll_DraftUIScreen_DraftUI	1
OnRoundEnd_onRoundEnd_DraftUIScreen_DraftUI_call_onRoundEnd_DraftUIScreen_DraftUI	1
OnRoundStart_onRoundStart_DraftUIScreen_DraftUI_call_onRoundStart_DraftUIScreen_DraftUI	1
OnStarterPick_onStarterPick_TeammateGrid_InfoWindow_call_onStarterPick_TeammateGrid_InfoWindow	1
OnTimerTick_onTimerTick_DraftUIScreen_DraftUI_call_onTimerTick_DraftUIScreen_DraftUI	1
OnUnitCast_OnUnitCast_fire	1
OnUnitCast_onTargetCast_BuildingSpells_fireEx_onTargetCast_BuildingSpells	1
OnUnitCast_onTargetCast_OrbOfLightning_fireEx_onTargetCast_OrbOfLightning	1
OnWarmupAllReady_onWarmupAllReady_DraftUIScreen_DraftUI_call_onWarmupAllReady_DraftUIScreen_DraftUI	1
OnWarmupEnd_onWarmupEnd_DraftUIScreen_DraftUI_call_onWarmupEnd_DraftUIScreen_DraftUI	1
OnWarmupReadyUpdate_onWarmupReadyUpdate_DraftUIScreen_DraftUI_call_onWarmupReadyUpdate_DraftUIScreen_DraftUI	1
OnWarmupReady_onWarmupReady_DraftController_DraftData_call_onWarmupReady_DraftController_DraftData	1
OnWarmupStart_onWarmupStart_DraftUIScreen_DraftUI_call_onWarmupStart_DraftUIScreen_DraftUI	1
OnWarmupTick_onWarmupTick_DraftUIScreen_DraftUI_call_onWarmupTick_DraftUIScreen_DraftUI	1
Oqk	1
PC	1
PF	1
PG	1
PH	1
PI	1
PJ	1
PK	1
PL	1
PM	1
PN	1
PO	1
PP	1
PackSupplier_PackSupplier_getPackCount	1
PackSupplier_PackSupplier_getRoundLabel	1
PanCameraToForPlayer	1
PanCameraToTimedForPlayer	1
PanCameraToTimedLocForPlayer	1
PatternSeeker_PatternSeeker_next	1
PauseTimer	1
PauseUnit	1
PerkApplyFunc_PerkBreachingDoctrine_call_PerkBreachingDoctrine	1
PerkApplyFunc_PerkContainmentFocus_call_PerkContainmentFocus	1
PerkApplyFunc_PerkFeatheredFriend_call_PerkFeatheredFriend	1
PerkApplyFunc_PerkFortifiedOutpost_call_PerkFortifiedOutpost	1
PerkApplyFunc_PerkManaLeak_call_PerkManaLeak	1
PerkApplyFunc_PerkSpellsEdge_call_PerkSpellsEdge	1
PerkApplyFunc_PerkTranscendentBlades_call_PerkTranscendentBlades	1
PerkApplyFunc_makePerkPack_DefaultPackSupplier_DraftOrchestrator_call_makePerkPack_DefaultPackSupplier_DraftOrchestrator	1
PerkApplyFunc_setCleanup_PerkArcaneOvercharge_call_setCleanup_PerkArcaneOvercharge	1
PerkApplyFunc_setCleanup_PerkBuildingEnchantment_call_setCleanup_PerkBuildingEnchantment	1
PerkApplyFunc_setCleanup_PerkBuildingEnchantment_call_setCleanup_PerkBuildingEnchantment1	1
PerkApplyFunc_setCleanup_PerkBulwarkMarch_call_setCleanup_PerkBulwarkMarch	1
PerkApplyFunc_setCleanup_PerkCagedAegis_call_setCleanup_PerkCagedAegis	1
PerkApplyFunc_setCleanup_PerkExecutionOrder_call_setCleanup_PerkExecutionOrder	1
PerkApplyFunc_setCleanup_PerkGlassCannon_call_setCleanup_PerkGlassCannon	1
PerkApplyFunc_setCleanup_PerkGroundControl_call_setCleanup_PerkGroundControl	1
PerkApplyFunc_setCleanup_PerkLastWallProtocol_call_setCleanup_PerkLastWallProtocol	1
PerkApplyFunc_setCleanup_PerkLonglineFormation_call_setCleanup_PerkLonglineFormation	1
PerkApplyFunc_setCleanup_PerkRampantGrowth_call_setCleanup_PerkRampantGrowth	1
PerkApplyFunc_setCleanup_PerkStormchaser_call_setCleanup_PerkStormchaser	1
PerkCleanupFunc_setCleanup_PerkArcaneOvercharge_call_setCleanup_PerkArcaneOvercharge	1
PerkCleanupFunc_setCleanup_PerkBuildingEnchantment_call_setCleanup_PerkBuildingEnchantment	1
PerkCleanupFunc_setCleanup_PerkBuildingEnchantment_call_setCleanup_PerkBuildingEnchantment1	1
PerkCleanupFunc_setCleanup_PerkBulwarkMarch_call_setCleanup_PerkBulwarkMarch	1
PerkCleanupFunc_setCleanup_PerkCagedAegis_call_setCleanup_PerkCagedAegis	1
PerkCleanupFunc_setCleanup_PerkExecutionOrder_call_setCleanup_PerkExecutionOrder	1
PerkCleanupFunc_setCleanup_PerkGlassCannon_call_setCleanup_PerkGlassCannon	1
PerkCleanupFunc_setCleanup_PerkGroundControl_call_setCleanup_PerkGroundControl	1
PerkCleanupFunc_setCleanup_PerkLastWallProtocol_call_setCleanup_PerkLastWallProtocol	1
PerkCleanupFunc_setCleanup_PerkLonglineFormation_call_setCleanup_PerkLonglineFormation	1
PerkCleanupFunc_setCleanup_PerkRampantGrowth_call_setCleanup_PerkRampantGrowth	1
PerkCleanupFunc_setCleanup_PerkStormchaser_call_setCleanup_PerkStormchaser	1
PerkIndexHandler_perkOnIndex_PerkTranscendentBlades_call_perkOnIndex_PerkTranscendentBlades	1
PerkIndexHandler_perkOnIndex_setCleanup_PerkArcaneOvercharge_call_perkOnIndex_setCleanup_PerkArcaneOvercharge	1
PerkIndexHandler_perkOnIndex_setCleanup_PerkBuildingEnchantment_call_perkOnIndex_setCleanup_PerkBuildingEnchantment	1
PerkIndexHandler_perkOnIndex_setCleanup_PerkBulwarkMarch_call_perkOnIndex_setCleanup_PerkBulwarkMarch	1
PerkIndexHandler_perkOnIndex_setCleanup_PerkCagedAegis_call_perkOnIndex_setCleanup_PerkCagedAegis	1
PerkIndexHandler_perkOnIndex_setCleanup_PerkGlassCannon_call_perkOnIndex_setCleanup_PerkGlassCannon	1
PerkIndexHandler_perkOnIndex_setCleanup_PerkLastWallProtocol_call_perkOnIndex_setCleanup_PerkLastWallProtocol	1
PerkIndexHandler_perkOnIndex_setCleanup_PerkLonglineFormation_call_perkOnIndex_setCleanup_PerkLonglineFormation	1
PerkIndexHandler_perkOnIndex_setCleanup_PerkRampantGrowth_call_perkOnIndex_setCleanup_PerkRampantGrowth	1
PerkIndexHandler_perkOnIndex_setCleanup_PerkStormchaser_call_perkOnIndex_setCleanup_PerkStormchaser	1
Perks	1
Ph	1
PingMinimap	1
PlanNextAction_PlanNextAction_enter	1
PlanNextAction_PlanNextAction_update	1
PlanNextAction_destroyPlanNextAction	1
PlaySoundBJ	1
PositionProvider_AiExecutor_CustomAI_getPosition_AiExecutor_CustomAI	1
PositionProvider_AiExecutor_CustomAI_getPosition_AiExecutor_CustomAI1	1
PositionProvider_AiExecutor_CustomAI_getPosition_AiExecutor_CustomAI2	1
PositionProvider_AiExecutor_CustomAI_getPosition_AiExecutor_CustomAI3	1
PositionProvider_AiExecutor_CustomAI_getPosition_AiExecutor_CustomAI4	1
PositionProvider_AiExecutor_CustomAI_getPosition_AiExecutor_CustomAI5	1
Pow	1
Pqk	1
PreloadGenClear	1
PreloadGenEnd	1
PreloadGenStart	1
Preloader	1
Prk	1
QC	1
QE	1
QF	1
QG	1
QH	1
QI	1
QJ	1
QK	1
QL	1
QM	1
QO	1
QP	1
Qfk	1
Qjk	1
Qpk	1
QueueTask_QueueTask_run	1
QueueTask_run	1
QueueUnitAnimation	1
QuickBuild_QuickBuild_enter	1
QuickBuild_QuickBuild_update	1
QuickBuild_destroyQuickBuild	1
R	1
RA	1
RC	1
RD	1
RE	1
RF	1
RG	1
RH	1
RI	1
RJ	1
RK	1
RL	1
RM	1
RO	1
RP	1
Rdk	1
RegionAddRect	1
ReleaseKeyboardFocusFrameListener_ReleaseKeyboardFocusFrameListener_onEvent	1
RemoveDestructable	1
RemoveItem	1
RemovePlayer	1
RemovePlayerPreserveUnitsBJ	1
RemoveRect	1
RemoveUnit	1
ReplaceUnitBJ	1
RescueStrikeTarget_RescueStrikeTarget_enter	1
RescueStrikeTarget_RescueStrikeTarget_update	1
RescueStrikeTarget_destroyRescueStrikeTarget	1
Rfk	1
Rh	1
S	1
S2R	1
SC	1
SE	1
SF	1
SG	1
SH	1
SI	1
SJ	1
SK	1
SL	1
SM	1
SN	1
SO	1
SP	1
SelectUnit	1
SelectUnitForPlayerSingle	1
SetCameraField	1
SetDestructableInvulnerable	1
SetGamePlacement	1
SetGameSpeed	1
SetImageColor	1
SetImageRenderAlways	1
SetItemCharges	1
SetItemPosition	1
SetItemVisible	1
SetLightningColor	1
SetMapDescription	1
SetMapName	1
SetPlayerAbilityAvailable	1
SetPlayerAlliance	1
SetPlayerAllianceStateAllyBJ	1
SetPlayerAllianceStateBJ	1
SetPlayerName	1
SetPlayerState	1
SetPlayerTechMaxAllowed	1
SetPlayerUnitAvailableBJ	1
SetPlayers	1
SetSoundChannel	1
SetSoundConeAngles	1
SetSoundConeOrientation	1
SetSoundDistanceCutoff	1
SetSoundDistances	1
SetSoundDuration	1
SetSoundPitch	1
SetSoundPosition	1
SetSoundVolume	1
SetTeams	1
SetTextTagPermanent	1
SetTextTagPos	1
SetTextTagText	1
SetTextTagVisibility	1
SetUnitAbilityLevel	1
SetUnitAcquireRange	1
SetUnitAnimation	1
SetUnitColor	1
SetUnitExploded	1
SetUnitFacing	1
SetUnitFlyHeight	1
SetUnitInvulnerable	1
SetUnitMoveSpeed	1
SetUnitOwner	1
SetUnitPathing	1
SetUnitPosition	1
SetUnitScale	1
SetUnitState	1
SetUnitTimeScale	1
SetUnitVertexColor	1
SetUnitX	1
SetUnitY	1
SetWidgetLife	1
ShowTextTagForceBJ	1
ShowUnit	1
Siege	1
Signal_Signal_subscribe	1
Signal_Signal_unsubscribe	1
Sik	1
SinBJ	1
Spell	1
SpotRejector_SpotRejector_shouldReject	1
SpotRejector_shouldReject	1
Sqk	1
StartResourceMode_StartResourceMode_execute	1
StartResourceMode_StartResourceMode_isValidValue	1
StartSound	1
State_destroyState	1
StopSound	1
StoreInteger	1
Strike	1
StringClosureWithInt_addChoice_addChoice_registerMode_ModeParser_ModeParser_call_addChoice_addChoice_registerMode_ModeParser_ModeParser	1
StringClosureWithInt_addChoice_addChoice_registerMode_ModeParser_ModeParser_call_addChoice_addChoice_registerMode_ModeParser_ModeParser1	1
StringClosureWithInt_addChoice_addChoice_registerMode_ModeParser_ModeParser_call_addChoice_addChoice_registerMode_ModeParser_ModeParser2	1
StringClosureWithInt_addChoice_addChoice_registerMode_ModeParser_ModeParser_call_addChoice_addChoice_registerMode_ModeParser_ModeParser3	1
StringHash	1
StringSyncListener_onDataSynced	1
SupplierFunc_DefaultPackSupplier_DraftOrchestrator_supply_DefaultPackSupplier_DraftOrchestrator	1
SupplierFunc_DefaultPackSupplier_DraftOrchestrator_supply_DefaultPackSupplier_DraftOrchestrator1	1
Supplier_Supplier_get	1
Supplier_computed_MultiboardState_get_computed_MultiboardState	1
Supplier_computed_MultiboardState_get_computed_MultiboardState1	1
Supplier_computed_MultiboardState_get_computed_MultiboardState2	1
Supplier_computed_MultiboardState_get_computed_MultiboardState3	1
Supplier_get	1
SupportOrderTask_SupportOrderTask_run	1
SyncStoredInteger	1
T	1
TC	1
TD	1
TF	1
TG	1
TH	1
TI	1
TJ	1
TK	1
TL	1
TM	1
TN	1
TO	1
TP	1
Table_Table_flush	1
Table_Table_hasString	1
Table_Table_loadDestructable	1
Table_Table_loadEffect	1
Table_Table_loadForce	1
Table_Table_loadFrameHandle	1
Table_Table_loadTrigger	1
Table_Table_loadUnit	1
Table_Table_saveFogState	1
Table_destroyTable	1
Th	1
TimerDialogDisplay	1
TimerDialogSetTitle	1
TimerGetElapsed	1
TimerGetRemaining	1
TimerStart	1
TriggerAddAction	1
TriggerAddCondition	1
TriggerClearActions	1
TriggerClearConditions	1
TriggerEvaluate	1
TriggerExecute	1
TriggerRegisterAnyUnitEventBJ	1
TriggerRegisterDeathEvent	1
TriggerRegisterEnterRectSimple	1
TriggerRegisterEnterRegion	1
TriggerRegisterLeaveRectSimple	1
TriggerRegisterPlayerChatEvent	1
TriggerRegisterPlayerEvent	1
TriggerRegisterPlayerUnitEvent	1
TriggerRegisterUnitEvent	1
TryUpgrade_TryUpgrade_enter	1
TryUpgrade_TryUpgrade_update	1
TryUpgrade_destroyTryUpgrade	1
U	1
UC	1
UD	1
UE	1
UF	1
UG	1
UH	1
UIBar_UIBar_getActiveTexture	1
UJ	1
UK	1
UL	1
UM	1
UO	1
UP	1
UnitAddAbility	1
UnitAddItemById	1
UnitAddType	1
UnitAlive	1
UnitApplyTimedLife	1
UnitDamageTarget	1
UnitInventorySize	1
UnitItemInSlot	1
UnitMakeAbilityPermanent	1
UnitRemoveAbility	1
UnitRemoveBuffs	1
UnitRemoveBuffsEx	1
UnitRemoveType	1
UnitResetCooldown	1
UnitShareVision	1
UnitSpellClosure_registerUnitSpellWithTargetOrderEffect_RaceMechAbilities_cast_registerUnitSpellWithTargetOrderEffect_RaceMechAbilities	1
UnitSpellClosure_registerUnitSpellWithTargetOrder_MasterOfElements_cast_registerUnitSpellWithTargetOrder_MasterOfElements	1
UnitSpellClosure_registerUnitSpellWithTargetOrder_MonkHeal_cast_registerUnitSpellWithTargetOrder_MonkHeal	1
UnitSpellClosure_registerUnitSpellWithTargetOrder_MonkHeal_cast_registerUnitSpellWithTargetOrder_MonkHeal1	1
UnitSpellClosure_registerUnitSpellWithTargetOrder_RaceChaosAbilities_cast_registerUnitSpellWithTargetOrder_RaceChaosAbilities	1
UnitSpellClosure_registerUnitSpellWithTargetOrder_RaceChaosAbilities_cast_registerUnitSpellWithTargetOrder_RaceChaosAbilities1	1
UnitSpellClosure_registerUnitSpellWithTargetOrder_RaceCorruptedAbilities_cast_registerUnitSpellWithTargetOrder_RaceCorruptedAbilities	1
UnitSpellClosure_registerUnitSpellWithTargetOrder_RaceDesertAbilities_cast_registerUnitSpellWithTargetOrder_RaceDesertAbilities	1
UnitSpellClosure_registerUnitSpellWithTargetOrder_RaceDesertAbilities_cast_registerUnitSpellWithTargetOrder_RaceDesertAbilities1	1
UnitSpellClosure_registerUnitSpellWithTargetOrder_RaceDesertAbilities_cast_registerUnitSpellWithTargetOrder_RaceDesertAbilities2	1
UnitSpellClosure_registerUnitSpellWithTargetOrder_RaceDesertAbilities_cast_registerUnitSpellWithTargetOrder_RaceDesertAbilities3	1
UnitSpellClosure_registerUnitSpellWithTargetOrder_RaceDesertAbilities_cast_registerUnitSpellWithTargetOrder_RaceDesertAbilities4	1
UnitSpellClosure_registerUnitSpellWithTargetOrder_RaceElementalAbilities_cast_registerUnitSpellWithTargetOrder_RaceElementalAbilities	1
UnitSpellClosure_registerUnitSpellWithTargetOrder_RaceElvenAbilities_cast_registerUnitSpellWithTargetOrder_RaceElvenAbilities	1
UnitSpellClosure_registerUnitSpellWithTargetOrder_RaceElvenAbilities_cast_registerUnitSpellWithTargetOrder_RaceElvenAbilities1	1
UnitSpellClosure_registerUnitSpellWithTargetOrder_RaceElvenAbilities_cast_registerUnitSpellWithTargetOrder_RaceElvenAbilities2	1
UnitSpellClosure_registerUnitSpellWithTargetOrder_RaceHumanAbilities_cast_registerUnitSpellWithTargetOrder_RaceHumanAbilities	1
UnitSpellClosure_registerUnitSpellWithTargetOrder_RaceHumanAbilities_cast_registerUnitSpellWithTargetOrder_RaceHumanAbilities1	1
UnitSpellClosure_registerUnitSpellWithTargetOrder_RaceHumanAbilities_cast_registerUnitSpellWithTargetOrder_RaceHumanAbilities2	1
UnitSpellClosure_registerUnitSpellWithTargetOrder_RaceHumanAbilities_cast_registerUnitSpellWithTargetOrder_RaceHumanAbilities3	1
UnitSpellClosure_registerUnitSpellWithTargetOrder_RaceMechAbilities_cast_registerUnitSpellWithTargetOrder_RaceMechAbilities	1
UnitSpellClosure_registerUnitSpellWithTargetOrder_RaceNagaAbilities_cast_registerUnitSpellWithTargetOrder_RaceNagaAbilities	1
UnitSpellClosure_registerUnitSpellWithTargetOrder_RaceNatureAbilities_cast_registerUnitSpellWithTargetOrder_RaceNatureAbilities	1
UnitSpellClosure_registerUnitSpellWithTargetOrder_RaceNatureAbilities_cast_registerUnitSpellWithTargetOrder_RaceNatureAbilities1	1
UnitSpellClosure_registerUnitSpellWithTargetOrder_RaceNatureAbilities_cast_registerUnitSpellWithTargetOrder_RaceNatureAbilities2	1
UnitSpellClosure_registerUnitSpellWithTargetOrder_RaceNatureAbilities_cast_registerUnitSpellWithTargetOrder_RaceNatureAbilities3	1
UnitSpellClosure_registerUnitSpellWithTargetOrder_RaceNatureAbilities_cast_registerUnitSpellWithTargetOrder_RaceNatureAbilities4	1
UnitSpellClosure_registerUnitSpellWithTargetOrder_RaceNatureAbilities_cast_registerUnitSpellWithTargetOrder_RaceNatureAbilities5	1
UnitSpellClosure_registerUnitSpellWithTargetOrder_RaceNatureAbilities_cast_registerUnitSpellWithTargetOrder_RaceNatureAbilities6	1
UnitSpellClosure_registerUnitSpellWithTargetOrder_RaceNelfAbilities_cast_registerUnitSpellWithTargetOrder_RaceNelfAbilities	1
UnitSpellClosure_registerUnitSpellWithTargetOrder_RaceNelfAbilities_cast_registerUnitSpellWithTargetOrder_RaceNelfAbilities1	1
UnitSpellClosure_registerUnitSpellWithTargetOrder_RaceNelfAbilities_cast_registerUnitSpellWithTargetOrder_RaceNelfAbilities2	1
UnitSpellClosure_registerUnitSpellWithTargetOrder_RaceNorthernAbilities_cast_registerUnitSpellWithTargetOrder_RaceNorthernAbilities	1
UnitSpellClosure_registerUnitSpellWithTargetOrder_RaceNorthernAbilities_cast_registerUnitSpellWithTargetOrder_RaceNorthernAbilities1	1
UnitSpellClosure_registerUnitSpellWithTargetOrder_RaceNorthernAbilities_cast_registerUnitSpellWithTargetOrder_RaceNorthernAbilities2	1
UnitSpellClosure_registerUnitSpellWithTargetOrder_RaceOrcAbilities_cast_registerUnitSpellWithTargetOrder_RaceOrcAbilities	1
UnitSpellClosure_registerUnitSpellWithTargetOrder_RaceOrcAbilities_cast_registerUnitSpellWithTargetOrder_RaceOrcAbilities1	1
UnitStat_UnitStat_armor	1
UnitStat_UnitStat_c0	1
UnitStat_UnitStat_c1	1
UnitStat_UnitStat_d0	1
UnitStat_UnitStat_d1	1
UnitStat_UnitStat_dt	1
UnitStat_UnitStat_hp	1
UnitStat_UnitStat_n0	1
UnitStat_UnitStat_n1	1
UnitStat_UnitStat_r0	1
UnitStat_UnitStat_r1	1
UnitStat_UnitStat_s0	1
UnitStat_UnitStat_s1	1
UnitStat_UnitStat_speed	1
UnitUseItemPoint	1
UnitUseItemTarget	1
UnwantedCageRejector_UnwantedCageRejector_shouldReject	1
Uqk	1
Urk	1
Usk	1
V	1
VC	1
VD	1
VE	1
VF	1
VG	1
VH	1
VI	1
VJ	1
VK	1
VL	1
VM	1
VO	1
VP	1
ValueMode_ValueMode_execute	1
ValueMode_ValueMode_isValidValue	1
Vdk	1
Vek	1
Vh	1
VoidClosure_registerMode_ModeParser_ModeParser_call_registerMode_ModeParser_ModeParser	1
VoidClosure_registerMode_ModeParser_ModeParser_call_registerMode_ModeParser_ModeParser1	1
VoidClosure_registerMode_ModeParser_ModeParser_call_registerMode_ModeParser_ModeParser10	1
VoidClosure_registerMode_ModeParser_ModeParser_call_registerMode_ModeParser_ModeParser11	1
VoidClosure_registerMode_ModeParser_ModeParser_call_registerMode_ModeParser_ModeParser12	1
VoidClosure_registerMode_ModeParser_ModeParser_call_registerMode_ModeParser_ModeParser13	1
VoidClosure_registerMode_ModeParser_ModeParser_call_registerMode_ModeParser_ModeParser14	1
VoidClosure_registerMode_ModeParser_ModeParser_call_registerMode_ModeParser_ModeParser15	1
VoidClosure_registerMode_ModeParser_ModeParser_call_registerMode_ModeParser_ModeParser16	1
VoidClosure_registerMode_ModeParser_ModeParser_call_registerMode_ModeParser_ModeParser17	1
VoidClosure_registerMode_ModeParser_ModeParser_call_registerMode_ModeParser_ModeParser18	1
VoidClosure_registerMode_ModeParser_ModeParser_call_registerMode_ModeParser_ModeParser19	1
VoidClosure_registerMode_ModeParser_ModeParser_call_registerMode_ModeParser_ModeParser2	1
VoidClosure_registerMode_ModeParser_ModeParser_call_registerMode_ModeParser_ModeParser20	1
VoidClosure_registerMode_ModeParser_ModeParser_call_registerMode_ModeParser_ModeParser21	1
VoidClosure_registerMode_ModeParser_ModeParser_call_registerMode_ModeParser_ModeParser22	1
VoidClosure_registerMode_ModeParser_ModeParser_call_registerMode_ModeParser_ModeParser23	1
VoidClosure_registerMode_ModeParser_ModeParser_call_registerMode_ModeParser_ModeParser3	1
VoidClosure_registerMode_ModeParser_ModeParser_call_registerMode_ModeParser_ModeParser4	1
VoidClosure_registerMode_ModeParser_ModeParser_call_registerMode_ModeParser_ModeParser5	1
VoidClosure_registerMode_ModeParser_ModeParser_call_registerMode_ModeParser_ModeParser6	1
VoidClosure_registerMode_ModeParser_ModeParser_call_registerMode_ModeParser_ModeParser7	1
VoidClosure_registerMode_ModeParser_ModeParser_call_registerMode_ModeParser_ModeParser8	1
VoidClosure_registerMode_ModeParser_ModeParser_call_registerMode_ModeParser_ModeParser9	1
W	1
WB	1
WC	1
WD	1
WE	1
WF	1
WG	1
WH	1
WJ	1
WK	1
WL	1
WM	1
WN	1
WO	1
WP	1
Watcher_Watcher_runObserver	1
Wm	1
X	1
XC	1
XD	1
XE	1
XF	1
XI	1
XJ	1
XK	1
XL	1
XM	1
XP	1
Xh	1
Xjk	1
Xqk	1
Y	1
YC	1
YD	1
YE	1
YF	1
YG	1
YH	1
YK	1
YL	1
YM	1
YO	1
YP	1
Yik	1
Z	1
ZC	1
ZD	1
ZE	1
ZF	1
ZG	1
ZH	1
ZI	1
ZJ	1
ZK	1
ZL	1
ZM	1
ZN	1
ZO	1
ZP	1
Zfk	1
Zh	1
Zrk	1
_Pr	1
a1	1
a3	1
aD	1
aE	1
aF	1
aG	1
aH	1
aI	1
aK	1
aL	1
aM	1
aO	1
aP	1
aQ	1
ab	1
abandon	1
ability	1
add	1
addChapter__w3p_vmProtect	1
addEnemyBot__w3p_vmProtect	1
addFriendlyBot__w3p_vmProtect	1
addMission__w3p_vmProtect	1
addRaceOption__w3p_vmProtect	1
addRegisteredPerk__w3p_vmProtect	1
addStarterRace__w3p_vmProtect	1
addSupply__w3p_vmProtect	1
aek	1
ahk	1
announceCheatProgressionDisabled__w3p_vmProtect	1
area	1
assertAbilityFieldSourceIntegrity__w3p_vmProtect	1
assertAbilityStubSentinel__w3p_vmProtect	1
assertCFBuildingAllowedInPool__w3p_vmProtect	1
assertSourceOwnedAbilityStubSentinel__w3p_vmProtect	1
assertUnitObjectMetadataIntegrity__w3p_vmProtect	1
assertUnitObjectUpgradeMetadataIntegrity__w3p_vmProtect	1
assertUnitStatSourceIntegrity__w3p_vmProtect	1
assertUnitStubSentinel__w3p_vmProtect	1
attack	1
bB	1
bD	1
bE	1
bF	1
bG	1
bH	1
bI	1
bJ	1
bK	1
bL	1
bM	1
bN	1
bO	1
bP	1
bQ	1
bb	1
beginCFRaceBuildingRegistration__w3p_vmProtect	1
bl	1
blocked	1
bms	1
bounty	1
bp	1
brk	1
bt	1
c1	1
c5	1
cD	1
cE	1
cF	1
cG	1
cH	1
cI	1
cJ	1
cK	1
cL	1
cM	1
cN	1
cO	1
cP	1
cQ	1
call	1
call10	1
call11	1
call12	1
call13	1
call14	1
call15	1
call16	1
call17	1
call18	1
call19	1
call2	1
call20	1
call21	1
call22	1
call5	1
call6	1
call7	1
call8	1
call9	1
callback	1
cancelPendingRoundStartTimers	1
cast	1
cast1	1
challenge	1
chapterTwoModeString	1
cl	1
completeCampaignChapterWithStarMasks__w3p_vmProtect	1
computer	1
config	1
configureReminderAbilityFromPerk	1
copyAllPerksIntoDrawPool__w3p_vmProtect	1
cp	1
create1035	1
create1037	1
create1039	1
create1047	1
create1077	1
create1078	1
create1079	1
create1082	1
create1083	1
create1100	1
create1102	1
create1104	1
create1105	1
create1113	1
create1168	1
create1169	1
create136	1
create142	1
create143	1
create149	1
create157	1
create165	1
create206	1
create299	1
create30	1
create300	1
create301	1
create302	1
create303	1
create304	1
create305	1
create306	1
create308	1
create309	1
create32	1
create368	1
create392	1
create415	1
create416	1
create417	1
create430	1
create434	1
create435	1
create436	1
create437	1
create438	1
create439	1
create440	1
create441	1
create442	1
create443	1
create444	1
create445	1
create446	1
create447	1
create455	1
create492	1
create498	1
create507	1
create52	1
create526	1
create562	1
create566	1
create569	1
create570	1
create589	1
create597	1
create598	1
create646	1
create648	1
create670	1
create671	1
create706	1
create707	1
create771	1
create990	1
create992	1
create993	1
create995	1
createRawSentinelUnit	1
dD	1
dE	1
dF	1
dG	1
dH	1
dI	1
dJ	1
dK	1
dL	1
dM	1
dP	1
dQ	1
db	1
ddk	1
dek	1
dies	1
dik	1
e2	1
e3	1
eB	1
eD	1
eE	1
eF	1
eG	1
eH	1
eI	1
eJ	1
eK	1
eL	1
eM	1
eO	1
eP	1
eQ	1
eb	1
efk	1
enemy	1
ep	1
eq	1
error	1
expectedPerkIdByIndex__w3p_vmProtect	1
expectedPerkNameByIndex__w3p_vmProtect	1
expectedPerkReminderByIndex__w3p_vmProtect	1
expectedPerkSignatureByIndex__w3p_vmProtect	1
explodes	1
f2	1
f5	1
fD	1
fF	1
fG	1
fH	1
fI	1
fJ	1
fK	1
fL	1
fM	1
fP	1
fQ	1
failure	1
fb	1
fi	1
finishCFRaceBuildingRegistration__w3p_vmProtect	1
fireEx	1
fireEx1	1
fjk	1
fos	1
fsk	1
g1	1
g4	1
gB	1
gD	1
gE	1
gF	1
gG	1
gH	1
gI	1
gJ	1
gK	1
gL	1
gM	1
gN	1
gP	1
gQ	1
gX	1
gb	1
gek	1
getRegisteredPerkIdSequence__w3p_vmProtect	1
getUltimateRaceChoiceIndex__w3p_vmProtect	1
getmetatable	1
gik	1
grk	1
hD	1
hE	1
hF	1
hG	1
hH	1
hI	1
hJ	1
hK	1
hL	1
hM	1
hN	1
hP	1
hQ	1
handleArgs	1
hb	1
hlk	1
hq	1
iD	1
iE	1
iF	1
iG	1
iH	1
iI	1
iJ	1
iK	1
iL	1
iM	1
iO	1
iQ	1
ib	1
ii	1
il	1
installReminderRoundStartHookOnce__w3p_vmProtect	1
invalid	1
ipairs	1
j2	1
j5	1
jA	1
jD	1
jE	1
jF	1
jG	1
jH	1
jI	1
jJ	1
jK	1
jL	1
jM	1
jN	1
jO	1
jP	1
jQ	1
jk	1
jkk	1
k3	1
kA	1
kD	1
kE	1
kF	1
kG	1
kH	1
kI	1
kJ	1
kK	1
kL	1
kM	1
kO	1
kP	1
kQ	1
kR	1
kb	1
kfk	1
kik	1
kjk	1
kl	1
kmk	1
l1	1
l4	1
lA	1
lE	1
lF	1
lG	1
lH	1
lI	1
lJ	1
lK	1
lL	1
lM	1
lO	1
lP	1
lQ	1
lek	1
length	1
lpk	1
ly	1
mE	1
mF	1
mG	1
mH	1
mJ	1
mK	1
mL	1
mM	1
mP	1
mQ	1
main	1
matchCmd	1
mhk	1
mixPerkRegistryToken	1
mrk	1
msk	1
nD	1
nE	1
nF	1
nG	1
nH	1
nI	1
nJ	1
nK	1
nL	1
nM	1
nO	1
nP	1
nQ	1
near1	1
nl	1
nmk	1
nnk	1
noteLedgerVariance__w3p_vmProtect	1
nqk	1
o	1
o2	1
oD	1
oE	1
oF	1
oG	1
oH	1
oI	1
oJ	1
oK	1
oL	1
oM	1
oO	1
oP	1
oQ	1
onChange	1
onDataSynced	1
onEvent2	1
once	1
pA	1
pF	1
pG	1
pH	1
pI	1
pJ	1
pK	1
pL	1
pM	1
pN	1
pO	1
pP	1
pQ	1
pc	1
perk_01	1
pgk	1
phk	1
pik	1
pjk	1
player_saveData	1
pqk	1
presets	1
pz	1
q1	1
qF	1
qG	1
qH	1
qI	1
qJ	1
qK	1
qL	1
qM	1
qO	1
qP	1
qQ	1
ql	1
qsk	1
qy	1
r0	1
r5	1
rA	1
rD	1
rE	1
rF	1
rG	1
rH	1
rI	1
rJ	1
rK	1
rL	1
rM	1
rN	1
rO	1
rP	1
rQ	1
recordCFRaceBuilding__w3p_vmProtect	1
recordPerkCatalogEntryDrift__w3p_vmProtect	1
recordPerkCatalogFingerprintDrift__w3p_vmProtect	1
recordPerkCatalogOrderDrift__w3p_vmProtect	1
recordPerkCatalogSealDrift__w3p_vmProtect	1
recordPerkCatalogSignatureDrift__w3p_vmProtect	1
recordPerkCatalogSizeDrift__w3p_vmProtect	1
recordPerkCatalogTokenDrift__w3p_vmProtect	1
registerCampaignChapterIEnemyBots__w3p_vmProtect	1
registerCampaignChapterIIEnemyBots__w3p_vmProtect	1
registerCampaignChapterII__w3p_vmProtect	1
registerCampaignChapterI__w3p_vmProtect	1
rek	1
removeUltimateFromPool__w3p_vmProtect	1
requested	1
rfk	1
rmk	1
rr	1
run11	1
run3	1
run4	1
run5	1
run6	1
run9	1
run_wrapper2	1
run_wrapper3	1
run_wrapper4	1
run_wrapper5	1
run_wrapper6	1
run_wrapper7	1
run_wrapper8	1
run_wrapper9	1
s0	1
s3	1
s5	1
sE	1
sF	1
sG	1
sH	1
sI	1
sJ	1
sK	1
sL	1
sM	1
sN	1
sO	1
sP	1
sQ	1
setTeamWins	1
sik	1
sl	1
so	1
speed	1
sqk	1
starTracksCastleHealth	1
startDraft__w3p_vmProtect	1
statistics	1
step	1
stk	1
sy	1
sz	1
tD	1
tE	1
tF	1
tG	1
tH	1
tI	1
tJ	1
tK	1
tL	1
tM	1
tN	1
tO	1
tP	1
tQ	1
team	1
thk	1
to	1
trk	1
tz	1
u2	1
u4	1
uC	1
uD	1
uG	1
uH	1
uJ	1
uK	1
uL	1
uM	1
uN	1
uO	1
uP	1
uQ	1
uV	1
ul	1
urk	1
vD	1
vE	1
vG	1
vH	1
vI	1
vJ	1
vK	1
vL	1
vM	1
vO	1
vP	1
vQ	1
validateRegisteredPerkCount__w3p_vmProtect	1
validateRegisteredPerkEntries__w3p_vmProtect	1
validateRegisteredPerkIds__w3p_vmProtect	1
validateRegisteredPerkSeal__w3p_vmProtect	1
validateRegisteredPerkToken__w3p_vmProtect	1
value	1
vik	1
vjk	1
w1	1
wC	1
wD	1
wE	1
wF	1
wG	1
wH	1
wJ	1
wK	1
wL	1
wM	1
wN	1
wO	1
wP	1
wQ	1
wdk	1
we	1
wl	1
wmk	1
wn	1
wo	1
wqk	1
wsk	1
xD	1
xE	1
xF	1
xG	1
xH	1
xI	1
xJ	1
xK	1
xL	1
xM	1
xN	1
xO	1
xP	1
xQ	1
xrk	1
y3	1
yC	1
yD	1
yE	1
yF	1
yG	1
yH	1
yK	1
yL	1
yM	1
yN	1
yO	1
yP	1
yQ	1
yek	1
yhk	1
yik	1
ykk	1
yl	1
ypk	1
zC	1
zD	1
zE	1
zF	1
zG	1
zH	1
zI	1
zJ	1
zK	1
zL	1
zM	1
zO	1
zP	1
zQ	1
zdk	1
zgk	1
zmk	1
zo	1
