name	start_byte_offset	end_byte_offset	byte_length
_T	774	1502	728
_L	1509	2237	728
_r	2244	2972	728
_j	2979	3707	728
_y	3927	3963	36
Zr	5279	5430	151
ggk	26281	26329	48
tgk	27035	27124	89
Dgk	27457	27546	89
hhk	28608	28656	48
qkk	34573	34621	48
nlk	36633	36681	48
Qmk	41328	41376	48
vnk	42682	42730	48
rpk	46646	46694	48
Fpk	47104	47152	48
Xpk	47906	47954	48
ctk	53723	53771	48
_hr	55115	55406	291
_fr	55425	55509	84
_Pr	55516	55556	40
_qr	55563	55623	60
_tr	55630	55668	38
o	118638	118763	125
B	118824	119007	183
C	119062	119528	466
D	119575	119857	282
E	119899	121292	1393
F	121339	123202	1863
G	123245	123822	577
H	123864	421678	297814
I	421729	422338	609
N	422393	422635	242
O	422688	422759	71
R	422804	422993	189
S	423049	423304	255
T	423369	423943	574
U	423986	425956	1970
V	426005	426813	808
W	426862	427465	603
X	427510	427804	294
isInstanceOf	427849	427931	82
__wurst_objectToIndex	427948	428260	312
__wurst_objectFromIndex	428261	428449	188
__wurst_stringToIndex	428458	428723	265
__wurst_stringFromIndex	428724	428934	210
Y	428999	429030	31
Z	429145	429177	32
ab	429262	429298	36
bb	429543	429612	69
db	439559	439608	49
eb	439666	439800	134
fb	440278	440305	27
gb	440365	440501	136
hb	440885	440914	29
ib	440974	441110	136
jb:create	456299	456517	218
AbilityLevelFields_AbilityLevelFields_cd	456518	456891	373
AbilityLevelFields_AbilityLevelFields_mana	456892	457248	356
AbilityLevelFields_AbilityLevelFields_applyTo	457249	457678	429
kb	457679	457934	255
mb:create1	458054	458133	79
ForceCallback_forEach_AfkCheck_run_forEach_AfkCheck	458134	458454	320
nb:create2	458471	458548	77
ForceCallback_forEach_AfkCheck_run_forEach_AfkCheck1	458549	458866	317
ob:create3	458883	458982	99
CallbackSingle_doAfter_AfkCheck_call_doAfter_AfkCheck	458983	459489	506
qb:create4	459506	459594	88
CallbackSingle_doAfter_AfkCheck_call_doAfter_AfkCheck1	459595	461552	1957
tb:create6	461569	461653	84
CheckboxListener_addListener_doAfter_AfkCheck_onChange_addListener_doAfter_AfkCheck	461654	461838	184
ub:create7	461855	461933	78
DialogBody_build_doAfter_AfkCheck_run_build_doAfter_AfkCheck	461934	463297	1363
wb:create8	463314	463485	171
FrameHandleListener_onClick_build_doAfter_AfkCheck_onEvent_onClick_build_doAfter_AfkCheck	463486	463621	135
xb:create9	463638	463785	147
tupleCopy	463786	463847	61
InfoData_new_InfoData	463848	464136	288
InfoData_destroyInfoData	464137	464178	41
yb:create10	464195	464272	77
ArrayListPredicate_find_AiBuildingChoice_isTrueFor_find_AiBuildingChoice	464273	464405	132
zb:create11	464422	464499	77
ArrayListPredicate_find_AiBuildingChoice_isTrueFor_find_AiBuildingChoice1	464500	464633	133
Ab:create12	464650	464778	128
AiBuildablesState_AiBuildablesState_ensure	464779	465000	221
AiBuildablesState_AiBuildablesState_clear	465001	465218	217
AiBuildablesState_AiBuildablesState_add	465219	465601	382
AiBuildablesState_AiBuildablesState_size	465602	465783	181
AiBuildablesState_AiBuildablesState_getNameLower	465784	465940	156
AiBuildablesState_AiBuildablesState_getRef	465941	466066	125
AiBuildablesState_new_AiBuildablesState	466067	466274	207
Bb:create13	466291	466393	102
CallbackSingle_doAfter_AiChatIntent_call_doAfter_AiChatIntent	466394	466661	267
Cb:create14	466678	466870	192
AiChatState_new_AiChatState	466871	467105	234
Db:create15	467122	467314	192
ChatIntent_ChatIntent_name	467315	467388	73
ChatIntent_ChatIntent_keywords	467389	467671	282
ChatIntent_ChatIntent_responses	467672	467937	265
Eb:create16	467954	468401	447
AiPriorityState_new_AiPriorityState	468402	468969	567
Fb:create17	468986	469138	152
AiDecision_new_AiDecision	469139	469387	248
AiDecision_new_AiDecision1	469388	469661	273
AiDecision_destroyAiDecision	469662	469707	45
Gb:create18	469724	469929	205
tupleCopy1	469930	469978	48
DamageListener_addListener_AiEngagement_onEvent_addListener_AiEngagement	469979	470728	749
Hb:create19	470745	470836	91
CallbackPeriodic_doPeriodically_AiEngagement_call_doPeriodically_AiEngagement	470837	471052	215
Ib:create20	471069	471158	89
CallbackSingle_doAfter_AiFullGameE2E_call_doAfter_AiFullGameE2E	471159	471438	279
Jb:create21	471455	471544	89
CallbackSingle_doAfter_AiFullGameE2E_call_doAfter_AiFullGameE2E1	471545	471772	227
Kb:create22	471789	471878	89
CallbackSingle_doAfter_doAfter_AiFullGameE2E_call_doAfter_doAfter_AiFullGameE2E	471879	472128	249
Lb:create23	472145	472236	91
CallbackPeriodic_doPeriodically_doAfter_doAfter_AiFullGameE2E_call_doPeriodically_doAfter_doAfter_AiFullGameE2E	472237	472388	151
Mb:create24	472405	472530	125
CallbackSingle_doAfter_AiFullGameE2E_call_doAfter_AiFullGameE2E2	472531	472850	319
Nb:create25	472867	472936	69
Action_watch_AiFullGameE2E_run_watch_AiFullGameE2E	472937	473143	206
Ob:create26	473160	473229	69
Action_watch_AiFullGameE2E_run_watch_AiFullGameE2E1	473230	473458	228
Pb:create27	473475	473633	158
EventListener_add_AiItemBuying_onEvent_add_AiItemBuying	473634	473887	253
Qb:create28	473904	473973	69
Action_batch_AiRoundState_run_batch_AiRoundState	473974	474256	282
Rb:create29	474273	474362	89
CallbackSingle_nullTimer_AiUnitStats_call_nullTimer_AiUnitStats	474363	474464	101
Sb:create30	474481	474550	69
ALItrClosure_ALItrClosure_run	474551	474601	50
ALItrClosure_destroyALItrClosure	474602	474651	49
Tb:create31	474668	474803	135
ArrayList_ArrayList_allocateStorage	474804	475208	404
ArrayList_ArrayList_tryReuseFreeSection	475209	475650	441
ArrayList_ArrayList_freeStorage	475651	476077	426
ArrayList_ArrayList_grow	476078	476177	99
ArrayList_ArrayList_regrow	476178	476896	718
ArrayList_ArrayList_add	476897	477242	345
ArrayList_ArrayList_addAll	477243	477663	420
ArrayList_ArrayList_reserve	477664	477891	227
ArrayList_ArrayList_get	477892	478113	221
ArrayList_ArrayList_set	478114	478337	223
ArrayList_ArrayList_indexOf	478338	478581	243
ArrayList_ArrayList_has	478582	478673	91
ArrayList_ArrayList_removeAtUnordered	478674	479178	504
ArrayList_ArrayList_size	479179	479252	73
ArrayList_ArrayList_isEmpty	479253	479332	79
ArrayList_ArrayList_clear	479333	479563	230
ArrayList_ArrayList_copy	479564	479868	304
ArrayList_new_ArrayList	479869	479990	121
ArrayList_ArrayList_pop	479991	480281	290
ArrayList_ArrayList_enqueue	480282	480362	80
ArrayList_ArrayList_forEach	480363	480637	274
ArrayList_new_ArrayList1	480638	480833	195
ArrayList_ArrayList_find	480834	481215	381
ArrayList_construct_ArrayList2	481216	481413	197
ArrayList_ArrayList_onDestroy	481414	481657	243
ArrayList_destroyArrayList	481658	481735	77
Ub:create32	481752	481821	69
ArrayListPredicate_ArrayListPredicate_isTrueFor	481822	481890	68
ArrayListPredicate_destroyArrayListPredicate	481891	481952	61
Vb:create33	481969	482127	158
EventListener_add_AttachedEffects_onEvent_add_AttachedEffects	482128	482329	201
Wb:create34	482346	482435	89
CallbackSingle_doAfter_Banlist_call_doAfter_Banlist	482436	482805	369
Xb:create35	482822	482980	158
tupleCopy2	482981	483022	41
EventListener_add_Blink_onEvent_add_Blink	483023	485053	2030
Yb:create36	485070	485288	218
BuildScanIterator_BuildScanIterator_resetCycle	485289	485852	563
tupleCopy3	485853	485913	60
BuildScanIterator_BuildScanIterator_next	485914	487552	1638
BuildScanIterator_BuildScanIterator_tryFrontRectsFirst	487553	488266	713
BuildScanIterator_new_BuildScanIterator	488267	488419	152
BuildScanIterator_construct_BuildScanIterator	488420	488892	472
BuildScanIterator_new_BuildScanIterator1	488893	489055	162
BuildScanIterator_construct_BuildScanIterator2	489056	490929	1873
BuildScanIterator_destroyBuildScanIterator	490930	490989	59
Zb:create37	491006	491413	407
ScanCursor_ScanCursor_reset	491414	491570	156
ScanCursor_ScanCursor_ensureInitialized	491571	492292	721
ScanCursor_ScanCursor_nextCandidate	492293	493732	1439
ScanCursor_new_ScanCursor	493733	494532	799
ac:create38	494549	494618	69
BuildAtTarget_BuildAtTarget_enter	494619	495737	1118
BuildAtTarget_BuildAtTarget_update	495738	499873	4135
BuildAtTarget_destroyBuildAtTarget	499874	499925	51
bc:create39	499942	500011	69
FindBuilder_FindBuilder_enter	500012	500094	82
FindBuilder_FindBuilder_update	500095	500321	226
FindBuilder_destroyFindBuilder	500322	500369	47
cc:create40	500386	500455	69
FindSpot_FindSpot_enter	500456	500577	121
FindSpot_FindSpot_update	500578	506989	6411
FindSpot_destroyFindSpot	506990	507031	41
dc:create41	507048	507117	69
GlobalCheckState_GlobalCheckState_update	507118	507621	503
GlobalCheckState_destroyGlobalCheckState	507622	507679	57
ec:create42	507696	507765	69
PlanNextAction_PlanNextAction_enter	507766	508199	433
PlanNextAction_PlanNextAction_update	508200	510128	1928
PlanNextAction_destroyPlanNextAction	510129	510182	53
fc:create43	510199	510268	69
QuickBuild_QuickBuild_enter	510269	510555	286
QuickBuild_QuickBuild_update	510556	513455	2899
QuickBuild_destroyQuickBuild	513456	513501	45
gc:create44	513518	513614	96
CallbackSingle_doAfter_QuickBuild_BuilderAIStates_call_doAfter_QuickBuild_BuilderAIStates	513615	513966	351
hc:create45	513983	514052	69
RescueStrikeTarget_RescueStrikeTarget_enter	514053	514269	216
RescueStrikeTarget_RescueStrikeTarget_update	514270	514477	207
RescueStrikeTarget_destroyRescueStrikeTarget	514478	514539	61
ic:create46	514556	514652	96
CallbackSingle_doAfter_RescueStrikeTarget_BuilderAIStates_call_doAfter_RescueStrikeTarget_BuilderAIStates	514653	514956	303
jc:create47	514973	515042	69
TryUpgrade_TryUpgrade_enter	515043	515160	117
TryUpgrade_TryUpgrade_update	515161	516248	1087
TryUpgrade_destroyTryUpgrade	516249	516294	45
kc:create48	516311	516469	158
EventListener_add_BuildingAttachments_onEvent_add_BuildingAttachments	516470	516624	154
lc:create49	516641	516799	158
EventListener_add_BuildingAttachments_onEvent_add_BuildingAttachments1	516800	516955	155
mc:create50	516972	517130	158
EventListener_add_BuildingAttachments_onEvent_add_BuildingAttachments2	517131	517299	168
nc:create51	517316	517474	158
EventListener_add_BuildingAttachments_onEvent_add_BuildingAttachments3	517475	517630	155
oc:create52	517647	517716	69
pc	517717	517740	23
qc:create53	517890	517989	99
ForGroupCallback_forUnitsInRect_BuildingCatalogE2E_callback_forUnitsInRect_BuildingCatalogE2E	517990	518210	220
rc:create54	518227	518326	99
ForGroupCallback_forUnitsInRect_BuildingCatalogE2E_callback_forUnitsInRect_BuildingCatalogE2E1	518327	518548	221
sc:create55	518565	518935	370
CallbackSingle_doAfter_BuildingCatalogE2E_call_doAfter_BuildingCatalogE2E	518936	521458	2522
tc:create56	521475	521623	148
CallbackSingle_doAfter_BuildingCatalogE2E_call_doAfter_BuildingCatalogE2E1	521624	521798	174
uc:create57	521815	522060	245
CallbackSingle_doAfter_BuildingCatalogE2E_call_doAfter_BuildingCatalogE2E2	522061	524193	2132
vc:create58	524210	524351	141
CallbackSingle_doAfter_BuildingCatalogE2E_call_doAfter_BuildingCatalogE2E3	524352	524976	624
wc:create59	524993	525124	131
CallbackSingle_doAfter_doAfter_BuildingCatalogE2E_call_doAfter_doAfter_BuildingCatalogE2E	525125	525708	583
xc:create60	525725	525860	135
CallbackSingle_doAfter_BuildingCatalogE2E_call_doAfter_BuildingCatalogE2E4	525861	526535	674
yc:create61	526552	526686	134
CallbackSingle_doAfter_BuildingCatalogE2E_call_doAfter_BuildingCatalogE2E5	526687	528098	1411
zc:create62	528115	528247	132
CallbackSingle_doAfter_BuildingCatalogE2E_call_doAfter_BuildingCatalogE2E6	528248	529487	1239
Ac:create63	529504	529679	175
CallbackSingle_doAfter_BuildingCatalogE2E_call_doAfter_BuildingCatalogE2E7	529680	531181	1501
Bc:create64	531198	531433	235
CallbackSingle_doAfter_BuildingCatalogE2E_call_doAfter_BuildingCatalogE2E8	531434	532990	1556
Cc:create65	533007	533175	168
CallbackSingle_doAfter_BuildingCatalogE2E_call_doAfter_BuildingCatalogE2E9	533176	534085	909
Dc:create66	534102	534191	89
CallbackSingle_doAfter_doAfter_BuildingCatalogE2E_call_doAfter_doAfter_BuildingCatalogE2E1	534192	534329	137
Ec:create67	534346	534514	168
CallbackSingle_doAfter_BuildingCatalogE2E_call_doAfter_BuildingCatalogE2E10	534515	535033	518
Fc:create68	535050	535250	200
CallbackSingle_doAfter_doAfter_BuildingCatalogE2E_call_doAfter_doAfter_BuildingCatalogE2E2	535251	536571	1320
Gc:create69	536588	536775	187
CallbackSingle_doAfter_doAfter_doAfter_BuildingCatalogE2E_call_doAfter_doAfter_doAfter_BuildingCatalogE2E	536776	537244	468
Hc:create70	537261	537432	171
CallbackSingle_doAfter_doAfter_doAfter_doAfter_BuildingCatalogE2E_call_doAfter_doAfter_doAfter_doAfter_BuildingCatalogE2E	537433	539280	1847
Ic:create71	539297	539428	131
CallbackSingle_doAfter_BuildingCatalogE2E_call_doAfter_BuildingCatalogE2E11	539429	539845	416
Jc:create72	539862	540013	151
CallbackSingle_doAfter_doAfter_BuildingCatalogE2E_call_doAfter_doAfter_BuildingCatalogE2E3	540014	540861	847
Kc:create73	540878	541022	144
CallbackSingle_doAfter_doAfter_doAfter_BuildingCatalogE2E_call_doAfter_doAfter_doAfter_BuildingCatalogE2E1	541023	542548	1525
Lc:create74	542565	542685	120
CallbackSingle_doAfter_BuildingCatalogE2E_call_doAfter_BuildingCatalogE2E12	542686	543142	456
Mc:create75	543159	543311	152
CallbackSingle_doAfter_doAfter_BuildingCatalogE2E_call_doAfter_doAfter_BuildingCatalogE2E4	543312	544253	941
Nc:create76	544270	544390	120
CallbackSingle_doAfter_doAfter_doAfter_BuildingCatalogE2E_call_doAfter_doAfter_doAfter_BuildingCatalogE2E2	544391	544820	429
Oc:create77	544837	544972	135
CallbackSingle_doAfter_doAfter_doAfter_doAfter_BuildingCatalogE2E_call_doAfter_doAfter_doAfter_doAfter_BuildingCatalogE2E1	544973	546030	1057
Pc:create78	546047	546222	175
CallbackSingle_doAfter_BuildingCatalogE2E_call_doAfter_BuildingCatalogE2E13	546223	547663	1440
Qc:create79	547680	547816	136
CallbackSingle_doAfter_BuildingCatalogE2E_call_doAfter_BuildingCatalogE2E14	547817	548660	843
Rc:create80	548677	548946	269
CallbackSingle_doAfter_BuildingCatalogE2E_call_doAfter_BuildingCatalogE2E15	548947	550311	1364
Sc:create81	550328	550446	118
CallbackSingle_doAfter_BuildingCatalogE2E_call_doAfter_BuildingCatalogE2E16	550447	550685	238
Tc:create82	550702	550820	118
CallbackSingle_doAfter_BuildingCatalogE2E_call_doAfter_BuildingCatalogE2E17	550821	551064	243
Uc:create83	551081	551199	118
CallbackSingle_doAfter_doAfter_BuildingCatalogE2E_call_doAfter_doAfter_BuildingCatalogE2E5	551200	551384	184
Vc:create84	551401	551561	160
CallbackSingle_doAfter_BuildingCatalogE2E_call_doAfter_BuildingCatalogE2E18	551562	555143	3581
Wc:create85	555160	555336	176
CallbackSingle_doAfter_BuildingCatalogE2E_call_doAfter_BuildingCatalogE2E19	555337	559236	3899
Xc:create86	559253	559435	182
CallbackSingle_doAfter_BuildingCatalogE2E_call_doAfter_BuildingCatalogE2E20	559436	559607	171
Yc:create87	559624	559807	183
CallbackSingle_doAfter_BuildingCatalogE2E_call_doAfter_BuildingCatalogE2E21	559808	560754	946
Zc:create88	560771	560866	95
CallbackSingle_doAfter_BuildingCatalogE2E_call_doAfter_BuildingCatalogE2E22	560867	561729	862
cd:create89	561746	561893	147
CallbackSingle_doAfter_BuildingCatalogE2E_call_doAfter_BuildingCatalogE2E23	561894	562031	137
dd:create90	562048	562216	168
CallbackSingle_doAfter_BuildingCatalogE2E_call_doAfter_BuildingCatalogE2E24	562217	562375	158
ed:create91	562392	562487	95
CallbackSingle_doAfter_BuildingCatalogE2E_call_doAfter_BuildingCatalogE2E25	562488	563306	818
jd:create92	563323	563434	111
CallbackSingle_doAfter_BuildingCatalogE2E_call_doAfter_BuildingCatalogE2E26	563435	563937	502
kd:create93	563954	564058	104
CallbackSingle_doAfter_BuildingCatalogE2E_call_doAfter_BuildingCatalogE2E27	564059	564846	787
ld:create94	564863	564978	115
CallbackSingle_doAfter_BuildingCatalogE2E_call_doAfter_BuildingCatalogE2E28	564979	566396	1417
md:create95	566413	566623	210
CallbackSingle_doAfter_BuildingCatalogE2E_call_doAfter_BuildingCatalogE2E29	566624	568149	1525
pd:create96	568166	568302	136
CallbackSingle_doAfter_BuildingCatalogE2E_call_doAfter_BuildingCatalogE2E30	568303	569774	1471
qd:create97	569791	569886	95
CallbackSingle_doAfter_BuildingCatalogE2E_call_doAfter_BuildingCatalogE2E31	569887	570759	872
rd:create98	570776	570871	95
CallbackSingle_doAfter_doAfter_BuildingCatalogE2E_call_doAfter_doAfter_BuildingCatalogE2E6	570872	571353	481
sd:create99	571370	571487	117
CallbackSingle_doAfter_BuildingCatalogE2E_call_doAfter_BuildingCatalogE2E32	571488	571643	155
td:create100	571660	571796	136
CallbackSingle_doAfter_BuildingCatalogE2E_call_doAfter_BuildingCatalogE2E33	571797	572635	838
ud:create101	572652	572722	70
ForGroupCallback_forUnitsInRange_BuildingCatalogE2E_callback_forUnitsInRange_BuildingCatalogE2E	572723	572962	239
vd:create102	572979	573098	119
CallbackSingle_doAfter_BuildingCatalogE2E_call_doAfter_BuildingCatalogE2E34	573099	573252	153
wd:create103	573269	573419	150
CallbackSingle_doAfter_BuildingCatalogE2E_call_doAfter_BuildingCatalogE2E35	573420	573607	187
xd:create104	573624	573694	70
ForGroupCallback_forUnitsInRange_BuildingCatalogE2E_callback_forUnitsInRange_BuildingCatalogE2E1	573695	574133	438
zd:create105	574150	574248	98
CallbackSingle_doAfter_BuildingCatalogE2E_call_doAfter_BuildingCatalogE2E36	574249	574374	125
Bd:create106	574391	574486	95
ForGroupCallback_forUnitsInRect_BuildingCatalogE2E_callback_forUnitsInRect_BuildingCatalogE2E2	574487	574790	303
Cd:create107	574807	574897	90
CallbackSingle_doAfter_BuildingCatalogE2E_call_doAfter_BuildingCatalogE2E37	574898	576070	1172
Fd:create108	576087	576190	103
CallbackSingle_doAfter_BuildingCatalogE2E_call_doAfter_BuildingCatalogE2E38	576191	576370	179
Gd:create109	576387	576498	111
CallbackSingle_doAfter_BuildingCatalogE2E_call_doAfter_BuildingCatalogE2E39	576499	576645	146
Hd:create110	576662	576760	98
CallbackSingle_doAfter_BuildingCatalogE2E_call_doAfter_BuildingCatalogE2E40	576761	576888	127
Jd:create111	576905	576995	90
CallbackSingle_doAfter_BuildingCatalogE2E_call_doAfter_BuildingCatalogE2E41	576996	577340	344
Kd:create112	577357	577447	90
CallbackSingle_doAfter_doAfter_BuildingCatalogE2E_call_doAfter_doAfter_BuildingCatalogE2E7	577448	577579	131
Ld:create113	577596	577717	121
CallbackSingle_doAfter_BuildingCatalogE2E_call_doAfter_BuildingCatalogE2E42	577718	577868	150
Nd:create114	577885	578050	165
CallbackSingle_doAfter_BuildingCatalogE2E_call_doAfter_BuildingCatalogE2E43	578051	578703	652
Pd:create115	578720	578841	121
CallbackSingle_doAfter_BuildingCatalogE2E_call_doAfter_BuildingCatalogE2E44	578842	578993	151
Qd:create116	579010	579139	129
CallbackSingle_doAfter_BuildingCatalogE2E_call_doAfter_BuildingCatalogE2E45	579140	579303	163
Rd:create117	579320	579410	90
CallbackSingle_doAfter_BuildingCatalogE2E_call_doAfter_BuildingCatalogE2E46	579411	579568	157
Sd:create118	579585	579791	206
DamageListener_addListener_BuildingCatalogE2E_onEvent_addListener_BuildingCatalogE2E	579792	580005	213
Td:create119	580022	580181	159
EventListener_add_BuildingCatalogE2E_onEvent_add_BuildingCatalogE2E	580182	580544	362
Ud:create120	580561	580720	159
EventListener_add_BuildingCatalogE2E_onEvent_add_BuildingCatalogE2E1	580721	581092	371
Wd:create121	581109	581268	159
EventListener_add_BuildingCatalogE2E_onEvent_add_BuildingCatalogE2E2	581269	581381	112
Xd:create122	581398	581557	159
EventListener_add_BuildingCatalogE2E_onEvent_add_BuildingCatalogE2E3	581558	581795	237
Yd:create123	581812	581971	159
EventListener_add_BuildingCatalogE2E_onEvent_add_BuildingCatalogE2E4	581972	582209	237
Zd:create124	582226	582385	159
EventListener_add_BuildingCatalogE2E_onEvent_add_BuildingCatalogE2E5	582386	582994	608
ae:create125	583011	583170	159
EventListener_add_BuildingCatalogE2E_onEvent_add_BuildingCatalogE2E6	583171	583430	259
be:create126	583447	583606	159
EventListener_add_BuildingCatalogE2E_onEvent_add_BuildingCatalogE2E7	583607	584067	460
ce:create127	584084	584243	159
EventListener_add_BuildingCatalogE2E_onEvent_add_BuildingCatalogE2E8	584244	584711	467
de:create128	584728	584887	159
EventListener_add_BuildingCatalogE2E_onEvent_add_BuildingCatalogE2E9	584888	585254	366
fe:create129	585271	585430	159
EventListener_add_BuildingCatalogE2E_onEvent_add_BuildingCatalogE2E10	585431	585819	388
ge:create130	585836	585995	159
EventListener_add_BuildingCatalogE2E_onEvent_add_BuildingCatalogE2E11	585996	586443	447
he:create131	586460	586619	159
EventListener_add_BuildingLifecycle_onEvent_add_BuildingLifecycle	586620	586743	123
ie:create132	586760	586919	159
EventListener_add_BuildingLifecycle_onEvent_add_BuildingLifecycle1	586920	587045	125
je:create133	587062	587221	159
EventListener_add_BuildingLifecycle_onEvent_add_BuildingLifecycle2	587222	587514	292
ke:create134	587531	587622	91
ALItrClosure_forEach_BuildingModeAvailability_run_forEach_BuildingModeAvailability	587623	587797	174
le:create135	587814	587892	78
LLItrClosure_forEach_BuildingPools_run_forEach_BuildingPools	587893	588086	193
me:create136	588103	588181	78
LLItrClosure_forEach_BuildingPools_run_forEach_BuildingPools1	588182	588317	135
ne:create137	588334	588404	70
LLItrClosure_forEach_BuildingPools_run_forEach_BuildingPools2	588405	588570	165
oe:create138	588587	589154	567
BuildingSlot_BuildingSlot_build	589155	594839	5684
BuildingSlot_BuildingSlot_hideAllGlobally	594840	596701	1861
BuildingSlot_BuildingSlot_setDisplayWidth	596702	597270	568
BuildingSlot_BuildingSlot_showBase	597271	598288	1017
BuildingSlot_BuildingSlot_hideAll	598289	599950	1661
BuildingSlot_BuildingSlot_setHotkey	599951	600841	890
BuildingSlot_BuildingSlot_clearHotkey	600842	601836	994
BuildingSlot_BuildingSlot_getBuildingTooltipText	601837	602061	224
BuildingSlot_BuildingSlot_getTagColor	602062	602736	674
BuildingSlot_BuildingSlot_getTagLabel	602737	602821	84
BuildingSlot_BuildingSlot_formatTagBadge	602822	603032	210
BuildingSlot_BuildingSlot_clearTags	603033	603824	791
BuildingSlot_BuildingSlot_setTags	603825	607066	3241
BuildingSlot_BuildingSlot_setChoice	607067	608454	1387
BuildingSlot_BuildingSlot_reset	608455	608859	404
BuildingSlot_BuildingSlot_setPerkChoice	608860	610526	1666
BuildingSlot_new_BuildingSlot	610527	610909	382
pe:create139	610926	611004	78
LayerScope_withParent_BuildingSlot_BuildingSlot_run_withParent_BuildingSlot_BuildingSlot	611005	612219	1214
qe:create140	612236	612431	195
EventListener_add_BuildingSpells_onEvent_add_BuildingSpells	612432	613316	884
re:create141	613333	613539	206
OnUnitCast_onTargetCast_BuildingSpells_fireEx_onTargetCast_BuildingSpells	613540	614731	1191
se:create142	614748	614818	70
we	614819	614842	23
xe:create143	614972	615042	70
Ae	615043	615070	27
Be:create144	615184	615335	151
Ce:create145	615352	617187	1835
CFBuilding_CFBuilding_setup	617188	619443	2255
CFBuilding_CFBuilding_addTag	619444	619609	165
CFBuilding_CFBuilding_ehp	619610	619765	155
CFBuilding_CFBuilding_combatPower	619766	620108	342
CFBuilding_CFBuilding_combatPowerPerCycle	620109	620243	134
CFBuilding_CFBuilding_combatPowerFactor	620244	620352	108
CFBuilding_CFBuilding_spellDps	620353	620448	95
CFBuilding_CFBuilding_multiTarget	620449	620549	100
CFBuilding_CFBuilding_ownIncomeContribution	620550	620682	132
CFBuilding_CFBuilding_refreshIncome	620683	621006	323
CFBuilding_CFBuilding_incomeFactor	621007	621816	809
CFBuilding_CFBuilding_isSiege	621817	621944	127
CFBuilding_CFBuilding_isLegendaryLine	621945	622088	143
CFBuilding_CFBuilding_isArtillery	622089	622188	99
CFBuilding_CFBuilding_isNAOnly	622189	622282	93
CFBuilding_CFBuilding_isUltimateOnly	622283	622388	105
CFBuilding_CFBuilding_tier	622389	622490	101
CFBuilding_CFBuilding_precursor	622491	622667	176
CFBuilding_CFBuilding_upgrade	622668	622872	204
CFBuilding_CFBuilding_isAntiAir	622873	623003	130
CFBuilding_CFBuilding_isAiShouldIgnore	623004	623113	109
CFBuilding_CFBuilding_noPP	623114	623199	85
CFBuilding_CFBuilding_aiTowerStrength	623200	623310	110
CFBuilding_CFBuilding_providesActiveTargetedSpellShield	623311	623454	143
CFBuilding_CFBuilding_ignoresActiveTargetedSpellShield	623455	623639	184
CFBuilding_CFBuilding_areaSpell	623640	623754	114
CFBuilding_CFBuilding_placementStrat	623755	623946	191
CFBuilding_CFBuilding_cagePressure	623947	624051	104
CFBuilding_CFBuilding_tags	624052	624244	192
CFBuilding_CFBuilding_hasTag	624245	624533	288
CFBuilding_CFBuilding_hasAnyTag	624534	624726	192
CFBuilding_CFBuilding_hasExtraTag	624727	625030	303
CFBuilding_CFBuilding_hasOverrideTag	625031	625343	312
CFBuilding_CFBuilding_getTags	625344	625420	76
CFBuilding_CFBuilding_extraTags	625421	625623	202
CFBuilding_CFBuilding_addExtraTag	625624	625804	180
CFBuilding_CFBuilding_getExtraTags	625805	625891	86
CFBuilding_CFBuilding_overrideTags	625892	626157	265
CFBuilding_CFBuilding_addOverrideTag	626158	626347	189
CFBuilding_CFBuilding_hasOverrideTags	626348	626468	120
CFBuilding_CFBuilding_getOverrideTags	626469	626561	92
De	626562	628964	2402
Ee	629036	631435	2399
Fe:create146	631524	631639	115
Lazy_lazy_CFBuilding_CFBuilding_retrieve_lazy_CFBuilding_CFBuilding	631640	632399	759
Ge:create147	632416	632531	115
Lazy_lazy_CFBuilding_CFBuilding_retrieve_lazy_CFBuilding_CFBuilding1	632532	632788	256
He:create148	632805	632920	115
Lazy_lazy_CFBuilding_CFBuilding_retrieve_lazy_CFBuilding_CFBuilding2	632921	633179	258
Ie:create149	633196	633302	106
Lazy_Lazy_retrieve	633303	633349	46
Lazy_Lazy_get	633350	633497	147
Je:create150	633514	633694	180
CFItem_new_CFItem	633695	633947	252
Ke:create151	633964	634101	137
CFRace_CFRace_addBuilding	634102	634199	97
CFRace_CFRace_markCampaignOnly	634200	634278	78
CFRace_CFRace_registerBuildings__w3p_vmProtect	637634	637722	88
Le:create152	637739	637829	90
CallbackSingle_doAfter_CameraMovementDetection_call_doAfter_CameraMovementDetection	637830	638482	652
Me:create153	638499	638569	70
Action_watch_doAfter_CameraMovementDetection_run_watch_doAfter_CameraMovementDetection	638570	638841	271
Ne:create154	638858	639020	162
FrameHandleListener_onEditboxChange_CampaignAntiCheat_onEvent_onEditboxChange_CampaignAntiCheat	639021	639169	148
Oe:create155	639186	639348	162
FrameHandleListener_onEditboxEnter_CampaignAntiCheat_onEvent_onEditboxEnter_CampaignAntiCheat	639349	639475	126
Pe:create156	639492	639582	90
CallbackSingle_doAfter_CampaignAntiCheat_call_doAfter_CampaignAntiCheat	639583	639689	106
Qe:create157	639706	639776	70
Comparator_sortWith_CampaignBots_compare_sortWith_CampaignBots	639777	639908	131
Re:create158	639925	640471	546
CampaignBot_CampaignBot_displayName	640472	640564	92
CampaignBot_CampaignBot_description	640565	640670	105
CampaignBot_CampaignBot_icon	640671	640760	89
CampaignBot_CampaignBot_builder	640761	640854	93
CampaignBot_CampaignBot_skill	640855	640948	93
CampaignBot_CampaignBot_coop	640949	641040	91
CampaignBot_CampaignBot_speed	641041	641134	93
CampaignBot_CampaignBot_style	641135	641228	93
CampaignBot_CampaignBot_preferBuilding	641229	641430	201
CampaignBot_CampaignBot_cost	641431	641522	91
CampaignBot_CampaignBot_getBuildingPreference	641523	641966	443
CampaignBot_new_CampaignBot	641967	642461	494
Se:create159	642478	642626	148
CampaignBuildingPreference_new_CampaignBuildingPreference	642627	642904	277
Ve:create160	642921	643454	533
CampaignChapter_CampaignChapter_environment	643455	643571	116
CampaignChapter_CampaignChapter_unlocksRace	643572	643719	147
CampaignChapter_CampaignChapter_isComplete	643720	643938	218
CampaignChapter_new_CampaignChapter	643939	644483	544
Xe:create161	644500	646693	2193
CampaignMission_CampaignMission_masteries	646694	646840	146
CampaignMission_CampaignMission_enemyAdvantage	646841	647052	211
CampaignMission_CampaignMission_enemyRescueStrikes	647053	647189	136
CampaignMission_CampaignMission_enemyOpening	647190	647359	169
CampaignMission_CampaignMission_survival	647360	647520	160
CampaignMission_CampaignMission_teamResources	647521	647680	159
CampaignMission_CampaignMission_getRecordBestTimeSeconds	647681	647931	250
CampaignMission_CampaignMission_getRecordStarBudget	647932	648180	248
CampaignMission_CampaignMission_getRecordRaceIds	648181	648417	236
CampaignMission_CampaignMission_getRecordRecruitIds	648418	648666	248
CampaignMission_CampaignMission_getRecordSupplyIds	648667	648911	244
CampaignMission_CampaignMission_getRecordSupplyPartySlots	648912	649184	272
CampaignMission_new_CampaignMission	649185	650943	1758
af:create162	650960	651194	234
CampaignRaceOption_new_CampaignRaceOption	651195	651431	236
bf:create163	651448	651816	368
CampaignStarChallenge_CampaignStarChallenge_fastWin	651817	651945	128
CampaignStarChallenge_CampaignStarChallenge_restriction	651946	652077	131
CampaignStarChallenge_CampaignStarChallenge_castleNeverBelow	652078	652223	145
CampaignStarChallenge_CampaignStarChallenge_banRace	652224	652476	252
CampaignStarChallenge_new_CampaignStarChallenge	652477	652909	432
cf:create164	652926	653442	516
CampaignSupply_CampaignSupply_isPerkSupply	653443	653593	150
CampaignSupply_CampaignSupply_isPlayerAssignedSupply	653594	653755	161
CampaignSupply_new_CampaignSupply	653756	654218	462
df:create165	654235	654376	141
CallbackPeriodic_doPeriodically_CampaignChallenges_call_doPeriodically_CampaignChallenges	654377	654985	608
ef:create166	655002	655161	159
EventListener_add_CampaignChallenges_onEvent_add_CampaignChallenges	655162	655419	257
ff:create167	655436	655519	83
ForGroupCallbackD_forDestructablesInRect_CampaignEnvironment_callback_forDestructablesInRect_CampaignEnvironment	655520	656045	525
gf:create168	656062	656166	104
CallbackSingle_doAfter_CampaignRuntime_call_doAfter_CampaignRuntime	656167	656337	170
hf:create169	656354	656468	114
CallbackPeriodic_doPeriodically_CampaignRuntime_call_doPeriodically_CampaignRuntime	656469	657309	840
jf:create170	657326	657396	70
Action_watch_CampaignRuntime_run_watch_CampaignRuntime	657397	657602	205
kf:create171	657619	657697	78
LoadListener_loadData_CampaignSaveData_onLoad_loadData_CampaignSaveData	657698	658458	760
lf:create172	658475	658928	453
CampaignSaveData_CampaignSaveData_serializeProperties	658929	659567	638
CampaignSaveData_CampaignSaveData_deserializeProperties	659568	660308	740
CampaignSaveData_CampaignSaveData_addMissionList	660309	660930	621
CampaignSaveData_CampaignSaveData_loadMissionList	660931	661670	739
CampaignSaveData_CampaignSaveData_getOrCreateMissionProgress	661671	662331	660
CampaignSaveData_CampaignSaveData_getMissionProgress	662332	662774	442
CampaignSaveData_CampaignSaveData_getMissionStarMask	662775	663244	469
CampaignSaveData_CampaignSaveData_reconcilePointsFromMissionProgress	663245	663725	480
CampaignSaveData_CampaignSaveData_signaturePayload	663726	666497	2771
CampaignSaveData_CampaignSaveData_computeSaveSignature	666498	666647	149
CampaignSaveData_CampaignSaveData_hasValidSaveSignature	666648	666923	275
CampaignSaveData_CampaignSaveData_completeMission__w3p_vmProtect	668533	668655	122
CampaignSaveData_CampaignSaveData_completeMission__w3p_vmProtect1	668656	670569	1913
CampaignSaveData_CampaignSaveData_resetForVersionUpgrade__w3p_vmProtect	673384	673489	105
CampaignSaveData_CampaignSaveData_applyToCampaignMissions__w3p_vmProtect	673490	676078	2588
CampaignSaveData_CampaignSaveData_serializeForCampaignSave	676079	676305	226
CampaignSaveData_CampaignSaveData_deserializeFromCampaignSave	676306	676708	402
CampaignSaveData_new_CampaignSaveData	676709	677374	665
mf:create173	677391	678967	1576
MissionProgressData_MissionProgressData_serializeProperties	678968	681109	2141
MissionProgressData_MissionProgressData_deserializeProperties	681110	683451	2341
MissionProgressData_destroyMissionProgressData	683452	683515	63
MissionProgressData_MissionProgressData_hasDetailedRecordData	683516	684316	800
MissionProgressData_MissionProgressData_getRecordBestTimeSeconds	684317	684587	270
MissionProgressData_MissionProgressData_setRecordBestTimeSeconds	684588	684858	270
MissionProgressData_MissionProgressData_setRecordDraftSnapshot	684859	685737	878
MissionProgressData_MissionProgressData_applyToMission	685738	687323	1585
MissionProgressData_new_MissionProgressData	687324	688620	1296
MissionProgressData_new_MissionProgressData1	688621	690067	1446
nf:create174	690084	690249	165
CallbackSingle_doAfter_CampaignSmokeTest_call_doAfter_CampaignSmokeTest	690250	690814	564
of:create175	690831	690996	165
CallbackSingle_doAfter_doAfter_CampaignSmokeTest_call_doAfter_doAfter_CampaignSmokeTest	690997	691898	901
pf:create176	691915	692080	165
CallbackSingle_doAfter_doAfter_doAfter_CampaignSmokeTest_call_doAfter_doAfter_doAfter_CampaignSmokeTest	692081	692748	667
qf:create177	692765	692930	165
CallbackSingle_doAfter_doAfter_doAfter_doAfter_CampaignSmokeTest_call_doAfter_doAfter_doAfter_doAfter_CampaignSmokeTest	692931	693508	577
rf:create178	693525	693673	148
CallbackSingle_doAfter_doAfter_doAfter_doAfter_doAfter_CampaignSmokeTest_call_doAfter_doAfter_doAfter_doAfter_doAfter_CampaignSmokeTest	693674	694804	1130
sf:create179	694821	694959	138
CallbackSingle_doAfter_doAfter_doAfter_doAfter_doAfter_doAfter_CampaignSmokeTest_call_doAfter_doAfter_doAfter_doAfter_doAfter_doAfter_CampaignSmokeTest	694960	695301	341
tf:create180	695318	695443	125
CallbackSingle_doAfter_CampaignSmokeTest_call_doAfter_CampaignSmokeTest1	695444	695899	455
uf:create181	695916	696041	125
CallbackSingle_doAfter_doAfter_CampaignSmokeTest_call_doAfter_doAfter_CampaignSmokeTest1	696042	696343	301
vf:create182	696360	696475	115
CallbackSingle_doAfter_doAfter_doAfter_CampaignSmokeTest_call_doAfter_doAfter_doAfter_CampaignSmokeTest1	696476	696698	222
wf:create183	696715	696840	125
CallbackSingle_doAfter_CampaignSmokeTest_call_doAfter_CampaignSmokeTest2	696841	697314	473
xf:create184	697331	697456	125
CallbackSingle_doAfter_doAfter_CampaignSmokeTest_call_doAfter_doAfter_CampaignSmokeTest2	697457	698127	670
yf:create185	698144	698269	125
CallbackSingle_doAfter_doAfter_doAfter_CampaignSmokeTest_call_doAfter_doAfter_doAfter_CampaignSmokeTest2	698270	699002	732
zf:create186	699019	699144	125
CallbackSingle_doAfter_doAfter_doAfter_doAfter_CampaignSmokeTest_call_doAfter_doAfter_doAfter_doAfter_CampaignSmokeTest1	699145	699672	527
Af:create187	699689	699814	125
CallbackSingle_doAfter_doAfter_doAfter_doAfter_doAfter_CampaignSmokeTest_call_doAfter_doAfter_doAfter_doAfter_doAfter_CampaignSmokeTest1	699815	700290	475
Bf:create188	700307	700422	115
CallbackSingle_doAfter_doAfter_doAfter_doAfter_doAfter_doAfter_CampaignSmokeTest_call_doAfter_doAfter_doAfter_doAfter_doAfter_doAfter_CampaignSmokeTest1	700423	700693	270
Cf:create189	700710	700835	125
CallbackSingle_doAfter_CampaignSmokeTest_call_doAfter_CampaignSmokeTest3	700836	701284	448
Df:create190	701301	701426	125
CallbackSingle_doAfter_doAfter_CampaignSmokeTest_call_doAfter_doAfter_CampaignSmokeTest3	701427	701718	291
Ef:create191	701735	701850	115
CallbackSingle_doAfter_doAfter_doAfter_CampaignSmokeTest_call_doAfter_doAfter_doAfter_CampaignSmokeTest3	701851	702073	222
Ff:create192	702090	702249	159
EventListener_add_CampaignSmokeTest_onEvent_add_CampaignSmokeTest	702250	703064	814
Gf:create193	703081	703151	70
ArgHandler_addCommand_CampaignSmokeTest_handleArgs_addCommand_CampaignSmokeTest	703152	703333	181
Hf:create194	703350	703420	70
ArgHandler_addCommand_CampaignSmokeTest_handleArgs_addCommand_CampaignSmokeTest1	703421	703587	166
If:create195	703604	703674	70
ArgHandler_addCommand_CampaignSmokeTest_handleArgs_addCommand_CampaignSmokeTest2	703675	703836	161
Jf:create196	703853	703923	70
ArgHandler_addCommand_CampaignSmokeTest_handleArgs_addCommand_CampaignSmokeTest3	703924	704077	153
Kf:create197	704094	704569	475
CampaignSmokeFixture_CampaignSmokeFixture_addSelectedBot	704570	704715	145
CampaignSmokeFixture_CampaignSmokeFixture_addRaceId	704716	704857	141
CampaignSmokeFixture_new_CampaignSmokeFixture	704858	705023	165
CampaignSmokeFixture_construct_CampaignSmokeFixture	705024	705777	753
CampaignSmokeFixture_CampaignSmokeFixture_onDestroy	705778	706252	474
CampaignSmokeFixture_destroyCampaignSmokeFixture	706253	706374	121
Lf:create198	706391	706581	190
CallbackSingle_doAfter_CampaignSuppliesRuntime_call_doAfter_CampaignSuppliesRuntime	706582	706824	242
Mf:create199	706841	706925	84
LayerScope_withParent_CampaignSurvivalUI_run_withParent_CampaignSurvivalUI	706926	708259	1333
Nf:create200	708276	708366	90
CallbackSingle_doAfter_CampaignSurvivalUI_call_doAfter_CampaignSurvivalUI	708367	708869	502
Of:create201	708886	708988	102
CampaignTeamDraftModel_CampaignTeamDraftModel_current	708989	709118	129
CampaignTeamDraftModel_CampaignTeamDraftModel_publish	709119	709293	174
CampaignTeamDraftModel_CampaignTeamDraftModel_setTotalBudget	709294	709774	480
CampaignTeamDraftModel_CampaignTeamDraftModel_getSelectedBot	709775	710262	487
CampaignTeamDraftModel_CampaignTeamDraftModel_hasSelectedBot	710263	710722	459
CampaignTeamDraftModel_CampaignTeamDraftModel_hasSelectedSupply	710723	711164	441
CampaignTeamDraftModel_CampaignTeamDraftModel_getSelectedSupplyPartySlot	711165	711835	670
CampaignTeamDraftModel_CampaignTeamDraftModel_playerSlotHasAssignedSupply	711836	712643	807
CampaignTeamDraftModel_CampaignTeamDraftModel_findFirstAvailablePlayerAssignedSlot	712644	713079	435
CampaignTeamDraftModel_CampaignTeamDraftModel_removeSelectedSupply	713080	713817	737
CampaignTeamDraftModel_CampaignTeamDraftModel_getCheapestUnselectedBotCost	713818	714320	502
CampaignTeamDraftModel_CampaignTeamDraftModel_canAddBot	714321	715054	733
CampaignTeamDraftModel_CampaignTeamDraftModel_canAddSupply	715055	715842	787
CampaignTeamDraftModel_CampaignTeamDraftModel_addBot	715843	716330	487
CampaignTeamDraftModel_CampaignTeamDraftModel_removeBotAt	716331	716853	522
CampaignTeamDraftModel_CampaignTeamDraftModel_removeBot	716854	717366	512
CampaignTeamDraftModel_CampaignTeamDraftModel_toggleBot	717367	717697	330
CampaignTeamDraftModel_CampaignTeamDraftModel_toggleSupply	717698	718959	1261
CampaignTeamDraftModel_CampaignTeamDraftModel_setRaceId	718960	719371	411
CampaignTeamDraftModel_CampaignTeamDraftModel_areSelectedAiRacesAssigned	719372	719847	475
CampaignTeamDraftModel_CampaignTeamDraftModel_arePartyPlayerRacesAssigned	719848	720285	437
CampaignTeamDraftModel_new_CampaignTeamDraftModel	720286	720564	278
Pf:create202	720581	720990	409
CampaignTeamDraftState_new_CampaignTeamDraftState	720991	721172	181
CampaignTeamDraftState_construct_CampaignTeamDraftState	721173	722138	965
Qf:create203	722155	722679	524
tupleCopy4	722680	722728	48
BotCard_BotCard_build	722729	729416	6687
BotCard_BotCard_handleClick	729417	730143	726
BotCard_BotCard_clickForE2e	730144	730482	338
BotCard_BotCard_setBot	730483	734985	4502
BotCard_BotCard_setPlayerCard	734986	736957	1971
BotCard_new_BotCard	736958	737195	237
Rf:create204	737212	737340	128
LayerScope_withParent_BotCard_CampaignUICards_run_withParent_BotCard_CampaignUICards	737341	739872	2531
Sf:create205	739889	740060	171
FrameHandleListener_onClick_BotCard_CampaignUICards_onEvent_onClick_BotCard_CampaignUICards	740061	740206	145
Tf:create206	740223	740293	70
CampaignCardController_CampaignCardController_denyNonHost	740294	740368	74
CampaignCardController_CampaignCardController_selectMission	740369	740449	80
CampaignCardController_CampaignCardController_hasSelectedBot	740450	740531	81
CampaignCardController_CampaignCardController_hasSelectedSupply	740532	740616	84
CampaignCardController_CampaignCardController_getSupplyAssignmentText	740617	740707	90
CampaignCardController_CampaignCardController_onAvailableBotClicked	740708	740796	88
CampaignCardController_CampaignCardController_onTeamBotClicked	740797	740880	83
CampaignCardController_CampaignCardController_onSupplyClicked	740881	740963	82
CampaignCardController_CampaignCardController_openRacePicker	740964	741045	81
CampaignCardController_CampaignCardController_selectChapter	741046	741126	80
Uf:create207	741143	741488	345
ChapterCard_ChapterCard_build	741489	744741	3252
ChapterCard_ChapterCard_handleClick	744742	745077	335
ChapterCard_ChapterCard_setChapter	745078	748141	3063
ChapterCard_new_ChapterCard	748142	748226	84
Vf:create208	748243	748321	78
LayerScope_withParent_ChapterCard_CampaignUICards_run_withParent_ChapterCard_CampaignUICards	748322	748604	282
Wf:create209	748621	748708	87
LayerScope_withParent_ChapterCard_CampaignUICards_run_withParent_ChapterCard_CampaignUICards1	748709	749773	1064
Xf:create210	749790	749927	137
LayerScope_withParent_ChapterCard_CampaignUICards_run_withParent_ChapterCard_CampaignUICards2	749928	751588	1660
Yf:create211	751605	751776	171
FrameHandleListener_onClick_ChapterCard_CampaignUICards_onEvent_onClick_ChapterCard_CampaignUICards	751777	751938	161
Zf:create212	751955	752268	313
MissionTile_MissionTile_build	752269	755927	3658
MissionTile_MissionTile_handleClick	755928	756294	366
MissionTile_MissionTile_setMission	756295	758116	1821
MissionTile_new_MissionTile	758117	758274	157
ag:create213	758291	758462	171
FrameHandleListener_onClick_MissionTile_CampaignUICards_onEvent_onClick_MissionTile_CampaignUICards	758463	758624	161
cg:create214	758641	759074	433
StarObjectiveRows_StarObjectiveRows_buildObjectiveRow	759075	760891	1816
StarObjectiveRows_StarObjectiveRows_build	760892	762465	1573
StarObjectiveRows_StarObjectiveRows_setMission	762466	764052	1586
StarObjectiveRows_StarObjectiveRows_setBeatenCheck	764053	764346	293
StarObjectiveRows_StarObjectiveRows_setActiveMissionStatus	764347	765801	1454
StarObjectiveRows_new_StarObjectiveRows	765802	765982	180
dg:create215	765999	766088	89
LayerScope_withParent_StarObjectiveRows_CampaignUICards_run_withParent_StarObjectiveRows_CampaignUICards	766089	767894	1805
eg:create216	767911	768289	378
SupplyCard_SupplyCard_build	768290	772005	3715
SupplyCard_SupplyCard_handleClick	772006	772343	337
SupplyCard_SupplyCard_setSupply	772344	774632	2288
SupplyCard_new_SupplyCard	774633	774848	215
fg:create217	774865	775036	171
FrameHandleListener_onClick_SupplyCard_CampaignUICards_onEvent_onClick_SupplyCard_CampaignUICards	775037	775194	157
gg:create218	775211	775499	288
CampaignMissionControls_CampaignMissionControls_createFrames	775500	778059	2559
CampaignMissionControls_CampaignMissionControls_showConfirm	778060	778371	311
CampaignMissionControls_CampaignMissionControls_createQuitConfirmDialog	778372	778828	456
CampaignMissionControls_CampaignMissionControls_hideConfirm	778829	779030	201
CampaignMissionControls_CampaignMissionControls_confirmQuit	779031	779233	202
CampaignMissionControls_CampaignMissionControls_show	779234	779497	263
CampaignMissionControls_CampaignMissionControls_setMission	779498	779748	250
CampaignMissionControls_CampaignMissionControls_hide	779749	780238	489
CampaignMissionControls_new_CampaignMissionControls	780239	780416	177
CampaignMissionControls_construct_CampaignMissionControls	780417	780808	391
hg:create219	780825	780996	171
FrameHandleListener_onClick_CampaignMissionControls_CampaignUI_onEvent_onClick_CampaignMissionControls_CampaignUI	780997	781233	236
ig:create220	781250	781421	171
FrameHandleListener_onClick_CampaignMissionControls_CampaignUI_onEvent_onClick_CampaignMissionControls_CampaignUI1	781422	781622	200
jg:create221	781639	781807	168
DialogBody_build_CampaignMissionControls_CampaignUI_run_build_CampaignMissionControls_CampaignUI	781808	784293	2485
kg:create222	784310	784493	183
FrameHandleListener_onClick_build_CampaignMissionControls_CampaignUI_onEvent_onClick_build_CampaignMissionControls_CampaignUI	784494	784799	305
lg:create223	784816	785005	189
FrameHandleListener_onClick_build_CampaignMissionControls_CampaignUI_onEvent_onClick_build_CampaignMissionControls_CampaignUI1	785006	785387	381
mg:create224	785404	786301	897
CampaignMissionInfoOverlay_CampaignMissionInfoOverlay_createFrames	786302	796079	9777
CampaignMissionInfoOverlay_CampaignMissionInfoOverlay_hideFor	796080	796628	548
CampaignMissionInfoOverlay_CampaignMissionInfoOverlay_setEnemy	796629	797039	410
CampaignMissionInfoOverlay_CampaignMissionInfoOverlay_setMission	797040	799758	2718
CampaignMissionInfoOverlay_CampaignMissionInfoOverlay_show	799759	800343	584
CampaignMissionInfoOverlay_CampaignMissionInfoOverlay_showFor	800344	800889	545
CampaignMissionInfoOverlay_CampaignMissionInfoOverlay_hide	800890	801477	587
CampaignMissionInfoOverlay_CampaignMissionInfoOverlay_toggle	801478	801737	259
CampaignMissionInfoOverlay_new_CampaignMissionInfoOverlay	801738	802398	660
ng:create225	802415	802493	78
ModalDismissCallback_onClick_CampaignMissionInfoOverlay_CampaignUI_run_onClick_CampaignMissionInfoOverlay_CampaignUI	802494	802717	223
og:create226	802734	802823	89
LayerScope_withParent_CampaignMissionInfoOverlay_CampaignUI_run_withParent_CampaignMissionInfoOverlay_CampaignUI	802824	803152	328
pg:create227	803169	803258	89
LayerScope_withParent_CampaignMissionInfoOverlay_CampaignUI_run_withParent_CampaignMissionInfoOverlay_CampaignUI1	803259	803588	329
qg:create228	803605	803694	89
LayerScope_withParent_CampaignMissionInfoOverlay_CampaignUI_run_withParent_CampaignMissionInfoOverlay_CampaignUI2	803695	804024	329
rg:create229	804041	804212	171
FrameHandleListener_onClick_CampaignMissionInfoOverlay_CampaignUI_onEvent_onClick_CampaignMissionInfoOverlay_CampaignUI	804213	804439	226
sg:create230	804456	804534	78
Action_watch_CampaignMissionInfoOverlay_CampaignUI_run_watch_CampaignMissionInfoOverlay_CampaignUI	804535	805061	526
tg:create231	805078	805544	466
CampaignMissionRecordRow_CampaignMissionRecordRow_build	805545	809089	3544
CampaignMissionRecordRow_CampaignMissionRecordRow_setTeamIcon	809090	809782	692
CampaignMissionRecordRow_CampaignMissionRecordRow_setSupplyIcon	809783	810487	704
CampaignMissionRecordRow_CampaignMissionRecordRow_showTeamContainer	810488	811013	525
CampaignMissionRecordRow_CampaignMissionRecordRow_showSupplyContainer	811014	811547	533
CampaignMissionRecordRow_CampaignMissionRecordRow_update	811548	815457	3909
CampaignMissionRecordRow_new_CampaignMissionRecordRow	815458	815653	195
ug:create232	815670	815760	90
LayerScope_withParent_CampaignMissionRecordRow_CampaignUI_run_withParent_CampaignMissionRecordRow_CampaignUI	815761	816892	1131
vg:create233	816909	817001	92
LayerScope_withParent_CampaignMissionRecordRow_CampaignUI_run_withParent_CampaignMissionRecordRow_CampaignUI1	817002	817332	330
wg:create234	817349	817441	92
LayerScope_withParent_CampaignMissionRecordRow_CampaignUI_run_withParent_CampaignMissionRecordRow_CampaignUI2	817442	817774	332
xg:create235	817791	820147	2356
CampaignUI_CampaignUI_denyNonHost	820148	820377	229
CampaignUI_CampaignUI_selectMission	820378	820492	114
CampaignUI_CampaignUI_hasSelectedBot	820493	820647	154
CampaignUI_CampaignUI_hasSelectedSupply	820648	820808	160
CampaignUI_CampaignUI_getSupplyAssignmentText	820809	821076	267
CampaignUI_CampaignUI_onAvailableBotClicked	821077	821226	149
CampaignUI_CampaignUI_onTeamBotClicked	821227	821373	146
CampaignUI_CampaignUI_onSupplyClicked	821374	821520	146
CampaignUI_CampaignUI_openRacePicker	821521	822461	940
CampaignUI_CampaignUI_selectChapter	822462	823310	848
CampaignUI_CampaignUI_close	823311	824068	757
CampaignUI_CampaignUI_hideCampaignPlayerBoards	824069	824553	484
CampaignUI_CampaignUI_hideAllRacePickers	824554	824955	401
CampaignUI_CampaignUI_hideCampaignIntro	824956	825170	214
CampaignUI_CampaignUI_showForParty	825171	825639	468
CampaignUI_CampaignUI_reopen	825640	825835	195
CampaignUI_CampaignUI_showChapterScreen	825836	827184	1348
CampaignUI_CampaignUI_notHost	827185	827318	133
CampaignUI_CampaignUI_getPartyPlayer	827319	827440	121
CampaignUI_CampaignUI_getPartyPlayerSlot	827441	827568	127
CampaignUI_CampaignUI_canChangeRaceSlot	827569	827899	330
CampaignUI_CampaignUI_denyInvalidRacePickerUser	827900	828192	292
CampaignUI_CampaignUI_showMissionScreen	828193	829063	870
CampaignUI_CampaignUI_findChapterForMission	829064	829710	646
CampaignUI_CampaignUI_showMissionSelectForMission	829711	830064	353
CampaignUI_CampaignUI_getSelectedBot	830065	830219	154
CampaignUI_CampaignUI_clickMissionContinueForE2e	830220	830444	224
CampaignUI_CampaignUI_clickIntroCloseForE2e	830445	830710	265
CampaignUI_CampaignUI_clickAvailableBotForE2e	830711	830974	263
CampaignUI_CampaignUI_clickPlayerRaceForE2e	830975	831224	249
CampaignUI_CampaignUI_getRacePicker	831225	831472	247
CampaignUI_CampaignUI_clickFirstUnlockedRaceChoiceForE2e	831473	832321	848
CampaignUI_CampaignUI_clickStartMissionForE2e	832322	832537	215
CampaignUI_CampaignUI_clickResultRetryForE2e	832538	832750	212
CampaignUI_CampaignUI_selectedBotCountForE2e	832751	832962	211
CampaignUI_CampaignUI_selectedRaceIdForE2e	832963	833199	236
CampaignUI_CampaignUI_canAddBot	833200	833344	144
CampaignUI_CampaignUI_canAddSupply	833345	833495	150
CampaignUI_CampaignUI_getFriendlyBotAt	833496	833870	374
CampaignUI_CampaignUI_getMaxAvailableStartIndex	833871	833987	116
CampaignUI_CampaignUI_setAvailableStartIndex	833988	834391	403
CampaignUI_CampaignUI_syncAvailableSlider	834392	835317	925
CampaignUI_CampaignUI_renderAvailableBotCards	835318	837135	1817
CampaignUI_CampaignUI_areSelectedAiRacesAssigned	837136	837306	170
CampaignUI_CampaignUI_arePartyPlayerRacesAssigned	837307	837479	172
CampaignUI_CampaignUI_showTeamScreen	837480	838460	980
CampaignUI_CampaignUI_showCampaignIntro	838461	839292	831
CampaignUI_CampaignUI_showResultScreen	839293	842968	3675
CampaignUI_CampaignUI_showChapterCompleteScreen	842969	846367	3398
CampaignUI_CampaignUI_setSelectedRace	846368	846526	158
CampaignUI_CampaignUI_closeRacePicker	846527	847251	724
CampaignUI_CampaignUI_applyPickerAvailability	847252	847807	555
CampaignUI_CampaignUI_refreshOpenRacePickers	847808	848328	520
CampaignUI_CampaignUI_createRaceChoiceControl	848329	850305	1976
CampaignUI_CampaignUI_createSlotRacePicker	850306	851507	1201
CampaignUI_CampaignUI_createRacePickers	851508	851923	415
CampaignUI_CampaignUI_createMainFrame	851924	852524	600
CampaignUI_CampaignUI_createChapterScreen	852525	856584	4059
CampaignUI_CampaignUI_createMissionScreen	856585	871403	14818
CampaignUI_CampaignUI_createTeamScreen	871404	888701	17297
CampaignUI_CampaignUI_createResultScreen	888702	893646	4944
CampaignUI_CampaignUI_createChapterCompleteScreen	893647	894708	1061
CampaignUI_CampaignUI_createIntroScreen	894709	894992	283
CampaignUI_CampaignUI_renderMissionScreen	894993	901900	6907
CampaignUI_CampaignUI_renderTeamScreen	901901	907914	6013
CampaignUI_new_CampaignUI	907915	908040	125
CampaignUI_construct_CampaignUI	908041	912078	4037
yg:create236	912095	912292	197
FrameHandleListener_onClick_CampaignUI_CampaignUI_onEvent_onClick_CampaignUI_CampaignUI	912293	912781	488
zg:create237	912798	912971	173
FrameHandleListener_onClick_CampaignUI_CampaignUI_onEvent_onClick_CampaignUI_CampaignUI1	912972	913194	222
Ag:create238	913211	913312	101
DialogBody_build_CampaignUI_CampaignUI_run_build_CampaignUI_CampaignUI	913313	915686	2373
Bg:create260	915703	915885	182
FrameHandleListener_onClick_build_CampaignUI_CampaignUI_onEvent_onClick_build_CampaignUI_CampaignUI	915886	916214	328
Cg:create255	916231	916309	78
DialogBody_build_CampaignUI_CampaignUI_run_build_CampaignUI_CampaignUI1	916310	920516	4206
Dg:create261	920533	920704	171
FrameHandleListener_onClick_build_CampaignUI_CampaignUI_onEvent_onClick_build_CampaignUI_CampaignUI1	920705	921362	657
Eg:create252	921379	921550	171
FrameHandleListener_onClick_CampaignUI_CampaignUI_onEvent_onClick_CampaignUI_CampaignUI2	921551	922008	457
Fg:create253	922025	922196	171
FrameHandleListener_onClick_CampaignUI_CampaignUI_onEvent_onClick_CampaignUI_CampaignUI3	922197	922484	287
Gg:create254	922501	922599	98
LayerScope_withParent_CampaignUI_CampaignUI_run_withParent_CampaignUI_CampaignUI	922600	926511	3911
Hg:create262	926528	926635	107
LayerScope_withParent_withParent_CampaignUI_CampaignUI_run_withParent_withParent_CampaignUI_CampaignUI	926636	927414	778
Ig:create264	927431	927522	91
LayerScope_withParent_withParent_withParent_CampaignUI_CampaignUI_run_withParent_withParent_withParent_CampaignUI_CampaignUI	927523	928928	1405
Jg:create263	928945	929116	171
FrameHandleListener_onClick_withParent_CampaignUI_CampaignUI_onEvent_onClick_withParent_CampaignUI_CampaignUI	929117	929543	426
Kg:create239	929560	929649	89
LayerScope_withParent_CampaignUI_CampaignUI_run_withParent_CampaignUI_CampaignUI1	929650	929941	291
Lg:create240	929958	930047	89
LayerScope_withParent_CampaignUI_CampaignUI_run_withParent_CampaignUI_CampaignUI2	930048	930339	291
Mg:create241	930356	930445	89
LayerScope_withParent_CampaignUI_CampaignUI_run_withParent_CampaignUI_CampaignUI3	930446	930737	291
Ng:create242	930754	930903	149
LayerScope_withParent_CampaignUI_CampaignUI_run_withParent_CampaignUI_CampaignUI4	930904	935637	4733
Og:create265	935654	935732	78
LayerScope_withParent_withParent_CampaignUI_CampaignUI_run_withParent_withParent_CampaignUI_CampaignUI1	935733	936234	501
Pg:create266	936251	936431	180
FrameHandleListener_onClick_withParent_CampaignUI_CampaignUI_onEvent_onClick_withParent_CampaignUI_CampaignUI1	936432	936767	335
Qg:create243	936784	936955	171
FrameHandleListener_onClick_CampaignUI_CampaignUI_onEvent_onClick_CampaignUI_CampaignUI4	936956	937307	351
Rg:create244	937324	937495	171
FrameHandleListener_onClick_CampaignUI_CampaignUI_onEvent_onClick_CampaignUI_CampaignUI5	937496	937712	216
Sg:create245	937729	937900	171
FrameHandleListener_onClick_CampaignUI_CampaignUI_onEvent_onClick_CampaignUI_CampaignUI6	937901	938285	384
Tg:create246	938302	938473	171
FrameHandleListener_onSliderValueChange_CampaignUI_CampaignUI_onEvent_onSliderValueChange_CampaignUI_CampaignUI	938474	938861	387
Ug:create247	938878	939049	171
FrameHandleListener_onClick_CampaignUI_CampaignUI_onEvent_onClick_CampaignUI_CampaignUI7	939050	939315	265
Vg:create248	939332	939503	171
FrameHandleListener_onClick_CampaignUI_CampaignUI_onEvent_onClick_CampaignUI_CampaignUI8	939504	939769	265
Wg:create249	939786	939884	98
LayerScope_withParent_CampaignUI_CampaignUI_run_withParent_CampaignUI_CampaignUI5	939885	940523	638
Xg:create250	940540	940711	171
FrameHandleListener_onClick_CampaignUI_CampaignUI_onEvent_onClick_CampaignUI_CampaignUI9	940712	941533	821
Yg:create251	941550	941721	171
FrameHandleListener_onClick_CampaignUI_CampaignUI_onEvent_onClick_CampaignUI_CampaignUI10	941722	941939	217
Zg:create256	941956	942034	78
Action_watch_CampaignUI_CampaignUI_run_watch_CampaignUI_CampaignUI	942035	942169	134
ah:create257	942186	942264	78
Action_watch_CampaignUI_CampaignUI_run_watch_CampaignUI_CampaignUI1	942265	942397	132
bh:create258	942414	942492	78
Action_watch_CampaignUI_CampaignUI_run_watch_CampaignUI_CampaignUI2	942493	942631	138
dh:create259	942648	942743	95
Action_watch_CampaignUI_CampaignUI_run_watch_CampaignUI_CampaignUI3	942744	943177	433
eh:create267	943194	943398	204
SlotRacePicker_new_SlotRacePicker	943399	943738	339
fh:create268	943755	943903	148
StarStrip_StarStrip_getStar	943904	944071	167
StarStrip_StarStrip_setStar	944072	944239	167
StarStrip_StarStrip_build	944240	945579	1339
StarStrip_StarStrip_setStarMask	945580	946094	514
StarStrip_StarStrip_hide	946095	946278	183
StarStrip_new_StarStrip	946279	946359	80
gh:create269	946376	946466	90
CallbackSingle_doAfter_CampaignUiE2E_call_doAfter_CampaignUiE2E	946467	946687	220
hh:create270	946704	946794	90
CallbackSingle_doAfter_doAfter_CampaignUiE2E_call_doAfter_doAfter_CampaignUiE2E	946795	946938	143
ih:create271	946955	947045	90
CallbackSingle_doAfter_CampaignUiE2E_call_doAfter_CampaignUiE2E1	947046	947703	657
jh:create272	947720	947844	124
CallbackSingle_doAfter_doAfter_CampaignUiE2E_call_doAfter_doAfter_CampaignUiE2E1	947845	948180	335
kh:create273	948197	948321	124
CallbackSingle_doAfter_doAfter_doAfter_CampaignUiE2E_call_doAfter_doAfter_doAfter_CampaignUiE2E	948322	948791	469
lh:create274	948808	948898	90
CallbackSingle_doAfter_doAfter_doAfter_doAfter_CampaignUiE2E_call_doAfter_doAfter_doAfter_doAfter_CampaignUiE2E	948899	949383	484
mh:create275	949400	949490	90
CallbackSingle_doAfter_doAfter_doAfter_doAfter_doAfter_CampaignUiE2E_call_doAfter_doAfter_doAfter_doAfter_doAfter_CampaignUiE2E	949491	949855	364
nh:create276	949872	949962	90
CallbackSingle_doAfter_doAfter_doAfter_doAfter_doAfter_doAfter_CampaignUiE2E_call_doAfter_doAfter_doAfter_doAfter_doAfter_doAfter_CampaignUiE2E	949963	950340	377
oh:create277	950357	950457	100
CallbackSingle_doAfter_CampaignUiE2E_call_doAfter_CampaignUiE2E2	950458	950741	283
ph:create278	950758	950930	172
FrameHandleListener_onClick_Campaign_onEvent_onClick_Campaign	950931	951294	363
qh:create279	951311	951483	172
FrameHandleListener_onClick_Campaign_onEvent_onClick_Campaign1	951484	951623	139
rh:create280	951640	951812	172
FrameHandleListener_onClick_Campaign_onEvent_onClick_Campaign2	951813	951951	138
sh:create281	951968	952203	235
FrameHandleListener_onClick_Campaign_onEvent_onClick_Campaign3	952204	952665	461
th:create282	952682	952752	70
Action_watch_Campaign_run_watch_Campaign	952753	953099	346
uh:create283	953116	953206	90
CallbackSingle_doAfter_Campaign_call_doAfter_Campaign	953207	953476	269
vh:create284	953493	953652	159
EventListener_add_Campaign_onEvent_add_Campaign	953653	953894	241
wh:create285	953911	953981	70
ArgHandler_addCommand_Campaign_handleArgs_addCommand_Campaign	953982	954120	138
xh:create286	954137	954207	70
ArgHandler_addCommand_Campaign_handleArgs_addCommand_Campaign1	954208	954380	172
yh:create287	954397	954467	70
ArgHandler_addCommand_Campaign_handleArgs_addCommand_Campaign2	954468	954646	178
zh:create288	954663	954733	70
ArgHandler_addCommand_Campaign_handleArgs_addCommand_Campaign3	954734	954916	182
Ah:create289	954933	955051	118
E2ESuiteBody_register_CastleFightE2E_run_register_CastleFightE2E	955052	955205	153
Bh:create290	955222	955361	139
CallbackSingle_doAfter_register_CastleFightE2E_call_doAfter_register_CastleFightE2E	955362	955611	249
Ch:create291	955628	955834	206
DamageListener_addListener_CastleProtection_onEvent_addListener_CastleProtection	955835	956107	272
Dh:create292	956124	956236	112
tupleCopy5	956237	956313	76
CallbackSingle_doAfter_CfCastlePathing_call_doAfter_CfCastlePathing	956314	956610	296
Eh:create293	956627	956717	90
CallbackSingle_doAfter_CfCastlePathing_call_doAfter_CfCastlePathing1	956718	957008	290
Fh:create294	957025	957117	92
CallbackPeriodic_doPeriodically_doAfter_CfCastlePathing_call_doPeriodically_doAfter_CfCastlePathing	957118	957252	134
Gh:create295	957269	957428	159
EventListener_add_ChaosPortalRuntime_onEvent_add_ChaosPortalRuntime	957429	957540	111
Hh:create296	957557	957647	90
CallbackSingle_doAfter_CheckForCpuSlots_call_doAfter_CheckForCpuSlots	957648	957753	105
Ih:create297	957770	958004	234
ChunkedString_ChunkedString_append	958005	958825	820
ChunkedString_ChunkedString_hasChunk	958826	958943	117
ChunkedString_ChunkedString_readChunk	958944	959133	189
ChunkedString_ChunkedString_getChunk	959134	959327	193
ChunkedString_ChunkedString_resetRead	959328	959414	86
ChunkedString_ChunkedString_getChunkCount	959415	959511	96
ChunkedString_ChunkedString_length	959512	959933	421
ChunkedString_ChunkedString_getUnsafeString	959934	960243	309
ChunkedString_ChunkedString_getUnsafeSubString	960244	961670	1426
ChunkedString_new_ChunkedString	961671	961966	295
ChunkedString_new_ChunkedString1	961967	962298	331
ChunkedString_destroyChunkedString	962299	962412	113
Jh:create298	962429	962519	90
CallbackSingle_nullTimer_ClosureEvents_call_nullTimer_ClosureEvents	962520	965010	2490
Kh:create299	965027	965186	159
Lh	965187	965206	19
EventListener_construct_EventListener	965297	965481	184
EventListener_EventListener_onDestroy	965482	966199	717
EventListener_destroyEventListener	966200	966293	93
Mh:create300	966310	966480	170
Nh	966481	966504	23
OnCastListener_OnCastListener_onDestroy	966594	967560	966
OnCastListener_destroyOnCastListener	967561	967658	97
Oh:create301	967675	967845	170
OnPointCast_OnPointCast_fire	967846	967988	142
Ph	967989	968016	27
Qh:create302	968114	968284	170
OnUnitCast_OnUnitCast_fire	968285	968432	147
Rh	968433	968460	27
Sh:create303	968554	968624	70
Th	968625	968648	23
ForGroupCallback_destroyForGroupCallback	968754	968811	57
Uh:create304	968828	968898	70
Vh	968899	968922	23
ForGroupCallbackD_destroyForGroupCallbackD	969032	969091	59
Wh:create305	969108	969178	70
Xh	969179	969202	23
ForGroupCallbackUntil_destroyForGroupCallbackUntil	969328	969395	67
Yh:create306	969412	969574	162
Zh	969575	969594	19
bi:create307	969725	969887	162
ReleaseKeyboardFocusFrameListener_new_ReleaseKeyboardFocusFrameListener	969888	970115	227
ReleaseKeyboardFocusFrameListener_ReleaseKeyboardFocusFrameListener_onEvent	970116	970320	204
ei:create308	970337	970429	92
CallbackPeriodic_CallbackPeriodic_start	970430	971179	749
fi	971180	971203	23
CallbackPeriodic_destroyCallbackPeriodic	971301	971417	116
gi:create309	971434	971524	90
CallbackSingle_CallbackSingle_start	971525	972278	753
ii	972279	972298	19
CallbackSingle_destroyCallbackSingle	972388	972498	110
ji:create310	972515	972605	90
CallbackSingle_doAfter_Commands_call_doAfter_Commands	972606	972711	105
ki:create311	972728	972818	90
CallbackSingle_doAfter_Commands_call_doAfter_Commands1	972819	972925	106
mi:create312	972942	973032	90
CallbackSingle_doAfter_Commands_call_doAfter_Commands2	973033	973203	170
ni:create313	973220	973290	70
ForceCallback_forEach_Commands_run_forEach_Commands	973291	973384	93
oi:create314	973401	973471	70
ForceCallback_forEach_Commands_run_forEach_Commands1	973472	973566	94
pi:create315	973583	973673	90
CallbackSingle_doAfter_Commands_call_doAfter_Commands3	973674	973974	300
qi:create316	973991	974150	159
EventListener_add_Commands_onEvent_add_Commands	974151	974593	442
ri:create317	974610	974680	70
ArgHandler_addCommand_Commands_handleArgs_addCommand_Commands	974681	974805	124
si:create318	974822	974892	70
ArgHandler_addCommand_Commands_handleArgs_addCommand_Commands1	974893	975018	125
vi:create319	975035	975105	70
ArgHandler_addCommand_Commands_handleArgs_addCommand_Commands2	975106	975581	475
yi:create320	975598	975696	98
CallbackPeriodic_doPeriodically_addCommand_Commands_call_doPeriodically_addCommand_Commands	975697	975845	148
zi:create321	975862	975932	70
ArgHandler_addCommand_Commands_handleArgs_addCommand_Commands3	975933	976048	115
Bi:create322	976065	976135	70
ArgHandler_addCommand_Commands_handleArgs_addCommand_Commands4	976136	976251	115
Ci:create323	976268	976338	70
ArgHandler_addCommand_Commands_handleArgs_addCommand_Commands5	976339	976752	413
Di:create324	976769	976867	98
CallbackPeriodic_doPeriodically_addCommand_Commands_call_doPeriodically_addCommand_Commands1	976868	977025	157
Ei:create325	977042	977112	70
ArgHandler_addCommand_Commands_handleArgs_addCommand_Commands6	977113	977800	687
Gi:create326	977817	977887	70
ArgHandler_addCommand_Commands_handleArgs_addCommand_Commands7	977888	978692	804
Ii:create327	978709	978779	70
ArgHandler_addCommand_Commands_handleArgs_addCommand_Commands8	978780	979441	661
Ji:create328	979458	979528	70
ArgHandler_addCommand_Commands_handleArgs_addCommand_Commands9	979529	980010	481
Ki:create329	980027	980097	70
ArgHandler_addCommand_Commands_handleArgs_addCommand_Commands10	980098	980899	801
Mi:create330	980916	980986	70
ArgHandler_addCommand_Commands_handleArgs_addCommand_Commands11	980987	981228	241
Ni:create331	981245	981315	70
ArgHandler_addCommand_Commands_handleArgs_addCommand_Commands12	981316	981523	207
Oi:create332	981540	981610	70
ArgHandler_addCommand_Commands_handleArgs_addCommand_Commands13	981611	981745	134
Pi:create333	981762	981832	70
ArgHandler_addCommand_Commands_handleArgs_addCommand_Commands14	981833	982223	390
Qi:create334	982240	982310	70
ArgHandler_addCommand_Commands_handleArgs_addCommand_Commands15	982311	982606	295
Si:create335	982623	982693	70
ArgHandler_addCommand_Commands_handleArgs_addCommand_Commands16	982694	982968	274
Ti:create336	982985	983055	70
ArgHandler_addCommand_Commands_handleArgs_addCommand_Commands17	983056	983330	274
Vi:create337	983347	983417	70
ArgHandler_addCommand_Commands_handleArgs_addCommand_Commands18	983418	983543	125
Wi:create338	983560	983630	70
ArgHandler_addCommand_Commands_handleArgs_addCommand_Commands19	983631	983757	126
Xi:create339	983774	983844	70
ArgHandler_addCommand_Commands_handleArgs_addCommand_Commands20	983845	984077	232
Zi:create340	984094	984164	70
ArgHandler_addCommand_Commands_handleArgs_addCommand_Commands21	984165	984706	541
aj:create341	984723	984793	70
ArgHandler_addCommand_Commands_handleArgs_addCommand_Commands22	984794	985325	531
bj:create342	985342	985412	70
ArgHandler_addCommand_Commands_handleArgs_addCommand_Commands23	985413	985781	368
cj:create343	985798	985868	70
ArgHandler_addCommand_Commands_handleArgs_addCommand_Commands24	985869	985991	122
dj:create344	986008	986078	70
ArgHandler_addCommand_Commands_handleArgs_addCommand_Commands25	986079	986323	244
ej:create345	986340	986410	70
ArgHandler_addCommand_Commands_handleArgs_addCommand_Commands26	986411	986563	152
fj:create346	986580	986650	70
ArgHandler_addCommand_Commands_handleArgs_addCommand_Commands27	986651	986803	152
gj:create347	986820	986890	70
ArgHandler_addCommand_Commands_handleArgs_addCommand_Commands28	986891	987043	152
hj:create348	987060	987130	70
ArgHandler_addCommand_Commands_handleArgs_addCommand_Commands29	987131	987278	147
ij:create349	987295	987365	70
ArgHandler_addCommand_Commands_handleArgs_addCommand_Commands30	987366	988113	747
jj:create350	988130	988200	70
ArgHandler_addCommand_Commands_handleArgs_addCommand_Commands31	988201	988482	281
kj:create351	988499	988569	70
ArgHandler_addCommand_Commands_handleArgs_addCommand_Commands32	988570	989068	498
lj:create352	989085	989155	70
ArgHandler_addCommand_Commands_handleArgs_addCommand_Commands33	989156	989594	438
mj:create353	989611	989681	70
ArgHandler_addCommand_Commands_handleArgs_addCommand_Commands34	989682	989797	115
nj:create354	989814	989884	70
ArgHandler_addCommand_Commands_handleArgs_addCommand_Commands35	989885	990096	211
oj:create355	990113	990183	70
ArgHandler_addCommand_Commands_handleArgs_addCommand_Commands36	990184	990352	168
pj:create356	990369	990439	70
ArgHandler_addCommand_Commands_handleArgs_addCommand_Commands37	990440	990564	124
qj:create357	990581	990651	70
ArgHandler_addCommand_Commands_handleArgs_addCommand_Commands38	990652	990931	279
rj:create358	990948	991018	70
ArgHandler_addCommand_Commands_handleArgs_addCommand_Commands39	991019	991591	572
sj:create359	991608	991678	70
ArgHandler_addCommand_Commands_handleArgs_addCommand_Commands40	991679	992220	541
tj:create360	992237	992369	132
TeamVote_TeamVote_reset	992370	992618	248
TeamVote_TeamVote_countEligibleVotes	992619	993161	542
TeamVote_TeamVote_startVote	993162	993557	395
TeamVote_TeamVote_addVote	993558	993770	212
TeamVote_TeamVote_checkForfeit	993771	994400	629
uj:create361	994417	994492	75
ForceCallback_forEach_TeamVote_Commands_run_forEach_TeamVote_Commands	994493	994720	227
vj:create362	994737	994845	108
CallbackSingle_doAfter_TeamVote_Commands_call_doAfter_TeamVote_Commands	994846	995073	227
wj:create364	995090	995160	70
ForceCallback_forEach_doAfter_TeamVote_Commands_run_forEach_doAfter_TeamVote_Commands	995161	995320	159
xj:create363	995337	995412	75
ForceCallback_forEach_TeamVote_Commands_run_forEach_TeamVote_Commands1	995413	995602	189
yj:create365	995619	995778	159
EventListener_add_CompanionSpawning_onEvent_add_CompanionSpawning	995779	996424	645
zj:create366	996441	996539	98
AirVsAAAspect_AirVsAAAspect_calculateScore	996540	996861	321
AirVsAAAspect_AirVsAAAspect_setBeforeScore	996862	996959	97
AirVsAAAspect_AirVsAAAspect_getDebugName	996960	997028	68
AirVsAAAspect_AirVsAAAspect_deltaForBuilding	997029	997842	813
AirVsAAAspect_AirVsAAAspect_computeScoreInternal	997843	998338	495
Aj	998339	998476	137
Bj:create367	998576	998682	106
ArmorResilienceAspect_ArmorResilienceAspect_calculateScore	998683	999443	760
ArmorResilienceAspect_ArmorResilienceAspect_setBeforeScore	999444	999565	121
ArmorResilienceAspect_ArmorResilienceAspect_getDebugName	999566	999650	84
ArmorResilienceAspect_ArmorResilienceAspect_deltaForBuilding	999651	1000080	429
Cj	1000081	1000226	145
Dj:create368	1000358	1000428	70
Ej	1000429	1000456	27
Fj	1000578	1000601	23
Gj	1000720	1000739	19
Hj	1000857	1000888	31
Ij:create369	1001030	1001135	105
DamageCoverageAspect_DamageCoverageAspect_calculateScore	1001136	1001876	740
DamageCoverageAspect_DamageCoverageAspect_setBeforeScore	1001877	1001995	118
DamageCoverageAspect_DamageCoverageAspect_getDebugName	1001996	1002078	82
DamageCoverageAspect_DamageCoverageAspect_deltaForBuilding	1002079	1002503	424
Jj	1002504	1002648	144
Kj:create370	1002776	1002878	102
HittabilityAspect_HittabilityAspect_calculateScore	1002879	1003901	1022
HittabilityAspect_HittabilityAspect_setBeforeScore	1003902	1004011	109
HittabilityAspect_HittabilityAspect_getDebugName	1004012	1004088	76
HittabilityAspect_HittabilityAspect_deltaForBuilding	1004089	1004559	470
Lj	1004560	1004701	141
Mj:create371	1004816	1004973	157
MeleeRangedBalanceAspect_MeleeRangedBalanceAspect_calculateScore	1004974	1005355	381
MeleeRangedBalanceAspect_MeleeRangedBalanceAspect_setBeforeScore	1005356	1005486	130
MeleeRangedBalanceAspect_MeleeRangedBalanceAspect_getDebugName	1005487	1005577	90
MeleeRangedBalanceAspect_MeleeRangedBalanceAspect_deltaForBuilding	1005578	1005954	376
MeleeRangedBalanceAspect_MeleeRangedBalanceAspect_computeScoreInternal	1005955	1006456	501
Nj	1006457	1006666	209
Oj:create372	1006810	1006912	102
CallbackSingle_doAfter_CustomAI_call_doAfter_CustomAI	1006913	1007474	561
Pj:create373	1007491	1007581	90
CallbackSingle_doAfter_CustomAI_call_doAfter_CustomAI1	1007582	1007663	81
Qj:create374	1007680	1007886	206
DamageListener_addListener_CustomAI_onEvent_addListener_CustomAI	1007887	1007989	102
Rj:create375	1008006	1009876	1870
AiExecutor_AiExecutor_isBuildLocked	1009877	1010087	210
AiExecutor_AiExecutor_reset	1010088	1014888	4800
AiExecutor_AiExecutor_tryFindBuilder	1014889	1015214	325
AiExecutor_AiExecutor_moveOrBlinkTo	1015215	1016732	1517
AiExecutor_AiExecutor_consumeActionDelay	1016733	1017139	406
AiExecutor_AiExecutor_hasActiveConstruction	1017140	1017331	191
AiExecutor_AiExecutor_tryBuyPresetStrategicItem	1017332	1017568	236
AiExecutor_AiExecutor_isSavingForPresetStrategicItem	1017569	1017814	245
AiExecutor_AiExecutor_tryRepair	1017815	1019193	1378
AiExecutor_AiExecutor_hasPendingBuildOrder	1019194	1019303	109
AiExecutor_AiExecutor_hasValidNextWanted	1019304	1019568	264
tupleCopy6	1019569	1019617	48
tupleCopy7	1019618	1019673	55
AiExecutor_AiExecutor_decideNextBuilding	1019674	1026069	6395
AiExecutor_AiExecutor_tryBuyStrategicItem	1026070	1026556	486
AiExecutor_AiExecutor_canBuildNextWanted	1026557	1027426	869
AiExecutor_AiExecutor_isSavingForStrategicItem	1027427	1027955	528
AiExecutor_AiExecutor_getNextWantedBuilding	1027956	1028156	200
AiExecutor_AiExecutor_getNextDecision	1028157	1028246	89
AiExecutor_AiExecutor_getNextWantedBlockReason	1028247	1029641	1394
AiExecutor_AiExecutor_beginPondering	1029642	1030009	367
AiExecutor_AiExecutor_consumePondering	1030010	1030323	313
AiExecutor_AiExecutor_tryUpgrade	1030324	1031445	1121
AiExecutor_AiExecutor_clearNextDecision	1031446	1031891	445
AiExecutor_AiExecutor_isNextWantedInCage	1031892	1032045	153
AiExecutor_AiExecutor_nextPowerPlant434Spot	1032046	1032312	266
AiExecutor_AiExecutor_shouldUseCageWallPatternForNextWanted	1032313	1032497	184
AiExecutor_AiExecutor_teamHasPowerPlantAccess	1032498	1033659	1161
AiExecutor_AiExecutor_announcePP434	1033660	1033903	243
AiExecutor_AiExecutor_getBuiltBuildingCount	1033904	1034068	164
AiExecutor_AiExecutor_nextPowerPlant434SupportSpot	1034069	1034356	287
AiExecutor_AiExecutor_nextRegularFallbackSpot	1034357	1035417	1060
AiExecutor_AiExecutor_initializeBuildMovement	1035418	1036981	1563
AiExecutor_AiExecutor_tryBuild	1036982	1037905	923
AiExecutor_AiExecutor_clearInactiveConstruction	1037906	1038129	223
AiExecutor_AiExecutor_getPendingBuildOrderAge	1038130	1038321	191
AiExecutor_AiExecutor_isBuilderStillTryingPendingBuildOrder	1038322	1038574	252
AiExecutor_AiExecutor_maybeDebugPendingBuildOrder	1038575	1039384	809
AiExecutor_AiExecutor_clearPendingBuildOrder	1039385	1039708	323
AiExecutor_AiExecutor_isPendingBuildOrderStale	1039709	1040033	324
AiExecutor_AiExecutor_getBuilderCurrentOrderId	1040034	1040197	163
AiExecutor_AiExecutor_wouldCreateUnwantedCage	1040198	1040394	196
AiExecutor_AiExecutor_refreshPlayerContext	1040395	1040655	260
AiExecutor_AiExecutor_clearPendingBuildReservation	1040656	1041099	443
AiExecutor_AiExecutor_invalidateBuiltSnapshot	1041100	1041201	101
AiExecutor_AiExecutor_getBuiltSnapshot	1041202	1041832	630
AiExecutor_AiExecutor_canAccessBuilding	1041833	1042151	318
AiExecutor_AiExecutor_isNextWantedAffordableNow	1042152	1042978	826
AiExecutor_AiExecutor_buildingsForPlayerId	1042979	1043539	560
AiExecutor_AiExecutor_isPowerPlant434ReservedSpot	1043540	1043746	206
AiExecutor_AiExecutor_hasReadyPowerPlant434Center	1043747	1044666	919
AiExecutor_AiExecutor_shouldLetStrategicAuraUseGold	1044667	1045706	1039
AiExecutor_AiExecutor_hasStrategicAuraProductionFoundation	1045707	1045875	168
AiExecutor_AiExecutor_applyRegularSpotOffset	1045876	1046475	599
AiExecutor_AiExecutor_replaceNextDecision	1046476	1047496	1020
AiExecutor_AiExecutor_updateChoiceDebugFrame	1047497	1048092	595
AiExecutor_AiExecutor_intAbs	1048093	1048208	115
AiExecutor_AiExecutor_nextWantedIsOnlySavingGold	1048209	1048884	675
AiExecutor_AiExecutor_hasDecisionBoardChanged	1048885	1049514	629
AiExecutor_AiExecutor_shouldKeepSavingForCurrentDecision	1049515	1050649	1134
AiExecutor_AiExecutor_isBehindCastlePatternExhausted	1050650	1050994	344
AiExecutor_AiExecutor_isBehindCastlePatternExhaustedCached	1050995	1051359	364
AiExecutor_AiExecutor_refreshCandidatePlacementFlags	1051360	1052500	1140
AiExecutor_AiExecutor_reservePendingBuildTarget	1052501	1052902	401
AiExecutor_AiExecutor_getPendingBuildOrderId	1052903	1053006	103
AiExecutor_AiExecutor_getProductionBuildingCount	1053007	1053524	517
AiExecutor_AiExecutor_hasRuntimeProgress	1053525	1053808	283
AiExecutor_AiExecutor_onConstructionCancelled	1053809	1054186	377
AiExecutor_AiExecutor_onConstructOrUpgrade	1054187	1055059	872
AiExecutor_AiExecutor_onUpgradeReadinessChanged	1055060	1055271	211
AiExecutor_AiExecutor_onTrackedStructureDeath	1055272	1055895	623
AiExecutor_new_AiExecutor	1055896	1056021	125
AiExecutor_construct_AiExecutor	1056022	1058905	2883
AiExecutor_AiExecutor_onDestroy	1058906	1060427	1521
AiExecutor_destroyAiExecutor	1060428	1060509	81
Sj:create376	1060526	1060604	78
ForGroupCallback_forUnitsOfPlayer_AiExecutor_CustomAI_callback_forUnitsOfPlayer_AiExecutor_CustomAI	1060605	1060873	268
Tj:create377	1060890	1060985	95
PositionProvider_AiExecutor_CustomAI_getPosition_AiExecutor_CustomAI	1060986	1061134	148
Uj:create378	1061151	1061246	95
PositionProvider_AiExecutor_CustomAI_getPosition_AiExecutor_CustomAI1	1061247	1061389	142
Vj:create379	1061406	1061501	95
PositionProvider_AiExecutor_CustomAI_getPosition_AiExecutor_CustomAI2	1061502	1061644	142
Wj:create380	1061661	1061756	95
PositionProvider_AiExecutor_CustomAI_getPosition_AiExecutor_CustomAI3	1061757	1061912	155
Xj:create381	1061929	1062024	95
PositionProvider_AiExecutor_CustomAI_getPosition_AiExecutor_CustomAI4	1062025	1062182	157
Yj:create382	1062199	1062294	95
PositionProvider_AiExecutor_CustomAI_getPosition_AiExecutor_CustomAI5	1062295	1062442	147
Zj:create383	1062459	1062537	78
ForGroupCallback_forUnitsOfPlayer_AiExecutor_CustomAI_callback_forUnitsOfPlayer_AiExecutor_CustomAI1	1062538	1063364	826
ak:create384	1063381	1063521	140
CallbackSingle_doAfter_AiExecutor_CustomAI_call_doAfter_AiExecutor_CustomAI	1063522	1065320	1798
bk:create385	1065337	1065472	135
CallbackSingle_doAfter_AiExecutor_CustomAI_call_doAfter_AiExecutor_CustomAI1	1065473	1065866	393
ck:create386	1065883	1065992	109
CallbackPeriodic_doPeriodically_doAfter_AiExecutor_CustomAI_call_doPeriodically_doAfter_AiExecutor_CustomAI	1065993	1066169	176
dk:create387	1066186	1066285	99
UnwantedCageRejector_UnwantedCageRejector_shouldReject	1066286	1066448	162
UnwantedCageRejector_new_UnwantedCageRejector	1066449	1066632	183
ek:create388	1066649	1066808	159
EventListener_add_DamageEvent_onEvent_add_DamageEvent	1066809	1066910	101
fk:create389	1066927	1067086	159
EventListener_add_DamageEvent_onEvent_add_DamageEvent1	1067087	1067180	93
gk:create390	1067197	1067267	70
hk:create391	1067284	1067566	282
DamageInstance_DamageInstance_setAmount	1067567	1067657	90
DamageInstance_DamageInstance_setReducedAmount	1067658	1067755	97
DamageInstance_new_DamageInstance	1067756	1068245	489
DamageInstance_destroyDamageInstance	1068246	1068322	76
ik:create392	1068339	1068545	206
jk	1068546	1068565	19
DamageListener_destroyDamageListener	1068661	1068767	106
kk:create393	1068784	1068859	75
ForGroupCallback_forUnitsInRange_DamageProcs_callback_forUnitsInRange_DamageProcs	1068860	1069233	373
lk:create394	1069250	1069384	134
ForGroupCallback_forUnitsInRange_DamageRuntime_callback_forUnitsInRange_DamageRuntime	1069385	1069690	305
mk:create395	1069707	1069811	104
CallbackSingle_doAfter_DamageRuntime_call_doAfter_DamageRuntime	1069812	1069928	116
nk:create396	1069945	1070049	104
CallbackSingle_doAfter_DamageRuntime_call_doAfter_DamageRuntime1	1070050	1070162	112
pk:create397	1070179	1070249	70
BuildingAttachmentHandler_registerBuildingAttach_DesertRace_call_registerBuildingAttach_DesertRace	1070250	1070495	245
qk:create398	1070512	1070582	70
BuildingAttachmentHandler_registerBuildingAttach_DesertRace_call_registerBuildingAttach_DesertRace1	1070583	1070907	324
rk:create399	1070924	1070994	70
BuildingAttachmentHandler_registerBuildingAttach_DesertRace_call_registerBuildingAttach_DesertRace2	1070995	1071241	246
sk:create400	1071258	1071328	70
BuildingAttachmentHandler_registerBuildingAttach_DesertRace_call_registerBuildingAttach_DesertRace3	1071329	1071629	300
tk:create401	1071646	1071716	70
BuildingAttachmentHandler_registerBuildingAttach_DesertRace_call_registerBuildingAttach_DesertRace4	1071717	1072113	396
uk:create402	1072130	1072200	70
BuildingAttachmentHandler_registerBuildingAttach_DesertRace_call_registerBuildingAttach_DesertRace5	1072201	1072399	198
vk:create403	1072416	1072486	70
BuildingAttachmentHandler_registerBuildingAttach_DesertRace_call_registerBuildingAttach_DesertRace6	1072487	1072780	293
wk:create404	1072797	1072867	70
BuildingAttachmentHandler_registerBuildingAttach_DesertRace_call_registerBuildingAttach_DesertRace7	1072868	1073153	285
xk:create405	1073170	1073240	70
BuildingAttachmentHandler_registerBuildingAttach_DesertRace_call_registerBuildingAttach_DesertRace8	1073241	1073488	247
yk:create406	1073505	1073575	70
BuildingAttachmentHandler_registerBuildingAttach_DesertRace_call_registerBuildingAttach_DesertRace9	1073576	1073967	391
zk:create407	1073984	1074054	70
BuildingAttachmentHandler_registerBuildingAttach_DesertRace_call_registerBuildingAttach_DesertRace10	1074055	1074307	252
Ak:create408	1074324	1074394	70
BuildingAttachmentHandler_registerBuildingAttach_DesertRace_call_registerBuildingAttach_DesertRace11	1074395	1074717	322
Bk:create409	1074734	1074804	70
BuildingAttachmentHandler_registerBuildingAttach_DesertRace_call_registerBuildingAttach_DesertRace12	1074805	1075055	250
Ck:create410	1075072	1075142	70
BuildingAttachmentHandler_registerBuildingAttach_DesertRace_call_registerBuildingAttach_DesertRace13	1075143	1075337	194
Dk:create411	1075354	1075424	70
BuildingAttachmentHandler_registerBuildingAttach_DesertRace_call_registerBuildingAttach_DesertRace14	1075425	1075635	210
Ek:create412	1075652	1075722	70
BuildingAttachmentHandler_registerBuildingAttach_DesertRace_call_registerBuildingAttach_DesertRace15	1075723	1075968	245
Fk:create413	1075985	1076200	215
DraftPack_DraftPack_getFirst	1076201	1076422	221
DraftPack_DraftPack_getSecond	1076423	1076650	227
DraftPack_DraftPack_isPerkPack	1076651	1076728	77
DraftPack_DraftPack_getPerk	1076729	1076799	70
DraftPack_new_DraftPack	1076800	1076929	129
DraftPack_construct_DraftPack	1076930	1077348	418
Gk:create414	1077365	1077751	386
DraftPerk_DraftPerk_applyTo	1077752	1077881	129
DraftPerk_DraftPerk_setCleanup	1077882	1077974	92
DraftPerk_DraftPerk_cleanupFor	1077975	1078111	136
DraftPerk_DraftPerk_setReminderAbility	1078112	1078218	106
DraftPerk_new_DraftPerk	1078219	1078625	406
DraftPerk_destroyDraftPerk	1078626	1078669	43
Hk:create415	1078686	1078756	70
Ik	1078757	1078780	23
Jk:create416	1078882	1078952	70
Kk	1078953	1078976	23
Lk:create417	1079086	1079156	70
Mk	1079157	1079176	19
Nk:create418	1079278	1079833	555
DraftController_DraftController_startWithWarmup	1079834	1080141	307
DraftController_DraftController_beginRound	1080142	1080667	525
DraftController_DraftController_beginWarmup	1080668	1081271	603
DraftController_DraftController_installWarmupHandlersOnce	1081272	1081559	287
DraftController_DraftController_areAllPlayingReady	1081560	1082771	1211
DraftController_DraftController_stopWarmup	1082772	1083007	235
DraftController_DraftController_resetRound	1083008	1083288	280
DraftController_DraftController_assignPacks	1083289	1083467	178
DraftController_DraftController_packOfferToMmdString	1083468	1084095	627
DraftController_DraftController_startCountdown	1084096	1084395	299
DraftController_DraftController_setSupplier	1084396	1084493	97
DraftController_DraftController_getTotalRounds	1084494	1084596	102
DraftController_DraftController_getRoundLabel	1084597	1084792	195
DraftController_DraftController_getPackCount	1084793	1084986	193
DraftController_DraftController_getStateFor	1084987	1085254	267
DraftController_DraftController_hasPlayer	1085255	1085387	132
DraftController_DraftController_addPlayer	1085388	1086008	620
DraftController_DraftController_requestPick	1086009	1088373	2364
DraftController_DraftController_getCurrentPack	1088374	1088624	250
DraftController_DraftController_unpickedPacksToMmdString	1088625	1089137	512
DraftController_DraftController_returnUnpickedPacks	1089138	1089616	478
DraftController_DraftController_pickPack	1089617	1089832	215
DraftController_DraftController_packToMmdString	1089833	1090624	791
DraftController_DraftController_setCurrentPack	1090625	1090859	234
DraftController_DraftController_requestReroll	1090860	1091969	1109
DraftController_DraftController_reroll	1091970	1092304	334
DraftController_DraftController_getCurrentPackCount	1092305	1092574	269
DraftController_DraftController_stopCountdown	1092575	1092810	235
DraftController_DraftController_autoPickAiAndAway	1092811	1092986	175
DraftController_DraftController_allPicked	1092987	1093259	272
DraftController_DraftController_autoPickRemaining	1093260	1093435	175
DraftController_DraftController_endRound	1093436	1093850	414
DraftController_DraftController_startPostDraftCountdown	1093851	1094206	355
DraftController_DraftController_stopPostDraftCountdown	1094207	1094463	256
DraftController_DraftController_finalizeDraft	1094464	1094720	256
DraftController_DraftController_reset	1094721	1095223	502
DraftController_DraftController_init	1095224	1095966	742
DraftController_new_DraftController	1095967	1096312	345
Ok:create421	1096329	1096407	78
OnWarmupReady_onWarmupReady_DraftController_DraftData_call_onWarmupReady_DraftController_DraftData	1096408	1097021	613
Pk:create420	1097038	1097139	101
CallbackPeriodic_doPeriodically_DraftController_DraftData_call_doPeriodically_DraftController_DraftData	1097140	1097945	805
Qk:create419	1097962	1098040	78
tupleCopy8	1098041	1098096	55
IMItrClosure_forEach_DraftController_DraftData_run_forEach_DraftController_DraftData	1098097	1099270	1173
Rk:create424	1099287	1099373	86
IMItrClosure_forEach_DraftController_DraftData_run_forEach_DraftController_DraftData1	1099374	1099789	415
Sk:create422	1099806	1099876	70
IMItrClosure_forEach_DraftController_DraftData_run_forEach_DraftController_DraftData2	1099877	1100268	391
Tk:create423	1100285	1100386	101
CallbackPeriodic_doPeriodically_DraftController_DraftData_call_doPeriodically_DraftController_DraftData1	1100387	1100969	582
Uk:create428	1100986	1101087	101
CallbackPeriodic_doPeriodically_DraftController_DraftData_call_doPeriodically_DraftController_DraftData2	1101088	1101510	422
Vk:create426	1101527	1101607	80
IMItrClosure_forEach_DraftController_DraftData_run_forEach_DraftController_DraftData3	1101608	1101810	202
Wk:create425	1101827	1101905	78
IMItrClosure_forEach_DraftController_DraftData_run_forEach_DraftController_DraftData4	1101906	1103456	1550
Xk:create427	1103473	1103551	78
IMItrClosure_forEach_DraftController_DraftData_run_forEach_DraftController_DraftData5	1103552	1104161	609
Yk:create429	1104178	1104256	78
IMItrClosure_forEach_DraftController_DraftData_run_forEach_DraftController_DraftData6	1104257	1104784	527
Zk:create430	1104801	1104871	70
bl	1104872	1104904	32
cl	1104991	1105018	27
PackSupplier_PackSupplier_getRoundLabel	1105106	1105175	69
PackSupplier_PackSupplier_getPackCount	1105176	1105244	68
PackSupplier_PackSupplier_makePair	1105245	1105546	301
dl:create431	1105563	1105844	281
PlayerDraftState_PlayerDraftState_resetRound	1105845	1106045	200
PlayerDraftState_PlayerDraftState_pick	1106046	1106254	208
PlayerDraftState_PlayerDraftState_canReroll	1106255	1106357	102
PlayerDraftState_PlayerDraftState_useReroll	1106358	1106534	176
PlayerDraftState_new_PlayerDraftState	1106535	1106993	458
el:create432	1107010	1107106	96
TeamDraftState_TeamDraftState_addPlayer	1107107	1107224	117
TeamDraftState_TeamDraftState_allPicked	1107225	1107617	392
TeamDraftState_new_TeamDraftState	1107618	1107809	191
gl:create433	1107826	1107959	133
EVPacks_new_EVPacks	1107960	1108234	274
hl:create434	1108251	1108321	70
il	1108322	1108341	19
jl:create435	1108431	1108501	70
kl	1108502	1108525	23
ml:create436	1108635	1108705	70
nl	1108706	1108733	27
ol:create437	1108823	1108893	70
ql	1108894	1108925	31
rl:create438	1109023	1109093	70
sl	1109094	1109117	23
tl:create439	1109207	1109277	70
ul	1109278	1109301	23
vl:create440	1109399	1109469	70
wl	1109470	1109497	27
xl:create441	1109599	1109669	70
yl	1109670	1109693	23
zl:create442	1109787	1109857	70
Al	1109858	1109877	19
Bl:create443	1109991	1110061	70
Cl	1110062	1110081	19
Dl:create444	1110175	1110245	70
El	1110246	1110269	23
Fl:create445	1110370	1110440	70
Gl	1110441	1110464	23
Hl:create446	1110590	1110660	70
Il	1110661	1110692	31
Jl:create447	1110794	1110864	70
Kl	1110865	1110888	23
Ll:create448	1110986	1111056	70
IMItrClosure_forEach_DraftOrchestrator_run_forEach_DraftOrchestrator	1111057	1111188	131
Ml:create449	1111205	1111275	70
Action_watch_DraftOrchestrator_run_watch_DraftOrchestrator	1111276	1111462	186
Nl:create450	1111479	1111569	90
CallbackSingle_doAfter_DraftOrchestrator_call_doAfter_DraftOrchestrator	1111570	1111826	256
Ol:create451	1111843	1111913	70
DefaultPackSupplier_DefaultPackSupplier_makeOne	1111914	1112461	547
DefaultPackSupplier_DefaultPackSupplier_putBack	1112462	1112916	454
DefaultPackSupplier_DefaultPackSupplier_getRoundLabel	1112917	1113243	326
DefaultPackSupplier_DefaultPackSupplier_getPackCount	1113244	1113377	133
Pl:create452	1113394	1113464	70
PerkApplyFunc_makePerkPack_DefaultPackSupplier_DraftOrchestrator_call_makePerkPack_DefaultPackSupplier_DraftOrchestrator	1113465	1113606	141
Ql:create453	1113623	1113704	81
SupplierFunc_DefaultPackSupplier_DraftOrchestrator_supply_DefaultPackSupplier_DraftOrchestrator	1113705	1113861	156
Rl:create454	1113878	1113959	81
SupplierFunc_DefaultPackSupplier_DraftOrchestrator_supply_DefaultPackSupplier_DraftOrchestrator1	1113960	1114117	157
Sl:create455	1114134	1114204	70
Action_watch_DraftPerkRegistry_run_watch_DraftPerkRegistry	1114205	1114732	527
Tl:create456	1114749	1116616	1867
DraftUIScreen_DraftUIScreen_close	1116617	1116712	95
DraftUIScreen_DraftUIScreen_hideForOwner	1116713	1117696	983
DraftUIScreen_DraftUIScreen_hideRoundStrip	1117697	1117851	154
DraftUIScreen_DraftUIScreen_clearTextMessagesOnce	1117852	1118077	225
DraftUIScreen_DraftUIScreen_buildRoundStrip	1118078	1121174	3096
DraftUIScreen_DraftUIScreen_debugRoundStrip	1121175	1121288	113
DraftUIScreen_DraftUIScreen_addRoundBadge	1121289	1121868	579
DraftUIScreen_DraftUIScreen_hideRoundStripFramesGlobally	1121869	1123166	1297
DraftUIScreen_DraftUIScreen_renderRoundStrip	1123167	1125618	2451
DraftUIScreen_DraftUIScreen_invalidateRoundStrip	1125619	1125829	210
DraftUIScreen_DraftUIScreen_applyDraftLayout	1125830	1129039	3209
DraftUIScreen_DraftUIScreen_setRoundStripFramesVisible	1129040	1131405	2365
DraftUIScreen_DraftUIScreen_updateRoundStrip	1131406	1131534	128
DraftUIScreen_DraftUIScreen_setRoundStripState	1131535	1131751	216
DraftUIScreen_DraftUIScreen_showRoundStrip	1131752	1131905	153
DraftUIScreen_DraftUIScreen_buildWarmupOverlay	1131906	1138618	6712
DraftUIScreen_DraftUIScreen_invalidateWarmup	1138619	1138817	198
DraftUIScreen_DraftUIScreen_formatWarmupPlayerStatus	1138818	1139213	395
DraftUIScreen_DraftUIScreen_renderWarmup	1139214	1141878	2664
DraftUIScreen_DraftUIScreen_showWarmup	1141879	1142240	361
DraftUIScreen_DraftUIScreen_resetWarmupPlayers	1142241	1142570	329
DraftUIScreen_DraftUIScreen_updateWarmupTimer	1142571	1142722	151
DraftUIScreen_DraftUIScreen_hideWarmup	1142723	1142865	142
DraftUIScreen_DraftUIScreen_formatWarmupCountdown	1142866	1143217	351
DraftUIScreen_DraftUIScreen_setWarmupReady	1143218	1143419	201
DraftUIScreen_DraftUIScreen_highlightSlotsInInfoWindow	1143420	1143592	172
DraftUIScreen_DraftUIScreen_applyPackToWindow	1143593	1144135	542
DraftUIScreen_DraftUIScreen_disablePick	1144136	1144528	392
DraftUIScreen_DraftUIScreen_updatePlayerPerk	1144529	1145068	539
DraftUIScreen_DraftUIScreen_updatePlayerPick	1145069	1145608	539
DraftUIScreen_DraftUIScreen_disableReroll	1145609	1145988	379
DraftUIScreen_DraftUIScreen_setRerollUsed	1145989	1146114	125
DraftUIScreen_DraftUIScreen_reset	1146115	1147066	951
DraftUIScreen_new_DraftUIScreen	1147067	1152314	5247
Ul:create457	1152331	1152409	78
Action_watch_DraftUIScreen_DraftUI_run_watch_DraftUIScreen_DraftUI	1152410	1152631	221
Vl:create458	1152648	1152783	135
LayerScope_withParent_DraftUIScreen_DraftUI_run_withParent_DraftUIScreen_DraftUI	1152784	1154317	1533
Wl:create459	1154334	1154505	171
FrameHandleListener_onClick_DraftUIScreen_DraftUI_onEvent_onClick_DraftUIScreen_DraftUI	1154506	1154831	325
Xl:create460	1154848	1154926	78
Action_watch_DraftUIScreen_DraftUI_run_watch_DraftUIScreen_DraftUI1	1154927	1155141	214
Yl:create462	1155158	1155236	78
Zl:create461	1155253	1155331	78
am:create465	1155348	1155418	70
OnWarmupStart_onWarmupStart_DraftUIScreen_DraftUI_call_onWarmupStart_DraftUIScreen_DraftUI	1155419	1155650	231
bm:create466	1155667	1155836	169
IMItrClosure_forEach_onWarmupStart_DraftUIScreen_DraftUI_run_forEach_onWarmupStart_DraftUIScreen_DraftUI	1155837	1156037	200
cm:create467	1156054	1156124	70
OnWarmupTick_onWarmupTick_DraftUIScreen_DraftUI_call_onWarmupTick_DraftUIScreen_DraftUI	1156125	1156315	190
dm:create468	1156332	1156405	73
IMItrClosure_forEach_onWarmupTick_DraftUIScreen_DraftUI_run_forEach_onWarmupTick_DraftUIScreen_DraftUI	1156406	1156589	183
em:create469	1156606	1156676	70
OnWarmupEnd_onWarmupEnd_DraftUIScreen_DraftUI_call_onWarmupEnd_DraftUIScreen_DraftUI	1156677	1156850	173
fm:create470	1156867	1156937	70
IMItrClosure_forEach_onWarmupEnd_DraftUIScreen_DraftUI_run_forEach_onWarmupEnd_DraftUIScreen_DraftUI	1156938	1157106	168
gm:create471	1157123	1157193	70
OnWarmupReadyUpdate_onWarmupReadyUpdate_DraftUIScreen_DraftUI_call_onWarmupReadyUpdate_DraftUIScreen_DraftUI	1157194	1157407	213
hm:create472	1157424	1157501	77
IMItrClosure_forEach_onWarmupReadyUpdate_DraftUIScreen_DraftUI_run_forEach_onWarmupReadyUpdate_DraftUIScreen_DraftUI	1157502	1157703	201
im:create473	1157720	1157790	70
OnWarmupAllReady_onWarmupAllReady_DraftUIScreen_DraftUI_call_onWarmupAllReady_DraftUIScreen_DraftUI	1157791	1157979	188
jm:create474	1157996	1158066	70
IMItrClosure_forEach_onWarmupAllReady_DraftUIScreen_DraftUI_run_forEach_onWarmupAllReady_DraftUIScreen_DraftUI	1158067	1158245	178
km:create475	1158262	1158332	70
OnTimerTick_onTimerTick_DraftUIScreen_DraftUI_call_onTimerTick_DraftUIScreen_DraftUI	1158333	1158520	187
lm:create476	1158537	1158610	73
IMItrClosure_forEach_onTimerTick_DraftUIScreen_DraftUI_run_forEach_onTimerTick_DraftUIScreen_DraftUI	1158611	1158796	185
mm:create477	1158813	1158883	70
OnPacksAssigned_onPacks_DraftUIScreen_DraftUI_call_onPacks_DraftUIScreen_DraftUI	1158884	1160591	1707
nm:create478	1160608	1160678	70
OnPickMade_onPick_DraftUIScreen_DraftUI_call_onPick_DraftUIScreen_DraftUI	1160679	1161027	348
om:create479	1161044	1161132	88
IMItrClosure_forEach_onPick_DraftUIScreen_DraftUI_run_forEach_onPick_DraftUIScreen_DraftUI	1161133	1161979	846
pm:create480	1161996	1162066	70
OnRerollDone_onReroll_DraftUIScreen_DraftUI_call_onReroll_DraftUIScreen_DraftUI	1162067	1162346	279
qm:create481	1162363	1162463	100
IMItrClosure_forEach_onReroll_DraftUIScreen_DraftUI_run_forEach_onReroll_DraftUIScreen_DraftUI	1162464	1162808	344
rm:create482	1162825	1162895	70
OnRoundStart_onRoundStart_DraftUIScreen_DraftUI_call_onRoundStart_DraftUIScreen_DraftUI	1162896	1163086	190
sm:create483	1163103	1163176	73
IMItrClosure_forEach_onRoundStart_DraftUIScreen_DraftUI_run_forEach_onRoundStart_DraftUIScreen_DraftUI	1163177	1163647	470
tm:create484	1163664	1163734	70
OnRoundEnd_onRoundEnd_DraftUIScreen_DraftUI_call_onRoundEnd_DraftUIScreen_DraftUI	1163735	1163987	252
um:create485	1164004	1164077	73
IMItrClosure_forEach_onRoundEnd_DraftUIScreen_DraftUI_run_forEach_onRoundEnd_DraftUIScreen_DraftUI	1164078	1165586	1508
vm:create463	1165603	1165805	202
EventListener_add_DraftUIScreen_DraftUI_onEvent_add_DraftUIScreen_DraftUI	1165806	1166186	380
wm:create464	1166203	1166291	88
OnDraftEnd_onDraftEnd_DraftUIScreen_DraftUI_call_onDraftEnd_DraftUIScreen_DraftUI	1166292	1167259	967
xm:create486	1167276	1168051	775
DraftWindow_DraftWindow_create	1168052	1172153	4101
DraftWindow_DraftWindow_rebuildSlotRowLayout	1172154	1173794	1640
DraftWindow_DraftWindow_hideGlobally	1173795	1175027	1232
DraftWindow_DraftWindow_render	1175028	1178939	3911
DraftWindow_DraftWindow_invalidateRender	1178940	1179118	178
DraftWindow_DraftWindow_reset	1179119	1179438	319
DraftWindow_DraftWindow_setPack	1179439	1180005	566
DraftWindow_DraftWindow_applyPackChoices	1180006	1181165	1159
DraftWindow_DraftWindow_updateSlotWidths	1181166	1182032	866
DraftWindow_DraftWindow_refreshSlotVisibility	1182033	1182235	202
DraftWindow_DraftWindow_showIntermissionMessage	1182236	1182517	281
DraftWindow_DraftWindow_disableReRoll	1182518	1182653	135
DraftWindow_DraftWindow_enablePick	1182654	1183162	508
DraftWindow_DraftWindow_hide	1183163	1183283	120
DraftWindow_DraftWindow_show	1183284	1183403	119
DraftWindow_DraftWindow_hideFloatingContent	1183404	1184173	769
DraftWindow_new_DraftWindow	1184174	1184901	727
ym:create487	1184918	1185089	171
FrameHandleListener_onClick_DraftWindow_DraftWindow_onEvent_onClick_DraftWindow_DraftWindow	1185090	1185532	442
zm:create488	1185549	1185720	171
FrameHandleListener_onClick_DraftWindow_DraftWindow_onEvent_onClick_DraftWindow_DraftWindow1	1185721	1186129	408
Am:create489	1186146	1186224	78
Action_watch_DraftWindow_DraftWindow_run_watch_DraftWindow_DraftWindow	1186225	1186424	199
Bm:create490	1186441	1186625	184
tupleCopy9	1186626	1186681	55
DummyCaster_DummyCaster_origin	1186682	1186790	108
DummyCaster_DummyCaster_owner	1186791	1186873	82
DummyCaster_DummyCaster_delay	1186874	1186956	82
DummyCaster_DummyCaster_prepare	1186957	1187979	1022
DummyCaster_DummyCaster_finish	1187980	1188222	242
DummyCaster_DummyCaster_castTarget	1188223	1188629	406
DummyCaster_DummyCaster_recycleDummy	1188630	1188766	136
DummyCaster_destroyDummyCaster	1188767	1188814	47
DummyCaster_new_DummyCaster	1188815	1189078	263
Cm:create491	1189095	1189209	114
CallbackSingle_doAfter_DummyCaster_DummyCaster_call_doAfter_DummyCaster_DummyCaster	1189210	1189524	314
Dm:create492	1189541	1189611	70
Em	1189612	1189631	19
Fm:create493	1189727	1189817	90
CallbackSingle_doAfter_E2E_E2E_call_doAfter_E2E_E2E	1189818	1189902	84
Gm:create494	1189919	1190011	92
CallbackPeriodic_doPeriodically_E2E_E2E_call_doPeriodically_E2E_E2E	1190012	1190234	222
Hm:create495	1190251	1190398	147
EventCounter_new_EventCounter	1190399	1190603	204
Im:create496	1190620	1190756	136
Metric_new_Metric	1190757	1190943	186
Jm:create497	1190960	1191113	153
Km	1191114	1191301	187
Lm:create498	1191397	1191467	70
Mm	1191468	1191487	19
ForForceCallback_destroyForForceCallback	1191583	1191640	57
Nm:create499	1191657	1191814	157
FSM_FSM_update	1191815	1192046	231
FSM_FSM_changeState	1192047	1192299	252
FSM_FSM_setInitialState	1192300	1192463	163
FSM_FSM_setGlobalState	1192464	1192714	250
FSM_destroyFSM	1192715	1192768	53
FSM_FSM_setDestroyStatesOnDestroy	1192769	1192858	89
FSM_new_FSM	1192859	1193099	240
FSM_FSM_onDestroy	1193100	1193538	438
Om:create500	1193555	1193679	124
File_File_write	1193680	1193882	202
File_File_write1	1193883	1194417	534
File_File_writePreload	1194418	1195321	903
File_File_close	1195322	1195375	53
File_destroyFile	1195376	1195409	33
File_File_read	1195410	1195561	151
File_File_readPreload	1195562	1195882	320
File_File_readAsString	1195883	1196083	200
File_new_File	1196084	1196265	181
Pm:create501	1196282	1196378	96
CallbackSingle_doAfter_FireElemental_call_doAfter_FireElemental	1196379	1196490	111
Qm:create502	1196507	1196666	159
EventListener_add_FireElemental_onEvent_add_FireElemental	1196667	1197191	524
Rm:create503	1197208	1197324	116
CallbackSingle_doAfter_add_FireElemental_call_doAfter_add_FireElemental	1197325	1197502	177
Sm:create504	1197519	1197609	90
CallbackSingle_doAfter_FixDefend_call_doAfter_FixDefend	1197610	1197831	221
Tm:create505	1197848	1198007	159
EventListener_add_doAfter_FixDefend_onEvent_add_doAfter_FixDefend	1198008	1198255	247
Um:create506	1198272	1198368	96
CallbackSingle_doAfter_add_doAfter_FixDefend_call_doAfter_add_doAfter_FixDefend	1198369	1198503	134
Vm:create507	1198520	1198590	70
Wm	1198591	1198614	23
ForceCallback_destroyForceCallback	1198697	1198748	51
Xm:create508	1198765	1198855	90
CallbackSingle_doAfter_GameBasics_call_doAfter_GameBasics	1198856	1199344	488
Ym:create509	1199361	1199459	98
ForGroupCallback_forUnitsInRange_GjallarHorn_callback_forUnitsInRange_GjallarHorn	1199460	1200032	572
Zm:create510	1200049	1200119	70
BuildingSpellClosure_registerBuildingSpell_GjallarHorn_cast_registerBuildingSpell_GjallarHorn	1200120	1201118	998
cn:create511	1201135	1201294	159
EventListener_add_GjallarHorn_onEvent_add_GjallarHorn	1201295	1201660	365
dn:create512	1201677	1201747	70
Action_watch_GjallarHorn_run_watch_GjallarHorn	1201748	1201979	231
en:create513	1201996	1202180	184
GjallarHornDummyCaster_GjallarHornDummyCaster_prepare	1202181	1202386	205
GjallarHornDummyCaster_new_GjallarHornDummyCaster	1202387	1202694	307
fn:create514	1202711	1202839	128
CallbackSingle_doAfter_GobboController_call_doAfter_GobboController	1202840	1203021	181
gn:create515	1203038	1203144	106
CallbackSingle_doAfter_onUnitIndex_GobboController_call_doAfter_onUnitIndex_GobboController	1203145	1203292	147
hn:create516	1203309	1203468	159
EventListener_add_GobboController_onEvent_add_GobboController	1203469	1203690	221
jn:create517	1203707	1203866	159
EventListener_add_GobboController_onEvent_add_GobboController1	1203867	1204092	225
kn:create518	1204109	1204229	120
SupportOrderTask_SupportOrderTask_run	1204230	1204590	360
SupportOrderTask_new_SupportOrderTask	1204591	1204835	244
ln:create519	1204852	1204952	100
CallbackSingle_doAfter_onUnitIndex_GobboTimedLife_call_doAfter_onUnitIndex_GobboTimedLife	1204953	1205089	136
mn:create520	1205106	1205196	90
CallbackSingle_doAfter_Grid_call_doAfter_Grid	1205197	1208188	2991
nn:create521	1208205	1208275	70
ForceCallback_forEach_doAfter_Grid_run_forEach_doAfter_Grid	1208276	1208376	100
on:create522	1208393	1208463	70
ForceCallback_forEach_doAfter_Grid_run_forEach_doAfter_Grid1	1208464	1208565	101
pn:create523	1208582	1208707	125
GroupIterator_GroupIterator_hasNext	1208708	1208807	99
GroupIterator_GroupIterator_next	1208808	1208979	171
GroupIterator_destroyGroupIterator	1208980	1209187	207
GroupIterator_new_GroupIterator	1209188	1209508	320
qn:create524	1209525	1209616	91
HashList_HashList_count	1209617	1209744	127
HashList_HashList_incrOccurences	1209745	1209998	253
HashList_HashList_decrOccurences	1209999	1210252	253
HashList_HashList_add	1210253	1210672	419
HashList_HashList_get	1210673	1210800	127
HashList_HashList_clear	1210801	1211071	270
HashList_HashList_removeAt	1211072	1211786	714
HashList_HashList_remove	1211787	1212148	361
HashList_HashList_size	1212149	1212219	70
HashList_HashList_has	1212220	1212304	84
HashList_new_HashList	1212305	1212453	148
HashList_destroyHashList	1212454	1212545	91
rn:create525	1212562	1212646	84
HashMap_HashMap_flush	1212647	1212827	180
HashMap_destroyHashMap	1212828	1212930	102
HashMap_HashMap_has	1212931	1213028	97
HashMap_HashMap_put	1213029	1213233	204
HashMap_HashMap_get	1213234	1213357	123
HashMap_HashMap_remove	1213358	1213531	173
HashMap_HashMap_getAndRemove	1213532	1213661	129
HashMap_new_HashMap	1213662	1213801	139
vn:create526	1213818	1213888	70
wn	1213889	1213916	27
IMItrClosure_destroyIMItrClosure	1213996	1214045	49
xn:create527	1214062	1214196	134
IterableMap_IterableMap_flush	1214197	1214495	298
IterableMap_destroyIterableMap	1214496	1214706	210
IterableMap_IterableMap_put	1214707	1214894	187
IterableMap_IterableMap_remove	1214895	1215078	183
IterableMap_IterableMap_getAndRemove	1215079	1215180	101
IterableMap_IterableMap_size	1215181	1215277	96
IterableMap_IterableMap_hasKey	1215278	1215383	105
IterableMap_new_IterableMap	1215384	1215652	268
IterableMap_IterableMap_forEach	1215653	1216018	365
yn:create528	1216035	1216105	70
ForGroupCallback_forEachIn_HumanArtilleryRuntime_callback_forEachIn_HumanArtilleryRuntime	1216106	1216522	416
zn:create529	1216539	1216698	159
EventListener_add_HumanArtilleryRuntime_onEvent_add_HumanArtilleryRuntime	1216699	1216969	270
An:create530	1216986	1217145	159
EventListener_add_HumanArtilleryRuntime_onEvent_add_HumanArtilleryRuntime1	1217146	1217606	460
Bn:create531	1217623	1217782	159
EventListener_add_HumanArtilleryRuntime_onEvent_add_HumanArtilleryRuntime2	1217783	1218243	460
Cn:create532	1218260	1218330	70
ForGroupCallback_forUnitsInRect_IdleAttackRuntime_callback_forUnitsInRect_IdleAttackRuntime	1218331	1218496	165
Dn:create533	1218513	1218605	92
CallbackPeriodic_doPeriodically_IdleDetectionRuntime_call_doPeriodically_IdleDetectionRuntime	1218606	1218814	208
En:create534	1218831	1218990	159
EventListener_add_IdleDetectionRuntime_onEvent_add_IdleDetectionRuntime	1218991	1219260	269
Fn:create535	1219277	1219436	159
EventListener_add_IdleDetectionRuntime_onEvent_add_IdleDetectionRuntime1	1219437	1219564	127
Gn:create536	1219581	1219651	70
Action_watch_IdleDetectionRuntime_run_watch_IdleDetectionRuntime	1219652	1219836	184
Hn:create537	1219853	1219955	102
CallbackSingle_doAfter_addAction_IncomeRuntime_call_doAfter_addAction_IncomeRuntime	1219956	1220102	146
In:create538	1220119	1220221	102
CallbackSingle_doAfter_addAction_IncomeRuntime_call_doAfter_addAction_IncomeRuntime1	1220222	1220370	148
Jn:create539	1220387	1220470	83
Action_watch_IncomeUI_run_watch_IncomeUI	1220471	1220853	382
Kn:create540	1220870	1220960	90
CallbackSingle_doAfter_IncomeUI_call_doAfter_IncomeUI	1220961	1230957	9996
Ln:create541	1230974	1231044	70
CheckboxListener_addListener_doAfter_IncomeUI_onChange_addListener_doAfter_IncomeUI	1231045	1231214	169
Mn:create542	1231231	1231301	70
Action_watch_doAfter_IncomeUI_run_watch_doAfter_IncomeUI	1231302	1231607	305
Nn:create544	1231624	1231716	92
CallbackPeriodic_doPeriodically_watch_doAfter_IncomeUI_call_doPeriodically_watch_doAfter_IncomeUI	1231717	1232088	371
On:create543	1232105	1232175	70
Action_watch_doAfter_IncomeUI_run_watch_doAfter_IncomeUI1	1232176	1232399	223
Pn:create545	1232416	1232587	171
BlueBar_BlueBar_getActiveTexture	1232588	1232656	68
Qn:create546	1232673	1233023	350
InfoWindow_InfoWindow_hide	1233024	1233270	246
InfoWindow_InfoWindow_show	1233271	1233516	245
InfoWindow_InfoWindow_create	1233517	1242366	8849
InfoWindow_InfoWindow_getSummaryTagCount	1242367	1242434	67
InfoWindow_InfoWindow_getSummaryTagByIndex	1242435	1242848	413
InfoWindow_InfoWindow_formatTagSummary	1242849	1243071	222
InfoWindow_InfoWindow_refreshTagSummary	1243072	1243709	637
InfoWindow_InfoWindow_invalidateTagSummary	1243710	1243940	230
InfoWindow_InfoWindow_hideGlobally	1243941	1244226	285
InfoWindow_InfoWindow_setTimer	1244227	1244974	747
InfoWindow_InfoWindow_addPickIcon	1244975	1245289	314
InfoWindow_InfoWindow_setRerollUsed	1245290	1245525	235
InfoWindow_InfoWindow_setPerkPick	1245526	1245793	267
tupleCopy10	1245794	1245850	56
InfoWindow_InfoWindow_highlightSlotsForPack	1245851	1246985	1134
InfoWindow_InfoWindow_reset	1246986	1248745	1759
InfoWindow_InfoWindow_countTagAcrossTeam	1248746	1249382	636
InfoWindow_InfoWindow_buildingHasTagForSummary	1249383	1250138	755
InfoWindow_InfoWindow_getTagColor	1250139	1250809	670
InfoWindow_new_InfoWindow	1250810	1251311	501
Rn:create547	1251328	1251398	70
ALItrClosure_forEach_InfoWindow_InfoWindow_run_forEach_InfoWindow_InfoWindow	1251399	1251531	132
Tn:create548	1251548	1251618	70
ALItrClosure_forEach_InfoWindow_InfoWindow_run_forEach_InfoWindow_InfoWindow1	1251619	1251752	133
Un:create549	1251769	1251847	78
Action_watch_InfoWindow_InfoWindow_run_watch_InfoWindow_InfoWindow	1251848	1252055	207
Vn:create550	1252072	1252142	70
ALItrClosure_forEach_InfoWindow_InfoWindow_run_forEach_InfoWindow_InfoWindow2	1252143	1252284	141
Wn:create551	1252301	1252376	75
ArrayListPredicate_find_InfoWindow_InfoWindow_isTrueFor_find_InfoWindow_InfoWindow	1252377	1252520	143
Xn:create552	1252537	1252612	75
ArrayListPredicate_find_InfoWindow_InfoWindow_isTrueFor_find_InfoWindow_InfoWindow1	1252613	1252757	144
Yn:create553	1252774	1252849	75
ArrayListPredicate_find_InfoWindow_InfoWindow_isTrueFor_find_InfoWindow_InfoWindow2	1252850	1252994	144
ao:create554	1253011	1253089	78
ArrayListPredicate_find_InfoWindow_InfoWindow_isTrueFor_find_InfoWindow_InfoWindow3	1253090	1253254	164
bo:create555	1253271	1253778	507
TeammateGrid_TeammateGrid_hideGlobally	1253779	1254764	985
TeammateGrid_TeammateGrid_hide	1254765	1255455	690
TeammateGrid_TeammateGrid_show	1255456	1256009	553
TeammateGrid_TeammateGrid_addIcon	1256010	1257596	1586
TeammateGrid_TeammateGrid_addPerk	1257597	1258872	1275
TeammateGrid_TeammateGrid_useReroll	1258873	1259188	315
TeammateGrid_TeammateGrid_clearOfferHighlights	1259189	1259760	571
TeammateGrid_new_TeammateGrid	1259761	1259910	149
TeammateGrid_construct_TeammateGrid	1259911	1266198	6287
co:create556	1266215	1266322	107
OnStarterPick_onStarterPick_TeammateGrid_InfoWindow_call_onStarterPick_TeammateGrid_InfoWindow	1266323	1266999	676
eo:create560	1267016	1267093	77
ArrayListPredicate_find_onStarterPick_TeammateGrid_InfoWindow_isTrueFor_find_onStarterPick_TeammateGrid_InfoWindow	1267094	1267254	160
fo:create557	1267271	1267359	88
LayerScope_withParent_TeammateGrid_InfoWindow_run_withParent_TeammateGrid_InfoWindow	1267360	1268248	888
go:create558	1268265	1268464	199
FrameHandleListener_onClick_TeammateGrid_InfoWindow_onEvent_onClick_TeammateGrid_InfoWindow	1268465	1268885	420
ho:create561	1268902	1268986	84
ArrayListPredicate_find_onClick_TeammateGrid_InfoWindow_isTrueFor_find_onClick_TeammateGrid_InfoWindow	1268987	1269140	153
jo:create559	1269157	1269235	78
LayerScope_withParent_TeammateGrid_InfoWindow_run_withParent_TeammateGrid_InfoWindow1	1269236	1270093	857
ko:create562	1270110	1270180	70
Comparator_Comparator_compare	1270181	1270235	54
mo:create563	1270252	1270399	147
LLBackIterator_new_LLBackIterator	1270400	1270634	234
LLBackIterator_LLBackIterator_reset	1270635	1270821	186
LLBackIterator_destroyLLBackIterator	1270822	1270875	53
LLBackIterator_LLBackIterator_hasNext	1270876	1271008	132
LLBackIterator_LLBackIterator_next	1271009	1271174	165
no:create564	1271191	1271311	120
LLEntry_new_LLEntry	1271312	1271550	238
LLEntry_destroyLLEntry	1271551	1271590	39
po:create565	1271607	1271774	167
LLIterator_LLIterator_next	1271775	1271920	145
LLIterator_LLIterator_hasNext	1271921	1272037	116
LLIterator_LLIterator_close	1272038	1272157	119
LLIterator_LLIterator_reset	1272158	1272320	162
LLIterator_new_LLIterator	1272321	1272592	271
LLIterator_destroyLLIterator	1272593	1272638	45
qo:create566	1272655	1272725	70
so	1272726	1272749	23
LLItrClosure_destroyLLItrClosure	1272829	1272878	49
uo:create567	1272895	1273063	168
LinkedList_LinkedList_add	1273064	1273448	384
LinkedList_LinkedList_addAll	1273449	1273741	292
LinkedList_LinkedList_iterator	1273742	1273826	84
LinkedList_LinkedList_get	1273827	1273933	106
LinkedList_LinkedList_getEntry	1273934	1274177	243
LinkedList_LinkedList_set	1274178	1274285	107
LinkedList_LinkedList_push	1274286	1274367	81
LinkedList_LinkedList_getFirst	1274368	1274469	101
LinkedList_LinkedList_getLast	1274470	1274570	100
LinkedList_LinkedList_dequeue	1274571	1274808	237
LinkedList_LinkedList_removeEntry	1274809	1275039	230
LinkedList_LinkedList_pop	1275040	1275273	233
LinkedList_LinkedList_peek	1275274	1275358	84
LinkedList_LinkedList_has	1275359	1275599	240
LinkedList_LinkedList_removeAt	1275600	1275930	330
LinkedList_LinkedList_remove	1275931	1276258	327
LinkedList_LinkedList_size	1276259	1276335	76
LinkedList_LinkedList_isEmpty	1276336	1276418	82
LinkedList_LinkedList_copy	1276419	1276761	342
LinkedList_new_LinkedList	1276762	1277141	379
LinkedList_LinkedList_backiterator	1277142	1277238	96
LinkedList_LinkedList_enqueue	1277239	1277323	84
LinkedList_LinkedList_forEach	1277324	1277583	259
LinkedList_LinkedList_shuffle	1277584	1278093	509
LinkedList_LinkedList_getRandomElement	1278094	1278303	209
LinkedList_LinkedList_getEntryUnchecked	1278304	1278532	228
LinkedList_LinkedList_sortWith	1278533	1279007	474
LinkedList_LinkedList_sort	1279008	1279361	353
LinkedList_LinkedList_map	1279362	1279594	232
LinkedList_LinkedList_filter	1279595	1279984	389
LinkedList_LinkedList_split	1279985	1280348	363
LinkedList_LinkedList_sortMerge	1280349	1281184	835
LinkedList_LinkedList_clear	1281185	1281542	357
LinkedList_LinkedList_getDummy	1281543	1281618	75
LinkedList_LinkedList_onDestroy	1281619	1282104	485
LinkedList_destroyLinkedList	1282105	1282186	81
vo:create569	1282203	1282273	70
wo	1282274	1282297	23
LinkedListPredicate_destroyLinkedListPredicate	1282417	1282480	63
xo:create568	1282497	1282585	88
LLItrClosure_forEach_LinkedList_LinkedList_run_forEach_LinkedList_LinkedList	1282586	1282746	160
yo:create570	1282763	1282833	70
zo	1282834	1282857	23
MapClosure_destroyMapClosure	1282929	1282974	45
Ao:create571	1282991	1283070	79
ForceCallback_forEach_MMDData_run_forEach_MMDData	1283071	1283983	912
Bo:create572	1284000	1284079	79
ForceCallback_forEach_MMDData_run_forEach_MMDData1	1284080	1284993	913
Co:create573	1285010	1285116	106
CallbackSingle_doAfter_MMDData_call_doAfter_MMDData	1285117	1285284	167
Do:create574	1285301	1285418	117
CallbackSingle_doAfter_MMDData_call_doAfter_MMDData1	1285419	1285570	151
Eo:create575	1285587	1285696	109
CallbackSingle_doAfter_MMDData_call_doAfter_MMDData2	1285697	1287402	1705
Fo:create576	1287419	1287521	102
CallbackSingle_doAfter_doAfter_MMDData_call_doAfter_doAfter_MMDData	1287522	1287661	139
Go:create578	1287678	1287768	90
CallbackSingle_doAfter_MMDData_call_doAfter_MMDData3	1287769	1288456	687
Ho:create579	1288473	1288565	92
CallbackPeriodic_doPeriodically_doAfter_MMDData_call_doPeriodically_doAfter_MMDData	1288566	1288691	125
Io:create580	1288708	1288778	70
Action_watch_doAfter_MMDData_run_watch_doAfter_MMDData	1288779	1289126	347
Jo:create581	1289143	1289213	70
Action_watch_doAfter_MMDData_run_watch_doAfter_MMDData1	1289214	1289380	166
Ko:create582	1289397	1289567	170
OnCastListener_onCast_doAfter_MMDData_fire_onCast_doAfter_MMDData	1289568	1289677	109
Lo:create583	1289694	1289864	170
OnCastListener_onCast_doAfter_MMDData_fire_onCast_doAfter_MMDData1	1289865	1289975	110
Mo:create584	1289992	1290151	159
EventListener_add_doAfter_MMDData_onEvent_add_doAfter_MMDData	1290152	1290579	427
No:create585	1290596	1290699	103
CallbackSingle_doAfter_add_doAfter_MMDData_call_doAfter_add_doAfter_MMDData	1290700	1290822	122
Oo:create586	1290839	1290931	92
CallbackPeriodic_doPeriodically_MMD_call_doPeriodically_MMD	1290932	1291018	86
Po:create587	1291035	1291125	90
CallbackSingle_nullTimer_MMD_call_nullTimer_MMD	1291126	1291197	71
Qo:create588	1291214	1291454	240
QueueNode_QueueNode_send	1291455	1292216	761
QueueNode_new_QueueNode	1292217	1292686	469
QueueNode_destroyQueueNode	1292687	1293137	450
Ro:create589	1293154	1293244	90
CallbackSingle_doAfter_MapWatermark_call_doAfter_MapWatermark	1293245	1293395	150
So:create590	1293412	1293502	90
CallbackSingle_doAfter_MapWatermark_call_doAfter_MapWatermark1	1293503	1293654	151
To:create591	1293671	1293826	155
CallbackSingle_doAfter_MasterOfElements_call_doAfter_MasterOfElements	1293827	1294013	186
Uo:create592	1294030	1294100	70
UnitSpellClosure_registerUnitSpellWithTargetOrder_MasterOfElements_cast_registerUnitSpellWithTargetOrder_MasterOfElements	1294101	1294269	168
Vo:create593	1294286	1294378	92
CallbackPeriodic_doPeriodically_ModeAppliers_call_doPeriodically_ModeAppliers	1294379	1294545	166
Wo:create594	1294562	1294721	159
EventListener_add_ModeParser_onEvent_add_ModeParser	1294722	1295152	430
Xo:create595	1295169	1295460	291
ChoiceValueMode_ChoiceValueMode_execute	1295461	1296616	1155
ChoiceValueMode_ChoiceValueMode_isValidValue	1296617	1297099	482
ChoiceValueMode_ChoiceValueMode_addChoice	1297100	1297259	159
ChoiceValueMode_new_ChoiceValueMode	1297260	1297640	380
Yo:create596	1297657	1297854	197
FlagMode_FlagMode_execute	1297855	1297979	124
FlagMode_FlagMode_isValidValue	1297980	1298046	66
FlagMode_new_FlagMode	1298047	1298272	225
ap:create597	1298289	1298466	177
bp	1298467	1298490	23
cp	1298562	1298598	36
GameMode_GameMode_getId	1298680	1298743	63
dp:create598	1298760	1298830	70
ep	1298831	1298854	23
fp:create599	1298944	1299014	70
StringClosureWithInt_addChoice_addChoice_registerMode_ModeParser_ModeParser_call_addChoice_addChoice_registerMode_ModeParser_ModeParser	1299015	1299275	260
gp:create600	1299292	1299362	70
StringClosureWithInt_addChoice_addChoice_registerMode_ModeParser_ModeParser_call_addChoice_addChoice_registerMode_ModeParser_ModeParser1	1299363	1299624	261
ip:create601	1299641	1299711	70
StringClosureWithInt_addChoice_addChoice_registerMode_ModeParser_ModeParser_call_addChoice_addChoice_registerMode_ModeParser_ModeParser2	1299712	1299973	261
jp:create602	1299990	1300060	70
StringClosureWithInt_addChoice_addChoice_registerMode_ModeParser_ModeParser_call_addChoice_addChoice_registerMode_ModeParser_ModeParser3	1300061	1300322	261
kp:create603	1300339	1300409	70
IntClosure_registerMode_ModeParser_ModeParser_call_registerMode_ModeParser_ModeParser	1300410	1300787	377
lp:create604	1300804	1300874	70
IntClosure_registerMode_ModeParser_ModeParser_call_registerMode_ModeParser_ModeParser1	1300875	1301275	400
mp:create605	1301292	1301362	70
IntClosure_registerMode_ModeParser_ModeParser_call_registerMode_ModeParser_ModeParser2	1301363	1301655	292
np:create606	1301672	1301742	70
VoidClosure_registerMode_ModeParser_ModeParser_call_registerMode_ModeParser_ModeParser	1301743	1301878	135
op:create607	1301895	1301965	70
VoidClosure_registerMode_ModeParser_ModeParser_call_registerMode_ModeParser_ModeParser1	1301966	1302104	138
pp:create608	1302121	1302191	70
VoidClosure_registerMode_ModeParser_ModeParser_call_registerMode_ModeParser_ModeParser2	1302192	1302325	133
qp:create609	1302342	1302412	70
VoidClosure_registerMode_ModeParser_ModeParser_call_registerMode_ModeParser_ModeParser3	1302413	1302548	135
rp:create610	1302565	1302635	70
VoidClosure_registerMode_ModeParser_ModeParser_call_registerMode_ModeParser_ModeParser4	1302636	1302777	141
sp:create611	1302794	1302864	70
VoidClosure_registerMode_ModeParser_ModeParser_call_registerMode_ModeParser_ModeParser5	1302865	1303001	136
vp:create612	1303018	1303088	70
VoidClosure_registerMode_ModeParser_ModeParser_call_registerMode_ModeParser_ModeParser6	1303089	1303228	139
wp:create613	1303245	1303315	70
VoidClosure_registerMode_ModeParser_ModeParser_call_registerMode_ModeParser_ModeParser7	1303316	1303446	130
xp:create614	1303463	1303533	70
VoidClosure_registerMode_ModeParser_ModeParser_call_registerMode_ModeParser_ModeParser8	1303534	1303786	252
yp:create615	1303803	1303873	70
VoidClosure_registerMode_ModeParser_ModeParser_call_registerMode_ModeParser_ModeParser9	1303874	1304150	276
zp:create616	1304167	1304237	70
VoidClosure_registerMode_ModeParser_ModeParser_call_registerMode_ModeParser_ModeParser10	1304238	1304367	129
Ap:create617	1304384	1304454	70
VoidClosure_registerMode_ModeParser_ModeParser_call_registerMode_ModeParser_ModeParser11	1304455	1304685	230
Bp:create618	1304702	1304772	70
VoidClosure_registerMode_ModeParser_ModeParser_call_registerMode_ModeParser_ModeParser12	1304773	1305015	242
Cp:create619	1305032	1305102	70
VoidClosure_registerMode_ModeParser_ModeParser_call_registerMode_ModeParser_ModeParser13	1305103	1305347	244
Dp:create620	1305364	1305434	70
VoidClosure_registerMode_ModeParser_ModeParser_call_registerMode_ModeParser_ModeParser14	1305435	1305688	253
Ep:create621	1305705	1305775	70
VoidClosure_registerMode_ModeParser_ModeParser_call_registerMode_ModeParser_ModeParser15	1305776	1305902	126
Fp:create622	1305919	1305989	70
VoidClosure_registerMode_ModeParser_ModeParser_call_registerMode_ModeParser_ModeParser16	1305990	1306124	134
Gp:create623	1306141	1306211	70
VoidClosure_registerMode_ModeParser_ModeParser_call_registerMode_ModeParser_ModeParser17	1306212	1306337	125
Hp:create624	1306354	1306424	70
VoidClosure_registerMode_ModeParser_ModeParser_call_registerMode_ModeParser_ModeParser18	1306425	1306653	228
Ip:create625	1306670	1306740	70
IntClosure_registerMode_ModeParser_ModeParser_call_registerMode_ModeParser_ModeParser3	1306741	1306994	253
Jp:create626	1307011	1307081	70
IntClosure_registerMode_ModeParser_ModeParser_call_registerMode_ModeParser_ModeParser4	1307082	1307624	542
Kp:create627	1307641	1307711	70
IntClosure_registerMode_ModeParser_ModeParser_call_registerMode_ModeParser_ModeParser5	1307712	1307846	134
Lp:create628	1307863	1307933	70
IntClosure_registerMode_ModeParser_ModeParser_call_registerMode_ModeParser_ModeParser6	1307934	1308073	139
Mp:create629	1308090	1308160	70
IntClosure_registerMode_ModeParser_ModeParser_call_registerMode_ModeParser_ModeParser7	1308161	1308293	132
Np:create630	1308310	1308380	70
IntClosure_registerMode_ModeParser_ModeParser_call_registerMode_ModeParser_ModeParser8	1308381	1308521	140
Op:create631	1308538	1308608	70
IntClosure_registerMode_ModeParser_ModeParser_call_registerMode_ModeParser_ModeParser9	1308609	1308737	128
Pp:create632	1308754	1308824	70
IntClosure_registerMode_ModeParser_ModeParser_call_registerMode_ModeParser_ModeParser10	1308825	1308950	125
Qp:create633	1308967	1309037	70
IntClosure_registerMode_ModeParser_ModeParser_call_registerMode_ModeParser_ModeParser11	1309038	1309169	131
Rp:create634	1309186	1309256	70
IntClosure_registerMode_ModeParser_ModeParser_call_registerMode_ModeParser_ModeParser12	1309257	1309390	133
Sp:create635	1309407	1309477	70
IntClosure_registerMode_ModeParser_ModeParser_call_registerMode_ModeParser_ModeParser13	1309478	1309604	126
Tp:create636	1309621	1309691	70
IntClosure_registerMode_ModeParser_ModeParser_call_registerMode_ModeParser_ModeParser14	1309692	1309824	132
Up:create637	1309841	1309911	70
VoidClosure_registerMode_ModeParser_ModeParser_call_registerMode_ModeParser_ModeParser19	1309912	1310032	120
Vp:create638	1310049	1310119	70
VoidClosure_registerMode_ModeParser_ModeParser_call_registerMode_ModeParser_ModeParser20	1310120	1310240	120
Wp:create639	1310257	1310327	70
VoidClosure_registerMode_ModeParser_ModeParser_call_registerMode_ModeParser_ModeParser21	1310328	1310448	120
Xp:create640	1310465	1310535	70
VoidClosure_registerMode_ModeParser_ModeParser_call_registerMode_ModeParser_ModeParser22	1310536	1311029	493
Yp:create641	1311046	1311136	90
CallbackSingle_doAfter_registerMode_ModeParser_ModeParser_call_doAfter_registerMode_ModeParser_ModeParser	1311137	1311314	177
Zp:create642	1311331	1311401	70
VoidClosure_registerMode_ModeParser_ModeParser_call_registerMode_ModeParser_ModeParser23	1311402	1311775	373
aq:create643	1311792	1311882	90
CallbackSingle_doAfter_registerMode_ModeParser_ModeParser_call_doAfter_registerMode_ModeParser_ModeParser1	1311883	1312061	178
bq:create644	1312078	1312168	90
CallbackSingle_doAfter_ModeParser_ModeParser_call_doAfter_ModeParser_ModeParser	1312169	1312416	247
cq:create645	1312433	1312610	177
StartResourceMode_StartResourceMode_execute	1312611	1313874	1263
StartResourceMode_StartResourceMode_isValidValue	1313875	1314320	445
StartResourceMode_StartResourceMode_isValidChoice	1314321	1314435	114
StartResourceMode_StartResourceMode_minForChoice	1314436	1314546	110
StartResourceMode_StartResourceMode_applyChoice	1314547	1314766	219
StartResourceMode_new_StartResourceMode	1314767	1314965	198
dq:create646	1314982	1315052	70
eq	1315053	1315080	27
fq:create647	1315210	1315450	240
ValueMode_ValueMode_execute	1315451	1315988	537
ValueMode_ValueMode_isValidValue	1315989	1316200	211
ValueMode_new_ValueMode	1316201	1316491	290
gq:create648	1316508	1316578	70
hq	1316579	1316598	19
iq:create649	1316691	1316789	98
CallbackPeriodic_doPeriodically_ModeRaceRuntime_call_doPeriodically_ModeRaceRuntime	1316790	1317453	663
jq:create650	1317470	1317568	98
CallbackPeriodic_doPeriodically_ModeRaceRuntime_call_doPeriodically_ModeRaceRuntime1	1317569	1318472	903
kq:create651	1318489	1318581	92
CallbackPeriodic_doPeriodically_ModeRaceRuntime_call_doPeriodically_ModeRaceRuntime2	1318582	1318775	193
lq:create652	1318792	1318928	136
CallbackSingle_doAfter_ModeRaceRuntime_call_doAfter_ModeRaceRuntime	1318929	1319096	167
mq:create653	1319113	1319203	90
CallbackSingle_doAfter_ModeRaceRuntime_call_doAfter_ModeRaceRuntime1	1319204	1319309	105
nq:create654	1319326	1319416	90
CallbackSingle_doAfter_ModeRaceRuntime_call_doAfter_ModeRaceRuntime2	1319417	1319525	108
oq:create655	1319542	1319632	90
CallbackSingle_doAfter_ModeRaceRuntime_call_doAfter_ModeRaceRuntime3	1319633	1319741	108
pq:create656	1319758	1319848	90
CallbackSingle_doAfter_ModeRaceRuntime_call_doAfter_ModeRaceRuntime4	1319849	1319957	108
qq:create657	1319974	1320044	70
Action_watch_ModeRaceRuntime_run_watch_ModeRaceRuntime	1320045	1320268	223
rq:create658	1320285	1320375	90
CallbackSingle_doAfter_ModeRuntimeE2E_call_doAfter_ModeRuntimeE2E	1320376	1320489	113
sq:create659	1320506	1320596	90
CallbackSingle_doAfter_ModeRuntimeE2E_call_doAfter_ModeRuntimeE2E1	1320597	1320711	114
tq:create660	1320728	1320818	90
CallbackSingle_doAfter_ModeRuntimeE2E_call_doAfter_ModeRuntimeE2E2	1320819	1320996	177
uq:create661	1321013	1321103	90
CallbackSingle_doAfter_ModeRuntimeE2E_call_doAfter_ModeRuntimeE2E3	1321104	1321515	411
vq:create662	1321532	1321641	109
CallbackSingle_doAfter_doAfter_ModeRuntimeE2E_call_doAfter_doAfter_ModeRuntimeE2E	1321642	1322117	475
wq:create663	1322134	1322204	70
Action_watch_ModeRuntimeE2E_run_watch_ModeRuntimeE2E	1322205	1322292	87
xq:create664	1322309	1322379	70
Action_watch_ModeRuntimeE2E_run_watch_ModeRuntimeE2E1	1322380	1322466	86
yq:create665	1322483	1322579	96
CallbackSingle_doAfter_MonkHeal_call_doAfter_MonkHeal	1322580	1322734	154
zq:create666	1322751	1322847	96
CallbackSingle_doAfter_MonkHeal_call_doAfter_MonkHeal1	1322848	1323003	155
Aq:create667	1323020	1323090	70
UnitSpellClosure_registerUnitSpellWithTargetOrder_MonkHeal_cast_registerUnitSpellWithTargetOrder_MonkHeal	1323091	1323454	363
Bq:create668	1323471	1323541	70
UnitSpellClosure_registerUnitSpellWithTargetOrder_MonkHeal_cast_registerUnitSpellWithTargetOrder_MonkHeal1	1323542	1323906	364
Cq:create669	1323923	1324015	92
CallbackPeriodic_doPeriodically_MultiboardAttach_call_doPeriodically_MultiboardAttach	1324016	1324149	133
Dq:create670	1324166	1324236	70
Eq	1324237	1324264	27
Fq:create671	1324412	1324482	70
Gq	1324483	1324506	23
Hq:create672	1324650	1324972	322
ResourceRow_ResourceRow_renderNow	1324973	1327032	2059
ResourceRow_new_ResourceRow	1327033	1332186	5153
Iq:create673	1332203	1332427	224
RoundTimeAndUnitsDisplay_RoundTimeAndUnitsDisplay_renderNow	1332428	1333152	724
RoundTimeAndUnitsDisplay_new_RoundTimeAndUnitsDisplay	1333153	1334391	1238
Jq:create674	1334408	1334814	406
TeamComparisonRow_TeamComparisonRow_renderNow	1334815	1336617	1802
TeamComparisonRow_new_TeamComparisonRow	1336618	1344058	7440
Kq:create675	1344075	1344145	70
Action_batch_MultiboardEventHooks_run_batch_MultiboardEventHooks	1344146	1344653	507
Lq:create678	1344670	1344740	70
Action_batch_MultiboardEventHooks_run_batch_MultiboardEventHooks1	1344741	1345525	784
Mq:create676	1345542	1345612	70
Action_batch_MultiboardEventHooks_run_batch_MultiboardEventHooks2	1345613	1346023	410
Nq:create679	1346040	1346110	70
Action_watch_MultiboardEventHooks_run_watch_MultiboardEventHooks	1346111	1346322	211
Oq:create680	1346339	1346498	159
EventListener_add_MultiboardEventHooks_onEvent_add_MultiboardEventHooks	1346499	1346976	477
Pq:create681	1346993	1347103	110
Action_batch_add_MultiboardEventHooks_run_batch_add_MultiboardEventHooks	1347104	1347824	720
Qq:create682	1347841	1347911	70
Action_watch_MultiboardInit_run_watch_MultiboardInit	1347912	1348326	414
Rq:create677	1348343	1348413	70
Action_batch_MultiboardState_run_batch_MultiboardState	1348414	1348649	235
Sq:create683	1348666	1348736	70
Supplier_computed_MultiboardState_get_computed_MultiboardState	1348737	1348853	116
Tq:create684	1348870	1348940	70
Supplier_computed_MultiboardState_get_computed_MultiboardState1	1348941	1349058	117
Uq:create685	1349075	1349145	70
Supplier_computed_MultiboardState_get_computed_MultiboardState2	1349146	1349253	107
Vq:create686	1349270	1349340	70
Supplier_computed_MultiboardState_get_computed_MultiboardState3	1349341	1349448	107
Wq:create687	1349465	1349806	341
PlayerState_PlayerState_syncFromGame	1349807	1350037	230
PlayerState_PlayerState_incrementKills	1350038	1350198	160
PlayerState_PlayerState_incrementRescueKills	1350199	1350377	178
PlayerState_PlayerState_resetKills	1350378	1350519	141
PlayerState_PlayerState_syncGoldFromGame	1350520	1350661	141
PlayerState_PlayerState_addGold	1350662	1350975	313
PlayerState_PlayerState_addLumber	1350976	1351297	321
PlayerState_new_PlayerState	1351298	1351860	562
Xq:create688	1351877	1351961	84
Action_batch_PlayerState_MultiboardState_run_batch_PlayerState_MultiboardState	1351962	1352630	668
Yq:create689	1352647	1352774	127
TeamState_TeamState_incrementKills	1352775	1352937	162
TeamState_TeamState_incrementDestroyedBuildings	1352938	1353129	191
TeamState_TeamState_resetRoundStats	1353130	1353280	150
Zq:create690	1353297	1353387	90
CallbackSingle_doAfter_ObeliskOfLight_call_doAfter_ObeliskOfLight	1353388	1354408	1020
ar:create691	1354425	1354584	159
EventListener_add_doAfter_ObeliskOfLight_onEvent_add_doAfter_ObeliskOfLight	1354585	1354883	298
cr:create692	1354900	1355059	159
EventListener_add_doAfter_ObeliskOfLight_onEvent_add_doAfter_ObeliskOfLight1	1355060	1355266	206
dr:create693	1355283	1355489	206
DamageListener_addListener_doAfter_ObeliskOfLight_onEvent_addListener_doAfter_ObeliskOfLight	1355490	1356704	1214
er:create694	1356721	1356811	90
CallbackSingle_doAfter_ObjectDataIntegrity_call_doAfter_ObjectDataIntegrity	1356812	1356946	134
fr:create695	1356963	1357129	166
CallbackSingle_doAfter_OnUnitDeathHandler_call_doAfter_OnUnitDeathHandler	1357130	1357550	420
ir:create696	1357567	1357637	70
Action_watch_OnUnitDeathHandler_run_watch_OnUnitDeathHandler	1357638	1357836	198
kr:create697	1357853	1357943	90
CallbackSingle_nullTimer_OnUnitEnterLeave_call_nullTimer_OnUnitEnterLeave	1357944	1359557	1613
lr:create698	1359574	1359744	170
OnUnitCast_onTargetCast_OrbOfLightning_fireEx_onTargetCast_OrbOfLightning	1359745	1360220	475
mr:create699	1360237	1360327	90
CallbackSingle_doAfter_OrderRects_call_doAfter_OrderRects	1360328	1362664	2336
nr:create700	1362681	1362771	90
CallbackSingle_doAfter_PSA_call_doAfter_PSA	1362772	1362935	163
qr:create701	1362952	1363044	92
CallbackPeriodic_doPeriodically_PSA_call_doPeriodically_PSA	1363045	1363228	183
sr:create702	1363245	1363315	70
BuildingSpellClosure_registerBuildingSpell_PandarenBuildings_cast_registerBuildingSpell_PandarenBuildings	1363316	1363466	150
vr:create703	1363483	1363553	70
BuildingAttachmentHandler_registerBuildingAttach_PandarenBuildings_call_registerBuildingAttach_PandarenBuildings	1363554	1363810	256
wr:create704	1363827	1364327	500
PatternSeeker_PatternSeeker_setRejector	1364328	1364419	91
PatternSeeker_PatternSeeker_next	1364420	1364519	99
PatternSeeker_PatternSeeker_nextFrom	1364520	1365250	730
PatternSeeker_PatternSeeker_checkExhausted	1365251	1365434	183
PatternSeeker_PatternSeeker_checkExhaustedAvoiding	1365435	1365648	213
PatternSeeker_PatternSeeker_nextAvoidingFrom	1365649	1366492	843
PatternSeeker_PatternSeeker_checkExhaustedCached	1366493	1366821	328
PatternSeeker_PatternSeeker_checkExhaustedAvoidingCached	1366822	1367166	344
PatternSeeker_PatternSeeker_checkExhaustedPairCached	1367167	1368404	1237
PatternSeeker_PatternSeeker_cellToWorld	1368405	1368952	547
PatternSeeker_PatternSeeker_matchesAny	1368953	1369589	636
PatternSeeker_new_PatternSeeker	1369590	1370396	806
PatternSeeker_destroyPatternSeeker	1370397	1370448	51
zr:create705	1370465	1370994	529
PatternSeekerCaged_PatternSeekerCaged_next	1370995	1371776	781
PatternSeekerCaged_destroyPatternSeekerCaged	1371777	1371838	61
PatternSeekerCaged_new_PatternSeekerCaged	1371839	1372857	1018
Ar:create706	1372874	1372969	95
Br	1372970	1373014	44
Cr:create707	1373142	1373212	70
SpotRejector_SpotRejector_shouldReject	1373213	1373285	72
SpotRejector_destroySpotRejector	1373286	1373335	49
Dr:create708	1373352	1373422	70
PerkApplyFunc_setCleanup_PerkArcaneOvercharge_call_setCleanup_PerkArcaneOvercharge	1373423	1373908	485
Fr:create709	1373925	1373995	70
PerkIndexHandler_perkOnIndex_setCleanup_PerkArcaneOvercharge_call_perkOnIndex_setCleanup_PerkArcaneOvercharge	1373996	1374154	158
Gr:create710	1374171	1374338	167
EventListener_perkListen_setCleanup_PerkArcaneOvercharge_onEvent_perkListen_setCleanup_PerkArcaneOvercharge	1374339	1374554	215
Ir:create711	1374571	1374641	70
PerkCleanupFunc_setCleanup_PerkArcaneOvercharge_call_setCleanup_PerkArcaneOvercharge	1374642	1374747	105
Lr:create712	1374764	1374834	70
PerkApplyFunc_PerkBreachingDoctrine_call_PerkBreachingDoctrine	1374835	1375188	353
Mr:create713	1375205	1375419	214
DamageListener_perkListenDamage_PerkBreachingDoctrine_onEvent_perkListenDamage_PerkBreachingDoctrine	1375420	1376071	651
Nr:create714	1376088	1376158	70
Action_watch_PerkBuildingEnchantment_run_watch_PerkBuildingEnchantment	1376159	1376565	406
Pr:create715	1376582	1376684	102
CallbackSingle_nullTimer_onUnitIndex_PerkBuildingEnchantment_call_nullTimer_onUnitIndex_PerkBuildingEnchantment	1376685	1376883	198
Rr:create716	1376900	1377002	102
CallbackSingle_nullTimer_nullTimer_onUnitIndex_PerkBuildingEnchantment_call_nullTimer_nullTimer_onUnitIndex_PerkBuildingEnchantment	1377003	1377210	207
Sr:create717	1377227	1377297	70
Action_watch_PerkBuildingEnchantment_run_watch_PerkBuildingEnchantment1	1377298	1377685	387
Tr:create718	1377702	1377772	70
PerkApplyFunc_setCleanup_PerkBuildingEnchantment_call_setCleanup_PerkBuildingEnchantment	1377773	1378463	690
Ur:create719	1378480	1378557	77
PerkIndexHandler_perkOnIndex_setCleanup_PerkBuildingEnchantment_call_perkOnIndex_setCleanup_PerkBuildingEnchantment	1378558	1378736	178
Wr:create720	1378753	1378920	167
EventListener_perkListen_setCleanup_PerkBuildingEnchantment_onEvent_perkListen_setCleanup_PerkBuildingEnchantment	1378921	1379261	340
Xr:create721	1379278	1379445	167
EventListener_perkListen_setCleanup_PerkBuildingEnchantment_onEvent_perkListen_setCleanup_PerkBuildingEnchantment1	1379446	1379776	330
Yr:create722	1379793	1379863	70
PerkCleanupFunc_setCleanup_PerkBuildingEnchantment_call_setCleanup_PerkBuildingEnchantment	1379864	1380578	714
as:create723	1380595	1380665	70
PerkApplyFunc_setCleanup_PerkBuildingEnchantment_call_setCleanup_PerkBuildingEnchantment1	1380666	1381282	616
bs:create724	1381299	1381466	167
EventListener_perkListen_setCleanup_PerkBuildingEnchantment_onEvent_perkListen_setCleanup_PerkBuildingEnchantment2	1381467	1381768	301
cs:create725	1381785	1381952	167
EventListener_perkListen_setCleanup_PerkBuildingEnchantment_onEvent_perkListen_setCleanup_PerkBuildingEnchantment3	1381953	1382289	336
ds:create726	1382306	1382473	167
EventListener_perkListen_setCleanup_PerkBuildingEnchantment_onEvent_perkListen_setCleanup_PerkBuildingEnchantment4	1382474	1382789	315
es:create727	1382806	1382876	70
PerkCleanupFunc_setCleanup_PerkBuildingEnchantment_call_setCleanup_PerkBuildingEnchantment1	1382877	1383212	335
fs:create728	1383229	1383410	181
ProductionEnchantmentState_ProductionEnchantmentState_reset	1383411	1383611	200
ProductionEnchantmentState_new_ProductionEnchantmentState	1383612	1383894	282
gs:create729	1383911	1384077	166
SpellEnchantmentState_SpellEnchantmentState_reset	1384078	1384253	175
SpellEnchantmentState_new_SpellEnchantmentState	1384254	1384511	257
hs:create730	1384528	1384598	70
PerkApplyFunc_setCleanup_PerkBulwarkMarch_call_setCleanup_PerkBulwarkMarch	1384599	1384950	351
is:create731	1384967	1385037	70
PerkIndexHandler_perkOnIndex_setCleanup_PerkBulwarkMarch_call_perkOnIndex_setCleanup_PerkBulwarkMarch	1385038	1385215	177
js:create732	1385232	1385302	70
PerkCleanupFunc_setCleanup_PerkBulwarkMarch_call_setCleanup_PerkBulwarkMarch	1385303	1385400	97
ks:create733	1385417	1385487	70
PerkApplyFunc_setCleanup_PerkCagedAegis_call_setCleanup_PerkCagedAegis	1385488	1386081	593
ls:create734	1386098	1386175	77
PerkIndexHandler_perkOnIndex_setCleanup_PerkCagedAegis_call_perkOnIndex_setCleanup_PerkCagedAegis	1386176	1386387	211
ms:create735	1386404	1386618	214
DamageListener_perkListenDamage_setCleanup_PerkCagedAegis_onEvent_perkListenDamage_setCleanup_PerkCagedAegis	1386619	1387102	483
qs:create736	1387119	1387189	70
PerkCleanupFunc_setCleanup_PerkCagedAegis_call_setCleanup_PerkCagedAegis	1387190	1387283	93
rs:create737	1387300	1387370	70
PerkApplyFunc_PerkContainmentFocus_call_PerkContainmentFocus	1387371	1387722	351
ss:create738	1387739	1387953	214
DamageListener_perkListenDamage_PerkContainmentFocus_onEvent_perkListenDamage_PerkContainmentFocus	1387954	1388474	520
ts:create739	1388491	1388561	70
Action_watch_PerkExecutionOrder_run_watch_PerkExecutionOrder	1388562	1388889	327
us:create740	1388906	1388976	70
PerkApplyFunc_setCleanup_PerkExecutionOrder_call_setCleanup_PerkExecutionOrder	1388977	1389537	560
vs:create741	1389554	1389721	167
EventListener_perkListen_setCleanup_PerkExecutionOrder_onEvent_perkListen_setCleanup_PerkExecutionOrder	1389722	1390038	316
ws:create742	1390055	1390269	214
DamageListener_perkListenDamage_setCleanup_PerkExecutionOrder_onEvent_perkListenDamage_setCleanup_PerkExecutionOrder	1390270	1390989	719
xs:create743	1391006	1391076	70
PerkCleanupFunc_setCleanup_PerkExecutionOrder_call_setCleanup_PerkExecutionOrder	1391077	1391340	263
ys:create744	1391357	1391487	130
ForGroupCallback_forUnitsInRange_PerkFeatheredFriend_callback_forUnitsInRange_PerkFeatheredFriend	1391488	1391934	446
zs:create745	1391951	1392056	105
CallbackPeriodic_perkPeriodic_PerkFeatheredFriend_call_perkPeriodic_PerkFeatheredFriend	1392057	1392467	410
As:create746	1392484	1392554	70
Action_watch_PerkFeatheredFriend_run_watch_PerkFeatheredFriend	1392555	1393040	485
Bs:create747	1393057	1393127	70
PerkApplyFunc_PerkFeatheredFriend_call_PerkFeatheredFriend	1393128	1393241	113
Cs:create748	1393258	1393335	77
LLItrClosure_forEach_PerkFortifiedOutpost_run_forEach_PerkFortifiedOutpost	1393336	1393504	168
Ds:create749	1393521	1393610	89
LLItrClosure_forEach_PerkFortifiedOutpost_run_forEach_PerkFortifiedOutpost1	1393611	1393830	219
Es:create750	1393847	1393917	70
Action_watch_PerkFortifiedOutpost_run_watch_PerkFortifiedOutpost	1393918	1394364	446
Fs:create751	1394381	1394451	70
PerkApplyFunc_PerkFortifiedOutpost_call_PerkFortifiedOutpost	1394452	1394568	116
Gs:create752	1394585	1394655	70
PerkApplyFunc_setCleanup_PerkGlassCannon_call_setCleanup_PerkGlassCannon	1394656	1394969	313
Hs:create753	1394986	1395056	70
PerkIndexHandler_perkOnIndex_setCleanup_PerkGlassCannon_call_perkOnIndex_setCleanup_PerkGlassCannon	1395057	1395200	143
Is:create754	1395217	1395287	70
PerkCleanupFunc_setCleanup_PerkGlassCannon_call_setCleanup_PerkGlassCannon	1395288	1395383	95
Js:create755	1395400	1395470	70
PerkApplyFunc_setCleanup_PerkGroundControl_call_setCleanup_PerkGroundControl	1395471	1395838	367
Ks:create756	1395855	1396069	214
DamageListener_perkListenDamage_setCleanup_PerkGroundControl_onEvent_perkListenDamage_setCleanup_PerkGroundControl	1396070	1396735	665
Ls:create757	1396752	1396822	70
PerkCleanupFunc_setCleanup_PerkGroundControl_call_setCleanup_PerkGroundControl	1396823	1396922	99
Ms:create758	1396939	1397009	70
PerkApplyFunc_setCleanup_PerkLastWallProtocol_call_setCleanup_PerkLastWallProtocol	1397010	1397561	551
Ns:create759	1397578	1397655	77
PerkIndexHandler_perkOnIndex_setCleanup_PerkLastWallProtocol_call_perkOnIndex_setCleanup_PerkLastWallProtocol	1397656	1397855	199
Os:create760	1397872	1398039	167
EventListener_perkListen_setCleanup_PerkLastWallProtocol_onEvent_perkListen_setCleanup_PerkLastWallProtocol	1398040	1398282	242
Ps:create761	1398299	1398369	70
PerkCleanupFunc_setCleanup_PerkLastWallProtocol_call_setCleanup_PerkLastWallProtocol	1398370	1398946	576
Qs:create762	1398963	1399033	70
PerkApplyFunc_setCleanup_PerkLonglineFormation_call_setCleanup_PerkLonglineFormation	1399034	1399400	366
Rs:create763	1399417	1399487	70
PerkIndexHandler_perkOnIndex_setCleanup_PerkLonglineFormation_call_perkOnIndex_setCleanup_PerkLonglineFormation	1399488	1399690	202
Ss:create764	1399707	1399777	70
PerkCleanupFunc_setCleanup_PerkLonglineFormation_call_setCleanup_PerkLonglineFormation	1399778	1399885	107
Ts:create765	1399902	1399972	70
PerkApplyFunc_PerkManaLeak_call_PerkManaLeak	1399973	1400308	335
Us:create766	1400325	1400539	214
DamageListener_perkListenDamage_PerkManaLeak_onEvent_perkListenDamage_PerkManaLeak	1400540	1400760	220
Vs:create767	1400777	1400867	90
CallbackSingle_doAfter_PerkQuest_call_doAfter_PerkQuest	1400868	1400961	93
Ws:create768	1400978	1401048	70
PerkApplyFunc_setCleanup_PerkRampantGrowth_call_setCleanup_PerkRampantGrowth	1401049	1401403	354
Xs:create769	1401420	1401490	70
PerkIndexHandler_perkOnIndex_setCleanup_PerkRampantGrowth_call_perkOnIndex_setCleanup_PerkRampantGrowth	1401491	1401671	180
Ys:create770	1401688	1401758	70
PerkCleanupFunc_setCleanup_PerkRampantGrowth_call_setCleanup_PerkRampantGrowth	1401759	1401858	99
Zs:create771	1401875	1401945	70
bt	1401946	1401969	23
PerkIndexHandler_destroyPerkIndexHandler	1402067	1402124	57
ct:create772	1402141	1402211	70
PerkApplyFunc_PerkSpellsEdge_call_PerkSpellsEdge	1402212	1402551	339
et:create773	1402568	1402782	214
DamageListener_perkListenDamage_PerkSpellsEdge_onEvent_perkListenDamage_PerkSpellsEdge	1402783	1403289	506
ft:create774	1403306	1403376	70
Action_watch_PerkStormchaser_run_watch_PerkStormchaser	1403377	1403677	300
gt:create775	1403694	1403764	70
PerkApplyFunc_setCleanup_PerkStormchaser_call_setCleanup_PerkStormchaser	1403765	1404120	355
ht:create776	1404137	1404214	77
PerkIndexHandler_perkOnIndex_setCleanup_PerkStormchaser_call_perkOnIndex_setCleanup_PerkStormchaser	1404215	1404592	377
jt:create777	1404609	1404679	70
PerkCleanupFunc_setCleanup_PerkStormchaser_call_setCleanup_PerkStormchaser	1404680	1404803	123
kt:create778	1404820	1404890	70
PerkApplyFunc_PerkTranscendentBlades_call_PerkTranscendentBlades	1404891	1405466	575
lt:create779	1405483	1405553	70
PerkIndexHandler_perkOnIndex_PerkTranscendentBlades_call_perkOnIndex_PerkTranscendentBlades	1405554	1405749	195
mt:create780	1405766	1405980	214
DamageListener_perkListenDamage_PerkTranscendentBlades_onEvent_perkListenDamage_PerkTranscendentBlades	1405981	1406554	573
nt:create781	1406571	1406696	125
CallbackSingle_nullTimer_onUnitIndex_PerkUtils_call_nullTimer_onUnitIndex_PerkUtils	1406697	1407308	611
ot:create782	1407325	1407439	114
CallbackSingle_nullTimer_nullTimer_onUnitIndex_PerkUtils_call_nullTimer_nullTimer_onUnitIndex_PerkUtils	1407440	1407591	151
pt:create783	1407608	1407767	159
EventListener_add_PerkUtils_onEvent_add_PerkUtils	1407768	1408053	285
qt:create784	1408070	1408229	159
EventListener_add_PlayerLeave_onEvent_add_PlayerLeave	1408230	1408827	597
rt:create785	1408844	1409242	398
ReactivePlayerMultiboard_ReactivePlayerMultiboard_renderFromState	1409243	1409988	745
ReactivePlayerMultiboard_ReactivePlayerMultiboard_buildContent	1409989	1411829	1840
ReactivePlayerMultiboard_ReactivePlayerMultiboard_rebuildLocalResourceRows	1411830	1412986	1156
ReactivePlayerMultiboard_ReactivePlayerMultiboard_addLocalResourceRow	1412987	1413576	589
ReactivePlayerMultiboard_ReactivePlayerMultiboard_refreshLocalLayout	1413577	1413774	197
ReactivePlayerMultiboard_new_ReactivePlayerMultiboard	1413775	1414923	1148
ut:create786	1414940	1415018	78
MultiboardLayoutBuilder_attachTableLayoutToMultiboard_ReactivePlayerMultiboard_PlayerMultiboard_build_attachTableLayoutToMultiboard_ReactivePlayerMultiboard_PlayerMultiboard	1415019	1415296	277
vt:create787	1415313	1415391	78
Action_watch_ReactivePlayerMultiboard_PlayerMultiboard_run_watch_ReactivePlayerMultiboard_PlayerMultiboard	1415392	1415590	198
wt:create788	1415607	1415697	90
CallbackSingle_doAfter_PlayerNamesRuntime_call_doAfter_PlayerNamesRuntime	1415698	1415818	120
xt:create789	1415835	1415905	70
ForGroupCallback_forUnitsInRange_PowerPlantRuntime_callback_forUnitsInRange_PowerPlantRuntime	1415906	1416434	528
yt:create790	1416451	1416521	70
ForGroupCallback_forEachIn_PowerPlantRuntime_callback_forEachIn_PowerPlantRuntime	1416522	1416920	398
zt:create791	1416937	1417096	159
EventListener_add_PowerPlantRuntime_onEvent_add_PowerPlantRuntime	1417097	1417354	257
At:create792	1417371	1417441	70
ForGroupCallback_forEachFrom_Preloader_callback_forEachFrom_Preloader	1417442	1417582	140
Bt:create793	1417599	1417689	90
CallbackSingle_nullTimer_Preloader_call_nullTimer_Preloader	1417690	1417938	248
Ct:create794	1417955	1418045	90
CallbackSingle_doAfter_Preview_call_doAfter_Preview	1418046	1418847	801
Dt:create795	1418864	1418965	101
ForGroupCallback_forUnitsInRect_RaceChaosAbilities_callback_forUnitsInRect_RaceChaosAbilities	1418966	1419653	687
Et:create796	1419670	1419751	81
ForGroupCallback_forUnitsInRect_RaceChaosAbilities_callback_forUnitsInRect_RaceChaosAbilities1	1419752	1420270	518
Ft:create797	1420287	1420383	96
CallbackSingle_doAfter_RaceChaosAbilities_call_doAfter_RaceChaosAbilities	1420384	1420512	128
Gt:create798	1420529	1420638	109
CallbackSingle_doAfter_RaceChaosAbilities_call_doAfter_RaceChaosAbilities1	1420639	1421779	1140
Ht:create799	1421796	1421877	81
ForGroupCallback_forUnitsInRange_doAfter_RaceChaosAbilities_callback_forUnitsInRange_doAfter_RaceChaosAbilities	1421878	1422227	349
It:create800	1422244	1422314	70
BuildingSpellClosure_registerBuildingSpell_RaceChaosAbilities_cast_registerBuildingSpell_RaceChaosAbilities	1422315	1422462	147
Jt:create801	1422479	1422549	70
BuildingSpellClosure_registerBuildingSpell_RaceChaosAbilities_cast_registerBuildingSpell_RaceChaosAbilities1	1422550	1422695	145
Kt:create802	1422712	1422782	70
BuildingSpellClosure_registerBuildingSpell_RaceChaosAbilities_cast_registerBuildingSpell_RaceChaosAbilities2	1422783	1422928	145
Lt:create803	1422945	1423015	70
BuildingSpellClosure_registerBuildingSpell_RaceChaosAbilities_cast_registerBuildingSpell_RaceChaosAbilities3	1423016	1423161	145
Mt:create804	1423178	1423248	70
BuildingSpellClosure_registerBuildingSpell_RaceChaosAbilities_cast_registerBuildingSpell_RaceChaosAbilities4	1423249	1423395	146
Nt:create805	1423412	1423482	70
BuildingSpellClosure_registerBuildingSpell_RaceChaosAbilities_cast_registerBuildingSpell_RaceChaosAbilities5	1423483	1423641	158
Ot:create806	1423658	1423728	70
UnitSpellClosure_registerUnitSpellWithTargetOrder_RaceChaosAbilities_cast_registerUnitSpellWithTargetOrder_RaceChaosAbilities	1423729	1424080	351
Pt:create807	1424097	1424167	70
UnitSpellClosure_registerUnitSpellWithTargetOrder_RaceChaosAbilities_cast_registerUnitSpellWithTargetOrder_RaceChaosAbilities1	1424168	1424792	624
Qt:create808	1424809	1424879	70
BuildingAttachmentHandler_registerBuildingAttach_RaceChaos_call_registerBuildingAttach_RaceChaos	1424880	1425445	565
Rt:create809	1425462	1425543	81
ForGroupCallback_forUnitsInRect_RaceCorruptedAbilities_callback_forUnitsInRect_RaceCorruptedAbilities	1425544	1425978	434
St:create810	1425995	1426065	70
BuildingSpellClosure_registerBuildingSpell_RaceCorruptedAbilities_cast_registerBuildingSpell_RaceCorruptedAbilities	1426066	1426224	158
Tt:create811	1426241	1426311	70
BuildingSpellClosure_registerBuildingSpell_RaceCorruptedAbilities_cast_registerBuildingSpell_RaceCorruptedAbilities1	1426312	1426469	157
Ut:create812	1426486	1426556	70
UnitSpellClosure_registerUnitSpellWithTargetOrder_RaceCorruptedAbilities_cast_registerUnitSpellWithTargetOrder_RaceCorruptedAbilities	1426557	1426740	183
Vt:create813	1426757	1426827	70
BuildingAttachmentHandler_registerBuildingAttach_RaceCorrupted_call_registerBuildingAttach_RaceCorrupted	1426828	1427068	240
Wt:create814	1427085	1427155	70
BuildingAttachmentHandler_registerBuildingAttach_RaceCorrupted_call_registerBuildingAttach_RaceCorrupted1	1427156	1427392	236
Xt:create815	1427409	1427479	70
BuildingAttachmentHandler_registerBuildingAttach_RaceCorrupted_call_registerBuildingAttach_RaceCorrupted2	1427480	1427677	197
Yt:create816	1427694	1427764	70
BuildingAttachmentHandler_registerBuildingAttach_RaceCorrupted_call_registerBuildingAttach_RaceCorrupted3	1427765	1427985	220
Zt:create817	1428002	1428208	206
DamageListener_addListener_RaceCorrupted_onEvent_addListener_RaceCorrupted	1428209	1428573	364
au:create818	1428590	1428693	103
CallbackSingle_doAfter_RaceDesertAbilities_call_doAfter_RaceDesertAbilities	1428694	1428901	207
bu:create819	1428918	1429031	113
CallbackPeriodic_doPeriodically_RaceDesertAbilities_call_doPeriodically_RaceDesertAbilities	1429032	1429274	242
cu:create820	1429291	1429392	101
CallbackSingle_doAfter_RaceDesertAbilities_call_doAfter_RaceDesertAbilities1	1429393	1429603	210
du:create821	1429620	1429721	101
CallbackSingle_doAfter_doAfter_RaceDesertAbilities_call_doAfter_doAfter_RaceDesertAbilities	1429722	1429857	135
eu:create822	1429874	1429986	112
CallbackSingle_doAfter_RaceDesertAbilities_call_doAfter_RaceDesertAbilities2	1429987	1430782	795
fu:create823	1430799	1430869	70
BuildingSpellClosure_registerBuildingSpell_RaceDesertAbilities_cast_registerBuildingSpell_RaceDesertAbilities	1430870	1431019	149
gu:create824	1431036	1431106	70
BuildingSpellClosure_registerBuildingSpell_RaceDesertAbilities_cast_registerBuildingSpell_RaceDesertAbilities1	1431107	1431254	147
hu:create825	1431271	1431341	70
BuildingSpellClosure_registerBuildingSpell_RaceDesertAbilities_cast_registerBuildingSpell_RaceDesertAbilities2	1431342	1431816	474
iu:create826	1431833	1431903	70
UnitSpellClosure_registerUnitSpellWithTargetOrder_RaceDesertAbilities_cast_registerUnitSpellWithTargetOrder_RaceDesertAbilities	1431904	1432079	175
ju:create827	1432096	1432166	70
UnitSpellClosure_registerUnitSpellWithTargetOrder_RaceDesertAbilities_cast_registerUnitSpellWithTargetOrder_RaceDesertAbilities1	1432167	1432343	176
ku:create828	1432360	1432430	70
UnitSpellClosure_registerUnitSpellWithTargetOrder_RaceDesertAbilities_cast_registerUnitSpellWithTargetOrder_RaceDesertAbilities2	1432431	1432729	298
lu:create829	1432746	1432816	70
UnitSpellClosure_registerUnitSpellWithTargetOrder_RaceDesertAbilities_cast_registerUnitSpellWithTargetOrder_RaceDesertAbilities3	1432817	1433132	315
mu:create830	1433149	1433219	70
UnitSpellClosure_registerUnitSpellWithTargetOrder_RaceDesertAbilities_cast_registerUnitSpellWithTargetOrder_RaceDesertAbilities4	1433220	1433535	315
nu:create831	1433552	1433642	90
CallbackSingle_doAfter_RaceDesertAbilities_call_doAfter_RaceDesertAbilities3	1433643	1434013	370
ou:create832	1434030	1434111	81
ForGroupCallback_forUnitsInRect_RaceElementalAbilities_callback_forUnitsInRect_RaceElementalAbilities	1434112	1434405	293
pu:create833	1434422	1434516	94
ForGroupCallback_forUnitsInRect_RaceElementalAbilities_callback_forUnitsInRect_RaceElementalAbilities1	1434517	1434712	195
qu:create834	1434729	1434813	84
ForGroupCallback_forUnitsInRange_RaceElementalAbilities_callback_forUnitsInRange_RaceElementalAbilities	1434814	1435486	672
ru:create835	1435503	1435573	70
UnitSpellClosure_registerUnitSpellWithTargetOrder_RaceElementalAbilities_cast_registerUnitSpellWithTargetOrder_RaceElementalAbilities	1435574	1435763	189
su:create836	1435780	1435850	70
BuildingSpellClosure_registerBuildingSpell_RaceElementalAbilities_cast_registerBuildingSpell_RaceElementalAbilities	1435851	1436007	156
tu:create837	1436024	1436094	70
BuildingSpellClosure_registerBuildingSpell_RaceElementalAbilities_cast_registerBuildingSpell_RaceElementalAbilities1	1436095	1436251	156
uu:create838	1436268	1436338	70
BuildingSpellClosure_registerBuildingSpell_RaceElementalAbilities_cast_registerBuildingSpell_RaceElementalAbilities2	1436339	1436491	152
vu:create839	1436508	1436578	70
BuildingAttachmentHandler_registerBuildingAttach_RaceElemental_call_registerBuildingAttach_RaceElemental	1436579	1436988	409
wu:create840	1437005	1437075	70
BuildingAttachmentHandler_registerBuildingAttach_RaceElemental_call_registerBuildingAttach_RaceElemental1	1437076	1437472	396
xu:create841	1437489	1437559	70
BuildingAttachmentHandler_registerBuildingAttach_RaceElemental_call_registerBuildingAttach_RaceElemental2	1437560	1437942	382
yu:create842	1437959	1438029	70
BuildingAttachmentHandler_registerBuildingAttach_RaceElemental_call_registerBuildingAttach_RaceElemental3	1438030	1438426	396
zu:create843	1438443	1438513	70
BuildingAttachmentHandler_registerBuildingAttach_RaceElemental_call_registerBuildingAttach_RaceElemental4	1438514	1439018	504
Au:create844	1439035	1439105	70
BuildingAttachmentHandler_registerBuildingAttach_RaceElemental_call_registerBuildingAttach_RaceElemental5	1439106	1439604	498
Bu:create845	1439621	1439691	70
BuildingAttachmentHandler_registerBuildingAttach_RaceElemental_call_registerBuildingAttach_RaceElemental6	1439692	1440188	496
Cu:create846	1440205	1440275	70
BuildingAttachmentHandler_registerBuildingAttach_RaceElemental_call_registerBuildingAttach_RaceElemental7	1440276	1440784	508
Du:create847	1440801	1440871	70
BuildingAttachmentHandler_registerBuildingAttach_RaceElemental_call_registerBuildingAttach_RaceElemental8	1440872	1441460	588
Eu:create848	1441477	1441547	70
BuildingAttachmentHandler_registerBuildingAttach_RaceElemental_call_registerBuildingAttach_RaceElemental9	1441548	1441957	409
Fu:create849	1441974	1442044	70
BuildingAttachmentHandler_registerBuildingAttach_RaceElemental_call_registerBuildingAttach_RaceElemental10	1442045	1442564	519
Gu:create850	1442581	1442651	70
BuildingAttachmentHandler_registerBuildingAttach_RaceElemental_call_registerBuildingAttach_RaceElemental11	1442652	1443156	504
Hu:create851	1443173	1443243	70
BuildingAttachmentHandler_registerBuildingAttach_RaceElemental_call_registerBuildingAttach_RaceElemental12	1443244	1444008	764
Iu:create852	1444025	1444095	70
BuildingAttachmentHandler_registerBuildingAttach_RaceElemental_call_registerBuildingAttach_RaceElemental13	1444096	1444343	247
Ju:create853	1444360	1444430	70
BuildingAttachmentHandler_registerBuildingAttach_RaceElemental_call_registerBuildingAttach_RaceElemental14	1444431	1444675	244
Ku:create854	1444692	1444762	70
BuildingAttachmentHandler_registerBuildingAttach_RaceElemental_call_registerBuildingAttach_RaceElemental15	1444763	1444999	236
Lu:create855	1445016	1445086	70
BuildingAttachmentHandler_registerBuildingAttach_RaceElemental_call_registerBuildingAttach_RaceElemental16	1445087	1445311	224
Mu:create856	1445328	1445398	70
BuildingAttachmentHandler_registerBuildingAttach_RaceElemental_call_registerBuildingAttach_RaceElemental17	1445399	1445613	214
Nu:create857	1445630	1445711	81
ForGroupCallback_forUnitsInRange_RaceElvenAbilities_callback_forUnitsInRange_RaceElvenAbilities	1445712	1445999	287
Ou:create858	1446016	1446117	101
CallbackSingle_doAfter_RaceElvenAbilities_call_doAfter_RaceElvenAbilities	1446118	1446235	117
Pu:create859	1446252	1446322	70
BuildingSpellClosure_registerBuildingSpell_RaceElvenAbilities_cast_registerBuildingSpell_RaceElvenAbilities	1446323	1446464	141
Qu:create860	1446481	1446551	70
UnitSpellClosure_registerUnitSpellWithTargetOrder_RaceElvenAbilities_cast_registerUnitSpellWithTargetOrder_RaceElvenAbilities	1446552	1446727	175
Ru:create861	1446744	1446814	70
UnitSpellClosure_registerUnitSpellWithTargetOrder_RaceElvenAbilities_cast_registerUnitSpellWithTargetOrder_RaceElvenAbilities1	1446815	1447122	307
Su:create862	1447139	1447209	70
UnitSpellClosure_registerUnitSpellWithTargetOrder_RaceElvenAbilities_cast_registerUnitSpellWithTargetOrder_RaceElvenAbilities2	1447210	1447517	307
Tu:create863	1447534	1447604	70
BuildingAttachmentHandler_registerBuildingAttach_RaceElven_call_registerBuildingAttach_RaceElven	1447605	1448025	420
Uu:create864	1448042	1448112	70
BuildingAttachmentHandler_registerBuildingAttach_RaceElven_call_registerBuildingAttach_RaceElven1	1448113	1448651	538
Vu:create865	1448668	1448769	101
CallbackSingle_doAfter_RaceHumanAbilities_call_doAfter_RaceHumanAbilities	1448770	1448887	117
Wu:create866	1448904	1449005	101
CallbackSingle_doAfter_RaceHumanAbilities_call_doAfter_RaceHumanAbilities1	1449006	1449581	575
Xu:create867	1449598	1449679	81
ForGroupCallback_forUnitsInRange_doAfter_RaceHumanAbilities_callback_forUnitsInRange_doAfter_RaceHumanAbilities	1449680	1449947	267
Yu:create868	1449964	1450065	101
CallbackSingle_doAfter_doAfter_RaceHumanAbilities_call_doAfter_doAfter_RaceHumanAbilities	1450066	1450199	133
Zu:create869	1450216	1450317	101
CallbackSingle_doAfter_RaceHumanAbilities_call_doAfter_RaceHumanAbilities2	1450318	1450515	197
av:create870	1450532	1450633	101
CallbackSingle_doAfter_doAfter_RaceHumanAbilities_call_doAfter_doAfter_RaceHumanAbilities1	1450634	1450917	283
bv:create871	1450934	1451035	101
CallbackSingle_doAfter_doAfter_doAfter_RaceHumanAbilities_call_doAfter_doAfter_doAfter_RaceHumanAbilities	1451036	1451503	467
cv:create872	1451520	1451633	113
CallbackSingle_doAfter_RaceHumanAbilities_call_doAfter_RaceHumanAbilities3	1451634	1451866	232
dv:create873	1451883	1451996	113
CallbackSingle_doAfter_doAfter_RaceHumanAbilities_call_doAfter_doAfter_RaceHumanAbilities2	1451997	1452482	485
fv:create874	1452499	1452580	81
ForGroupCallback_forUnitsInRange_doAfter_doAfter_RaceHumanAbilities_callback_forUnitsInRange_doAfter_doAfter_RaceHumanAbilities	1452581	1452864	283
gv:create875	1452881	1452982	101
CallbackSingle_doAfter_doAfter_doAfter_RaceHumanAbilities_call_doAfter_doAfter_doAfter_RaceHumanAbilities1	1452983	1453133	150
hv:create876	1453150	1453220	70
UnitSpellClosure_registerUnitSpellWithTargetOrder_RaceHumanAbilities_cast_registerUnitSpellWithTargetOrder_RaceHumanAbilities	1453221	1453518	297
iv:create877	1453535	1453605	70
UnitSpellClosure_registerUnitSpellWithTargetOrder_RaceHumanAbilities_cast_registerUnitSpellWithTargetOrder_RaceHumanAbilities1	1453606	1453777	171
jv:create878	1453794	1453864	70
UnitSpellClosure_registerUnitSpellWithTargetOrder_RaceHumanAbilities_cast_registerUnitSpellWithTargetOrder_RaceHumanAbilities2	1453865	1454037	172
kv:create879	1454054	1454124	70
UnitSpellClosure_registerUnitSpellWithTargetOrder_RaceHumanAbilities_cast_registerUnitSpellWithTargetOrder_RaceHumanAbilities3	1454125	1454560	435
lv:create880	1454577	1454647	70
BuildingAttachmentHandler_registerBuildingAttach_RaceHuman_call_registerBuildingAttach_RaceHuman	1454648	1455210	562
mv:create881	1455227	1455332	105
ForGroupCallback_forUnitsInRect_RaceMechAbilities_callback_forUnitsInRect_RaceMechAbilities	1455333	1455653	320
nv:create882	1455670	1455773	103
CallbackSingle_doAfter_RaceMechAbilities_call_doAfter_RaceMechAbilities	1455774	1455935	161
ov:create883	1455952	1456055	103
CallbackSingle_doAfter_RaceMechAbilities_call_doAfter_RaceMechAbilities1	1456056	1456218	162
pv:create884	1456235	1456344	109
CallbackSingle_doAfter_RaceMechAbilities_call_doAfter_RaceMechAbilities2	1456345	1457483	1138
qv:create885	1457500	1457581	81
ForGroupCallback_forUnitsInRange_doAfter_RaceMechAbilities_callback_forUnitsInRange_doAfter_RaceMechAbilities	1457582	1457929	347
rv:create886	1457946	1458058	112
CallbackSingle_doAfter_RaceMechAbilities_call_doAfter_RaceMechAbilities3	1458059	1458193	134
sv:create887	1458210	1458280	70
BuildingSpellClosure_registerBuildingSpell_RaceMechAbilities_cast_registerBuildingSpell_RaceMechAbilities	1458281	1458427	146
tv:create888	1458444	1458514	70
BuildingSpellClosure_registerBuildingSpell_RaceMechAbilities_cast_registerBuildingSpell_RaceMechAbilities1	1458515	1458661	146
uv:create889	1458678	1458748	70
UnitSpellClosure_registerUnitSpellWithTargetOrder_RaceMechAbilities_cast_registerUnitSpellWithTargetOrder_RaceMechAbilities	1458749	1459370	621
vv:create890	1459387	1459457	70
UnitSpellClosure_registerUnitSpellWithTargetOrderEffect_RaceMechAbilities_cast_registerUnitSpellWithTargetOrderEffect_RaceMechAbilities	1459458	1459641	183
wv:create891	1459658	1459728	70
BuildingAttachmentHandler_registerBuildingAttach_RaceMech_call_registerBuildingAttach_RaceMech	1459729	1460404	675
xv:create892	1460421	1460491	70
BuildingAttachmentHandler_registerBuildingAttach_RaceMech_call_registerBuildingAttach_RaceMech1	1460492	1461021	529
yv:create893	1461038	1461108	70
BuildingAttachmentHandler_registerBuildingAttach_RaceMech_call_registerBuildingAttach_RaceMech2	1461109	1461436	327
Av:create894	1461453	1461523	70
BuildingAttachmentHandler_registerBuildingAttach_RaceMech_call_registerBuildingAttach_RaceMech3	1461524	1461748	224
Bv:create895	1461765	1461835	70
BuildingAttachmentHandler_registerBuildingAttach_RaceMech_call_registerBuildingAttach_RaceMech4	1461836	1462152	316
Cv:create896	1462169	1462239	70
BuildingAttachmentHandler_registerBuildingAttach_RaceMech_call_registerBuildingAttach_RaceMech5	1462240	1462763	523
Dv:create897	1462780	1462850	70
BuildingAttachmentHandler_registerBuildingAttach_RaceMech_call_registerBuildingAttach_RaceMech6	1462851	1463380	529
Ev:create898	1463397	1463467	70
BuildingAttachmentHandler_registerBuildingAttach_RaceMech_call_registerBuildingAttach_RaceMech7	1463468	1463899	431
Fv:create899	1463916	1463986	70
BuildingAttachmentHandler_registerBuildingAttach_RaceMech_call_registerBuildingAttach_RaceMech8	1463987	1464521	534
Gv:create900	1464538	1464608	70
BuildingAttachmentHandler_registerBuildingAttach_RaceMech_call_registerBuildingAttach_RaceMech9	1464609	1464832	223
Hv:create901	1464849	1464950	101
CallbackSingle_doAfter_RaceNagaAbilities_call_doAfter_RaceNagaAbilities	1464951	1465199	248
Iv:create902	1465216	1465317	101
CallbackSingle_doAfter_doAfter_RaceNagaAbilities_call_doAfter_doAfter_RaceNagaAbilities	1465318	1465449	131
Jv:create903	1465466	1465536	70
BuildingSpellClosure_registerBuildingSpellWithTarget_RaceNagaAbilities_cast_registerBuildingSpellWithTarget_RaceNagaAbilities	1465537	1465698	161
Kv:create904	1465715	1465785	70
BuildingSpellClosure_registerBuildingSpell_RaceNagaAbilities_cast_registerBuildingSpell_RaceNagaAbilities	1465786	1465928	142
Lv:create905	1465945	1466015	70
BuildingSpellClosure_registerBuildingSpell_RaceNagaAbilities_cast_registerBuildingSpell_RaceNagaAbilities1	1466016	1466160	144
Mv:create906	1466177	1466247	70
UnitSpellClosure_registerUnitSpellWithTargetOrder_RaceNagaAbilities_cast_registerUnitSpellWithTargetOrder_RaceNagaAbilities	1466248	1466551	303
Nv:create907	1466568	1466643	75
ForGroupCallback_forUnitsInRange_RaceNatureAbilities_callback_forUnitsInRange_RaceNatureAbilities	1466644	1466902	258
Ov:create908	1466919	1467053	134
CallbackPeriodic_doPeriodically_RaceNatureAbilities_call_doPeriodically_RaceNatureAbilities	1467054	1467738	684
Pv:create909	1467755	1467856	101
CallbackSingle_doAfter_RaceNatureAbilities_call_doAfter_RaceNatureAbilities	1467857	1467976	119
Qv:create910	1467993	1468094	101
CallbackSingle_doAfter_RaceNatureAbilities_call_doAfter_RaceNatureAbilities1	1468095	1468215	120
Rv:create911	1468232	1468333	101
CallbackSingle_doAfter_RaceNatureAbilities_call_doAfter_RaceNatureAbilities2	1468334	1468454	120
Sv:create912	1468471	1468572	101
CallbackSingle_doAfter_RaceNatureAbilities_call_doAfter_RaceNatureAbilities3	1468573	1468826	253
Tv:create913	1468843	1468944	101
CallbackSingle_doAfter_doAfter_RaceNatureAbilities_call_doAfter_doAfter_RaceNatureAbilities	1468945	1469080	135
Uv:create914	1469097	1469251	154
CallbackSingle_doAfter_RaceNatureAbilities_call_doAfter_RaceNatureAbilities4	1469252	1470061	809
Vv:create915	1470078	1470203	125
CallbackSingle_doAfter_doAfter_RaceNatureAbilities_call_doAfter_doAfter_RaceNatureAbilities1	1470204	1470618	414
Wv:create916	1470635	1470736	101
CallbackSingle_doAfter_RaceNatureAbilities_call_doAfter_RaceNatureAbilities5	1470737	1470946	209
Xv:create917	1470963	1471064	101
CallbackSingle_doAfter_doAfter_RaceNatureAbilities_call_doAfter_doAfter_RaceNatureAbilities2	1471065	1471248	183
Yv:create918	1471265	1471366	101
CallbackSingle_doAfter_RaceNatureAbilities_call_doAfter_RaceNatureAbilities6	1471367	1471487	120
aw:create919	1471504	1471574	70
BuildingSpellClosure_registerBuildingSpell_RaceNatureAbilities_cast_registerBuildingSpell_RaceNatureAbilities	1471575	1471941	366
bw:create920	1471958	1472028	70
BuildingSpellClosure_registerBuildingSpell_RaceNatureAbilities_cast_registerBuildingSpell_RaceNatureAbilities1	1472029	1472184	155
dw:create921	1472201	1472271	70
BuildingSpellClosure_registerBuildingSpell_RaceNatureAbilities_cast_registerBuildingSpell_RaceNatureAbilities2	1472272	1472417	145
ew:create922	1472434	1472504	70
UnitSpellClosure_registerUnitSpellWithTargetOrder_RaceNatureAbilities_cast_registerUnitSpellWithTargetOrder_RaceNatureAbilities	1472505	1472911	406
fw:create923	1472928	1472998	70
UnitSpellClosure_registerUnitSpellWithTargetOrder_RaceNatureAbilities_cast_registerUnitSpellWithTargetOrder_RaceNatureAbilities1	1472999	1473406	407
gw:create924	1473423	1473493	70
UnitSpellClosure_registerUnitSpellWithTargetOrder_RaceNatureAbilities_cast_registerUnitSpellWithTargetOrder_RaceNatureAbilities2	1473494	1473907	413
hw:create925	1473924	1473994	70
UnitSpellClosure_registerUnitSpellWithTargetOrder_RaceNatureAbilities_cast_registerUnitSpellWithTargetOrder_RaceNatureAbilities3	1473995	1474408	413
iw:create926	1474425	1474495	70
UnitSpellClosure_registerUnitSpellWithTargetOrder_RaceNatureAbilities_cast_registerUnitSpellWithTargetOrder_RaceNatureAbilities4	1474496	1474669	173
jw:create927	1474686	1474756	70
UnitSpellClosure_registerUnitSpellWithTargetOrder_RaceNatureAbilities_cast_registerUnitSpellWithTargetOrder_RaceNatureAbilities5	1474757	1474994	237
lw:create928	1475011	1475081	70
UnitSpellClosure_registerUnitSpellWithTargetOrder_RaceNatureAbilities_cast_registerUnitSpellWithTargetOrder_RaceNatureAbilities6	1475082	1475360	278
mw:create929	1475377	1475447	70
BuildingAttachmentHandler_registerBuildingAttach_RaceNature_call_registerBuildingAttach_RaceNature	1475448	1475759	311
nw:create930	1475776	1475846	70
BuildingAttachmentHandler_registerBuildingAttach_RaceNature_call_registerBuildingAttach_RaceNature1	1475847	1476271	424
ow:create931	1476288	1476358	70
BuildingAttachmentHandler_registerBuildingAttach_RaceNature_call_registerBuildingAttach_RaceNature2	1476359	1476896	537
pw:create932	1476913	1476983	70
BuildingAttachmentHandler_registerBuildingAttach_RaceNature_call_registerBuildingAttach_RaceNature3	1476984	1477209	225
qw:create933	1477226	1477296	70
BuildingAttachmentHandler_registerBuildingAttach_RaceNature_call_registerBuildingAttach_RaceNature4	1477297	1477595	298
rw:create934	1477612	1477682	70
BuildingAttachmentHandler_registerBuildingAttach_RaceNature_call_registerBuildingAttach_RaceNature5	1477683	1477922	239
sw:create935	1477939	1478027	88
ForGroupCallback_forUnitsInRect_RaceNelfAbilities_callback_forUnitsInRect_RaceNelfAbilities	1478028	1478215	187
uw:create936	1478232	1478351	119
CallbackSingle_doAfter_RaceNelfAbilities_call_doAfter_RaceNelfAbilities	1478352	1478587	235
vw:create937	1478604	1478705	101
ForGroupCallback_forUnitsInRange_RaceNelfAbilities_callback_forUnitsInRange_RaceNelfAbilities	1478706	1479252	546
ww:create938	1479269	1479365	96
CallbackSingle_doAfter_RaceNelfAbilities_call_doAfter_RaceNelfAbilities1	1479366	1479477	111
xw:create939	1479494	1479564	70
Action_watch_RaceNelfAbilities_run_watch_RaceNelfAbilities	1479565	1479790	225
yw:create940	1479807	1479877	70
BuildingSpellClosure_registerBuildingSpell_RaceNelfAbilities_cast_registerBuildingSpell_RaceNelfAbilities	1479878	1480031	153
zw:create941	1480048	1480118	70
BuildingSpellClosure_registerBuildingSpell_RaceNelfAbilities_cast_registerBuildingSpell_RaceNelfAbilities1	1480119	1480612	493
Aw:create942	1480629	1480699	70
BuildingSpellClosure_registerBuildingSpell_RaceNelfAbilities_cast_registerBuildingSpell_RaceNelfAbilities2	1480700	1480845	145
Bw:create943	1480862	1480932	70
UnitSpellClosure_registerUnitSpellWithTargetOrder_RaceNelfAbilities_cast_registerUnitSpellWithTargetOrder_RaceNelfAbilities	1480933	1481207	274
Cw:create944	1481224	1481294	70
UnitSpellClosure_registerUnitSpellWithTargetOrder_RaceNelfAbilities_cast_registerUnitSpellWithTargetOrder_RaceNelfAbilities1	1481295	1481466	171
Dw:create945	1481483	1481553	70
UnitSpellClosure_registerUnitSpellWithTargetOrder_RaceNelfAbilities_cast_registerUnitSpellWithTargetOrder_RaceNelfAbilities2	1481554	1481805	251
Ew:create946	1481822	1481892	70
BuildingAttachmentHandler_registerBuildingAttach_RaceNelf_call_registerBuildingAttach_RaceNelf	1481893	1482112	219
Fw:create947	1482129	1482199	70
BuildingAttachmentHandler_registerBuildingAttach_RaceNelf_call_registerBuildingAttach_RaceNelf1	1482200	1482502	302
Gw:create948	1482519	1482589	70
BuildingAttachmentHandler_registerBuildingAttach_RaceNelf_call_registerBuildingAttach_RaceNelf2	1482590	1482819	229
Hw:create949	1482836	1482906	70
BuildingAttachmentHandler_registerBuildingAttach_RaceNelf_call_registerBuildingAttach_RaceNelf3	1482907	1483133	226
Iw:create950	1483150	1483220	70
BuildingAttachmentHandler_registerBuildingAttach_RaceNelf_call_registerBuildingAttach_RaceNelf4	1483221	1483554	333
Jw:create951	1483571	1483641	70
BuildingAttachmentHandler_registerBuildingAttach_RaceNelf_call_registerBuildingAttach_RaceNelf5	1483642	1483865	223
Kw:create952	1483882	1483952	70
BuildingAttachmentHandler_registerBuildingAttach_RaceNelf_call_registerBuildingAttach_RaceNelf6	1483953	1484284	331
Lw:create953	1484301	1484371	70
BuildingAttachmentHandler_registerBuildingAttach_RaceNelf_call_registerBuildingAttach_RaceNelf7	1484372	1484718	346
Mw:create954	1484735	1484805	70
BuildingAttachmentHandler_registerBuildingAttach_RaceNelf_call_registerBuildingAttach_RaceNelf8	1484806	1485155	349
Nw:create955	1485172	1485253	81
ForGroupCallback_forUnitsInRect_RaceNorthernAbilities_callback_forUnitsInRect_RaceNorthernAbilities	1485254	1485545	291
Ow:create956	1485562	1485643	81
ForGroupCallback_forUnitsInRect_RaceNorthernAbilities_callback_forUnitsInRect_RaceNorthernAbilities1	1485644	1486082	438
Pw:create957	1486099	1486197	98
CallbackSingle_doAfter_RaceNorthernAbilities_call_doAfter_RaceNorthernAbilities	1486198	1486334	136
Qw:create958	1486351	1486432	81
ForGroupCallback_forUnitsInRange_RaceNorthernAbilities_callback_forUnitsInRange_RaceNorthernAbilities	1486433	1486776	343
Rw:create959	1486793	1486937	144
CallbackSingle_doAfter_RaceNorthernAbilities_call_doAfter_RaceNorthernAbilities1	1486938	1487670	732
Sw:create960	1487687	1487790	103
CallbackSingle_doAfter_doAfter_RaceNorthernAbilities_call_doAfter_doAfter_RaceNorthernAbilities	1487791	1488024	233
Tw:create961	1488041	1488131	90
CallbackSingle_doAfter_doAfter_doAfter_RaceNorthernAbilities_call_doAfter_doAfter_doAfter_RaceNorthernAbilities	1488132	1488302	170
Uw:create962	1488319	1488389	70
BuildingSpellClosure_registerBuildingSpellWithEffect_RaceNorthernAbilities_cast_registerBuildingSpellWithEffect_RaceNorthernAbilities	1488390	1488562	172
Vw:create963	1488579	1488649	70
BuildingSpellClosure_registerBuildingSpellWithEffect_RaceNorthernAbilities_cast_registerBuildingSpellWithEffect_RaceNorthernAbilities1	1488650	1488839	189
Ww:create964	1488856	1488926	70
BuildingSpellClosure_registerBuildingSpellWithEffect_RaceNorthernAbilities_cast_registerBuildingSpellWithEffect_RaceNorthernAbilities2	1488927	1489116	189
Xw:create965	1489133	1489203	70
BuildingSpellClosure_registerBuildingSpell_RaceNorthernAbilities_cast_registerBuildingSpell_RaceNorthernAbilities	1489204	1489746	542
Yw:create966	1489763	1489833	70
UnitSpellClosure_registerUnitSpellWithTargetOrder_RaceNorthernAbilities_cast_registerUnitSpellWithTargetOrder_RaceNorthernAbilities	1489834	1490060	226
Zw:create967	1490077	1490147	70
UnitSpellClosure_registerUnitSpellWithTargetOrder_RaceNorthernAbilities_cast_registerUnitSpellWithTargetOrder_RaceNorthernAbilities1	1490148	1490375	227
bx:create968	1490392	1490462	70
UnitSpellClosure_registerUnitSpellWithTargetOrder_RaceNorthernAbilities_cast_registerUnitSpellWithTargetOrder_RaceNorthernAbilities2	1490463	1490713	250
ex:create969	1490730	1490800	70
BuildingAttachmentHandler_registerBuildingAttach_RaceNorthern_call_registerBuildingAttach_RaceNorthern	1490801	1490996	195
hx:create970	1491013	1491107	94
ForGroupCallback_forUnitsInRect_RaceOrcAbilities_callback_forUnitsInRect_RaceOrcAbilities	1491108	1491295	187
ox:create971	1491312	1491415	103
CallbackSingle_doAfter_RaceOrcAbilities_call_doAfter_RaceOrcAbilities	1491416	1491575	159
sx:create972	1491592	1491695	103
CallbackSingle_doAfter_RaceOrcAbilities_call_doAfter_RaceOrcAbilities1	1491696	1491856	160
vx:create973	1491873	1491976	103
CallbackSingle_doAfter_RaceOrcAbilities_call_doAfter_RaceOrcAbilities2	1491977	1492137	160
yx:create974	1492154	1492257	103
CallbackSingle_doAfter_RaceOrcAbilities_call_doAfter_RaceOrcAbilities3	1492258	1492492	234
zx:create975	1492509	1492612	103
CallbackSingle_doAfter_doAfter_RaceOrcAbilities_call_doAfter_doAfter_RaceOrcAbilities	1492613	1492788	175
Dx:create976	1492805	1492886	81
ForGroupCallback_forUnitsInRange_RaceOrcAbilities_callback_forUnitsInRange_RaceOrcAbilities	1492887	1493124	237
Ex:create977	1493141	1493211	70
BuildingSpellClosure_registerBuildingSpell_RaceOrcAbilities_cast_registerBuildingSpell_RaceOrcAbilities	1493212	1493361	149
Fx:create978	1493378	1493448	70
BuildingSpellClosure_registerBuildingSpell_RaceOrcAbilities_cast_registerBuildingSpell_RaceOrcAbilities1	1493449	1493812	363
Gx:create979	1493829	1493899	70
BuildingSpellClosure_registerBuildingSpell_RaceOrcAbilities_cast_registerBuildingSpell_RaceOrcAbilities2	1493900	1494185	285
Hx:create980	1494202	1494272	70
BuildingSpellClosure_registerBuildingSpell_RaceOrcAbilities_cast_registerBuildingSpell_RaceOrcAbilities3	1494273	1494558	285
Wx:create981	1494575	1494645	70
BuildingSpellClosure_registerBuildingSpell_RaceOrcAbilities_cast_registerBuildingSpell_RaceOrcAbilities4	1494646	1494792	146
Yx:create982	1494809	1494879	70
UnitSpellClosure_registerUnitSpellWithTargetOrder_RaceOrcAbilities_cast_registerUnitSpellWithTargetOrder_RaceOrcAbilities	1494880	1495119	239
Zx:create983	1495136	1495206	70
UnitSpellClosure_registerUnitSpellWithTargetOrder_RaceOrcAbilities_cast_registerUnitSpellWithTargetOrder_RaceOrcAbilities1	1495207	1495386	179
by:create984	1495403	1495473	70
BuildingAttachmentHandler_registerBuildingAttach_RaceOrc_call_registerBuildingAttach_RaceOrc	1495474	1495691	217
cy:create985	1495708	1495783	75
ForGroupCallback_forUnitsInRect_RaceUndeadAbilities_callback_forUnitsInRect_RaceUndeadAbilities	1495784	1496045	261
ey:create986	1496062	1496165	103
CallbackSingle_doAfter_RaceUndeadAbilities_call_doAfter_RaceUndeadAbilities	1496166	1496331	165
fy:create987	1496348	1496418	70
BuildingSpellClosure_registerBuildingSpell_RaceUndeadAbilities_cast_registerBuildingSpell_RaceUndeadAbilities	1496419	1496635	216
hy:create988	1496652	1496722	70
BuildingSpellClosure_registerBuildingSpell_RaceUndeadAbilities_cast_registerBuildingSpell_RaceUndeadAbilities1	1496723	1496940	217
iy:create989	1496957	1497027	70
BuildingSpellClosure_registerBuildingSpell_RaceUndeadAbilities_cast_registerBuildingSpell_RaceUndeadAbilities2	1497028	1497177	149
jy:create990	1497194	1497264	70
ly	1497265	1497284	19
Action_destroyAction	1497340	1497377	37
ny:create991	1497394	1497639	245
Computed_Computed_subscribe	1497640	1497905	265
Computed_Computed_unsubscribe	1497906	1498166	260
Computed_Computed_onDependencyChanged	1498167	1498594	427
Computed_Computed_get	1498595	1498829	234
Computed_Computed_recompute	1498830	1499167	337
oy:create992	1499184	1499320	136
Observer_Observer_isDisposed	1499321	1499395	74
Observer_Observer_markQueued	1499396	1499469	73
Observer_Observer_trackSource	1499470	1499791	321
Observer_Observer_cleanupSources	1499792	1500064	272
Observer_Observer_destroySources	1500065	1500269	204
Observer_Observer_schedule	1500270	1500396	126
Observer_Observer_onDependencyChanged	1500397	1500482	85
Observer_Observer_runTracked	1500483	1500712	229
Observer_Observer_runObserver	1500713	1500766	53
Observer_Observer_disposeInternal	1500767	1500948	181
py:create993	1500965	1501035	70
qy	1501036	1501059	23
sy	1501159	1501182	23
vy:create994	1501302	1501411	109
Signal_Signal_subscribe	1501412	1501665	253
Signal_Signal_unsubscribe	1501666	1501916	250
Signal_Signal_get	1501917	1502081	164
Signal_Signal_peek	1502082	1502141	59
Signal_Signal_set	1502142	1502237	95
Signal_Signal_notifySubscribers	1502238	1502557	319
Signal_new_Signal	1502558	1502749	191
xy:create995	1502766	1502836	70
Supplier_Supplier_get	1502837	1502875	38
yy:create996	1502892	1503045	153
Watcher_Watcher_runObserver	1503046	1503113	67
Watcher_destroyWatcher	1503114	1503183	69
Watcher_new_Watcher	1503184	1503484	300
Watcher_Watcher_onDestroy	1503485	1503702	217
zy:create997	1503719	1503815	96
CallbackSingle_doAfter_ReengageRuntime_call_doAfter_ReengageRuntime	1503816	1504092	276
Ay:create998	1504109	1504205	96
CallbackSingle_doAfter_doAfter_ReengageRuntime_call_doAfter_doAfter_ReengageRuntime	1504206	1504478	272
By:create999	1504495	1504591	96
CallbackSingle_doAfter_doAfter_doAfter_ReengageRuntime_call_doAfter_doAfter_doAfter_ReengageRuntime	1504592	1504730	138
Cy:create1000	1504747	1504844	97
CallbackSingle_doAfter_ReengageRuntime_call_doAfter_ReengageRuntime1	1504845	1505103	258
Dy:create1001	1505120	1505217	97
CallbackSingle_doAfter_doAfter_ReengageRuntime_call_doAfter_doAfter_ReengageRuntime1	1505218	1505350	132
Ey:create1002	1505367	1505455	88
Reference_Reference_into	1505456	1505575	119
Reference_destroyReference	1505576	1505619	43
Reference_new_Reference	1505620	1505748	128
Fy:create1003	1505765	1505902	137
CallbackSingle_doAfter_RescueStrikeRuntime_call_doAfter_RescueStrikeRuntime	1505903	1506063	160
Gy:create1004	1506080	1506217	137
CallbackSingle_doAfter_RescueStrikeRuntime_call_doAfter_RescueStrikeRuntime1	1506218	1506371	153
Hy:create1005	1506388	1506566	178
OnCastListener_onCast_RescueStrikeRuntime_fire_onCast_RescueStrikeRuntime	1506567	1506688	121
Iy:create1006	1506705	1506876	171
OnPointCast_onPointCast_RescueStrikeRuntime_fireEx_onPointCast_RescueStrikeRuntime	1506877	1507797	920
Jy:create1007	1507814	1507985	171
OnPointCast_onPointCast_RescueStrikeRuntime_fireEx_onPointCast_RescueStrikeRuntime1	1507986	1508367	381
Ky:create1008	1508384	1508555	171
OnPointCast_onPointCast_RescueStrikeRuntime_fireEx_onPointCast_RescueStrikeRuntime2	1508556	1508937	381
Ly:create1009	1508954	1509161	207
DamageListener_addListener_RiptideAttack_onEvent_addListener_RiptideAttack	1509162	1509636	474
My:create1010	1509653	1509746	93
CallbackPeriodic_doPeriodically_RoundEndRuntime_call_doPeriodically_RoundEndRuntime	1509747	1510150	403
Ny:create577	1510167	1510257	90
CallbackSingle_doAfter_RoundEndRuntime_call_doAfter_RoundEndRuntime	1510258	1510362	104
Oy:create1011	1510379	1510450	71
Action_watch_RoundEndRuntime_run_watch_RoundEndRuntime	1510451	1510622	171
Py:create1012	1510639	1510710	71
ModalDismissCallback_onClick_RoundStatsBoard_run_onClick_RoundStatsBoard	1510711	1510842	131
Qy:create1013	1510859	1510930	71
DialogBody_build_RoundStatsBoard_run_build_RoundStatsBoard	1510931	1514407	3476
Ry:create1014	1514424	1514495	71
LayerScope_withParent_build_RoundStatsBoard_run_withParent_build_RoundStatsBoard	1514496	1514986	490
Sy:create1015	1515003	1515179	176
FrameHandleListener_onClick_build_RoundStatsBoard_onEvent_onClick_build_RoundStatsBoard	1515180	1515428	248
Ty:create1016	1515445	1515619	174
FrameHandleListener_onClick_RoundStatsBoard_onEvent_onClick_RoundStatsBoard	1515620	1515856	236
Uy:create1017	1515873	1515964	91
CallbackSingle_doAfter_RoundStatsBoard_call_doAfter_RoundStatsBoard	1515965	1516574	609
Vy:create1018	1516591	1516662	71
Action_watch_doAfter_RoundStatsBoard_run_watch_doAfter_RoundStatsBoard	1516663	1516772	109
Wy:create1019	1516789	1517069	280
ForceColumn_ForceColumn_render	1517070	1519633	2563
ForceColumn_new_ForceColumn	1519634	1519772	138
ForceColumn_construct_ForceColumn	1519773	1521339	1566
Xy:create1020	1521356	1521435	79
LayerScope_withParent_ForceColumn_RoundStatsBoard_run_withParent_ForceColumn_RoundStatsBoard	1521436	1521588	152
Yy:create1021	1521605	1521684	79
LayerScope_withParent_ForceColumn_RoundStatsBoard_run_withParent_ForceColumn_RoundStatsBoard1	1521685	1523230	1545
Zy:create1022	1523247	1523326	79
LayerScope_withParent_withParent_ForceColumn_RoundStatsBoard_run_withParent_withParent_ForceColumn_RoundStatsBoard	1523327	1523807	480
az:create1023	1523824	1523914	90
LayerScope_withParent_withParent_withParent_ForceColumn_RoundStatsBoard_run_withParent_withParent_withParent_ForceColumn_RoundStatsBoard	1523915	1525475	1560
bz:create1024	1525492	1525691	199
PlayerCard_PlayerCard_setMetric	1525692	1526141	449
PlayerCard_PlayerCard_render	1526142	1527257	1115
PlayerCard_PlayerCard_hide	1527258	1527403	145
PlayerCard_new_PlayerCard	1527404	1527530	126
PlayerCard_construct_PlayerCard	1527531	1528890	1359
cz:create1025	1528907	1528986	79
LayerScope_withParent_PlayerCard_RoundStatsBoard_run_withParent_PlayerCard_RoundStatsBoard	1528987	1529131	144
dz:create1026	1529148	1529227	79
LayerScope_withParent_PlayerCard_RoundStatsBoard_run_withParent_PlayerCard_RoundStatsBoard1	1529228	1530131	903
ez:create1027	1530148	1530238	90
LayerScope_withParent_withParent_PlayerCard_RoundStatsBoard_run_withParent_withParent_PlayerCard_RoundStatsBoard	1530239	1531765	1526
fz:create1028	1531782	1531925	143
SummaryCard_SummaryCard_setText	1531926	1532201	275
SummaryCard_new_SummaryCard	1532202	1533279	1077
gz:create1029	1533296	1533375	79
LayerScope_withParent_SummaryCard_RoundStatsBoard_run_withParent_SummaryCard_RoundStatsBoard	1533376	1533523	147
hz:create1030	1533540	1533619	79
LayerScope_withParent_SummaryCard_RoundStatsBoard_run_withParent_SummaryCard_RoundStatsBoard1	1533620	1534586	966
iz:create1031	1534603	1535362	759
RoundPlayerStats_RoundPlayerStats_damageDealt	1535363	1535544	181
RoundPlayerStats_RoundPlayerStats_totalKills	1535545	1535765	220
RoundPlayerStats_RoundPlayerStats_addFrom	1535766	1537633	1867
RoundPlayerStats_RoundPlayerStats_clear	1537634	1538422	788
RoundPlayerStats_new_RoundPlayerStats	1538423	1539297	874
jz:create1032	1539314	1539521	207
DamageListener_addListener_RoundStatsTracking_onEvent_addListener_RoundStatsTracking	1539522	1539708	186
kz:create1033	1539725	1539885	160
EventListener_add_RoundStatsTracking_onEvent_add_RoundStatsTracking	1539886	1540016	130
lz:create1034	1540033	1540104	71
Action_watch_RoundStatsTracking_run_watch_RoundStatsTracking	1540105	1540291	186
mz:create1035	1540308	1540399	91
CallbackSingle_doAfter_RuntimeLedger_call_doAfter_RuntimeLedger	1540400	1540511	111
nz:create1036	1540528	1540611	83
BufferSyncListener_sync_SaveLoadData_onDataSynced_sync_SaveLoadData	1540612	1540940	328
oz:create1037	1540957	1541028	71
pz	1541029	1541056	27
qz:create1038	1541158	1541486	328
BuiltBuildingsSnapshot_BuiltBuildingsSnapshot_ownedCount	1541487	1541651	164
BuiltBuildingsSnapshot_BuiltBuildingsSnapshot_readyCount	1541652	1541816	164
BuiltBuildingsSnapshot_BuiltBuildingsSnapshot_ownedLineCount	1541817	1541993	176
BuiltBuildingsSnapshot_BuiltBuildingsSnapshot_readyUpgradeableLineCount	1541994	1542192	198
BuiltBuildingsSnapshot_BuiltBuildingsSnapshot_readyUpgradeableCount	1542193	1542333	140
BuiltBuildingsSnapshot_new_BuiltBuildingsSnapshot	1542334	1542516	182
BuiltBuildingsSnapshot_construct_BuiltBuildingsSnapshot	1542517	1544245	1728
BuiltBuildingsSnapshot_destroyBuiltBuildingsSnapshot	1544246	1544576	330
rz:create1039	1544593	1544786	193
Serializable_Serializable_addProperty	1544787	1545370	583
Serializable_Serializable_addProperty1	1545371	1545941	570
Serializable_Serializable_getIntProperty	1545942	1546093	151
Serializable_Serializable_getStringProperty	1546094	1546276	182
Serializable_Serializable_serialize	1546277	1546590	313
sz	1546591	1546610	19
Serializable_Serializable_padHash	1546722	1546993	271
Serializable_Serializable_deserialize	1546994	1547726	732
Serializable_Serializable_parseInput	1547727	1548286	559
tz	1548287	1548306	19
Serializable_Serializable_parseProperty	1548422	1548984	562
uz:create1040	1549001	1549116	115
ForceCallback_forEach_ShopAnnouncements_run_forEach_ShopAnnouncements	1549117	1549235	118
vz:create1041	1549252	1549367	115
ForceCallback_forEach_ShopAnnouncements_run_forEach_ShopAnnouncements1	1549368	1549487	119
wz:create1042	1549504	1549664	160
EventListener_add_ShopAnnouncements_onEvent_add_ShopAnnouncements	1549665	1550776	1111
xz:create1043	1550793	1550908	115
ForceCallback_forEach_add_ShopAnnouncements_run_forEach_add_ShopAnnouncements	1550909	1551035	126
yz:create1044	1551052	1551167	115
ForceCallback_forEach_add_ShopAnnouncements_run_forEach_add_ShopAnnouncements1	1551168	1551295	127
zz:create1045	1551312	1551472	160
EventListener_add_ShopAnnouncements_onEvent_add_ShopAnnouncements1	1551473	1551752	279
Az:create1046	1551769	1551929	160
EventListener_add_ShopAnnouncements_onEvent_add_ShopAnnouncements2	1551930	1552110	180
Bz:create1047	1552127	1552198	71
Sim3DSound_destroySim3DSound	1552199	1552244	45
Cz:create1048	1552261	1552342	81
tupleCopy11	1552343	1552392	49
ForForceCallback_execute_SnowveilFountain_run_execute_SnowveilFountain	1552393	1553064	671
Dz:create1049	1553081	1553165	84
tupleCopy12	1553166	1553235	69
ForForceCallback_execute_SnowveilFountain_run_execute_SnowveilFountain1	1553236	1554170	934
Ez:create1050	1554187	1554284	97
CallbackSingle_nullTimer_SnowveilFountain_call_nullTimer_SnowveilFountain	1554285	1554630	345
Fz:create1051	1554647	1554718	71
ForGroupCallback_forUnitsOfPlayer_nullTimer_SnowveilFountain_callback_forUnitsOfPlayer_nullTimer_SnowveilFountain	1554719	1555078	359
Gz:create1052	1555095	1555166	71
BuildingSpellClosure_registerBuildingSpellWithTarget_SnowveilFountain_cast_registerBuildingSpellWithTarget_SnowveilFountain	1555167	1555496	329
Hz:create1053	1555513	1555584	71
BuildingSpellClosure_registerBuildingSpell_SnowveilFountain_cast_registerBuildingSpell_SnowveilFountain	1555585	1555732	147
Iz:create1054	1555749	1555956	207
DamageListener_addListener_SnowveilFountain_onEvent_addListener_SnowveilFountain	1555957	1556409	452
Jz:create1055	1556426	1556497	71
Action_watch_SnowveilFountain_run_watch_SnowveilFountain	1556498	1556676	178
Kz:create1056	1556693	1557098	405
SoundDefinition_SoundDefinition_getSound	1557099	1557212	113
SoundDefinition_SoundDefinition_getSound1	1557213	1558829	1616
SoundDefinition_SoundDefinition_play	1558830	1558935	105
SoundDefinition_SoundDefinition_play1	1558936	1559050	114
SoundDefinition_SoundDefinition_play2	1559051	1559297	246
SoundDefinition_SoundDefinition_playSound	1559298	1560064	766
SoundDefinition_SoundDefinition_playForPlayer	1560065	1560196	131
SoundDefinition_SoundDefinition_playForPlayer1	1560197	1560471	274
SoundDefinition_SoundDefinition_recycle	1560472	1560876	404
Lz:create1057	1560893	1561001	108
CallbackSingle_nullTimer_SoundDefinition_SoundUtils_call_nullTimer_SoundDefinition_SoundUtils	1561002	1561171	169
Mz:create1059	1561188	1561296	108
CallbackSingle_nullTimer_SoundDefinition_SoundUtils_call_nullTimer_SoundDefinition_SoundUtils1	1561297	1561467	170
Nz:create1058	1561484	1561597	113
CallbackSingle_doAfter_SoundDefinition_SoundUtils_call_doAfter_SoundDefinition_SoundUtils	1561598	1561766	168
Oz:create1060	1561783	1561998	215
SoundInstance_new_SoundInstance	1561999	1562247	248
SoundInstance_destroySoundInstance	1562248	1562399	151
Pz:create1061	1562416	1562507	91
CallbackSingle_doAfter_SpamPrevention_call_doAfter_SpamPrevention	1562508	1563025	517
Qz:create1062	1563042	1563202	160
EventListener_add_doAfter_SpamPrevention_onEvent_add_doAfter_SpamPrevention	1563203	1563315	112
Rz:create1063	1563332	1563492	160
EventListener_add_doAfter_SpamPrevention_onEvent_add_doAfter_SpamPrevention1	1563493	1563606	113
Sz:create1064	1563623	1563783	160
EventListener_add_doAfter_SpamPrevention_onEvent_add_doAfter_SpamPrevention2	1563784	1563897	113
Tz:create1065	1563914	1564029	115
CallbackSingle_doAfter_SpecialAttackRuntime_call_doAfter_SpecialAttackRuntime	1564030	1564299	269
Uz:create1066	1564316	1564398	82
ForGroupCallback_forUnitsInRect_SpellHelpers_callback_forUnitsInRect_SpellHelpers	1564399	1564722	323
Vz:create1067	1564739	1564821	82
ForGroupCallback_forUnitsInRect_SpellHelpers_callback_forUnitsInRect_SpellHelpers1	1564822	1565142	320
Wz:create1068	1565159	1565272	113
CallbackSingle_doAfter_SpellHelpers_call_doAfter_SpellHelpers	1565273	1565393	120
Xz:create1069	1565410	1565509	99
CallbackSingle_doAfter_SpellHelpers_call_doAfter_SpellHelpers1	1565510	1565629	119
Yz:create1070	1565646	1565759	113
CallbackSingle_doAfter_SpellHelpers_call_doAfter_SpellHelpers2	1565760	1565881	121
Zz:create1071	1565898	1566011	113
CallbackSingle_doAfter_SpellHelpers_call_doAfter_SpellHelpers3	1566012	1566133	121
aA:create1072	1566150	1566251	101
CallbackSingle_doAfter_SpellHelpers_call_doAfter_SpellHelpers4	1566252	1566387	135
cA:create1073	1566404	1566505	101
CallbackSingle_doAfter_SpellHelpers_call_doAfter_SpellHelpers5	1566506	1566641	135
dA:create1074	1566658	1566759	101
CallbackSingle_doAfter_SpellHelpers_call_doAfter_SpellHelpers6	1566760	1566895	135
eA:create1075	1566912	1567013	101
CallbackSingle_doAfter_SpellHelpers_call_doAfter_SpellHelpers7	1567014	1567149	135
fA:create1076	1567166	1567257	91
CallbackSingle_doAfter_StasisTrap_call_doAfter_StasisTrap	1567258	1568077	819
gA:create1077	1568094	1568165	71
hA:create1078	1568182	1568253	71
NoOpState_NoOpState_enter	1568254	1568300	46
NoOpState_NoOpState_update	1568301	1568352	51
NoOpState_NoOpState_exit	1568353	1568398	45
NoOpState_destroyNoOpState	1568399	1568442	43
iA:create1079	1568459	1568530	71
jA	1568531	1568554	23
kA	1568610	1568637	27
lA	1568695	1568718	23
State_destroyState	1568772	1568807	35
mA:create1080	1568824	1569007	183
StringIterator_new_StringIterator	1569008	1569268	260
StringIterator_StringIterator_hasNext	1569269	1569389	120
StringIterator_StringIterator_next	1569390	1570288	898
StringIterator_destroyStringIterator	1570289	1570342	53
nA:create1081	1570359	1570519	160
EventListener_add_SummonRuntime_onEvent_add_SummonRuntime	1570520	1570610	90
oA:create1082	1570627	1570698	71
pA	1570699	1570722	23
BufferSyncListener_destroyBufferSyncListener	1570844	1570905	61
qA:create1083	1570922	1570993	71
rA	1570994	1571017	23
StringSyncListener_destroyStringSyncListener	1571139	1571200	61
tA:create1084	1571217	1571452	235
SyncData_new_SyncData	1571453	1571935	482
SyncData_SyncData_onDestroy	1571936	1572303	367
SyncData_destroySyncData	1572304	1572377	73
vA:create1085	1572394	1572509	115
ForceCallback_forEach_SyncSystem_run_forEach_SyncSystem	1572510	1572801	291
xA:create1086	1572818	1572939	121
CallbackSingle_doAfter_SyncSystem_call_doAfter_SyncSystem	1572940	1573803	863
AA:create1087	1573820	1573942	122
CallbackSingle_nullTimer_SyncSystem_call_nullTimer_SyncSystem	1573943	1574090	147
BA:create1088	1574107	1574230	123
CallbackSingle_nullTimer_SyncSystem_call_nullTimer_SyncSystem1	1574231	1574355	124
CA:create1089	1574372	1574473	101
CallbackSingle_doAfter_SyncSystem_call_doAfter_SyncSystem1	1574474	1574575	101
DA:create1090	1574592	1574696	104
CallbackSingle_doAfter_SyncSystem_call_doAfter_SyncSystem2	1574697	1574999	302
EA:create1091	1575016	1575109	93
ForceCallback_forEach_SyncSystem_run_forEach_SyncSystem1	1575110	1575775	665
FA:create1092	1575792	1575883	91
CallbackSingle_doAfter_SyncSystem_call_doAfter_SyncSystem3	1575884	1576395	511
GA:create1093	1576412	1576556	144
HA	1576557	1576793	236
SyncMsg_destroySyncMsg	1576853	1576892	39
IA:create1094	1576909	1577371	462
Cell_Cell_declaredWidth	1577372	1577776	404
Cell_Cell_declaredHeight	1577777	1578189	412
Cell_Cell_inspectText	1578190	1578480	290
Cell_new_Cell	1578481	1579057	576
Cell_Cell_invalidate	1579058	1580935	1877
Cell_Cell_layout	1580936	1581468	532
Cell_destroyCell	1581469	1581502	33
KA:create1095	1581519	1581876	357
LayoutReport_new_LayoutReport	1581877	1582245	368
LayoutReport_LayoutReport_reportZeroSize	1582246	1582756	510
LayoutReport_LayoutReport_reportRowOverflow	1582757	1583212	455
LayoutReport_LayoutReport_reportVerticalOverflow	1583213	1583451	238
LayoutReport_destroyLayoutReport	1583452	1583501	49
LayoutReport_LayoutReport_reportTextOverflow	1583502	1584122	620
LA:create1096	1584139	1584291	152
Row_new_Row	1584292	1584578	286
Row_Row_add	1584579	1584734	155
Row_Row_invalidate	1584735	1587030	2295
Row_Row_hasGrowY	1587031	1587367	336
Row_Row_layout	1587368	1588754	1386
Row_Row_contains	1588755	1589123	368
Row_destroyRow	1589124	1589177	53
Row_Row_onDestroy	1589178	1589495	317
MA:create1097	1589512	1589980	468
TableLayout_TableLayout_row	1589981	1590352	371
TableLayout_TableLayout_add	1590353	1590792	439
TableLayout_TableLayout_getLastCellOrWarn	1590793	1591191	398
TableLayout_TableLayout_growX	1591192	1591356	164
TableLayout_TableLayout_growY	1591357	1591521	164
TableLayout_TableLayout_columns	1591522	1591611	89
TableLayout_TableLayout_recomputeColumns	1591612	1594687	3075
TableLayout_TableLayout_columnSlotWidth	1594688	1595132	444
TableLayout_TableLayout_gridTotalWidth	1595133	1595605	472
TableLayout_TableLayout_padTop	1595606	1595780	174
TableLayout_TableLayout_padBot	1595781	1595955	174
TableLayout_TableLayout_padLeft	1595956	1596132	176
TableLayout_TableLayout_padRight	1596133	1596311	178
TableLayout_TableLayout_gap	1596312	1596414	102
TableLayout_TableLayout_applyTo	1596415	1597043	628
TableLayout_TableLayout_createContainer	1597044	1597189	145
TableLayout_TableLayout_layout	1597190	1600566	3376
TableLayout_TableLayout_defaultHalign	1600567	1600665	98
TableLayout_TableLayout_center	1600666	1600843	177
TableLayout_TableLayout_start	1600844	1601020	176
TableLayout_TableLayout_middle	1601021	1601198	177
TableLayout_TableLayout_inspect	1601199	1604931	3732
TableLayout_TableLayout_requiredHeight	1604932	1605139	207
TableLayout_TableLayout_fitHeightToContent	1605140	1605295	155
TableLayout_TableLayout_remove	1605296	1605963	667
TableLayout_new_TableLayout	1605964	1606749	785
TableLayout_new_TableLayout1	1606750	1607495	745
TableLayout_TableLayout_onDestroy	1607496	1607899	403
TableLayout_destroyTableLayout	1607900	1607985	85
NA:create1098	1608002	1608174	172
UIBar_UIBar_create	1608175	1609964	1789
UIBar_UIBar_applyValue	1609965	1611007	1042
UIBar_UIBar_getActiveTexture	1611008	1611179	171
UIBar_UIBar_getBgTexture	1611180	1611239	59
UIBar_UIBar_setValue	1611240	1611383	143
UIBar_new_UIBar	1611384	1611627	243
OA:create1099	1611644	1611819	175
FrameHandleListener_onClick_TableUiButtons_onEvent_onClick_TableUiButtons	1611820	1612004	184
PA:create1100	1612021	1612092	71
RA	1612093	1612116	23
VA:create5	1612238	1612391	153
UICheckbox_UICheckbox_setup	1612392	1613372	980
UICheckbox_UICheckbox_addListener	1613373	1613455	82
UICheckbox_UICheckbox_getFrame	1613456	1613528	72
UICheckbox_UICheckbox_setChecked	1613529	1613833	304
XA:create1101	1613850	1614022	172
FrameHandleListener_onClick_UICheckbox_TableUiButtons_onEvent_onClick_UICheckbox_TableUiButtons	1614023	1614565	542
aB:create1102	1614582	1614653	71
bB	1614654	1614673	19
cB:create1103	1614761	1614906	145
UIDialog_UIDialog_hide	1614907	1615196	289
UIDialog_UIDialog_getFrame	1615197	1615758	561
UIDialog_UIDialog_build	1615759	1615908	149
UIDialog_UIDialog_placeSafe	1615909	1616065	156
UIDialog_new_UIDialog	1616066	1616333	267
dB:create1104	1616350	1616421	71
eB	1616422	1616441	19
fB:create1105	1616529	1616600	71
gB	1616601	1616620	19
hB:create1106	1616748	1616978	230
UIModalBackdrop_UIModalBackdrop_create	1616979	1618471	1492
UIModalBackdrop_UIModalBackdrop_createDimStrip	1618472	1619272	800
UIModalBackdrop_UIModalBackdrop_getFrame	1619273	1619380	107
UIModalBackdrop_UIModalBackdrop_show	1619381	1619838	457
UIModalBackdrop_UIModalBackdrop_hide	1619839	1620334	495
UIModalBackdrop_UIModalBackdrop_onClick	1620335	1620657	322
UIModalBackdrop_new_UIModalBackdrop	1620658	1621007	349
iB:create1107	1621024	1621203	179
FrameHandleListener_onClick_UIModalBackdrop_TableUiModal_onEvent_onClick_UIModalBackdrop_TableUiModal	1621204	1621451	247
jB:create1108	1621468	1621771	303
UIInteractionDirective_UIInteractionDirective_withSelection	1621772	1622207	435
UIInteractionDirective_UIInteractionDirective_getClickFrame	1622208	1622326	118
UIInteractionDirective_UIInteractionDirective_setSelected	1622327	1622637	310
UIInteractionDirective_UIInteractionDirective_setDisabled	1622638	1623394	756
UIInteractionDirective_UIInteractionDirective_withTooltip	1623395	1623748	353
UIInteractionDirective_UIInteractionDirective_refresh	1623749	1625068	1319
UIInteractionDirective_new_UIInteractionDirective	1625069	1625243	174
UIInteractionDirective_construct_UIInteractionDirective	1625244	1625973	729
kB:create1109	1625990	1626235	245
UITabs_UITabs_addTab	1626236	1626967	731
UITabs_UITabs_showTab	1626968	1627417	449
UITabs_UITabs_build	1627418	1629353	1935
UITabs_new_UITabs	1629354	1630390	1036
lB:create1110	1630407	1630598	191
FrameHandleListener_onClick_UITabs_TableUiTabs_onEvent_onClick_UITabs_TableUiTabs	1630599	1630831	232
mB:create1111	1630848	1630979	131
UITooltip_UITooltip_setText	1630980	1631249	269
UITooltip_UITooltip_getFrame	1631250	1631320	70
UITooltip_new_UITooltip	1631321	1633002	1681
nB:create1112	1633019	1633090	71
Table_Table_hasInt	1633091	1633188	97
Table_Table_hasString	1633189	1633292	103
Table_Table_removeInt	1633293	1633396	103
Table_Table_loadInt	1633397	1633496	99
Table_Table_saveInt	1633497	1633686	189
Table_Table_loadString	1633687	1633792	105
Table_Table_saveString	1633793	1633981	188
Table_Table_loadUnit	1633982	1634089	107
Table_Table_loadDestructable	1634090	1634213	123
Table_Table_loadForce	1634214	1634323	109
Table_Table_loadTrigger	1634324	1634437	113
Table_Table_loadEffect	1634438	1634549	111
Table_Table_saveFogState	1634550	1634751	201
Table_Table_loadFrameHandle	1634752	1634867	115
Table_Table_flush	1634868	1635003	135
Table_new_Table	1635004	1635077	73
Table_destroyTable	1635078	1635154	76
oB:create1113	1635171	1635265	94
QueueTask_QueueTask_run	1635266	1635314	48
QueueTask_destroyQueueTask	1635315	1635358	43
pB:create1114	1635375	1635546	171
TaskQueue_TaskQueue_add	1635547	1635688	141
TaskQueue_TaskQueue_executePeriodic	1635689	1635871	182
TaskQueue_TaskQueue_executeTasks	1635872	1636688	816
qB:create1115	1636705	1636805	100
CallbackSingle_doAfter_TaskQueue_TaskQueue_call_doAfter_TaskQueue_TaskQueue	1636806	1636940	134
rB:create1116	1636957	1637057	100
CallbackSingle_doAfter_TaskQueue_TaskQueue_call_doAfter_TaskQueue_TaskQueue1	1637058	1637193	135
sB:create1117	1637210	1637320	110
CallbackSingle_nullTimer_TeamCompositionStats_call_nullTimer_TeamCompositionStats	1637321	1637477	156
tB:create1118	1637494	1637617	123
CallbackSingle_nullTimer_TeamCompositionStats_call_nullTimer_TeamCompositionStats1	1637618	1637782	164
uB:create1119	1637799	1637925	126
CallbackSingle_nullTimer_TeamCompositionStats_call_nullTimer_TeamCompositionStats2	1637926	1638093	167
vB:create1120	1638110	1638236	126
CallbackSingle_nullTimer_TeamCompositionStats_call_nullTimer_TeamCompositionStats3	1638237	1638404	167
wB:create1121	1638421	1638529	108
CallbackSingle_nullTimer_TeamCompositionStats_call_nullTimer_TeamCompositionStats4	1638530	1638679	149
xB:create1122	1638696	1639023	327
CompositionStats_CompositionStats_getRsCount	1639024	1639227	203
CompositionStats_CompositionStats_applyBuildingWorth	1639228	1640097	869
CompositionStats_CompositionStats_reset	1640098	1640539	441
CompositionStats_CompositionStats_modifyStat	1640540	1640700	160
CompositionStats_CompositionStats_getStat	1640701	1640801	100
yB:create1123	1640818	1640889	71
BuildingSpellClosure_registerBuildingSpell_ThunderpawSpire_cast_registerBuildingSpell_ThunderpawSpire	1640890	1641205	315
zB:create1124	1641222	1641313	91
CallbackSingle_doAfter_ThunderpawSpire_call_doAfter_ThunderpawSpire	1641314	1641659	345
AB:create1125	1641676	1641747	71
Action_watch_doAfter_ThunderpawSpire_run_watch_doAfter_ThunderpawSpire	1641748	1642002	254
BB:create1126	1642019	1642226	207
DamageListener_addListener_doAfter_ThunderpawSpire_onEvent_addListener_doAfter_ThunderpawSpire	1642227	1647013	4786
CB:create1127	1647030	1647136	106
CallbackSingle_doAfter_addListener_doAfter_ThunderpawSpire_call_doAfter_addListener_doAfter_ThunderpawSpire	1647137	1647299	162
DB:create1128	1647316	1647414	98
ForGroupCallback_forUnitsInRange_addListener_doAfter_ThunderpawSpire_callback_forUnitsInRange_addListener_doAfter_ThunderpawSpire	1647415	1647979	564
EB:create1129	1647996	1648101	105
CallbackSingle_doAfter_addListener_doAfter_ThunderpawSpire_call_doAfter_addListener_doAfter_ThunderpawSpire1	1648102	1648259	157
FB:create1130	1648276	1648385	109
CallbackSingle_doAfter_addListener_doAfter_ThunderpawSpire_call_doAfter_addListener_doAfter_ThunderpawSpire2	1648386	1648944	558
GB:create1131	1648961	1649065	104
CallbackSingle_doAfter_doAfter_addListener_doAfter_ThunderpawSpire_call_doAfter_doAfter_addListener_doAfter_ThunderpawSpire	1649066	1649337	271
HB:create1132	1649354	1649457	103
CallbackSingle_doAfter_TowerRange_call_doAfter_TowerRange	1649458	1649887	429
IB:create1133	1649904	1650075	171
OnCastListener_onCast_TowerRange_fire_onCast_TowerRange	1650076	1650235	159
JB:create1134	1650252	1650412	160
EventListener_add_TrainProgressRuntime_onEvent_add_TrainProgressRuntime	1650413	1650536	123
KB:create1135	1650553	1650760	207
DamageListener_addListener_TrollBlood_onEvent_addListener_TrollBlood	1650761	1651616	855
LB:create1136	1651633	1651704	71
Action_watch_UltimateRoll_run_watch_UltimateRoll	1651705	1651980	275
MB:create1137	1651997	1652076	79
LLItrClosure_forEach_UltimateRoll_run_forEach_UltimateRoll	1652077	1652222	145
NB:create1138	1652239	1652318	79
LLItrClosure_forEach_UltimateRoll_run_forEach_UltimateRoll1	1652319	1652464	145
PB:create1139	1652481	1652787	306
QB:create1140	1652804	1652907	103
CallbackSingle_doAfter_UnitEnterRuntime_call_doAfter_UnitEnterRuntime	1652908	1653137	229
RB:create1141	1653154	1653251	97
CallbackSingle_doAfter_doAfter_UnitEnterRuntime_call_doAfter_doAfter_UnitEnterRuntime	1653252	1653420	168
SB:create1142	1653437	1653528	91
CallbackSingle_doAfter_UnitEnterRuntime_call_doAfter_UnitEnterRuntime1	1653529	1654111	582
TB:create1143	1654128	1654218	90
UnitIndex_new_UnitIndex	1654219	1654509	290
UnitIndex_destroyUnitIndex	1654510	1654704	194
UB:create1144	1654721	1655373	652
UnitObjectMeta_new_UnitObjectMeta	1655374	1656380	1006
VB:create1145	1656397	1656737	340
UnitStat_UnitStat_hp	1656738	1656816	78
UnitStat_UnitStat_armor	1656817	1656898	81
UnitStat_UnitStat_dt	1656899	1656980	81
UnitStat_UnitStat_speed	1656981	1657063	82
UnitStat_UnitStat_d0	1657064	1657144	80
UnitStat_UnitStat_n0	1657145	1657225	80
UnitStat_UnitStat_s0	1657226	1657308	82
UnitStat_UnitStat_c0	1657309	1657390	81
UnitStat_UnitStat_r0	1657391	1657469	78
UnitStat_UnitStat_d1	1657470	1657550	80
UnitStat_UnitStat_n1	1657551	1657631	80
UnitStat_UnitStat_s1	1657632	1657714	82
UnitStat_UnitStat_c1	1657715	1657796	81
UnitStat_UnitStat_r1	1657797	1657875	78
UnitStat_UnitStat_applyAttack0Range	1657876	1658365	489
UnitStat_UnitStat_hasAttack2Override	1658366	1658607	241
UnitStat_UnitStat_hasAuthoredDualRanges	1658608	1658712	104
UnitStat_UnitStat_usesAttack0RangeCompensation	1658713	1658866	153
UnitStat_UnitStat_applyTo	1658867	1660469	1602
WB	1660470	1660954	484
XB:create1146	1661034	1661151	117
CallbackSingle_doAfter_UnitTrainingRuntime_call_doAfter_UnitTrainingRuntime	1661152	1661298	146
YB:create1147	1661315	1661432	117
CallbackSingle_doAfter_UnitTrainingRuntime_call_doAfter_UnitTrainingRuntime1	1661433	1661578	145
ZB:create1148	1661595	1661712	117
CallbackSingle_doAfter_UnitTrainingRuntime_call_doAfter_UnitTrainingRuntime2	1661713	1661859	146
aC:create1149	1661876	1662036	160
EventListener_add_UnitTrainingRuntime_onEvent_add_UnitTrainingRuntime	1662037	1662138	101
bC:create1150	1662155	1662315	160
EventListener_add_UnitTrainingRuntime_onEvent_add_UnitTrainingRuntime1	1662316	1662439	123
cC:create1151	1662456	1662527	71
ForGroupCallback_forUnitsInRect_VesselOfPurity_callback_forUnitsInRect_VesselOfPurity	1662528	1662682	154
dC:create1152	1662699	1662770	71
ForGroupCallback_forUnitsInRange_VesselOfPurity_callback_forUnitsInRange_VesselOfPurity	1662771	1662927	156
eC:create1153	1662944	1663025	81
ForGroupCallback_forUnitsInRange_VesselOfPurity_callback_forUnitsInRange_VesselOfPurity1	1663026	1663442	416
fC:create1154	1663459	1663530	71
BuildingSpellClosure_registerBuildingSpell_VesselOfPurity_cast_registerBuildingSpell_VesselOfPurity	1663531	1663675	144
gC:create1155	1663692	1663783	91
CallbackSingle_doAfter_W3Champions_call_doAfter_W3Champions	1663784	1664596	812
hC:create1156	1664613	1664704	91
CallbackSingle_doAfter_doAfter_W3Champions_call_doAfter_doAfter_W3Champions	1664705	1664831	126
iC:create1157	1664848	1664939	91
CallbackSingle_doAfter_doAfter_W3Champions_call_doAfter_doAfter_W3Champions1	1664940	1665044	104
jC:create1158	1665061	1665152	91
CallbackSingle_doAfter_W3Champions_call_doAfter_W3Champions1	1665153	1665743	590
kC:create1159	1665760	1665851	91
CallbackSingle_doAfter_Whirlwind_call_doAfter_Whirlwind	1665852	1666142	290
lC:create1160	1666159	1666366	207
DamageListener_addListener_doAfter_Whirlwind_onEvent_addListener_doAfter_Whirlwind	1666367	1667073	706
mC:create1161	1667090	1667170	80
ForGroupCallback_forUnitsInRange_addListener_doAfter_Whirlwind_callback_forUnitsInRange_addListener_doAfter_Whirlwind	1667171	1667651	480
nC:create1162	1667668	1667783	115
CmdMatcher_addCommand_WurstCommand_matchCmd_addCommand_WurstCommand	1667784	1667900	116
oC:create1163	1667917	1667988	71
CmdMatcher_addCommand_WurstCommand_matchCmd_addCommand_WurstCommand1	1667989	1668098	109
pC:create1164	1668115	1668186	71
ArgHandler_addCommand_WurstCommand_handleArgs_addCommand_WurstCommand	1668187	1668671	484
qC:create1165	1668688	1668759	71
MapClosure_map_filter_joinBy_DisplayTimedTextToPlayer_addCommand_WurstCommand_run_map_filter_joinBy_DisplayTimedTextToPlayer_addCommand_WurstCommand	1668760	1668952	192
rC:create1166	1668969	1669040	71
LinkedListPredicate_filter_joinBy_DisplayTimedTextToPlayer_addCommand_WurstCommand_isTrueFor_filter_joinBy_DisplayTimedTextToPlayer_addCommand_WurstCommand	1669041	1669237	196
sC:create1167	1669254	1669414	160
EventListener_add_WurstCommand_onEvent_add_WurstCommand	1669415	1669884	469
tC:create1168	1669901	1669972	71
uC	1669973	1670004	31
vC:create1169	1670106	1670177	71
wC	1670178	1670209	31
xC:create1170	1670307	1670470	163
yC	1670471	1670698	227
zC	1670757	1672723	1966
__wurst_rawToNumberInt	1672766	1672825	59
__wurst_rawToInteger	1672826	1672889	63
__wurst_ensureInt	1672890	1673103	213
__wurst_ensureBool	1673104	1673208	104
__wurst_rawToNumberReal	1673209	1673269	60
__wurst_ensureReal	1673270	1673417	147
__wurst_rawToString	1673418	1673474	56
__wurst_ensureStr	1673475	1673594	119
__wurst_rawConcat	1673595	1673649	54
__wurst_stringConcat	1673650	1673824	174
safeDestroyEffect	1673825	1673916	91
AC	1673917	1674394	477
buildingTypeIndex	1674448	1674641	193
getRoundTimeSeconds	1674642	1674695	53
isVulnerable	1674696	1674784	88
fN	1674785	1675707	922
startStartupPlayableReveal	1675708	1676130	422
FR	1676131	1676260	129
buildingTypeIndexOfUnit	1676261	1676388	127
BC	1676389	1677340	951
QN	1677366	1677433	67
UN	1677434	1677812	378
getPlayerStartLoc	1677813	1678043	230
setBaseMode	1678044	1684230	6186
VN	1684231	1684359	128
yA	1684360	1684564	204
LN	1684565	1684625	60
RN	1684626	1685159	533
rR	1685160	1685286	126
mN	1685287	1685690	403
eN	1685691	1685728	37
MN	1685729	1685856	127
UA	1685857	1686069	212
zA	1686070	1686271	201
EN	1686272	1686417	145
GR	1686418	1687056	638
DJ	1687057	1687110	53
Dd	1687111	1687456	345
XH	1687457	1687731	274
setupDominationMode	1687732	1689550	1818
lN	1689551	1690937	1386
uA	1690938	1693113	2175
clearStartupPlayableReveal	1693114	1693326	212
checkForCpuSlots	1693327	1693573	246
setupRoundAlliances	1693574	1693705	131
yd	1693706	1693894	188
startGame	1693895	1694139	244
aJ	1694140	1694675	535
isNotTentacle	1694676	1694765	89
isNotBanished	1694766	1694855	89
safeUnitAddAbility	1694856	1695046	190
CC	1695047	1697293	2246
hasShield	1697343	1697636	293
checkForShield	1697637	1697850	213
Id	1697851	1698045	194
sA	1698046	1698223	177
secondsBetweenNowAnd	1698224	1698366	142
clearUltiTexttags	1698367	1698553	186
DC	1698554	1698985	431
EC	1699041	1699119	78
applyProtectedAbilityFieldsForJassAdd	1699171	1700832	1661
polarProjectLoc	1700833	1701013	180
FC	1701014	1702160	1146
GC	1702186	1702800	614
HC	1702826	1703737	911
IC	1703763	1703791	28
oR	1703817	1704008	191
removeCoinsAndStartNext	1704009	1704199	190
createCoins	1704200	1705454	1254
announceBounty	1705455	1705998	543
JC	1705999	1706111	112
KC	1706163	1706481	318
LC	1706507	1707509	1002
MC	1707535	1708187	652
TA	1708213	1708622	409
wA	1708623	1708949	326
vN	1708950	1709459	509
aN	1709460	1709998	538
CN	1709999	1711458	1459
dN	1711459	1712361	902
DN	1712362	1712576	214
NC	1712577	1712904	327
restoreKilledDestructable	1712962	1713489	527
JN	1713490	1714091	601
kN	1714092	1714181	89
KN	1714182	1714447	265
qN	1714448	1714679	231
updatePlayerAlliances	1714680	1715455	775
OC	1715456	1715604	148
YN	1715666	1716726	1060
zN	1716727	1717787	1060
PC	1717788	1717936	148
QC	1717962	1718480	518
RC	1718506	1718861	355
SC	1718887	1720344	1457
nd	1720408	1720726	318
Vd	1720727	1721189	462
Ed	1721190	1721582	392
Od	1721583	1721702	119
TC	1721703	1721945	242
UC	1721971	1722331	360
VC	1722377	1722593	216
WC	1722636	1722751	115
showAlliedUltLabels	1722777	1723224	447
showEnemyUltLabels	1723225	1723540	315
LD	1723541	1723712	171
mD	1723713	1725460	1747
pD	1725461	1727060	1599
sD	1727061	1727259	198
XC	1727260	1730059	2799
YC	1730085	1731172	1087
ZC	1731212	1731248	36
aD	1731274	1732790	1516
bD	1732854	1733011	157
cD	1733037	1733136	99
dD	1733162	1733731	569
eD	1733785	1734121	336
fD	1734185	1734378	193
gD	1734440	1734776	336
hD	1734840	1735178	338
iD	1735248	1739319	4071
main	1739381	1983756	244375
config	1983757	1992610	8853
jD	1992611	1994597	1986
kD	1994647	2001274	6627
abilityFieldMix	2001346	2001503	157
abilityFieldMicros	2001504	2001578	74
protectedAbilityFieldRowCount	2004764	2004818	54
protectedAbilityFieldAbilityIdAt	2004819	2004954	135
protectedAbilityFieldLevelIndexAt	2004955	2005093	138
protectedAbilityFieldCooldownAt	2005094	2005229	135
protectedAbilityFieldManaAt	2005230	2005360	130
applyProtectedAbilityFields	2005361	2005829	468
itemTypeHasProtectedAbilityFields	2005830	2005903	73
applyProtectedItemAbilityFields	2005904	2006436	532
addProtectedItemById	2006437	2006600	163
unit_addProtectedItemById	2006601	2006683	82
addProtectedAbility	2006684	2006840	156
assertAbilityFieldSourceIntegrity__w3p_vmProtect	2008480	2008570	90
nD	2008571	2008633	62
oD	2008731	2008781	50
rD	2008902	2009034	132
tD	2009158	2009272	114
uD	2009395	2009511	116
vD	2009635	2009747	112
wD	2009871	2009997	126
xD	2010121	2079388	69267
yD	2079456	2079472	16
zD	2079524	2079540	16
AD	2079606	2079622	16
BD	2079700	2079739	39
clearPendingVote	2079799	2079989	190
warnAfkPlayers	2079990	2080320	330
cleanupPlayerAfkOnLeave	2080321	2080609	288
togglePlayerAfkInternal	2080610	2082417	1807
code__TimerStart_AfkAwayRuntime	2082418	2082479	61
togglePlayerAway	2082480	2084192	1712
CD	2084193	2084454	261
markAfkCheckConfirmed	2084502	2084611	109
confirmAfkCheck	2084612	2085127	515
startAfkCheck	2085128	2086386	1258
DD	2086387	2086652	265
getRecentBuildSlot	2086698	2086758	60
getAiInfoSlot	2086759	2086814	55
ED	2086815	2087039	224
getAiRecentBuildsText	2087105	2087882	777
aiInfoFrameHeight	2087883	2087965	82
aiScoreTextHeight	2087966	2088048	82
shouldShowExtendedAiDetails	2088049	2088132	83
shouldUpdateAiInfoForPlayer	2088133	2088223	90
getAiPlayerTint	2088224	2088395	171
getAiInfoBuildingIcon	2088396	2088589	193
getAiDebugUpgradeLevelLabel	2088590	2088928	338
aiInfoMatchesChosenDecision	2088929	2089070	141
getAiInfoScoreText	2089071	2089316	245
refreshAiInfoChosenMarker	2089317	2089892	575
tupleCopy13	2089893	2089956	63
updateAiInfoFrame	2089957	2095548	5591
makeAiInfoFrame	2095549	2099484	3935
aspectScoreForBuilding	2099485	2099839	354
applyCandidateCompositionStats	2099840	2100033	193
compositionStageFactor	2100034	2100242	208
aspectScoreForBuildingWithReadyPrecursorCount	2100243	2100647	404
computeArmyShapeScore	2100648	2100800	152
FD	2100801	2100842	41
computeAntiCageCounterScore	2100914	2101108	194
computeStaleAntiAirScore	2101109	2101669	560
computeGoldGapScore	2101670	2102229	559
computeCostIncomeScore	2102230	2102369	139
computeSiegePressureScore	2102370	2102868	498
computeTowerDefenseScore	2102869	2104432	1563
GD	2104433	2104564	131
failParentKey	2104626	2104714	88
failChildKey	2104715	2104800	85
isAiDecisionBlocked	2104801	2104997	196
isAiDecisionBlocked1	2104998	2105214	216
clearAiDecisionFailures	2105215	2105377	162
blockAiDecisionFor	2105378	2105562	184
noteAiDecisionFailure	2105563	2106190	627
noteAiDecisionSuccess	2106191	2106460	269
HD	2106461	2106645	184
normalizeMeleeCageWallDecision	2106709	2106962	253
getAiInfoScratchList	2106963	2107130	167
getAiInfoDisplayScratchList	2107131	2107305	174
setAiPowerPlantReadyPriority	2107306	2107412	106
isAiPowerPlantReadyPriority	2107413	2107530	117
shouldPursueFirstPowerPlant434	2107531	2107778	247
decisionKeyForDebugCandidate	2107779	2108121	342
tupleCopy14	2108122	2108308	186
makeAffordanceIndependentDebugInfo	2108309	2109158	849
campaignAdjustedScore	2109159	2109520	361
addDebugInfoSorted	2109521	2110504	983
ensureDebugInfoVisible	2110505	2111086	581
makeProfiledDecision	2111087	2111549	462
makeFallbackDecision	2111550	2111894	344
canHonorPriorityNow	2111895	2112208	313
scorePriorityIgnoringGold	2112209	2112399	190
canStillBuildLegendaryForPlayer	2112400	2112488	88
isActualLegendarySpecialTarget	2112489	2112652	163
isLegendarySpecialGoalTarget	2112653	2113051	398
shouldBlockLateLegendaryUnitLineStart	2113052	2113260	208
shouldBlockLateLegendaryUnitLineStartForState	2113261	2113393	132
allowsLegendaryUnitRushAfterSpecialSpend	2113394	2113484	90
shouldBlockLateLegendaryUnitLineStartForPlayer	2113485	2114055	570
getCommittedLegendaryUnitRushRootId	2114056	2114771	715
shouldPursueLegendarySpecialGoal	2114772	2115471	699
shouldBlockForLegendarySpecialGoal	2115472	2115660	188
shouldBlockForLegendaryUnitRush	2115661	2115891	230
isLumberOverflowSpecialTarget	2115892	2116217	325
shouldPursueLumberOverflowSpecialGoal	2116218	2116701	483
shouldBlockForLumberOverflowSpecialGoal	2116702	2116825	123
prefilterBlockReason	2116826	2117570	744
campaignPreferenceContribution	2117571	2117784	213
campaignCheapnessScore	2117785	2118136	351
campaignAntiAirEmergencyContribution	2118137	2118540	403
choiceScoreForProfile	2118541	2118703	162
getAiChoiceScoreLossLimit	2118704	2119052	348
chooseCampaignAdjustedDecision	2119053	2119972	919
chooseDefaultProfiledDecision	2119973	2121753	1780
chooseProfiledDecision	2121754	2122271	517
chooseBestBuildingInternal	2122272	2129813	7541
updateAiChoiceInfoFrame	2129814	2131660	1846
chooseBestBuildingQuiet	2131661	2131986	325
ID	2131987	2132046	59
tupleCopy15	2132110	2132152	42
canonicalizeBuildableText	2132153	2132747	594
getState	2132748	2132952	204
hasTechAccess	2132953	2133152	199
setAiBuildablesFromList	2133153	2134196	1043
displayName	2134197	2134526	329
findBuildableNameByType	2134527	2135045	518
getExampleBuildableName	2135046	2135808	762
scoreBuildableName	2135809	2136686	877
findBestBuildableMatch	2136687	2140203	3516
findBestBuildableMatchAny	2140204	2142121	1917
player_displayAiChatToLocalTeamMember	2142122	2142304	182
JD	2142305	2172397	30092
player_aiChatMsg	2172453	2173022	569
getChatState	2173023	2173219	196
player_assignAiCallName	2173220	2173998	778
isColorToken	2173999	2174389	390
isOtherAiCallsign	2174390	2175169	779
getForceOf	2175170	2175384	214
isChatAi	2175385	2175653	268
isAddressedTo	2175654	2176485	831
isBuildCommandToken	2176486	2176707	221
isAiAddressTokenAt	2176708	2177397	689
buildableMatchTokens	2177398	2177877	479
normalizeAndTokenize	2177878	2179020	1142
scoreIntent	2179021	2180063	1042
detectIntentFromTokens	2180064	2180451	387
cheapHash	2180452	2180707	255
getTeamChatAis	2180708	2181136	428
isElectedResponder	2181137	2181595	458
isElectedBuildRequestResponder	2181596	2182801	1205
canRespondNow	2182802	2182981	179
isYes	2182982	2183380	398
isNo	2183381	2183727	346
hasToken	2183728	2183977	249
isRsDisable	2183978	2184286	308
isRsEnable	2184287	2184596	309
isRsRelatedIntent	2184597	2184707	110
aiHasRescueStrike	2184708	2184918	210
hasForceFlag	2184919	2184997	78
isPriorityClearCommand	2184998	2185412	414
isStuckDebugCommand	2185413	2185573	160
markResponded	2185574	2185711	137
canSendEventNow	2185712	2185890	178
markEventSent	2185891	2186025	134
formatPriorityDuration	2186026	2186212	186
isPersistentPriorityRequest	2186213	2186339	126
findOwnedExampleName	2186340	2186972	632
isMapMakerQuestion	2186973	2187299	326
respondPriorityApplied	2187300	2187967	667
respondPriorityRefused	2187968	2188240	272
shouldAcceptPriorityRequest	2188241	2188620	379
replacePlayer	2188621	2188755	134
getCampaignChatTeammate	2188756	2189423	667
maybeCampaignConfusedChime	2189424	2189648	224
respondUnknownBuilding	2189649	2189984	335
respondUnavailableBuilding	2189985	2190308	323
respondGenericIntent	2190309	2190660	351
sendTeamEventMessage	2190661	2191394	733
shouldUseEnemyRsDepletedMessageForCount	2191395	2191465	70
shouldUseEnemyRsDepletedMessage	2191466	2191713	247
notifyEnemyRescueStrikeUsed	2191714	2191988	274
respondToChat	2191989	2199965	7976
KD	2199966	2200614	648
ND	2200660	2200683	23
getPrioState	2200743	2200859	116
now7	2200860	2200905	45
hasTechAccess1	2200906	2201152	246
computeAdaptiveBuildCount	2201153	2201582	429
clearPriorityInternal	2201583	2202116	533
clearCustomPriority	2202117	2202485	368
getCustomPriority	2202486	2202943	457
startPending	2202944	2203328	384
hasPending	2203329	2203731	402
getPending	2203732	2203881	149
isPendingPersistent	2203882	2204052	170
getPendingBuildCount	2204053	2204270	217
pendingMatchesHuman	2204271	2204465	194
acceptPending	2204466	2205414	948
setCustomPriorityInternal	2205415	2206018	603
getCustomBuildsLeft	2206019	2206283	264
consumeForceFreshDecision	2206284	2206530	246
OD	2206531	2207059	528
setRsNonCastleDisabled	2207133	2207225	92
isRsNonCastleDisabled	2207226	2207341	115
isStuckDebug	2207342	2207444	102
sendStuckDebug	2207445	2208167	722
clearAiChoiceMemory	2208168	2208309	141
recordAiRankedChoices	2208310	2208483	173
isAiTopRankedChoice	2208484	2208928	444
getDecisionPlacementKey	2208929	2209146	217
getDecisionPlacementKey1	2209147	2209655	508
getDecisionKey	2209656	2209840	184
getDecisionKey1	2209841	2209989	148
describeDecision	2209990	2210578	588
RD	2210579	2210927	348
teamOf	2210983	2211264	281
getEngagementAxisPos	2211265	2211664	399
getEngagementDominance	2211665	2211875	210
getStructurePushDominance	2211876	2212204	328
buildingDefenseExploitabilityScore	2212205	2212899	694
buildingAttackExploitabilityScore	2212900	2213632	732
buildingAirExploitabilityScore	2213633	2214587	954
buildingExploitabilityScore	2214588	2214812	224
TD	2214813	2215876	1063
e2eRawcode	2215934	2216014	80
ai3v3Line	2216015	2216720	705
failSharedAi3v3E2e	2216721	2216876	155
ai3v3PlayerDetails	2216877	2217832	955
countForcePlayersByPid	2217833	2218096	263
countAiPlayersByPid	2218097	2218455	358
startAiForForceByPid	2218456	2218719	263
checkAiSlot	2218720	2219867	1147
checkAi3v3Setup	2219868	2220863	995
wantedCode	2220864	2221097	233
tupleCopy16	2221098	2221161	63
emitAi3v3Snapshot	2221162	2223902	2740
stopAi3v3SnapshotTimer	2223903	2224018	115
reportAi3v3Result	2224019	2225872	1853
lineRootForTier	2225873	2226588	715
appendLineFrom	2226589	2226933	344
setCagedLinePreset	2226934	2227526	592
setAiCounterWestMode	2227527	2227632	105
applyWestRaces	2227633	2228138	505
startAiCounterStierObservationWindow	2228139	2228490	351
runAi3v3E2eWithMode	2228491	2231254	2763
UD	2231255	2231519	264
resetStrategicItemBuyingState	2231574	2232071	497
setPresetAuraBuy	2232072	2232204	132
presetAuraDue	2232205	2232414	209
shouldSavePresetAura	2232415	2232771	356
tryBuyPresetAura	2232772	2233473	701
getStrategicAuraItemIndex	2233474	2233600	126
shouldPursueStrategicAuraGoal	2233601	2233670	69
shouldPursueStrategicAuraGoalWithReliability	2233671	2233793	122
shouldSaveGoldForStrategicAuraWithReliability	2233794	2233958	164
getStrategicAuraSaveWaitTicks	2233959	2234067	108
getStrategicAuraImmediateGoldBuffer	2234068	2234170	102
isStrategicAuraEconomyDue	2234171	2234469	298
shouldAllowStrategicAuraSaveForEconomy	2234470	2234722	252
hasEnoughGoldForStrategicItem	2234723	2234894	171
shouldBuyStrategicAuraImmediately	2234895	2235079	184
markStrategicItemBought	2235080	2235163	83
hasTeamBoughtStrategicItem	2235164	2235406	242
countTeamBoughtStrategicAuras	2235407	2235890	483
hasTeamBoughtAnyStrategicAura	2235891	2235981	90
markStrategicItemBoughtForTeam	2235982	2236187	205
noteStrategicItemBoughtByPlayer	2236188	2236499	311
isStrategicAuraCandidateForTeam	2236500	2236771	271
getPendingStrategicAuraItemForTeam	2236772	2237193	421
isDesignatedStrategicItemBuyer	2237194	2237459	265
getDesignatedStrategicItemBuyerForTeam	2237460	2238029	569
getActiveStrategicAuraSaverForTeam	2238030	2238411	381
canActAsStrategicAuraBuyer	2238412	2238694	282
clearStrategicAuraSaveReservation	2238695	2238910	215
claimStrategicAuraSaveReservation	2238911	2239275	364
shouldSaveForStrategicAiItem	2239276	2240914	1638
tryBuyStrategicAiItem	2240915	2242820	1905
VD	2242821	2242855	34
isLegendaryUnit	2242923	2243038	115
isLegendaryStructure	2243039	2243192	153
shouldBlockLateLegendaryUnit	2243193	2243307	114
isHighImpactLumberSink	2243308	2243646	338
computeLegendaryUnitViability	2243647	2244352	705
computeLegendaryUnitUpgradeFactor	2244353	2244583	230
computeLegendaryUnitSavePenalty	2244584	2245008	424
computeLegendaryTimingScore	2245009	2246627	1618
computeLegendaryInvestmentValue	2246628	2247232	604
validPid	2247233	2247297	64
hasAiPresetBuildOrder	2247298	2247425	127
clearAiPresetBuildOrder	2247426	2247689	263
ensureLists	2247690	2247838	148
setAiPresetBuildOrder	2247839	2248058	219
appendAiPresetBuildOrder	2248059	2248253	194
appendAiPresetCaged	2248254	2248442	188
setAiPresetLoopStartHere	2248443	2248582	139
effectiveIndex	2248583	2248889	306
presetNextBuildingId	2248890	2249060	170
presetNextBuilding	2249061	2249207	146
presetNextInCage	2249208	2249396	188
advanceAiPreset	2249397	2249507	110
skipBlockedCagedAiPreset	2249508	2249668	160
recoverAiPresetAfterMissingUpgrade	2249669	2249995	326
clearAllAiPresetBuildOrders	2249996	2250176	180
resetAiPresetCursors	2250177	2250333	156
WD	2250334	2250420	86
XD	2250484	2250529	45
setAiReplayLogE2eEnabled	2250583	2250655	72
isAiReplayLogE2eEnabled	2250656	2250704	48
isAiReplayLogEnabled	2250705	2250757	52
emitAiReplayLog	2250758	2250839	81
scoreToInt	2250840	2251003	163
buildingCode	2251004	2251110	106
shouldLogChoice	2251111	2251439	328
logAiChoice	2251440	2253748	2308
logAiCandidateRank	2253749	2256238	2489
rankDetailPart	2256239	2257143	904
logAiNoCandidate	2257144	2258028	884
logAiPlacementEvent	2258029	2259601	1572
logAiItemEvent	2259602	2260466	864
logAiRescueStrikeEvent	2260467	2261623	1156
YD	2261624	2261653	29
ZD	2261709	2261785	76
getUnaffordableSaveWaitLimit	2261843	2262440	597
shouldSaveForReadyPrecursorUpgrade	2262441	2262751	310
aE	2262752	2262785	33
computeSpecialPhaseScore	2262849	2263502	653
computeActiveTargetedSpellShieldScore	2263503	2264007	504
bE	2264008	2264059	51
absReal	2264127	2264219	92
normalizedDifference	2264220	2264354	134
computeStrategicDominance	2264355	2265053	698
computeStrategicReliability	2265054	2265140	86
sampleStrategicSignal	2265141	2265373	232
resetStrategicSignals	2265374	2265562	188
getStrategicSignalForTeam	2265563	2265780	217
updateStrategicSignalForTeam	2265781	2266433	652
getStrategicSignalDebugText	2266434	2268409	1975
getDominanceForBuildingScoring	2268410	2268710	300
cE	2268711	2268761	50
computeSpecialVsArmyScore	2268839	2269419	580
computeSpecialAntiAirScore	2269420	2270791	1371
computeExploitabilityScore	2270792	2271090	298
computeCrowdDamageScore	2271091	2271901	810
computeThreatResponseFeatureScore	2271902	2272388	486
dE	2272389	2272465	76
captureNatively	2272519	2273754	1235
captureFor	2273755	2273937	182
captureAllUnitStats	2273938	2274421	483
enc100	2274422	2274581	159
attackIndexOrUnset	2274582	2274678	96
defenseIndexOrUnset	2274679	2274777	98
dumpUnitStatsToE2e	2274778	2276530	1752
dumpBuildingMetaToE2e	2276531	2280162	3631
eE	2280163	2280228	65
roleMultiplier	2280281	2280753	472
aiUnitValue	2280754	2281008	254
aiUnitWorth	2281009	2281214	205
gE	2281215	2281249	34
computeDuplicatePenaltyFromCounts	2281313	2281514	201
varietyStageFactor	2281515	2281604	89
computeBaseSpamPenaltyFromLineCounts	2281605	2282194	589
computeUpgradeLineRepetitionPenaltyFromCounts	2282195	2282470	275
hE	2282471	2282520	49
angle_degrees	2282562	2282610	48
angle_radians	2282611	2282654	43
real_asAngleDegrees	2282655	2282708	53
real_fromDeg	2282709	2282755	46
real_asAngleRadians	2282756	2282803	47
angle_sin	2282804	2282848	44
angle_cos	2282849	2282893	44
iE	2282894	2282925	31
jE	2282975	2283178	203
ArrayList_compactFreeList	2283222	2284319	1097
kE	2284320	2284426	106
setArtilleryModeAbilityIds	2284498	2284742	244
lE	2284743	2287584	2841
ensureAssassinSlot	2287634	2287797	163
isAssassinEngagedOnValidTarget	2287798	2287991	193
isValidAssassinTarget	2287992	2288300	308
issueAssassinPointOrder	2288301	2288411	110
issueAssassinTargetOrder	2288412	2288522	110
issueAssassinImmediateOrder	2288523	2288623	100
mE	2288624	2288898	274
nE	2288964	2289192	228
oE	2289262	2289490	228
ensureAssassinTargetGroups	2289560	2289891	331
prepareAssassinTargets	2289892	2291275	1383
orderAssassinW	2291276	2292762	1486
restoreAssassinTargetOrderW	2292763	2293325	562
rE	2293326	2294378	1052
canUseAttachedEffects	2294440	2294541	101
ensureAttachedEffectList	2294542	2294702	160
attachedEffectCountForE2e	2294703	2294753	50
attachedEffectListCountForE2e	2294754	2294808	54
clearAttachedEffects	2294809	2294943	134
clearAttachedEffectsByIndex	2294944	2295399	455
addAttachedEffect	2295400	2295633	233
destroyAttachedEffectsListByIndex	2295634	2295821	187
sE	2295822	2295952	130
tE	2296044	2296162	118
vE	2296226	2298035	1809
laneBridgeY	2298091	2298245	154
rememberLaneRouteFromBuilding	2298246	2298496	250
selectLaneRouteSourceY	2298497	2298606	109
shouldRouteViaLaneBridge	2298607	2298714	107
laneRouteSourceY	2298715	2299003	288
issueCodeTargetOrder	2299004	2299158	154
issueCodeAttack	2299159	2300710	1551
orderCodeAttack	2300711	2300923	212
orderCodeAttackIfAllowed	2300924	2301073	149
issueCodeTowardsOwnCastle	2301074	2301326	252
wE	2301327	2301485	158
xE	2301567	2301725	158
yE	2301811	2301892	81
zE	2301937	2302018	81
AE	2302062	2302466	404
BE	2302510	2302890	380
bwShiftr32	2302944	2303152	208
bwShiftl32	2303153	2303223	70
int_shiftl	2303224	2303281	57
int_shiftr	2303282	2303339	57
CE	2303340	2303502	162
EE	2303544	2303662	118
replaceUnitWithType	2303714	2304012	298
rollBody	2304013	2304254	241
randomizeBloodFiend	2304255	2305895	1640
boolean_toString	2305896	2305996	100
GE	2305997	2321388	15391
pp434CenterColumnOffsetY	2321444	2321608	164
DiagonalCagePattern_getLength	2321609	2321662	53
DiagonalCagePattern_getPosition	2321663	2322178	515
GjallPattern_getLength	2322179	2322224	45
GjallPattern_getPosition	2322225	2322733	508
InsideCagePattern_getLength	2322734	2322784	50
InsideCagePattern_getPosition	2322785	2323415	630
PowerPlant434PlantPattern_getLength	2323416	2323474	58
PowerPlant434PlantPattern_getPosition	2323475	2324038	563
PowerPlant434SupportPattern_getLength	2324039	2324100	61
PowerPlant434SupportPattern_getPosition	2324101	2324666	565
TowerPattern_getLength	2324667	2324712	45
TowerPattern_getPosition	2324713	2325221	508
HE	2325222	2326051	829
scanDebug	2326117	2326265	148
compactPos	2326266	2326465	199
compactRect	2326466	2326909	443
gridAnchor	2326910	2327439	529
stepsAlongX	2327440	2327616	176
stepsAlongY	2327617	2327793	176
vec2_isPlaceable	2327794	2328067	273
vec2_isPlaceableForSide	2328068	2328280	212
IE	2328281	2328637	356
isAiCompositionReplanDue	2328699	2328784	85
isAiLiveReplanDue	2328785	2328863	78
shouldPreferPowerPlant434Support	2328864	2329021	157
shouldPauseNormalBuildForStrategicAura	2329022	2329092	70
placementName	2329093	2329470	377
compactPos1	2329471	2329649	178
isPendingBuildTargetUnavailable	2329650	2329873	223
JE	2329874	2330474	600
isAttachableBuilding	2330544	2330644	100
createAttachedBuildingEffect	2330645	2331563	918
attachBuildingEffectColor	2331564	2331830	266
attachBuildingEffect	2331831	2331956	125
applyRegisteredBuildingAttach	2331957	2332200	243
KE	2332201	2335594	3393
buildingCatalogItemId	2335662	2336275	613
buildingCatalogPointItemId	2336276	2336482	206
buildingCatalogPointItemAbilityId	2336483	2336667	184
buildingCatalogPointItemCreatedUnitId	2336668	2336782	114
e2eRaw	2336783	2336859	76
absReal1	2336860	2336927	67
near	2336928	2336989	61
checkConcreteWeaponStats	2336990	2339606	2616
catalogLineForUnit	2339607	2339759	152
catalogLineForId	2339760	2340597	837
catalogLine	2340598	2340700	102
catalogLineNoBuilding	2340701	2341475	774
checkProtectedAbilityFieldsOnUnit	2341476	2343007	1531
checkConcreteUnitStats	2343008	2345198	2190
prepareSmokeUnit	2345199	2345573	374
checkFogTargetDummyOrder	2345574	2346476	902
checkAllMigratedVisionDummyOrders	2346477	2347800	1323
checkRuntimeProtectedAbilityAdd	2347801	2348796	995
checkProtectedItemAbilityFields	2348797	2350543	1746
checkAllProtectedAbilityAdds	2350544	2352788	2244
checkAllUnitStatRows	2352789	2353994	1205
addRaceChooserProbeAbilities	2353995	2354257	262
checkRaceChooserProbeOrder	2354258	2355197	939
checkRaceChooserAbilityOrders	2355198	2356071	873
checkEleCounterContracts	2356072	2357765	1693
expectsDeathRelease	2357766	2357900	134
checkBuildingDeathPath	2357901	2360682	2781
lifecycleLine	2360683	2360801	118
expectedLinkerPercent	2360802	2360882	80
eleRaceBuilderId	2360883	2361492	609
lifecycleBuildPos	2361493	2361715	222
checkBuilding	2361716	2367365	5649
collectUpgradeIncomeEdges	2367366	2368145	779
catalogHasUpgradeEdge	2368146	2368560	414
collectAuthoredUpgradeCoverage	2368561	2370090	1529
upgradeCheckPosition	2370091	2370271	180
checkRegisteredSpellCoverage	2370272	2371631	1359
createBuildingCatalogItemSurface	2371632	2372373	741
cleanupBuildingCatalogItemSurface	2372374	2372636	262
countBuildingCatalogOwnedUnitsOfType	2372637	2373107	470
cleanupBuildingCatalogOwnedUnitsOfType	2373108	2373700	592
countItemAbilities	2373701	2374006	305
itemRuntimeCheck	2374007	2374411	404
clearBuildingCatalogInventory	2374412	2374724	312
runPickupAndPassiveItemProbes	2374725	2377876	3151
continueBuildingCatalogAfterItems	2377877	2378959	1082
runSequentialPointItemProbe	2378960	2381681	2721
runSequentialBuildingSpellProbe	2381682	2385708	4026
prepareNativeSpellUnit	2385709	2386043	334
emitBuildingCatalogE2eResult	2386044	2395240	9196
runObeliskPhoenixFireBehaviorProbe	2395241	2396435	1194
runRestoredAttackBehaviorProbe	2396436	2397110	674
perkCatalogCheck	2397111	2397230	119
perkRuntimeCheck	2397231	2397499	268
countPerkProbeItem	2397500	2397823	323
perkProbeInventoryDetails	2397824	2398281	457
removePerkProbeItems	2398282	2398613	331
replacePerkProbeBuilder	2398614	2398855	241
perkProbeDamage	2398856	2399074	218
cleanupPerkProbe	2399075	2399272	197
logPerkOrder	2399273	2399923	650
finishPerkAbilityProbes	2399924	2400690	766
runPerkDamageProbes	2400691	2403730	3039
runCurrentUnitPerkProbes	2403731	2408809	5078
runFortifiedOutpostGrantProbe	2408810	2409365	555
runFeatheredFriendGrantProbe	2409366	2410332	966
runPerkAbilityProbes	2410333	2413075	2742
runOrbOfLightningBehaviorProbe	2413076	2413922	846
runBlastStaffPhoenixFireBehaviorProbe	2413923	2416382	2459
createNativeSpellTarget	2416383	2417338	955
registeredUnitSpellTargetMatchesForE2e	2417339	2418495	1156
cleanupSequentialProbeUnit	2418496	2418649	153
cleanupSequentialBuildingSpellProbe	2418650	2419192	542
runSequentialUnitSpellProbe	2419193	2422025	2832
cleanupSequentialUnitSpellProbe	2422026	2422573	547
lifecycleCleanup	2422574	2423126	552
finishLifecycleProbe	2423127	2424481	1354
runStatefulAcquireProbe	2424482	2426184	1702
awaitConstructed	2426185	2426672	487
onLifecycleConstructed	2426673	2430255	3582
startLifecycleBuild	2430256	2430633	377
runLinkerHealProbe	2430634	2431847	1213
killSecondEleBuildingAndCheck	2431848	2432135	287
transferLifecycleOwnership	2432136	2432718	582
startLifecycleUpgrade	2432719	2433453	734
killEleBuildingAndCheck	2433454	2433735	281
issueLifecycleUpgrade	2433736	2434721	985
awaitUpgraded	2434722	2435172	450
onLifecycleUpgraded	2435173	2436296	1123
finishTransferredLifecycleRelease	2436297	2436596	299
releaseTransferredElement	2436597	2436830	233
lifecycleTransferRecipient	2436831	2437120	289
transferLifecycleElement	2437121	2437428	307
runTeammateLinkerHealProbe	2437429	2438991	1562
statefulProbeId	2438992	2439116	124
statefulProbeStep	2439117	2439214	97
statefulProbeCounter	2439215	2439556	341
statefulConsumerLine	2439557	2439786	229
cleanupStatefulConsumer	2439787	2440160	373
expectedCoinGold	2440161	2440250	89
runTreasureBoxConsumer	2440251	2442736	2485
runStatefulConsumerProbe	2442737	2443127	390
raceBuilderIdForBuilding	2443128	2443750	622
cleanupStatefulProbe	2443751	2443953	202
finishStatefulAcquireProbe	2443954	2444731	777
runShrineEffectProbe	2444732	2444868	136
awaitStatefulConstructed	2444869	2445299	430
onStatefulConstructed	2445300	2446256	956
shrineProbePos	2446257	2446579	322
shrineProbeLine	2446580	2446689	109
expectedCompanionRollsPerTrain	2446690	2446754	64
expectedElvenChance	2446755	2446815	60
cleanupShrineProbe	2446816	2447806	990
finishShrineProbe	2447807	2448729	922
runConstructSweep	2448730	2449068	338
orderShrineProbeBuild	2449069	2450074	1005
awaitShrineProbeBuild	2450075	2450521	446
onShrineProbeBuilt	2450522	2451646	1124
awaitCompanionWindow	2451647	2452771	1124
runShrineProbePhase	2452772	2453743	971
awaitShrineEffects	2453744	2454826	1082
isSweepCriticalPath	2454827	2454963	136
isDirectBuildSweepRoot	2454964	2455133	169
addSweepBuilding	2455134	2455382	248
collectSweepBuildings	2455383	2457220	1837
sweepCandidate	2457221	2457540	319
powerPlantOwner	2457541	2457705	164
powerPlantSlotPos	2457706	2457761	55
powerPlantTwinSlotPos	2457762	2458143	381
isPowerPlantTwinAt	2458144	2458248	104
checkPowerPlantTwin	2458249	2460138	1889
powerPlantBuffDetails	2460139	2460939	800
powerPlantSweepAttacks	2460940	2461148	208
cleanupSweep	2461149	2461751	602
checkSweepAttachmentCleanup	2461752	2462397	645
finishConstructSweep	2462398	2465173	2775
measurePowerPlantReach	2465174	2465754	580
isConstructSweepBatchComplete	2465755	2466416	661
awaitConstructSweepBatch	2466417	2466768	351
runConstructSweepBatch	2466769	2468753	1984
beginSweepPowerPlant	2468754	2470256	1502
runLifecycleProbe	2470257	2471570	1313
cancelProbeEdgeOf	2471571	2471783	212
finishUpgradeCancelProbe	2471784	2472631	847
assertUpgradeCancelled	2472632	2475092	2460
runUpgradeCancelProbe	2475093	2476618	1525
cleanupUpgradeProbe	2476619	2477247	628
continueUpgradeIncomeChecks	2477248	2478457	1209
beginUpgradeIncomeCheck	2478458	2480045	1587
pollUpgradeIncomeCheck	2480046	2480940	894
finishUpgradeIncomeCheck	2480941	2484069	3128
runBuildingCatalogE2e	2484070	2484759	689
LE	2484760	2485825	1065
ME	2485891	2488187	2296
elvenShrineEffectiveReviveChance	2488253	2488345	92
elvenRevivesCreatedForE2e	2488346	2488396	50
isValidPlayerId	2488397	2488468	71
recountEleBuildings	2488469	2488682	213
eleBuildingTotal	2488683	2488896	213
resetEleBuildingTotalCache	2488897	2489074	177
eleLinkerHealAmount	2489075	2489154	79
eleLinkerPercent	2489155	2489239	84
hasEleBuildingAccess	2489240	2489401	161
linkerTagText	2489402	2489990	588
refreshLinkerTags	2489991	2490591	600
eleBucketOf	2490592	2490768	176
changeEleBuildingCount	2490769	2491182	413
acquireEleBuilding	2491183	2491474	291
NE	2491475	2491792	317
acquireLinker	2491850	2492488	638
OE	2492489	2493530	1041
acquireElvenShrine	2493578	2493818	240
QE	2493819	2494139	320
acquireHeroicShrine	2494197	2494435	238
RE	2494436	2494693	257
acquireTreasureBox	2494753	2494967	214
SE	2494968	2495304	336
migrateLinkerOwner	2495362	2496354	992
migrateBuildingLifecycleOwner	2496355	2497542	1187
onBuildingFinished	2497543	2498044	501
UE	2498045	2498756	711
linkerTagRefreshCountForE2e	2498844	2498896	52
linkerPercentForE2e	2498897	2498967	70
linkerCountForPlayerE2e	2498968	2499042	74
linkerTextTagCountForE2e	2499043	2499315	272
linkerCountForTeamE2e	2499316	2499388	72
linkerVisiblePercentLinesForE2e	2499389	2499777	388
linkerShowsPlayerPercentForE2e	2499778	2499989	211
linkerSlotForUnitE2e	2499990	2500202	212
eleBuildingBucketForE2e	2500203	2500266	63
eleContributionForE2e	2500267	2500480	213
eleBuildingRecountForE2e	2500481	2500618	137
buildingLifecycleDriftForE2e	2500619	2500672	53
releaseInvocationsForE2e	2500673	2500722	49
resetBuildingLifecycleForPlayer	2500723	2501573	850
VE	2501574	2501782	208
WE	2501874	2502014	140
isSingleLimitBuilding	2502108	2502211	103
isBuildingAllowedForCurrentModes	2502212	2502675	463
getBuildingTechMaxAllowedForCurrentModes	2502676	2502900	224
setBuildingLineTechAvailabilityForCurrentModes	2502901	2503359	458
XE	2503360	2504575	1215
addToPool__w3p_vmProtect	2506985	2507043	58
assertBuildingPoolsIntegrity__w3p_vmProtect	2509435	2509505	70
resetPool	2509506	2510127	621
YE	2510128	2510222	94
noteActiveBuildingSpellEffectForE2e	2510282	2510404	122
noteBuildingSpellEffectForE2e	2510405	2510723	318
ZE	2510724	2511072	348
registeredBuildingSpellCountForE2e	2511136	2511195	59
registeredBuildingSpellUnitTypeForE2e	2511196	2511350	154
registeredBuildingSpellAbilityForE2e	2511351	2511504	153
registeredBuildingSpellTargetModeForE2e	2511505	2511663	158
registeredBuildingSpellEventHitsForE2e	2511664	2511819	155
registeredBuildingSpellCallbackHitsForE2e	2511820	2511978	158
registeredBuildingSpellEffectHitsForE2e	2511979	2512135	156
registeredBuildingSpellLastTargetTypeForE2e	2512136	2512296	160
registeredBuildingSpellLastTargetOwnerIdForE2e	2512297	2512462	165
registeredBuildingSpellLastTargetGroundForE2e	2512463	2512587	124
registeredBuildingSpellLastTargetSapperForE2e	2512588	2512712	124
aF	2512713	2513086	373
registeredUnitSpellCountForE2e	2513172	2513227	55
registeredUnitSpellUnitTypeForE2e	2513228	2513378	150
registeredUnitSpellAbilityForE2e	2513379	2513528	149
registeredUnitSpellOrderForE2e	2513529	2513676	147
registeredUnitSpellTargetModeForE2e	2513677	2513831	154
registeredUnitSpellExpectedImmediateUnitForE2e	2513832	2513995	163
registeredUnitSpellEventHitsForE2e	2513996	2514147	151
registeredUnitSpellLastTargetTypeForE2e	2514148	2514304	156
registeredUnitSpellLastTargetOwnerIdForE2e	2514305	2514466	161
registeredUnitSpellLastTargetGroundForE2e	2514467	2514587	120
registeredUnitSpellLastTargetFlyingForE2e	2514588	2514708	120
registeredUnitSpellLastTargetSapperForE2e	2514709	2514829	120
registeredUnitSpellLastTargetMechanicalForE2e	2514830	2514954	124
registeredUnitSpellLastTargetStructureForE2e	2514955	2515078	123
registeredUnitSpellLastTargetAllyForE2e	2515079	2515197	118
registeredUnitSpellLastTargetEnemyForE2e	2515198	2515317	119
registeredUnitSpellOrderCoveredForE2e	2515318	2515434	116
registeredUnitSpellCallbackCoveredForE2e	2515435	2515554	119
resetRegisteredSpellCoverageForE2e	2515555	2516060	505
bF	2516061	2517441	1380
hotkeyToTier	2517499	2517832	333
cF	2517833	2517973	140
CFTag_toString	2518025	2518706	681
attackIndexToAttackType	2518707	2519067	360
defenseIndexToDefenseType	2519068	2519481	413
noteCFBuildingConstructed__w3p_vmProtect	2520951	2521018	67
spawnTimeForBuildingType	2521019	2521200	181
spawnTimeForBuilding	2521201	2521320	119
dF	2521321	2521484	163
recordCFBuildingCatalogDrift__w3p_vmProtect	2522931	2523008	77
getExpectedCFRaceBuildingSequence__w3p_vmProtect	2527302	2527385	83
beginCFRaceBuildingRegistration__w3p_vmProtect	2527386	2527670	284
recordCFRaceBuilding__w3p_vmProtect	2527671	2528024	353
finishCFRaceBuildingRegistration__w3p_vmProtect	2530323	2530405	82
assertCFBuildingAllowedInPool__w3p_vmProtect	2532221	2532300	79
assertCFBuildingPoolTier__w3p_vmProtect	2534173	2534255	82
assertCFBuildingCatalogIntegrity__w3p_vmProtect	2536031	2536106	75
CFBuilding_getBuildingById	2536107	2536185	78
CFBuilding_getBuildingByUnitId	2536186	2536268	82
eF	2536269	2536331	62
ensureCFItems	2536375	2536633	258
getCFItemById	2536634	2536977	343
fF	2536978	2537025	47
findCFRaceByBuilderId	2537069	2537408	339
gF	2537409	2537472	63
code__registerPlayerEvent_doAfter_CameraMovementDetection	2537550	2537700	150
hF	2537701	2540324	2623
iF	2540371	2540473	102
ensureProfileList	2540541	2540686	145
clearCampaignAiProfiles	2540687	2540916	229
setCampaignAiProfile	2540917	2541055	138
getCampaignAiProfile	2541056	2541220	164
hasCampaignAiProfile	2541221	2541301	80
getCampaignAiCoopBonus	2541302	2541430	128
setCampaignAiSpeedBonus	2541431	2541538	107
getCampaignAiSpeedBonus	2541539	2541668	129
clampProfileValue	2541669	2541733	64
getCampaignAiSkill	2541734	2541897	163
getCampaignAiScoreTolerance	2541898	2542066	168
getCampaignAiScoreTargetOffset	2542067	2542212	145
getCampaignAiNoviceMistakeLevel	2542213	2542454	241
getCampaignAiScoreSkillGain	2542455	2542540	85
shouldCampaignAiPursueStrategicGoals	2542541	2542642	101
shouldCampaignAiSaveForUnaffordable	2542643	2542786	143
shouldCampaignAiBuyStrategicAura	2542787	2542885	98
getCampaignAiCoop	2542886	2543077	191
getCampaignAiSpeed	2543078	2543272	194
getCampaignAiBaseSpeed	2543273	2543440	167
getCampaignAiPriorityBonusMultiplier	2543441	2543589	148
getCampaignAiPriorityDurationMultiplier	2543590	2543741	151
getCampaignAiPriorityAcceptedRankLimit	2543742	2543991	249
getCampaignAiActionJitterMax	2543992	2544179	187
getCampaignAiPonderDelayMax	2544180	2544366	186
getCampaignAiFallbackPatternSkipMax	2544367	2544652	285
shouldCampaignAiStartFallbackTop	2544653	2544714	61
shouldCampaignAiUseBlink	2544715	2545013	298
shouldCampaignAiQuickBuild	2545014	2545314	300
getCampaignAiQuickBuildDelay	2545315	2545460	145
campaignCagePatternChanceForSkill	2545461	2545579	118
getCampaignAiCagePatternChance	2545580	2545745	165
shouldCampaignAiUseCagePattern	2545746	2545841	95
getCampaignAiBaseStyleBias	2545842	2546454	612
getCampaignAiBuildingPreferenceBias	2546455	2547026	571
getCampaignAiStyleBias	2547027	2547201	174
getCampaignAiEconomyWeight	2547202	2547456	254
getCampaignAiUpgradeWeight	2547457	2547732	275
getCampaignAiBaseSpamPenaltyMultiplier	2547733	2547799	66
getCampaignAiLegendaryWeight	2547800	2548058	258
jF	2548059	2550978	2919
isCampaignRunCheatTainted	2551044	2551094	50
findCheatInText	2551095	2551421	326
announceCheatProgressionDisabled__w3p_vmProtect	2553501	2553576	75
markCampaignRunCheatTainted__w3p_vmProtect	2555628	2555705	77
getChatEditBox	2555706	2556039	333
onEditBoxEnter	2556040	2556234	194
armEditBoxEvents	2556235	2556648	413
kF	2556649	2556723	74
lF	2556811	2564206	7395
addEnemyBot__w3p_vmProtect	2565851	2565912	61
addChapter__w3p_vmProtect	2567581	2567673	92
addMission__w3p_vmProtect	2569802	2569910	108
challenge	2569911	2569990	79
getCampaignEnemyOpeningBuildingId	2569991	2570207	216
compareFriendlyBotDraftOrder	2570208	2570498	290
isCampaignChapterShipUnlocked	2570499	2570655	156
addFriendlyBot__w3p_vmProtect	2572246	2572310	64
addSupply__w3p_vmProtect	2572311	2572493	182
addRaceOption__w3p_vmProtect	2572494	2572846	352
addKnownRace__w3p_vmProtect	2574293	2574371	78
addStarterRace__w3p_vmProtect	2574372	2574653	281
getCampaignKnownRaceByBuilderId	2574654	2574950	296
getCampaignBotAt	2574951	2575346	395
getCampaignChapterForMission	2575347	2575974	627
mF	2575975	2576180	205
getNextShippedCampaignChapter	2576260	2576710	450
nF	2576711	2576969	258
getCampaignEnemyBotById	2577048	2577421	373
getCampaignFriendlyBotById	2577422	2577798	376
getCampaignSupplyById	2577799	2578173	374
getCampaignDelimitedToken	2578174	2578572	398
resolveCampaignEnemyRoster	2578573	2579458	885
pickCampaignGreeting	2579459	2579673	214
getCampaignBotOpeningLine	2579674	2580027	353
canAffordCampaignDraftPurchase	2580028	2580221	193
hasCampaignStar	2580222	2580466	244
countCampaignStars	2580467	2580653	186
capitalizeFirst	2580654	2580830	176
getCampaignRestrictionPhrase	2580831	2581438	607
getCampaignStarChallengeText	2581439	2583132	1693
getCampaignRaceName	2583133	2583328	195
getCampaignSecondStarObjectiveText	2583329	2583507	178
getCampaignThirdStarObjectiveText	2583508	2583684	176
oF	2583685	2584071	386
pF	2584151	2584679	528
getCampaignRaceOption	2584765	2585051	286
isCampaignRaceUnlocked	2585052	2585321	269
ensureCampaignContent__w3p_vmProtect	2681654	2681718	64
qF	2681719	2682428	709
hasSelectedCampaignPerkSupply	2682496	2682856	360
isChallengeBoundPlayer	2682857	2683038	181
starRestrictionId	2683039	2683174	135
starBansRace	2683175	2683639	464
starTracksCastleHealth	2683640	2683757	117
starTracksFastWin	2683758	2683862	104
isActiveRestriction	2683863	2684094	231
announceCampaignChallengeFailure	2684095	2684492	397
failCampaignChallenge	2684493	2685051	558
beginCampaignMissionChallenge__w3p_vmProtect	2685052	2687266	2214
startCampaignCastleHealthChallenge__w3p_vmProtect	2692611	2692688	77
recordCampaignChallengeElapsedSeconds	2692689	2693445	756
recordCampaignCastleHealthPercent	2693446	2694191	745
rF	2694192	2694426	234
clearCampaignMissionChallenge__w3p_vmProtect	2697963	2698035	72
sF	2698036	2698234	198
tF	2698348	2698546	198
wF	2706101	2706461	360
recordCampaignTrackedBuildingLost	2706589	2706744	155
recordCampaignOwnerItemPurchase__w3p_vmProtect	2706745	2706982	237
recordCampaignRescueStrike__w3p_vmProtect	2708701	2708777	76
xF	2708778	2708974	196
chapterTwoModeString	2709040	2709106	66
registerCampaignChapterIIEnemyBots__w3p_vmProtect	2734427	2734504	77
registerCampaignChapterII__w3p_vmProtect	2744010	2744078	68
registerCampaignChapterIEnemyBots__w3p_vmProtect	2771402	2771478	76
registerCampaignChapterI__w3p_vmProtect	2780656	2780723	67
isFixed	2780724	2780776	52
getIceTile	2780777	2781200	423
getDesertTile	2781201	2781717	516
getCorruptTile	2781718	2782295	577
getDefaultTile	2782296	2782753	457
getTreeReplacement	2782754	2783553	799
replaceDestructables	2783554	2784347	793
applyCampaignEnv	2784348	2785163	815
yF	2785164	2785488	324
zF	2785550	2786500	950
isCampaignMenuOpen	2786576	2786632	56
stopCampaignSurvivalTimer	2786633	2787080	447
debugCampaignRuntime	2787081	2787251	170
applyCampaignMissionEnvironment	2787252	2787491	239
destroyLastCampaignDraft	2787492	2787820	328
rememberCampaignMissionDraft__w3p_vmProtect	2787821	2788459	638
canReplayLastCampaignMission	2788460	2788620	160
AF	2788621	2788785	164
BF	2788857	2788954	97
CF	2789052	2789149	97
DF	2789249	2789819	570
EF	2789913	2790471	558
FF	2790571	2791099	528
GF	2791197	2791891	694
isCampaignHumanPlayer	2792003	2792338	335
countCampaignHumanPlayers	2792339	2792744	405
countCampaignPartyPlayers	2792745	2792993	248
getCampaignPartyPlayers	2792994	2793523	529
getCampaignPartyPlayerAt	2793524	2794143	619
getCampaignPartyPlayerSlot	2794144	2794436	292
HF	2794437	2794976	539
getCampaignRequiredAllyRecruitsForPartySize	2795052	2795145	93
getCampaignRequiredAllyRecruits	2795146	2795276	130
getCampaignEffectiveDraftPoints	2795277	2795423	146
canStartCampaignSession	2795424	2795955	531
collectCampaignAiPlayers	2795956	2796683	727
applyCampaignBotNames	2796684	2797733	1049
getSelectedRace	2797734	2797968	234
getCampaignDraftHumansSharedRace	2797969	2798303	334
selectedBotRacesAssigned	2798304	2798751	447
enemyRosterRacesAssigned	2798752	2799148	396
applyCampaignHumanRaces__w3p_vmProtect	2799149	2799865	716
applyCampaignRaces__w3p_vmProtect	2799866	2801382	1516
scheduleCampaignOpeningLines	2801383	2801908	525
restartCampaignAiSlots	2801909	2802398	489
applyCampaignEnemyOpeningPriority	2802399	2803130	731
getCampaignTowerIdForBuilder	2803131	2803667	536
getCampaignEnemyTowerPositionForSide	2803668	2804094	426
getCampaignEnemyTowerPosition	2804095	2804594	499
countCampaignTowerOwnerSlots	2804595	2804983	388
getCampaignPreplacedTowerOwnerOrdinal	2804984	2805163	179
getCampaignPreplacedTowerOwner	2805164	2805685	521
applyCampaignEnemyResourceAdvantage	2805686	2806688	1002
applyCampaignEnemyTowerAdvantage	2806689	2807555	866
stageCampaignTeamResourceAdjustment	2807556	2808569	1013
applyCampaignTeamPreplacedTowers	2808570	2809168	598
startCampaignSurvivalTimer	2809169	2809762	593
getCampaignEnemyRescueStrikeCount	2809763	2809925	162
applyCampaignEnemyRescueStrikes	2809926	2810807	881
clearPendingCampaignMissionStart	2810808	2811287	479
destroyCampaignMissionStartLists	2811288	2811707	419
failPendingCampaignMissionStart	2811708	2811971	263
finishPendingCampaignMissionStart__w3p_vmProtect	2811972	2814190	2218
queueCampaignMissionStartFinalization	2814191	2814798	607
quitCampaignMission__w3p_vmProtect	2817640	2817709	69
launchCampaignMission__w3p_vmProtect1	2817710	2817847	137
launchCampaignMission__w3p_vmProtect	2817848	2821460	3612
replayLastCampaignMission__w3p_vmProtect	2825599	2825682	83
IF	2825683	2826376	693
getCampaignProfileLoadVersionSignal	2826439	2826604	165
publishCampaignProfileLoaded	2826605	2826803	198
ensureCampaignAvailablePointsSignal	2826804	2826985	181
publishCampaignAvailablePoints	2826986	2827380	394
campaignSaveCipherShift	2827381	2827490	109
campaignSaveCipher	2827491	2828227	736
campaignSaveEncodedChar	2828228	2828297	69
campaignSaveEncode	2828298	2829789	1491
campaignSaveDecodeIndex	2829790	2829890	100
campaignSaveDecode	2829891	2831221	1330
computeCampaignSaveEnvelopeMac__w3p_vmProtect	2831222	2831974	752
wrapCampaignSaveData	2831975	2832409	434
unwrapCampaignSaveData	2832410	2833093	683
getCampaignProfile	2833094	2833424	330
applyCampaignProfileToMissions__w3p_vmProtect	2835084	2835164	80
getCampaignAvailablePoints	2835165	2835515	350
getCampaignAvailablePointsSignal	2835516	2835741	225
campaignStarMaskForStarCount	2835742	2835852	110
completeCampaignChapterWithStarMasks__w3p_vmProtect	2835853	2836769	916
saveCampaignProfile__w3p_vmProtect	2839010	2839079	69
completeCampaignMission__w3p_vmProtect	2841668	2841813	145
JF	2841814	2843733	1919
finishSharedCampaignE2e	2843799	2843996	197
firstCampaignMission	2843997	2844320	323
campaignMissionById	2844321	2844680	359
friendlyBotById	2844681	2845032	351
campaignSupplyById	2845033	2845390	357
enemyRosterSignature	2845391	2845995	604
secondCampaignMissionWithDifferentRoster	2845996	2846447	451
countForceMembers	2846448	2846829	381
nthNonHumanInForce	2846830	2847528	698
addSmokeLine	2847529	2848332	803
rawcodeName	2848333	2848385	52
closeEnough	2848386	2848451	65
clamp01	2848452	2848506	54
personalityDetails	2848507	2849229	722
expectedActionJitter	2849230	2849369	139
expectedPonderDelay	2849370	2849508	138
expectedQuickBuildDelay	2849509	2849609	100
expectedFallbackPatternSkip	2849610	2849849	239
expectedCagePatternChance	2849850	2849970	120
assertBotPersonality	2849971	2853060	3089
aiRuntimeDetails	2853061	2854063	1002
legacyRoundTimerSeconds	2854064	2854121	57
roundTimerDetails	2854122	2854326	204
checkCampaignRoundTimers	2854327	2854657	330
controllerName	2854658	2855006	348
assertBotSlot	2855007	2856594	1587
assertBotAiRuntime	2856595	2858012	1417
checkCampaignSmoke	2858013	2861917	3904
checkCampaignAiRuntime	2861918	2862738	820
reportCampaignSmoke	2862739	2863352	613
reportCampaignChapterTwoSmoke	2863353	2864008	655
reportCampaignRetrySmoke	2864009	2864681	672
addFirstFriendlyBotInSkillRange	2864682	2865386	704
addDiverseSmokeBots	2865387	2866108	721
buildSmokeFixture	2866109	2867252	1143
buildChapterTwoSmokeFixture	2867253	2868929	1676
buildSmokeFixture1	2868930	2869017	87
launchSmokeFixture	2869018	2869809	791
botListHasSkillRange	2869810	2870270	460
fixtureHasSkillRange	2870271	2870494	223
fixturesHaveSkillRange	2870495	2870623	128
reportCampaignSmokeE2e	2870624	2871205	581
runCampaignSmokeE2e	2871206	2873207	2001
runCampaignChapterTwoSmokeE2e	2873208	2873765	557
runCampaignRetrySmokeE2e	2873766	2874539	773
e2eCommandDebug	2874540	2875042	502
runE2eSuiteByName	2875043	2878356	3313
runTokenedE2eSuite	2878357	2878985	628
runCampaignSmoke	2878986	2879509	523
KF	2879510	2879542	32
copyPlayerList	2879619	2880026	407
copyCampaignSupplySelection	2880027	2880447	420
copyCampaignSupplyPartySlots	2880448	2880888	440
getPartyPlayerAt	2880889	2881320	431
stageCampaignResourceSupplyFor	2881321	2881464	143
getCampaignSupplyGoldBonus	2881465	2881805	340
getCampaignSupplyLumberBonus	2881806	2882150	344
stageCampaignResourceSupplyEffects	2882151	2882977	826
giveCampaignSupplyItemToBuilder	2882978	2883334	356
applyCampaignSupplyEffects	2883335	2886996	3661
canApplyCampaignSupplyEffectsNow	2886997	2887108	111
shouldRetryCampaignSupplyEffects	2887109	2887218	109
shouldAbortCampaignSupplyEffects	2887219	2887329	110
applyCampaignSupplyEffectsWhenReady	2887330	2888138	808
LF	2888139	2888221	82
formatSurvivalTime	2888289	2888621	332
showCampaignSurvivalTimer	2888622	2889340	718
updateCampaignSurvivalTimer	2889341	2889625	284
hideCampaignSurvivalTimer	2889626	2889885	259
MF	2889886	2890353	467
OF	2890405	2890439	34
createCampaignIconButton	2890501	2891084	583
fitCampaignText	2891085	2891182	97
fitCampaignTextAfterPrefix	2891183	2891336	153
plural	2891337	2891433	96
formatBotCardMeta	2891434	2891609	175
formatSupplyMeta	2891610	2891716	106
fitCampaignObjectiveText	2891717	2891797	80
formatCampaignBotCardSummary	2891798	2891913	115
formatMissionDuration	2891914	2892261	347
formatMissionBestTime	2892262	2892836	574
getCampaignAvailableStarTotal	2892837	2892921	84
getCampaignChapterEarnedStars	2892922	2893350	428
getCampaignChapterAvailableStars	2893351	2893526	175
getCampaignEnemyCount	2893527	2893765	238
getCampaignEnemyStrength	2893766	2894559	793
getCampaignEnemyStrengthName	2894560	2894729	169
colorCampaignEnemyStrength	2894730	2895128	398
formatCampaignEnemyStrength	2895129	2895339	210
formatCampaignEnemySummary	2895340	2895668	328
formatCampaignPartySummary	2895669	2896796	1127
PF	2896797	2900361	3564
supplyContentWidth	2900425	2900480	55
supplyCostTextWidth	2900481	2900570	89
missionTileIconSize	2900571	2900643	72
missionTileNameWidth	2900644	2900696	52
botCardIconSize	2900697	2900765	68
botTextWidth	2900766	2900810	44
botIdentityNameWidth	2900811	2900908	97
botCostRaceWidth	2900909	2900988	79
objectiveTextWidth	2900989	2901039	50
campaignMissionQuitButtonBottomPoint	2901040	2901132	92
campaignUiTriggerPlayerForE2e	2901133	2901251	118
updateEnemyIcon	2901252	2901794	542
showCampaignMissionControlsForParty	2901795	2902203	408
showCampaignUI	2902204	2902616	412
ensureCampaignTocLoaded	2902617	2902843	226
campaignUiForE2e	2902844	2903013	169
campaignUiExistsForE2e	2903014	2903092	78
clickCampaignMissionContinueForE2e	2903093	2903294	201
clickCampaignIntroCloseForE2e	2903295	2903490	195
clickCampaignAvailableBotForE2e	2903491	2903694	203
clickCampaignPlayerRaceForE2e	2903695	2903894	199
clickFirstUnlockedCampaignRaceChoiceForE2e	2903895	2904120	225
clickCampaignStartMissionForE2e	2904121	2904316	195
clickCampaignResultRetryForE2e	2904317	2904510	193
campaignUiSelectedBotCountForE2e	2904511	2904716	205
campaignUiSelectedRaceIdForE2e	2904717	2904924	207
showCampaignMissionControls	2904925	2905296	371
QF	2905297	2905510	213
RF	2905586	2905965	379
SF	2906027	2906207	180
createCampaignStarCostIcon	2906279	2906753	474
TF	2906754	2906778	24
campaignUiCheck	2906835	2906920	85
finishCampaignUiE2e	2906921	2907131	210
runCampaignUiRoundtripE2e	2907132	2907439	307
closeStartDialog	2907440	2907655	215
closeSourceNoticeDialogs	2907656	2907984	328
startCampaign__w3p_vmProtect	2907985	2908694	709
startCustomMode__w3p_vmProtect	2911381	2911446	65
startLadderModes__w3p_vmProtect	2913065	2913131	66
showSinglePlayerDialog__w3p_vmProtect	2913132	2915891	2759
sourceNoticeText__w3p_vmProtect	2915892	2916462	570
showSourceNotice__w3p_vmProtect	2916463	2918531	2068
UF	2918532	2919388	856
getCampaignChapterById	2919498	2919878	380
getCampaignProgressCheatOwner	2919879	2920025	146
makeChapterOneCheatStarMasks	2920026	2920557	531
applyChapterOneProgressCheatToPlayer__w3p_vmProtect	2922147	2922249	102
joinCampaignCheatToken	2922250	2922423	173
randomCampaignCheatRaceBuilderId	2922424	2922638	214
makeCampaignCheatRaceIds	2922639	2922888	249
makeCampaignCheatRecruitIds	2922889	2923246	357
makeCampaignCheatSupplies	2923247	2923815	568
tupleCopy17	2923816	2923865	49
applyCampaignMissionRecordCheatToPlayer__w3p_vmProtect	2923866	2924793	927
applyChapterOneProgressCheat__w3p_vmProtect	2924794	2926539	1745
VF	2926540	2928781	2241
WF	2928887	2929027	140
XF	2929111	2931099	1988
fixtureOwner	2931159	2931424	265
YF	2931425	2931665	240
isCastleProtected	2931729	2931845	116
ZF	2931846	2932333	487
gridWidth2	2932395	2932489	94
gridHeight	2932490	2932584	94
gridSize1	2932585	2932678	93
rectMinX	2932679	2932771	92
rectMinY	2932772	2932864	92
bumpStamp	2932865	2932961	96
tileInfoAt	2932962	2933115	153
reservationCountAt	2933116	2933268	152
setReservationCount	2933269	2933365	96
setTileInfo	2933366	2933476	110
probeVisitedStampAt	2933477	2933630	153
setProbeVisitedStamp	2933631	2933728	97
bumpProbeStamp	2933729	2933830	101
cageProbeStampAt	2933831	2933981	150
cageProbeResultAt	2933982	2934135	153
setCageProbeCache	2934136	2934260	124
indexOf	2934261	2934326	65
floorToInt	2934327	2934449	122
snapDown	2934450	2934517	67
clampi	2934518	2934622	104
gridXFromWorld	2934623	2934732	109
gridYFromWorld	2934733	2934842	109
gridToWorldCenterX	2934843	2934919	76
gridToWorldCenterY	2934920	2934996	76
cellCenter	2934997	2935206	209
isBuildableAtCenter	2935207	2935423	216
isCageProbeOpenAtCenter	2935424	2935548	124
areaSide	2935549	2935602	53
areaIdFor	2935603	2935747	144
inCurrentAreaIdx	2935748	2935853	105
initPathing	2935854	2937111	1257
ensureFx	2937112	2937540	428
paintFx	2937541	2937686	145
tryEnqueueOutside	2937687	2938187	500
seedOutsideRow	2938188	2938753	565
startAreaRun	2938754	2939124	370
scanTick	2939125	2939795	670
bfsTickOutsideThenScan	2939796	2940457	661
enqueueArea	2940458	2940595	137
startNextAreaIfIdle	2940596	2940863	267
finishCurrentArea	2940864	2941060	196
tickJobQueue	2941061	2941268	207
player_getSide	2941269	2941387	118
hasCageDataAt	2941388	2941541	153
vec2_isCagedAt	2941542	2942058	516
isPlacementKernelIndex	2942059	2942410	351
isCagedPlacementAt	2942411	2943125	714
isPlacementBlockedForSide	2943126	2943239	113
isPlacementBlockedForSideWithReservationAllowance	2943240	2943944	704
adjustPlacementReservationForSide	2943945	2944546	601
probeEnqueueOpen	2944547	2945067	520
wouldPlacementCreateNewCageAt	2945068	2947156	2088
setBlockedForBuilding	2947157	2947586	429
onStructureBuiltRecomputeOutside	2947587	2947766	179
aG	2947767	2948274	507
bG	2948358	2948475	117
cG	2948547	2948850	303
replaceChaosPortalSummon	2948918	2949057	139
onChaosPortalUnitSummoned	2949058	2949698	640
dG	2949699	2949762	63
checkForCpuSlotsW	2949826	2951407	1581
eG	2951408	2951432	24
fG	2951490	2952687	1197
fireEvents	2952745	2952784	39
eventid_toIntId	2952785	2952936	151
registerEventId	2952937	2955502	2565
gG	2955503	2955867	364
hG	2955935	2956367	432
iG	2956421	2956541	120
code__addAction_nullTimer_ClosureEvents	2956629	2956718	89
code__addAction_nullTimer_ClosureEvents1	2956719	2956809	90
code__registerPlayerUnitEvent_nullTimer_ClosureEvents	2956810	2956906	96
EventListener_add	2956907	2957197	290
EventListener_addSpellInternal	2957198	2957655	457
EventListener_generalEventCallback	2957656	2958256	600
EventListener_onSpellEffect	2958257	2958883	626
jG	2958884	2959774	890
kG	2959838	2959990	152
lG	2960070	2960674	604
mG	2960724	2960759	35
nG	2960811	2960846	35
popCallback	2960908	2961195	287
getScratchGroup	2961196	2961289	93
group_forEachFrom	2961290	2961505	215
oG	2961506	2961826	320
forUnitsInRange	2961878	2962540	662
currentCallbackD	2962541	2962590	49
forDestructablesInRect	2962591	2963245	654
code__EnumDestructablesInRect_ClosureForGroups	2963246	2963377	131
pG	2963378	2964273	895
onEvent	2964331	2964644	313
addListenerForFrame	2964645	2965186	541
framehandle_onClick	2965187	2965287	100
framehandle_onClickReleaseFocus	2965288	2965466	178
framehandle_onEditboxEnter	2965467	2965574	107
framehandle_onEditboxChange	2965575	2965690	115
framehandle_onSliderValueChange	2965691	2965810	119
timer_doAfter	2965811	2965908	97
doAfter	2965909	2965977	68
nullTimer	2965978	2966026	48
timer_doPeriodically	2966027	2966135	108
doPeriodically	2966136	2966218	82
CallbackPeriodic_staticCallback	2966219	2966353	134
code__start_CallbackSingle_ClosureTimers	2966354	2966556	202
qG	2966557	2969521	2964
colorA_toColorString	2969565	2969757	192
player_getNameColored	2969758	2969943	185
tupleCopy18	2969944	2970000	56
playercolor_toColor	2970001	2970195	194
color_toColorString	2970196	2970353	157
playercolor_getName	2970354	2970518	164
colorA_withoutAlpha	2970519	2970583	64
color_withAlpha	2970584	2970652	68
toHex	2970653	2970831	178
string_color	2970832	2970928	96
string_color1	2970929	2971047	118
string_color2	2971048	2971167	119
rG	2971168	2984069	12901
countNonAwayHumanPlayersInForce	2984117	2984597	480
rollDice	2984598	2984785	187
toggleAutoTrain	2984786	2985104	318
toggleSyncMsgs	2985105	2985519	414
initiateForfeitVote	2985520	2986304	784
voteForGameDraw	2986305	2987555	1250
campaignBlocksAwayControl	2987556	2987719	163
clearHostSelectedModes__w3p_vmProtect	2989778	2989850	72
player_clearTextMessagesLocal	2989851	2989936	85
player_printLocal	2989937	2990024	87
player_hideOriginFramesLocal	2990025	2990131	106
player_showOriginFramesLocal	2990132	2990223	91
player_clearMessagesAndSelectionLocal	2990224	2990333	109
player_applyZoomLocal	2990334	2990746	412
playerslotstate_toString	2990747	2990967	220
mapcontrol_toString	2990968	2991321	353
sG	2991322	2991487	165
tG	2991553	2992424	871
getCompositionAspects	2992492	2992538	46
prepareAspects	2992539	2992846	307
scoreDelta	2992847	2992917	70
sumAttackWorths	2992918	2993104	186
sumArmorWorths	2993105	2993289	184
uG	2993290	3002133	8843
shouldClearPendingBuildOrder	3002181	3002259	78
isLiveStructureHandle	3002260	3002392	132
isValidStructureHandle	3002393	3002529	136
shouldTrackAiBuiltStructure	3002530	3002707	177
isStrategicAuraProductionBuilding	3002708	3002842	134
hasStrategicAuraProductionFloor	3002843	3002907	64
shouldStrategicAuraUseGoldForPlanState	3002908	3002979	71
getAiExecutorForPlayer	3002980	3003155	175
registerAiPreplacedBuilding	3003156	3003604	448
startAi	3003605	3004420	815
restartAiForPlayer	3004421	3004496	75
restartAiForCampaignProfile	3004497	3004727	230
vG	3004728	3006160	1432
wG	3006226	3008139	1913
xG	3008197	3008581	384
yG	3008641	3008949	308
resetAiRescueStrikeCoordination	3009025	3009201	176
clamp	3009202	3009261	59
requiredCount	3009262	3009363	101
shouldRescueStrike	3009364	3009464	100
countRescueStrikeHitsAt	3009465	3009721	256
findBestRescueStrikeTarget	3009722	3010685	963
hasAvailableAiRescueStrikeCaster	3010686	3011430	744
shouldThrottleAiRescueStrike	3011431	3011825	394
onAttackStrikeCheck	3011826	3014568	2742
zG	3014569	3014773	204
AG	3014843	3015116	273
BG	3015187	3015726	539
CG	3015798	3016160	362
DamageEvent_repairCursors	3016214	3016415	201
DamageEvent_onUnreducedDamage	3016416	3017438	1022
DamageEvent_onDamage	3017439	3018307	868
DamageEvent_addListener	3018308	3018386	78
DamageEvent_addListener1	3018387	3018751	364
DamageEvent_removeListener	3018752	3019557	805
DamageEvent_removeUnreducedListener	3019558	3020246	688
DamageEvent_getSource	3020247	3020315	68
DamageEvent_getTarget	3020316	3020384	68
DamageEvent_getAmount	3020385	3020453	68
DamageEvent_getType	3020454	3020524	70
isDispellableEnemyOf	3020525	3020760	235
devourAttackProc	3020761	3021722	961
h05LAttackProc	3021723	3022091	368
boulderAttackProc	3022092	3022463	371
tornadoStackProc	3022464	3022700	236
dryadDispelProc	3022701	3022973	272
keeperDispelProc	3022974	3023247	273
ancientKeeperDispelProc	3023248	3023546	298
feralRage	3023547	3024235	688
DG	3024236	3024260	24
cleaveHitsTarget	3024318	3024622	304
castLightningShield	3024623	3025206	583
randomN02YOrder	3025207	3025321	114
vampireCharge	3025322	3025691	369
deathPactEmergency	3025692	3026004	312
finishBearHibernate	3026005	3026219	214
startBearSleep	3026220	3026790	570
startBearHibernate	3026791	3027032	241
handleSourceDamageEffects	3027033	3028628	1595
handleTargetDamageEffects	3028629	3029512	883
handleFanOfKnives	3029513	3029995	482
applyVampireArmorReduction	3029996	3030343	347
resetSapperDamageTrigger	3030344	3030974	630
code__addAction_DamageRuntime	3030975	3031305	330
registerSapperDamage	3031306	3031455	149
EG	3031456	3032480	1024
FG	3032532	3032548	16
destructable_getX	3032604	3032679	75
destructable_getY	3032680	3032755	75
destructable_getTypeId	3032756	3032841	85
destructable_getLife	3032842	3032923	81
GG	3032924	3032980	56
devPlacedBuildingsForPlayer	3033044	3033151	107
clearDevPlacedBuildings	3033152	3033746	594
placeAllBuildingsForDevTest	3033747	3035311	1564
HG	3035312	3038906	3594
IG	3038952	3041049	2097
attachPanelBackdrop1	3041103	3041498	395
attachPanelBackdrop	3041499	3041571	72
createPanelContainer	3041572	3041982	410
makePerkPack	3041983	3042124	141
draftDebugBool	3042125	3042223	98
draftDebugPlayer	3042224	3042354	130
draftDebugPack	3042355	3042624	269
draftDebugPair	3042625	3042827	202
draftDebug	3042828	3042932	104
run_wrapper	3042933	3043091	158
run_wrapper1	3043092	3043252	160
run_wrapper2	3043253	3043413	160
run_wrapper3	3043414	3043574	160
run_wrapper4	3043575	3043735	160
run_wrapper5	3043736	3043896	160
run_wrapper6	3043897	3044057	160
JG	3044058	3044508	450
DraftEventBus_fireWarmupStart	3044562	3044848	286
DraftEventBus_fireWarmupTick	3044849	3045118	269
DraftEventBus_fireWarmupEnd	3045119	3045381	262
DraftEventBus_fireWarmupReady	3045382	3045652	270
DraftEventBus_fireWarmupReadyUpdate	3045653	3045929	276
DraftEventBus_fireWarmupAllReady	3045930	3046197	267
DraftEventBus_fireRoundStart	3046198	3046467	269
DraftEventBus_fireRoundEnd	3046468	3046734	266
DraftEventBus_fireTimer	3046735	3046999	264
DraftEventBus_firePacks	3047000	3047263	263
DraftEventBus_firePick	3047264	3047534	270
DraftEventBus_fireReroll	3047535	3047815	280
DraftEventBus_fireDraftEnd	3047816	3048076	260
DraftEventBus_fireStarterPick	3048077	3048355	278
KG	3048356	3048530	174
syncDraftPlayerFromForce	3048596	3049670	1074
syncDraftPlayersFromForces	3049671	3049980	309
setupDefaultRoundOrder__w3p_vmProtect	3052472	3052537	65
initializeDefaultDraftTiers__w3p_vmProtect	3055747	3055817	70
getDefaultRoundType	3055818	3055930	112
restartDraftAfterRoundEnd	3055931	3056359	428
startDraft__w3p_vmProtect	3056360	3057074	714
randomForTier	3057075	3057429	354
startDefaultDraft__w3p_vmProtect	3059223	3059283	60
LG	3059284	3064875	5591
mixPerkRegistryToken	3064941	3065241	300
ensureAppliedList	3065242	3065338	96
expectedPerkIdByIndex__w3p_vmProtect	3069122	3069193	71
expectedPerkNameByIndex__w3p_vmProtect	3072987	3073060	73
expectedPerkReminderByIndex__w3p_vmProtect	3076805	3076882	77
expectedPerkSignatureByIndex__w3p_vmProtect	3080631	3080709	78
isPerkManifestSlot__w3p_vmProtect	3083179	3083255	76
isPerkRegistryTokenValid__w3p_vmProtect	3084621	3084688	67
addRegisteredPerk__w3p_vmProtect	3087494	3087577	83
getRegisteredPerkIdSequence__w3p_vmProtect	3087578	3087939	361
recordPerkCatalogSizeDrift__w3p_vmProtect	3089328	3089397	69
recordPerkCatalogOrderDrift__w3p_vmProtect	3090786	3090856	70
recordPerkCatalogFingerprintDrift__w3p_vmProtect	3092245	3092321	76
recordPerkCatalogEntryDrift__w3p_vmProtect	3093711	3093781	70
recordPerkCatalogSealDrift__w3p_vmProtect	3095170	3095239	69
recordPerkCatalogSignatureDrift__w3p_vmProtect	3096628	3096702	74
recordPerkCatalogTokenDrift__w3p_vmProtect	3098091	3098161	70
validateRegisteredPerkCount__w3p_vmProtect	3099776	3099846	70
validateRegisteredPerkIds__w3p_vmProtect	3101903	3101971	68
validateRegisteredPerkEntries__w3p_vmProtect	3104730	3104802	72
validateRegisteredPerkToken__w3p_vmProtect	3106422	3106492	70
validateRegisteredPerkSeal__w3p_vmProtect	3108078	3108147	69
validateRegisteredPerks__w3p_vmProtect	3110196	3110262	66
assertDraftPerkCount__w3p_vmProtect	3112028	3112091	63
initPerks__w3p_vmProtect	3121996	3122048	52
assertDraftPerkIdSequence__w3p_vmProtect	3123725	3123793	68
assertDraftPerkIdHash__w3p_vmProtect	3125470	3125534	64
assertDraftPerkEntries__w3p_vmProtect	3127339	3127404	65
assertDraftPerkRegistrySealed__w3p_vmProtect	3129165	3129237	72
isRegisteredPerk	3129238	3129733	495
copyAllPerksIntoDrawPool__w3p_vmProtect	3132354	3132421	67
hasAppliedPerk	3132422	3132804	382
configureReminderAbilityFromPerk	3132805	3133252	447
addPerkReminderToBuilder	3133253	3133886	633
removeAllPerkRemindersFromBuilder	3133887	3134464	577
installReminderRoundStartHookOnce__w3p_vmProtect	3136073	3136149	76
applyPerk	3136150	3136445	295
cleanupAppliedPerks	3136446	3136980	534
getPerkCount	3136981	3137129	148
getRegisteredPerkForE2e	3137130	3137349	219
getPerkQuestTexts	3137350	3138539	1189
drawPerk	3138540	3138930	390
returnPerk	3138931	3139025	94
findPerkById	3139026	3139513	487
applyPerkById	3139514	3139647	133
applyAllPerks	3139648	3140250	602
MG	3140251	3140668	417
NG	3140738	3141149	411
PG	3141215	3142284	1069
debugDraftRoundStrip	3142330	3142553	223
player_clearDraftTextMessagesLocal	3142554	3142644	90
run_wrapper7	3142645	3142894	249
run_wrapper8	3142895	3143292	397
QG	3143293	3143842	549
createDummy	3143900	3144548	648
DummyRecycler_get	3144549	3145209	660
DummyRecycler_recycle	3145210	3146502	1292
RG	3146503	3146921	418
SG	3146959	3147277	318
charCode	3147331	3147597	266
xor16	3147598	3147911	313
fnv1a32Hex	3147912	3148351	439
hex16	3148352	3148597	245
transpose	3148598	3149015	417
encodeFrame	3149016	3149254	238
TG	3149255	3150664	1409
UG	3150708	3151304	596
E2E_isActive	3151342	3151379	37
VG	3151380	3151420	40
WG	3151464	3153393	1929
E2E_q	3153441	3153527	86
YG	3153528	3153705	177
E2E_emit	3153749	3155531	1782
E2E_startSuite	3155532	3156161	629
E2E_assertTrue	3156162	3156437	275
E2E_recordEvent	3156438	3156968	530
E2E_recordMetric	3156969	3157462	493
E2E_finish	3157463	3157644	181
E2E_resultPayload	3157645	3159572	1927
addEffect	3159573	3159645	72
addEffect1	3159646	3159736	90
ZG	3159737	3159797	60
error1	3159855	3159955	100
aH	3159956	3160014	58
isPlayerunitEventId	3160068	3160190	122
isKeyboardEventId	3160191	3160269	78
isMouseEventId	3160270	3160332	62
eventid_isPlayerunitEvent	3160333	3160426	93
eventid_isKeyboardEvent	3160427	3160516	89
eventid_isMouseEvent	3160517	3160600	83
EventData_getTriggerUnit	3160601	3160662	61
EventData_getSpellTargetUnit	3160663	3160732	69
EventData_getChatMessage	3160733	3160804	71
EventData_getTriggerPlayer	3160805	3160870	65
EventData_getAbilityTargetPos	3160871	3160957	86
EventData_getSpellTargetPos	3160958	3161037	79
bH	3161038	3161200	162
executeCurrentCallback	3161246	3161333	87
getCurrentCallback	3161334	3161385	51
isLastCallbackSuccessful	3161386	3161459	73
execute	3161460	3161590	130
try	3161591	3162253	662
cH	3162254	3162580	326
File_validateInput	3162624	3163049	425
dH	3163050	3163081	31
eH	3163139	3163298	159
setupFireSummon	3163355	3163530	175
fH	3163531	3163594	63
createVision	3163644	3163780	136
force_forEach	3163781	3164331	550
code__ForForce_Force	3164332	3164404	72
force_getRandomPlayer	3164405	3164489	84
force_containsPlayer	3164490	3164575	85
force_iterator	3164576	3165060	484
code__ForForce_Force1	3165061	3165195	134
force_hasNext	3165196	3165270	74
force_next	3165271	3165436	165
gH	3165437	3165581	144
hH	3165635	3166123	488
verifyFrameNameLength	3166187	3166459	272
getOriginFrame	3166460	3166541	81
getFrame	3166542	3166630	88
getFrame1	3166631	3166705	74
createFrame	3166706	3166823	117
createFrame1	3166824	3166956	132
createTextFrame	3166957	3167039	82
framehandle_setVisible	3167040	3167183	143
framehandle_disable	3167184	3167343	159
framehandle_enable	3167344	3167501	157
framehandle_isVisible	3167502	3167582	80
framehandle_getText	3167583	3167659	76
framehandle_setFocus	3167660	3167799	139
framehandle_isEnabled	3167800	3167880	80
framehandle_unfocus	3167881	3168114	233
framehandle_isEnabled1	3168115	3168262	147
framehandle_getHeight	3168263	3168343	80
framehandle_getWidth	3168344	3168422	78
framehandle_getParent	3168423	3168503	80
loadTOCFile	3168504	3168558	54
framehandle_getChildrenCount	3168559	3168653	94
framehandle_getChild	3168654	3168740	86
iH	3168741	3168832	91
player_getForce	3168884	3169031	147
gamecache_hasInt	3169032	3169123	91
gamecache_loadInt	3169124	3169215	91
jH	3169216	3169668	452
kH	3169720	3170826	1106
getElapsedGameTime	3170876	3170936	60
lH	3170937	3170966	29
mH	3171046	3171624	578
nH	3171678	3175787	4109
oH	3175849	3176081	232
pH	3176144	3176378	234
isSupportOrderUnit	3176444	3176654	210
orderAssassinOrGoboW	3176655	3177171	516
isGobbo	3177172	3177256	84
shouldRunPeriodicSupportOrderForState	3177257	3177399	142
isGobboRepairableTarget	3177400	3177753	353
isGobboRallyTarget	3177754	3177922	168
setGobboSpawner	3177923	3178197	274
ensureSupportOrderTask	3178198	3178477	279
restoreSupportOrderW	3178478	3178683	205
orderGoboW	3178684	3179789	1105
ensureGobboTargetGroup	3179790	3179877	87
prepareGobboTargets	3179878	3180499	621
stopGobboIfBusy	3180500	3180630	130
qH	3180631	3180925	294
rH	3181012	3181244	232
sH	3181336	3182258	922
getGobboTimedLifeIndex	3182318	3182485	167
shouldApplyGobboTimedLife	3182486	3182694	208
applyGobboTimedLife	3182695	3182934	239
tH	3182935	3183172	237
uH	3183258	3183321	63
toggleGrid	3183361	3183904	543
createGridImage	3183905	3184151	246
vH	3184152	3184173	21
group_add1	3184215	3184426	211
group_add	3184427	3184642	215
group_remove	3184643	3184864	221
group_has	3184865	3184937	72
group_size	3184938	3185005	67
wH	3185006	3185055	49
group_hasNext	3185103	3185181	78
group_getRandom	3185182	3185321	139
group_get	3185322	3185395	73
xH	3185396	3185677	281
group_iterator	3185724	3185798	74
group_next	3185799	3185922	123
yH	3185923	3185953	30
hashtable_hasInt	3186001	3186086	85
hashtable_hasString	3186087	3186174	87
hashtable_loadDestructableHandle	3186175	3186282	107
hashtable_loadEffectHandle	3186283	3186378	95
hashtable_loadForceHandle	3186379	3186472	93
hashtable_loadInt	3186473	3186554	81
hashtable_loadString	3186555	3186635	80
hashtable_loadTriggerHandle	3186636	3186733	97
hashtable_loadUnitHandle	3186734	3186825	91
hashtable_loadFrameHandle	3186826	3186919	93
zH	3186920	3199414	12494
AH	3199466	3200909	1443
enemyCastleRect	3200983	3201133	150
registerHumanArtillery	3201134	3201496	362
BH	3201497	3201563	66
CH	3201633	3201781	148
DH	3201885	3213515	11630
EH	3213557	3213639	82
isIdleAttackUnit	3213705	3213965	260
startIdleAttackTimer	3213966	3214453	487
code__TimerStart_IdleAttackRuntime	3214454	3214678	224
FH	3214679	3215023	344
stopIdleDetection	3215095	3215227	132
recordPlayerAction	3215228	3215332	104
checkPlayerIdle	3215333	3216362	1029
startIdleDetectionIfEnabled	3216363	3216508	145
createImage	3216509	3216633	124
image_showForPlayer	3216634	3216737	103
image_hideForPlayer	3216738	3216842	104
GH	3216843	3221093	4250
calcTreasureBoxMultiplier	3221151	3221338	187
rawIncomeWithTreasureBox	3221339	3221477	138
taxedIncomeForPlayer	3221478	3221828	350
taxedIncomeRealForPlayer	3221829	3222162	333
canSyncBuildingIncome	3222163	3222568	405
buildingIncomeSyncDelta	3222569	3222695	126
unitIncomeIndex	3222696	3222872	176
savedBuildingIncome	3222873	3223011	138
catalogBuildingIncome	3223012	3223141	129
catalogBuildingIncomeDelta	3223142	3223276	134
buildingDebugName	3223277	3223562	285
printIncomeSyncDebug	3223563	3224306	743
syncBuildingIncome	3224307	3224908	601
removeBuildingIncome	3224909	3225258	349
refreshCurrentIncomeCache	3225259	3225802	543
syncFinishedBuildingIncome	3225803	3226032	229
toggleIncomeDebug	3226033	3226372	339
setIncomeDebug	3226373	3226564	191
showIncomeDebug	3226565	3228716	2151
onIncomeTick	3228717	3230451	1734
HH	3230452	3230822	370
IH	3230902	3231191	289
JH	3231273	3231416	143
KH	3231500	3231643	143
LH	3231731	3231975	244
bindIncomeText	3232023	3232131	108
MH	3232132	3232517	385
InstantDummyCaster_prepare	3232585	3233420	835
InstantDummyCaster_castPoint	3233421	3233946	525
InstantDummyCaster_castPoint1	3233947	3234082	135
NH	3234083	3234131	48
int_toReal	3234177	3234218	41
int_toString	3234219	3234268	49
int_bitAnd	3234269	3234325	56
OH	3234326	3234420	94
int_bitXor	3234460	3234516	56
PH	3234517	3235416	899
getCageBuildingIndex	3235476	3235641	165
unit_isCageBuilding	3235642	3235768	126
unit_setCageBuilding	3235769	3235884	115
QH	3235885	3236012	127
RH	3236098	3236122	24
onIssuedPointOrTargetOrder	3236190	3236396	206
startIssuedOrderTracking	3236397	3237164	767
code__Condition_addCondition_IssuedOrderRuntime	3237165	3237261	96
SH	3237262	3237278	16
TH	3237324	3238624	1300
UH	3238690	3239044	354
VH	3239090	3239322	232
WH	3239375	3239802	427
YH	3239848	3241685	1837
ZH	3241725	3244259	2534
aI	3244305	3244386	81
bI	3244474	3244586	112
cI	3244628	3244736	108
item_getTypeId	3244780	3244849	69
item_getX	3244850	3244909	59
item_getY	3244910	3244969	59
item_getPos	3244970	3245035	65
item_getCharges	3245036	3245107	71
item_getName	3245108	3245173	65
item_getAbilityByIndex	3245174	3245270	96
item_getAbility	3245271	3245353	82
dI	3245354	3245370	16
lightning_destr	3245420	3245493	73
eI	3245494	3245525	31
fI	3245577	3245783	206
LinkedList_joinBy	3245817	3246304	487
gI	3246305	3247416	1111
hI	3247454	3251515	4061
iI	3251560	3252650	1090
jI	3252722	3252850	128
mmdEncrypted	3252904	3253182	278
encryptAndEncodeForMmd	3253183	3253259	76
mmdE2e	3253260	3253511	251
kI	3253512	3254137	625
lI	3254200	3255052	852
nI	3255115	3255561	446
getTotalGoldEarned	3255633	3255874	241
logTimelineSnapshot	3255875	3256176	301
logRescueStrikeUse	3256177	3256538	361
safeB64Char	3256539	3256596	57
encodeSafeBase64	3256597	3257971	1374
encrypt	3257972	3258645	673
getTeamForce	3258646	3258773	127
getTeamIndex	3258774	3258896	122
oI	3258897	3258948	51
pI	3259028	3264514	5486
qI	3264569	3265311	742
rI	3265374	3266109	735
sI	3266175	3266232	57
tI	3266298	3266355	57
recordMatchResultNow	3266420	3267409	989
showMatchResultDialogs	3267410	3268401	991
code__forEach_MMDData4	3268402	3268515	113
code__forEach_MMDData5	3268516	3268628	112
code__forEach_MMDData6	3268629	3268806	177
code__forEach_MMDData7	3268807	3268995	188
handlePlayerLeave	3268996	3269184	188
code__forEach_doAfter_MMDData	3269185	3269269	84
vI	3269270	3269362	92
xI	3269444	3269536	92
PlayerFlag_toString	3269619	3269831	212
pack15	3269832	3270334	502
raiseGuard	3270335	3270469	134
time5	3270470	3270516	46
zI	3270517	3271024	507
c2i	3271060	3271603	543
poorHash	3271604	3271853	249
isEmitter	3271854	3272407	553
emit	3272408	3272684	276
tick	3272685	3273795	1110
init2	3273796	3274413	617
MMD_flagPlayer	3274414	3274788	374
compileError	3274789	3274818	29
AI	3274819	3275540	721
inBoundsXY	3275590	3275686	96
vec3_inBounds	3275687	3275749	62
BI	3275750	3276076	326
reviewMapLabel__w3p_vmProtect	3278206	3278263	57
createWatermark__w3p_vmProtect	3278264	3278835	571
reviewWatermark__w3p_vmProtect	3278836	3279343	507
scheduleWatermarkReview__w3p_vmProtect	3280965	3281031	66
CI	3281032	3281495	463
findMasterLightningHit	3281559	3282149	590
processMasterLightningBolts	3282150	3284958	2808
processSnowMissiles	3284959	3286440	1481
spawnSnowMissileFanStep	3286441	3287450	1009
onLightningBolt	3287451	3288613	1162
onMasterSpell	3288614	3289472	858
DI	3289473	3289489	16
max1	3289531	3289745	214
max	3289746	3289958	212
min	3289959	3290172	213
min1	3290173	3290386	213
EI	3290387	3290403	16
FI	3290451	3290547	96
totalRaceBanCount	3290603	3290651	48
resetRaceBanModes__w3p_vmProtect	3292057	3292117	60
clampLumberToLimit	3292118	3292207	89
stopLumberLimitClamp	3292208	3292340	132
enforceLumberLimitNow	3292341	3292802	461
startLumberLimitClamp	3292803	3292936	133
syncArtilleryModeAvailability	3292937	3293397	460
applyArtilleryModeEnabled	3293398	3293803	405
applyNoAfkMode	3293804	3294091	287
applyDualRacesMode	3294092	3294393	301
applyUniqueRacesMode	3294394	3294983	589
applyTreasureBoxModeEnabled	3294984	3295414	430
applyBountyModeEnabled	3295415	3295878	463
applySpecialsModeEnabled	3295879	3296209	330
applyItemsModeEnabled	3296210	3296498	288
applyLegendaryModeEnabled	3296499	3296816	317
applyRescueStrikeModeEnabled	3296817	3297135	318
applyLumberLimit	3297136	3297504	368
applyTaxMode	3297505	3298025	520
applyCagingModeEnabled	3298026	3298316	290
applyAutobalanceMode	3298317	3299113	796
canApplyCurrentModeCapacity	3299114	3299675	561
canApplyRaceBanMode	3299676	3299752	76
applyRandomBanMode	3299753	3300304	551
applyBanMode	3300305	3300847	542
applyExtendedMultiplayerMode	3300848	3301431	583
applyMultiplayerMode	3301432	3302194	762
applyFogOfWar	3302195	3302764	569
applyRoundLimit	3302765	3303567	802
applyFillMode	3303568	3305059	1491
findUltimateBuilderRaceSlot__w3p_vmProtect	3306451	3306521	70
applyUltimateInPool	3306522	3306971	449
removeUltimateFromPool__w3p_vmProtect	3309965	3310030	65
HI	3310031	3310265	234
isUnsignedIntString	3310317	3310786	469
ModeParser_initialize__w3p_vmProtect	3310787	3320620	9833
ModeParser_hasSufficientBaseMode	3320621	3320689	68
ModeParser_startSelectedModesOrDefault__w3p_vmProtect	3324323	3324404	81
ModeParser_applyModeString__w3p_vmProtect	3324405	3324916	511
ModeParser_isModeResetCommand__w3p_vmProtect	3326248	3326327	79
ModeParser_modeValueHint	3326328	3327322	994
ModeParser_generalModeHint	3327323	3327463	140
ModeParser_modeIdForPart	3327464	3327828	364
ModeParser_isUltimateDraftModeId	3327829	3327911	82
ModeParser_isUltimateDraftModeActive	3327912	3327979	67
ModeParser_isUltimateDraftIncompatibleModeId	3327980	3328153	173
ModeParser_parsedModesContainUltimateDraftIncompatibleMode	3328154	3328622	468
ModeParser_partsContainUltimateDraftMode	3328623	3329065	442
ModeParser_partsContainUltimateDraftIncompatibleMode	3329066	3329532	466
ModeParser_rejectUltimateDraftConflict	3329533	3329730	197
ModeParser_formatSelectedModePreview	3329731	3330681	950
ModeParser_generateModeString	3330682	3331067	385
ModeParser_generateCurrentModeString	3331068	3331150	82
ModeParser_announceSelectedModePreviewToAll	3331151	3331338	187
ModeParser_parseMode__w3p_vmProtect	3333391	3333461	70
ModeParser_parseModeAppend__w3p_vmProtect	3333462	3334345	883
ModeParser_parseSingleMode__w3p_vmProtect	3334346	3336153	1807
ModeParser_cancelModeSelectionTimer	3336154	3336364	210
ModeParser_resetSelectedModesForReentry__w3p_vmProtect	3342311	3342393	82
ModeParser_startModeSelectionTimerInternal	3342394	3343080	686
ModeParser_clearSelectedModesAndRestart__w3p_vmProtect	3344780	3344869	89
ModeParser_isModeSelectionPromptActive	3344870	3344960	90
ModeParser_startModeSelectionTimer__w3p_vmProtect	3346375	3346459	84
II	3346460	3346702	242
debugModeRace	3346764	3346926	162
cancelPendingRoundStartTimers	3346927	3348126	1199
stopManualBanPoll	3348127	3348256	129
stopDraftRacePoll	3348257	3348386	129
stopPickRacePoll	3348387	3348515	128
getAssignedBuilderId	3348516	3348587	71
resolveControlledSlotBuilderId	3348588	3348807	219
isControlledGameplaySlot	3348808	3349082	274
ensureControlledSlotBuilderAssignment	3349083	3349615	532
getPresetRaceAssignment	3349616	3349804	188
applyRaceTechAvailabilityForPlayer	3349805	3350339	534
resetCampaignRoundStartState__w3p_vmProtect	3353275	3353346	71
clearRememberedRaceBans__w3p_vmProtect	3354741	3354807	66
isModeRoundStartInProgress	3354808	3354858	50
isModeRoundStarted	3354859	3354914	55
rememberRaceBan__w3p_vmProtect	3356633	3356698	65
applyRememberedRaceBansToAvailability__w3p_vmProtect	3356699	3356950	251
markRaceUnavailable	3356951	3357138	187
finishManualRaceBan	3357139	3357448	309
continueRoundStartAfterBans	3357449	3357843	394
advanceManualRaceBan	3357844	3358536	692
runRandomRaceBan	3358537	3359056	519
ensurePresetRaceStorage	3359057	3359204	147
clearPresetRaceAssignments	3359205	3359423	218
setPresetRaceAssignment	3359424	3359753	329
assignRaceToPlayer	3359754	3360011	257
applyRaceSelectionSideEffects	3360012	3360328	316
chooseFallbackRaceForPlayer	3360329	3360530	201
applyConfiguredRaces	3360531	3361361	830
applyRandomRaces	3361362	3362511	1149
applyMirrorRaces	3362512	3363637	1125
applyUltimateRaces	3363638	3364037	399
onPickSelectionConfirmed	3364038	3364219	181
finishDraftRaceSelection	3364220	3365093	873
advanceDraftRaceSelection	3365094	3366062	968
runDraftRaceSelection	3366063	3366564	501
finishPickRaceSelection	3366565	3367693	1128
runPickRaceSelection	3367694	3369203	1509
runConfiguredRaceMode	3369204	3369729	525
completeRoundStart	3369730	3375493	5763
beginRoundStartModeSection	3375494	3376216	722
code__TimerStart_ModeRaceRuntime	3376217	3376277	60
code__TimerStart_ModeRaceRuntime1	3376278	3376363	85
startRoundTimer	3376364	3376589	225
createRoundCastlesAndContinue	3376590	3378654	2064
startNextRoundViaModeRuntime	3378655	3380528	1873
onTimeLimitReached	3380529	3381824	1295
on1beforeLimitReached	3381825	3382200	375
on3beforeLimitReached	3382201	3382578	377
on5beforeLimitReached	3382579	3382966	387
JI	3382967	3383087	120
modeRuntimeFail	3383147	3383230	83
modeRuntimeCheck	3383231	3383317	86
finishModeRuntimeE2e	3383318	3383549	231
checkModeRoundStart	3383550	3384609	1059
killEasternCastleForModeRound	3384610	3384763	153
onModeRoundStart	3384764	3385087	323
onModeRoundEnd	3385088	3385685	597
runModeRuntimeRoundtripE2e	3385686	3386218	532
KI	3386219	3386243	24
formatCurrentModeString	3386293	3389599	3306
NI	3389600	3390206	606
OI	3390254	3390338	84
rowsNeededFor	3390402	3390488	86
refreshAttachedMultiboard	3390489	3391219	730
refreshAttachedMultiboardLayout	3391220	3391664	444
ensureAttachedMultiboardRefreshTicker	3391665	3391815	150
attachToMultiboardSized	3391816	3392688	872
attachTableLayoutToMultiboard	3392689	3393059	370
PI	3393060	3393236	176
mbUiDebug	3393308	3393429	121
formatIncomeText	3393430	3393550	120
formatRescueKillsText	3393551	3393702	151
formatRescueText	3393703	3393927	224
QI	3393928	3393964	36
mbDebug	3394036	3394152	116
mbDebugStateSnapshot	3394153	3395221	1068
publishRescueStrikeEvents	3395222	3395579	357
enforceRoundUnitLimit	3395580	3395782	202
publishRoundBoardSignalsFromGame	3395783	3396455	672
setPlayerRescueStrike	3396456	3396615	159
incrementPlayerKills	3396616	3396759	143
incrementPlayerRescueKills	3396760	3396915	155
incrementTeamKills	3396916	3397087	171
incrementTeamDestroyedBuildings	3397088	3397482	394
initMultiboardEventHooks	3397483	3397735	252
RI	3397736	3397794	58
mbInitDebug	3397853	3397978	125
SI	3397979	3399393	1414
formatRoundTime	3399455	3399826	371
roundTimeStr	3399827	3399917	90
getBoardRoundTimeSeconds	3399918	3400003	85
getPlayerState	3400004	3400069	65
syncPlayerState	3400070	3400206	136
isPlayerRepresentedOnMultiboard	3400207	3400456	249
getRepresentedTeamIndex	3400457	3400850	393
isPlayerRepresentedOnTeam	3400851	3400938	87
syncPlayerGold	3400939	3401078	139
addPlayerGold	3401079	3401216	137
addPlayerLumber	3401217	3401358	141
initMultiboardState	3401359	3401601	242
isPlayerInTeam	3401602	3401678	76
computeRescueStrikesForTeam	3401679	3402035	356
computeTeamIncome	3402036	3402365	329
getRescueStrikesForTeam	3402366	3402555	189
multiboard_show	3402556	3402674	118
multiboard_hide	3402675	3402794	119
multiboard_minimize	3402795	3402918	123
multiboard_maximize	3402919	3403043	124
TI	3403044	3403159	115
startObeliskOfLight	3403219	3403653	434
stopObeliskOfLight	3403654	3404000	346
code__onLeave_doAfter_ObeliskOfLight	3404001	3404090	89
VI	3404091	3404243	152
near1	3404313	3404415	102
createRawSentinelUnit	3404416	3404558	142
assertUnitStubSentinel__w3p_vmProtect	3407479	3407567	88
assertAbilityStubSentinel__w3p_vmProtect	3410594	3410662	68
assertSourceOwnedAbilityStubSentinel__w3p_vmProtect	3413823	3413902	79
assertObjectDataIntegrity__w3p_vmProtect	3416927	3416995	68
XI	3416996	3418056	1060
ZI	3418122	3418693	571
toRawCode	3418743	3419014	271
int_toRawCode	3419015	3419066	51
bJ	3419067	3419226	159
cJ	3419272	3421206	1934
dJ	3421274	3421389	115
eJ	3421453	3421584	131
markShrineReviveBlocked	3421648	3421850	202
fJ	3421851	3428623	6772
gJ	3428667	3428841	174
hJ	3428935	3429322	387
getEnterLeaveUnit	3429386	3429463	77
code__Filter_registerEnterRegion_nullTimer_OnUnitEnterLeave	3429464	3429680	216
code__registerPlayerUnitEvent_nullTimer_OnUnitEnterLeave	3429681	3429940	259
iJ	3429941	3430177	236
jJ	3430237	3430300	63
condition6	3430352	3430452	100
code__Condition_addCondition_addAction_TriggerRegisterEnterRectSimple_doAfter_OrderRects	3430453	3430591	138
code__addAction_TriggerRegisterEnterRectSimple_doAfter_OrderRects	3430592	3430705	113
code__Condition_addCondition_addAction_TriggerRegisterEnterRectSimple_doAfter_OrderRects1	3430706	3430845	139
code__addAction_TriggerRegisterEnterRectSimple_doAfter_OrderRects1	3430846	3430960	114
kJ	3430961	3431117	156
lJ	3431161	3432184	1023
mJ	3432252	3433077	825
nJ	3433135	3433228	93
oJ	3433317	3434104	787
shouldShowPsa	3434142	3434214	72
pJ	3434215	3436418	2203
spellWitheringTouch	3436484	3437592	1108
qJ	3437593	3437849	256
rJ	3437908	3438164	256
sJ	3438222	3438558	336
tJ	3438616	3438648	32
applyArcaneOverchargeTo	3438720	3439209	489
applyArcaneOverchargeSpecialPenalty	3439210	3439652	442
applyArcaneOverchargeSpecialPenaltyForE2e	3439653	3439766	113
createArcaneOverchargePerk	3439767	3440276	509
uJ	3440277	3440309	32
createBreachingDoctrinePerk	3440383	3440831	448
vJ	3440832	3441244	412
productionEnchantmentState	3441322	3441471	149
spellEnchantmentState	3441472	3441606	134
isProductionBuilding	3441607	3441840	233
isSpellBuilding	3441841	3442159	318
addAbilityIfMissing	3442160	3442357	197
removeAbilityIfPresent	3442358	3442512	154
createEnchantmentEffect	3442513	3442740	227
destroyEnchantmentEffect	3442741	3442958	217
scaleUnitBaseDamage	3442959	3443413	454
scaleUnitMaxHp	3443414	3443889	475
scaleUnitModelSize	3443890	3444125	235
applyProductionSpawnModifiers	3444126	3444391	265
applyProductionEnchantBonusFromAnyActiveTarget	3444392	3444917	525
clearProductionEnchantedBuildingFor	3444918	3445380	462
setProductionEnchantedBuilding	3445381	3445781	400
ensureProductionBuilderAbility	3445782	3446049	267
resetBuildingEnchantmentState	3446050	3447266	1216
setSpellBuildingManaDelta	3447267	3447587	320
desiredSpellBuildingManaDelta	3447588	3447900	312
spellEnchantmentManaDeltaForE2e	3447901	3448125	224
refreshSpellBuildingEnchantments	3448126	3449220	1094
clearSpellEnchantedBuildingFor	3449221	3449742	521
setSpellEnchantedBuilding	3449743	3450402	659
ensureSpellBuilderAbility	3450403	3450665	262
registerProductionEnchantmentPlayer	3450666	3451427	761
code__onUnitIndex_PerkBuildingEnchantment	3451428	3451580	152
registerSpellEnchantmentPlayer	3451581	3452361	780
code__onUnitDeindex_PerkBuildingEnchantment	3452362	3452498	136
createBuildingEnchantmentPerk	3452499	3453266	767
createSpellBuildingEnchantmentPerk	3453267	3453814	547
wJ	3453815	3453855	40
applyBulwarkMarchTo	3453919	3454559	640
applyBulwarkMarchToCurrentUnits	3454560	3454989	429
createBulwarkMarchPerk	3454990	3455569	579
xJ	3455570	3455602	32
getCagedAegisSpellDamageFactor	3455662	3455716	54
applyCagedDamagePenalty	3455717	3456079	362
isCagedUnitForPerk	3456080	3456356	276
createCagedAegisPerk	3456357	3456856	499
zJ	3456857	3456889	32
getContainmentFocusSpellDamageFactor	3456961	3457074	113
isContainmentFocusSpellDamage	3457075	3457188	113
isTargetCagedForContainmentFocus	3457189	3457359	170
createContainmentFocusPerk	3457360	3457816	456
AJ	3457817	3458056	239
resetExecutionOrderState	3458123	3458259	136
executionOrderModeName	3458260	3458350	90
executionOrderDamageFactor	3458351	3458576	225
stanceAbilityFor	3458577	3458649	72
executionOrderIsOpenFireForE2e	3458650	3458734	84
ensureExecutionOrderBuilderAbility	3458735	3459259	524
toggleExecutionOrderMode	3459260	3459942	682
registerExecutionOrderPlayer	3459943	3460154	211
hpThresholdPercent	3460155	3460239	84
executeModeText	3460240	3460609	369
openFireModeText	3460610	3460982	372
createExecutionOrderPerk	3460983	3461549	566
BJ	3461550	3461759	209
minutesTextFromSeconds	3461829	3462121	292
featheredFriendFoodDelayText	3462122	3462494	372
getFeatheredFriendBirdForE2e	3462495	3462624	129
getFeatheredFriendFoodItemIdForE2e	3462625	3462683	58
resetFeatheredFriendState	3462684	3462985	301
resetFeatheredFriendRoundStateFor	3462986	3463204	218
applyFeatheredFriendDamageScaling	3463205	3463605	400
featheredFriendAnchor	3463606	3463777	171
findFeatheredFriendTarget	3463778	3464217	439
controlFeatheredFriendBird	3464218	3465984	1766
spawnFeatheredFriendBird	3465985	3466360	375
ensureFeatheredFriendBird	3466361	3466678	317
giveFeatheredFriendBirdFood	3466679	3466922	243
removeOneFeatheredFriendBirdFood	3466923	3467319	396
nextFeatheredFriendFoodDelay	3467320	3467441	121
updateFeatheredFriendBirdFoodPenalty	3467442	3468277	835
activateFeatheredFriendFor	3468278	3468721	443
registerFeatheredFriendPlayer	3468722	3469184	462
createFeatheredFriendPerk	3469185	3469929	744
CJ	3469930	3470063	133
resetFortifiedOutpostState	3470135	3470277	142
areAllYTiersDisabledForE2e	3470278	3470526	248
enforceFortifiedOutpostTechAvailability	3470527	3470784	257
giveTinyOutpostItemToBuilder	3470785	3471034	249
registerFortifiedOutpostPlayer	3471035	3471345	310
fortifiedOutpostItemStatsText	3471346	3471631	285
createFortifiedOutpostPerk	3471632	3472025	393
EJ	3472026	3472058	32
applyGlassCannonTo	3472120	3472650	530
createGlassCannonPerk	3472651	3473165	514
GJ	3473166	3473198	32
createGroundControlPerk	3473264	3473797	533
HJ	3473798	3474890	1092
resetLastWallProtocolState	3474962	3475282	320
ensureLastWallTrackingGroup	3475283	3475373	90
isInsideOwnCastleRect	3475374	3475905	531
isLastWallEligibleUnit	3475906	3475971	65
removeLastWallArmorAbilities	3475972	3476183	211
refreshLastWallArmor	3476184	3476924	740
trackLastWallUnit	3476925	3477289	364
untrackLastWallUnit	3477290	3477649	359
registerCurrentLastWallUnits	3477650	3478253	603
handleLastWallCastleRectEvent	3478254	3478452	198
installLastWallCastleHooksOnce	3478453	3480757	2304
code__addAction_TriggerRegisterEnterRectSimple_PerkLastWallProtocol	3480758	3480887	129
code__addAction_TriggerRegisterLeaveRectSimple_PerkLastWallProtocol	3480888	3481016	128
code__addAction_TriggerRegisterEnterRectSimple_PerkLastWallProtocol1	3481017	3481147	130
code__addAction_TriggerRegisterLeaveRectSimple_PerkLastWallProtocol1	3481148	3481277	129
createLastWallProtocolPerk	3481278	3481792	514
IJ	3481793	3481950	157
JJ	3482048	3482078	30
isRangedGroundCombatUnit	3482152	3482305	153
setUnitAttackRangeFixed	3482306	3482640	334
applyLonglineFormationTo	3482641	3483254	613
applyLonglineFormationToCurrentUnits	3483255	3483704	449
createLonglineFormationPerk	3483705	3484227	522
KJ	3484228	3484251	23
isManaShieldEligible	3484307	3484542	235
applyManaShield	3484543	3485057	514
createManaLeakPerk	3485058	3485449	391
LJ	3485450	3485514	64
createPerkQuestOnce	3485564	3486326	762
MJ	3486327	3486358	31
applyRampantGrowthTo	3486423	3486942	519
applyRampantGrowthToCurrentUnits	3486943	3487374	431
createRampantGrowthPerk	3487375	3487879	504
ensurePerkRuntimeLists	3487880	3488159	279
addPerkEventListener	3488160	3488360	200
addPerkDamageListener	3488361	3488560	199
addPerkPeriodic	3488561	3488753	192
cleanupPerkRuntimeFor	3488754	3490154	1400
NJ	3490155	3490179	24
isSpellsEdgeSpellDamage	3490239	3490346	107
createSpellsEdgePerk	3490347	3490768	421
OJ	3490769	3490825	56
giveCloudStaffToBuilder	3490887	3491201	314
resetStormchaserState	3491202	3491325	123
registerStormchaserPlayer	3491326	3491495	169
applyStormchaserSiegePenalty	3491496	3491935	439
createStormchaserPerk	3491936	3492494	558
PJ	3492495	3492526	31
applyTranscendentBladesTo	3492602	3492994	392
isTranscendentBladesArmor	3492995	3493258	263
createTranscendentBladesPerk	3493259	3493715	456
QJ	3493716	3495625	1909
setSpawnBuilding	3495675	3495907	232
getSpawnBuilding	3495908	3496021	113
perkDesc	3496022	3496192	170
factorBonusPercent	3496193	3496282	89
factorPenaltyPercent	3496283	3496374	91
perkListen	3496375	3496450	75
perkListenDamage	3496451	3496525	74
perkPeriodic	3496526	3496598	72
RJ	3496599	3496970	371
SJ	3497046	3497154	108
TJ	3497234	3497255	21
getPlacementEpoch	3497315	3497356	41
UJ	3497357	3497577	220
VJ	3497621	3497774	153
countRemainingPlayingTeamMembers	3497827	3498140	313
hasRemainingPlayingTeamMember	3498141	3498383	242
hasKnownBuilder	3498384	3498479	95
clearAwayStateOnLeave	3498480	3498643	163
enableAiForLeaverIfNeeded	3498644	3498793	149
getLeaverTeam	3498794	3498939	145
removeOverlappingPlayers	3498940	3499279	339
firstPlayerById	3499280	3499511	231
nextPlayingPlayerById	3499512	3499898	386
releasePlayerStartLoc	3499899	3500150	251
removeLeavingBuilder	3500151	3500695	544
transferUnitToRemainingTeam	3500696	3501302	606
redistributePlayerAssetsToTeam	3501303	3503188	1885
redistributeAllLeaverUnits	3503189	3503816	627
markBuilderSharedControl	3503817	3504314	497
shareDependentSlotsWithRemainingTeam	3504315	3505192	877
applyLeaveAutobalance	3505193	3505414	221
WJ	3505415	3505449	34
initReactiveMultiboards	3505513	3505726	213
getLocalPlayerBoard	3505727	3505853	126
showPlayerBoard	3505854	3506008	154
restoreLocalPlayerBoardForRoundStart	3506009	3506183	174
hidePlayerBoard	3506184	3506311	127
minimizeLocalPlayerBoardForReshow	3506312	3506586	274
maximizeLocalPlayerBoardForReshow	3506587	3506861	274
XJ	3506862	3506927	65
refreshPlayerDisplayName	3506995	3507130	135
refreshAllPlayerDisplayNames	3507131	3507313	182
ZJ	3507314	3507353	39
isGamePlayerId	3507407	3507465	58
firstPlayerInForce	3507466	3507697	231
countPlayingPlayersInForce	3507698	3508026	328
aK	3508027	3508058	31
CFBuilding_bucketFor	3508122	3508470	348
idx112	3508471	3508518	47
onBuildingCommitted	3508519	3508900	381
bK	3508901	3509346	445
resetPlayerSpendStats	3509406	3509708	302
getSpentLumber	3509709	3509789	80
getBuiltCount	3509790	3509869	79
hasLegendary	3509870	3509935	65
getSpentLumberTotalNonLegendary	3509936	3510162	226
player_getState	3510163	3510242	79
player_clearSelection	3510243	3510317	74
player_setUserControl	3510318	3510402	84
player_getController	3510403	3510484	81
player_getCurrentSupply	3510485	3510584	99
player_getGold	3510585	3510670	85
player_getId	3510671	3510736	65
player_getLumber	3510737	3510826	89
player_getMaxSupply	3510827	3510921	94
player_getName	3510922	3510986	64
player_getName1	3510987	3511212	225
player_getSlotState	3511213	3511292	79
player_isAllyOf	3511293	3511370	77
player_isEnemyOf	3511371	3511450	79
player_unselect	3511451	3511541	90
player_isIngame	3511542	3511683	141
player_hasVisibility	3511684	3511767	83
cK	3511768	3512781	1013
player_getColor	3512835	3512906	71
playercolor_toInt	3512907	3513144	237
dK	3513145	3514291	1146
registerPowerPlant	3514357	3514636	279
unregisterPowerPlant	3514637	3514720	83
eK	3514721	3514868	147
fK	3514963	3515304	341
gK	3515354	3515417	63
hK	3515463	3515484	21
Loglevel_getTag	3515532	3515771	239
printLog	3515772	3515972	200
player_print	3515973	3516110	137
iK	3516111	3516134	23
jK	3516196	3516212	16
kK	3516264	3520585	4321
lK	3520635	3523235	2600
chaosControlDummy	3523302	3523514	212
magicRuinSpell	3523515	3525963	2448
eraserSpell	3525964	3526569	605
volcanoSpell	3526570	3526779	209
shrineOfDestructionSpell	3526780	3528383	1603
mK	3528384	3528470	86
raceChooserAbilityCount	3528546	3528593	47
raceChooserAbilityIdAt	3528594	3529284	690
raceChooserOrderAt	3529285	3530029	744
raceChooserOrdersAreUnique	3530030	3530473	443
nK	3530474	3535070	4596
oK	3535128	3536138	1010
forgottenOneSpell	3536214	3536771	557
randomWoundedEnemy	3536772	3537201	429
wellOfPainSpell	3537202	3537979	777
annihilatorSpell	3537980	3538405	425
pK	3538406	3540517	2111
qK	3540571	3544837	4266
rK	3544889	3550924	6035
sK	3550994	3551266	272
tK	3551322	3551600	278
uK	3551664	3551976	312
vK	3552032	3552239	207
spellReplenish	3552295	3553343	1048
spellPeyote	3553344	3553842	498
spellSandCloud	3553843	3554222	379
wK	3554223	3561500	7277
xK	3561558	3563793	2235
elementalImprovementIndex	3563869	3564055	186
yK	3564056	3564366	310
improveSpecialBuilding	3564442	3565765	1323
lightningSpell	3565766	3566088	322
frostSpell	3566089	3566642	553
isHolyShrineTarget	3566643	3566860	217
holyPick	3566861	3567299	438
holyShrineSpell	3567300	3568580	1280
zK	3568581	3568709	128
AK	3568815	3572573	3758
BK	3572623	3573871	1248
hexSpell	3573939	3574242	303
solarStrikeSpell	3574243	3574871	628
CK	3574872	3580138	5266
DK	3580188	3581364	1176
churchSpell	3581432	3581662	230
warlockSpell	3581663	3581937	274
EK	3581938	3588237	6299
FK	3588284	3589701	1417
randomAllySapper	3589767	3590224	457
blueShieldSpell	3590225	3590626	401
redShieldSpell	3590627	3591151	524
mineLayerSpell	3591152	3591869	717
GK	3591870	3596256	4386
HK	3596304	3597654	1350
nagaSpellTargetName	3597720	3597913	193
tidalSpell	3597914	3598204	290
oracleSpell	3598205	3598514	309
pyramidSpell	3598515	3598802	287
IK	3598803	3603648	4845
JK	3603700	3606737	3037
randomAliveGroundSapperNear	3606807	3607031	224
banishGuardianSpell	3607032	3607311	279
galeSpell	3607312	3607512	200
keeperSpell	3607513	3609311	1798
spawnTreantFromWall	3609312	3609800	488
KK	3609801	3614512	4711
LK	3614560	3616600	2040
MK	3616666	3616756	90
addSilverGladeChargeForTeam	3616828	3616942	114
NK	3616943	3617089	146
resetSilverGladeCounterForTeam	3617173	3617262	89
hasWildernessObeliskBuff	3617263	3617394	131
isWildernessObeliskTarget	3617395	3617585	190
applyWildernessObeliskBuff	3617586	3618068	482
wildernessObeliskSpell	3618069	3618923	854
starfallSpell	3618924	3619572	648
assassinSpell	3619573	3620696	1123
OK	3620697	3621951	1254
PK	3622017	3623056	1039
QK	3623144	3627790	4646
RK	3627846	3631601	3755
randomFlyingEnemySapper	3631675	3632109	434
randomNorthernBuildingTarget	3632110	3632549	439
mushroomSpell	3632550	3632787	237
issueFrostLauncherOrder	3632788	3633188	400
frostLauncherSpell	3633189	3633802	613
processWorldFreezerMissiles	3633803	3635344	1541
randomAliveEnemyNear	3635345	3635666	321
addWorldFreezerMissile	3635667	3636191	524
SK	3636192	3636286	94
TK	3636386	3636480	94
UK	3636584	3642305	5721
VK	3642351	3643672	1321
isCeremonialTotemTarget	3643736	3643958	222
ceremonialPick	3643959	3644403	444
ceremonialTotemSpell	3644404	3645614	1210
serpentRockShoot	3645615	3645889	274
forestTrollTrapperSpell	3645890	3646525	635
WK	3646526	3650149	3623
XK	3650199	3650295	96
YK	3650345	3650566	221
getUltimateRaceChoiceIndex__w3p_vmProtect	3651933	3652002	69
ZK	3652003	3658529	6526
aL	3658583	3662790	4207
bL	3662842	3663277	435
randomDyingSapper	3663347	3663762	415
raiseFromCorpse	3663763	3664365	602
deathPitSpell	3664366	3665063	697
cL	3665064	3665160	96
runtimeEnqueue	3665208	3665340	132
runtimeCurrentObserver	3665341	3665499	158
runtimeFlush	3665500	3665800	300
endBatch	3665801	3665886	85
signal	3665887	3665939	52
watch	3665940	3665993	53
dL	3665994	3666100	106
real_abs	3666139	3666231	92
real_squared	3666232	3666276	44
real_round	3666277	3666401	124
real_toInt	3666402	3666444	42
real_floor	3666445	3666571	126
real_ceil	3666572	3666697	125
real_clamp	3666698	3666856	158
real_toString	3666857	3666902	45
real_toString1	3666903	3666962	59
rect_getMinX	3666963	3667028	65
rect_getMaxX	3667029	3667094	65
rect_getMinY	3667095	3667160	65
rect_getMaxY	3667161	3667226	65
rect_contains	3667227	3667386	159
reference	3667387	3667448	61
eL	3667449	3668462	1013
registerPlayerUnitEvent	3668522	3669072	550
registerPlayerEvent	3669073	3669484	411
fL	3669485	3669669	184
gL	3669779	3672015	2236
startRescueStrikeCooldown	3672085	3672363	278
startTeamRescueStrikeCooldown	3672364	3673030	666
finishRescueStrike	3673031	3674635	1604
applyRescueStrike	3674636	3675629	993
castleItemIdForSlot	3675630	3676067	437
buyCastleItem	3676068	3676302	234
hL	3676303	3676559	256
shouldApplyRiptideAirBonus	3676617	3676722	105
addRiptideAirDamageBonus	3676723	3676784	61
iL	3676785	3679330	2545
jL	3679396	3679638	242
kL	3679688	3680035	347
lL	3680095	3680354	259
mL	3680428	3680523	95
nL	3680611	3680720	109
oL	3680808	3681733	925
pL	3681795	3682095	300
removeEnumItemExceptWolg	3682153	3682327	174
cleanupRoundUnits	3682328	3683570	1242
code__ForGroup_RoundEndRuntime	3683571	3683766	195
code__ForGroup_RoundEndRuntime1	3683767	3683905	138
queueNextRound	3683906	3684151	245
beginNextRoundReview	3684152	3684344	192
finishRoundCleanup	3684345	3684911	566
code__EnumItemsInRect_RoundEndRuntime	3684912	3684989	77
showRoundEndStats	3684990	3685110	120
onAllVotedDraw	3685111	3686029	918
qL	3686030	3686543	513
rL	3686605	3687079	474
roundStatsBoardTopLeft	3687153	3687220	67
computeRoundStatsLeaders	3687221	3687735	514
isColumnLeader1	3687736	3687800	64
isColumnLeader	3687801	3687865	64
teamTotals	3687866	3688257	391
teamPlayerCount	3688258	3688566	308
setScrimVisibleFor	3688567	3688752	185
buildBoard	3688753	3689317	564
hideRoundStatsBoardFor	3689318	3689535	217
winnerTitle	3689536	3689667	131
winnerColor	3689668	3689759	91
renderRoundPhaseLine	3689760	3690413	653
renderSummaryCards	3690414	3690832	418
renderRoundStatsBoard	3690833	3691246	413
isRoundStatsBoardAvailable	3691247	3691297	50
unlockRoundStatsBoard	3691298	3691489	191
showRoundStatsBoardForAll	3691490	3691789	299
lockRoundStatsBoard	3691790	3691969	179
hideRoundStatsBoardForAll	3691970	3692286	316
showRoundStatsBoardFor	3692287	3692512	225
toggleRoundStatsBoardFor	3692513	3692694	181
sL	3692695	3693409	714
roundStatsFor	3693471	3693637	166
deriveBountyGold	3693638	3693749	111
formatStatCount	3693750	3694126	376
formatStatAmount	3694127	3694199	72
formatStatsClock	3694200	3694530	330
tL	3694531	3695019	488
postMatchReviewDelay	3695087	3695142	55
resetRoundStatsTracking	3695143	3695437	294
roundStartGoldFor	3695438	3695569	131
noteRoundVictoryCondition	3695570	3695671	101
isSpellSource	3695672	3695748	76
recordDamage	3695749	3696469	720
recordDeath	3696470	3697280	810
captureEntry	3697281	3699014	1733
captureRoundStats	3699015	3699386	371
uL	3699387	3703385	3998
vL	3703445	3703605	160
wL	3703683	3704271	588
warnPlayer	3704348	3704606	258
clearPendingRoundStartResourceBonuses	3704607	3704789	182
addPendingRoundStartResourceBonus	3704790	3704978	188
isScoreTeamIndex	3704979	3705039	60
getTeamWinsSignal	3705040	3705179	139
isRoundStarted	3705180	3705218	38
getTeamWins	3705219	3705366	147
setTeamWins	3705367	3705491	124
xL	3705492	3705682	190
hasMatchWinner	3705724	3705770	46
getMatchWinnerResultCode	3705771	3705819	48
setMatchWinnerTeamIndex	3705820	3705898	78
yL	3705899	3705925	26
zL	3705995	3706078	83
localLedgerLane	3706159	3706311	152
ledgerCoord	3706312	3706426	114
settleLedger__w3p_vmProtect	3706427	3706962	535
noteLedgerVariance__w3p_vmProtect	3709163	3709231	68
ledgerVarianceCountForTests	3709232	3709283	51
ledgerLastVarianceSaltForTests	3709284	3709338	54
noteLedgerHint__w3p_vmProtect	3710752	3710816	64
AL	3710817	3710841	24
player_saveData	3710897	3711304	407
player_loadData	3711305	3711756	451
shouldReadFile	3711757	3711811	54
BL	3711812	3711997	185
getBuiltBuildingAt	3712059	3712192	133
getUpgradeLineRoot	3712193	3712382	189
hasUpgrades	3712383	3712530	147
shouldUseIncomeHeuristic	3712531	3712839	308
getIncomeHeuristicDebug	3712840	3713609	769
getTimedIncomeFactor	3713610	3713789	179
countOwnedBuildingCopies	3713790	3713973	183
countOwnedUpgradeLineCopies	3713974	3714205	231
countReadyPrecursorCopies	3714206	3714458	252
countReadyUpgradeableLineCopies	3714459	3714664	205
shouldBlockBaseWhileLineUpgradeReady	3714665	3714856	191
shouldBlockBaseWhileLineUpgradeReadyForPlayer	3714857	3715071	214
isIncomeLineBuilding	3715072	3715344	272
hasEnoughFoodForBuildingWithReadyPrecursorCount	3715345	3715697	352
hasEnoughFoodForBuilding	3715698	3716080	382
computeDuplicatePenalty	3716081	3716338	257
computeBaseSpamPenalty	3716339	3716766	427
computeUpgradeLineRepetitionPenalty	3716767	3717073	306
computeCustomPriorityBonus	3717074	3717338	264
shouldSaveForUnaffordableBuilding	3717339	3717891	552
hasOpeningUpgradePath	3717892	3718665	773
computeOpeningInvestmentScore	3718666	3719538	872
computeUpgradeBaseScoreWithReadyPrecursorCount	3719539	3719885	346
computeUpgradeCompletionScoreWithReadyPrecursorCount	3719886	3720796	910
computeUpgradeMomentumScoreWithReadyPrecursorCount	3720797	3721406	609
computeCagePlacementBonus	3721407	3722900	1493
computeIncomeRecoveryScore	3722901	3724083	1182
computeLumberOverflowSpecialScore	3724084	3724447	363
rateBuilding	3724448	3725218	770
shouldApplyBaseUpgradeLookahead	3725219	3725347	128
computeUpgradeLookaheadBonusForBase	3725348	3726658	1310
playerHasAccessToBuilding	3726659	3726911	252
getScoreBlockReason1	3726912	3727171	259
getScoreBlockReason	3727172	3728096	924
computeUpgradeFeatureScore	3728097	3728510	413
computeTempoFeatureScore	3728511	3729054	543
computeLookaheadFeatureScore	3729055	3729331	276
computeArmyShapeFeatureScore	3729332	3729442	110
computeProfileFeatureScore	3729443	3729532	89
computeVarietyFeatureScore	3729533	3729810	277
computeScoreBreakdown1	3729811	3730184	373
tupleCopy20	3730185	3730255	70
computeScoreBreakdown	3730256	3731805	1549
getScoreDebugText	3731806	3734106	2300
scoreBuilding	3734107	3734460	353
CL	3734461	3734623	162
DL	3734678	3735110	432
isTeamPlayer	3735176	3735335	159
displayItemMessageToTeam	3735336	3735681	345
announceItemUse	3735682	3736180	498
EL	3736181	3736197	16
FL	3736258	3737402	1144
vec2_getTerrainType	3737466	3737538	72
tileR	3737539	3737786	247
vec2_getTile	3737787	3737843	56
tile_isValid	3737844	3737906	62
tile_isSnowMarked	3737907	3738004	97
tile_getSnowTeamOrNeg1	3738005	3738186	181
tile_markSnowTeam	3738187	3738381	194
tile_unmarkSnow	3738382	3738551	169
tile_getX	3738552	3738637	85
tile_getY	3738638	3738723	85
tile_toVec2	3738724	3738789	65
tile_getType	3738790	3738863	73
vec2_setSnow	3738864	3739335	471
tile_isInSnowveilExplosionArea	3739336	3739443	107
damageUnitsOnSnowInArea	3739444	3740223	779
removeSnow	3740224	3740538	314
explodeSnowInArea	3740539	3741754	1215
createSnowveilSnow	3741755	3742419	664
GL	3742420	3742578	158
HL	3742630	3743276	646
IL	3743320	3744386	1066
getOrderSpamTimeoutSeconds	3744446	3744719	273
shouldStartOrderSpamPenalty	3744720	3744779	59
disabledUntilForNewOrderSpamPenalty	3744780	3744911	131
nextOrderSpamTimeout	3744912	3745230	318
JL	3745231	3745296	65
startOrderSpamPenalty	3745376	3745728	352
KL	3745729	3746145	416
punishSelectedLocalControllers	3746229	3746781	552
isAssassinSupportUnit	3746782	3746948	166
shouldRestoreSupportOrderAfterExternalOrder	3746949	3747066	117
restoreExpectedOrderAfterExternalOrder	3747067	3747318	251
checkForWrongOrder	3747319	3748459	1140
LL	3748460	3748579	119
ML	3748669	3749691	1022
NL	3749763	3750070	307
setSpecialAttackTriggerEnabled	3750126	3750299	173
OL	3750300	3750391	91
PL	3750485	3750508	23
validPid1	3750573	3750638	65
isSpellDebugEnabled	3750639	3750797	158
logSpellDebug1	3750798	3750968	170
noteSpellDebugFailure	3750969	3751185	216
noteSpellDebugEffect	3751186	3751405	219
getSpellDebugFailureCount	3751406	3751605	199
getSpellDebugLastFailure	3751606	3751803	197
resetSpellDebugFailures	3751804	3751973	169
getSpellDebugEffectCount	3751974	3752211	237
logSpellDebug	3752212	3752312	100
toggleSpellDebug	3752313	3752660	347
setSpellDebug	3752661	3752867	206
QL	3752868	3752898	30
randomAliveEnemy	3752954	3753382	428
randomAliveEnemyGround	3753383	3753817	434
recycleSpellDummy	3753818	3753965	147
dummyCastTargetFrom2	3753966	3755136	1170
dummyCastTargetFrom1	3755137	3755248	111
dummyCastTargetFrom	3755249	3755381	132
dummyCastTargetWithVision	3755382	3755504	122
dummyCastTargetWithVision1	3755505	3756031	526
dummyCastPointFrom	3756032	3757060	1028
dummyCastImmediateFrom1	3757061	3757965	904
dummyCastImmediateFrom	3757966	3758096	130
createSpellCarrier	3758097	3758309	212
dummyCarrierWithAbility	3758310	3758590	280
dummyCarrierCastImmediate	3758591	3759180	589
dummyCarrierWithAbilities	3759181	3759495	314
dummyCarrierWithAbilities1	3759496	3759865	369
persistentDummyCarrierWithAbility	3759866	3760030	164
RL	3760031	3760145	114
snap20	3760196	3760283	87
keyX	3760284	3760326	42
keyY	3760327	3760369	42
expiryKeyY	3760370	3760422	52
triesAt	3760423	3760497	74
shouldIgnore	3760498	3760818	320
noteFailure	3760819	3761084	265
noteSuccess	3761085	3761268	183
SL	3761269	3761333	64
code__onEnter_doAfter_StasisTrap	3761384	3761579	195
TL	3761580	3763100	1520
UL	3763144	3770596	7452
char_getWidth	3770650	3770748	98
char1	3770749	3771001	252
char_toString	3771002	3771100	98
char_toInt	3771101	3771141	40
string_toChar	3771142	3771189	47
int_toChar	3771190	3771228	38
string_split	3771229	3771717	488
VL	3771718	3772044	326
string_substring1	3772079	3772150	71
string_getHash	3772151	3772204	53
string_isMultibytePartial	3772205	3772344	139
string_isCharBoundary	3772345	3772610	265
string_length	3772611	3772665	54
WL	3772666	3773112	446
string_indexOf	3773160	3773423	263
charOrder	3773424	3773655	231
string_trim	3773656	3773999	343
string_toReal	3774000	3774045	45
string_toInt	3774046	3774090	44
string_substring	3774091	3774172	81
string_charAt	3774173	3774240	67
string_endsWith	3774241	3774457	216
string_startsWith	3774458	3774636	178
string_toLowerCase	3774637	3774700	63
string_toUpperCase	3774701	3774763	62
string_isWhitespace	3774764	3774861	97
string_indexOf1	3774862	3775126	264
string_lastIndexOf	3775127	3775366	239
string_contains	3775367	3775445	78
string_replace	3775446	3775838	392
stringCompare	3775839	3776567	728
string_format	3776568	3776860	292
string_iterator	3776861	3776959	98
XL	3776960	3777120	160
onSummonedUnit	3777178	3777747	569
YL	3777748	3779508	1760
checkQueue	3779560	3780057	497
ChunkedString_sync	3780058	3780245	187
shouldSync	3780246	3780296	50
ZL	3780297	3781113	816
aM	3781186	3792062	10876
getSyncUnitIndex	3792114	3792275	161
resetSyncStateByUnitIndex	3792276	3792777	501
bM	3792778	3793367	589
cM	3793415	3793888	473
dM	3793942	3794034	92
eM	3794090	3794182	92
unit_isUpgrading	3794248	3794366	118
unit_isInConstruction	3794367	3794490	123
unit_setSyncTarget	3794491	3794599	108
fM	3794600	3794695	95
gM	3794753	3794878	125
hM	3794936	3795024	88
iM	3795088	3795180	92
unit_hasSyncGroup	3795236	3795346	110
unit_getSyncGroup	3795347	3795487	140
jM	3795488	3795659	171
kM	3795721	3795941	220
lM	3796001	3796382	381
mM	3796430	3796722	292
nM	3796788	3796912	124
syncBuilding	3796958	3797181	223
isValidSyncPair	3797182	3797790	608
unit_resetSpawnQueue	3797791	3798055	264
addLight	3798056	3798403	347
oM	3798404	3799849	1445
pM	3799899	3800615	716
qM	3800681	3801095	414
rM	3801139	3801534	395
sM	3801608	3802743	1135
tM	3802811	3803837	1026
uM	3803895	3805001	1106
vM	3805059	3807563	2504
wM	3807611	3812588	4977
xM	3812632	3812924	292
yM	3812972	3813751	779
zM	3813801	3815249	1448
AM	3815310	3815473	163
BM	3815535	3817011	1476
CM	3817063	3817592	529
DM	3817694	3818657	963
EM	3818719	3819420	701
FM	3819484	3819783	299
GM	3819837	3819959	122
HM	3820008	3820130	122
code__onLeave_doAfter_SyncSystem	3820182	3820645	463
IM	3820646	3820784	138
JM	3820862	3820884	22
KM	3820926	3821101	175
nextUiContext	3821155	3821201	46
padding_getWidth	3821202	3821256	54
padding_getHeight	3821257	3821312	55
layoutFrame	3821313	3821396	83
solveGrow	3821397	3822482	1085
LM	3822483	3822521	38
btn	3822581	3822982	401
imgBtn	3822983	3823037	54
imgBtn2	3823038	3823101	63
imgBtn1	3823102	3823157	55
imgBtnFrame	3823158	3823656	498
textButton	3823657	3823850	193
disableDescendants	3823851	3824270	419
clickableOverlay	3824271	3824677	406
selectionHighlight	3824678	3825207	529
disabledOverlay	3825208	3825796	588
MM	3825797	3825818	21
NM	3825889	3825905	16
dialogFrame	3825969	3826038	69
OM	3826039	3826055	16
imgframe	3826115	3826428	313
img6	3826429	3826478	49
img1	3826479	3826536	57
img	3826537	3826587	50
img5	3826588	3826643	55
img3	3826644	3826709	65
img4	3826710	3826773	63
PM	3826774	3826816	42
makeLayer	3826874	3827225	351
getDialogLayer	3827226	3827300	74
getOverlayLayer	3827301	3827376	75
Layer_getFrame	3827377	3827574	197
QM	3827575	3827629	54
namedChild	3827685	3827740	55
RM	3827741	3827776	35
decoratedFrame	3827834	3828444	610
panel	3828445	3828524	79
card6	3828525	3828603	78
container2	3828604	3828764	160
separator1	3828765	3828817	52
separator2	3828818	3829031	213
SM	3829032	3829171	139
vec2_clampToBand	3829233	3829467	234
vec2_clampToSafeArea	3829468	3829555	87
framehandle_placeSafe	3829556	3830435	879
TM	3830436	3830476	40
interactive	3830533	3830622	89
UM	3830623	3830648	25
tabs	3830702	3830760	58
VM	3830761	3831017	256
WM	3831071	3831122	51
stripColorCodes	3831190	3831785	595
estimateTextWidth	3831786	3832229	443
textFits	3832230	3832302	72
ellipsize	3832303	3832709	406
appendMetricLine	3832710	3832841	131
fittingPrefixLength	3832842	3833266	424
ellipsizeLines	3833267	3834387	1120
textframe	3834388	3834721	333
p6	3834722	3834766	44
p21	3834767	3834813	46
p310	3834814	3834861	47
h11	3834862	3834908	46
h2	3834909	3834954	45
h3	3834955	3835000	45
h4	3835001	3835046	45
h5	3835047	3835092	45
colored	3835093	3835184	91
muted	3835185	3835229	44
accent	3835230	3835275	45
success1	3835276	3835323	47
warning	3835324	3835370	46
XM	3835371	3835452	81
boxedTooltip	3835511	3835852	341
framehandle_withTooltip	3835853	3835937	84
YM	3835938	3835954	16
ZM	3836014	3840225	4211
player_getStats	3840297	3840381	84
player_getEnemyStats	3840382	3840484	102
getPlayerAntiAirWorth	3840485	3840608	123
adjustPlayerAaWorth	3840609	3840909	300
reconcileCombatStats	3840910	3841456	546
applyBuildingStats	3841457	3842802	1345
bN	3842803	3842995	192
updateStatsOnBuild	3843069	3844048	979
handleSync	3844049	3845270	1221
isSyncCandidate	3845271	3845528	257
isTeamParticipant	3845529	3845693	164
cN	3845694	3845910	216
refreshTeamSyncTargets	3845970	3847071	1101
resyncAiControlledBuildings	3847072	3848040	968
gN	3848041	3848625	584
hN	3848687	3849844	1157
resetAllStats	3849906	3850222	316
jN	3850223	3850331	108
pN	3850429	3851336	907
rN	3851426	3851588	162
sN	3851710	3851812	102
tN	3851936	3852294	358
vec2_isTerrainPathable	3852350	3852449	99
vec2_isTerrainWalkable	3852450	3853514	1064
code__EnumItemsInRect_TerrainUtils	3853515	3853876	361
uN	3853877	3854131	254
wN	3854178	3854390	212
xN	3854452	3854776	324
timer_createTimerDialog	3854818	3854900	82
yN	3854901	3854971	70
timer_getData	3855023	3855109	86
getTimer	3855110	3855366	256
timer_release	3855367	3855709	342
timer_getElapsed	3855710	3855783	73
AN	3855784	3855996	212
getDisplayRange	3856048	3856285	237
showRange	3856286	3856899	613
BN	3856900	3857963	1063
trainProgressIndex	3858034	3858124	90
clearTrainProgress	3858125	3858312	187
showTrainProgress	3858313	3859113	800
FN	3859114	3859167	53
trigger_addAction	3859268	3859351	83
trigger_addCondition	3859352	3859441	89
trigger_evaluate	3859442	3859515	73
trigger_registerEnterRegion	3859516	3859627	111
HN	3859628	3859780	152
trigger_registerPlayerEvent	3859852	3859963	111
trigger_registerPlayerUnitEvent	3859964	3860091	127
trigger_registerFrameEvent	3860092	3860204	112
IN	3860205	3860453	248
NN	3860505	3860701	196
handle_getTCHandleId	3860755	3860815	60
realToIndex	3860816	3860871	55
realFromIndex	3860872	3860916	44
PN	3860917	3860969	52
SN	3861016	3861070	54
playerFromIndex	3861122	3861168	46
playerToIndex	3861169	3861223	54
TN	3861224	3861278	54
WN	3861326	3861378	52
ZN	3861422	3861476	54
aO	3861540	3861592	52
bO	3861652	3861706	54
cO	3861756	3861808	52
eO	3861854	3861908	54
iO	3861962	3862016	54
jO	3862067	3862119	52
kO	3862167	3862219	52
lO	3862277	3862331	54
booleanToIndex	3862393	3862482	89
booleanFromIndex	3862483	3862530	47
nO	3862531	3863209	678
attacktype_toIndex	3863263	3863617	354
defensetype_toIndex	3863618	3864024	406
getDamageMultiplierByIndex	3864025	3864116	91
oO	3864117	3864133	16
pO	3864169	3865546	1377
player_allowAllBuildings	3865602	3866004	402
qO	3866005	3866241	236
rO	3866319	3867987	1668
sO	3868059	3869978	1919
tO	3870026	3870362	336
uO	3870425	3870832	407
vO	3870894	3871561	667
wO	3871617	3872148	531
xO	3872198	3937108	64910
yO	3937186	3937226	40
applyEffectiveUnitStat	3937294	3937999	705
zO	3938000	3938134	134
castNatureAttackTree	3938198	3938844	646
onUnitEnteredMap	3938845	3939378	533
code__addAction_doAfter_UnitEnterRuntime	3939379	3939451	72
BO	3939452	3939496	44
CO	3939542	3941430	1888
unit_getStoredIndex	3941484	3941596	112
unit_setStoredIndex	3941597	3941752	155
unit_getIndex	3941753	3941814	61
unit_toUnitIndex	3941815	3941979	164
getIndexingUnit	3941980	3942055	75
EO	3942056	3942194	138
KO	3942240	3942293	53
LO	3942365	3942465	100
MO	3942537	3942594	57
unitObjectMetaMix	3942662	3942819	157
unitObjectMetaBool	3942820	3942913	93
ensureUnitObjectMetadataRegistered	3942914	4222113	279199
getBuildingObjectMeta	4222114	4222222	108
unitObjectMetaRowCountForTests	4222223	4222313	90
unitObjectMetaFingerprintForTests	4222314	4222407	93
assertUnitObjectMetadataIntegrity__w3p_vmProtect	4224154	4224245	91
OO	4224246	4224279	33
authoredUpgradeMix	4224361	4224519	158
ensureUnitObjectUpgradeMetadataRegistered	4224520	4235132	10612
authoredObjectUpgradeEdgeCount	4235133	4235230	97
authoredObjectUpgradeFromAt	4235231	4235391	160
authoredObjectUpgradeToAt	4235392	4235550	158
hasAuthoredObjectUpgradeEdge	4235551	4235849	298
assertUnitObjectUpgradeMetadataIntegrity__w3p_vmProtect	4237637	4237735	98
isCombatSapper	4237736	4237874	138
isAliveCombatSapper	4237875	4237967	92
isDyingCombatSapper	4237968	4238060	92
passesRetryTargetGate	4238061	4238134	73
isCloaked	4238135	4238227	92
PO	4238228	4243751	5523
statApplyIndex	4243809	4243984	175
recordAppliedUnitStat	4243985	4244174	189
normalizedUnitLifeFraction	4244175	4244286	111
QO	4244287	4244410	123
currentLifeFraction	4244498	4244634	136
RO	4244635	4244705	70
SO	4244775	4245068	293
applyUnitStatAtLifeFraction	4245144	4245607	463
appliedMoveSpeedForUnit	4245608	4245841	233
TO	4245842	4246371	529
UO	4246435	4246543	108
VO	4246626	4246742	116
WO	4246850	4246954	104
YO	4247064	4247168	104
ZO	4247278	4247434	156
aP	4247544	4247799	255
bP	4247887	4247974	87
cP	4248038	4248140	102
dP	4248184	4248323	139
eP	4248367	4248522	155
fP	4248564	4248706	142
gP	4248760	4249892	1132
hP	4249946	4250152	206
getUnitStat	4259385	4259447	62
unitStatSourceRowCountForTests	4259448	4259502	54
unitStatSourceUnitIdAt	4259503	4259615	112
assertUnitStatSourceIntegrity__w3p_vmProtect	4261259	4261346	87
jP	4261347	4390687	129340
kP	4390747	4391060	313
syncedCompanionInvocationsForE2e	4391129	4391185	56
syncedCompanionRollsForE2e	4391186	4391236	50
syncedCompanionSpawnsForE2e	4391237	4391288	51
heroicShrineSpawnerCountForE2e	4391289	4391422	133
hasNoPowerArmorExclusion	4391423	4392247	824
distance2d	4392248	4392381	133
finishUncagedPathingPulse	4392382	4392593	211
startTrainedUnitPathingTracker	4392594	4392846	252
checkUncagedPathingPulse	4392847	4393238	391
checkCagedPathingMarker	4393239	4393439	200
trackTrainedUnitPathing	4393440	4393630	190
applyPowerArmor	4393631	4394097	466
setupUnit	4394098	4394881	783
spawnSyncedCompanions	4394882	4395561	679
onUnitTrained	4395562	4396790	1228
unit_getTypeId	4396791	4396860	69
unit_isType	4396861	4396932	71
createUnit2	4396933	4397013	80
createUnit	4397014	4397125	111
createUnit1	4397126	4397209	83
unit_addAbility	4397210	4397289	79
unit_makeAbilityPermanent	4397290	4397397	107
unit_addItemById	4397398	4397479	81
unit_getState	4397480	4397555	75
unit_getLevel	4397556	4397727	171
unit_getAbilityLevel	4397728	4397817	89
unit_getUnitAcquireRange	4397818	4397903	85
unit_getCurrentOrder	4397904	4397985	81
unit_getFacingAngle	4397986	4398081	95
unit_getFlyHeight	4398082	4398157	75
unit_getFoodUsed	4398158	4398230	72
unit_getHP	4398231	4398299	68
unit_getHPRatio	4398300	4398374	74
unit_getMaxHP	4398375	4398450	75
handle_getHandleId	4398451	4398509	58
unit_getMana	4398510	4398580	70
unit_getMaxMana	4398581	4398658	77
unit_getMoveSpeed	4398659	4398734	75
unit_getName	4398735	4398800	65
unit_getOwner	4398801	4398871	70
unit_getPos	4398872	4398937	65
unit_getX	4398938	4398997	59
unit_getY	4398998	4399057	59
unit_hasAbility	4399058	4399145	87
unit_getItemById	4399146	4399445	299
unit_inventorySize	4399446	4399523	77
unit_itemInSlot	4399524	4399603	79
unit_isAlive	4399604	4399654	50
unit_isEnemyOf	4399655	4399730	75
unit_isEnemyOf1	4399731	4399852	121
unit_isAllyOf	4399853	4399946	93
unit_issueImmediateOrder	4399947	4400040	93
unit_issueImmediateOrderById	4400041	4400142	101
unit_issuePointOrderById	4400143	4400254	111
unit_issueTargetOrder	4400255	4400350	95
unit_issueTargetOrderById	4400351	4400454	103
unit_removeAbility	4400455	4400540	85
unit_useItemPoint	4400541	4400642	101
unit_useItemTarget	4400643	4400736	93
unit_getDefaultMovespeed	4400737	4400826	89
unit_getDefaultAcquireRange	4400827	4400922	95
unit_getBaseDamage	4400923	4401011	88
unit_getDiceNumber	4401012	4401100	88
unit_getDiceSides	4401101	4401187	86
unit_getAttackCooldown	4401188	4401284	96
unit_getArmor	4401285	4401355	70
unit_isInvulnerable	4401356	4401438	82
unit_getRallyUnit	4401439	4401514	75
unit_getField	4401515	4401597	82
unit_setField	4401598	4401688	90
lP	4401689	4401793	104
vec2_op_plus	4401839	4401911	72
vec2_op_minus	4401912	4401985	73
vec2_op_mult	4401986	4402052	66
vec2_dot	4402053	4402121	68
vec2_toVec3	4402122	4402174	52
vec2_getTerrainZ	4402175	4402287	112
vec2_angleTo	4402288	4402387	99
vec2_polarOffset	4402388	4402474	86
angle_toVec	4402475	4402550	75
vec2_distanceTo	4402551	4402667	116
vec2_distanceToSq	4402668	4402773	105
vec3_toVec2	4402774	4402823	49
mP	4402824	4403063	239
isVesselCorpse	4403122	4403301	179
findRandomVesselCorpse	4403302	4403727	425
consumeVesselCorpses	4403728	4404187	459
vesselOfPuritySpell	4404188	4405626	1438
nP	4405627	4405658	31
isRoundVotePlayer	4405715	4406007	292
isRoundDrawVoteOpen	4406008	4406055	47
onAgreeExtraRound	4406056	4406783	727
startExtraRoundsVote	4406784	4408156	1372
code__TimerStart_VotingRuntime	4408157	4408383	226
checkPlayersOnNewRound	4408384	4408615	231
allPlayersVotedDraw	4408616	4408832	216
allPlayersVotedNuke	4408833	4409073	240
voteForDraw	4409074	4409607	533
nukeSapperUnit	4409608	4409805	197
explodeNukeSpecialUnit	4409806	4409976	170
nukeMap	4409977	4411177	1200
code__ForGroup_VotingRuntime	4411178	4411244	66
code__ForGroup_VotingRuntime1	4411245	4411304	59
voteForNuke	4411305	4411783	478
oP	4411784	4411914	130
applyW3ChampionsAutoModes__w3p_vmProtect	4413365	4413433	68
pP	4413434	4413464	30
qP	4413524	4413628	104
widget_getLife	4413678	4413747	69
widget_getPos	4413748	4413819	71
widget_getX	4413820	4413883	63
widget_getY	4413884	4413947	63
widget_addEffect	4413948	4414044	96
widget_isAliveTrick	4414045	4414113	68
rP	4414114	4414522	408
run_wrapper9	4414578	4414798	220
isTrueFor_wrapper	4414799	4415033	234
handleCommand	4415034	4415502	468
testFail	4415503	4415528	25
assertTrue	4415529	4415604	75
sP	4415605	4418169	2564
tP	4418235	4427001	8766
uP	4427076	4427337	261
vP	4427413	4427495	82
wP	4427573	4427589	16
__wurst_rawFloorDivInt	4427671	4427730	59
__wurst_intDiv	4427731	4427881	150
__wurst_rawFmodInt	4427882	4427946	64
__wurst_modInt	4427947	4428069	122
__wurst_rawFmodReal	4428070	4428135	65
__wurst_modReal	4428136	4428261	125
xP	4428262	4428380	118
__wurst_safe_GetPlayerColor	4428444	4428546	102
__wurst_safe_CreateTimerDialog	4428547	4428655	108
__wurst_safe_DisplayTimedTextToPlayer	4428656	4428803	147
__wurst_safe_GetLocationY	4428804	4428902	98
__wurst_safe_GetLocationX	4428903	4429001	98
__wurst_safe_GetRectMinX	4429002	4429098	96
__wurst_safe_GetRectMaxX	4429099	4429195	96
__wurst_safe_GetRectMinY	4429196	4429292	96
__wurst_safe_GetRectMaxY	4429293	4429389	96
__wurst_safe_GetUnitX	4429390	4429480	90
__wurst_safe_GetUnitY	4429481	4429571	90
__wurst_safe_GetItemX	4429572	4429662	90
__wurst_safe_GetItemY	4429663	4429753	90
__wurst_safe_TriggerEvaluate	4429754	4429860	106
__wurst_safe_TriggerExecute	4429861	4429956	95
__wurst_safe_TimerStart	4429957	4430068	111
__wurst_safe_PauseTimer	4430069	4430156	87
__wurst_safe_TimerGetRemaining	4430157	4430265	108
__wurst_safe_DestroyTimer	4430266	4430357	91
__wurst_safe_StartSound	4430358	4430445	87
__wurst_safe_SetCameraField	4430446	4430557	111
__wurst_safe_IsPlayerInForce	4430558	4430706	148
__wurst_safe_DisplayTextToPlayer	4430707	4430836	129
__wurst_safe_TriggerRegisterPlayerUnitEvent	4430837	4431059	222
__wurst_safe_TriggerRegisterPlayerEvent	4431060	4431266	206
__wurst_safe_TriggerRegisterEnterRegion	4431267	4431441	174
yP	4431442	4431644	202
__wurst_safe_RegionAddRect	4431744	4431877	133
zP	4431878	4432067	189
__wurst_GetEnumDestructable	4432163	4432347	184
__wurst_safe_TriggerRegisterDeathEvent	4432348	4432512	164
__wurst_EnumDestructablesInRect	4432513	4432798	285
__wurst_safe_GetLocationZ	4432799	4432897	98
__wurst_safe_DestroyLightning	4432898	4433006	108
__wurst_safe_SetLightningColor	4433007	4433149	142
__wurst_safe_IsTerrainPathable	4433150	4433276	126
AP	4433277	4433517	240
__wurst_safe_FogModifierStart	4433605	4433704	99
__wurst_safe_SetImageColor	4433705	4433830	125
__wurst_safe_StopSound	4433831	4433932	101
__wurst_safe_SetSoundVolume	4433933	4434036	103
__wurst_safe_SetSoundDistanceCutoff	4434037	4434156	119
__wurst_safe_SetSoundPitch	4434157	4434258	101
__wurst_safe_SetSoundPosition	4434259	4434382	123
__wurst_safe_AttachSoundToUnit	4434383	4434524	141
__wurst_safe_SetSoundConeAngles	4434525	4434652	127
__wurst_safe_PlaySoundBJ	4434653	4434742	89
BP	4434743	4434886	143
__wurst_safe_AddSpecialEffectTarget	4434974	4435108	134
__wurst_safe_DestroyEffect	4435109	4435202	93
__wurst_safe_GetWidgetLife	4435203	4435303	100
__wurst_safe_SetWidgetLife	4435304	4435405	101
__wurst_safe_GetHeroLevel	4435406	4435502	96
__wurst_safe_SetUnitAbilityLevel	4435503	4435629	126
__wurst_safe_GetUnitAbilityLevel	4435630	4435748	118
__wurst_safe_UnitRemoveAbility	4435749	4435867	118
CP	4435868	4436036	168
DP	4436106	4436267	161
EP	4436343	4436497	154
__wurst_safe_SetItemPosition	4436589	4436702	113
__wurst_safe_UnitUseItemTarget	4436703	4436897	194
__wurst_safe_UnitUseItemPoint	4436898	4437064	166
__wurst_safe_UnitItemInSlot	4437065	4437175	110
__wurst_safe_GetItemTypeId	4437176	4437274	98
__wurst_safe_UnitInventorySize	4437275	4437381	106
__wurst_safe_SetItemVisible	4437382	4437485	103
FP	4437486	4437630	144
__wurst_EnumItemsInRect	4437714	4437967	253
__wurst_GetEnumItem	4437968	4438128	160
GP	4438129	4438299	170
__wurst_safe_CreateUnitAtLoc	4438391	4438551	160
__wurst_safe_GroupClear	4438552	4438639	87
__wurst_safe_GroupAddUnit	4438640	4438782	142
__wurst_GetEnumUnit	4438783	4438943	160
__wurst_ForGroup	4438944	4439168	224
HP	4439169	4439303	134
__wurst_safe_GetUnitState	4439383	4439521	138
__wurst_safe_SetUnitTimeScale	4439522	4439629	107
__wurst_safe_SetUnitAnimation	4439630	4439737	107
__wurst_safe_DestroyGroup	4439738	4439829	91
__wurst_safe_TriggerAddAction	4439830	4439944	114
IP	4439945	4440165	220
__wurst_safe_SelectUnit	4440251	4440346	95
__wurst_safe_SetUnitState	4440347	4440486	139
JP	4440487	4440615	128
KP	4440687	4440815	128
__wurst_safe_ShowUnit	4440887	4440978	91
__wurst_safe_IsUnitType	4440979	4441117	138
__wurst_safe_GetUnitTypeId	4441118	4441216	98
__wurst_safe_FirstOfGroup	4441217	4441315	98
__wurst_safe_IssueTargetOrderById	4441316	4441482	166
__wurst_safe_IssueBuildOrderById	4441483	4441621	138
__wurst_safe_IssueImmediateOrderById	4441622	4441752	130
__wurst_safe_SetUnitFlyHeight	4441753	4441868	115
__wurst_safe_SetUnitAcquireRange	4441869	4441982	113
__wurst_safe_GroupEnumUnitsOfPlayer	4441983	4442142	159
__wurst_safe_SetPlayerState	4442143	4442286	143
__wurst_safe_PauseUnit	4442287	4442380	93
__wurst_safe_GetPlayerController	4442381	4442493	112
__wurst_safe_UnitApplyTimedLife	4442494	4442613	119
__wurst_safe_UnitShareVision	4442614	4442759	145
__wurst_safe_UnitRemoveBuffs	4442760	4442873	113
__wurst_safe_UnitRemoveBuffsEx	4442874	4443031	157
__wurst_safe_UnitAddAbility	4443032	4443144	112
__wurst_safe_UnitRemoveType	4443145	4443291	146
__wurst_safe_UnitAddType	4443292	4443432	140
__wurst_safe_UnitMakeAbilityPermanent	4443433	4443573	140
__wurst_safe_SetUnitExploded	4443574	4443679	105
__wurst_safe_KillUnit	4443680	4443763	83
LP	4443764	4443895	131
__wurst_safe_GetOwningPlayer	4443971	4444075	104
__wurst_safe_GetUnitFacing	4444076	4444176	100
__wurst_safe_CreateUnit	4444177	4444303	126
MP	4444304	4444438	134
NP	4444520	4444657	137
OP	4444739	4444857	118
PP	4444923	4445051	128
__wurst_safe_RemoveUnit	4445117	4445204	87
__wurst_safe_SetUnitFacing	4445205	4445306	101
QP	4445307	4445454	147
__wurst_safe_UnitDamageTarget	4445530	4445830	300
__wurst_safe_SetDestructableInvulnerable	4445831	4445960	129
__wurst_safe_GetDestructableX	4445961	4446067	106
__wurst_safe_GetDestructableY	4446068	4446174	106
__wurst_safe_GetDestructableLife	4446175	4446287	112
__wurst_safe_RemoveRect	4446288	4446375	87
__wurst_safe_KillDestructable	4446376	4446475	99
__wurst_safe_SetUnitPosition	4446476	4446589	113
__wurst_safe_GroupEnumUnitsInRect	4446590	4446745	155
__wurst_safe_GetDestructableTypeId	4446746	4446860	114
__wurst_safe_GroupRemoveUnit	4446861	4447009	148
__wurst_safe_ForceAddPlayer	4447010	4447145	135
__wurst_safe_ForceRemovePlayer	4447146	4447287	141
__wurst_GetEnumPlayer	4447288	4447454	166
__wurst_ForForce	4447455	4447681	226
RP	4447682	4447869	187
__wurst_safe_CountUnitsInGroup	4447961	4448067	106
__wurst_safe_IsUnitAliveBJ	4448068	4448170	102
__wurst_safe_SetUnitScale	4448171	4448286	115
__wurst_safe_SetUnitVertexColor	4448287	4448422	135
__wurst_safe_QueueUnitAnimation	4448423	4448534	111
SP	4448535	4448703	168
TP	4448777	4448911	134
UP	4448991	4449139	148
__wurst_safe_SetPlayerAlliance	4449217	4449406	189
__wurst_safe_SetPlayerAllianceStateAllyBJ	4449407	4449578	171
VP	4449579	4449780	201
__wurst_safe_SetPlayerAllianceStateControlBJ	4449888	4450132	244
WP	4450133	4450344	211
__wurst_safe_SetPlayerAllianceStateBJ	4450462	4450625	163
__wurst_safe_GetPlayerAlliance	4450626	4450820	194
__wurst_safe_SetUnitOwner	4450821	4450960	139
XP	4450961	4451140	179
YP	4451240	4451404	164
ZP	4451490	4451696	206
aQ	4451808	4451985	177
bQ	4452074	4452202	128
cQ	4452274	4452412	138
dQ	4452495	4452635	140
__wurst_safe_RemovePlayer	4452719	4452850	131
eQ	4452851	4452994	143
fQ	4453082	4453223	141
gQ	4453309	4453444	135
hQ	4453524	4453652	128
iQ	4453726	4453867	141
jQ	4453953	4454088	135
kQ	4454168	4454301	133
lQ	4454381	4454520	139
mQ	4454604	4454741	137
__wurst_safe_TimerDialogSetTitle	4454823	4454936	113
__wurst_safe_TimerDialogDisplay	4454937	4455048	111
__wurst_safe_DestroyTimerDialog	4455049	4455152	103
__wurst_safe_MultiboardSetRowCount	4455153	4455270	117
__wurst_safe_MultiboardSetColumnCount	4455271	4455394	123
__wurst_safe_MultiboardSetTitleText	4455395	4455514	119
__wurst_safe_MultiboardDisplay	4455515	4455624	109
__wurst_safe_MultiboardMinimize	4455625	4455736	111
nQ	4455737	4455894	157
oQ	4455972	4456119	147
__wurst_safe_SetTextTagText	4456203	4456314	111
__wurst_safe_SetTextTagPos	4456315	4456432	117
__wurst_safe_SetTextTagPermanent	4456433	4456546	113
pQ	4456547	4456685	138
qQ	4456769	4456910	141
__wurst_safe_DestroyTextTag	4456996	4457091	95
__wurst_safe_SetTextTagVisibility	4457092	4457207	115
__wurst_safe_SetGameSpeed	4457208	4457299	91
rQ	4457300	4457439	139
sQ	4457531	4457674	143
__wurst_safe_SetPlayerTechMaxAllowed	4457770	4457899	129
__wurst_safe_GetPlayerTechMaxAllowed	4457900	4458026	126
__wurst_safe_SetPlayerAbilityAvailable	4458027	4458160	133
__wurst_safe_StoreInteger	4458161	4458276	115
__wurst_SaveReal	4458277	4458457	180
__wurst_SaveInteger	4458458	4458639	181
tQ	4458640	4458806	166
__wurst_SaveStr	4458866	4459043	177
__wurst_SaveDestructableHandle	4459044	4459242	198
uQ	4459243	4459413	170
__wurst_SaveFogStateHandle	4459479	4459673	194
__wurst_safe_GetStoredInteger	4459674	4459794	120
__wurst_LoadReal	4459795	4459983	188
__wurst_LoadInteger	4459984	4460170	186
__wurst_LoadBoolean	4460171	4460366	195
__wurst_LoadStr	4460367	4460507	140
__wurst_LoadDestructableHandle	4460508	4460666	158
__wurst_LoadUnitHandle	4460667	4460817	150
__wurst_LoadTriggerHandle	4460818	4460971	153
__wurst_LoadForceHandle	4460972	4461123	151
__wurst_LoadEffectHandle	4461124	4461276	152
__wurst_FlushParentHashtable	4461277	4461432	155
__wurst_FlushChildHashtable	4461433	4461786	353
__wurst_safe_HaveStoredInteger	4461787	4461913	126
vQ	4461914	4462032	118
__wurst_HaveSavedInteger	4462102	4462241	139
__wurst_HaveSavedString	4462242	4462380	138
__wurst_safe_GetPlayerSlotState	4462381	4462491	110
__wurst_safe_GetPlayerState	4462492	4462630	138
wQ	4462631	4462845	214
__wurst_safe_AdjustPlayerStateBJ	4462943	4463096	153
__wurst_safe_GetPlayerId	4463097	4463191	94
__wurst_safe_SetUnitColor	4463192	4463323	131
__wurst_safe_IssueTargetOrder	4463324	4463482	158
__wurst_safe_IssueImmediateOrder	4463483	4463605	122
__wurst_safe_UnitAddItemById	4463606	4463718	112
__wurst_safe_GroupEnumUnitsInRange	4463719	4463860	141
__wurst_safe_RemovePlayerPreserveUnitsBJ	4463861	4464030	169
__wurst_safe_GetPlayerName	4464031	4464128	97
__wurst_safe_DestroyForce	4464129	4464220	91
__wurst_safe_ForceClear	4464221	4464308	87
__wurst_safe_Filter	4464309	4464363	54
xQ	4464364	4464515	151
__wurst_safe_GetWidgetX	4464603	4464697	94
__wurst_safe_GetWidgetY	4464698	4464792	94
__wurst_safe_BlzSetAbilityIntegerLevelField	4464793	4464987	194
__wurst_safe_BlzSetAbilityRealLevelField	4464988	4465176	188
__wurst_safe_BlzSetUnitIntegerField	4465177	4465347	170
__wurst_safe_BlzSetUnitRealField	4465348	4465512	164
__wurst_safe_BlzSetUnitWeaponRealField	4465513	4465697	184
__wurst_safe_IsUnitAlly	4465698	4465836	138
__wurst_GetHandleId	4465837	4465906	69
__wurst_safe_CreateFogModifierRectBJ	4465907	4466115	208
__wurst_safe_DisplayTimedTextToForce	4466116	4466245	129
__wurst_safe_EnableTrigger	4466246	4466339	93
__wurst_safe_DisableTrigger	4466340	4466435	95
__wurst_safe_DestroyFogModifier	4466436	4466539	103
__wurst_safe_DisplayTextToForce	4466540	4466651	111
__wurst_safe_BlzGetUnitAbility	4466652	4466768	116
__wurst_safe_RemoveItem	4466769	4466856	87
__wurst_safe_SelectUnitForPlayerSingle	4466857	4467014	157
__wurst_safe_PanCameraToForPlayer	4467015	4467138	123
__wurst_safe_IsUnitEnemy	4467139	4467279	140
__wurst_safe_ShowTextTagForceBJ	4467280	4467431	151
__wurst_safe_SetPlayerName	4467432	4467533	101
__wurst_safe_CountPlayersInForceBJ	4467534	4467648	114
__wurst_safe_SetPlayerFlagBJ	4467649	4467851	202
yQ	4467852	4468032	180
__wurst_RemoveSavedHandle	4468114	4468249	135
__wurst_safe_SetSoundDuration	4468250	4468357	107
__wurst_safe_TriggerRegisterAnyUnitEventBJ	4468358	4468523	165
__wurst_safe_TriggerRegisterEnterRectSimple	4468524	4468698	174
__wurst_safe_Condition	4468699	4468759	60
__wurst_safe_TriggerAddCondition	4468760	4468880	120
__wurst_safe_TriggerRegisterLeaveRectSimple	4468881	4469055	174
__wurst_safe_BlzGetUnitAbilityByIndex	4469056	4469186	130
__wurst_safe_BlzGetAbilityId	4469187	4469289	102
__wurst_safe_BlzGetAbilityIntegerField	4469290	4469450	160
__wurst_safe_BlzGetAbilityIntegerLevelField	4469451	4469629	178
__wurst_safe_BlzGetAbilityRealLevelField	4469630	4469806	176
__wurst_safe_BlzDisplayChatMessage	4469807	4469932	125
__wurst_safe_IssueNeutralImmediateOrderById	4469933	4470119	186
__wurst_safe_BlzGetUnitWeaponRealField	4470120	4470292	172
__wurst_safe_BlzGetUnitWeaponBooleanField	4470293	4470475	182
__wurst_safe_BlzGetUnitWeaponIntegerField	4470476	4470650	174
__wurst_safe_BlzSetSpecialEffectAlpha	4470651	4470774	123
__wurst_safe_BlzQueuePointOrderById	4470775	4470919	144
__wurst_safe_BlzUnitClearOrders	4470920	4471031	111
__wurst_safe_BlzGetUnitArmor	4471032	4471136	104
__wurst_safe_BlzGetUnitIntegerField	4471137	4471291	154
__wurst_safe_GetUnitMoveSpeed	4471292	4471398	106
__wurst_safe_CreateFogModifierRadius	4471399	4471599	200
__wurst_safe_IsTriggerEnabled	4471600	4471708	108
__wurst_safe_GetItemName	4471709	4471802	93
__wurst_safe_BlzSetUnitMaxHP	4471803	4471908	105
__wurst_safe_BlzSetUnitMaxMana	4471909	4472018	109
__wurst_safe_BlzGetUnitMaxHP	4472019	4472121	102
__wurst_safe_BlzGetUnitAttackCooldown	4472122	4472252	130
__wurst_safe_SetUnitPathing	4472253	4472356	103
__wurst_safe_IsUnitInGroup	4472357	4472501	144
__wurst_safe_PanCameraToTimedForPlayer	4472502	4472643	141
__wurst_safe_RemoveDestructable	4472644	4472747	103
__wurst_safe_BlzSetSpecialEffectColor	4472748	4472887	139
__wurst_safe_ReplaceUnitBJ	4472888	4473004	116
__wurst_safe_IsUnitInRangeXY	4473005	4473135	130
__wurst_safe_BlzSetEventAttackType	4473136	4473254	118
__wurst_safe_BlzSetEventDamageType	4473255	4473373	118
__wurst_safe_BlzSetEventWeaponType	4473374	4473492	118
__wurst_safe_BlzGetUnitAbilityCooldownRemaining	4473493	4473643	150
__wurst_safe_BlzGetUnitAbilityManaCost	4473644	4473782	138
__wurst_safe_TriggerRegisterUnitEvent	4473783	4473985	202
__wurst_safe_SetImageRenderAlways	4473986	4474101	115
__wurst_safe_BlzGetOriginFrame	4474102	4474218	116
__wurst_safe_BlzSetSpecialEffectScale	4474219	4474342	123
__wurst_safe_BlzSetSpecialEffectYaw	4474343	4474462	119
__wurst_safe_BlzSetSpecialEffectColorByPlayer	4474463	4474634	171
__wurst_safe_BlzSetSpecialEffectOrientation	4474635	4474786	151
__wurst_safe_BlzSetSpecialEffectZ	4474787	4474902	115
__wurst_safe_BlzPlaySpecialEffect	4474903	4475050	147
__wurst_safe_FogModifierStop	4475051	4475148	97
__wurst_safe_ForcePickRandomPlayer	4475149	4475265	116
__wurst_safe_BlzCreateFrame	4475266	4475392	126
__wurst_safe_BlzCreateFrameByType	4475393	4475539	146
__wurst_safe_BlzFrameSetText	4475540	4475645	105
__wurst_safe_BlzFrameSetAbsPoint	4475646	4475807	161
__wurst_safe_BlzFrameClearAllPoints	4475808	4475919	111
__wurst_safe_BlzFrameSetPoint	4475920	4476155	235
__wurst_safe_BlzFrameSetAllPoints	4476156	4476303	147
__wurst_safe_BlzFrameSetVisible	4476304	4476415	111
__wurst_safe_BlzFrameIsVisible	4476416	4476526	110
__wurst_safe_BlzFrameClick	4476527	4476620	93
__wurst_safe_BlzFrameGetText	4476621	4476722	101
__wurst_safe_BlzFrameSetTextColor	4476723	4476838	115
__wurst_safe_BlzFrameSetFocus	4476839	4476946	107
__wurst_safe_BlzFrameGetEnable	4476947	4477057	110
__wurst_safe_BlzFrameSetEnable	4477058	4477167	109
__wurst_safe_BlzFrameSetAlpha	4477168	4477275	107
__wurst_safe_BlzFrameSetTexture	4477276	4477403	127
__wurst_safe_BlzFrameSetScale	4477404	4477511	107
__wurst_safe_BlzFrameSetTooltip	4477512	4477655	143
__wurst_safe_BlzFrameSetValue	4477656	4477763	107
__wurst_safe_BlzFrameSetMinMaxValue	4477764	4477891	127
__wurst_safe_BlzFrameSetStepSize	4477892	4478005	113
__wurst_safe_BlzFrameSetSize	4478006	4478119	113
__wurst_safe_BlzFrameGetHeight	4478120	4478228	108
__wurst_safe_BlzFrameGetWidth	4478229	4478335	106
__wurst_safe_BlzFrameSetLevel	4478336	4478443	107
__wurst_safe_BlzFrameGetParent	4478444	4478552	108
__wurst_safe_BlzFrameSetParent	4478553	4478694	141
__wurst_safe_BlzFrameSetTextAlignment	4478695	4478890	195
__wurst_safe_BlzFrameGetChildrenCount	4478891	4479011	120
__wurst_safe_BlzFrameGetChild	4479012	4479126	114
__wurst_safe_FlushStoredInteger	4479127	4479246	119
__wurst_safe_SyncStoredInteger	4479247	4479364	117
__wurst_safe_IsUnitSelected	4479365	4479511	146
__wurst_safe_GetUnitLifePercent	4479512	4479622	110
__wurst_safe_BlzGroupGetSize	4479623	4479725	102
__wurst_safe_BlzGroupAddGroupFast	4479726	4479876	150
__wurst_safe_BlzGroupUnitAt	4479877	4479987	110
zQ	4479988	4480172	184
__wurst_LoadFrameHandle	4480265	4480416	151
__wurst_RemoveSavedInteger	4480417	4480550	133
__wurst_safe_GetItemCharges	4480551	4480651	100
__wurst_safe_SetItemCharges	4480652	4480755	103
__wurst_safe_BlzGetItemAbilityByIndex	4480756	4480886	130
__wurst_safe_BlzGetItemAbility	4480887	4481003	116
__wurst_safe_SetPlayerUnitAvailableBJ	4481004	4481135	131
__wurst_safe_TriggerClearConditions	4481136	4481247	111
__wurst_safe_DestroyTrigger	4481248	4481343	95
__wurst_safe_PanCameraToTimedLocForPlayer	4481344	4481515	171
__wurst_safe_MultiboardSetItemsStyle	4481516	4481645	129
AQ	4481646	4481889	243
__wurst_safe_SetUnitMoveSpeed	4481977	4482084	107
__wurst_safe_BlzSetUnitAttackCooldown	4482085	4482216	131
__wurst_safe_BlzIsUnitInvulnerable	4482217	4482335	118
__wurst_safe_IsPlayerAlly	4482336	4482478	142
__wurst_safe_IsPlayerEnemy	4482479	4482623	144
__wurst_safe_IsUnitVisible	4482624	4482768	144
__wurst_safe_ExplodeUnitBJ	4482769	4482930	161
BQ	4482931	4483069	138
__wurst_safe_EnableWeatherEffect	4483153	4483266	113
__wurst_safe_MoveRectTo	4483267	4483370	103
__wurst_safe_BlzGetUnitAbilityCooldown	4483371	4483511	140
__wurst_safe_BlzStartUnitAbilityCooldown	4483512	4483649	137
__wurst_safe_SetSoundChannel	4483650	4483755	105
__wurst_safe_SetSoundDistances	4483756	4483873	117
__wurst_safe_SetSoundConeOrientation	4483874	4484011	137
__wurst_safe_TimerGetElapsed	4484012	4484116	104
__wurst_safe_TriggerClearActions	4484117	4484222	105
__wurst_safe_BlzTriggerRegisterFrameEvent	4484223	4484433	210
__wurst_safe_GetUnitLevel	4484434	4484530	96
__wurst_safe_GetUnitAcquireRange	4484531	4484643	112
__wurst_safe_GetUnitCurrentOrder	4484644	4484754	110
__wurst_safe_GetUnitFlyHeight	4484755	4484861	106
__wurst_safe_GetUnitName	4484862	4484955	93
__wurst_safe_IssuePointOrderById	4484956	4485094	138
__wurst_safe_SetUnitInvulnerable	4485095	4485208	113
__wurst_safe_SetUnitX	4485209	4485300	91
__wurst_safe_SetUnitY	4485301	4485392	91
__wurst_safe_UnitResetCooldown	4485393	4485494	101
__wurst_safe_GetUnitDefaultMoveSpeed	4485495	4485615	120
__wurst_safe_GetUnitDefaultAcquireRange	4485616	4485742	126
__wurst_safe_BlzGetUnitBaseDamage	4485743	4485863	120
__wurst_safe_BlzSetUnitBaseDamage	4485864	4485987	123
__wurst_safe_BlzGetUnitDiceNumber	4485988	4486108	120
__wurst_safe_BlzSetUnitDiceNumber	4486109	4486232	123
__wurst_safe_BlzGetUnitDiceSides	4486233	4486351	118
__wurst_safe_BlzSetUnitDiceSides	4486352	4486473	121
__wurst_safe_BlzSetUnitArmor	4486474	4486579	105
__wurst_safe_BlzEndUnitAbilityCooldown	4486580	4486705	125
__wurst_safe_GetUnitRallyUnit	4486706	4486812	106
__wurst_safe_BlzGetUnitRealField	4486813	4486965	152
__wurst_safe_BlzSetUnitFacingEx	4486966	4487077	111
__wurst_safe_MoveLocation	4487078	4487185	107
__wurst_safe_GetUnitsSelectedAll	4487186	4487298	112
__wurst_safe_BlzFrameAddText	4487299	4487404	105
__wurst_init_bootstrap	4487413	11811705	7324292
