name	definition_count	first_byte_offset
AA:create1087	1	1573820
AB:create1125	1	1641676
AC	1	1673917
AD	1	2079606
AE	1	2302062
AF	1	2788621
AG	1	3014843
AH	1	3199466
AI	1	3274819
AJ	1	3457817
AK	1	3568815
AL	1	3710817
ALItrClosure_ALItrClosure_run	1	474551
ALItrClosure_destroyALItrClosure	1	474602
ALItrClosure_forEach_BuildingModeAvailability_run_forEach_BuildingModeAvailability	1	587623
ALItrClosure_forEach_InfoWindow_InfoWindow_run_forEach_InfoWindow_InfoWindow	1	1251399
ALItrClosure_forEach_InfoWindow_InfoWindow_run_forEach_InfoWindow_InfoWindow1	1	1251619
ALItrClosure_forEach_InfoWindow_InfoWindow_run_forEach_InfoWindow_InfoWindow2	1	1252143
AM	1	3815310
AN	1	3855784
AP	1	4433277
AQ	1	4481646
Ab:create12	1	464650
AbilityLevelFields_AbilityLevelFields_applyTo	1	457249
AbilityLevelFields_AbilityLevelFields_cd	1	456518
AbilityLevelFields_AbilityLevelFields_mana	1	456892
Ac:create63	1	529504
Action_batch_AiRoundState_run_batch_AiRoundState	1	473974
Action_batch_MultiboardEventHooks_run_batch_MultiboardEventHooks	1	1344146
Action_batch_MultiboardEventHooks_run_batch_MultiboardEventHooks1	1	1344741
Action_batch_MultiboardEventHooks_run_batch_MultiboardEventHooks2	1	1345613
Action_batch_MultiboardState_run_batch_MultiboardState	1	1348414
Action_batch_PlayerState_MultiboardState_run_batch_PlayerState_MultiboardState	1	1351962
Action_batch_add_MultiboardEventHooks_run_batch_add_MultiboardEventHooks	1	1347104
Action_destroyAction	1	1497340
Action_watch_AiFullGameE2E_run_watch_AiFullGameE2E	1	472937
Action_watch_AiFullGameE2E_run_watch_AiFullGameE2E1	1	473230
Action_watch_CampaignMissionInfoOverlay_CampaignUI_run_watch_CampaignMissionInfoOverlay_CampaignUI	1	804535
Action_watch_CampaignRuntime_run_watch_CampaignRuntime	1	657397
Action_watch_CampaignUI_CampaignUI_run_watch_CampaignUI_CampaignUI	1	942035
Action_watch_CampaignUI_CampaignUI_run_watch_CampaignUI_CampaignUI1	1	942265
Action_watch_CampaignUI_CampaignUI_run_watch_CampaignUI_CampaignUI2	1	942493
Action_watch_CampaignUI_CampaignUI_run_watch_CampaignUI_CampaignUI3	1	942744
Action_watch_Campaign_run_watch_Campaign	1	952753
Action_watch_DraftOrchestrator_run_watch_DraftOrchestrator	1	1111276
Action_watch_DraftPerkRegistry_run_watch_DraftPerkRegistry	1	1114205
Action_watch_DraftUIScreen_DraftUI_run_watch_DraftUIScreen_DraftUI	1	1152410
Action_watch_DraftUIScreen_DraftUI_run_watch_DraftUIScreen_DraftUI1	1	1154927
Action_watch_DraftWindow_DraftWindow_run_watch_DraftWindow_DraftWindow	1	1186225
Action_watch_GjallarHorn_run_watch_GjallarHorn	1	1201748
Action_watch_IdleDetectionRuntime_run_watch_IdleDetectionRuntime	1	1219652
Action_watch_IncomeUI_run_watch_IncomeUI	1	1220471
Action_watch_InfoWindow_InfoWindow_run_watch_InfoWindow_InfoWindow	1	1251848
Action_watch_ModeRaceRuntime_run_watch_ModeRaceRuntime	1	1320045
Action_watch_ModeRuntimeE2E_run_watch_ModeRuntimeE2E	1	1322205
Action_watch_ModeRuntimeE2E_run_watch_ModeRuntimeE2E1	1	1322380
Action_watch_MultiboardEventHooks_run_watch_MultiboardEventHooks	1	1346111
Action_watch_MultiboardInit_run_watch_MultiboardInit	1	1347912
Action_watch_OnUnitDeathHandler_run_watch_OnUnitDeathHandler	1	1357638
Action_watch_PerkBuildingEnchantment_run_watch_PerkBuildingEnchantment	1	1376159
Action_watch_PerkBuildingEnchantment_run_watch_PerkBuildingEnchantment1	1	1377298
Action_watch_PerkExecutionOrder_run_watch_PerkExecutionOrder	1	1388562
Action_watch_PerkFeatheredFriend_run_watch_PerkFeatheredFriend	1	1392555
Action_watch_PerkFortifiedOutpost_run_watch_PerkFortifiedOutpost	1	1393918
Action_watch_PerkStormchaser_run_watch_PerkStormchaser	1	1403377
Action_watch_RaceNelfAbilities_run_watch_RaceNelfAbilities	1	1479565
Action_watch_ReactivePlayerMultiboard_PlayerMultiboard_run_watch_ReactivePlayerMultiboard_PlayerMultiboard	1	1415392
Action_watch_RoundEndRuntime_run_watch_RoundEndRuntime	1	1510451
Action_watch_RoundStatsTracking_run_watch_RoundStatsTracking	1	1540105
Action_watch_SnowveilFountain_run_watch_SnowveilFountain	1	1556498
Action_watch_UltimateRoll_run_watch_UltimateRoll	1	1651705
Action_watch_doAfter_CameraMovementDetection_run_watch_doAfter_CameraMovementDetection	1	638570
Action_watch_doAfter_IncomeUI_run_watch_doAfter_IncomeUI	1	1231302
Action_watch_doAfter_IncomeUI_run_watch_doAfter_IncomeUI1	1	1232176
Action_watch_doAfter_MMDData_run_watch_doAfter_MMDData	1	1288779
Action_watch_doAfter_MMDData_run_watch_doAfter_MMDData1	1	1289214
Action_watch_doAfter_RoundStatsBoard_run_watch_doAfter_RoundStatsBoard	1	1516663
Action_watch_doAfter_ThunderpawSpire_run_watch_doAfter_ThunderpawSpire	1	1641748
Ae	1	615043
Af:create187	1	699689
Ag:create238	1	913211
Ah:create289	1	954933
AiBuildablesState_AiBuildablesState_add	1	465219
AiBuildablesState_AiBuildablesState_clear	1	465001
AiBuildablesState_AiBuildablesState_ensure	1	464779
AiBuildablesState_AiBuildablesState_getNameLower	1	465784
AiBuildablesState_AiBuildablesState_getRef	1	465941
AiBuildablesState_AiBuildablesState_size	1	465602
AiBuildablesState_new_AiBuildablesState	1	466067
AiChatState_new_AiChatState	1	466871
AiDecision_destroyAiDecision	1	469662
AiDecision_new_AiDecision	1	469139
AiDecision_new_AiDecision1	1	469388
AiExecutor_AiExecutor_announcePP434	1	1033660
AiExecutor_AiExecutor_applyRegularSpotOffset	1	1045876
AiExecutor_AiExecutor_beginPondering	1	1029642
AiExecutor_AiExecutor_buildingsForPlayerId	1	1042979
AiExecutor_AiExecutor_canAccessBuilding	1	1041833
AiExecutor_AiExecutor_canBuildNextWanted	1	1026557
AiExecutor_AiExecutor_clearInactiveConstruction	1	1037906
AiExecutor_AiExecutor_clearNextDecision	1	1031446
AiExecutor_AiExecutor_clearPendingBuildOrder	1	1039385
AiExecutor_AiExecutor_clearPendingBuildReservation	1	1040656
AiExecutor_AiExecutor_consumeActionDelay	1	1016733
AiExecutor_AiExecutor_consumePondering	1	1030010
AiExecutor_AiExecutor_decideNextBuilding	1	1019674
AiExecutor_AiExecutor_getBuilderCurrentOrderId	1	1040034
AiExecutor_AiExecutor_getBuiltBuildingCount	1	1033904
AiExecutor_AiExecutor_getBuiltSnapshot	1	1041202
AiExecutor_AiExecutor_getNextDecision	1	1028157
AiExecutor_AiExecutor_getNextWantedBlockReason	1	1028247
AiExecutor_AiExecutor_getNextWantedBuilding	1	1027956
AiExecutor_AiExecutor_getPendingBuildOrderAge	1	1038130
AiExecutor_AiExecutor_getPendingBuildOrderId	1	1052903
AiExecutor_AiExecutor_getProductionBuildingCount	1	1053007
AiExecutor_AiExecutor_hasActiveConstruction	1	1017140
AiExecutor_AiExecutor_hasDecisionBoardChanged	1	1048885
AiExecutor_AiExecutor_hasPendingBuildOrder	1	1019194
AiExecutor_AiExecutor_hasReadyPowerPlant434Center	1	1043747
AiExecutor_AiExecutor_hasRuntimeProgress	1	1053525
AiExecutor_AiExecutor_hasStrategicAuraProductionFoundation	1	1045707
AiExecutor_AiExecutor_hasValidNextWanted	1	1019304
AiExecutor_AiExecutor_initializeBuildMovement	1	1035418
AiExecutor_AiExecutor_intAbs	1	1048093
AiExecutor_AiExecutor_invalidateBuiltSnapshot	1	1041100
AiExecutor_AiExecutor_isBehindCastlePatternExhausted	1	1050650
AiExecutor_AiExecutor_isBehindCastlePatternExhaustedCached	1	1050995
AiExecutor_AiExecutor_isBuildLocked	1	1009877
AiExecutor_AiExecutor_isBuilderStillTryingPendingBuildOrder	1	1038322
AiExecutor_AiExecutor_isNextWantedAffordableNow	1	1042152
AiExecutor_AiExecutor_isNextWantedInCage	1	1031892
AiExecutor_AiExecutor_isPendingBuildOrderStale	1	1039709
AiExecutor_AiExecutor_isPowerPlant434ReservedSpot	1	1043540
AiExecutor_AiExecutor_isSavingForPresetStrategicItem	1	1017569
AiExecutor_AiExecutor_isSavingForStrategicItem	1	1027427
AiExecutor_AiExecutor_maybeDebugPendingBuildOrder	1	1038575
AiExecutor_AiExecutor_moveOrBlinkTo	1	1015215
AiExecutor_AiExecutor_nextPowerPlant434Spot	1	1032046
AiExecutor_AiExecutor_nextPowerPlant434SupportSpot	1	1034069
AiExecutor_AiExecutor_nextRegularFallbackSpot	1	1034357
AiExecutor_AiExecutor_nextWantedIsOnlySavingGold	1	1048209
AiExecutor_AiExecutor_onConstructOrUpgrade	1	1054187
AiExecutor_AiExecutor_onConstructionCancelled	1	1053809
AiExecutor_AiExecutor_onDestroy	1	1058906
AiExecutor_AiExecutor_onTrackedStructureDeath	1	1055272
AiExecutor_AiExecutor_onUpgradeReadinessChanged	1	1055060
AiExecutor_AiExecutor_refreshCandidatePlacementFlags	1	1051360
AiExecutor_AiExecutor_refreshPlayerContext	1	1040395
AiExecutor_AiExecutor_replaceNextDecision	1	1046476
AiExecutor_AiExecutor_reservePendingBuildTarget	1	1052501
AiExecutor_AiExecutor_reset	1	1010088
AiExecutor_AiExecutor_shouldKeepSavingForCurrentDecision	1	1049515
AiExecutor_AiExecutor_shouldLetStrategicAuraUseGold	1	1044667
AiExecutor_AiExecutor_shouldUseCageWallPatternForNextWanted	1	1032313
AiExecutor_AiExecutor_teamHasPowerPlantAccess	1	1032498
AiExecutor_AiExecutor_tryBuild	1	1036982
AiExecutor_AiExecutor_tryBuyPresetStrategicItem	1	1017332
AiExecutor_AiExecutor_tryBuyStrategicItem	1	1026070
AiExecutor_AiExecutor_tryFindBuilder	1	1014889
AiExecutor_AiExecutor_tryRepair	1	1017815
AiExecutor_AiExecutor_tryUpgrade	1	1030324
AiExecutor_AiExecutor_updateChoiceDebugFrame	1	1047497
AiExecutor_AiExecutor_wouldCreateUnwantedCage	1	1040198
AiExecutor_construct_AiExecutor	1	1056022
AiExecutor_destroyAiExecutor	1	1060428
AiExecutor_new_AiExecutor	1	1055896
AiPriorityState_new_AiPriorityState	1	468402
AirVsAAAspect_AirVsAAAspect_calculateScore	1	996540
AirVsAAAspect_AirVsAAAspect_computeScoreInternal	1	997843
AirVsAAAspect_AirVsAAAspect_deltaForBuilding	1	997029
AirVsAAAspect_AirVsAAAspect_getDebugName	1	996960
AirVsAAAspect_AirVsAAAspect_setBeforeScore	1	996862
Aj	1	998339
Ak:create408	1	1074324
Al	1	1109858
Am:create489	1	1186146
An:create530	1	1216986
Ao:create571	1	1282991
Ap:create617	1	1304384
Aq:create667	1	1323020
Ar:create706	1	1372874
ArgHandler_addCommand_CampaignSmokeTest_handleArgs_addCommand_CampaignSmokeTest	1	703152
ArgHandler_addCommand_CampaignSmokeTest_handleArgs_addCommand_CampaignSmokeTest1	1	703421
ArgHandler_addCommand_CampaignSmokeTest_handleArgs_addCommand_CampaignSmokeTest2	1	703675
ArgHandler_addCommand_CampaignSmokeTest_handleArgs_addCommand_CampaignSmokeTest3	1	703924
ArgHandler_addCommand_Campaign_handleArgs_addCommand_Campaign	1	953982
ArgHandler_addCommand_Campaign_handleArgs_addCommand_Campaign1	1	954208
ArgHandler_addCommand_Campaign_handleArgs_addCommand_Campaign2	1	954468
ArgHandler_addCommand_Campaign_handleArgs_addCommand_Campaign3	1	954734
ArgHandler_addCommand_Commands_handleArgs_addCommand_Commands	1	974681
ArgHandler_addCommand_Commands_handleArgs_addCommand_Commands1	1	974893
ArgHandler_addCommand_Commands_handleArgs_addCommand_Commands10	1	980098
ArgHandler_addCommand_Commands_handleArgs_addCommand_Commands11	1	980987
ArgHandler_addCommand_Commands_handleArgs_addCommand_Commands12	1	981316
ArgHandler_addCommand_Commands_handleArgs_addCommand_Commands13	1	981611
ArgHandler_addCommand_Commands_handleArgs_addCommand_Commands14	1	981833
ArgHandler_addCommand_Commands_handleArgs_addCommand_Commands15	1	982311
ArgHandler_addCommand_Commands_handleArgs_addCommand_Commands16	1	982694
ArgHandler_addCommand_Commands_handleArgs_addCommand_Commands17	1	983056
ArgHandler_addCommand_Commands_handleArgs_addCommand_Commands18	1	983418
ArgHandler_addCommand_Commands_handleArgs_addCommand_Commands19	1	983631
ArgHandler_addCommand_Commands_handleArgs_addCommand_Commands2	1	975106
ArgHandler_addCommand_Commands_handleArgs_addCommand_Commands20	1	983845
ArgHandler_addCommand_Commands_handleArgs_addCommand_Commands21	1	984165
ArgHandler_addCommand_Commands_handleArgs_addCommand_Commands22	1	984794
ArgHandler_addCommand_Commands_handleArgs_addCommand_Commands23	1	985413
ArgHandler_addCommand_Commands_handleArgs_addCommand_Commands24	1	985869
ArgHandler_addCommand_Commands_handleArgs_addCommand_Commands25	1	986079
ArgHandler_addCommand_Commands_handleArgs_addCommand_Commands26	1	986411
ArgHandler_addCommand_Commands_handleArgs_addCommand_Commands27	1	986651
ArgHandler_addCommand_Commands_handleArgs_addCommand_Commands28	1	986891
ArgHandler_addCommand_Commands_handleArgs_addCommand_Commands29	1	987131
ArgHandler_addCommand_Commands_handleArgs_addCommand_Commands3	1	975933
ArgHandler_addCommand_Commands_handleArgs_addCommand_Commands30	1	987366
ArgHandler_addCommand_Commands_handleArgs_addCommand_Commands31	1	988201
ArgHandler_addCommand_Commands_handleArgs_addCommand_Commands32	1	988570
ArgHandler_addCommand_Commands_handleArgs_addCommand_Commands33	1	989156
ArgHandler_addCommand_Commands_handleArgs_addCommand_Commands34	1	989682
ArgHandler_addCommand_Commands_handleArgs_addCommand_Commands35	1	989885
ArgHandler_addCommand_Commands_handleArgs_addCommand_Commands36	1	990184
ArgHandler_addCommand_Commands_handleArgs_addCommand_Commands37	1	990440
ArgHandler_addCommand_Commands_handleArgs_addCommand_Commands38	1	990652
ArgHandler_addCommand_Commands_handleArgs_addCommand_Commands39	1	991019
ArgHandler_addCommand_Commands_handleArgs_addCommand_Commands4	1	976136
ArgHandler_addCommand_Commands_handleArgs_addCommand_Commands40	1	991679
ArgHandler_addCommand_Commands_handleArgs_addCommand_Commands5	1	976339
ArgHandler_addCommand_Commands_handleArgs_addCommand_Commands6	1	977113
ArgHandler_addCommand_Commands_handleArgs_addCommand_Commands7	1	977888
ArgHandler_addCommand_Commands_handleArgs_addCommand_Commands8	1	978780
ArgHandler_addCommand_Commands_handleArgs_addCommand_Commands9	1	979529
ArgHandler_addCommand_WurstCommand_handleArgs_addCommand_WurstCommand	1	1668187
ArmorResilienceAspect_ArmorResilienceAspect_calculateScore	1	998683
ArmorResilienceAspect_ArmorResilienceAspect_deltaForBuilding	1	999651
ArmorResilienceAspect_ArmorResilienceAspect_getDebugName	1	999566
ArmorResilienceAspect_ArmorResilienceAspect_setBeforeScore	1	999444
ArrayListPredicate_ArrayListPredicate_isTrueFor	1	481822
ArrayListPredicate_destroyArrayListPredicate	1	481891
ArrayListPredicate_find_AiBuildingChoice_isTrueFor_find_AiBuildingChoice	1	464273
ArrayListPredicate_find_AiBuildingChoice_isTrueFor_find_AiBuildingChoice1	1	464500
ArrayListPredicate_find_InfoWindow_InfoWindow_isTrueFor_find_InfoWindow_InfoWindow	1	1252377
ArrayListPredicate_find_InfoWindow_InfoWindow_isTrueFor_find_InfoWindow_InfoWindow1	1	1252613
ArrayListPredicate_find_InfoWindow_InfoWindow_isTrueFor_find_InfoWindow_InfoWindow2	1	1252850
ArrayListPredicate_find_InfoWindow_InfoWindow_isTrueFor_find_InfoWindow_InfoWindow3	1	1253090
ArrayListPredicate_find_onClick_TeammateGrid_InfoWindow_isTrueFor_find_onClick_TeammateGrid_InfoWindow	1	1268987
ArrayListPredicate_find_onStarterPick_TeammateGrid_InfoWindow_isTrueFor_find_onStarterPick_TeammateGrid_InfoWindow	1	1267094
ArrayList_ArrayList_add	1	476897
ArrayList_ArrayList_addAll	1	477243
ArrayList_ArrayList_allocateStorage	1	474804
ArrayList_ArrayList_clear	1	479333
ArrayList_ArrayList_copy	1	479564
ArrayList_ArrayList_enqueue	1	480282
ArrayList_ArrayList_find	1	480834
ArrayList_ArrayList_forEach	1	480363
ArrayList_ArrayList_freeStorage	1	475651
ArrayList_ArrayList_get	1	477892
ArrayList_ArrayList_grow	1	476078
ArrayList_ArrayList_has	1	478582
ArrayList_ArrayList_indexOf	1	478338
ArrayList_ArrayList_isEmpty	1	479253
ArrayList_ArrayList_onDestroy	1	481414
ArrayList_ArrayList_pop	1	479991
ArrayList_ArrayList_regrow	1	476178
ArrayList_ArrayList_removeAtUnordered	1	478674
ArrayList_ArrayList_reserve	1	477664
ArrayList_ArrayList_set	1	478114
ArrayList_ArrayList_size	1	479179
ArrayList_ArrayList_tryReuseFreeSection	1	475209
ArrayList_compactFreeList	1	2283222
ArrayList_construct_ArrayList2	1	481216
ArrayList_destroyArrayList	1	481658
ArrayList_new_ArrayList	1	479869
ArrayList_new_ArrayList1	1	480638
As:create746	1	1392484
At:create792	1	1417371
Au:create844	1	1439035
Av:create894	1	1461453
Aw:create942	1	1480629
Ay:create998	1	1504109
Az:create1046	1	1551769
B	1	118824
BA:create1088	1	1574107
BB:create1126	1	1642019
BC	1	1676389
BD	1	2079700
BE	1	2302510
BF	1	2788857
BG	1	3015187
BH	1	3201497
BI	1	3275750
BJ	1	3461550
BK	1	3572623
BL	1	3711812
BM	1	3815535
BN	1	3856900
BO	1	3939452
BP	1	4434743
BQ	1	4482931
Bb:create13	1	466291
Bc:create64	1	531198
Bd:create106	1	574391
Be:create144	1	615184
Bf:create188	1	700307
Bg:create260	1	915703
Bh:create290	1	955222
Bi:create322	1	976065
Bj:create367	1	998576
Bk:create409	1	1074734
Bl:create443	1	1109991
BlueBar_BlueBar_getActiveTexture	1	1232588
Bm:create490	1	1186441
Bn:create531	1	1217623
Bo:create572	1	1284000
BotCard_BotCard_build	1	722729
BotCard_BotCard_clickForE2e	1	730144
BotCard_BotCard_handleClick	1	729417
BotCard_BotCard_setBot	1	730483
BotCard_BotCard_setPlayerCard	1	734986
BotCard_new_BotCard	1	736958
Bp:create618	1	1304702
Bq:create668	1	1323471
Br	1	1372970
Bs:create747	1	1393057
Bt:create793	1	1417599
Bu:create845	1	1439621
BufferSyncListener_destroyBufferSyncListener	1	1570844
BufferSyncListener_sync_SaveLoadData_onDataSynced_sync_SaveLoadData	1	1540612
BuildAtTarget_BuildAtTarget_enter	1	494619
BuildAtTarget_BuildAtTarget_update	1	495738
BuildAtTarget_destroyBuildAtTarget	1	499874
BuildScanIterator_BuildScanIterator_next	1	485914
BuildScanIterator_BuildScanIterator_resetCycle	1	485289
BuildScanIterator_BuildScanIterator_tryFrontRectsFirst	1	487553
BuildScanIterator_construct_BuildScanIterator	1	488420
BuildScanIterator_construct_BuildScanIterator2	1	489056
BuildScanIterator_destroyBuildScanIterator	1	490930
BuildScanIterator_new_BuildScanIterator	1	488267
BuildScanIterator_new_BuildScanIterator1	1	488893
BuildingAttachmentHandler_registerBuildingAttach_DesertRace_call_registerBuildingAttach_DesertRace	1	1070250
BuildingAttachmentHandler_registerBuildingAttach_DesertRace_call_registerBuildingAttach_DesertRace1	1	1070583
BuildingAttachmentHandler_registerBuildingAttach_DesertRace_call_registerBuildingAttach_DesertRace10	1	1074055
BuildingAttachmentHandler_registerBuildingAttach_DesertRace_call_registerBuildingAttach_DesertRace11	1	1074395
BuildingAttachmentHandler_registerBuildingAttach_DesertRace_call_registerBuildingAttach_DesertRace12	1	1074805
BuildingAttachmentHandler_registerBuildingAttach_DesertRace_call_registerBuildingAttach_DesertRace13	1	1075143
BuildingAttachmentHandler_registerBuildingAttach_DesertRace_call_registerBuildingAttach_DesertRace14	1	1075425
BuildingAttachmentHandler_registerBuildingAttach_DesertRace_call_registerBuildingAttach_DesertRace15	1	1075723
BuildingAttachmentHandler_registerBuildingAttach_DesertRace_call_registerBuildingAttach_DesertRace2	1	1070995
BuildingAttachmentHandler_registerBuildingAttach_DesertRace_call_registerBuildingAttach_DesertRace3	1	1071329
BuildingAttachmentHandler_registerBuildingAttach_DesertRace_call_registerBuildingAttach_DesertRace4	1	1071717
BuildingAttachmentHandler_registerBuildingAttach_DesertRace_call_registerBuildingAttach_DesertRace5	1	1072201
BuildingAttachmentHandler_registerBuildingAttach_DesertRace_call_registerBuildingAttach_DesertRace6	1	1072487
BuildingAttachmentHandler_registerBuildingAttach_DesertRace_call_registerBuildingAttach_DesertRace7	1	1072868
BuildingAttachmentHandler_registerBuildingAttach_DesertRace_call_registerBuildingAttach_DesertRace8	1	1073241
BuildingAttachmentHandler_registerBuildingAttach_DesertRace_call_registerBuildingAttach_DesertRace9	1	1073576
BuildingAttachmentHandler_registerBuildingAttach_PandarenBuildings_call_registerBuildingAttach_PandarenBuildings	1	1363554
BuildingAttachmentHandler_registerBuildingAttach_RaceChaos_call_registerBuildingAttach_RaceChaos	1	1424880
BuildingAttachmentHandler_registerBuildingAttach_RaceCorrupted_call_registerBuildingAttach_RaceCorrupted	1	1426828
BuildingAttachmentHandler_registerBuildingAttach_RaceCorrupted_call_registerBuildingAttach_RaceCorrupted1	1	1427156
BuildingAttachmentHandler_registerBuildingAttach_RaceCorrupted_call_registerBuildingAttach_RaceCorrupted2	1	1427480
BuildingAttachmentHandler_registerBuildingAttach_RaceCorrupted_call_registerBuildingAttach_RaceCorrupted3	1	1427765
BuildingAttachmentHandler_registerBuildingAttach_RaceElemental_call_registerBuildingAttach_RaceElemental	1	1436579
BuildingAttachmentHandler_registerBuildingAttach_RaceElemental_call_registerBuildingAttach_RaceElemental1	1	1437076
BuildingAttachmentHandler_registerBuildingAttach_RaceElemental_call_registerBuildingAttach_RaceElemental10	1	1442045
BuildingAttachmentHandler_registerBuildingAttach_RaceElemental_call_registerBuildingAttach_RaceElemental11	1	1442652
BuildingAttachmentHandler_registerBuildingAttach_RaceElemental_call_registerBuildingAttach_RaceElemental12	1	1443244
BuildingAttachmentHandler_registerBuildingAttach_RaceElemental_call_registerBuildingAttach_RaceElemental13	1	1444096
BuildingAttachmentHandler_registerBuildingAttach_RaceElemental_call_registerBuildingAttach_RaceElemental14	1	1444431
BuildingAttachmentHandler_registerBuildingAttach_RaceElemental_call_registerBuildingAttach_RaceElemental15	1	1444763
BuildingAttachmentHandler_registerBuildingAttach_RaceElemental_call_registerBuildingAttach_RaceElemental16	1	1445087
BuildingAttachmentHandler_registerBuildingAttach_RaceElemental_call_registerBuildingAttach_RaceElemental17	1	1445399
BuildingAttachmentHandler_registerBuildingAttach_RaceElemental_call_registerBuildingAttach_RaceElemental2	1	1437560
BuildingAttachmentHandler_registerBuildingAttach_RaceElemental_call_registerBuildingAttach_RaceElemental3	1	1438030
BuildingAttachmentHandler_registerBuildingAttach_RaceElemental_call_registerBuildingAttach_RaceElemental4	1	1438514
BuildingAttachmentHandler_registerBuildingAttach_RaceElemental_call_registerBuildingAttach_RaceElemental5	1	1439106
BuildingAttachmentHandler_registerBuildingAttach_RaceElemental_call_registerBuildingAttach_RaceElemental6	1	1439692
BuildingAttachmentHandler_registerBuildingAttach_RaceElemental_call_registerBuildingAttach_RaceElemental7	1	1440276
BuildingAttachmentHandler_registerBuildingAttach_RaceElemental_call_registerBuildingAttach_RaceElemental8	1	1440872
BuildingAttachmentHandler_registerBuildingAttach_RaceElemental_call_registerBuildingAttach_RaceElemental9	1	1441548
BuildingAttachmentHandler_registerBuildingAttach_RaceElven_call_registerBuildingAttach_RaceElven	1	1447605
BuildingAttachmentHandler_registerBuildingAttach_RaceElven_call_registerBuildingAttach_RaceElven1	1	1448113
BuildingAttachmentHandler_registerBuildingAttach_RaceHuman_call_registerBuildingAttach_RaceHuman	1	1454648
BuildingAttachmentHandler_registerBuildingAttach_RaceMech_call_registerBuildingAttach_RaceMech	1	1459729
BuildingAttachmentHandler_registerBuildingAttach_RaceMech_call_registerBuildingAttach_RaceMech1	1	1460492
BuildingAttachmentHandler_registerBuildingAttach_RaceMech_call_registerBuildingAttach_RaceMech2	1	1461109
BuildingAttachmentHandler_registerBuildingAttach_RaceMech_call_registerBuildingAttach_RaceMech3	1	1461524
BuildingAttachmentHandler_registerBuildingAttach_RaceMech_call_registerBuildingAttach_RaceMech4	1	1461836
BuildingAttachmentHandler_registerBuildingAttach_RaceMech_call_registerBuildingAttach_RaceMech5	1	1462240
BuildingAttachmentHandler_registerBuildingAttach_RaceMech_call_registerBuildingAttach_RaceMech6	1	1462851
BuildingAttachmentHandler_registerBuildingAttach_RaceMech_call_registerBuildingAttach_RaceMech7	1	1463468
BuildingAttachmentHandler_registerBuildingAttach_RaceMech_call_registerBuildingAttach_RaceMech8	1	1463987
BuildingAttachmentHandler_registerBuildingAttach_RaceMech_call_registerBuildingAttach_RaceMech9	1	1464609
BuildingAttachmentHandler_registerBuildingAttach_RaceNature_call_registerBuildingAttach_RaceNature	1	1475448
BuildingAttachmentHandler_registerBuildingAttach_RaceNature_call_registerBuildingAttach_RaceNature1	1	1475847
BuildingAttachmentHandler_registerBuildingAttach_RaceNature_call_registerBuildingAttach_RaceNature2	1	1476359
BuildingAttachmentHandler_registerBuildingAttach_RaceNature_call_registerBuildingAttach_RaceNature3	1	1476984
BuildingAttachmentHandler_registerBuildingAttach_RaceNature_call_registerBuildingAttach_RaceNature4	1	1477297
BuildingAttachmentHandler_registerBuildingAttach_RaceNature_call_registerBuildingAttach_RaceNature5	1	1477683
BuildingAttachmentHandler_registerBuildingAttach_RaceNelf_call_registerBuildingAttach_RaceNelf	1	1481893
BuildingAttachmentHandler_registerBuildingAttach_RaceNelf_call_registerBuildingAttach_RaceNelf1	1	1482200
BuildingAttachmentHandler_registerBuildingAttach_RaceNelf_call_registerBuildingAttach_RaceNelf2	1	1482590
BuildingAttachmentHandler_registerBuildingAttach_RaceNelf_call_registerBuildingAttach_RaceNelf3	1	1482907
BuildingAttachmentHandler_registerBuildingAttach_RaceNelf_call_registerBuildingAttach_RaceNelf4	1	1483221
BuildingAttachmentHandler_registerBuildingAttach_RaceNelf_call_registerBuildingAttach_RaceNelf5	1	1483642
BuildingAttachmentHandler_registerBuildingAttach_RaceNelf_call_registerBuildingAttach_RaceNelf6	1	1483953
BuildingAttachmentHandler_registerBuildingAttach_RaceNelf_call_registerBuildingAttach_RaceNelf7	1	1484372
BuildingAttachmentHandler_registerBuildingAttach_RaceNelf_call_registerBuildingAttach_RaceNelf8	1	1484806
BuildingAttachmentHandler_registerBuildingAttach_RaceNorthern_call_registerBuildingAttach_RaceNorthern	1	1490801
BuildingAttachmentHandler_registerBuildingAttach_RaceOrc_call_registerBuildingAttach_RaceOrc	1	1495474
BuildingSlot_BuildingSlot_build	1	589155
BuildingSlot_BuildingSlot_clearHotkey	1	600842
BuildingSlot_BuildingSlot_clearTags	1	603033
BuildingSlot_BuildingSlot_formatTagBadge	1	602822
BuildingSlot_BuildingSlot_getBuildingTooltipText	1	601837
BuildingSlot_BuildingSlot_getTagColor	1	602062
BuildingSlot_BuildingSlot_getTagLabel	1	602737
BuildingSlot_BuildingSlot_hideAll	1	598289
BuildingSlot_BuildingSlot_hideAllGlobally	1	594840
BuildingSlot_BuildingSlot_reset	1	608455
BuildingSlot_BuildingSlot_setChoice	1	607067
BuildingSlot_BuildingSlot_setDisplayWidth	1	596702
BuildingSlot_BuildingSlot_setHotkey	1	599951
BuildingSlot_BuildingSlot_setPerkChoice	1	608860
BuildingSlot_BuildingSlot_setTags	1	603825
BuildingSlot_BuildingSlot_showBase	1	597271
BuildingSlot_new_BuildingSlot	1	610527
BuildingSpellClosure_registerBuildingSpellWithEffect_RaceNorthernAbilities_cast_registerBuildingSpellWithEffect_RaceNorthernAbilities	1	1488390
BuildingSpellClosure_registerBuildingSpellWithEffect_RaceNorthernAbilities_cast_registerBuildingSpellWithEffect_RaceNorthernAbilities1	1	1488650
BuildingSpellClosure_registerBuildingSpellWithEffect_RaceNorthernAbilities_cast_registerBuildingSpellWithEffect_RaceNorthernAbilities2	1	1488927
BuildingSpellClosure_registerBuildingSpellWithTarget_RaceNagaAbilities_cast_registerBuildingSpellWithTarget_RaceNagaAbilities	1	1465537
BuildingSpellClosure_registerBuildingSpellWithTarget_SnowveilFountain_cast_registerBuildingSpellWithTarget_SnowveilFountain	1	1555167
BuildingSpellClosure_registerBuildingSpell_GjallarHorn_cast_registerBuildingSpell_GjallarHorn	1	1200120
BuildingSpellClosure_registerBuildingSpell_PandarenBuildings_cast_registerBuildingSpell_PandarenBuildings	1	1363316
BuildingSpellClosure_registerBuildingSpell_RaceChaosAbilities_cast_registerBuildingSpell_RaceChaosAbilities	1	1422315
BuildingSpellClosure_registerBuildingSpell_RaceChaosAbilities_cast_registerBuildingSpell_RaceChaosAbilities1	1	1422550
BuildingSpellClosure_registerBuildingSpell_RaceChaosAbilities_cast_registerBuildingSpell_RaceChaosAbilities2	1	1422783
BuildingSpellClosure_registerBuildingSpell_RaceChaosAbilities_cast_registerBuildingSpell_RaceChaosAbilities3	1	1423016
BuildingSpellClosure_registerBuildingSpell_RaceChaosAbilities_cast_registerBuildingSpell_RaceChaosAbilities4	1	1423249
BuildingSpellClosure_registerBuildingSpell_RaceChaosAbilities_cast_registerBuildingSpell_RaceChaosAbilities5	1	1423483
BuildingSpellClosure_registerBuildingSpell_RaceCorruptedAbilities_cast_registerBuildingSpell_RaceCorruptedAbilities	1	1426066
BuildingSpellClosure_registerBuildingSpell_RaceCorruptedAbilities_cast_registerBuildingSpell_RaceCorruptedAbilities1	1	1426312
BuildingSpellClosure_registerBuildingSpell_RaceDesertAbilities_cast_registerBuildingSpell_RaceDesertAbilities	1	1430870
BuildingSpellClosure_registerBuildingSpell_RaceDesertAbilities_cast_registerBuildingSpell_RaceDesertAbilities1	1	1431107
BuildingSpellClosure_registerBuildingSpell_RaceDesertAbilities_cast_registerBuildingSpell_RaceDesertAbilities2	1	1431342
BuildingSpellClosure_registerBuildingSpell_RaceElementalAbilities_cast_registerBuildingSpell_RaceElementalAbilities	1	1435851
BuildingSpellClosure_registerBuildingSpell_RaceElementalAbilities_cast_registerBuildingSpell_RaceElementalAbilities1	1	1436095
BuildingSpellClosure_registerBuildingSpell_RaceElementalAbilities_cast_registerBuildingSpell_RaceElementalAbilities2	1	1436339
BuildingSpellClosure_registerBuildingSpell_RaceElvenAbilities_cast_registerBuildingSpell_RaceElvenAbilities	1	1446323
BuildingSpellClosure_registerBuildingSpell_RaceMechAbilities_cast_registerBuildingSpell_RaceMechAbilities	1	1458281
BuildingSpellClosure_registerBuildingSpell_RaceMechAbilities_cast_registerBuildingSpell_RaceMechAbilities1	1	1458515
BuildingSpellClosure_registerBuildingSpell_RaceNagaAbilities_cast_registerBuildingSpell_RaceNagaAbilities	1	1465786
BuildingSpellClosure_registerBuildingSpell_RaceNagaAbilities_cast_registerBuildingSpell_RaceNagaAbilities1	1	1466016
BuildingSpellClosure_registerBuildingSpell_RaceNatureAbilities_cast_registerBuildingSpell_RaceNatureAbilities	1	1471575
BuildingSpellClosure_registerBuildingSpell_RaceNatureAbilities_cast_registerBuildingSpell_RaceNatureAbilities1	1	1472029
BuildingSpellClosure_registerBuildingSpell_RaceNatureAbilities_cast_registerBuildingSpell_RaceNatureAbilities2	1	1472272
BuildingSpellClosure_registerBuildingSpell_RaceNelfAbilities_cast_registerBuildingSpell_RaceNelfAbilities	1	1479878
BuildingSpellClosure_registerBuildingSpell_RaceNelfAbilities_cast_registerBuildingSpell_RaceNelfAbilities1	1	1480119
BuildingSpellClosure_registerBuildingSpell_RaceNelfAbilities_cast_registerBuildingSpell_RaceNelfAbilities2	1	1480700
BuildingSpellClosure_registerBuildingSpell_RaceNorthernAbilities_cast_registerBuildingSpell_RaceNorthernAbilities	1	1489204
BuildingSpellClosure_registerBuildingSpell_RaceOrcAbilities_cast_registerBuildingSpell_RaceOrcAbilities	1	1493212
BuildingSpellClosure_registerBuildingSpell_RaceOrcAbilities_cast_registerBuildingSpell_RaceOrcAbilities1	1	1493449
BuildingSpellClosure_registerBuildingSpell_RaceOrcAbilities_cast_registerBuildingSpell_RaceOrcAbilities2	1	1493900
BuildingSpellClosure_registerBuildingSpell_RaceOrcAbilities_cast_registerBuildingSpell_RaceOrcAbilities3	1	1494273
BuildingSpellClosure_registerBuildingSpell_RaceOrcAbilities_cast_registerBuildingSpell_RaceOrcAbilities4	1	1494646
BuildingSpellClosure_registerBuildingSpell_RaceUndeadAbilities_cast_registerBuildingSpell_RaceUndeadAbilities	1	1496419
BuildingSpellClosure_registerBuildingSpell_RaceUndeadAbilities_cast_registerBuildingSpell_RaceUndeadAbilities1	1	1496723
BuildingSpellClosure_registerBuildingSpell_RaceUndeadAbilities_cast_registerBuildingSpell_RaceUndeadAbilities2	1	1497028
BuildingSpellClosure_registerBuildingSpell_SnowveilFountain_cast_registerBuildingSpell_SnowveilFountain	1	1555585
BuildingSpellClosure_registerBuildingSpell_ThunderpawSpire_cast_registerBuildingSpell_ThunderpawSpire	1	1640890
BuildingSpellClosure_registerBuildingSpell_VesselOfPurity_cast_registerBuildingSpell_VesselOfPurity	1	1663531
BuiltBuildingsSnapshot_BuiltBuildingsSnapshot_ownedCount	1	1541487
BuiltBuildingsSnapshot_BuiltBuildingsSnapshot_ownedLineCount	1	1541817
BuiltBuildingsSnapshot_BuiltBuildingsSnapshot_readyCount	1	1541652
BuiltBuildingsSnapshot_BuiltBuildingsSnapshot_readyUpgradeableCount	1	1542193
BuiltBuildingsSnapshot_BuiltBuildingsSnapshot_readyUpgradeableLineCount	1	1541994
BuiltBuildingsSnapshot_construct_BuiltBuildingsSnapshot	1	1542517
BuiltBuildingsSnapshot_destroyBuiltBuildingsSnapshot	1	1544246
BuiltBuildingsSnapshot_new_BuiltBuildingsSnapshot	1	1542334
Bv:create895	1	1461765
Bw:create943	1	1480862
By:create999	1	1504495
Bz:create1047	1	1552127
C	1	119062
CA:create1089	1	1574372
CB:create1127	1	1647030
CC	1	1695047
CD	1	2084193
CE	1	2303340
CF	1	2789052
CFBuilding_CFBuilding_addExtraTag	1	625624
CFBuilding_CFBuilding_addOverrideTag	1	626158
CFBuilding_CFBuilding_addTag	1	619444
CFBuilding_CFBuilding_aiTowerStrength	1	623200
CFBuilding_CFBuilding_areaSpell	1	623640
CFBuilding_CFBuilding_cagePressure	1	623947
CFBuilding_CFBuilding_combatPower	1	619766
CFBuilding_CFBuilding_combatPowerFactor	1	620244
CFBuilding_CFBuilding_combatPowerPerCycle	1	620109
CFBuilding_CFBuilding_ehp	1	619610
CFBuilding_CFBuilding_extraTags	1	625421
CFBuilding_CFBuilding_getExtraTags	1	625805
CFBuilding_CFBuilding_getOverrideTags	1	626469
CFBuilding_CFBuilding_getTags	1	625344
CFBuilding_CFBuilding_hasAnyTag	1	624534
CFBuilding_CFBuilding_hasExtraTag	1	624727
CFBuilding_CFBuilding_hasOverrideTag	1	625031
CFBuilding_CFBuilding_hasOverrideTags	1	626348
CFBuilding_CFBuilding_hasTag	1	624245
CFBuilding_CFBuilding_ignoresActiveTargetedSpellShield	1	623455
CFBuilding_CFBuilding_incomeFactor	1	621007
CFBuilding_CFBuilding_isAiShouldIgnore	1	623004
CFBuilding_CFBuilding_isAntiAir	1	622873
CFBuilding_CFBuilding_isArtillery	1	622089
CFBuilding_CFBuilding_isLegendaryLine	1	621945
CFBuilding_CFBuilding_isNAOnly	1	622189
CFBuilding_CFBuilding_isSiege	1	621817
CFBuilding_CFBuilding_isUltimateOnly	1	622283
CFBuilding_CFBuilding_multiTarget	1	620449
CFBuilding_CFBuilding_noPP	1	623114
CFBuilding_CFBuilding_overrideTags	1	625892
CFBuilding_CFBuilding_ownIncomeContribution	1	620550
CFBuilding_CFBuilding_placementStrat	1	623755
CFBuilding_CFBuilding_precursor	1	622491
CFBuilding_CFBuilding_providesActiveTargetedSpellShield	1	623311
CFBuilding_CFBuilding_refreshIncome	1	620683
CFBuilding_CFBuilding_setup	1	617188
CFBuilding_CFBuilding_spellDps	1	620353
CFBuilding_CFBuilding_tags	1	624052
CFBuilding_CFBuilding_tier	1	622389
CFBuilding_CFBuilding_upgrade	1	622668
CFBuilding_bucketFor	1	3508122
CFBuilding_getBuildingById	1	2536107
CFBuilding_getBuildingByUnitId	1	2536186
CFItem_new_CFItem	1	633695
CFRace_CFRace_addBuilding	1	634102
CFRace_CFRace_markCampaignOnly	1	634200
CFRace_CFRace_registerBuildings__w3p_vmProtect	1	637634
CFTag_toString	1	2518025
CG	1	3015798
CH	1	3201633
CI	1	3281032
CJ	1	3469930
CK	1	3574872
CL	1	3734461
CM	1	3817063
CN	1	1709999
CO	1	3939542
CP	1	4435868
CallbackPeriodic_CallbackPeriodic_start	1	970430
CallbackPeriodic_destroyCallbackPeriodic	1	971301
CallbackPeriodic_doPeriodically_AiEngagement_call_doPeriodically_AiEngagement	1	470837
CallbackPeriodic_doPeriodically_CampaignChallenges_call_doPeriodically_CampaignChallenges	1	654377
CallbackPeriodic_doPeriodically_CampaignRuntime_call_doPeriodically_CampaignRuntime	1	656469
CallbackPeriodic_doPeriodically_DraftController_DraftData_call_doPeriodically_DraftController_DraftData	1	1097140
CallbackPeriodic_doPeriodically_DraftController_DraftData_call_doPeriodically_DraftController_DraftData1	1	1100387
CallbackPeriodic_doPeriodically_DraftController_DraftData_call_doPeriodically_DraftController_DraftData2	1	1101088
CallbackPeriodic_doPeriodically_E2E_E2E_call_doPeriodically_E2E_E2E	1	1190012
CallbackPeriodic_doPeriodically_IdleDetectionRuntime_call_doPeriodically_IdleDetectionRuntime	1	1218606
CallbackPeriodic_doPeriodically_MMD_call_doPeriodically_MMD	1	1290932
CallbackPeriodic_doPeriodically_ModeAppliers_call_doPeriodically_ModeAppliers	1	1294379
CallbackPeriodic_doPeriodically_ModeRaceRuntime_call_doPeriodically_ModeRaceRuntime	1	1316790
CallbackPeriodic_doPeriodically_ModeRaceRuntime_call_doPeriodically_ModeRaceRuntime1	1	1317569
CallbackPeriodic_doPeriodically_ModeRaceRuntime_call_doPeriodically_ModeRaceRuntime2	1	1318582
CallbackPeriodic_doPeriodically_MultiboardAttach_call_doPeriodically_MultiboardAttach	1	1324016
CallbackPeriodic_doPeriodically_PSA_call_doPeriodically_PSA	1	1363045
CallbackPeriodic_doPeriodically_RaceDesertAbilities_call_doPeriodically_RaceDesertAbilities	1	1429032
CallbackPeriodic_doPeriodically_RaceNatureAbilities_call_doPeriodically_RaceNatureAbilities	1	1467054
CallbackPeriodic_doPeriodically_RoundEndRuntime_call_doPeriodically_RoundEndRuntime	1	1509747
CallbackPeriodic_doPeriodically_addCommand_Commands_call_doPeriodically_addCommand_Commands	1	975697
CallbackPeriodic_doPeriodically_addCommand_Commands_call_doPeriodically_addCommand_Commands1	1	976868
CallbackPeriodic_doPeriodically_doAfter_AiExecutor_CustomAI_call_doPeriodically_doAfter_AiExecutor_CustomAI	1	1065993
CallbackPeriodic_doPeriodically_doAfter_CfCastlePathing_call_doPeriodically_doAfter_CfCastlePathing	1	957118
CallbackPeriodic_doPeriodically_doAfter_MMDData_call_doPeriodically_doAfter_MMDData	1	1288566
CallbackPeriodic_doPeriodically_doAfter_doAfter_AiFullGameE2E_call_doPeriodically_doAfter_doAfter_AiFullGameE2E	1	472237
CallbackPeriodic_doPeriodically_watch_doAfter_IncomeUI_call_doPeriodically_watch_doAfter_IncomeUI	1	1231717
CallbackPeriodic_perkPeriodic_PerkFeatheredFriend_call_perkPeriodic_PerkFeatheredFriend	1	1392057
CallbackPeriodic_staticCallback	1	2966219
CallbackSingle_CallbackSingle_start	1	971525
CallbackSingle_destroyCallbackSingle	1	972388
CallbackSingle_doAfter_AfkCheck_call_doAfter_AfkCheck	1	458983
CallbackSingle_doAfter_AfkCheck_call_doAfter_AfkCheck1	1	459595
CallbackSingle_doAfter_AiChatIntent_call_doAfter_AiChatIntent	1	466394
CallbackSingle_doAfter_AiExecutor_CustomAI_call_doAfter_AiExecutor_CustomAI	1	1063522
CallbackSingle_doAfter_AiExecutor_CustomAI_call_doAfter_AiExecutor_CustomAI1	1	1065473
CallbackSingle_doAfter_AiFullGameE2E_call_doAfter_AiFullGameE2E	1	471159
CallbackSingle_doAfter_AiFullGameE2E_call_doAfter_AiFullGameE2E1	1	471545
CallbackSingle_doAfter_AiFullGameE2E_call_doAfter_AiFullGameE2E2	1	472531
CallbackSingle_doAfter_Banlist_call_doAfter_Banlist	1	482436
CallbackSingle_doAfter_BuildingCatalogE2E_call_doAfter_BuildingCatalogE2E	1	518936
CallbackSingle_doAfter_BuildingCatalogE2E_call_doAfter_BuildingCatalogE2E1	1	521624
CallbackSingle_doAfter_BuildingCatalogE2E_call_doAfter_BuildingCatalogE2E10	1	534515
CallbackSingle_doAfter_BuildingCatalogE2E_call_doAfter_BuildingCatalogE2E11	1	539429
CallbackSingle_doAfter_BuildingCatalogE2E_call_doAfter_BuildingCatalogE2E12	1	542686
CallbackSingle_doAfter_BuildingCatalogE2E_call_doAfter_BuildingCatalogE2E13	1	546223
CallbackSingle_doAfter_BuildingCatalogE2E_call_doAfter_BuildingCatalogE2E14	1	547817
CallbackSingle_doAfter_BuildingCatalogE2E_call_doAfter_BuildingCatalogE2E15	1	548947
CallbackSingle_doAfter_BuildingCatalogE2E_call_doAfter_BuildingCatalogE2E16	1	550447
CallbackSingle_doAfter_BuildingCatalogE2E_call_doAfter_BuildingCatalogE2E17	1	550821
CallbackSingle_doAfter_BuildingCatalogE2E_call_doAfter_BuildingCatalogE2E18	1	551562
CallbackSingle_doAfter_BuildingCatalogE2E_call_doAfter_BuildingCatalogE2E19	1	555337
CallbackSingle_doAfter_BuildingCatalogE2E_call_doAfter_BuildingCatalogE2E2	1	522061
CallbackSingle_doAfter_BuildingCatalogE2E_call_doAfter_BuildingCatalogE2E20	1	559436
CallbackSingle_doAfter_BuildingCatalogE2E_call_doAfter_BuildingCatalogE2E21	1	559808
CallbackSingle_doAfter_BuildingCatalogE2E_call_doAfter_BuildingCatalogE2E22	1	560867
CallbackSingle_doAfter_BuildingCatalogE2E_call_doAfter_BuildingCatalogE2E23	1	561894
CallbackSingle_doAfter_BuildingCatalogE2E_call_doAfter_BuildingCatalogE2E24	1	562217
CallbackSingle_doAfter_BuildingCatalogE2E_call_doAfter_BuildingCatalogE2E25	1	562488
CallbackSingle_doAfter_BuildingCatalogE2E_call_doAfter_BuildingCatalogE2E26	1	563435
CallbackSingle_doAfter_BuildingCatalogE2E_call_doAfter_BuildingCatalogE2E27	1	564059
CallbackSingle_doAfter_BuildingCatalogE2E_call_doAfter_BuildingCatalogE2E28	1	564979
CallbackSingle_doAfter_BuildingCatalogE2E_call_doAfter_BuildingCatalogE2E29	1	566624
CallbackSingle_doAfter_BuildingCatalogE2E_call_doAfter_BuildingCatalogE2E3	1	524352
CallbackSingle_doAfter_BuildingCatalogE2E_call_doAfter_BuildingCatalogE2E30	1	568303
CallbackSingle_doAfter_BuildingCatalogE2E_call_doAfter_BuildingCatalogE2E31	1	569887
CallbackSingle_doAfter_BuildingCatalogE2E_call_doAfter_BuildingCatalogE2E32	1	571488
CallbackSingle_doAfter_BuildingCatalogE2E_call_doAfter_BuildingCatalogE2E33	1	571797
CallbackSingle_doAfter_BuildingCatalogE2E_call_doAfter_BuildingCatalogE2E34	1	573099
CallbackSingle_doAfter_BuildingCatalogE2E_call_doAfter_BuildingCatalogE2E35	1	573420
CallbackSingle_doAfter_BuildingCatalogE2E_call_doAfter_BuildingCatalogE2E36	1	574249
CallbackSingle_doAfter_BuildingCatalogE2E_call_doAfter_BuildingCatalogE2E37	1	574898
CallbackSingle_doAfter_BuildingCatalogE2E_call_doAfter_BuildingCatalogE2E38	1	576191
CallbackSingle_doAfter_BuildingCatalogE2E_call_doAfter_BuildingCatalogE2E39	1	576499
CallbackSingle_doAfter_BuildingCatalogE2E_call_doAfter_BuildingCatalogE2E4	1	525861
CallbackSingle_doAfter_BuildingCatalogE2E_call_doAfter_BuildingCatalogE2E40	1	576761
CallbackSingle_doAfter_BuildingCatalogE2E_call_doAfter_BuildingCatalogE2E41	1	576996
CallbackSingle_doAfter_BuildingCatalogE2E_call_doAfter_BuildingCatalogE2E42	1	577718
CallbackSingle_doAfter_BuildingCatalogE2E_call_doAfter_BuildingCatalogE2E43	1	578051
CallbackSingle_doAfter_BuildingCatalogE2E_call_doAfter_BuildingCatalogE2E44	1	578842
CallbackSingle_doAfter_BuildingCatalogE2E_call_doAfter_BuildingCatalogE2E45	1	579140
CallbackSingle_doAfter_BuildingCatalogE2E_call_doAfter_BuildingCatalogE2E46	1	579411
CallbackSingle_doAfter_BuildingCatalogE2E_call_doAfter_BuildingCatalogE2E5	1	526687
CallbackSingle_doAfter_BuildingCatalogE2E_call_doAfter_BuildingCatalogE2E6	1	528248
CallbackSingle_doAfter_BuildingCatalogE2E_call_doAfter_BuildingCatalogE2E7	1	529680
CallbackSingle_doAfter_BuildingCatalogE2E_call_doAfter_BuildingCatalogE2E8	1	531434
CallbackSingle_doAfter_BuildingCatalogE2E_call_doAfter_BuildingCatalogE2E9	1	533176
CallbackSingle_doAfter_CameraMovementDetection_call_doAfter_CameraMovementDetection	1	637830
CallbackSingle_doAfter_CampaignAntiCheat_call_doAfter_CampaignAntiCheat	1	639583
CallbackSingle_doAfter_CampaignRuntime_call_doAfter_CampaignRuntime	1	656167
CallbackSingle_doAfter_CampaignSmokeTest_call_doAfter_CampaignSmokeTest	1	690250
CallbackSingle_doAfter_CampaignSmokeTest_call_doAfter_CampaignSmokeTest1	1	695444
CallbackSingle_doAfter_CampaignSmokeTest_call_doAfter_CampaignSmokeTest2	1	696841
CallbackSingle_doAfter_CampaignSmokeTest_call_doAfter_CampaignSmokeTest3	1	700836
CallbackSingle_doAfter_CampaignSuppliesRuntime_call_doAfter_CampaignSuppliesRuntime	1	706582
CallbackSingle_doAfter_CampaignSurvivalUI_call_doAfter_CampaignSurvivalUI	1	708367
CallbackSingle_doAfter_CampaignUiE2E_call_doAfter_CampaignUiE2E	1	946467
CallbackSingle_doAfter_CampaignUiE2E_call_doAfter_CampaignUiE2E1	1	947046
CallbackSingle_doAfter_CampaignUiE2E_call_doAfter_CampaignUiE2E2	1	950458
CallbackSingle_doAfter_Campaign_call_doAfter_Campaign	1	953207
CallbackSingle_doAfter_CfCastlePathing_call_doAfter_CfCastlePathing	1	956314
CallbackSingle_doAfter_CfCastlePathing_call_doAfter_CfCastlePathing1	1	956718
CallbackSingle_doAfter_CheckForCpuSlots_call_doAfter_CheckForCpuSlots	1	957648
CallbackSingle_doAfter_Commands_call_doAfter_Commands	1	972606
CallbackSingle_doAfter_Commands_call_doAfter_Commands1	1	972819
CallbackSingle_doAfter_Commands_call_doAfter_Commands2	1	973033
CallbackSingle_doAfter_Commands_call_doAfter_Commands3	1	973674
CallbackSingle_doAfter_CustomAI_call_doAfter_CustomAI	1	1006913
CallbackSingle_doAfter_CustomAI_call_doAfter_CustomAI1	1	1007582
CallbackSingle_doAfter_DamageRuntime_call_doAfter_DamageRuntime	1	1069812
CallbackSingle_doAfter_DamageRuntime_call_doAfter_DamageRuntime1	1	1070050
CallbackSingle_doAfter_DraftOrchestrator_call_doAfter_DraftOrchestrator	1	1111570
CallbackSingle_doAfter_DummyCaster_DummyCaster_call_doAfter_DummyCaster_DummyCaster	1	1189210
CallbackSingle_doAfter_E2E_E2E_call_doAfter_E2E_E2E	1	1189818
CallbackSingle_doAfter_FireElemental_call_doAfter_FireElemental	1	1196379
CallbackSingle_doAfter_FixDefend_call_doAfter_FixDefend	1	1197610
CallbackSingle_doAfter_GameBasics_call_doAfter_GameBasics	1	1198856
CallbackSingle_doAfter_GobboController_call_doAfter_GobboController	1	1202840
CallbackSingle_doAfter_Grid_call_doAfter_Grid	1	1205197
CallbackSingle_doAfter_IncomeUI_call_doAfter_IncomeUI	1	1220961
CallbackSingle_doAfter_MMDData_call_doAfter_MMDData	1	1285117
CallbackSingle_doAfter_MMDData_call_doAfter_MMDData1	1	1285419
CallbackSingle_doAfter_MMDData_call_doAfter_MMDData2	1	1285697
CallbackSingle_doAfter_MMDData_call_doAfter_MMDData3	1	1287769
CallbackSingle_doAfter_MapWatermark_call_doAfter_MapWatermark	1	1293245
CallbackSingle_doAfter_MapWatermark_call_doAfter_MapWatermark1	1	1293503
CallbackSingle_doAfter_MasterOfElements_call_doAfter_MasterOfElements	1	1293827
CallbackSingle_doAfter_ModeParser_ModeParser_call_doAfter_ModeParser_ModeParser	1	1312169
CallbackSingle_doAfter_ModeRaceRuntime_call_doAfter_ModeRaceRuntime	1	1318929
CallbackSingle_doAfter_ModeRaceRuntime_call_doAfter_ModeRaceRuntime1	1	1319204
CallbackSingle_doAfter_ModeRaceRuntime_call_doAfter_ModeRaceRuntime2	1	1319417
CallbackSingle_doAfter_ModeRaceRuntime_call_doAfter_ModeRaceRuntime3	1	1319633
CallbackSingle_doAfter_ModeRaceRuntime_call_doAfter_ModeRaceRuntime4	1	1319849
CallbackSingle_doAfter_ModeRuntimeE2E_call_doAfter_ModeRuntimeE2E	1	1320376
CallbackSingle_doAfter_ModeRuntimeE2E_call_doAfter_ModeRuntimeE2E1	1	1320597
CallbackSingle_doAfter_ModeRuntimeE2E_call_doAfter_ModeRuntimeE2E2	1	1320819
CallbackSingle_doAfter_ModeRuntimeE2E_call_doAfter_ModeRuntimeE2E3	1	1321104
CallbackSingle_doAfter_MonkHeal_call_doAfter_MonkHeal	1	1322580
CallbackSingle_doAfter_MonkHeal_call_doAfter_MonkHeal1	1	1322848
CallbackSingle_doAfter_ObeliskOfLight_call_doAfter_ObeliskOfLight	1	1353388
CallbackSingle_doAfter_ObjectDataIntegrity_call_doAfter_ObjectDataIntegrity	1	1356812
CallbackSingle_doAfter_OnUnitDeathHandler_call_doAfter_OnUnitDeathHandler	1	1357130
CallbackSingle_doAfter_OrderRects_call_doAfter_OrderRects	1	1360328
CallbackSingle_doAfter_PSA_call_doAfter_PSA	1	1362772
CallbackSingle_doAfter_PerkQuest_call_doAfter_PerkQuest	1	1400868
CallbackSingle_doAfter_PlayerNamesRuntime_call_doAfter_PlayerNamesRuntime	1	1415698
CallbackSingle_doAfter_Preview_call_doAfter_Preview	1	1418046
CallbackSingle_doAfter_QuickBuild_BuilderAIStates_call_doAfter_QuickBuild_BuilderAIStates	1	513615
CallbackSingle_doAfter_RaceChaosAbilities_call_doAfter_RaceChaosAbilities	1	1420384
CallbackSingle_doAfter_RaceChaosAbilities_call_doAfter_RaceChaosAbilities1	1	1420639
CallbackSingle_doAfter_RaceDesertAbilities_call_doAfter_RaceDesertAbilities	1	1428694
CallbackSingle_doAfter_RaceDesertAbilities_call_doAfter_RaceDesertAbilities1	1	1429393
CallbackSingle_doAfter_RaceDesertAbilities_call_doAfter_RaceDesertAbilities2	1	1429987
CallbackSingle_doAfter_RaceDesertAbilities_call_doAfter_RaceDesertAbilities3	1	1433643
CallbackSingle_doAfter_RaceElvenAbilities_call_doAfter_RaceElvenAbilities	1	1446118
CallbackSingle_doAfter_RaceHumanAbilities_call_doAfter_RaceHumanAbilities	1	1448770
CallbackSingle_doAfter_RaceHumanAbilities_call_doAfter_RaceHumanAbilities1	1	1449006
CallbackSingle_doAfter_RaceHumanAbilities_call_doAfter_RaceHumanAbilities2	1	1450318
CallbackSingle_doAfter_RaceHumanAbilities_call_doAfter_RaceHumanAbilities3	1	1451634
CallbackSingle_doAfter_RaceMechAbilities_call_doAfter_RaceMechAbilities	1	1455774
CallbackSingle_doAfter_RaceMechAbilities_call_doAfter_RaceMechAbilities1	1	1456056
CallbackSingle_doAfter_RaceMechAbilities_call_doAfter_RaceMechAbilities2	1	1456345
CallbackSingle_doAfter_RaceMechAbilities_call_doAfter_RaceMechAbilities3	1	1458059
CallbackSingle_doAfter_RaceNagaAbilities_call_doAfter_RaceNagaAbilities	1	1464951
CallbackSingle_doAfter_RaceNatureAbilities_call_doAfter_RaceNatureAbilities	1	1467857
CallbackSingle_doAfter_RaceNatureAbilities_call_doAfter_RaceNatureAbilities1	1	1468095
CallbackSingle_doAfter_RaceNatureAbilities_call_doAfter_RaceNatureAbilities2	1	1468334
CallbackSingle_doAfter_RaceNatureAbilities_call_doAfter_RaceNatureAbilities3	1	1468573
CallbackSingle_doAfter_RaceNatureAbilities_call_doAfter_RaceNatureAbilities4	1	1469252
CallbackSingle_doAfter_RaceNatureAbilities_call_doAfter_RaceNatureAbilities5	1	1470737
CallbackSingle_doAfter_RaceNatureAbilities_call_doAfter_RaceNatureAbilities6	1	1471367
CallbackSingle_doAfter_RaceNelfAbilities_call_doAfter_RaceNelfAbilities	1	1478352
CallbackSingle_doAfter_RaceNelfAbilities_call_doAfter_RaceNelfAbilities1	1	1479366
CallbackSingle_doAfter_RaceNorthernAbilities_call_doAfter_RaceNorthernAbilities	1	1486198
CallbackSingle_doAfter_RaceNorthernAbilities_call_doAfter_RaceNorthernAbilities1	1	1486938
CallbackSingle_doAfter_RaceOrcAbilities_call_doAfter_RaceOrcAbilities	1	1491416
CallbackSingle_doAfter_RaceOrcAbilities_call_doAfter_RaceOrcAbilities1	1	1491696
CallbackSingle_doAfter_RaceOrcAbilities_call_doAfter_RaceOrcAbilities2	1	1491977
CallbackSingle_doAfter_RaceOrcAbilities_call_doAfter_RaceOrcAbilities3	1	1492258
CallbackSingle_doAfter_RaceUndeadAbilities_call_doAfter_RaceUndeadAbilities	1	1496166
CallbackSingle_doAfter_ReengageRuntime_call_doAfter_ReengageRuntime	1	1503816
CallbackSingle_doAfter_ReengageRuntime_call_doAfter_ReengageRuntime1	1	1504845
CallbackSingle_doAfter_RescueStrikeRuntime_call_doAfter_RescueStrikeRuntime	1	1505903
CallbackSingle_doAfter_RescueStrikeRuntime_call_doAfter_RescueStrikeRuntime1	1	1506218
CallbackSingle_doAfter_RescueStrikeTarget_BuilderAIStates_call_doAfter_RescueStrikeTarget_BuilderAIStates	1	514653
CallbackSingle_doAfter_RoundEndRuntime_call_doAfter_RoundEndRuntime	1	1510258
CallbackSingle_doAfter_RoundStatsBoard_call_doAfter_RoundStatsBoard	1	1515965
CallbackSingle_doAfter_RuntimeLedger_call_doAfter_RuntimeLedger	1	1540400
CallbackSingle_doAfter_SoundDefinition_SoundUtils_call_doAfter_SoundDefinition_SoundUtils	1	1561598
CallbackSingle_doAfter_SpamPrevention_call_doAfter_SpamPrevention	1	1562508
CallbackSingle_doAfter_SpecialAttackRuntime_call_doAfter_SpecialAttackRuntime	1	1564030
CallbackSingle_doAfter_SpellHelpers_call_doAfter_SpellHelpers	1	1565273
CallbackSingle_doAfter_SpellHelpers_call_doAfter_SpellHelpers1	1	1565510
CallbackSingle_doAfter_SpellHelpers_call_doAfter_SpellHelpers2	1	1565760
CallbackSingle_doAfter_SpellHelpers_call_doAfter_SpellHelpers3	1	1566012
CallbackSingle_doAfter_SpellHelpers_call_doAfter_SpellHelpers4	1	1566252
CallbackSingle_doAfter_SpellHelpers_call_doAfter_SpellHelpers5	1	1566506
CallbackSingle_doAfter_SpellHelpers_call_doAfter_SpellHelpers6	1	1566760
CallbackSingle_doAfter_SpellHelpers_call_doAfter_SpellHelpers7	1	1567014
CallbackSingle_doAfter_StasisTrap_call_doAfter_StasisTrap	1	1567258
CallbackSingle_doAfter_SyncSystem_call_doAfter_SyncSystem	1	1572940
CallbackSingle_doAfter_SyncSystem_call_doAfter_SyncSystem1	1	1574474
CallbackSingle_doAfter_SyncSystem_call_doAfter_SyncSystem2	1	1574697
CallbackSingle_doAfter_SyncSystem_call_doAfter_SyncSystem3	1	1575884
CallbackSingle_doAfter_TaskQueue_TaskQueue_call_doAfter_TaskQueue_TaskQueue	1	1636806
CallbackSingle_doAfter_TaskQueue_TaskQueue_call_doAfter_TaskQueue_TaskQueue1	1	1637058
CallbackSingle_doAfter_TeamVote_Commands_call_doAfter_TeamVote_Commands	1	994846
CallbackSingle_doAfter_ThunderpawSpire_call_doAfter_ThunderpawSpire	1	1641314
CallbackSingle_doAfter_TowerRange_call_doAfter_TowerRange	1	1649458
CallbackSingle_doAfter_UnitEnterRuntime_call_doAfter_UnitEnterRuntime	1	1652908
CallbackSingle_doAfter_UnitEnterRuntime_call_doAfter_UnitEnterRuntime1	1	1653529
CallbackSingle_doAfter_UnitTrainingRuntime_call_doAfter_UnitTrainingRuntime	1	1661152
CallbackSingle_doAfter_UnitTrainingRuntime_call_doAfter_UnitTrainingRuntime1	1	1661433
CallbackSingle_doAfter_UnitTrainingRuntime_call_doAfter_UnitTrainingRuntime2	1	1661713
CallbackSingle_doAfter_W3Champions_call_doAfter_W3Champions	1	1663784
CallbackSingle_doAfter_W3Champions_call_doAfter_W3Champions1	1	1665153
CallbackSingle_doAfter_Whirlwind_call_doAfter_Whirlwind	1	1665852
CallbackSingle_doAfter_addAction_IncomeRuntime_call_doAfter_addAction_IncomeRuntime	1	1219956
CallbackSingle_doAfter_addAction_IncomeRuntime_call_doAfter_addAction_IncomeRuntime1	1	1220222
CallbackSingle_doAfter_addListener_doAfter_ThunderpawSpire_call_doAfter_addListener_doAfter_ThunderpawSpire	1	1647137
CallbackSingle_doAfter_addListener_doAfter_ThunderpawSpire_call_doAfter_addListener_doAfter_ThunderpawSpire1	1	1648102
CallbackSingle_doAfter_addListener_doAfter_ThunderpawSpire_call_doAfter_addListener_doAfter_ThunderpawSpire2	1	1648386
CallbackSingle_doAfter_add_FireElemental_call_doAfter_add_FireElemental	1	1197325
CallbackSingle_doAfter_add_doAfter_FixDefend_call_doAfter_add_doAfter_FixDefend	1	1198369
CallbackSingle_doAfter_add_doAfter_MMDData_call_doAfter_add_doAfter_MMDData	1	1290700
CallbackSingle_doAfter_doAfter_AiFullGameE2E_call_doAfter_doAfter_AiFullGameE2E	1	471879
CallbackSingle_doAfter_doAfter_BuildingCatalogE2E_call_doAfter_doAfter_BuildingCatalogE2E	1	525125
CallbackSingle_doAfter_doAfter_BuildingCatalogE2E_call_doAfter_doAfter_BuildingCatalogE2E1	1	534192
CallbackSingle_doAfter_doAfter_BuildingCatalogE2E_call_doAfter_doAfter_BuildingCatalogE2E2	1	535251
CallbackSingle_doAfter_doAfter_BuildingCatalogE2E_call_doAfter_doAfter_BuildingCatalogE2E3	1	540014
CallbackSingle_doAfter_doAfter_BuildingCatalogE2E_call_doAfter_doAfter_BuildingCatalogE2E4	1	543312
CallbackSingle_doAfter_doAfter_BuildingCatalogE2E_call_doAfter_doAfter_BuildingCatalogE2E5	1	551200
CallbackSingle_doAfter_doAfter_BuildingCatalogE2E_call_doAfter_doAfter_BuildingCatalogE2E6	1	570872
CallbackSingle_doAfter_doAfter_BuildingCatalogE2E_call_doAfter_doAfter_BuildingCatalogE2E7	1	577448
CallbackSingle_doAfter_doAfter_CampaignSmokeTest_call_doAfter_doAfter_CampaignSmokeTest	1	690997
CallbackSingle_doAfter_doAfter_CampaignSmokeTest_call_doAfter_doAfter_CampaignSmokeTest1	1	696042
CallbackSingle_doAfter_doAfter_CampaignSmokeTest_call_doAfter_doAfter_CampaignSmokeTest2	1	697457
CallbackSingle_doAfter_doAfter_CampaignSmokeTest_call_doAfter_doAfter_CampaignSmokeTest3	1	701427
CallbackSingle_doAfter_doAfter_CampaignUiE2E_call_doAfter_doAfter_CampaignUiE2E	1	946795
CallbackSingle_doAfter_doAfter_CampaignUiE2E_call_doAfter_doAfter_CampaignUiE2E1	1	947845
CallbackSingle_doAfter_doAfter_MMDData_call_doAfter_doAfter_MMDData	1	1287522
CallbackSingle_doAfter_doAfter_ModeRuntimeE2E_call_doAfter_doAfter_ModeRuntimeE2E	1	1321642
CallbackSingle_doAfter_doAfter_RaceDesertAbilities_call_doAfter_doAfter_RaceDesertAbilities	1	1429722
CallbackSingle_doAfter_doAfter_RaceHumanAbilities_call_doAfter_doAfter_RaceHumanAbilities	1	1450066
CallbackSingle_doAfter_doAfter_RaceHumanAbilities_call_doAfter_doAfter_RaceHumanAbilities1	1	1450634
CallbackSingle_doAfter_doAfter_RaceHumanAbilities_call_doAfter_doAfter_RaceHumanAbilities2	1	1451997
CallbackSingle_doAfter_doAfter_RaceNagaAbilities_call_doAfter_doAfter_RaceNagaAbilities	1	1465318
CallbackSingle_doAfter_doAfter_RaceNatureAbilities_call_doAfter_doAfter_RaceNatureAbilities	1	1468945
CallbackSingle_doAfter_doAfter_RaceNatureAbilities_call_doAfter_doAfter_RaceNatureAbilities1	1	1470204
CallbackSingle_doAfter_doAfter_RaceNatureAbilities_call_doAfter_doAfter_RaceNatureAbilities2	1	1471065
CallbackSingle_doAfter_doAfter_RaceNorthernAbilities_call_doAfter_doAfter_RaceNorthernAbilities	1	1487791
CallbackSingle_doAfter_doAfter_RaceOrcAbilities_call_doAfter_doAfter_RaceOrcAbilities	1	1492613
CallbackSingle_doAfter_doAfter_ReengageRuntime_call_doAfter_doAfter_ReengageRuntime	1	1504206
CallbackSingle_doAfter_doAfter_ReengageRuntime_call_doAfter_doAfter_ReengageRuntime1	1	1505218
CallbackSingle_doAfter_doAfter_UnitEnterRuntime_call_doAfter_doAfter_UnitEnterRuntime	1	1653252
CallbackSingle_doAfter_doAfter_W3Champions_call_doAfter_doAfter_W3Champions	1	1664705
CallbackSingle_doAfter_doAfter_W3Champions_call_doAfter_doAfter_W3Champions1	1	1664940
CallbackSingle_doAfter_doAfter_addListener_doAfter_ThunderpawSpire_call_doAfter_doAfter_addListener_doAfter_ThunderpawSpire	1	1649066
CallbackSingle_doAfter_doAfter_doAfter_BuildingCatalogE2E_call_doAfter_doAfter_doAfter_BuildingCatalogE2E	1	536776
CallbackSingle_doAfter_doAfter_doAfter_BuildingCatalogE2E_call_doAfter_doAfter_doAfter_BuildingCatalogE2E1	1	541023
CallbackSingle_doAfter_doAfter_doAfter_BuildingCatalogE2E_call_doAfter_doAfter_doAfter_BuildingCatalogE2E2	1	544391
CallbackSingle_doAfter_doAfter_doAfter_CampaignSmokeTest_call_doAfter_doAfter_doAfter_CampaignSmokeTest	1	692081
CallbackSingle_doAfter_doAfter_doAfter_CampaignSmokeTest_call_doAfter_doAfter_doAfter_CampaignSmokeTest1	1	696476
CallbackSingle_doAfter_doAfter_doAfter_CampaignSmokeTest_call_doAfter_doAfter_doAfter_CampaignSmokeTest2	1	698270
CallbackSingle_doAfter_doAfter_doAfter_CampaignSmokeTest_call_doAfter_doAfter_doAfter_CampaignSmokeTest3	1	701851
CallbackSingle_doAfter_doAfter_doAfter_CampaignUiE2E_call_doAfter_doAfter_doAfter_CampaignUiE2E	1	948322
CallbackSingle_doAfter_doAfter_doAfter_RaceHumanAbilities_call_doAfter_doAfter_doAfter_RaceHumanAbilities	1	1451036
CallbackSingle_doAfter_doAfter_doAfter_RaceHumanAbilities_call_doAfter_doAfter_doAfter_RaceHumanAbilities1	1	1452983
CallbackSingle_doAfter_doAfter_doAfter_RaceNorthernAbilities_call_doAfter_doAfter_doAfter_RaceNorthernAbilities	1	1488132
CallbackSingle_doAfter_doAfter_doAfter_ReengageRuntime_call_doAfter_doAfter_doAfter_ReengageRuntime	1	1504592
CallbackSingle_doAfter_doAfter_doAfter_doAfter_BuildingCatalogE2E_call_doAfter_doAfter_doAfter_doAfter_BuildingCatalogE2E	1	537433
CallbackSingle_doAfter_doAfter_doAfter_doAfter_BuildingCatalogE2E_call_doAfter_doAfter_doAfter_doAfter_BuildingCatalogE2E1	1	544973
CallbackSingle_doAfter_doAfter_doAfter_doAfter_CampaignSmokeTest_call_doAfter_doAfter_doAfter_doAfter_CampaignSmokeTest	1	692931
CallbackSingle_doAfter_doAfter_doAfter_doAfter_CampaignSmokeTest_call_doAfter_doAfter_doAfter_doAfter_CampaignSmokeTest1	1	699145
CallbackSingle_doAfter_doAfter_doAfter_doAfter_CampaignUiE2E_call_doAfter_doAfter_doAfter_doAfter_CampaignUiE2E	1	948899
CallbackSingle_doAfter_doAfter_doAfter_doAfter_doAfter_CampaignSmokeTest_call_doAfter_doAfter_doAfter_doAfter_doAfter_CampaignSmokeTest	1	693674
CallbackSingle_doAfter_doAfter_doAfter_doAfter_doAfter_CampaignSmokeTest_call_doAfter_doAfter_doAfter_doAfter_doAfter_CampaignSmokeTest1	1	699815
CallbackSingle_doAfter_doAfter_doAfter_doAfter_doAfter_CampaignUiE2E_call_doAfter_doAfter_doAfter_doAfter_doAfter_CampaignUiE2E	1	949491
CallbackSingle_doAfter_doAfter_doAfter_doAfter_doAfter_doAfter_CampaignSmokeTest_call_doAfter_doAfter_doAfter_doAfter_doAfter_doAfter_CampaignSmokeTest	1	694960
CallbackSingle_doAfter_doAfter_doAfter_doAfter_doAfter_doAfter_CampaignSmokeTest_call_doAfter_doAfter_doAfter_doAfter_doAfter_doAfter_CampaignSmokeTest1	1	700423
CallbackSingle_doAfter_doAfter_doAfter_doAfter_doAfter_doAfter_CampaignUiE2E_call_doAfter_doAfter_doAfter_doAfter_doAfter_doAfter_CampaignUiE2E	1	949963
CallbackSingle_doAfter_onUnitIndex_GobboController_call_doAfter_onUnitIndex_GobboController	1	1203145
CallbackSingle_doAfter_onUnitIndex_GobboTimedLife_call_doAfter_onUnitIndex_GobboTimedLife	1	1204953
CallbackSingle_doAfter_registerMode_ModeParser_ModeParser_call_doAfter_registerMode_ModeParser_ModeParser	1	1311137
CallbackSingle_doAfter_registerMode_ModeParser_ModeParser_call_doAfter_registerMode_ModeParser_ModeParser1	1	1311883
CallbackSingle_doAfter_register_CastleFightE2E_call_doAfter_register_CastleFightE2E	1	955362
CallbackSingle_nullTimer_AiUnitStats_call_nullTimer_AiUnitStats	1	474363
CallbackSingle_nullTimer_ClosureEvents_call_nullTimer_ClosureEvents	1	962520
CallbackSingle_nullTimer_MMD_call_nullTimer_MMD	1	1291126
CallbackSingle_nullTimer_OnUnitEnterLeave_call_nullTimer_OnUnitEnterLeave	1	1357944
CallbackSingle_nullTimer_Preloader_call_nullTimer_Preloader	1	1417690
CallbackSingle_nullTimer_SnowveilFountain_call_nullTimer_SnowveilFountain	1	1554285
CallbackSingle_nullTimer_SoundDefinition_SoundUtils_call_nullTimer_SoundDefinition_SoundUtils	1	1561002
CallbackSingle_nullTimer_SoundDefinition_SoundUtils_call_nullTimer_SoundDefinition_SoundUtils1	1	1561297
CallbackSingle_nullTimer_SyncSystem_call_nullTimer_SyncSystem	1	1573943
CallbackSingle_nullTimer_SyncSystem_call_nullTimer_SyncSystem1	1	1574231
CallbackSingle_nullTimer_TeamCompositionStats_call_nullTimer_TeamCompositionStats	1	1637321
CallbackSingle_nullTimer_TeamCompositionStats_call_nullTimer_TeamCompositionStats1	1	1637618
CallbackSingle_nullTimer_TeamCompositionStats_call_nullTimer_TeamCompositionStats2	1	1637926
CallbackSingle_nullTimer_TeamCompositionStats_call_nullTimer_TeamCompositionStats3	1	1638237
CallbackSingle_nullTimer_TeamCompositionStats_call_nullTimer_TeamCompositionStats4	1	1638530
CallbackSingle_nullTimer_nullTimer_onUnitIndex_PerkBuildingEnchantment_call_nullTimer_nullTimer_onUnitIndex_PerkBuildingEnchantment	1	1377003
CallbackSingle_nullTimer_nullTimer_onUnitIndex_PerkUtils_call_nullTimer_nullTimer_onUnitIndex_PerkUtils	1	1407440
CallbackSingle_nullTimer_onUnitIndex_PerkBuildingEnchantment_call_nullTimer_onUnitIndex_PerkBuildingEnchantment	1	1376685
CallbackSingle_nullTimer_onUnitIndex_PerkUtils_call_nullTimer_onUnitIndex_PerkUtils	1	1406697
CampaignBot_CampaignBot_builder	1	640761
CampaignBot_CampaignBot_coop	1	640949
CampaignBot_CampaignBot_cost	1	641431
CampaignBot_CampaignBot_description	1	640565
CampaignBot_CampaignBot_displayName	1	640472
CampaignBot_CampaignBot_getBuildingPreference	1	641523
CampaignBot_CampaignBot_icon	1	640671
CampaignBot_CampaignBot_preferBuilding	1	641229
CampaignBot_CampaignBot_skill	1	640855
CampaignBot_CampaignBot_speed	1	641041
CampaignBot_CampaignBot_style	1	641135
CampaignBot_new_CampaignBot	1	641967
CampaignBuildingPreference_new_CampaignBuildingPreference	1	642627
CampaignCardController_CampaignCardController_denyNonHost	1	740294
CampaignCardController_CampaignCardController_getSupplyAssignmentText	1	740617
CampaignCardController_CampaignCardController_hasSelectedBot	1	740450
CampaignCardController_CampaignCardController_hasSelectedSupply	1	740532
CampaignCardController_CampaignCardController_onAvailableBotClicked	1	740708
CampaignCardController_CampaignCardController_onSupplyClicked	1	740881
CampaignCardController_CampaignCardController_onTeamBotClicked	1	740797
CampaignCardController_CampaignCardController_openRacePicker	1	740964
CampaignCardController_CampaignCardController_selectChapter	1	741046
CampaignCardController_CampaignCardController_selectMission	1	740369
CampaignChapter_CampaignChapter_environment	1	643455
CampaignChapter_CampaignChapter_isComplete	1	643720
CampaignChapter_CampaignChapter_unlocksRace	1	643572
CampaignChapter_new_CampaignChapter	1	643939
CampaignMissionControls_CampaignMissionControls_confirmQuit	1	779031
CampaignMissionControls_CampaignMissionControls_createFrames	1	775500
CampaignMissionControls_CampaignMissionControls_createQuitConfirmDialog	1	778372
CampaignMissionControls_CampaignMissionControls_hide	1	779749
CampaignMissionControls_CampaignMissionControls_hideConfirm	1	778829
CampaignMissionControls_CampaignMissionControls_setMission	1	779498
CampaignMissionControls_CampaignMissionControls_show	1	779234
CampaignMissionControls_CampaignMissionControls_showConfirm	1	778060
CampaignMissionControls_construct_CampaignMissionControls	1	780417
CampaignMissionControls_new_CampaignMissionControls	1	780239
CampaignMissionInfoOverlay_CampaignMissionInfoOverlay_createFrames	1	786302
CampaignMissionInfoOverlay_CampaignMissionInfoOverlay_hide	1	800890
CampaignMissionInfoOverlay_CampaignMissionInfoOverlay_hideFor	1	796080
CampaignMissionInfoOverlay_CampaignMissionInfoOverlay_setEnemy	1	796629
CampaignMissionInfoOverlay_CampaignMissionInfoOverlay_setMission	1	797040
CampaignMissionInfoOverlay_CampaignMissionInfoOverlay_show	1	799759
CampaignMissionInfoOverlay_CampaignMissionInfoOverlay_showFor	1	800344
CampaignMissionInfoOverlay_CampaignMissionInfoOverlay_toggle	1	801478
CampaignMissionInfoOverlay_new_CampaignMissionInfoOverlay	1	801738
CampaignMissionRecordRow_CampaignMissionRecordRow_build	1	805545
CampaignMissionRecordRow_CampaignMissionRecordRow_setSupplyIcon	1	809783
CampaignMissionRecordRow_CampaignMissionRecordRow_setTeamIcon	1	809090
CampaignMissionRecordRow_CampaignMissionRecordRow_showSupplyContainer	1	811014
CampaignMissionRecordRow_CampaignMissionRecordRow_showTeamContainer	1	810488
CampaignMissionRecordRow_CampaignMissionRecordRow_update	1	811548
CampaignMissionRecordRow_new_CampaignMissionRecordRow	1	815458
CampaignMission_CampaignMission_enemyAdvantage	1	646841
CampaignMission_CampaignMission_enemyOpening	1	647190
CampaignMission_CampaignMission_enemyRescueStrikes	1	647053
CampaignMission_CampaignMission_getRecordBestTimeSeconds	1	647681
CampaignMission_CampaignMission_getRecordRaceIds	1	648181
CampaignMission_CampaignMission_getRecordRecruitIds	1	648418
CampaignMission_CampaignMission_getRecordStarBudget	1	647932
CampaignMission_CampaignMission_getRecordSupplyIds	1	648667
CampaignMission_CampaignMission_getRecordSupplyPartySlots	1	648912
CampaignMission_CampaignMission_masteries	1	646694
CampaignMission_CampaignMission_survival	1	647360
CampaignMission_CampaignMission_teamResources	1	647521
CampaignMission_new_CampaignMission	1	649185
CampaignRaceOption_new_CampaignRaceOption	1	651195
CampaignSaveData_CampaignSaveData_addMissionList	1	660309
CampaignSaveData_CampaignSaveData_applyToCampaignMissions__w3p_vmProtect	1	673490
CampaignSaveData_CampaignSaveData_completeMission__w3p_vmProtect	1	668533
CampaignSaveData_CampaignSaveData_completeMission__w3p_vmProtect1	1	668656
CampaignSaveData_CampaignSaveData_computeSaveSignature	1	666498
CampaignSaveData_CampaignSaveData_deserializeFromCampaignSave	1	676306
CampaignSaveData_CampaignSaveData_deserializeProperties	1	659568
CampaignSaveData_CampaignSaveData_getMissionProgress	1	662332
CampaignSaveData_CampaignSaveData_getMissionStarMask	1	662775
CampaignSaveData_CampaignSaveData_getOrCreateMissionProgress	1	661671
CampaignSaveData_CampaignSaveData_hasValidSaveSignature	1	666648
CampaignSaveData_CampaignSaveData_loadMissionList	1	660931
CampaignSaveData_CampaignSaveData_reconcilePointsFromMissionProgress	1	663245
CampaignSaveData_CampaignSaveData_resetForVersionUpgrade__w3p_vmProtect	1	673384
CampaignSaveData_CampaignSaveData_serializeForCampaignSave	1	676079
CampaignSaveData_CampaignSaveData_serializeProperties	1	658929
CampaignSaveData_CampaignSaveData_signaturePayload	1	663726
CampaignSaveData_new_CampaignSaveData	1	676709
CampaignSmokeFixture_CampaignSmokeFixture_addRaceId	1	704716
CampaignSmokeFixture_CampaignSmokeFixture_addSelectedBot	1	704570
CampaignSmokeFixture_CampaignSmokeFixture_onDestroy	1	705778
CampaignSmokeFixture_construct_CampaignSmokeFixture	1	705024
CampaignSmokeFixture_destroyCampaignSmokeFixture	1	706253
CampaignSmokeFixture_new_CampaignSmokeFixture	1	704858
CampaignStarChallenge_CampaignStarChallenge_banRace	1	652224
CampaignStarChallenge_CampaignStarChallenge_castleNeverBelow	1	652078
CampaignStarChallenge_CampaignStarChallenge_fastWin	1	651817
CampaignStarChallenge_CampaignStarChallenge_restriction	1	651946
CampaignStarChallenge_new_CampaignStarChallenge	1	652477
CampaignSupply_CampaignSupply_isPerkSupply	1	653443
CampaignSupply_CampaignSupply_isPlayerAssignedSupply	1	653594
CampaignSupply_new_CampaignSupply	1	653756
CampaignTeamDraftModel_CampaignTeamDraftModel_addBot	1	715843
CampaignTeamDraftModel_CampaignTeamDraftModel_arePartyPlayerRacesAssigned	1	719848
CampaignTeamDraftModel_CampaignTeamDraftModel_areSelectedAiRacesAssigned	1	719372
CampaignTeamDraftModel_CampaignTeamDraftModel_canAddBot	1	714321
CampaignTeamDraftModel_CampaignTeamDraftModel_canAddSupply	1	715055
CampaignTeamDraftModel_CampaignTeamDraftModel_current	1	708989
CampaignTeamDraftModel_CampaignTeamDraftModel_findFirstAvailablePlayerAssignedSlot	1	712644
CampaignTeamDraftModel_CampaignTeamDraftModel_getCheapestUnselectedBotCost	1	713818
CampaignTeamDraftModel_CampaignTeamDraftModel_getSelectedBot	1	709775
CampaignTeamDraftModel_CampaignTeamDraftModel_getSelectedSupplyPartySlot	1	711165
CampaignTeamDraftModel_CampaignTeamDraftModel_hasSelectedBot	1	710263
CampaignTeamDraftModel_CampaignTeamDraftModel_hasSelectedSupply	1	710723
CampaignTeamDraftModel_CampaignTeamDraftModel_playerSlotHasAssignedSupply	1	711836
CampaignTeamDraftModel_CampaignTeamDraftModel_publish	1	709119
CampaignTeamDraftModel_CampaignTeamDraftModel_removeBot	1	716854
CampaignTeamDraftModel_CampaignTeamDraftModel_removeBotAt	1	716331
CampaignTeamDraftModel_CampaignTeamDraftModel_removeSelectedSupply	1	713080
CampaignTeamDraftModel_CampaignTeamDraftModel_setRaceId	1	718960
CampaignTeamDraftModel_CampaignTeamDraftModel_setTotalBudget	1	709294
CampaignTeamDraftModel_CampaignTeamDraftModel_toggleBot	1	717367
CampaignTeamDraftModel_CampaignTeamDraftModel_toggleSupply	1	717698
CampaignTeamDraftModel_new_CampaignTeamDraftModel	1	720286
CampaignTeamDraftState_construct_CampaignTeamDraftState	1	721173
CampaignTeamDraftState_new_CampaignTeamDraftState	1	720991
CampaignUI_CampaignUI_applyPickerAvailability	1	847252
CampaignUI_CampaignUI_arePartyPlayerRacesAssigned	1	837307
CampaignUI_CampaignUI_areSelectedAiRacesAssigned	1	837136
CampaignUI_CampaignUI_canAddBot	1	833200
CampaignUI_CampaignUI_canAddSupply	1	833345
CampaignUI_CampaignUI_canChangeRaceSlot	1	827569
CampaignUI_CampaignUI_clickAvailableBotForE2e	1	830711
CampaignUI_CampaignUI_clickFirstUnlockedRaceChoiceForE2e	1	831473
CampaignUI_CampaignUI_clickIntroCloseForE2e	1	830445
CampaignUI_CampaignUI_clickMissionContinueForE2e	1	830220
CampaignUI_CampaignUI_clickPlayerRaceForE2e	1	830975
CampaignUI_CampaignUI_clickResultRetryForE2e	1	832538
CampaignUI_CampaignUI_clickStartMissionForE2e	1	832322
CampaignUI_CampaignUI_close	1	823311
CampaignUI_CampaignUI_closeRacePicker	1	846527
CampaignUI_CampaignUI_createChapterCompleteScreen	1	893647
CampaignUI_CampaignUI_createChapterScreen	1	852525
CampaignUI_CampaignUI_createIntroScreen	1	894709
CampaignUI_CampaignUI_createMainFrame	1	851924
CampaignUI_CampaignUI_createMissionScreen	1	856585
CampaignUI_CampaignUI_createRaceChoiceControl	1	848329
CampaignUI_CampaignUI_createRacePickers	1	851508
CampaignUI_CampaignUI_createResultScreen	1	888702
CampaignUI_CampaignUI_createSlotRacePicker	1	850306
CampaignUI_CampaignUI_createTeamScreen	1	871404
CampaignUI_CampaignUI_denyInvalidRacePickerUser	1	827900
CampaignUI_CampaignUI_denyNonHost	1	820148
CampaignUI_CampaignUI_findChapterForMission	1	829064
CampaignUI_CampaignUI_getFriendlyBotAt	1	833496
CampaignUI_CampaignUI_getMaxAvailableStartIndex	1	833871
CampaignUI_CampaignUI_getPartyPlayer	1	827319
CampaignUI_CampaignUI_getPartyPlayerSlot	1	827441
CampaignUI_CampaignUI_getRacePicker	1	831225
CampaignUI_CampaignUI_getSelectedBot	1	830065
CampaignUI_CampaignUI_getSupplyAssignmentText	1	820809
CampaignUI_CampaignUI_hasSelectedBot	1	820493
CampaignUI_CampaignUI_hasSelectedSupply	1	820648
CampaignUI_CampaignUI_hideAllRacePickers	1	824554
CampaignUI_CampaignUI_hideCampaignIntro	1	824956
CampaignUI_CampaignUI_hideCampaignPlayerBoards	1	824069
CampaignUI_CampaignUI_notHost	1	827185
CampaignUI_CampaignUI_onAvailableBotClicked	1	821077
CampaignUI_CampaignUI_onSupplyClicked	1	821374
CampaignUI_CampaignUI_onTeamBotClicked	1	821227
CampaignUI_CampaignUI_openRacePicker	1	821521
CampaignUI_CampaignUI_refreshOpenRacePickers	1	847808
CampaignUI_CampaignUI_renderAvailableBotCards	1	835318
CampaignUI_CampaignUI_renderMissionScreen	1	894993
CampaignUI_CampaignUI_renderTeamScreen	1	901901
CampaignUI_CampaignUI_reopen	1	825640
CampaignUI_CampaignUI_selectChapter	1	822462
CampaignUI_CampaignUI_selectMission	1	820378
CampaignUI_CampaignUI_selectedBotCountForE2e	1	832751
CampaignUI_CampaignUI_selectedRaceIdForE2e	1	832963
CampaignUI_CampaignUI_setAvailableStartIndex	1	833988
CampaignUI_CampaignUI_setSelectedRace	1	846368
CampaignUI_CampaignUI_showCampaignIntro	1	838461
CampaignUI_CampaignUI_showChapterCompleteScreen	1	842969
CampaignUI_CampaignUI_showChapterScreen	1	825836
CampaignUI_CampaignUI_showForParty	1	825171
CampaignUI_CampaignUI_showMissionScreen	1	828193
CampaignUI_CampaignUI_showMissionSelectForMission	1	829711
CampaignUI_CampaignUI_showResultScreen	1	839293
CampaignUI_CampaignUI_showTeamScreen	1	837480
CampaignUI_CampaignUI_syncAvailableSlider	1	834392
CampaignUI_construct_CampaignUI	1	908041
CampaignUI_new_CampaignUI	1	907915
Cb:create14	1	466678
Cc:create65	1	533007
Cd:create107	1	574807
Ce:create145	1	615352
Cell_Cell_declaredHeight	1	1577777
Cell_Cell_declaredWidth	1	1577372
Cell_Cell_inspectText	1	1578190
Cell_Cell_invalidate	1	1579058
Cell_Cell_layout	1	1580936
Cell_destroyCell	1	1581469
Cell_new_Cell	1	1578481
Cf:create189	1	700710
Cg:create255	1	916231
Ch:create291	1	955628
ChapterCard_ChapterCard_build	1	741489
ChapterCard_ChapterCard_handleClick	1	744742
ChapterCard_ChapterCard_setChapter	1	745078
ChapterCard_new_ChapterCard	1	748142
ChatIntent_ChatIntent_keywords	1	467389
ChatIntent_ChatIntent_name	1	467315
ChatIntent_ChatIntent_responses	1	467672
CheckboxListener_addListener_doAfter_AfkCheck_onChange_addListener_doAfter_AfkCheck	1	461654
CheckboxListener_addListener_doAfter_IncomeUI_onChange_addListener_doAfter_IncomeUI	1	1231045
ChoiceValueMode_ChoiceValueMode_addChoice	1	1297100
ChoiceValueMode_ChoiceValueMode_execute	1	1295461
ChoiceValueMode_ChoiceValueMode_isValidValue	1	1296617
ChoiceValueMode_new_ChoiceValueMode	1	1297260
ChunkedString_ChunkedString_append	1	958005
ChunkedString_ChunkedString_getChunk	1	959134
ChunkedString_ChunkedString_getChunkCount	1	959415
ChunkedString_ChunkedString_getUnsafeString	1	959934
ChunkedString_ChunkedString_getUnsafeSubString	1	960244
ChunkedString_ChunkedString_hasChunk	1	958826
ChunkedString_ChunkedString_length	1	959512
ChunkedString_ChunkedString_readChunk	1	958944
ChunkedString_ChunkedString_resetRead	1	959328
ChunkedString_destroyChunkedString	1	962299
ChunkedString_new_ChunkedString	1	961671
ChunkedString_new_ChunkedString1	1	961967
ChunkedString_sync	1	3780058
Ci:create323	1	976268
Cj	1	1000081
Ck:create410	1	1075072
Cl	1	1110062
Cm:create491	1	1189095
CmdMatcher_addCommand_WurstCommand_matchCmd_addCommand_WurstCommand	1	1667784
CmdMatcher_addCommand_WurstCommand_matchCmd_addCommand_WurstCommand1	1	1667989
Cn:create532	1	1218260
Co:create573	1	1285010
Comparator_Comparator_compare	1	1270181
Comparator_sortWith_CampaignBots_compare_sortWith_CampaignBots	1	639777
CompositionStats_CompositionStats_applyBuildingWorth	1	1639228
CompositionStats_CompositionStats_getRsCount	1	1639024
CompositionStats_CompositionStats_getStat	1	1640701
CompositionStats_CompositionStats_modifyStat	1	1640540
CompositionStats_CompositionStats_reset	1	1640098
Computed_Computed_get	1	1498595
Computed_Computed_onDependencyChanged	1	1498167
Computed_Computed_recompute	1	1498830
Computed_Computed_subscribe	1	1497640
Computed_Computed_unsubscribe	1	1497906
Cp:create619	1	1305032
Cq:create669	1	1323923
Cr:create707	1	1373142
Cs:create748	1	1393258
Ct:create794	1	1417955
Cu:create846	1	1440205
Cv:create896	1	1462169
Cw:create944	1	1481224
Cy:create1000	1	1504747
Cz:create1048	1	1552261
D	1	119575
DA:create1090	1	1574592
DB:create1128	1	1647316
DC	1	1698554
DD	1	2086387
DF	1	2789249
DG	1	3024236
DH	1	3201885
DI	1	3289473
DJ	1	1687057
DK	1	3580188
DL	1	3734678
DM	1	3817694
DN	1	1712362
DP	1	4436106
DamageCoverageAspect_DamageCoverageAspect_calculateScore	1	1001136
DamageCoverageAspect_DamageCoverageAspect_deltaForBuilding	1	1002079
DamageCoverageAspect_DamageCoverageAspect_getDebugName	1	1001996
DamageCoverageAspect_DamageCoverageAspect_setBeforeScore	1	1001877
DamageEvent_addListener	1	3018308
DamageEvent_addListener1	1	3018387
DamageEvent_getAmount	1	3020385
DamageEvent_getSource	1	3020247
DamageEvent_getTarget	1	3020316
DamageEvent_getType	1	3020454
DamageEvent_onDamage	1	3017439
DamageEvent_onUnreducedDamage	1	3016416
DamageEvent_removeListener	1	3018752
DamageEvent_removeUnreducedListener	1	3019558
DamageEvent_repairCursors	1	3016214
DamageInstance_DamageInstance_setAmount	1	1067567
DamageInstance_DamageInstance_setReducedAmount	1	1067658
DamageInstance_destroyDamageInstance	1	1068246
DamageInstance_new_DamageInstance	1	1067756
DamageListener_addListener_AiEngagement_onEvent_addListener_AiEngagement	1	469979
DamageListener_addListener_BuildingCatalogE2E_onEvent_addListener_BuildingCatalogE2E	1	579792
DamageListener_addListener_CastleProtection_onEvent_addListener_CastleProtection	1	955835
DamageListener_addListener_CustomAI_onEvent_addListener_CustomAI	1	1007887
DamageListener_addListener_RaceCorrupted_onEvent_addListener_RaceCorrupted	1	1428209
DamageListener_addListener_RiptideAttack_onEvent_addListener_RiptideAttack	1	1509162
DamageListener_addListener_RoundStatsTracking_onEvent_addListener_RoundStatsTracking	1	1539522
DamageListener_addListener_SnowveilFountain_onEvent_addListener_SnowveilFountain	1	1555957
DamageListener_addListener_TrollBlood_onEvent_addListener_TrollBlood	1	1650761
DamageListener_addListener_doAfter_ObeliskOfLight_onEvent_addListener_doAfter_ObeliskOfLight	1	1355490
DamageListener_addListener_doAfter_ThunderpawSpire_onEvent_addListener_doAfter_ThunderpawSpire	1	1642227
DamageListener_addListener_doAfter_Whirlwind_onEvent_addListener_doAfter_Whirlwind	1	1666367
DamageListener_destroyDamageListener	1	1068661
DamageListener_perkListenDamage_PerkBreachingDoctrine_onEvent_perkListenDamage_PerkBreachingDoctrine	1	1375420
DamageListener_perkListenDamage_PerkContainmentFocus_onEvent_perkListenDamage_PerkContainmentFocus	1	1387954
DamageListener_perkListenDamage_PerkManaLeak_onEvent_perkListenDamage_PerkManaLeak	1	1400540
DamageListener_perkListenDamage_PerkSpellsEdge_onEvent_perkListenDamage_PerkSpellsEdge	1	1402783
DamageListener_perkListenDamage_PerkTranscendentBlades_onEvent_perkListenDamage_PerkTranscendentBlades	1	1405981
DamageListener_perkListenDamage_setCleanup_PerkCagedAegis_onEvent_perkListenDamage_setCleanup_PerkCagedAegis	1	1386619
DamageListener_perkListenDamage_setCleanup_PerkExecutionOrder_onEvent_perkListenDamage_setCleanup_PerkExecutionOrder	1	1390270
DamageListener_perkListenDamage_setCleanup_PerkGroundControl_onEvent_perkListenDamage_setCleanup_PerkGroundControl	1	1396070
Db:create15	1	467122
Dc:create66	1	534102
Dd	1	1687111
De	1	626562
DefaultPackSupplier_DefaultPackSupplier_getPackCount	1	1113244
DefaultPackSupplier_DefaultPackSupplier_getRoundLabel	1	1112917
DefaultPackSupplier_DefaultPackSupplier_makeOne	1	1111914
DefaultPackSupplier_DefaultPackSupplier_putBack	1	1112462
Df:create190	1	701301
Dg:create261	1	920533
Dgk	1	27457
Dh:create292	1	956124
Di:create324	1	976769
DiagonalCagePattern_getLength	1	2321609
DiagonalCagePattern_getPosition	1	2321663
DialogBody_build_CampaignMissionControls_CampaignUI_run_build_CampaignMissionControls_CampaignUI	1	781808
DialogBody_build_CampaignUI_CampaignUI_run_build_CampaignUI_CampaignUI	1	913313
DialogBody_build_CampaignUI_CampaignUI_run_build_CampaignUI_CampaignUI1	1	916310
DialogBody_build_RoundStatsBoard_run_build_RoundStatsBoard	1	1510931
DialogBody_build_doAfter_AfkCheck_run_build_doAfter_AfkCheck	1	461934
Dj:create368	1	1000358
Dk:create411	1	1075354
Dl:create444	1	1110175
Dm:create492	1	1189541
Dn:create533	1	1218513
Do:create574	1	1285301
Dp:create620	1	1305364
Dq:create670	1	1324166
Dr:create708	1	1373352
DraftController_DraftController_addPlayer	1	1085388
DraftController_DraftController_allPicked	1	1092987
DraftController_DraftController_areAllPlayingReady	1	1081560
DraftController_DraftController_assignPacks	1	1083289
DraftController_DraftController_autoPickAiAndAway	1	1092811
DraftController_DraftController_autoPickRemaining	1	1093260
DraftController_DraftController_beginRound	1	1080142
DraftController_DraftController_beginWarmup	1	1080668
DraftController_DraftController_endRound	1	1093436
DraftController_DraftController_finalizeDraft	1	1094464
DraftController_DraftController_getCurrentPack	1	1088374
DraftController_DraftController_getCurrentPackCount	1	1092305
DraftController_DraftController_getPackCount	1	1084793
DraftController_DraftController_getRoundLabel	1	1084597
DraftController_DraftController_getStateFor	1	1084987
DraftController_DraftController_getTotalRounds	1	1084494
DraftController_DraftController_hasPlayer	1	1085255
DraftController_DraftController_init	1	1095224
DraftController_DraftController_installWarmupHandlersOnce	1	1081272
DraftController_DraftController_packOfferToMmdString	1	1083468
DraftController_DraftController_packToMmdString	1	1089833
DraftController_DraftController_pickPack	1	1089617
DraftController_DraftController_requestPick	1	1086009
DraftController_DraftController_requestReroll	1	1090860
DraftController_DraftController_reroll	1	1091970
DraftController_DraftController_reset	1	1094721
DraftController_DraftController_resetRound	1	1083008
DraftController_DraftController_returnUnpickedPacks	1	1089138
DraftController_DraftController_setCurrentPack	1	1090625
DraftController_DraftController_setSupplier	1	1084396
DraftController_DraftController_startCountdown	1	1084096
DraftController_DraftController_startPostDraftCountdown	1	1093851
DraftController_DraftController_startWithWarmup	1	1079834
DraftController_DraftController_stopCountdown	1	1092575
DraftController_DraftController_stopPostDraftCountdown	1	1094207
DraftController_DraftController_stopWarmup	1	1082772
DraftController_DraftController_unpickedPacksToMmdString	1	1088625
DraftController_new_DraftController	1	1095967
DraftEventBus_fireDraftEnd	1	3047816
DraftEventBus_firePacks	1	3047000
DraftEventBus_firePick	1	3047264
DraftEventBus_fireReroll	1	3047535
DraftEventBus_fireRoundEnd	1	3046468
DraftEventBus_fireRoundStart	1	3046198
DraftEventBus_fireStarterPick	1	3048077
DraftEventBus_fireTimer	1	3046735
DraftEventBus_fireWarmupAllReady	1	3045930
DraftEventBus_fireWarmupEnd	1	3045119
DraftEventBus_fireWarmupReady	1	3045382
DraftEventBus_fireWarmupReadyUpdate	1	3045653
DraftEventBus_fireWarmupStart	1	3044562
DraftEventBus_fireWarmupTick	1	3044849
DraftPack_DraftPack_getFirst	1	1076201
DraftPack_DraftPack_getPerk	1	1076729
DraftPack_DraftPack_getSecond	1	1076423
DraftPack_DraftPack_isPerkPack	1	1076651
DraftPack_construct_DraftPack	1	1076930
DraftPack_new_DraftPack	1	1076800
DraftPerk_DraftPerk_applyTo	1	1077752
DraftPerk_DraftPerk_cleanupFor	1	1077975
DraftPerk_DraftPerk_setCleanup	1	1077882
DraftPerk_DraftPerk_setReminderAbility	1	1078112
DraftPerk_destroyDraftPerk	1	1078626
DraftPerk_new_DraftPerk	1	1078219
DraftUIScreen_DraftUIScreen_addRoundBadge	1	1121289
DraftUIScreen_DraftUIScreen_applyDraftLayout	1	1125830
DraftUIScreen_DraftUIScreen_applyPackToWindow	1	1143593
DraftUIScreen_DraftUIScreen_buildRoundStrip	1	1118078
DraftUIScreen_DraftUIScreen_buildWarmupOverlay	1	1131906
DraftUIScreen_DraftUIScreen_clearTextMessagesOnce	1	1117852
DraftUIScreen_DraftUIScreen_close	1	1116617
DraftUIScreen_DraftUIScreen_debugRoundStrip	1	1121175
DraftUIScreen_DraftUIScreen_disablePick	1	1144136
DraftUIScreen_DraftUIScreen_disableReroll	1	1145609
DraftUIScreen_DraftUIScreen_formatWarmupCountdown	1	1142866
DraftUIScreen_DraftUIScreen_formatWarmupPlayerStatus	1	1138818
DraftUIScreen_DraftUIScreen_hideForOwner	1	1116713
DraftUIScreen_DraftUIScreen_hideRoundStrip	1	1117697
DraftUIScreen_DraftUIScreen_hideRoundStripFramesGlobally	1	1121869
DraftUIScreen_DraftUIScreen_hideWarmup	1	1142723
DraftUIScreen_DraftUIScreen_highlightSlotsInInfoWindow	1	1143420
DraftUIScreen_DraftUIScreen_invalidateRoundStrip	1	1125619
DraftUIScreen_DraftUIScreen_invalidateWarmup	1	1138619
DraftUIScreen_DraftUIScreen_renderRoundStrip	1	1123167
DraftUIScreen_DraftUIScreen_renderWarmup	1	1139214
DraftUIScreen_DraftUIScreen_reset	1	1146115
DraftUIScreen_DraftUIScreen_resetWarmupPlayers	1	1142241
DraftUIScreen_DraftUIScreen_setRerollUsed	1	1145989
DraftUIScreen_DraftUIScreen_setRoundStripFramesVisible	1	1129040
DraftUIScreen_DraftUIScreen_setRoundStripState	1	1131535
DraftUIScreen_DraftUIScreen_setWarmupReady	1	1143218
DraftUIScreen_DraftUIScreen_showRoundStrip	1	1131752
DraftUIScreen_DraftUIScreen_showWarmup	1	1141879
DraftUIScreen_DraftUIScreen_updatePlayerPerk	1	1144529
DraftUIScreen_DraftUIScreen_updatePlayerPick	1	1145069
DraftUIScreen_DraftUIScreen_updateRoundStrip	1	1131406
DraftUIScreen_DraftUIScreen_updateWarmupTimer	1	1142571
DraftUIScreen_new_DraftUIScreen	1	1147067
DraftWindow_DraftWindow_applyPackChoices	1	1180006
DraftWindow_DraftWindow_create	1	1168052
DraftWindow_DraftWindow_disableReRoll	1	1182518
DraftWindow_DraftWindow_enablePick	1	1182654
DraftWindow_DraftWindow_hide	1	1183163
DraftWindow_DraftWindow_hideFloatingContent	1	1183404
DraftWindow_DraftWindow_hideGlobally	1	1173795
DraftWindow_DraftWindow_invalidateRender	1	1178940
DraftWindow_DraftWindow_rebuildSlotRowLayout	1	1172154
DraftWindow_DraftWindow_refreshSlotVisibility	1	1182033
DraftWindow_DraftWindow_render	1	1175028
DraftWindow_DraftWindow_reset	1	1179119
DraftWindow_DraftWindow_setPack	1	1179439
DraftWindow_DraftWindow_show	1	1183284
DraftWindow_DraftWindow_showIntermissionMessage	1	1182236
DraftWindow_DraftWindow_updateSlotWidths	1	1181166
DraftWindow_new_DraftWindow	1	1184174
Ds:create749	1	1393521
Dt:create795	1	1418864
Du:create847	1	1440801
DummyCaster_DummyCaster_castTarget	1	1188223
DummyCaster_DummyCaster_delay	1	1186874
DummyCaster_DummyCaster_finish	1	1187980
DummyCaster_DummyCaster_origin	1	1186682
DummyCaster_DummyCaster_owner	1	1186791
DummyCaster_DummyCaster_prepare	1	1186957
DummyCaster_DummyCaster_recycleDummy	1	1188630
DummyCaster_destroyDummyCaster	1	1188767
DummyCaster_new_DummyCaster	1	1188815
DummyRecycler_get	1	3144549
DummyRecycler_recycle	1	3145210
Dv:create897	1	1462780
Dw:create945	1	1481483
Dx:create976	1	1492805
Dy:create1001	1	1505120
Dz:create1049	1	1553081
E	1	119899
E2ESuiteBody_register_CastleFightE2E_run_register_CastleFightE2E	1	955052
E2E_assertTrue	1	3156162
E2E_emit	1	3153749
E2E_finish	1	3157463
E2E_isActive	1	3151342
E2E_q	1	3153441
E2E_recordEvent	1	3156438
E2E_recordMetric	1	3156969
E2E_resultPayload	1	3157645
E2E_startSuite	1	3155532
EA:create1091	1	1575016
EB:create1129	1	1647996
EC	1	1699041
ED	1	2086815
EE	1	2303544
EF	1	2789913
EG	1	3031456
EH	1	3213557
EI	1	3290387
EJ	1	3472026
EK	1	3581938
EL	1	3736181
EM	1	3818719
EN	1	1686272
EO	1	3942056
EP	1	4436343
EVPacks_new_EVPacks	1	1107960
Eb:create16	1	467954
Ec:create67	1	534346
Ed	1	1721190
Ee	1	629036
Ef:create191	1	701735
Eg:create252	1	921379
Eh:create293	1	956627
Ei:create325	1	977042
Ej	1	1000429
Ek:create412	1	1075652
El	1	1110246
Em	1	1189612
En:create534	1	1218831
Eo:create575	1	1285587
Ep:create621	1	1305705
Eq	1	1324237
Es:create750	1	1393847
Et:create796	1	1419670
Eu:create848	1	1441477
Ev:create898	1	1463397
EventCounter_new_EventCounter	1	1190399
EventData_getAbilityTargetPos	1	3160871
EventData_getChatMessage	1	3160733
EventData_getSpellTargetPos	1	3160958
EventData_getSpellTargetUnit	1	3160663
EventData_getTriggerPlayer	1	3160805
EventData_getTriggerUnit	1	3160601
EventListener_EventListener_onDestroy	1	965482
EventListener_add	1	2956907
EventListener_addSpellInternal	1	2957198
EventListener_add_AiItemBuying_onEvent_add_AiItemBuying	1	473634
EventListener_add_AttachedEffects_onEvent_add_AttachedEffects	1	482128
EventListener_add_Blink_onEvent_add_Blink	1	483023
EventListener_add_BuildingAttachments_onEvent_add_BuildingAttachments	1	516470
EventListener_add_BuildingAttachments_onEvent_add_BuildingAttachments1	1	516800
EventListener_add_BuildingAttachments_onEvent_add_BuildingAttachments2	1	517131
EventListener_add_BuildingAttachments_onEvent_add_BuildingAttachments3	1	517475
EventListener_add_BuildingCatalogE2E_onEvent_add_BuildingCatalogE2E	1	580182
EventListener_add_BuildingCatalogE2E_onEvent_add_BuildingCatalogE2E1	1	580721
EventListener_add_BuildingCatalogE2E_onEvent_add_BuildingCatalogE2E10	1	585431
EventListener_add_BuildingCatalogE2E_onEvent_add_BuildingCatalogE2E11	1	585996
EventListener_add_BuildingCatalogE2E_onEvent_add_BuildingCatalogE2E2	1	581269
EventListener_add_BuildingCatalogE2E_onEvent_add_BuildingCatalogE2E3	1	581558
EventListener_add_BuildingCatalogE2E_onEvent_add_BuildingCatalogE2E4	1	581972
EventListener_add_BuildingCatalogE2E_onEvent_add_BuildingCatalogE2E5	1	582386
EventListener_add_BuildingCatalogE2E_onEvent_add_BuildingCatalogE2E6	1	583171
EventListener_add_BuildingCatalogE2E_onEvent_add_BuildingCatalogE2E7	1	583607
EventListener_add_BuildingCatalogE2E_onEvent_add_BuildingCatalogE2E8	1	584244
EventListener_add_BuildingCatalogE2E_onEvent_add_BuildingCatalogE2E9	1	584888
EventListener_add_BuildingLifecycle_onEvent_add_BuildingLifecycle	1	586620
EventListener_add_BuildingLifecycle_onEvent_add_BuildingLifecycle1	1	586920
EventListener_add_BuildingLifecycle_onEvent_add_BuildingLifecycle2	1	587222
EventListener_add_BuildingSpells_onEvent_add_BuildingSpells	1	612432
EventListener_add_CampaignChallenges_onEvent_add_CampaignChallenges	1	655162
EventListener_add_CampaignSmokeTest_onEvent_add_CampaignSmokeTest	1	702250
EventListener_add_Campaign_onEvent_add_Campaign	1	953653
EventListener_add_ChaosPortalRuntime_onEvent_add_ChaosPortalRuntime	1	957429
EventListener_add_Commands_onEvent_add_Commands	1	974151
EventListener_add_CompanionSpawning_onEvent_add_CompanionSpawning	1	995779
EventListener_add_DamageEvent_onEvent_add_DamageEvent	1	1066809
EventListener_add_DamageEvent_onEvent_add_DamageEvent1	1	1067087
EventListener_add_DraftUIScreen_DraftUI_onEvent_add_DraftUIScreen_DraftUI	1	1165806
EventListener_add_FireElemental_onEvent_add_FireElemental	1	1196667
EventListener_add_GjallarHorn_onEvent_add_GjallarHorn	1	1201295
EventListener_add_GobboController_onEvent_add_GobboController	1	1203469
EventListener_add_GobboController_onEvent_add_GobboController1	1	1203867
EventListener_add_HumanArtilleryRuntime_onEvent_add_HumanArtilleryRuntime	1	1216699
EventListener_add_HumanArtilleryRuntime_onEvent_add_HumanArtilleryRuntime1	1	1217146
EventListener_add_HumanArtilleryRuntime_onEvent_add_HumanArtilleryRuntime2	1	1217783
EventListener_add_IdleDetectionRuntime_onEvent_add_IdleDetectionRuntime	1	1218991
EventListener_add_IdleDetectionRuntime_onEvent_add_IdleDetectionRuntime1	1	1219437
EventListener_add_ModeParser_onEvent_add_ModeParser	1	1294722
EventListener_add_MultiboardEventHooks_onEvent_add_MultiboardEventHooks	1	1346499
EventListener_add_PerkUtils_onEvent_add_PerkUtils	1	1407768
EventListener_add_PlayerLeave_onEvent_add_PlayerLeave	1	1408230
EventListener_add_PowerPlantRuntime_onEvent_add_PowerPlantRuntime	1	1417097
EventListener_add_RoundStatsTracking_onEvent_add_RoundStatsTracking	1	1539886
EventListener_add_ShopAnnouncements_onEvent_add_ShopAnnouncements	1	1549665
EventListener_add_ShopAnnouncements_onEvent_add_ShopAnnouncements1	1	1551473
EventListener_add_ShopAnnouncements_onEvent_add_ShopAnnouncements2	1	1551930
EventListener_add_SummonRuntime_onEvent_add_SummonRuntime	1	1570520
EventListener_add_TrainProgressRuntime_onEvent_add_TrainProgressRuntime	1	1650413
EventListener_add_UnitTrainingRuntime_onEvent_add_UnitTrainingRuntime	1	1662037
EventListener_add_UnitTrainingRuntime_onEvent_add_UnitTrainingRuntime1	1	1662316
EventListener_add_WurstCommand_onEvent_add_WurstCommand	1	1669415
EventListener_add_doAfter_FixDefend_onEvent_add_doAfter_FixDefend	1	1198008
EventListener_add_doAfter_MMDData_onEvent_add_doAfter_MMDData	1	1290152
EventListener_add_doAfter_ObeliskOfLight_onEvent_add_doAfter_ObeliskOfLight	1	1354585
EventListener_add_doAfter_ObeliskOfLight_onEvent_add_doAfter_ObeliskOfLight1	1	1355060
EventListener_add_doAfter_SpamPrevention_onEvent_add_doAfter_SpamPrevention	1	1563203
EventListener_add_doAfter_SpamPrevention_onEvent_add_doAfter_SpamPrevention1	1	1563493
EventListener_add_doAfter_SpamPrevention_onEvent_add_doAfter_SpamPrevention2	1	1563784
EventListener_construct_EventListener	1	965297
EventListener_destroyEventListener	1	966200
EventListener_generalEventCallback	1	2957656
EventListener_onSpellEffect	1	2958257
EventListener_perkListen_setCleanup_PerkArcaneOvercharge_onEvent_perkListen_setCleanup_PerkArcaneOvercharge	1	1374339
EventListener_perkListen_setCleanup_PerkBuildingEnchantment_onEvent_perkListen_setCleanup_PerkBuildingEnchantment	1	1378921
EventListener_perkListen_setCleanup_PerkBuildingEnchantment_onEvent_perkListen_setCleanup_PerkBuildingEnchantment1	1	1379446
EventListener_perkListen_setCleanup_PerkBuildingEnchantment_onEvent_perkListen_setCleanup_PerkBuildingEnchantment2	1	1381467
EventListener_perkListen_setCleanup_PerkBuildingEnchantment_onEvent_perkListen_setCleanup_PerkBuildingEnchantment3	1	1381953
EventListener_perkListen_setCleanup_PerkBuildingEnchantment_onEvent_perkListen_setCleanup_PerkBuildingEnchantment4	1	1382474
EventListener_perkListen_setCleanup_PerkExecutionOrder_onEvent_perkListen_setCleanup_PerkExecutionOrder	1	1389722
EventListener_perkListen_setCleanup_PerkLastWallProtocol_onEvent_perkListen_setCleanup_PerkLastWallProtocol	1	1398040
Ew:create946	1	1481822
Ex:create977	1	1493141
Ey:create1002	1	1505367
Ez:create1050	1	1554187
F	1	121339
FA:create1092	1	1575792
FB:create1130	1	1648276
FC	1	1701014
FD	1	2100801
FF	1	2790571
FG	1	3032532
FH	1	3214679
FI	1	3290451
FK	1	3588284
FL	1	3736258
FM	1	3819484
FN	1	3859114
FP	1	4437486
FR	1	1676131
FSM_FSM_changeState	1	1192047
FSM_FSM_onDestroy	1	1193100
FSM_FSM_setDestroyStatesOnDestroy	1	1192769
FSM_FSM_setGlobalState	1	1192464
FSM_FSM_setInitialState	1	1192300
FSM_FSM_update	1	1191815
FSM_destroyFSM	1	1192715
FSM_new_FSM	1	1192859
Fb:create17	1	468986
Fc:create68	1	535050
Fd:create108	1	576087
Fe:create146	1	631524
Ff:create192	1	702090
Fg:create253	1	922025
Fh:create294	1	957025
File_File_close	1	1195322
File_File_read	1	1195410
File_File_readAsString	1	1195883
File_File_readPreload	1	1195562
File_File_write	1	1193680
File_File_write1	1	1193883
File_File_writePreload	1	1194418
File_destroyFile	1	1195376
File_new_File	1	1196084
File_validateInput	1	3162624
FindBuilder_FindBuilder_enter	1	500012
FindBuilder_FindBuilder_update	1	500095
FindBuilder_destroyFindBuilder	1	500322
FindSpot_FindSpot_enter	1	500456
FindSpot_FindSpot_update	1	500578
FindSpot_destroyFindSpot	1	506990
Fj	1	1000578
Fk:create413	1	1075985
Fl:create445	1	1110370
FlagMode_FlagMode_execute	1	1297855
FlagMode_FlagMode_isValidValue	1	1297980
FlagMode_new_FlagMode	1	1298047
Fm:create493	1	1189727
Fn:create535	1	1219277
Fo:create576	1	1287419
ForForceCallback_destroyForForceCallback	1	1191583
ForForceCallback_execute_SnowveilFountain_run_execute_SnowveilFountain	1	1552393
ForForceCallback_execute_SnowveilFountain_run_execute_SnowveilFountain1	1	1553236
ForGroupCallbackD_destroyForGroupCallbackD	1	969032
ForGroupCallbackD_forDestructablesInRect_CampaignEnvironment_callback_forDestructablesInRect_CampaignEnvironment	1	655520
ForGroupCallbackUntil_destroyForGroupCallbackUntil	1	969328
ForGroupCallback_destroyForGroupCallback	1	968754
ForGroupCallback_forEachFrom_Preloader_callback_forEachFrom_Preloader	1	1417442
ForGroupCallback_forEachIn_HumanArtilleryRuntime_callback_forEachIn_HumanArtilleryRuntime	1	1216106
ForGroupCallback_forEachIn_PowerPlantRuntime_callback_forEachIn_PowerPlantRuntime	1	1416522
ForGroupCallback_forUnitsInRange_BuildingCatalogE2E_callback_forUnitsInRange_BuildingCatalogE2E	1	572723
ForGroupCallback_forUnitsInRange_BuildingCatalogE2E_callback_forUnitsInRange_BuildingCatalogE2E1	1	573695
ForGroupCallback_forUnitsInRange_DamageProcs_callback_forUnitsInRange_DamageProcs	1	1068860
ForGroupCallback_forUnitsInRange_DamageRuntime_callback_forUnitsInRange_DamageRuntime	1	1069385
ForGroupCallback_forUnitsInRange_GjallarHorn_callback_forUnitsInRange_GjallarHorn	1	1199460
ForGroupCallback_forUnitsInRange_PerkFeatheredFriend_callback_forUnitsInRange_PerkFeatheredFriend	1	1391488
ForGroupCallback_forUnitsInRange_PowerPlantRuntime_callback_forUnitsInRange_PowerPlantRuntime	1	1415906
ForGroupCallback_forUnitsInRange_RaceElementalAbilities_callback_forUnitsInRange_RaceElementalAbilities	1	1434814
ForGroupCallback_forUnitsInRange_RaceElvenAbilities_callback_forUnitsInRange_RaceElvenAbilities	1	1445712
ForGroupCallback_forUnitsInRange_RaceNatureAbilities_callback_forUnitsInRange_RaceNatureAbilities	1	1466644
ForGroupCallback_forUnitsInRange_RaceNelfAbilities_callback_forUnitsInRange_RaceNelfAbilities	1	1478706
ForGroupCallback_forUnitsInRange_RaceNorthernAbilities_callback_forUnitsInRange_RaceNorthernAbilities	1	1486433
ForGroupCallback_forUnitsInRange_RaceOrcAbilities_callback_forUnitsInRange_RaceOrcAbilities	1	1492887
ForGroupCallback_forUnitsInRange_VesselOfPurity_callback_forUnitsInRange_VesselOfPurity	1	1662771
ForGroupCallback_forUnitsInRange_VesselOfPurity_callback_forUnitsInRange_VesselOfPurity1	1	1663026
ForGroupCallback_forUnitsInRange_addListener_doAfter_ThunderpawSpire_callback_forUnitsInRange_addListener_doAfter_ThunderpawSpire	1	1647415
ForGroupCallback_forUnitsInRange_addListener_doAfter_Whirlwind_callback_forUnitsInRange_addListener_doAfter_Whirlwind	1	1667171
ForGroupCallback_forUnitsInRange_doAfter_RaceChaosAbilities_callback_forUnitsInRange_doAfter_RaceChaosAbilities	1	1421878
ForGroupCallback_forUnitsInRange_doAfter_RaceHumanAbilities_callback_forUnitsInRange_doAfter_RaceHumanAbilities	1	1449680
ForGroupCallback_forUnitsInRange_doAfter_RaceMechAbilities_callback_forUnitsInRange_doAfter_RaceMechAbilities	1	1457582
ForGroupCallback_forUnitsInRange_doAfter_doAfter_RaceHumanAbilities_callback_forUnitsInRange_doAfter_doAfter_RaceHumanAbilities	1	1452581
ForGroupCallback_forUnitsInRect_BuildingCatalogE2E_callback_forUnitsInRect_BuildingCatalogE2E	1	517990
ForGroupCallback_forUnitsInRect_BuildingCatalogE2E_callback_forUnitsInRect_BuildingCatalogE2E1	1	518327
ForGroupCallback_forUnitsInRect_BuildingCatalogE2E_callback_forUnitsInRect_BuildingCatalogE2E2	1	574487
ForGroupCallback_forUnitsInRect_IdleAttackRuntime_callback_forUnitsInRect_IdleAttackRuntime	1	1218331
ForGroupCallback_forUnitsInRect_RaceChaosAbilities_callback_forUnitsInRect_RaceChaosAbilities	1	1418966
ForGroupCallback_forUnitsInRect_RaceChaosAbilities_callback_forUnitsInRect_RaceChaosAbilities1	1	1419752
ForGroupCallback_forUnitsInRect_RaceCorruptedAbilities_callback_forUnitsInRect_RaceCorruptedAbilities	1	1425544
ForGroupCallback_forUnitsInRect_RaceElementalAbilities_callback_forUnitsInRect_RaceElementalAbilities	1	1434112
ForGroupCallback_forUnitsInRect_RaceElementalAbilities_callback_forUnitsInRect_RaceElementalAbilities1	1	1434517
ForGroupCallback_forUnitsInRect_RaceMechAbilities_callback_forUnitsInRect_RaceMechAbilities	1	1455333
ForGroupCallback_forUnitsInRect_RaceNelfAbilities_callback_forUnitsInRect_RaceNelfAbilities	1	1478028
ForGroupCallback_forUnitsInRect_RaceNorthernAbilities_callback_forUnitsInRect_RaceNorthernAbilities	1	1485254
ForGroupCallback_forUnitsInRect_RaceNorthernAbilities_callback_forUnitsInRect_RaceNorthernAbilities1	1	1485644
ForGroupCallback_forUnitsInRect_RaceOrcAbilities_callback_forUnitsInRect_RaceOrcAbilities	1	1491108
ForGroupCallback_forUnitsInRect_RaceUndeadAbilities_callback_forUnitsInRect_RaceUndeadAbilities	1	1495784
ForGroupCallback_forUnitsInRect_SpellHelpers_callback_forUnitsInRect_SpellHelpers	1	1564399
ForGroupCallback_forUnitsInRect_SpellHelpers_callback_forUnitsInRect_SpellHelpers1	1	1564822
ForGroupCallback_forUnitsInRect_VesselOfPurity_callback_forUnitsInRect_VesselOfPurity	1	1662528
ForGroupCallback_forUnitsOfPlayer_AiExecutor_CustomAI_callback_forUnitsOfPlayer_AiExecutor_CustomAI	1	1060605
ForGroupCallback_forUnitsOfPlayer_AiExecutor_CustomAI_callback_forUnitsOfPlayer_AiExecutor_CustomAI1	1	1062538
ForGroupCallback_forUnitsOfPlayer_nullTimer_SnowveilFountain_callback_forUnitsOfPlayer_nullTimer_SnowveilFountain	1	1554719
ForceCallback_destroyForceCallback	1	1198697
ForceCallback_forEach_AfkCheck_run_forEach_AfkCheck	1	458134
ForceCallback_forEach_AfkCheck_run_forEach_AfkCheck1	1	458549
ForceCallback_forEach_Commands_run_forEach_Commands	1	973291
ForceCallback_forEach_Commands_run_forEach_Commands1	1	973472
ForceCallback_forEach_MMDData_run_forEach_MMDData	1	1283071
ForceCallback_forEach_MMDData_run_forEach_MMDData1	1	1284080
ForceCallback_forEach_ShopAnnouncements_run_forEach_ShopAnnouncements	1	1549117
ForceCallback_forEach_ShopAnnouncements_run_forEach_ShopAnnouncements1	1	1549368
ForceCallback_forEach_SyncSystem_run_forEach_SyncSystem	1	1572510
ForceCallback_forEach_SyncSystem_run_forEach_SyncSystem1	1	1575110
ForceCallback_forEach_TeamVote_Commands_run_forEach_TeamVote_Commands	1	994493
ForceCallback_forEach_TeamVote_Commands_run_forEach_TeamVote_Commands1	1	995413
ForceCallback_forEach_add_ShopAnnouncements_run_forEach_add_ShopAnnouncements	1	1550909
ForceCallback_forEach_add_ShopAnnouncements_run_forEach_add_ShopAnnouncements1	1	1551168
ForceCallback_forEach_doAfter_Grid_run_forEach_doAfter_Grid	1	1208276
ForceCallback_forEach_doAfter_Grid_run_forEach_doAfter_Grid1	1	1208464
ForceCallback_forEach_doAfter_TeamVote_Commands_run_forEach_doAfter_TeamVote_Commands	1	995161
ForceColumn_ForceColumn_render	1	1517070
ForceColumn_construct_ForceColumn	1	1519773
ForceColumn_new_ForceColumn	1	1519634
Fp:create622	1	1305919
Fpk	1	47104
Fq:create671	1	1324412
Fr:create709	1	1373925
FrameHandleListener_onClick_BotCard_CampaignUICards_onEvent_onClick_BotCard_CampaignUICards	1	740061
FrameHandleListener_onClick_CampaignMissionControls_CampaignUI_onEvent_onClick_CampaignMissionControls_CampaignUI	1	780997
FrameHandleListener_onClick_CampaignMissionControls_CampaignUI_onEvent_onClick_CampaignMissionControls_CampaignUI1	1	781422
FrameHandleListener_onClick_CampaignMissionInfoOverlay_CampaignUI_onEvent_onClick_CampaignMissionInfoOverlay_CampaignUI	1	804213
FrameHandleListener_onClick_CampaignUI_CampaignUI_onEvent_onClick_CampaignUI_CampaignUI	1	912293
FrameHandleListener_onClick_CampaignUI_CampaignUI_onEvent_onClick_CampaignUI_CampaignUI1	1	912972
FrameHandleListener_onClick_CampaignUI_CampaignUI_onEvent_onClick_CampaignUI_CampaignUI10	1	941722
FrameHandleListener_onClick_CampaignUI_CampaignUI_onEvent_onClick_CampaignUI_CampaignUI2	1	921551
FrameHandleListener_onClick_CampaignUI_CampaignUI_onEvent_onClick_CampaignUI_CampaignUI3	1	922197
FrameHandleListener_onClick_CampaignUI_CampaignUI_onEvent_onClick_CampaignUI_CampaignUI4	1	936956
FrameHandleListener_onClick_CampaignUI_CampaignUI_onEvent_onClick_CampaignUI_CampaignUI5	1	937496
FrameHandleListener_onClick_CampaignUI_CampaignUI_onEvent_onClick_CampaignUI_CampaignUI6	1	937901
FrameHandleListener_onClick_CampaignUI_CampaignUI_onEvent_onClick_CampaignUI_CampaignUI7	1	939050
FrameHandleListener_onClick_CampaignUI_CampaignUI_onEvent_onClick_CampaignUI_CampaignUI8	1	939504
FrameHandleListener_onClick_CampaignUI_CampaignUI_onEvent_onClick_CampaignUI_CampaignUI9	1	940712
FrameHandleListener_onClick_Campaign_onEvent_onClick_Campaign	1	950931
FrameHandleListener_onClick_Campaign_onEvent_onClick_Campaign1	1	951484
FrameHandleListener_onClick_Campaign_onEvent_onClick_Campaign2	1	951813
FrameHandleListener_onClick_Campaign_onEvent_onClick_Campaign3	1	952204
FrameHandleListener_onClick_ChapterCard_CampaignUICards_onEvent_onClick_ChapterCard_CampaignUICards	1	751777
FrameHandleListener_onClick_DraftUIScreen_DraftUI_onEvent_onClick_DraftUIScreen_DraftUI	1	1154506
FrameHandleListener_onClick_DraftWindow_DraftWindow_onEvent_onClick_DraftWindow_DraftWindow	1	1185090
FrameHandleListener_onClick_DraftWindow_DraftWindow_onEvent_onClick_DraftWindow_DraftWindow1	1	1185721
FrameHandleListener_onClick_MissionTile_CampaignUICards_onEvent_onClick_MissionTile_CampaignUICards	1	758463
FrameHandleListener_onClick_RoundStatsBoard_onEvent_onClick_RoundStatsBoard	1	1515620
FrameHandleListener_onClick_SupplyCard_CampaignUICards_onEvent_onClick_SupplyCard_CampaignUICards	1	775037
FrameHandleListener_onClick_TableUiButtons_onEvent_onClick_TableUiButtons	1	1611820
FrameHandleListener_onClick_TeammateGrid_InfoWindow_onEvent_onClick_TeammateGrid_InfoWindow	1	1268465
FrameHandleListener_onClick_UICheckbox_TableUiButtons_onEvent_onClick_UICheckbox_TableUiButtons	1	1614023
FrameHandleListener_onClick_UIModalBackdrop_TableUiModal_onEvent_onClick_UIModalBackdrop_TableUiModal	1	1621204
FrameHandleListener_onClick_UITabs_TableUiTabs_onEvent_onClick_UITabs_TableUiTabs	1	1630599
FrameHandleListener_onClick_build_CampaignMissionControls_CampaignUI_onEvent_onClick_build_CampaignMissionControls_CampaignUI	1	784494
FrameHandleListener_onClick_build_CampaignMissionControls_CampaignUI_onEvent_onClick_build_CampaignMissionControls_CampaignUI1	1	785006
FrameHandleListener_onClick_build_CampaignUI_CampaignUI_onEvent_onClick_build_CampaignUI_CampaignUI	1	915886
FrameHandleListener_onClick_build_CampaignUI_CampaignUI_onEvent_onClick_build_CampaignUI_CampaignUI1	1	920705
FrameHandleListener_onClick_build_RoundStatsBoard_onEvent_onClick_build_RoundStatsBoard	1	1515180
FrameHandleListener_onClick_build_doAfter_AfkCheck_onEvent_onClick_build_doAfter_AfkCheck	1	463486
FrameHandleListener_onClick_withParent_CampaignUI_CampaignUI_onEvent_onClick_withParent_CampaignUI_CampaignUI	1	929117
FrameHandleListener_onClick_withParent_CampaignUI_CampaignUI_onEvent_onClick_withParent_CampaignUI_CampaignUI1	1	936432
FrameHandleListener_onEditboxChange_CampaignAntiCheat_onEvent_onEditboxChange_CampaignAntiCheat	1	639021
FrameHandleListener_onEditboxEnter_CampaignAntiCheat_onEvent_onEditboxEnter_CampaignAntiCheat	1	639349
FrameHandleListener_onSliderValueChange_CampaignUI_CampaignUI_onEvent_onSliderValueChange_CampaignUI_CampaignUI	1	938474
Fs:create751	1	1394381
Ft:create797	1	1420287
Fu:create849	1	1441974
Fv:create899	1	1463916
Fw:create947	1	1482129
Fx:create978	1	1493378
Fy:create1003	1	1505765
Fz:create1051	1	1554647
G	1	123245
GA:create1093	1	1576412
GB:create1131	1	1648961
GC	1	1702186
GD	1	2104433
GE	1	2305997
GF	1	2791197
GG	1	3032924
GH	1	3216843
GJ	1	3473166
GK	1	3591870
GL	1	3742420
GM	1	3819837
GP	1	4438129
GR	1	1686418
GameMode_GameMode_getId	1	1298680
Gb:create18	1	469724
Gc:create69	1	536588
Gd:create109	1	576387
Ge:create147	1	632416
Gf:create193	1	703081
Gg:create254	1	922501
Gh:create295	1	957269
Gi:create326	1	977817
Gj	1	1000720
GjallPattern_getLength	1	2322179
GjallPattern_getPosition	1	2322225
GjallarHornDummyCaster_GjallarHornDummyCaster_prepare	1	1202181
GjallarHornDummyCaster_new_GjallarHornDummyCaster	1	1202387
Gk:create414	1	1077365
Gl	1	1110441
GlobalCheckState_GlobalCheckState_update	1	507118
GlobalCheckState_destroyGlobalCheckState	1	507622
Gm:create494	1	1189919
Gn:create536	1	1219581
Go:create578	1	1287678
Gp:create623	1	1306141
Gq	1	1324483
Gr:create710	1	1374171
GroupIterator_GroupIterator_hasNext	1	1208708
GroupIterator_GroupIterator_next	1	1208808
GroupIterator_destroyGroupIterator	1	1208980
GroupIterator_new_GroupIterator	1	1209188
Gs:create752	1	1394585
Gt:create798	1	1420529
Gu:create850	1	1442581
Gv:create900	1	1464538
Gw:create948	1	1482519
Gx:create979	1	1493829
Gy:create1004	1	1506080
Gz:create1052	1	1555095
H	1	123864
HA	1	1576557
HB:create1132	1	1649354
HC	1	1702826
HD	1	2106461
HE	1	2325222
HF	1	2794437
HG	1	3035312
HH	1	3230452
HI	1	3310031
HJ	1	3473798
HK	1	3596304
HL	1	3742630
HM	1	3820008
HN	1	3859628
HP	1	4439169
HashList_HashList_add	1	1210253
HashList_HashList_clear	1	1210801
HashList_HashList_count	1	1209617
HashList_HashList_decrOccurences	1	1209999
HashList_HashList_get	1	1210673
HashList_HashList_has	1	1212220
HashList_HashList_incrOccurences	1	1209745
HashList_HashList_remove	1	1211787
HashList_HashList_removeAt	1	1211072
HashList_HashList_size	1	1212149
HashList_destroyHashList	1	1212454
HashList_new_HashList	1	1212305
HashMap_HashMap_flush	1	1212647
HashMap_HashMap_get	1	1213234
HashMap_HashMap_getAndRemove	1	1213532
HashMap_HashMap_has	1	1212931
HashMap_HashMap_put	1	1213029
HashMap_HashMap_remove	1	1213358
HashMap_destroyHashMap	1	1212828
HashMap_new_HashMap	1	1213662
Hb:create19	1	470745
Hc:create70	1	537261
Hd:create110	1	576662
He:create148	1	632805
Hf:create194	1	703350
Hg:create262	1	926528
Hh:create296	1	957557
HittabilityAspect_HittabilityAspect_calculateScore	1	1002879
HittabilityAspect_HittabilityAspect_deltaForBuilding	1	1004089
HittabilityAspect_HittabilityAspect_getDebugName	1	1004012
HittabilityAspect_HittabilityAspect_setBeforeScore	1	1003902
Hj	1	1000857
Hk:create415	1	1078686
Hl:create446	1	1110590
Hm:create495	1	1190251
Hn:create537	1	1219853
Ho:create579	1	1288473
Hp:create624	1	1306354
Hq:create672	1	1324650
Hs:create753	1	1394986
Ht:create799	1	1421796
Hu:create851	1	1443173
Hv:create901	1	1464849
Hw:create949	1	1482836
Hx:create980	1	1494202
Hy:create1005	1	1506388
Hz:create1053	1	1555513
I	1	421729
IA:create1094	1	1576909
IB:create1133	1	1649904
IC	1	1703763
ID	1	2131987
IE	1	2328281
IF	1	2825683
IG	1	3038952
IH	1	3230902
II	1	3346460
IJ	1	3481793
IK	1	3598803
IL	1	3743320
IM	1	3820646
IMItrClosure_destroyIMItrClosure	1	1213996
IMItrClosure_forEach_DraftController_DraftData_run_forEach_DraftController_DraftData	1	1098097
IMItrClosure_forEach_DraftController_DraftData_run_forEach_DraftController_DraftData1	1	1099374
IMItrClosure_forEach_DraftController_DraftData_run_forEach_DraftController_DraftData2	1	1099877
IMItrClosure_forEach_DraftController_DraftData_run_forEach_DraftController_DraftData3	1	1101608
IMItrClosure_forEach_DraftController_DraftData_run_forEach_DraftController_DraftData4	1	1101906
IMItrClosure_forEach_DraftController_DraftData_run_forEach_DraftController_DraftData5	1	1103552
IMItrClosure_forEach_DraftController_DraftData_run_forEach_DraftController_DraftData6	1	1104257
IMItrClosure_forEach_DraftOrchestrator_run_forEach_DraftOrchestrator	1	1111057
IMItrClosure_forEach_onPick_DraftUIScreen_DraftUI_run_forEach_onPick_DraftUIScreen_DraftUI	1	1161133
IMItrClosure_forEach_onReroll_DraftUIScreen_DraftUI_run_forEach_onReroll_DraftUIScreen_DraftUI	1	1162464
IMItrClosure_forEach_onRoundEnd_DraftUIScreen_DraftUI_run_forEach_onRoundEnd_DraftUIScreen_DraftUI	1	1164078
IMItrClosure_forEach_onRoundStart_DraftUIScreen_DraftUI_run_forEach_onRoundStart_DraftUIScreen_DraftUI	1	1163177
IMItrClosure_forEach_onTimerTick_DraftUIScreen_DraftUI_run_forEach_onTimerTick_DraftUIScreen_DraftUI	1	1158611
IMItrClosure_forEach_onWarmupAllReady_DraftUIScreen_DraftUI_run_forEach_onWarmupAllReady_DraftUIScreen_DraftUI	1	1158067
IMItrClosure_forEach_onWarmupEnd_DraftUIScreen_DraftUI_run_forEach_onWarmupEnd_DraftUIScreen_DraftUI	1	1156938
IMItrClosure_forEach_onWarmupReadyUpdate_DraftUIScreen_DraftUI_run_forEach_onWarmupReadyUpdate_DraftUIScreen_DraftUI	1	1157502
IMItrClosure_forEach_onWarmupStart_DraftUIScreen_DraftUI_run_forEach_onWarmupStart_DraftUIScreen_DraftUI	1	1155837
IMItrClosure_forEach_onWarmupTick_DraftUIScreen_DraftUI_run_forEach_onWarmupTick_DraftUIScreen_DraftUI	1	1156406
IN	1	3860205
IP	1	4439945
Ib:create20	1	471069
Ic:create71	1	539297
Id	1	1697851
Ie:create149	1	633196
If:create195	1	703604
Ig:create264	1	927431
Ih:create297	1	957770
Ii:create327	1	978709
Ij:create369	1	1001030
Ik	1	1078757
Il	1	1110661
Im:create496	1	1190620
In:create538	1	1220119
InfoData_destroyInfoData	1	464137
InfoData_new_InfoData	1	463848
InfoWindow_InfoWindow_addPickIcon	1	1244975
InfoWindow_InfoWindow_buildingHasTagForSummary	1	1249383
InfoWindow_InfoWindow_countTagAcrossTeam	1	1248746
InfoWindow_InfoWindow_create	1	1233517
InfoWindow_InfoWindow_formatTagSummary	1	1242849
InfoWindow_InfoWindow_getSummaryTagByIndex	1	1242435
InfoWindow_InfoWindow_getSummaryTagCount	1	1242367
InfoWindow_InfoWindow_getTagColor	1	1250139
InfoWindow_InfoWindow_hide	1	1233024
InfoWindow_InfoWindow_hideGlobally	1	1243941
InfoWindow_InfoWindow_highlightSlotsForPack	1	1245851
InfoWindow_InfoWindow_invalidateTagSummary	1	1243710
InfoWindow_InfoWindow_refreshTagSummary	1	1243072
InfoWindow_InfoWindow_reset	1	1246986
InfoWindow_InfoWindow_setPerkPick	1	1245526
InfoWindow_InfoWindow_setRerollUsed	1	1245290
InfoWindow_InfoWindow_setTimer	1	1244227
InfoWindow_InfoWindow_show	1	1233271
InfoWindow_new_InfoWindow	1	1250810
InsideCagePattern_getLength	1	2322734
InsideCagePattern_getPosition	1	2322785
InstantDummyCaster_castPoint	1	3233421
InstantDummyCaster_castPoint1	1	3233947
InstantDummyCaster_prepare	1	3232585
IntClosure_registerMode_ModeParser_ModeParser_call_registerMode_ModeParser_ModeParser	1	1300410
IntClosure_registerMode_ModeParser_ModeParser_call_registerMode_ModeParser_ModeParser1	1	1300875
IntClosure_registerMode_ModeParser_ModeParser_call_registerMode_ModeParser_ModeParser10	1	1308825
IntClosure_registerMode_ModeParser_ModeParser_call_registerMode_ModeParser_ModeParser11	1	1309038
IntClosure_registerMode_ModeParser_ModeParser_call_registerMode_ModeParser_ModeParser12	1	1309257
IntClosure_registerMode_ModeParser_ModeParser_call_registerMode_ModeParser_ModeParser13	1	1309478
IntClosure_registerMode_ModeParser_ModeParser_call_registerMode_ModeParser_ModeParser14	1	1309692
IntClosure_registerMode_ModeParser_ModeParser_call_registerMode_ModeParser_ModeParser2	1	1301363
IntClosure_registerMode_ModeParser_ModeParser_call_registerMode_ModeParser_ModeParser3	1	1306741
IntClosure_registerMode_ModeParser_ModeParser_call_registerMode_ModeParser_ModeParser4	1	1307082
IntClosure_registerMode_ModeParser_ModeParser_call_registerMode_ModeParser_ModeParser5	1	1307712
IntClosure_registerMode_ModeParser_ModeParser_call_registerMode_ModeParser_ModeParser6	1	1307934
IntClosure_registerMode_ModeParser_ModeParser_call_registerMode_ModeParser_ModeParser7	1	1308161
IntClosure_registerMode_ModeParser_ModeParser_call_registerMode_ModeParser_ModeParser8	1	1308381
IntClosure_registerMode_ModeParser_ModeParser_call_registerMode_ModeParser_ModeParser9	1	1308609
Io:create580	1	1288708
Ip:create625	1	1306670
Iq:create673	1	1332203
Ir:create711	1	1374571
Is:create754	1	1395217
It:create800	1	1422244
IterableMap_IterableMap_flush	1	1214197
IterableMap_IterableMap_forEach	1	1215653
IterableMap_IterableMap_getAndRemove	1	1215079
IterableMap_IterableMap_hasKey	1	1215278
IterableMap_IterableMap_put	1	1214707
IterableMap_IterableMap_remove	1	1214895
IterableMap_IterableMap_size	1	1215181
IterableMap_destroyIterableMap	1	1214496
IterableMap_new_IterableMap	1	1215384
Iu:create852	1	1444025
Iv:create902	1	1465216
Iw:create950	1	1483150
Iy:create1006	1	1506705
Iz:create1054	1	1555749
JB:create1134	1	1650252
JC	1	1705999
JD	1	2142305
JE	1	2329874
JF	1	2841814
JG	1	3044058
JH	1	3231273
JI	1	3382967
JJ	1	3482048
JK	1	3603700
JL	1	3745231
JM	1	3820862
JN	1	1713490
JP	1	4440487
Jb:create21	1	471455
Jc:create72	1	539862
Jd:create111	1	576905
Je:create150	1	633514
Jf:create196	1	703853
Jg:create263	1	928945
Jh:create298	1	962429
Ji:create328	1	979458
Jj	1	1002504
Jk:create416	1	1078882
Jl:create447	1	1110794
Jm:create497	1	1190960
Jn:create539	1	1220387
Jo:create581	1	1289143
Jp:create626	1	1307011
Jq:create674	1	1334408
Js:create755	1	1395400
Jt:create801	1	1422479
Ju:create853	1	1444360
Jv:create903	1	1465466
Jw:create951	1	1483571
Jy:create1007	1	1507814
Jz:create1055	1	1556426
KA:create1095	1	1581519
KB:create1135	1	1650553
KC	1	1706163
KD	1	2199966
KE	1	2332201
KF	1	2879510
KG	1	3048356
KH	1	3231500
KI	1	3386219
KJ	1	3484228
KK	1	3609801
KL	1	3745729
KM	1	3820926
KN	1	1714182
KO	1	3942240
KP	1	4440687
Kb:create22	1	471789
Kc:create73	1	540878
Kd:create112	1	577357
Ke:create151	1	633964
Kf:create197	1	704094
Kg:create239	1	929560
Kh:create299	1	965027
Ki:create329	1	980027
Kj:create370	1	1002776
Kk	1	1078953
Kl	1	1110865
Km	1	1191114
Kn:create540	1	1220870
Ko:create582	1	1289397
Kp:create627	1	1307641
Kq:create675	1	1344075
Ks:create756	1	1395855
Kt:create802	1	1422712
Ku:create854	1	1444692
Kv:create904	1	1465715
Kw:create952	1	1483882
Ky:create1008	1	1508384
Kz:create1056	1	1556693
LA:create1096	1	1584139
LB:create1136	1	1651633
LC	1	1706507
LD	1	1723541
LE	1	2484760
LF	1	2888139
LG	1	3059284
LH	1	3231731
LJ	1	3485450
LK	1	3614560
LL	1	3748460
LLBackIterator_LLBackIterator_hasNext	1	1270876
LLBackIterator_LLBackIterator_next	1	1271009
LLBackIterator_LLBackIterator_reset	1	1270635
LLBackIterator_destroyLLBackIterator	1	1270822
LLBackIterator_new_LLBackIterator	1	1270400
LLEntry_destroyLLEntry	1	1271551
LLEntry_new_LLEntry	1	1271312
LLIterator_LLIterator_close	1	1272038
LLIterator_LLIterator_hasNext	1	1271921
LLIterator_LLIterator_next	1	1271775
LLIterator_LLIterator_reset	1	1272158
LLIterator_destroyLLIterator	1	1272593
LLIterator_new_LLIterator	1	1272321
LLItrClosure_destroyLLItrClosure	1	1272829
LLItrClosure_forEach_BuildingPools_run_forEach_BuildingPools	1	587893
LLItrClosure_forEach_BuildingPools_run_forEach_BuildingPools1	1	588182
LLItrClosure_forEach_BuildingPools_run_forEach_BuildingPools2	1	588405
LLItrClosure_forEach_LinkedList_LinkedList_run_forEach_LinkedList_LinkedList	1	1282586
LLItrClosure_forEach_PerkFortifiedOutpost_run_forEach_PerkFortifiedOutpost	1	1393336
LLItrClosure_forEach_PerkFortifiedOutpost_run_forEach_PerkFortifiedOutpost1	1	1393611
LLItrClosure_forEach_UltimateRoll_run_forEach_UltimateRoll	1	1652077
LLItrClosure_forEach_UltimateRoll_run_forEach_UltimateRoll1	1	1652319
LM	1	3822483
LN	1	1684565
LO	1	3942365
LP	1	4443764
LayerScope_withParent_BotCard_CampaignUICards_run_withParent_BotCard_CampaignUICards	1	737341
LayerScope_withParent_BuildingSlot_BuildingSlot_run_withParent_BuildingSlot_BuildingSlot	1	611005
LayerScope_withParent_CampaignMissionInfoOverlay_CampaignUI_run_withParent_CampaignMissionInfoOverlay_CampaignUI	1	802824
LayerScope_withParent_CampaignMissionInfoOverlay_CampaignUI_run_withParent_CampaignMissionInfoOverlay_CampaignUI1	1	803259
LayerScope_withParent_CampaignMissionInfoOverlay_CampaignUI_run_withParent_CampaignMissionInfoOverlay_CampaignUI2	1	803695
LayerScope_withParent_CampaignMissionRecordRow_CampaignUI_run_withParent_CampaignMissionRecordRow_CampaignUI	1	815761
LayerScope_withParent_CampaignMissionRecordRow_CampaignUI_run_withParent_CampaignMissionRecordRow_CampaignUI1	1	817002
LayerScope_withParent_CampaignMissionRecordRow_CampaignUI_run_withParent_CampaignMissionRecordRow_CampaignUI2	1	817442
LayerScope_withParent_CampaignSurvivalUI_run_withParent_CampaignSurvivalUI	1	706926
LayerScope_withParent_CampaignUI_CampaignUI_run_withParent_CampaignUI_CampaignUI	1	922600
LayerScope_withParent_CampaignUI_CampaignUI_run_withParent_CampaignUI_CampaignUI1	1	929650
LayerScope_withParent_CampaignUI_CampaignUI_run_withParent_CampaignUI_CampaignUI2	1	930048
LayerScope_withParent_CampaignUI_CampaignUI_run_withParent_CampaignUI_CampaignUI3	1	930446
LayerScope_withParent_CampaignUI_CampaignUI_run_withParent_CampaignUI_CampaignUI4	1	930904
LayerScope_withParent_CampaignUI_CampaignUI_run_withParent_CampaignUI_CampaignUI5	1	939885
LayerScope_withParent_ChapterCard_CampaignUICards_run_withParent_ChapterCard_CampaignUICards	1	748322
LayerScope_withParent_ChapterCard_CampaignUICards_run_withParent_ChapterCard_CampaignUICards1	1	748709
LayerScope_withParent_ChapterCard_CampaignUICards_run_withParent_ChapterCard_CampaignUICards2	1	749928
LayerScope_withParent_DraftUIScreen_DraftUI_run_withParent_DraftUIScreen_DraftUI	1	1152784
LayerScope_withParent_ForceColumn_RoundStatsBoard_run_withParent_ForceColumn_RoundStatsBoard	1	1521436
LayerScope_withParent_ForceColumn_RoundStatsBoard_run_withParent_ForceColumn_RoundStatsBoard1	1	1521685
LayerScope_withParent_PlayerCard_RoundStatsBoard_run_withParent_PlayerCard_RoundStatsBoard	1	1528987
LayerScope_withParent_PlayerCard_RoundStatsBoard_run_withParent_PlayerCard_RoundStatsBoard1	1	1529228
LayerScope_withParent_StarObjectiveRows_CampaignUICards_run_withParent_StarObjectiveRows_CampaignUICards	1	766089
LayerScope_withParent_SummaryCard_RoundStatsBoard_run_withParent_SummaryCard_RoundStatsBoard	1	1533376
LayerScope_withParent_SummaryCard_RoundStatsBoard_run_withParent_SummaryCard_RoundStatsBoard1	1	1533620
LayerScope_withParent_TeammateGrid_InfoWindow_run_withParent_TeammateGrid_InfoWindow	1	1267360
LayerScope_withParent_TeammateGrid_InfoWindow_run_withParent_TeammateGrid_InfoWindow1	1	1269236
LayerScope_withParent_build_RoundStatsBoard_run_withParent_build_RoundStatsBoard	1	1514496
LayerScope_withParent_withParent_CampaignUI_CampaignUI_run_withParent_withParent_CampaignUI_CampaignUI	1	926636
LayerScope_withParent_withParent_CampaignUI_CampaignUI_run_withParent_withParent_CampaignUI_CampaignUI1	1	935733
LayerScope_withParent_withParent_ForceColumn_RoundStatsBoard_run_withParent_withParent_ForceColumn_RoundStatsBoard	1	1523327
LayerScope_withParent_withParent_PlayerCard_RoundStatsBoard_run_withParent_withParent_PlayerCard_RoundStatsBoard	1	1530239
LayerScope_withParent_withParent_withParent_CampaignUI_CampaignUI_run_withParent_withParent_withParent_CampaignUI_CampaignUI	1	927523
LayerScope_withParent_withParent_withParent_ForceColumn_RoundStatsBoard_run_withParent_withParent_withParent_ForceColumn_RoundStatsBoard	1	1523915
Layer_getFrame	1	3827377
LayoutReport_LayoutReport_reportRowOverflow	1	1582757
LayoutReport_LayoutReport_reportTextOverflow	1	1583502
LayoutReport_LayoutReport_reportVerticalOverflow	1	1583213
LayoutReport_LayoutReport_reportZeroSize	1	1582246
LayoutReport_destroyLayoutReport	1	1583452
LayoutReport_new_LayoutReport	1	1581877
Lazy_Lazy_get	1	633350
Lazy_Lazy_retrieve	1	633303
Lazy_lazy_CFBuilding_CFBuilding_retrieve_lazy_CFBuilding_CFBuilding	1	631640
Lazy_lazy_CFBuilding_CFBuilding_retrieve_lazy_CFBuilding_CFBuilding1	1	632532
Lazy_lazy_CFBuilding_CFBuilding_retrieve_lazy_CFBuilding_CFBuilding2	1	632921
Lb:create23	1	472145
Lc:create74	1	542565
Ld:create113	1	577596
Le:create152	1	637739
Lf:create198	1	706391
Lg:create240	1	929958
Lh	1	965187
LinkedListPredicate_destroyLinkedListPredicate	1	1282417
LinkedListPredicate_filter_joinBy_DisplayTimedTextToPlayer_addCommand_WurstCommand_isTrueFor_filter_joinBy_DisplayTimedTextToPlayer_addCommand_WurstCommand	1	1669041
LinkedList_LinkedList_add	1	1273064
LinkedList_LinkedList_addAll	1	1273449
LinkedList_LinkedList_backiterator	1	1277142
LinkedList_LinkedList_clear	1	1281185
LinkedList_LinkedList_copy	1	1276419
LinkedList_LinkedList_dequeue	1	1274571
LinkedList_LinkedList_enqueue	1	1277239
LinkedList_LinkedList_filter	1	1279595
LinkedList_LinkedList_forEach	1	1277324
LinkedList_LinkedList_get	1	1273827
LinkedList_LinkedList_getDummy	1	1281543
LinkedList_LinkedList_getEntry	1	1273934
LinkedList_LinkedList_getEntryUnchecked	1	1278304
LinkedList_LinkedList_getFirst	1	1274368
LinkedList_LinkedList_getLast	1	1274470
LinkedList_LinkedList_getRandomElement	1	1278094
LinkedList_LinkedList_has	1	1275359
LinkedList_LinkedList_isEmpty	1	1276336
LinkedList_LinkedList_iterator	1	1273742
LinkedList_LinkedList_map	1	1279362
LinkedList_LinkedList_onDestroy	1	1281619
LinkedList_LinkedList_peek	1	1275274
LinkedList_LinkedList_pop	1	1275040
LinkedList_LinkedList_push	1	1274286
LinkedList_LinkedList_remove	1	1275931
LinkedList_LinkedList_removeAt	1	1275600
LinkedList_LinkedList_removeEntry	1	1274809
LinkedList_LinkedList_set	1	1274178
LinkedList_LinkedList_shuffle	1	1277584
LinkedList_LinkedList_size	1	1276259
LinkedList_LinkedList_sort	1	1279008
LinkedList_LinkedList_sortMerge	1	1280349
LinkedList_LinkedList_sortWith	1	1278533
LinkedList_LinkedList_split	1	1279985
LinkedList_destroyLinkedList	1	1282105
LinkedList_joinBy	1	3245817
LinkedList_new_LinkedList	1	1276762
Lj	1	1004560
Lk:create417	1	1079086
Ll:create448	1	1110986
Lm:create498	1	1191397
Ln:create541	1	1230974
Lo:create583	1	1289694
LoadListener_loadData_CampaignSaveData_onLoad_loadData_CampaignSaveData	1	657698
Loglevel_getTag	1	3515532
Lp:create628	1	1307863
Lq:create678	1	1344670
Lr:create712	1	1374764
Ls:create757	1	1396752
Lt:create803	1	1422945
Lu:create855	1	1445016
Lv:create905	1	1465945
Lw:create953	1	1484301
Ly:create1009	1	1508954
Lz:create1057	1	1560893
MA:create1097	1	1589512
MB:create1137	1	1651997
MC	1	1707535
ME	1	2485891
MF	1	2889886
MG	1	3140251
MH	1	3232132
MJ	1	3486327
MK	1	3616666
ML	1	3748669
MM	1	3825797
MMD_flagPlayer	1	3274414
MN	1	1685729
MO	1	3942537
MP	1	4444304
MapClosure_destroyMapClosure	1	1282929
MapClosure_map_filter_joinBy_DisplayTimedTextToPlayer_addCommand_WurstCommand_run_map_filter_joinBy_DisplayTimedTextToPlayer_addCommand_WurstCommand	1	1668760
Mb:create24	1	472405
Mc:create75	1	543159
Me:create153	1	638499
MeleeRangedBalanceAspect_MeleeRangedBalanceAspect_calculateScore	1	1004974
MeleeRangedBalanceAspect_MeleeRangedBalanceAspect_computeScoreInternal	1	1005955
MeleeRangedBalanceAspect_MeleeRangedBalanceAspect_deltaForBuilding	1	1005578
MeleeRangedBalanceAspect_MeleeRangedBalanceAspect_getDebugName	1	1005487
MeleeRangedBalanceAspect_MeleeRangedBalanceAspect_setBeforeScore	1	1005356
Metric_new_Metric	1	1190757
Mf:create199	1	706841
Mg:create241	1	930356
Mh:create300	1	966310
Mi:create330	1	980916
MissionProgressData_MissionProgressData_applyToMission	1	685738
MissionProgressData_MissionProgressData_deserializeProperties	1	681110
MissionProgressData_MissionProgressData_getRecordBestTimeSeconds	1	684317
MissionProgressData_MissionProgressData_hasDetailedRecordData	1	683516
MissionProgressData_MissionProgressData_serializeProperties	1	678968
MissionProgressData_MissionProgressData_setRecordBestTimeSeconds	1	684588
MissionProgressData_MissionProgressData_setRecordDraftSnapshot	1	684859
MissionProgressData_destroyMissionProgressData	1	683452
MissionProgressData_new_MissionProgressData	1	687324
MissionProgressData_new_MissionProgressData1	1	688621
MissionTile_MissionTile_build	1	752269
MissionTile_MissionTile_handleClick	1	755928
MissionTile_MissionTile_setMission	1	756295
MissionTile_new_MissionTile	1	758117
Mj:create371	1	1004816
Mk	1	1079157
Ml:create449	1	1111205
Mm	1	1191468
Mn:create542	1	1231231
Mo:create584	1	1289992
ModalDismissCallback_onClick_CampaignMissionInfoOverlay_CampaignUI_run_onClick_CampaignMissionInfoOverlay_CampaignUI	1	802494
ModalDismissCallback_onClick_RoundStatsBoard_run_onClick_RoundStatsBoard	1	1510711
ModeParser_announceSelectedModePreviewToAll	1	3331151
ModeParser_applyModeString__w3p_vmProtect	1	3324405
ModeParser_cancelModeSelectionTimer	1	3336154
ModeParser_clearSelectedModesAndRestart__w3p_vmProtect	1	3344780
ModeParser_formatSelectedModePreview	1	3329731
ModeParser_generalModeHint	1	3327323
ModeParser_generateCurrentModeString	1	3331068
ModeParser_generateModeString	1	3330682
ModeParser_hasSufficientBaseMode	1	3320621
ModeParser_initialize__w3p_vmProtect	1	3310787
ModeParser_isModeResetCommand__w3p_vmProtect	1	3326248
ModeParser_isModeSelectionPromptActive	1	3344870
ModeParser_isUltimateDraftIncompatibleModeId	1	3327980
ModeParser_isUltimateDraftModeActive	1	3327912
ModeParser_isUltimateDraftModeId	1	3327829
ModeParser_modeIdForPart	1	3327464
ModeParser_modeValueHint	1	3326328
ModeParser_parseModeAppend__w3p_vmProtect	1	3333462
ModeParser_parseMode__w3p_vmProtect	1	3333391
ModeParser_parseSingleMode__w3p_vmProtect	1	3334346
ModeParser_parsedModesContainUltimateDraftIncompatibleMode	1	3328154
ModeParser_partsContainUltimateDraftIncompatibleMode	1	3329066
ModeParser_partsContainUltimateDraftMode	1	3328623
ModeParser_rejectUltimateDraftConflict	1	3329533
ModeParser_resetSelectedModesForReentry__w3p_vmProtect	1	3342311
ModeParser_startModeSelectionTimerInternal	1	3342394
ModeParser_startModeSelectionTimer__w3p_vmProtect	1	3346375
ModeParser_startSelectedModesOrDefault__w3p_vmProtect	1	3324323
Mp:create629	1	1308090
Mq:create676	1	1345542
Mr:create713	1	1375205
Ms:create758	1	1396939
Mt:create804	1	1423178
Mu:create856	1	1445328
MultiboardLayoutBuilder_attachTableLayoutToMultiboard_ReactivePlayerMultiboard_PlayerMultiboard_build_attachTableLayoutToMultiboard_ReactivePlayerMultiboard_PlayerMultiboard	1	1415019
Mv:create906	1	1466177
Mw:create954	1	1484735
My:create1010	1	1509653
Mz:create1059	1	1561188
N	1	422393
NA:create1098	1	1608002
NB:create1138	1	1652239
NC	1	1712577
ND	1	2200660
NE	1	2491475
NG	1	3140738
NH	1	3234083
NI	1	3389600
NJ	1	3490155
NK	1	3616943
NL	1	3749763
NM	1	3825889
NN	1	3860505
NP	1	4444520
Nb:create25	1	472867
Nc:create76	1	544270
Nd:create114	1	577885
Ne:create154	1	638858
Nf:create200	1	708276
Ng:create242	1	930754
Nh	1	966481
Ni:create331	1	981245
Nj	1	1006457
Nk:create418	1	1079278
Nl:create450	1	1111479
Nm:create499	1	1191657
Nn:create544	1	1231624
No:create585	1	1290596
NoOpState_NoOpState_enter	1	1568254
NoOpState_NoOpState_exit	1	1568353
NoOpState_NoOpState_update	1	1568301
NoOpState_destroyNoOpState	1	1568399
Np:create630	1	1308310
Nq:create679	1	1346040
Nr:create714	1	1376088
Ns:create759	1	1397578
Nt:create805	1	1423412
Nu:create857	1	1445630
Nv:create907	1	1466568
Nw:create955	1	1485172
Ny:create577	1	1510167
Nz:create1058	1	1561484
O	1	422688
OA:create1099	1	1611644
OC	1	1715456
OD	1	2206531
OE	1	2492489
OF	1	2890405
OH	1	3234326
OI	1	3390254
OJ	1	3490769
OK	1	3620697
OL	1	3750300
OM	1	3826039
OO	1	4224246
OP	1	4444739
Ob:create26	1	473160
Observer_Observer_cleanupSources	1	1499792
Observer_Observer_destroySources	1	1500065
Observer_Observer_disposeInternal	1	1500767
Observer_Observer_isDisposed	1	1499321
Observer_Observer_markQueued	1	1499396
Observer_Observer_onDependencyChanged	1	1500397
Observer_Observer_runObserver	1	1500713
Observer_Observer_runTracked	1	1500483
Observer_Observer_schedule	1	1500270
Observer_Observer_trackSource	1	1499470
Oc:create77	1	544837
Od	1	1721583
Oe:create155	1	639186
Of:create201	1	708886
Og:create265	1	935654
Oh:create301	1	967675
Oi:create332	1	981540
Oj:create372	1	1006810
Ok:create421	1	1096329
Ol:create451	1	1111843
Om:create500	1	1193555
On:create543	1	1232105
OnCastListener_OnCastListener_onDestroy	1	966594
OnCastListener_destroyOnCastListener	1	967561
OnCastListener_onCast_RescueStrikeRuntime_fire_onCast_RescueStrikeRuntime	1	1506567
OnCastListener_onCast_TowerRange_fire_onCast_TowerRange	1	1650076
OnCastListener_onCast_doAfter_MMDData_fire_onCast_doAfter_MMDData	1	1289568
OnCastListener_onCast_doAfter_MMDData_fire_onCast_doAfter_MMDData1	1	1289865
OnDraftEnd_onDraftEnd_DraftUIScreen_DraftUI_call_onDraftEnd_DraftUIScreen_DraftUI	1	1166292
OnPacksAssigned_onPacks_DraftUIScreen_DraftUI_call_onPacks_DraftUIScreen_DraftUI	1	1158884
OnPickMade_onPick_DraftUIScreen_DraftUI_call_onPick_DraftUIScreen_DraftUI	1	1160679
OnPointCast_OnPointCast_fire	1	967846
OnPointCast_onPointCast_RescueStrikeRuntime_fireEx_onPointCast_RescueStrikeRuntime	1	1506877
OnPointCast_onPointCast_RescueStrikeRuntime_fireEx_onPointCast_RescueStrikeRuntime1	1	1507986
OnPointCast_onPointCast_RescueStrikeRuntime_fireEx_onPointCast_RescueStrikeRuntime2	1	1508556
OnRerollDone_onReroll_DraftUIScreen_DraftUI_call_onReroll_DraftUIScreen_DraftUI	1	1162067
OnRoundEnd_onRoundEnd_DraftUIScreen_DraftUI_call_onRoundEnd_DraftUIScreen_DraftUI	1	1163735
OnRoundStart_onRoundStart_DraftUIScreen_DraftUI_call_onRoundStart_DraftUIScreen_DraftUI	1	1162896
OnStarterPick_onStarterPick_TeammateGrid_InfoWindow_call_onStarterPick_TeammateGrid_InfoWindow	1	1266323
OnTimerTick_onTimerTick_DraftUIScreen_DraftUI_call_onTimerTick_DraftUIScreen_DraftUI	1	1158333
OnUnitCast_OnUnitCast_fire	1	968285
OnUnitCast_onTargetCast_BuildingSpells_fireEx_onTargetCast_BuildingSpells	1	613540
OnUnitCast_onTargetCast_OrbOfLightning_fireEx_onTargetCast_OrbOfLightning	1	1359745
OnWarmupAllReady_onWarmupAllReady_DraftUIScreen_DraftUI_call_onWarmupAllReady_DraftUIScreen_DraftUI	1	1157791
OnWarmupEnd_onWarmupEnd_DraftUIScreen_DraftUI_call_onWarmupEnd_DraftUIScreen_DraftUI	1	1156677
OnWarmupReadyUpdate_onWarmupReadyUpdate_DraftUIScreen_DraftUI_call_onWarmupReadyUpdate_DraftUIScreen_DraftUI	1	1157194
OnWarmupReady_onWarmupReady_DraftController_DraftData_call_onWarmupReady_DraftController_DraftData	1	1096408
OnWarmupStart_onWarmupStart_DraftUIScreen_DraftUI_call_onWarmupStart_DraftUIScreen_DraftUI	1	1155419
OnWarmupTick_onWarmupTick_DraftUIScreen_DraftUI_call_onWarmupTick_DraftUIScreen_DraftUI	1	1156125
Oo:create586	1	1290839
Op:create631	1	1308538
Oq:create680	1	1346339
Os:create760	1	1397872
Ot:create806	1	1423658
Ou:create858	1	1446016
Ov:create908	1	1466919
Ow:create956	1	1485562
Oy:create1011	1	1510379
Oz:create1060	1	1561783
PA:create1100	1	1612021
PB:create1139	1	1652481
PC	1	1717788
PF	1	2896797
PG	1	3141215
PH	1	3234517
PI	1	3393060
PJ	1	3492495
PK	1	3622017
PL	1	3750485
PM	1	3826774
PN	1	3860917
PO	1	4238228
PP	1	4444923
PackSupplier_PackSupplier_getPackCount	1	1105176
PackSupplier_PackSupplier_getRoundLabel	1	1105106
PackSupplier_PackSupplier_makePair	1	1105245
PatternSeekerCaged_PatternSeekerCaged_next	1	1370995
PatternSeekerCaged_destroyPatternSeekerCaged	1	1371777
PatternSeekerCaged_new_PatternSeekerCaged	1	1371839
PatternSeeker_PatternSeeker_cellToWorld	1	1368405
PatternSeeker_PatternSeeker_checkExhausted	1	1365251
PatternSeeker_PatternSeeker_checkExhaustedAvoiding	1	1365435
PatternSeeker_PatternSeeker_checkExhaustedAvoidingCached	1	1366822
PatternSeeker_PatternSeeker_checkExhaustedCached	1	1366493
PatternSeeker_PatternSeeker_checkExhaustedPairCached	1	1367167
PatternSeeker_PatternSeeker_matchesAny	1	1368953
PatternSeeker_PatternSeeker_next	1	1364420
PatternSeeker_PatternSeeker_nextAvoidingFrom	1	1365649
PatternSeeker_PatternSeeker_nextFrom	1	1364520
PatternSeeker_PatternSeeker_setRejector	1	1364328
PatternSeeker_destroyPatternSeeker	1	1370397
PatternSeeker_new_PatternSeeker	1	1369590
Pb:create27	1	473475
Pc:create78	1	546047
Pd:create115	1	578720
Pe:create156	1	639492
PerkApplyFunc_PerkBreachingDoctrine_call_PerkBreachingDoctrine	1	1374835
PerkApplyFunc_PerkContainmentFocus_call_PerkContainmentFocus	1	1387371
PerkApplyFunc_PerkFeatheredFriend_call_PerkFeatheredFriend	1	1393128
PerkApplyFunc_PerkFortifiedOutpost_call_PerkFortifiedOutpost	1	1394452
PerkApplyFunc_PerkManaLeak_call_PerkManaLeak	1	1399973
PerkApplyFunc_PerkSpellsEdge_call_PerkSpellsEdge	1	1402212
PerkApplyFunc_PerkTranscendentBlades_call_PerkTranscendentBlades	1	1404891
PerkApplyFunc_makePerkPack_DefaultPackSupplier_DraftOrchestrator_call_makePerkPack_DefaultPackSupplier_DraftOrchestrator	1	1113465
PerkApplyFunc_setCleanup_PerkArcaneOvercharge_call_setCleanup_PerkArcaneOvercharge	1	1373423
PerkApplyFunc_setCleanup_PerkBuildingEnchantment_call_setCleanup_PerkBuildingEnchantment	1	1377773
PerkApplyFunc_setCleanup_PerkBuildingEnchantment_call_setCleanup_PerkBuildingEnchantment1	1	1380666
PerkApplyFunc_setCleanup_PerkBulwarkMarch_call_setCleanup_PerkBulwarkMarch	1	1384599
PerkApplyFunc_setCleanup_PerkCagedAegis_call_setCleanup_PerkCagedAegis	1	1385488
PerkApplyFunc_setCleanup_PerkExecutionOrder_call_setCleanup_PerkExecutionOrder	1	1388977
PerkApplyFunc_setCleanup_PerkGlassCannon_call_setCleanup_PerkGlassCannon	1	1394656
PerkApplyFunc_setCleanup_PerkGroundControl_call_setCleanup_PerkGroundControl	1	1395471
PerkApplyFunc_setCleanup_PerkLastWallProtocol_call_setCleanup_PerkLastWallProtocol	1	1397010
PerkApplyFunc_setCleanup_PerkLonglineFormation_call_setCleanup_PerkLonglineFormation	1	1399034
PerkApplyFunc_setCleanup_PerkRampantGrowth_call_setCleanup_PerkRampantGrowth	1	1401049
PerkApplyFunc_setCleanup_PerkStormchaser_call_setCleanup_PerkStormchaser	1	1403765
PerkCleanupFunc_setCleanup_PerkArcaneOvercharge_call_setCleanup_PerkArcaneOvercharge	1	1374642
PerkCleanupFunc_setCleanup_PerkBuildingEnchantment_call_setCleanup_PerkBuildingEnchantment	1	1379864
PerkCleanupFunc_setCleanup_PerkBuildingEnchantment_call_setCleanup_PerkBuildingEnchantment1	1	1382877
PerkCleanupFunc_setCleanup_PerkBulwarkMarch_call_setCleanup_PerkBulwarkMarch	1	1385303
PerkCleanupFunc_setCleanup_PerkCagedAegis_call_setCleanup_PerkCagedAegis	1	1387190
PerkCleanupFunc_setCleanup_PerkExecutionOrder_call_setCleanup_PerkExecutionOrder	1	1391077
PerkCleanupFunc_setCleanup_PerkGlassCannon_call_setCleanup_PerkGlassCannon	1	1395288
PerkCleanupFunc_setCleanup_PerkGroundControl_call_setCleanup_PerkGroundControl	1	1396823
PerkCleanupFunc_setCleanup_PerkLastWallProtocol_call_setCleanup_PerkLastWallProtocol	1	1398370
PerkCleanupFunc_setCleanup_PerkLonglineFormation_call_setCleanup_PerkLonglineFormation	1	1399778
PerkCleanupFunc_setCleanup_PerkRampantGrowth_call_setCleanup_PerkRampantGrowth	1	1401759
PerkCleanupFunc_setCleanup_PerkStormchaser_call_setCleanup_PerkStormchaser	1	1404680
PerkIndexHandler_destroyPerkIndexHandler	1	1402067
PerkIndexHandler_perkOnIndex_PerkTranscendentBlades_call_perkOnIndex_PerkTranscendentBlades	1	1405554
PerkIndexHandler_perkOnIndex_setCleanup_PerkArcaneOvercharge_call_perkOnIndex_setCleanup_PerkArcaneOvercharge	1	1373996
PerkIndexHandler_perkOnIndex_setCleanup_PerkBuildingEnchantment_call_perkOnIndex_setCleanup_PerkBuildingEnchantment	1	1378558
PerkIndexHandler_perkOnIndex_setCleanup_PerkBulwarkMarch_call_perkOnIndex_setCleanup_PerkBulwarkMarch	1	1385038
PerkIndexHandler_perkOnIndex_setCleanup_PerkCagedAegis_call_perkOnIndex_setCleanup_PerkCagedAegis	1	1386176
PerkIndexHandler_perkOnIndex_setCleanup_PerkGlassCannon_call_perkOnIndex_setCleanup_PerkGlassCannon	1	1395057
PerkIndexHandler_perkOnIndex_setCleanup_PerkLastWallProtocol_call_perkOnIndex_setCleanup_PerkLastWallProtocol	1	1397656
PerkIndexHandler_perkOnIndex_setCleanup_PerkLonglineFormation_call_perkOnIndex_setCleanup_PerkLonglineFormation	1	1399488
PerkIndexHandler_perkOnIndex_setCleanup_PerkRampantGrowth_call_perkOnIndex_setCleanup_PerkRampantGrowth	1	1401491
PerkIndexHandler_perkOnIndex_setCleanup_PerkStormchaser_call_perkOnIndex_setCleanup_PerkStormchaser	1	1404215
Pf:create202	1	720581
Pg:create266	1	936251
Ph	1	967989
Pi:create333	1	981762
Pj:create373	1	1007491
Pk:create420	1	1097038
Pl:create452	1	1113394
PlanNextAction_PlanNextAction_enter	1	507766
PlanNextAction_PlanNextAction_update	1	508200
PlanNextAction_destroyPlanNextAction	1	510129
PlayerCard_PlayerCard_hide	1	1527258
PlayerCard_PlayerCard_render	1	1526142
PlayerCard_PlayerCard_setMetric	1	1525692
PlayerCard_construct_PlayerCard	1	1527531
PlayerCard_new_PlayerCard	1	1527404
PlayerDraftState_PlayerDraftState_canReroll	1	1106255
PlayerDraftState_PlayerDraftState_pick	1	1106046
PlayerDraftState_PlayerDraftState_resetRound	1	1105845
PlayerDraftState_PlayerDraftState_useReroll	1	1106358
PlayerDraftState_new_PlayerDraftState	1	1106535
PlayerFlag_toString	1	3269619
PlayerState_PlayerState_addGold	1	1350662
PlayerState_PlayerState_addLumber	1	1350976
PlayerState_PlayerState_incrementKills	1	1350038
PlayerState_PlayerState_incrementRescueKills	1	1350199
PlayerState_PlayerState_resetKills	1	1350378
PlayerState_PlayerState_syncFromGame	1	1349807
PlayerState_PlayerState_syncGoldFromGame	1	1350520
PlayerState_new_PlayerState	1	1351298
Pm:create501	1	1196282
Pn:create545	1	1232416
Po:create587	1	1291035
PositionProvider_AiExecutor_CustomAI_getPosition_AiExecutor_CustomAI	1	1060986
PositionProvider_AiExecutor_CustomAI_getPosition_AiExecutor_CustomAI1	1	1061247
PositionProvider_AiExecutor_CustomAI_getPosition_AiExecutor_CustomAI2	1	1061502
PositionProvider_AiExecutor_CustomAI_getPosition_AiExecutor_CustomAI3	1	1061757
PositionProvider_AiExecutor_CustomAI_getPosition_AiExecutor_CustomAI4	1	1062025
PositionProvider_AiExecutor_CustomAI_getPosition_AiExecutor_CustomAI5	1	1062295
PowerPlant434PlantPattern_getLength	1	2323416
PowerPlant434PlantPattern_getPosition	1	2323475
PowerPlant434SupportPattern_getLength	1	2324039
PowerPlant434SupportPattern_getPosition	1	2324101
Pp:create632	1	1308754
Pq:create681	1	1346993
Pr:create715	1	1376582
ProductionEnchantmentState_ProductionEnchantmentState_reset	1	1383411
ProductionEnchantmentState_new_ProductionEnchantmentState	1	1383612
Ps:create761	1	1398299
Pt:create807	1	1424097
Pu:create859	1	1446252
Pv:create909	1	1467755
Pw:create957	1	1486099
Py:create1012	1	1510639
Pz:create1061	1	1562416
QB:create1140	1	1652804
QC	1	1717962
QE	1	2493819
QF	1	2905297
QG	1	3143293
QH	1	3235885
QI	1	3393928
QJ	1	3493716
QK	1	3623144
QL	1	3752868
QM	1	3827575
QN	1	1677366
QO	1	4244287
QP	1	4445307
Qb:create28	1	473904
Qc:create79	1	547680
Qd:create116	1	579010
Qe:create157	1	639706
Qf:create203	1	722155
Qg:create243	1	936784
Qh:create302	1	968114
Qi:create334	1	982240
Qj:create374	1	1007680
Qk:create419	1	1097962
Ql:create453	1	1113623
Qm:create502	1	1196507
Qmk	1	41328
Qn:create546	1	1232673
Qo:create588	1	1291214
Qp:create633	1	1308967
Qq:create682	1	1347841
Qs:create762	1	1398963
Qt:create808	1	1424809
Qu:create860	1	1446481
QueueNode_QueueNode_send	1	1291455
QueueNode_destroyQueueNode	1	1292687
QueueNode_new_QueueNode	1	1292217
QueueTask_QueueTask_run	1	1635266
QueueTask_destroyQueueTask	1	1635315
QuickBuild_QuickBuild_enter	1	510269
QuickBuild_QuickBuild_update	1	510556
QuickBuild_destroyQuickBuild	1	513456
Qv:create910	1	1467993
Qw:create958	1	1486351
Qy:create1013	1	1510859
Qz:create1062	1	1563042
R	1	422804
RA	1	1612093
RB:create1141	1	1653154
RC	1	1718506
RD	1	2210579
RE	1	2494436
RF	1	2905586
RG	1	3146503
RH	1	3236098
RI	1	3397736
RJ	1	3496599
RK	1	3627846
RL	1	3760031
RM	1	3827741
RN	1	1684626
RO	1	4244635
RP	1	4447682
Rb:create29	1	474273
Rc:create80	1	548677
Rd:create117	1	579320
Re:create158	1	639925
ReactivePlayerMultiboard_ReactivePlayerMultiboard_addLocalResourceRow	1	1412987
ReactivePlayerMultiboard_ReactivePlayerMultiboard_buildContent	1	1409989
ReactivePlayerMultiboard_ReactivePlayerMultiboard_rebuildLocalResourceRows	1	1411830
ReactivePlayerMultiboard_ReactivePlayerMultiboard_refreshLocalLayout	1	1413577
ReactivePlayerMultiboard_ReactivePlayerMultiboard_renderFromState	1	1409243
ReactivePlayerMultiboard_new_ReactivePlayerMultiboard	1	1413775
Reference_Reference_into	1	1505456
Reference_destroyReference	1	1505576
Reference_new_Reference	1	1505620
ReleaseKeyboardFocusFrameListener_ReleaseKeyboardFocusFrameListener_onEvent	1	970116
ReleaseKeyboardFocusFrameListener_new_ReleaseKeyboardFocusFrameListener	1	969888
RescueStrikeTarget_RescueStrikeTarget_enter	1	514053
RescueStrikeTarget_RescueStrikeTarget_update	1	514270
RescueStrikeTarget_destroyRescueStrikeTarget	1	514478
ResourceRow_ResourceRow_renderNow	1	1324973
ResourceRow_new_ResourceRow	1	1327033
Rf:create204	1	737212
Rg:create244	1	937324
Rh	1	968433
Rj:create375	1	1008006
Rk:create424	1	1099287
Rl:create454	1	1113878
Rm:create503	1	1197208
Rn:create547	1	1251328
Ro:create589	1	1293154
RoundPlayerStats_RoundPlayerStats_addFrom	1	1535766
RoundPlayerStats_RoundPlayerStats_clear	1	1537634
RoundPlayerStats_RoundPlayerStats_damageDealt	1	1535363
RoundPlayerStats_RoundPlayerStats_totalKills	1	1535545
RoundPlayerStats_new_RoundPlayerStats	1	1538423
RoundTimeAndUnitsDisplay_RoundTimeAndUnitsDisplay_renderNow	1	1332428
RoundTimeAndUnitsDisplay_new_RoundTimeAndUnitsDisplay	1	1333153
Row_Row_add	1	1584579
Row_Row_contains	1	1588755
Row_Row_hasGrowY	1	1587031
Row_Row_invalidate	1	1584735
Row_Row_layout	1	1587368
Row_Row_onDestroy	1	1589178
Row_destroyRow	1	1589124
Row_new_Row	1	1584292
Rp:create634	1	1309186
Rq:create677	1	1348343
Rr:create716	1	1376900
Rs:create763	1	1399417
Rt:create809	1	1425462
Ru:create861	1	1446744
Rv:create911	1	1468232
Rw:create959	1	1486793
Ry:create1014	1	1514424
Rz:create1063	1	1563332
S	1	423049
SB:create1142	1	1653437
SC	1	1718887
SE	1	2494968
SF	1	2906027
SG	1	3146959
SH	1	3237262
SI	1	3397979
SJ	1	3497046
SK	1	3636192
SL	1	3761269
SM	1	3829032
SN	1	3861016
SO	1	4244775
SP	1	4448535
Sb:create30	1	474481
Sc:create81	1	550328
ScanCursor_ScanCursor_ensureInitialized	1	491571
ScanCursor_ScanCursor_nextCandidate	1	492293
ScanCursor_ScanCursor_reset	1	491414
ScanCursor_new_ScanCursor	1	493733
Sd:create118	1	579585
Se:create159	1	642478
Serializable_Serializable_addProperty	1	1544787
Serializable_Serializable_addProperty1	1	1545371
Serializable_Serializable_deserialize	1	1546994
Serializable_Serializable_getIntProperty	1	1545942
Serializable_Serializable_getStringProperty	1	1546094
Serializable_Serializable_padHash	1	1546722
Serializable_Serializable_parseInput	1	1547727
Serializable_Serializable_parseProperty	1	1548422
Serializable_Serializable_serialize	1	1546277
Sf:create205	1	739889
Sg:create245	1	937729
Sh:create303	1	968554
Si:create335	1	982623
Signal_Signal_get	1	1501917
Signal_Signal_notifySubscribers	1	1502238
Signal_Signal_peek	1	1502082
Signal_Signal_set	1	1502142
Signal_Signal_subscribe	1	1501412
Signal_Signal_unsubscribe	1	1501666
Signal_new_Signal	1	1502558
Sim3DSound_destroySim3DSound	1	1552199
Sj:create376	1	1060526
Sk:create422	1	1099806
Sl:create455	1	1114134
SlotRacePicker_new_SlotRacePicker	1	943399
Sm:create504	1	1197519
So:create590	1	1293412
SoundDefinition_SoundDefinition_getSound	1	1557099
SoundDefinition_SoundDefinition_getSound1	1	1557213
SoundDefinition_SoundDefinition_play	1	1558830
SoundDefinition_SoundDefinition_play1	1	1558936
SoundDefinition_SoundDefinition_play2	1	1559051
SoundDefinition_SoundDefinition_playForPlayer	1	1560065
SoundDefinition_SoundDefinition_playForPlayer1	1	1560197
SoundDefinition_SoundDefinition_playSound	1	1559298
SoundDefinition_SoundDefinition_recycle	1	1560472
SoundInstance_destroySoundInstance	1	1562248
SoundInstance_new_SoundInstance	1	1561999
Sp:create635	1	1309407
SpellEnchantmentState_SpellEnchantmentState_reset	1	1384078
SpellEnchantmentState_new_SpellEnchantmentState	1	1384254
SpotRejector_SpotRejector_shouldReject	1	1373213
SpotRejector_destroySpotRejector	1	1373286
Sq:create683	1	1348666
Sr:create717	1	1377227
Ss:create764	1	1399707
St:create810	1	1425995
StarObjectiveRows_StarObjectiveRows_build	1	760892
StarObjectiveRows_StarObjectiveRows_buildObjectiveRow	1	759075
StarObjectiveRows_StarObjectiveRows_setActiveMissionStatus	1	764347
StarObjectiveRows_StarObjectiveRows_setBeatenCheck	1	764053
StarObjectiveRows_StarObjectiveRows_setMission	1	762466
StarObjectiveRows_new_StarObjectiveRows	1	765802
StarStrip_StarStrip_build	1	944240
StarStrip_StarStrip_getStar	1	943904
StarStrip_StarStrip_hide	1	946095
StarStrip_StarStrip_setStar	1	944072
StarStrip_StarStrip_setStarMask	1	945580
StarStrip_new_StarStrip	1	946279
StartResourceMode_StartResourceMode_applyChoice	1	1314547
StartResourceMode_StartResourceMode_execute	1	1312611
StartResourceMode_StartResourceMode_isValidChoice	1	1314321
StartResourceMode_StartResourceMode_isValidValue	1	1313875
StartResourceMode_StartResourceMode_minForChoice	1	1314436
StartResourceMode_new_StartResourceMode	1	1314767
State_destroyState	1	1568772
StringClosureWithInt_addChoice_addChoice_registerMode_ModeParser_ModeParser_call_addChoice_addChoice_registerMode_ModeParser_ModeParser	1	1299015
StringClosureWithInt_addChoice_addChoice_registerMode_ModeParser_ModeParser_call_addChoice_addChoice_registerMode_ModeParser_ModeParser1	1	1299363
StringClosureWithInt_addChoice_addChoice_registerMode_ModeParser_ModeParser_call_addChoice_addChoice_registerMode_ModeParser_ModeParser2	1	1299712
StringClosureWithInt_addChoice_addChoice_registerMode_ModeParser_ModeParser_call_addChoice_addChoice_registerMode_ModeParser_ModeParser3	1	1300061
StringIterator_StringIterator_hasNext	1	1569269
StringIterator_StringIterator_next	1	1569390
StringIterator_destroyStringIterator	1	1570289
StringIterator_new_StringIterator	1	1569008
StringSyncListener_destroyStringSyncListener	1	1571139
Su:create862	1	1447139
SummaryCard_SummaryCard_setText	1	1531926
SummaryCard_new_SummaryCard	1	1532202
SupplierFunc_DefaultPackSupplier_DraftOrchestrator_supply_DefaultPackSupplier_DraftOrchestrator	1	1113705
SupplierFunc_DefaultPackSupplier_DraftOrchestrator_supply_DefaultPackSupplier_DraftOrchestrator1	1	1113960
Supplier_Supplier_get	1	1502837
Supplier_computed_MultiboardState_get_computed_MultiboardState	1	1348737
Supplier_computed_MultiboardState_get_computed_MultiboardState1	1	1348941
Supplier_computed_MultiboardState_get_computed_MultiboardState2	1	1349146
Supplier_computed_MultiboardState_get_computed_MultiboardState3	1	1349341
SupplyCard_SupplyCard_build	1	768290
SupplyCard_SupplyCard_handleClick	1	772006
SupplyCard_SupplyCard_setSupply	1	772344
SupplyCard_new_SupplyCard	1	774633
SupportOrderTask_SupportOrderTask_run	1	1204230
SupportOrderTask_new_SupportOrderTask	1	1204591
Sv:create912	1	1468471
Sw:create960	1	1487687
Sy:create1015	1	1515003
SyncData_SyncData_onDestroy	1	1571936
SyncData_destroySyncData	1	1572304
SyncData_new_SyncData	1	1571453
SyncMsg_destroySyncMsg	1	1576853
Sz:create1064	1	1563623
T	1	423369
TA	1	1708213
TB:create1143	1	1654128
TC	1	1721703
TD	1	2214813
TF	1	2906754
TG	1	3149255
TH	1	3237324
TI	1	3403044
TJ	1	3497234
TK	1	3636386
TL	1	3761580
TM	1	3830436
TN	1	3861224
TO	1	4245842
TP	1	4448777
TableLayout_TableLayout_add	1	1590353
TableLayout_TableLayout_applyTo	1	1596415
TableLayout_TableLayout_center	1	1600666
TableLayout_TableLayout_columnSlotWidth	1	1594688
TableLayout_TableLayout_columns	1	1591522
TableLayout_TableLayout_createContainer	1	1597044
TableLayout_TableLayout_defaultHalign	1	1600567
TableLayout_TableLayout_fitHeightToContent	1	1605140
TableLayout_TableLayout_gap	1	1596312
TableLayout_TableLayout_getLastCellOrWarn	1	1590793
TableLayout_TableLayout_gridTotalWidth	1	1595133
TableLayout_TableLayout_growX	1	1591192
TableLayout_TableLayout_growY	1	1591357
TableLayout_TableLayout_inspect	1	1601199
TableLayout_TableLayout_layout	1	1597190
TableLayout_TableLayout_middle	1	1601021
TableLayout_TableLayout_onDestroy	1	1607496
TableLayout_TableLayout_padBot	1	1595781
TableLayout_TableLayout_padLeft	1	1595956
TableLayout_TableLayout_padRight	1	1596133
TableLayout_TableLayout_padTop	1	1595606
TableLayout_TableLayout_recomputeColumns	1	1591612
TableLayout_TableLayout_remove	1	1605296
TableLayout_TableLayout_requiredHeight	1	1604932
TableLayout_TableLayout_row	1	1589981
TableLayout_TableLayout_start	1	1600844
TableLayout_destroyTableLayout	1	1607900
TableLayout_new_TableLayout	1	1605964
TableLayout_new_TableLayout1	1	1606750
Table_Table_flush	1	1634868
Table_Table_hasInt	1	1633091
Table_Table_hasString	1	1633189
Table_Table_loadDestructable	1	1634090
Table_Table_loadEffect	1	1634438
Table_Table_loadForce	1	1634214
Table_Table_loadFrameHandle	1	1634752
Table_Table_loadInt	1	1633397
Table_Table_loadString	1	1633687
Table_Table_loadTrigger	1	1634324
Table_Table_loadUnit	1	1633982
Table_Table_removeInt	1	1633293
Table_Table_saveFogState	1	1634550
Table_Table_saveInt	1	1633497
Table_Table_saveString	1	1633793
Table_destroyTable	1	1635078
Table_new_Table	1	1635004
TaskQueue_TaskQueue_add	1	1635547
TaskQueue_TaskQueue_executePeriodic	1	1635689
TaskQueue_TaskQueue_executeTasks	1	1635872
Tb:create31	1	474668
Tc:create82	1	550702
Td:create119	1	580022
TeamComparisonRow_TeamComparisonRow_renderNow	1	1334815
TeamComparisonRow_new_TeamComparisonRow	1	1336618
TeamDraftState_TeamDraftState_addPlayer	1	1107107
TeamDraftState_TeamDraftState_allPicked	1	1107225
TeamDraftState_new_TeamDraftState	1	1107618
TeamState_TeamState_incrementDestroyedBuildings	1	1352938
TeamState_TeamState_incrementKills	1	1352775
TeamState_TeamState_resetRoundStats	1	1353130
TeamVote_TeamVote_addVote	1	993558
TeamVote_TeamVote_checkForfeit	1	993771
TeamVote_TeamVote_countEligibleVotes	1	992619
TeamVote_TeamVote_reset	1	992370
TeamVote_TeamVote_startVote	1	993162
TeammateGrid_TeammateGrid_addIcon	1	1256010
TeammateGrid_TeammateGrid_addPerk	1	1257597
TeammateGrid_TeammateGrid_clearOfferHighlights	1	1259189
TeammateGrid_TeammateGrid_hide	1	1254765
TeammateGrid_TeammateGrid_hideGlobally	1	1253779
TeammateGrid_TeammateGrid_show	1	1255456
TeammateGrid_TeammateGrid_useReroll	1	1258873
TeammateGrid_construct_TeammateGrid	1	1259911
TeammateGrid_new_TeammateGrid	1	1259761
Tf:create206	1	740223
Tg:create246	1	938302
Th	1	968625
Ti:create336	1	982985
Tj:create377	1	1060890
Tk:create423	1	1100285
Tl:create456	1	1114749
Tm:create505	1	1197848
Tn:create548	1	1251548
To:create591	1	1293671
TowerPattern_getLength	1	2324667
TowerPattern_getPosition	1	2324713
Tp:create636	1	1309621
Tq:create684	1	1348870
Tr:create718	1	1377702
TryUpgrade_TryUpgrade_enter	1	515043
TryUpgrade_TryUpgrade_update	1	515161
TryUpgrade_destroyTryUpgrade	1	516249
Ts:create765	1	1399902
Tt:create811	1	1426241
Tu:create863	1	1447534
Tv:create913	1	1468843
Tw:create961	1	1488041
Ty:create1016	1	1515445
Tz:create1065	1	1563914
U	1	423986
UA	1	1685857
UB:create1144	1	1654721
UC	1	1721971
UD	1	2231255
UE	1	2498045
UF	1	2918532
UG	1	3150708
UH	1	3238690
UIBar_UIBar_applyValue	1	1609965
UIBar_UIBar_create	1	1608175
UIBar_UIBar_getActiveTexture	1	1611008
UIBar_UIBar_getBgTexture	1	1611180
UIBar_UIBar_setValue	1	1611240
UIBar_new_UIBar	1	1611384
UICheckbox_UICheckbox_addListener	1	1613373
UICheckbox_UICheckbox_getFrame	1	1613456
UICheckbox_UICheckbox_setChecked	1	1613529
UICheckbox_UICheckbox_setup	1	1612392
UIDialog_UIDialog_build	1	1615759
UIDialog_UIDialog_getFrame	1	1615197
UIDialog_UIDialog_hide	1	1614907
UIDialog_UIDialog_placeSafe	1	1615909
UIDialog_new_UIDialog	1	1616066
UIInteractionDirective_UIInteractionDirective_getClickFrame	1	1622208
UIInteractionDirective_UIInteractionDirective_refresh	1	1623749
UIInteractionDirective_UIInteractionDirective_setDisabled	1	1622638
UIInteractionDirective_UIInteractionDirective_setSelected	1	1622327
UIInteractionDirective_UIInteractionDirective_withSelection	1	1621772
UIInteractionDirective_UIInteractionDirective_withTooltip	1	1623395
UIInteractionDirective_construct_UIInteractionDirective	1	1625244
UIInteractionDirective_new_UIInteractionDirective	1	1625069
UIModalBackdrop_UIModalBackdrop_create	1	1616979
UIModalBackdrop_UIModalBackdrop_createDimStrip	1	1618472
UIModalBackdrop_UIModalBackdrop_getFrame	1	1619273
UIModalBackdrop_UIModalBackdrop_hide	1	1619839
UIModalBackdrop_UIModalBackdrop_onClick	1	1620335
UIModalBackdrop_UIModalBackdrop_show	1	1619381
UIModalBackdrop_new_UIModalBackdrop	1	1620658
UITabs_UITabs_addTab	1	1626236
UITabs_UITabs_build	1	1627418
UITabs_UITabs_showTab	1	1626968
UITabs_new_UITabs	1	1629354
UITooltip_UITooltip_getFrame	1	1631250
UITooltip_UITooltip_setText	1	1630980
UITooltip_new_UITooltip	1	1631321
UJ	1	3497357
UK	1	3636584
UL	1	3763144
UM	1	3830623
UN	1	1677434
UO	1	4246435
UP	1	4448991
Ub:create32	1	481752
Uc:create83	1	551081
Ud:create120	1	580561
Uf:create207	1	741143
Ug:create247	1	938878
Uh:create304	1	968828
Uj:create378	1	1061151
Uk:create428	1	1100986
Ul:create457	1	1152331
Um:create506	1	1198272
Un:create549	1	1251769
UnitIndex_destroyUnitIndex	1	1654510
UnitIndex_new_UnitIndex	1	1654219
UnitObjectMeta_new_UnitObjectMeta	1	1655374
UnitSpellClosure_registerUnitSpellWithTargetOrderEffect_RaceMechAbilities_cast_registerUnitSpellWithTargetOrderEffect_RaceMechAbilities	1	1459458
UnitSpellClosure_registerUnitSpellWithTargetOrder_MasterOfElements_cast_registerUnitSpellWithTargetOrder_MasterOfElements	1	1294101
UnitSpellClosure_registerUnitSpellWithTargetOrder_MonkHeal_cast_registerUnitSpellWithTargetOrder_MonkHeal	1	1323091
UnitSpellClosure_registerUnitSpellWithTargetOrder_MonkHeal_cast_registerUnitSpellWithTargetOrder_MonkHeal1	1	1323542
UnitSpellClosure_registerUnitSpellWithTargetOrder_RaceChaosAbilities_cast_registerUnitSpellWithTargetOrder_RaceChaosAbilities	1	1423729
UnitSpellClosure_registerUnitSpellWithTargetOrder_RaceChaosAbilities_cast_registerUnitSpellWithTargetOrder_RaceChaosAbilities1	1	1424168
UnitSpellClosure_registerUnitSpellWithTargetOrder_RaceCorruptedAbilities_cast_registerUnitSpellWithTargetOrder_RaceCorruptedAbilities	1	1426557
UnitSpellClosure_registerUnitSpellWithTargetOrder_RaceDesertAbilities_cast_registerUnitSpellWithTargetOrder_RaceDesertAbilities	1	1431904
UnitSpellClosure_registerUnitSpellWithTargetOrder_RaceDesertAbilities_cast_registerUnitSpellWithTargetOrder_RaceDesertAbilities1	1	1432167
UnitSpellClosure_registerUnitSpellWithTargetOrder_RaceDesertAbilities_cast_registerUnitSpellWithTargetOrder_RaceDesertAbilities2	1	1432431
UnitSpellClosure_registerUnitSpellWithTargetOrder_RaceDesertAbilities_cast_registerUnitSpellWithTargetOrder_RaceDesertAbilities3	1	1432817
UnitSpellClosure_registerUnitSpellWithTargetOrder_RaceDesertAbilities_cast_registerUnitSpellWithTargetOrder_RaceDesertAbilities4	1	1433220
UnitSpellClosure_registerUnitSpellWithTargetOrder_RaceElementalAbilities_cast_registerUnitSpellWithTargetOrder_RaceElementalAbilities	1	1435574
UnitSpellClosure_registerUnitSpellWithTargetOrder_RaceElvenAbilities_cast_registerUnitSpellWithTargetOrder_RaceElvenAbilities	1	1446552
UnitSpellClosure_registerUnitSpellWithTargetOrder_RaceElvenAbilities_cast_registerUnitSpellWithTargetOrder_RaceElvenAbilities1	1	1446815
UnitSpellClosure_registerUnitSpellWithTargetOrder_RaceElvenAbilities_cast_registerUnitSpellWithTargetOrder_RaceElvenAbilities2	1	1447210
UnitSpellClosure_registerUnitSpellWithTargetOrder_RaceHumanAbilities_cast_registerUnitSpellWithTargetOrder_RaceHumanAbilities	1	1453221
UnitSpellClosure_registerUnitSpellWithTargetOrder_RaceHumanAbilities_cast_registerUnitSpellWithTargetOrder_RaceHumanAbilities1	1	1453606
UnitSpellClosure_registerUnitSpellWithTargetOrder_RaceHumanAbilities_cast_registerUnitSpellWithTargetOrder_RaceHumanAbilities2	1	1453865
UnitSpellClosure_registerUnitSpellWithTargetOrder_RaceHumanAbilities_cast_registerUnitSpellWithTargetOrder_RaceHumanAbilities3	1	1454125
UnitSpellClosure_registerUnitSpellWithTargetOrder_RaceMechAbilities_cast_registerUnitSpellWithTargetOrder_RaceMechAbilities	1	1458749
UnitSpellClosure_registerUnitSpellWithTargetOrder_RaceNagaAbilities_cast_registerUnitSpellWithTargetOrder_RaceNagaAbilities	1	1466248
UnitSpellClosure_registerUnitSpellWithTargetOrder_RaceNatureAbilities_cast_registerUnitSpellWithTargetOrder_RaceNatureAbilities	1	1472505
UnitSpellClosure_registerUnitSpellWithTargetOrder_RaceNatureAbilities_cast_registerUnitSpellWithTargetOrder_RaceNatureAbilities1	1	1472999
UnitSpellClosure_registerUnitSpellWithTargetOrder_RaceNatureAbilities_cast_registerUnitSpellWithTargetOrder_RaceNatureAbilities2	1	1473494
UnitSpellClosure_registerUnitSpellWithTargetOrder_RaceNatureAbilities_cast_registerUnitSpellWithTargetOrder_RaceNatureAbilities3	1	1473995
UnitSpellClosure_registerUnitSpellWithTargetOrder_RaceNatureAbilities_cast_registerUnitSpellWithTargetOrder_RaceNatureAbilities4	1	1474496
UnitSpellClosure_registerUnitSpellWithTargetOrder_RaceNatureAbilities_cast_registerUnitSpellWithTargetOrder_RaceNatureAbilities5	1	1474757
UnitSpellClosure_registerUnitSpellWithTargetOrder_RaceNatureAbilities_cast_registerUnitSpellWithTargetOrder_RaceNatureAbilities6	1	1475082
UnitSpellClosure_registerUnitSpellWithTargetOrder_RaceNelfAbilities_cast_registerUnitSpellWithTargetOrder_RaceNelfAbilities	1	1480933
UnitSpellClosure_registerUnitSpellWithTargetOrder_RaceNelfAbilities_cast_registerUnitSpellWithTargetOrder_RaceNelfAbilities1	1	1481295
UnitSpellClosure_registerUnitSpellWithTargetOrder_RaceNelfAbilities_cast_registerUnitSpellWithTargetOrder_RaceNelfAbilities2	1	1481554
UnitSpellClosure_registerUnitSpellWithTargetOrder_RaceNorthernAbilities_cast_registerUnitSpellWithTargetOrder_RaceNorthernAbilities	1	1489834
UnitSpellClosure_registerUnitSpellWithTargetOrder_RaceNorthernAbilities_cast_registerUnitSpellWithTargetOrder_RaceNorthernAbilities1	1	1490148
UnitSpellClosure_registerUnitSpellWithTargetOrder_RaceNorthernAbilities_cast_registerUnitSpellWithTargetOrder_RaceNorthernAbilities2	1	1490463
UnitSpellClosure_registerUnitSpellWithTargetOrder_RaceOrcAbilities_cast_registerUnitSpellWithTargetOrder_RaceOrcAbilities	1	1494880
UnitSpellClosure_registerUnitSpellWithTargetOrder_RaceOrcAbilities_cast_registerUnitSpellWithTargetOrder_RaceOrcAbilities1	1	1495207
UnitStat_UnitStat_applyAttack0Range	1	1657876
UnitStat_UnitStat_applyTo	1	1658867
UnitStat_UnitStat_armor	1	1656817
UnitStat_UnitStat_c0	1	1657309
UnitStat_UnitStat_c1	1	1657715
UnitStat_UnitStat_d0	1	1657064
UnitStat_UnitStat_d1	1	1657470
UnitStat_UnitStat_dt	1	1656899
UnitStat_UnitStat_hasAttack2Override	1	1658366
UnitStat_UnitStat_hasAuthoredDualRanges	1	1658608
UnitStat_UnitStat_hp	1	1656738
UnitStat_UnitStat_n0	1	1657145
UnitStat_UnitStat_n1	1	1657551
UnitStat_UnitStat_r0	1	1657391
UnitStat_UnitStat_r1	1	1657797
UnitStat_UnitStat_s0	1	1657226
UnitStat_UnitStat_s1	1	1657632
UnitStat_UnitStat_speed	1	1656981
UnitStat_UnitStat_usesAttack0RangeCompensation	1	1658713
UnwantedCageRejector_UnwantedCageRejector_shouldReject	1	1066286
UnwantedCageRejector_new_UnwantedCageRejector	1	1066449
Uo:create592	1	1294030
Up:create637	1	1309841
Uq:create685	1	1349075
Ur:create719	1	1378480
Us:create766	1	1400325
Ut:create812	1	1426486
Uu:create864	1	1448042
Uv:create914	1	1469097
Uw:create962	1	1488319
Uy:create1017	1	1515873
Uz:create1066	1	1564316
V	1	426005
VA:create5	1	1612238
VB:create1145	1	1656397
VC	1	1722377
VD	1	2242821
VE	1	2501574
VF	1	2926540
VG	1	3151380
VH	1	3239090
VI	1	3404091
VJ	1	3497621
VK	1	3642351
VL	1	3771718
VM	1	3830761
VN	1	1684231
VO	1	4246626
VP	1	4449579
ValueMode_ValueMode_execute	1	1315451
ValueMode_ValueMode_isValidValue	1	1315989
ValueMode_new_ValueMode	1	1316201
Vb:create33	1	481969
Vc:create84	1	551401
Vd	1	1720727
Ve:create160	1	642921
Vf:create208	1	748243
Vg:create248	1	939332
Vh	1	968899
Vi:create337	1	983347
Vj:create379	1	1061406
Vk:create426	1	1101527
Vl:create458	1	1152648
Vm:create507	1	1198520
Vn:create550	1	1252072
Vo:create593	1	1294286
VoidClosure_registerMode_ModeParser_ModeParser_call_registerMode_ModeParser_ModeParser	1	1301743
VoidClosure_registerMode_ModeParser_ModeParser_call_registerMode_ModeParser_ModeParser1	1	1301966
VoidClosure_registerMode_ModeParser_ModeParser_call_registerMode_ModeParser_ModeParser10	1	1304238
VoidClosure_registerMode_ModeParser_ModeParser_call_registerMode_ModeParser_ModeParser11	1	1304455
VoidClosure_registerMode_ModeParser_ModeParser_call_registerMode_ModeParser_ModeParser12	1	1304773
VoidClosure_registerMode_ModeParser_ModeParser_call_registerMode_ModeParser_ModeParser13	1	1305103
VoidClosure_registerMode_ModeParser_ModeParser_call_registerMode_ModeParser_ModeParser14	1	1305435
VoidClosure_registerMode_ModeParser_ModeParser_call_registerMode_ModeParser_ModeParser15	1	1305776
VoidClosure_registerMode_ModeParser_ModeParser_call_registerMode_ModeParser_ModeParser16	1	1305990
VoidClosure_registerMode_ModeParser_ModeParser_call_registerMode_ModeParser_ModeParser17	1	1306212
VoidClosure_registerMode_ModeParser_ModeParser_call_registerMode_ModeParser_ModeParser18	1	1306425
VoidClosure_registerMode_ModeParser_ModeParser_call_registerMode_ModeParser_ModeParser19	1	1309912
VoidClosure_registerMode_ModeParser_ModeParser_call_registerMode_ModeParser_ModeParser2	1	1302192
VoidClosure_registerMode_ModeParser_ModeParser_call_registerMode_ModeParser_ModeParser20	1	1310120
VoidClosure_registerMode_ModeParser_ModeParser_call_registerMode_ModeParser_ModeParser21	1	1310328
VoidClosure_registerMode_ModeParser_ModeParser_call_registerMode_ModeParser_ModeParser22	1	1310536
VoidClosure_registerMode_ModeParser_ModeParser_call_registerMode_ModeParser_ModeParser23	1	1311402
VoidClosure_registerMode_ModeParser_ModeParser_call_registerMode_ModeParser_ModeParser3	1	1302413
VoidClosure_registerMode_ModeParser_ModeParser_call_registerMode_ModeParser_ModeParser4	1	1302636
VoidClosure_registerMode_ModeParser_ModeParser_call_registerMode_ModeParser_ModeParser5	1	1302865
VoidClosure_registerMode_ModeParser_ModeParser_call_registerMode_ModeParser_ModeParser6	1	1303089
VoidClosure_registerMode_ModeParser_ModeParser_call_registerMode_ModeParser_ModeParser7	1	1303316
VoidClosure_registerMode_ModeParser_ModeParser_call_registerMode_ModeParser_ModeParser8	1	1303534
VoidClosure_registerMode_ModeParser_ModeParser_call_registerMode_ModeParser_ModeParser9	1	1303874
Vp:create638	1	1310049
Vq:create686	1	1349270
Vs:create767	1	1400777
Vt:create813	1	1426757
Vu:create865	1	1448668
Vv:create915	1	1470078
Vw:create963	1	1488579
Vy:create1018	1	1516591
Vz:create1067	1	1564739
W	1	426862
WB	1	1660470
WC	1	1722636
WD	1	2250334
WE	1	2501874
WF	1	2928887
WG	1	3151464
WH	1	3239375
WJ	1	3505415
WK	1	3646526
WL	1	3772666
WM	1	3831071
WN	1	3861326
WO	1	4246850
WP	1	4450133
Watcher_Watcher_onDestroy	1	1503485
Watcher_Watcher_runObserver	1	1503046
Watcher_destroyWatcher	1	1503114
Watcher_new_Watcher	1	1503184
Wb:create34	1	482346
Wc:create85	1	555160
Wd:create121	1	581109
Wf:create209	1	748621
Wg:create249	1	939786
Wh:create305	1	969108
Wi:create338	1	983560
Wj:create380	1	1061661
Wk:create425	1	1101827
Wl:create459	1	1154334
Wm	1	1198591
Wn:create551	1	1252301
Wo:create594	1	1294562
Wp:create639	1	1310257
Wq:create687	1	1349465
Wr:create720	1	1378753
Ws:create768	1	1400978
Wt:create814	1	1427085
Wu:create866	1	1448904
Wv:create916	1	1470635
Ww:create964	1	1488856
Wx:create981	1	1494575
Wy:create1019	1	1516789
Wz:create1068	1	1565159
X	1	427510
XA:create1101	1	1613850
XB:create1146	1	1661034
XC	1	1727260
XD	1	2250484
XE	1	2503360
XF	1	2929111
XH	1	1687457
XI	1	3416996
XJ	1	3506862
XK	1	3650199
XL	1	3776960
XM	1	3835371
XP	1	4450961
Xb:create35	1	482822
Xc:create86	1	559253
Xd:create122	1	581398
Xe:create161	1	644500
Xf:create210	1	749790
Xg:create250	1	940540
Xh	1	969179
Xi:create339	1	983774
Xj:create381	1	1061929
Xk:create427	1	1103473
Xl:create460	1	1154848
Xm:create508	1	1198765
Xn:create552	1	1252537
Xo:create595	1	1295169
Xp:create640	1	1310465
Xpk	1	47906
Xq:create688	1	1351877
Xr:create721	1	1379278
Xs:create769	1	1401420
Xt:create815	1	1427409
Xu:create867	1	1449598
Xv:create917	1	1470963
Xw:create965	1	1489133
Xy:create1020	1	1521356
Xz:create1069	1	1565410
Y	1	428999
YB:create1147	1	1661315
YC	1	1730085
YD	1	2261624
YE	1	2510128
YF	1	2931425
YG	1	3153528
YH	1	3239848
YK	1	3650345
YL	1	3777748
YM	1	3835938
YN	1	1715666
YO	1	4247064
YP	1	4451240
Yb:create36	1	485070
Yc:create87	1	559624
Yd:create123	1	581812
Yf:create211	1	751605
Yg:create251	1	941550
Yh:create306	1	969412
Yj:create382	1	1062199
Yk:create429	1	1104178
Yl:create462	1	1155158
Ym:create509	1	1199361
Yn:create553	1	1252774
Yo:create596	1	1297657
Yp:create641	1	1311046
Yq:create689	1	1352647
Yr:create722	1	1379793
Ys:create770	1	1401688
Yt:create816	1	1427694
Yu:create868	1	1449964
Yv:create918	1	1471265
Yw:create966	1	1489763
Yx:create982	1	1494809
Yy:create1021	1	1521605
Yz:create1070	1	1565646
Z	1	429145
ZB:create1148	1	1661595
ZC	1	1731212
ZD	1	2261709
ZE	1	2510724
ZF	1	2931846
ZG	1	3159737
ZH	1	3241725
ZI	1	3418122
ZJ	1	3507314
ZK	1	3652003
ZL	1	3780297
ZM	1	3836014
ZN	1	3861422
ZO	1	4247278
ZP	1	4451490
Zb:create37	1	491006
Zc:create88	1	560771
Zd:create124	1	582226
Zf:create212	1	751955
Zg:create256	1	941956
Zh	1	969575
Zi:create340	1	984094
Zj:create383	1	1062459
Zk:create430	1	1104801
Zl:create461	1	1155253
Zm:create510	1	1200049
Zp:create642	1	1311331
Zq:create690	1	1353297
Zr	1	5279
Zs:create771	1	1401875
Zt:create817	1	1428002
Zu:create869	1	1450216
Zw:create967	1	1490077
Zx:create983	1	1495136
Zy:create1022	1	1523247
Zz:create1071	1	1565898
_L	1	1509
_Pr	1	55516
_T	1	774
__wurst_EnumDestructablesInRect	1	4432513
__wurst_EnumItemsInRect	1	4437714
__wurst_FlushChildHashtable	1	4461433
__wurst_FlushParentHashtable	1	4461277
__wurst_ForForce	1	4447455
__wurst_ForGroup	1	4438944
__wurst_GetEnumDestructable	1	4432163
__wurst_GetEnumItem	1	4437968
__wurst_GetEnumPlayer	1	4447288
__wurst_GetEnumUnit	1	4438783
__wurst_GetHandleId	1	4465837
__wurst_HaveSavedInteger	1	4462102
__wurst_HaveSavedString	1	4462242
__wurst_LoadBoolean	1	4460171
__wurst_LoadDestructableHandle	1	4460508
__wurst_LoadEffectHandle	1	4461124
__wurst_LoadForceHandle	1	4460972
__wurst_LoadFrameHandle	1	4480265
__wurst_LoadInteger	1	4459984
__wurst_LoadReal	1	4459795
__wurst_LoadStr	1	4460367
__wurst_LoadTriggerHandle	1	4460818
__wurst_LoadUnitHandle	1	4460667
__wurst_RemoveSavedHandle	1	4468114
__wurst_RemoveSavedInteger	1	4480417
__wurst_SaveDestructableHandle	1	4459044
__wurst_SaveFogStateHandle	1	4459479
__wurst_SaveInteger	1	4458458
__wurst_SaveReal	1	4458277
__wurst_SaveStr	1	4458866
__wurst_ensureBool	1	1673104
__wurst_ensureInt	1	1672890
__wurst_ensureReal	1	1673270
__wurst_ensureStr	1	1673475
__wurst_init_bootstrap	1	4487413
__wurst_intDiv	1	4427731
__wurst_modInt	1	4427947
__wurst_modReal	1	4428136
__wurst_objectFromIndex	1	428261
__wurst_objectToIndex	1	427948
__wurst_rawConcat	1	1673595
__wurst_rawFloorDivInt	1	4427671
__wurst_rawFmodInt	1	4427882
__wurst_rawFmodReal	1	4428070
__wurst_rawToInteger	1	1672826
__wurst_rawToNumberInt	1	1672766
__wurst_rawToNumberReal	1	1673209
__wurst_rawToString	1	1673418
__wurst_safe_AddSpecialEffectTarget	1	4434974
__wurst_safe_AdjustPlayerStateBJ	1	4462943
__wurst_safe_AttachSoundToUnit	1	4434383
__wurst_safe_BlzCreateFrame	1	4475266
__wurst_safe_BlzCreateFrameByType	1	4475393
__wurst_safe_BlzDisplayChatMessage	1	4469807
__wurst_safe_BlzEndUnitAbilityCooldown	1	4486580
__wurst_safe_BlzFrameAddText	1	4487299
__wurst_safe_BlzFrameClearAllPoints	1	4475808
__wurst_safe_BlzFrameClick	1	4476527
__wurst_safe_BlzFrameGetChild	1	4479012
__wurst_safe_BlzFrameGetChildrenCount	1	4478891
__wurst_safe_BlzFrameGetEnable	1	4476947
__wurst_safe_BlzFrameGetHeight	1	4478120
__wurst_safe_BlzFrameGetParent	1	4478444
__wurst_safe_BlzFrameGetText	1	4476621
__wurst_safe_BlzFrameGetWidth	1	4478229
__wurst_safe_BlzFrameIsVisible	1	4476416
__wurst_safe_BlzFrameSetAbsPoint	1	4475646
__wurst_safe_BlzFrameSetAllPoints	1	4476156
__wurst_safe_BlzFrameSetAlpha	1	4477168
__wurst_safe_BlzFrameSetEnable	1	4477058
__wurst_safe_BlzFrameSetFocus	1	4476839
__wurst_safe_BlzFrameSetLevel	1	4478336
__wurst_safe_BlzFrameSetMinMaxValue	1	4477764
__wurst_safe_BlzFrameSetParent	1	4478553
__wurst_safe_BlzFrameSetPoint	1	4475920
__wurst_safe_BlzFrameSetScale	1	4477404
__wurst_safe_BlzFrameSetSize	1	4478006
__wurst_safe_BlzFrameSetStepSize	1	4477892
__wurst_safe_BlzFrameSetText	1	4475540
__wurst_safe_BlzFrameSetTextAlignment	1	4478695
__wurst_safe_BlzFrameSetTextColor	1	4476723
__wurst_safe_BlzFrameSetTexture	1	4477276
__wurst_safe_BlzFrameSetTooltip	1	4477512
__wurst_safe_BlzFrameSetValue	1	4477656
__wurst_safe_BlzFrameSetVisible	1	4476304
__wurst_safe_BlzGetAbilityId	1	4469187
__wurst_safe_BlzGetAbilityIntegerField	1	4469290
__wurst_safe_BlzGetAbilityIntegerLevelField	1	4469451
__wurst_safe_BlzGetAbilityRealLevelField	1	4469630
__wurst_safe_BlzGetItemAbility	1	4480887
__wurst_safe_BlzGetItemAbilityByIndex	1	4480756
__wurst_safe_BlzGetOriginFrame	1	4474102
__wurst_safe_BlzGetUnitAbility	1	4466652
__wurst_safe_BlzGetUnitAbilityByIndex	1	4469056
__wurst_safe_BlzGetUnitAbilityCooldown	1	4483371
__wurst_safe_BlzGetUnitAbilityCooldownRemaining	1	4473493
__wurst_safe_BlzGetUnitAbilityManaCost	1	4473644
__wurst_safe_BlzGetUnitArmor	1	4471032
__wurst_safe_BlzGetUnitAttackCooldown	1	4472122
__wurst_safe_BlzGetUnitBaseDamage	1	4485743
__wurst_safe_BlzGetUnitDiceNumber	1	4485988
__wurst_safe_BlzGetUnitDiceSides	1	4486233
__wurst_safe_BlzGetUnitIntegerField	1	4471137
__wurst_safe_BlzGetUnitMaxHP	1	4472019
__wurst_safe_BlzGetUnitRealField	1	4486813
__wurst_safe_BlzGetUnitWeaponBooleanField	1	4470293
__wurst_safe_BlzGetUnitWeaponIntegerField	1	4470476
__wurst_safe_BlzGetUnitWeaponRealField	1	4470120
__wurst_safe_BlzGroupAddGroupFast	1	4479726
__wurst_safe_BlzGroupGetSize	1	4479623
__wurst_safe_BlzGroupUnitAt	1	4479877
__wurst_safe_BlzIsUnitInvulnerable	1	4482217
__wurst_safe_BlzPlaySpecialEffect	1	4474903
__wurst_safe_BlzQueuePointOrderById	1	4470775
__wurst_safe_BlzSetAbilityIntegerLevelField	1	4464793
__wurst_safe_BlzSetAbilityRealLevelField	1	4464988
__wurst_safe_BlzSetEventAttackType	1	4473136
__wurst_safe_BlzSetEventDamageType	1	4473255
__wurst_safe_BlzSetEventWeaponType	1	4473374
__wurst_safe_BlzSetSpecialEffectAlpha	1	4470651
__wurst_safe_BlzSetSpecialEffectColor	1	4472748
__wurst_safe_BlzSetSpecialEffectColorByPlayer	1	4474463
__wurst_safe_BlzSetSpecialEffectOrientation	1	4474635
__wurst_safe_BlzSetSpecialEffectScale	1	4474219
__wurst_safe_BlzSetSpecialEffectYaw	1	4474343
__wurst_safe_BlzSetSpecialEffectZ	1	4474787
__wurst_safe_BlzSetUnitArmor	1	4486474
__wurst_safe_BlzSetUnitAttackCooldown	1	4482085
__wurst_safe_BlzSetUnitBaseDamage	1	4485864
__wurst_safe_BlzSetUnitDiceNumber	1	4486109
__wurst_safe_BlzSetUnitDiceSides	1	4486352
__wurst_safe_BlzSetUnitFacingEx	1	4486966
__wurst_safe_BlzSetUnitIntegerField	1	4465177
__wurst_safe_BlzSetUnitMaxHP	1	4471803
__wurst_safe_BlzSetUnitMaxMana	1	4471909
__wurst_safe_BlzSetUnitRealField	1	4465348
__wurst_safe_BlzSetUnitWeaponRealField	1	4465513
__wurst_safe_BlzStartUnitAbilityCooldown	1	4483512
__wurst_safe_BlzTriggerRegisterFrameEvent	1	4484223
__wurst_safe_BlzUnitClearOrders	1	4470920
__wurst_safe_Condition	1	4468699
__wurst_safe_CountPlayersInForceBJ	1	4467534
__wurst_safe_CountUnitsInGroup	1	4447961
__wurst_safe_CreateFogModifierRadius	1	4471399
__wurst_safe_CreateFogModifierRectBJ	1	4465907
__wurst_safe_CreateTimerDialog	1	4428547
__wurst_safe_CreateUnit	1	4444177
__wurst_safe_CreateUnitAtLoc	1	4438391
__wurst_safe_DestroyEffect	1	4435109
__wurst_safe_DestroyFogModifier	1	4466436
__wurst_safe_DestroyForce	1	4464129
__wurst_safe_DestroyGroup	1	4439738
__wurst_safe_DestroyLightning	1	4432898
__wurst_safe_DestroyTextTag	1	4456996
__wurst_safe_DestroyTimer	1	4430266
__wurst_safe_DestroyTimerDialog	1	4455049
__wurst_safe_DestroyTrigger	1	4481248
__wurst_safe_DisableTrigger	1	4466340
__wurst_safe_DisplayTextToForce	1	4466540
__wurst_safe_DisplayTextToPlayer	1	4430707
__wurst_safe_DisplayTimedTextToForce	1	4466116
__wurst_safe_DisplayTimedTextToPlayer	1	4428656
__wurst_safe_EnableTrigger	1	4466246
__wurst_safe_EnableWeatherEffect	1	4483153
__wurst_safe_ExplodeUnitBJ	1	4482769
__wurst_safe_Filter	1	4464309
__wurst_safe_FirstOfGroup	1	4441217
__wurst_safe_FlushStoredInteger	1	4479127
__wurst_safe_FogModifierStart	1	4433605
__wurst_safe_FogModifierStop	1	4475051
__wurst_safe_ForceAddPlayer	1	4447010
__wurst_safe_ForceClear	1	4464221
__wurst_safe_ForcePickRandomPlayer	1	4475149
__wurst_safe_ForceRemovePlayer	1	4447146
__wurst_safe_GetDestructableLife	1	4446175
__wurst_safe_GetDestructableTypeId	1	4446746
__wurst_safe_GetDestructableX	1	4445961
__wurst_safe_GetDestructableY	1	4446068
__wurst_safe_GetHeroLevel	1	4435406
__wurst_safe_GetItemCharges	1	4480551
__wurst_safe_GetItemName	1	4471709
__wurst_safe_GetItemTypeId	1	4437176
__wurst_safe_GetItemX	1	4429572
__wurst_safe_GetItemY	1	4429663
__wurst_safe_GetLocationX	1	4428903
__wurst_safe_GetLocationY	1	4428804
__wurst_safe_GetLocationZ	1	4432799
__wurst_safe_GetOwningPlayer	1	4443971
__wurst_safe_GetPlayerAlliance	1	4450626
__wurst_safe_GetPlayerColor	1	4428444
__wurst_safe_GetPlayerController	1	4442381
__wurst_safe_GetPlayerId	1	4463097
__wurst_safe_GetPlayerName	1	4464031
__wurst_safe_GetPlayerSlotState	1	4462381
__wurst_safe_GetPlayerState	1	4462492
__wurst_safe_GetPlayerTechMaxAllowed	1	4457900
__wurst_safe_GetRectMaxX	1	4429099
__wurst_safe_GetRectMaxY	1	4429293
__wurst_safe_GetRectMinX	1	4429002
__wurst_safe_GetRectMinY	1	4429196
__wurst_safe_GetStoredInteger	1	4459674
__wurst_safe_GetUnitAbilityLevel	1	4435630
__wurst_safe_GetUnitAcquireRange	1	4484531
__wurst_safe_GetUnitCurrentOrder	1	4484644
__wurst_safe_GetUnitDefaultAcquireRange	1	4485616
__wurst_safe_GetUnitDefaultMoveSpeed	1	4485495
__wurst_safe_GetUnitFacing	1	4444076
__wurst_safe_GetUnitFlyHeight	1	4484755
__wurst_safe_GetUnitLevel	1	4484434
__wurst_safe_GetUnitLifePercent	1	4479512
__wurst_safe_GetUnitMoveSpeed	1	4471292
__wurst_safe_GetUnitName	1	4484862
__wurst_safe_GetUnitRallyUnit	1	4486706
__wurst_safe_GetUnitState	1	4439383
__wurst_safe_GetUnitTypeId	1	4441118
__wurst_safe_GetUnitX	1	4429390
__wurst_safe_GetUnitY	1	4429481
__wurst_safe_GetUnitsSelectedAll	1	4487186
__wurst_safe_GetWidgetLife	1	4435203
__wurst_safe_GetWidgetX	1	4464603
__wurst_safe_GetWidgetY	1	4464698
__wurst_safe_GroupAddUnit	1	4438640
__wurst_safe_GroupClear	1	4438552
__wurst_safe_GroupEnumUnitsInRange	1	4463719
__wurst_safe_GroupEnumUnitsInRect	1	4446590
__wurst_safe_GroupEnumUnitsOfPlayer	1	4441983
__wurst_safe_GroupRemoveUnit	1	4446861
__wurst_safe_HaveStoredInteger	1	4461787
__wurst_safe_IsPlayerAlly	1	4482336
__wurst_safe_IsPlayerEnemy	1	4482479
__wurst_safe_IsPlayerInForce	1	4430558
__wurst_safe_IsTerrainPathable	1	4433150
__wurst_safe_IsTriggerEnabled	1	4471600
__wurst_safe_IsUnitAliveBJ	1	4448068
__wurst_safe_IsUnitAlly	1	4465698
__wurst_safe_IsUnitEnemy	1	4467139
__wurst_safe_IsUnitInGroup	1	4472357
__wurst_safe_IsUnitInRangeXY	1	4473005
__wurst_safe_IsUnitSelected	1	4479365
__wurst_safe_IsUnitType	1	4440979
__wurst_safe_IsUnitVisible	1	4482624
__wurst_safe_IssueBuildOrderById	1	4441483
__wurst_safe_IssueImmediateOrder	1	4463483
__wurst_safe_IssueImmediateOrderById	1	4441622
__wurst_safe_IssueNeutralImmediateOrderById	1	4469933
__wurst_safe_IssuePointOrderById	1	4484956
__wurst_safe_IssueTargetOrder	1	4463324
__wurst_safe_IssueTargetOrderById	1	4441316
__wurst_safe_KillDestructable	1	4446376
__wurst_safe_KillUnit	1	4443680
__wurst_safe_MoveLocation	1	4487078
__wurst_safe_MoveRectTo	1	4483267
__wurst_safe_MultiboardDisplay	1	4455515
__wurst_safe_MultiboardMinimize	1	4455625
__wurst_safe_MultiboardSetColumnCount	1	4455271
__wurst_safe_MultiboardSetItemsStyle	1	4481516
__wurst_safe_MultiboardSetRowCount	1	4455153
__wurst_safe_MultiboardSetTitleText	1	4455395
__wurst_safe_PanCameraToForPlayer	1	4467015
__wurst_safe_PanCameraToTimedForPlayer	1	4472502
__wurst_safe_PanCameraToTimedLocForPlayer	1	4481344
__wurst_safe_PauseTimer	1	4430069
__wurst_safe_PauseUnit	1	4442287
__wurst_safe_PlaySoundBJ	1	4434653
__wurst_safe_QueueUnitAnimation	1	4448423
__wurst_safe_RegionAddRect	1	4431744
__wurst_safe_RemoveDestructable	1	4472644
__wurst_safe_RemoveItem	1	4466769
__wurst_safe_RemovePlayer	1	4452719
__wurst_safe_RemovePlayerPreserveUnitsBJ	1	4463861
__wurst_safe_RemoveRect	1	4446288
__wurst_safe_RemoveUnit	1	4445117
__wurst_safe_ReplaceUnitBJ	1	4472888
__wurst_safe_SelectUnit	1	4440251
__wurst_safe_SelectUnitForPlayerSingle	1	4466857
__wurst_safe_SetCameraField	1	4430446
__wurst_safe_SetDestructableInvulnerable	1	4445831
__wurst_safe_SetGameSpeed	1	4457208
__wurst_safe_SetImageColor	1	4433705
__wurst_safe_SetImageRenderAlways	1	4473986
__wurst_safe_SetItemCharges	1	4480652
__wurst_safe_SetItemPosition	1	4436589
__wurst_safe_SetItemVisible	1	4437382
__wurst_safe_SetLightningColor	1	4433007
__wurst_safe_SetPlayerAbilityAvailable	1	4458027
__wurst_safe_SetPlayerAlliance	1	4449217
__wurst_safe_SetPlayerAllianceStateAllyBJ	1	4449407
__wurst_safe_SetPlayerAllianceStateBJ	1	4450462
__wurst_safe_SetPlayerAllianceStateControlBJ	1	4449888
__wurst_safe_SetPlayerFlagBJ	1	4467649
__wurst_safe_SetPlayerName	1	4467432
__wurst_safe_SetPlayerState	1	4442143
__wurst_safe_SetPlayerTechMaxAllowed	1	4457770
__wurst_safe_SetPlayerUnitAvailableBJ	1	4481004
__wurst_safe_SetSoundChannel	1	4483650
__wurst_safe_SetSoundConeAngles	1	4434525
__wurst_safe_SetSoundConeOrientation	1	4483874
__wurst_safe_SetSoundDistanceCutoff	1	4434037
__wurst_safe_SetSoundDistances	1	4483756
__wurst_safe_SetSoundDuration	1	4468250
__wurst_safe_SetSoundPitch	1	4434157
__wurst_safe_SetSoundPosition	1	4434259
__wurst_safe_SetSoundVolume	1	4433933
__wurst_safe_SetTextTagPermanent	1	4456433
__wurst_safe_SetTextTagPos	1	4456315
__wurst_safe_SetTextTagText	1	4456203
__wurst_safe_SetTextTagVisibility	1	4457092
__wurst_safe_SetUnitAbilityLevel	1	4435503
__wurst_safe_SetUnitAcquireRange	1	4441869
__wurst_safe_SetUnitAnimation	1	4439630
__wurst_safe_SetUnitColor	1	4463192
__wurst_safe_SetUnitExploded	1	4443574
__wurst_safe_SetUnitFacing	1	4445205
__wurst_safe_SetUnitFlyHeight	1	4441753
__wurst_safe_SetUnitInvulnerable	1	4485095
__wurst_safe_SetUnitMoveSpeed	1	4481977
__wurst_safe_SetUnitOwner	1	4450821
__wurst_safe_SetUnitPathing	1	4472253
__wurst_safe_SetUnitPosition	1	4446476
__wurst_safe_SetUnitScale	1	4448171
__wurst_safe_SetUnitState	1	4440347
__wurst_safe_SetUnitTimeScale	1	4439522
__wurst_safe_SetUnitVertexColor	1	4448287
__wurst_safe_SetUnitX	1	4485209
__wurst_safe_SetUnitY	1	4485301
__wurst_safe_SetWidgetLife	1	4435304
__wurst_safe_ShowTextTagForceBJ	1	4467280
__wurst_safe_ShowUnit	1	4440887
__wurst_safe_StartSound	1	4430358
__wurst_safe_StopSound	1	4433831
__wurst_safe_StoreInteger	1	4458161
__wurst_safe_SyncStoredInteger	1	4479247
__wurst_safe_TimerDialogDisplay	1	4454937
__wurst_safe_TimerDialogSetTitle	1	4454823
__wurst_safe_TimerGetElapsed	1	4484012
__wurst_safe_TimerGetRemaining	1	4430157
__wurst_safe_TimerStart	1	4429957
__wurst_safe_TriggerAddAction	1	4439830
__wurst_safe_TriggerAddCondition	1	4468760
__wurst_safe_TriggerClearActions	1	4484117
__wurst_safe_TriggerClearConditions	1	4481136
__wurst_safe_TriggerEvaluate	1	4429754
__wurst_safe_TriggerExecute	1	4429861
__wurst_safe_TriggerRegisterAnyUnitEventBJ	1	4468358
__wurst_safe_TriggerRegisterDeathEvent	1	4432348
__wurst_safe_TriggerRegisterEnterRectSimple	1	4468524
__wurst_safe_TriggerRegisterEnterRegion	1	4431267
__wurst_safe_TriggerRegisterLeaveRectSimple	1	4468881
__wurst_safe_TriggerRegisterPlayerEvent	1	4431060
__wurst_safe_TriggerRegisterPlayerUnitEvent	1	4430837
__wurst_safe_TriggerRegisterUnitEvent	1	4473783
__wurst_safe_UnitAddAbility	1	4443032
__wurst_safe_UnitAddItemById	1	4463606
__wurst_safe_UnitAddType	1	4443292
__wurst_safe_UnitApplyTimedLife	1	4442494
__wurst_safe_UnitDamageTarget	1	4445530
__wurst_safe_UnitInventorySize	1	4437275
__wurst_safe_UnitItemInSlot	1	4437065
__wurst_safe_UnitMakeAbilityPermanent	1	4443433
__wurst_safe_UnitRemoveAbility	1	4435749
__wurst_safe_UnitRemoveBuffs	1	4442760
__wurst_safe_UnitRemoveBuffsEx	1	4442874
__wurst_safe_UnitRemoveType	1	4443145
__wurst_safe_UnitResetCooldown	1	4485393
__wurst_safe_UnitShareVision	1	4442614
__wurst_safe_UnitUseItemPoint	1	4436898
__wurst_safe_UnitUseItemTarget	1	4436703
__wurst_stringConcat	1	1673650
__wurst_stringFromIndex	1	428724
__wurst_stringToIndex	1	428458
_fr	1	55425
_hr	1	55115
_j	1	2979
_qr	1	55563
_r	1	2244
_tr	1	55630
_y	1	3927
aA:create1072	1	1566150
aB:create1102	1	1614582
aC:create1149	1	1661876
aD	1	1731274
aE	1	2262752
aF	1	2512713
aG	1	2947767
aH	1	3159956
aI	1	3244305
aJ	1	1694140
aK	1	3508027
aL	1	3658583
aM	1	3781186
aN	1	1709460
aO	1	3861540
aP	1	4247544
aQ	1	4451808
ab	1	429262
abilityFieldMicros	1	2001504
abilityFieldMix	1	2001346
absReal	1	2264127
absReal1	1	2336860
ac:create38	1	494549
accent	1	3835230
acceptPending	1	2204466
acquireEleBuilding	1	2491183
acquireElvenShrine	1	2493578
acquireHeroicShrine	1	2494197
acquireLinker	1	2491850
acquireTreasureBox	1	2494753
activateFeatheredFriendFor	1	3468278
addAbilityIfMissing	1	3442160
addAttachedEffect	1	2295400
addChapter__w3p_vmProtect	1	2567581
addDebugInfoSorted	1	2109521
addDiverseSmokeBots	1	2865387
addEffect	1	3159573
addEffect1	1	3159646
addEnemyBot__w3p_vmProtect	1	2565851
addFirstFriendlyBotInSkillRange	1	2864682
addFriendlyBot__w3p_vmProtect	1	2572246
addKnownRace__w3p_vmProtect	1	2574293
addLight	1	3798056
addListenerForFrame	1	2964645
addMission__w3p_vmProtect	1	2569802
addPendingRoundStartResourceBonus	1	3704790
addPerkDamageListener	1	3488361
addPerkEventListener	1	3488160
addPerkPeriodic	1	3488561
addPerkReminderToBuilder	1	3133253
addPlayerGold	1	3401079
addPlayerLumber	1	3401217
addProtectedAbility	1	2006684
addProtectedItemById	1	2006437
addRaceChooserProbeAbilities	1	2353995
addRaceOption__w3p_vmProtect	1	2572494
addRegisteredPerk__w3p_vmProtect	1	3087494
addRiptideAirDamageBonus	1	3676723
addSilverGladeChargeForTeam	1	3616828
addSmokeLine	1	2847529
addStarterRace__w3p_vmProtect	1	2574372
addSupply__w3p_vmProtect	1	2572311
addSweepBuilding	1	2455134
addToPool__w3p_vmProtect	1	2506985
addWorldFreezerMissile	1	3635667
adjustPlacementReservationForSide	1	2943945
adjustPlayerAaWorth	1	3840609
advanceAiPreset	1	2249397
advanceDraftRaceSelection	1	3365094
advanceManualRaceBan	1	3357844
ae:create125	1	583011
af:create162	1	650960
ag:create213	1	758291
ah:create257	1	942186
ai3v3Line	1	2216015
ai3v3PlayerDetails	1	2216877
aiHasRescueStrike	1	2184708
aiInfoFrameHeight	1	2087883
aiInfoMatchesChosenDecision	1	2088929
aiRuntimeDetails	1	2853061
aiScoreTextHeight	1	2087966
aiUnitValue	1	2280754
aiUnitWorth	1	2281009
aj:create341	1	984723
ak:create384	1	1063381
allPlayersVotedDraw	1	4408616
allPlayersVotedNuke	1	4408833
allowsLegendaryUnitRushAfterSpecialSpend	1	2113394
am:create465	1	1155348
ancientKeeperDispelProc	1	3023248
angle_cos	1	2282849
angle_degrees	1	2282562
angle_radians	1	2282611
angle_sin	1	2282804
angle_toVec	1	4402475
annihilatorSpell	1	3537980
announceBounty	1	1705455
announceCampaignChallengeFailure	1	2684095
announceCheatProgressionDisabled__w3p_vmProtect	1	2553501
announceItemUse	1	3735682
ao:create554	1	1253011
ap:create597	1	1298289
appendAiPresetBuildOrder	1	2248059
appendAiPresetCaged	1	2248254
appendLineFrom	1	2226589
appendMetricLine	1	3832710
appliedMoveSpeedForUnit	1	4245608
applyAllPerks	1	3139648
applyArcaneOverchargeSpecialPenalty	1	3439210
applyArcaneOverchargeSpecialPenaltyForE2e	1	3439653
applyArcaneOverchargeTo	1	3438720
applyArtilleryModeEnabled	1	3293398
applyAutobalanceMode	1	3298317
applyBanMode	1	3300305
applyBountyModeEnabled	1	3295415
applyBuildingStats	1	3841457
applyBulwarkMarchTo	1	3453919
applyBulwarkMarchToCurrentUnits	1	3454560
applyCagedDamagePenalty	1	3455717
applyCagingModeEnabled	1	3298026
applyCampaignBotNames	1	2796684
applyCampaignEnemyOpeningPriority	1	2802399
applyCampaignEnemyRescueStrikes	1	2809926
applyCampaignEnemyResourceAdvantage	1	2805686
applyCampaignEnemyTowerAdvantage	1	2806689
applyCampaignEnv	1	2784348
applyCampaignHumanRaces__w3p_vmProtect	1	2799149
applyCampaignMissionEnvironment	1	2787252
applyCampaignMissionRecordCheatToPlayer__w3p_vmProtect	1	2923866
applyCampaignProfileToMissions__w3p_vmProtect	1	2835084
applyCampaignRaces__w3p_vmProtect	1	2799866
applyCampaignSupplyEffects	1	2883335
applyCampaignSupplyEffectsWhenReady	1	2887330
applyCampaignTeamPreplacedTowers	1	2808570
applyCandidateCompositionStats	1	2099840
applyChapterOneProgressCheatToPlayer__w3p_vmProtect	1	2922147
applyChapterOneProgressCheat__w3p_vmProtect	1	2924794
applyConfiguredRaces	1	3360531
applyDualRacesMode	1	3294092
applyEffectiveUnitStat	1	3937294
applyExtendedMultiplayerMode	1	3300848
applyFeatheredFriendDamageScaling	1	3463205
applyFillMode	1	3303568
applyFogOfWar	1	3302195
applyGlassCannonTo	1	3472120
applyGobboTimedLife	1	3182695
applyItemsModeEnabled	1	3296210
applyLeaveAutobalance	1	3505193
applyLegendaryModeEnabled	1	3296499
applyLonglineFormationTo	1	3482641
applyLonglineFormationToCurrentUnits	1	3483255
applyLumberLimit	1	3297136
applyManaShield	1	3484543
applyMirrorRaces	1	3362512
applyMultiplayerMode	1	3301432
applyNoAfkMode	1	3293804
applyPerk	1	3136150
applyPerkById	1	3139514
applyPowerArmor	1	4393631
applyProductionEnchantBonusFromAnyActiveTarget	1	3444392
applyProductionSpawnModifiers	1	3444126
applyProtectedAbilityFields	1	2005361
applyProtectedAbilityFieldsForJassAdd	1	1699171
applyProtectedItemAbilityFields	1	2005904
applyRaceSelectionSideEffects	1	3360012
applyRaceTechAvailabilityForPlayer	1	3349805
applyRampantGrowthTo	1	3486423
applyRampantGrowthToCurrentUnits	1	3486943
applyRandomBanMode	1	3299753
applyRandomRaces	1	3361362
applyRegisteredBuildingAttach	1	2331957
applyRememberedRaceBansToAvailability__w3p_vmProtect	1	3356699
applyRescueStrike	1	3674636
applyRescueStrikeModeEnabled	1	3296817
applyRoundLimit	1	3302765
applySpecialsModeEnabled	1	3295879
applyStormchaserSiegePenalty	1	3491496
applyTaxMode	1	3297505
applyTranscendentBladesTo	1	3492602
applyTreasureBoxModeEnabled	1	3294984
applyUltimateInPool	1	3306522
applyUltimateRaces	1	3363638
applyUniqueRacesMode	1	3294394
applyUnitStatAtLifeFraction	1	4245144
applyVampireArmorReduction	1	3029996
applyW3ChampionsAutoModes__w3p_vmProtect	1	4413365
applyWestRaces	1	2227633
applyWildernessObeliskBuff	1	3617586
aq:create643	1	1311792
ar:create691	1	1354425
areAllYTiersDisabledForE2e	1	3470278
areaIdFor	1	2935603
areaSide	1	2935549
armEditBoxEvents	1	2556235
as:create723	1	1380595
aspectScoreForBuilding	1	2099485
aspectScoreForBuildingWithReadyPrecursorCount	1	2100243
assassinSpell	1	3619573
assertAbilityFieldSourceIntegrity__w3p_vmProtect	1	2008480
assertAbilityStubSentinel__w3p_vmProtect	1	3410594
assertBotAiRuntime	1	2856595
assertBotPersonality	1	2849971
assertBotSlot	1	2855007
assertBuildingPoolsIntegrity__w3p_vmProtect	1	2509435
assertCFBuildingAllowedInPool__w3p_vmProtect	1	2532221
assertCFBuildingCatalogIntegrity__w3p_vmProtect	1	2536031
assertCFBuildingPoolTier__w3p_vmProtect	1	2534173
assertDraftPerkCount__w3p_vmProtect	1	3112028
assertDraftPerkEntries__w3p_vmProtect	1	3127339
assertDraftPerkIdHash__w3p_vmProtect	1	3125470
assertDraftPerkIdSequence__w3p_vmProtect	1	3123725
assertDraftPerkRegistrySealed__w3p_vmProtect	1	3129165
assertObjectDataIntegrity__w3p_vmProtect	1	3416927
assertSourceOwnedAbilityStubSentinel__w3p_vmProtect	1	3413823
assertTrue	1	4415529
assertUnitObjectMetadataIntegrity__w3p_vmProtect	1	4224154
assertUnitObjectUpgradeMetadataIntegrity__w3p_vmProtect	1	4237637
assertUnitStatSourceIntegrity__w3p_vmProtect	1	4261259
assertUnitStubSentinel__w3p_vmProtect	1	3407479
assertUpgradeCancelled	1	2472632
assignRaceToPlayer	1	3359754
attachBuildingEffect	1	2331831
attachBuildingEffectColor	1	2331564
attachPanelBackdrop	1	3041499
attachPanelBackdrop1	1	3041103
attachTableLayoutToMultiboard	1	3392689
attachToMultiboardSized	1	3391816
attachedEffectCountForE2e	1	2294703
attachedEffectListCountForE2e	1	2294754
attackIndexOrUnset	1	2274582
attackIndexToAttackType	1	2518707
attacktype_toIndex	1	3863263
au:create818	1	1428590
authoredObjectUpgradeEdgeCount	1	4235133
authoredObjectUpgradeFromAt	1	4235231
authoredObjectUpgradeToAt	1	4235392
authoredUpgradeMix	1	4224361
av:create870	1	1450532
aw:create919	1	1471504
awaitCompanionWindow	1	2451647
awaitConstructSweepBatch	1	2466417
awaitConstructed	1	2426185
awaitShrineEffects	1	2453744
awaitShrineProbeBuild	1	2450075
awaitStatefulConstructed	1	2444869
awaitUpgraded	1	2434722
az:create1023	1	1523824
bB	1	1614654
bC:create1150	1	1662155
bD	1	1732854
bE	1	2264008
bF	1	2516061
bG	1	2948358
bH	1	3161038
bI	1	3244474
bJ	1	3419067
bK	1	3508901
bL	1	3662842
bM	1	3792778
bN	1	3842803
bO	1	3861652
bP	1	4247887
bQ	1	4452074
banishGuardianSpell	1	3607032
bb	1	429543
bc:create39	1	499942
be:create126	1	583447
beginCFRaceBuildingRegistration__w3p_vmProtect	1	2527386
beginCampaignMissionChallenge__w3p_vmProtect	1	2685052
beginNextRoundReview	1	3684152
beginRoundStartModeSection	1	3375494
beginSweepPowerPlant	1	2468754
beginUpgradeIncomeCheck	1	2478458
bf:create163	1	651448
bfsTickOutsideThenScan	1	2939796
bh:create258	1	942414
bi:create307	1	969725
bindIncomeText	1	3232023
bj:create342	1	985342
bk:create385	1	1065337
bl	1	1104872
blockAiDecisionFor	1	2105378
blueShieldSpell	1	3590225
bm:create466	1	1155667
bo:create555	1	1253271
booleanFromIndex	1	3862483
booleanToIndex	1	3862393
boolean_toString	1	2305896
botCardIconSize	1	2900697
botCostRaceWidth	1	2900909
botIdentityNameWidth	1	2900811
botListHasSkillRange	1	2869810
botTextWidth	1	2900766
boulderAttackProc	1	3022092
boxedTooltip	1	3835511
bp	1	1298467
bq:create644	1	1312078
bs:create724	1	1381299
bt	1	1401946
btn	1	3822581
bu:create819	1	1428918
buildBoard	1	3688753
buildChapterTwoSmokeFixture	1	2867253
buildSmokeFixture	1	2866109
buildSmokeFixture1	1	2868930
buildableMatchTokens	1	2177398
buildingAirExploitabilityScore	1	2213633
buildingAttackExploitabilityScore	1	2212900
buildingCatalogItemId	1	2335662
buildingCatalogPointItemAbilityId	1	2336483
buildingCatalogPointItemCreatedUnitId	1	2336668
buildingCatalogPointItemId	1	2336276
buildingCode	1	2251004
buildingDebugName	1	3223277
buildingDefenseExploitabilityScore	1	2212205
buildingExploitabilityScore	1	2214588
buildingIncomeSyncDelta	1	3222569
buildingLifecycleDriftForE2e	1	2500619
buildingTypeIndex	1	1674448
buildingTypeIndexOfUnit	1	1676261
bumpProbeStamp	1	2933729
bumpStamp	1	2932865
buyCastleItem	1	3676068
bv:create871	1	1450934
bw:create920	1	1471958
bwShiftl32	1	2303153
bwShiftr32	1	2302944
bx:create968	1	1490392
by:create984	1	1495403
bz:create1024	1	1525492
c2i	1	3271060
cA:create1073	1	1566404
cB:create1103	1	1614761
cC:create1151	1	1662456
cD	1	1733037
cE	1	2268711
cF	1	2517833
cG	1	2948547
cH	1	3162254
cI	1	3244628
cJ	1	3419272
cK	1	3511768
cL	1	3665064
cM	1	3793415
cN	1	3845694
cO	1	3861756
cP	1	4248038
cQ	1	4452274
cageProbeResultAt	1	2933982
cageProbeStampAt	1	2933831
calcTreasureBoxMultiplier	1	3221151
campaignAdjustedScore	1	2109159
campaignAntiAirEmergencyContribution	1	2118137
campaignBlocksAwayControl	1	2987556
campaignCagePatternChanceForSkill	1	2545461
campaignCheapnessScore	1	2117785
campaignMissionById	1	2844321
campaignMissionQuitButtonBottomPoint	1	2901040
campaignPreferenceContribution	1	2117571
campaignSaveCipher	1	2827491
campaignSaveCipherShift	1	2827381
campaignSaveDecode	1	2829891
campaignSaveDecodeIndex	1	2829790
campaignSaveEncode	1	2828298
campaignSaveEncodedChar	1	2828228
campaignStarMaskForStarCount	1	2835742
campaignSupplyById	1	2845033
campaignUiCheck	1	2906835
campaignUiExistsForE2e	1	2903014
campaignUiForE2e	1	2902844
campaignUiSelectedBotCountForE2e	1	2904511
campaignUiSelectedRaceIdForE2e	1	2904717
campaignUiTriggerPlayerForE2e	1	2901133
canActAsStrategicAuraBuyer	1	2238412
canAffordCampaignDraftPurchase	1	2580028
canApplyCampaignSupplyEffectsNow	1	2886997
canApplyCurrentModeCapacity	1	3299114
canApplyRaceBanMode	1	3299676
canHonorPriorityNow	1	2111895
canReplayLastCampaignMission	1	2788460
canRespondNow	1	2182802
canSendEventNow	1	2185712
canStartCampaignSession	1	2795424
canStillBuildLegendaryForPlayer	1	2112400
canSyncBuildingIncome	1	3222163
canUseAttachedEffects	1	2294440
cancelPendingRoundStartTimers	1	3346927
cancelProbeEdgeOf	1	2471571
canonicalizeBuildableText	1	2132153
capitalizeFirst	1	2580654
captureAllUnitStats	1	2273938
captureEntry	1	3697281
captureFor	1	2273755
captureNatively	1	2272519
captureRoundStats	1	3699015
card6	1	3828525
castLightningShield	1	3024623
castNatureAttackTree	1	3938198
castleItemIdForSlot	1	3675630
catalogBuildingIncome	1	3223012
catalogBuildingIncomeDelta	1	3223142
catalogHasUpgradeEdge	1	2368146
catalogLine	1	2340598
catalogLineForId	1	2339760
catalogLineForUnit	1	2339607
catalogLineNoBuilding	1	2340701
cc:create40	1	500386
cd:create89	1	561746
ce:create127	1	584084
cellCenter	1	2934997
ceremonialPick	1	3643959
ceremonialTotemSpell	1	3644404
cf:create164	1	652926
cg:create214	1	758641
challenge	1	2569911
changeEleBuildingCount	1	2490769
chaosControlDummy	1	3523302
chapterTwoModeString	1	2709040
char1	1	3770749
charCode	1	3147331
charOrder	1	3773424
char_getWidth	1	3770650
char_toInt	1	3771101
char_toString	1	3771002
cheapHash	1	2180452
checkAi3v3Setup	1	2219868
checkAiSlot	1	2218720
checkAllMigratedVisionDummyOrders	1	2346477
checkAllProtectedAbilityAdds	1	2350544
checkAllUnitStatRows	1	2352789
checkBuilding	1	2361716
checkBuildingDeathPath	1	2357901
checkCagedPathingMarker	1	4393239
checkCampaignAiRuntime	1	2861918
checkCampaignRoundTimers	1	2854327
checkCampaignSmoke	1	2858013
checkConcreteUnitStats	1	2343008
checkConcreteWeaponStats	1	2336990
checkEleCounterContracts	1	2356072
checkFogTargetDummyOrder	1	2345574
checkForCpuSlots	1	1693327
checkForCpuSlotsW	1	2949826
checkForShield	1	1697637
checkForWrongOrder	1	3747319
checkModeRoundStart	1	3383550
checkPlayerIdle	1	3215333
checkPlayersOnNewRound	1	4408384
checkPowerPlantTwin	1	2458249
checkProtectedAbilityFieldsOnUnit	1	2341476
checkProtectedItemAbilityFields	1	2348797
checkQueue	1	3779560
checkRaceChooserAbilityOrders	1	2355198
checkRaceChooserProbeOrder	1	2354258
checkRegisteredSpellCoverage	1	2370272
checkRuntimeProtectedAbilityAdd	1	2347801
checkSweepAttachmentCleanup	1	2461752
checkUncagedPathingPulse	1	4392847
choiceScoreForProfile	1	2118541
chooseBestBuildingInternal	1	2122272
chooseBestBuildingQuiet	1	2131661
chooseCampaignAdjustedDecision	1	2119053
chooseDefaultProfiledDecision	1	2119973
chooseFallbackRaceForPlayer	1	3360329
chooseProfiledDecision	1	2121754
churchSpell	1	3581432
cj:create343	1	985798
ck:create386	1	1065883
cl	1	1104991
claimStrategicAuraSaveReservation	1	2238911
clamp	1	3009202
clamp01	1	2848452
clampLumberToLimit	1	3292118
clampProfileValue	1	2541669
clampi	1	2934518
cleanupAppliedPerks	1	3136446
cleanupBuildingCatalogItemSurface	1	2372374
cleanupBuildingCatalogOwnedUnitsOfType	1	2373108
cleanupPerkProbe	1	2399075
cleanupPerkRuntimeFor	1	3488754
cleanupPlayerAfkOnLeave	1	2080321
cleanupRoundUnits	1	3682328
cleanupSequentialBuildingSpellProbe	1	2418650
cleanupSequentialProbeUnit	1	2418496
cleanupSequentialUnitSpellProbe	1	2422026
cleanupShrineProbe	1	2446816
cleanupStatefulConsumer	1	2439787
cleanupStatefulProbe	1	2443751
cleanupSweep	1	2461149
cleanupUpgradeProbe	1	2476619
clearAiChoiceMemory	1	2208168
clearAiDecisionFailures	1	2105215
clearAiPresetBuildOrder	1	2247426
clearAllAiPresetBuildOrders	1	2249996
clearAttachedEffects	1	2294809
clearAttachedEffectsByIndex	1	2294944
clearAwayStateOnLeave	1	3498480
clearBuildingCatalogInventory	1	2374412
clearCampaignAiProfiles	1	2540687
clearCampaignMissionChallenge__w3p_vmProtect	1	2697963
clearCustomPriority	1	2202117
clearDevPlacedBuildings	1	3033152
clearHostSelectedModes__w3p_vmProtect	1	2989778
clearPendingCampaignMissionStart	1	2810808
clearPendingRoundStartResourceBonuses	1	3704607
clearPendingVote	1	2079799
clearPresetRaceAssignments	1	3359205
clearPriorityInternal	1	2201583
clearProductionEnchantedBuildingFor	1	3444918
clearRememberedRaceBans__w3p_vmProtect	1	3354741
clearSpellEnchantedBuildingFor	1	3449221
clearStartupPlayableReveal	1	1693114
clearStrategicAuraSaveReservation	1	2238695
clearTrainProgress	1	3858125
clearUltiTexttags	1	1698367
cleaveHitsTarget	1	3024318
clickCampaignAvailableBotForE2e	1	2903491
clickCampaignIntroCloseForE2e	1	2903295
clickCampaignMissionContinueForE2e	1	2903093
clickCampaignPlayerRaceForE2e	1	2903695
clickCampaignResultRetryForE2e	1	2904317
clickCampaignStartMissionForE2e	1	2904121
clickFirstUnlockedCampaignRaceChoiceForE2e	1	2903895
clickableOverlay	1	3824271
closeEnough	1	2848386
closeSourceNoticeDialogs	1	2907656
closeStartDialog	1	2907440
cm:create467	1	1156054
cn:create511	1	1201135
co:create556	1	1266215
code__Condition_addCondition_IssuedOrderRuntime	1	3237165
code__Condition_addCondition_addAction_TriggerRegisterEnterRectSimple_doAfter_OrderRects	1	3430453
code__Condition_addCondition_addAction_TriggerRegisterEnterRectSimple_doAfter_OrderRects1	1	3430706
code__EnumDestructablesInRect_ClosureForGroups	1	2963246
code__EnumItemsInRect_RoundEndRuntime	1	3684912
code__EnumItemsInRect_TerrainUtils	1	3853515
code__Filter_registerEnterRegion_nullTimer_OnUnitEnterLeave	1	3429464
code__ForForce_Force	1	3164332
code__ForForce_Force1	1	3165061
code__ForGroup_RoundEndRuntime	1	3683571
code__ForGroup_RoundEndRuntime1	1	3683767
code__ForGroup_VotingRuntime	1	4411178
code__ForGroup_VotingRuntime1	1	4411245
code__TimerStart_AfkAwayRuntime	1	2082418
code__TimerStart_IdleAttackRuntime	1	3214454
code__TimerStart_ModeRaceRuntime	1	3376217
code__TimerStart_ModeRaceRuntime1	1	3376278
code__TimerStart_VotingRuntime	1	4408157
code__addAction_DamageRuntime	1	3030975
code__addAction_TriggerRegisterEnterRectSimple_PerkLastWallProtocol	1	3480758
code__addAction_TriggerRegisterEnterRectSimple_PerkLastWallProtocol1	1	3481017
code__addAction_TriggerRegisterEnterRectSimple_doAfter_OrderRects	1	3430592
code__addAction_TriggerRegisterEnterRectSimple_doAfter_OrderRects1	1	3430846
code__addAction_TriggerRegisterLeaveRectSimple_PerkLastWallProtocol	1	3480888
code__addAction_TriggerRegisterLeaveRectSimple_PerkLastWallProtocol1	1	3481148
code__addAction_doAfter_UnitEnterRuntime	1	3939379
code__addAction_nullTimer_ClosureEvents	1	2956629
code__addAction_nullTimer_ClosureEvents1	1	2956719
code__forEach_MMDData4	1	3268402
code__forEach_MMDData5	1	3268516
code__forEach_MMDData6	1	3268629
code__forEach_MMDData7	1	3268807
code__forEach_doAfter_MMDData	1	3269185
code__onEnter_doAfter_StasisTrap	1	3761384
code__onLeave_doAfter_ObeliskOfLight	1	3404001
code__onLeave_doAfter_SyncSystem	1	3820182
code__onUnitDeindex_PerkBuildingEnchantment	1	3452362
code__onUnitIndex_PerkBuildingEnchantment	1	3451428
code__registerPlayerEvent_doAfter_CameraMovementDetection	1	2537550
code__registerPlayerUnitEvent_nullTimer_ClosureEvents	1	2956810
code__registerPlayerUnitEvent_nullTimer_OnUnitEnterLeave	1	3429681
code__start_CallbackSingle_ClosureTimers	1	2966354
collectAuthoredUpgradeCoverage	1	2368561
collectCampaignAiPlayers	1	2795956
collectSweepBuildings	1	2455383
collectUpgradeIncomeEdges	1	2367366
colorA_toColorString	1	2969565
colorA_withoutAlpha	1	2970519
colorCampaignEnemyStrength	1	2894730
color_toColorString	1	2970196
color_withAlpha	1	2970584
colored	1	3835093
compactPos	1	2326266
compactPos1	1	2329471
compactRect	1	2326466
compareFriendlyBotDraftOrder	1	2570208
compileError	1	3274789
completeCampaignChapterWithStarMasks__w3p_vmProtect	1	2835853
completeCampaignMission__w3p_vmProtect	1	2841668
completeRoundStart	1	3369730
compositionStageFactor	1	2100034
computeActiveTargetedSpellShieldScore	1	2263503
computeAdaptiveBuildCount	1	2201153
computeAntiCageCounterScore	1	2100914
computeArmyShapeFeatureScore	1	3729332
computeArmyShapeScore	1	2100648
computeBaseSpamPenalty	1	3716339
computeBaseSpamPenaltyFromLineCounts	1	2281605
computeCagePlacementBonus	1	3721407
computeCampaignSaveEnvelopeMac__w3p_vmProtect	1	2831222
computeCostIncomeScore	1	2102230
computeCrowdDamageScore	1	2271091
computeCustomPriorityBonus	1	3717074
computeDuplicatePenalty	1	3716081
computeDuplicatePenaltyFromCounts	1	2281313
computeExploitabilityScore	1	2270792
computeGoldGapScore	1	2101670
computeIncomeRecoveryScore	1	3722901
computeLegendaryInvestmentValue	1	2246628
computeLegendaryTimingScore	1	2245009
computeLegendaryUnitSavePenalty	1	2244584
computeLegendaryUnitUpgradeFactor	1	2244353
computeLegendaryUnitViability	1	2243647
computeLookaheadFeatureScore	1	3729055
computeLumberOverflowSpecialScore	1	3724084
computeOpeningInvestmentScore	1	3718666
computeProfileFeatureScore	1	3729443
computeRescueStrikesForTeam	1	3401679
computeRoundStatsLeaders	1	3687221
computeScoreBreakdown	1	3730256
computeScoreBreakdown1	1	3729811
computeSiegePressureScore	1	2102370
computeSpecialAntiAirScore	1	2269420
computeSpecialPhaseScore	1	2262849
computeSpecialVsArmyScore	1	2268839
computeStaleAntiAirScore	1	2101109
computeStrategicDominance	1	2264355
computeStrategicReliability	1	2265054
computeTeamIncome	1	3402036
computeTempoFeatureScore	1	3728511
computeThreatResponseFeatureScore	1	2271902
computeTowerDefenseScore	1	2102869
computeUpgradeBaseScoreWithReadyPrecursorCount	1	3719539
computeUpgradeCompletionScoreWithReadyPrecursorCount	1	3719886
computeUpgradeFeatureScore	1	3728097
computeUpgradeLineRepetitionPenalty	1	3716767
computeUpgradeLineRepetitionPenaltyFromCounts	1	2282195
computeUpgradeLookaheadBonusForBase	1	3725348
computeUpgradeMomentumScoreWithReadyPrecursorCount	1	3720797
computeVarietyFeatureScore	1	3729533
condition6	1	3430352
config	1	1983757
configureReminderAbilityFromPerk	1	3132805
confirmAfkCheck	1	2084612
consumeForceFreshDecision	1	2206284
consumeVesselCorpses	1	4403728
container2	1	3828604
continueBuildingCatalogAfterItems	1	2377877
continueRoundStartAfterBans	1	3357449
continueUpgradeIncomeChecks	1	2477248
controlFeatheredFriendBird	1	3464218
controllerName	1	2854658
copyAllPerksIntoDrawPool__w3p_vmProtect	1	3132354
copyCampaignSupplyPartySlots	1	2880448
copyCampaignSupplySelection	1	2880027
copyPlayerList	1	2879619
countAiPlayersByPid	1	2218097
countBuildingCatalogOwnedUnitsOfType	1	2372637
countCampaignHumanPlayers	1	2792339
countCampaignPartyPlayers	1	2792745
countCampaignStars	1	2580467
countCampaignTowerOwnerSlots	1	2804595
countForceMembers	1	2846448
countForcePlayersByPid	1	2217833
countItemAbilities	1	2373701
countNonAwayHumanPlayersInForce	1	2984117
countOwnedBuildingCopies	1	3713790
countOwnedUpgradeLineCopies	1	3713974
countPerkProbeItem	1	2397500
countPlayingPlayersInForce	1	3507698
countReadyPrecursorCopies	1	3714206
countReadyUpgradeableLineCopies	1	3714459
countRemainingPlayingTeamMembers	1	3497827
countRescueStrikeHitsAt	1	3009465
countTeamBoughtStrategicAuras	1	2235407
cp	1	1298562
cq:create645	1	1312433
cr:create692	1	1354900
createArcaneOverchargePerk	1	3439767
createAttachedBuildingEffect	1	2330645
createBreachingDoctrinePerk	1	3440383
createBuildingCatalogItemSurface	1	2371632
createBuildingEnchantmentPerk	1	3452499
createBulwarkMarchPerk	1	3454990
createCagedAegisPerk	1	3456357
createCampaignIconButton	1	2890501
createCampaignStarCostIcon	1	2906279
createCoins	1	1704200
createContainmentFocusPerk	1	3457360
createDummy	1	3143900
createEnchantmentEffect	1	3442513
createExecutionOrderPerk	1	3460983
createFeatheredFriendPerk	1	3469185
createFortifiedOutpostPerk	1	3471632
createFrame	1	3166706
createFrame1	1	3166824
createGlassCannonPerk	1	3472651
createGridImage	1	3183905
createGroundControlPerk	1	3473264
createImage	1	3216509
createLastWallProtocolPerk	1	3481278
createLonglineFormationPerk	1	3483705
createManaLeakPerk	1	3485058
createNativeSpellTarget	1	2416383
createPanelContainer	1	3041572
createPerkQuestOnce	1	3485564
createRampantGrowthPerk	1	3487375
createRawSentinelUnit	1	3404416
createRoundCastlesAndContinue	1	3376590
createSnowveilSnow	1	3741755
createSpellBuildingEnchantmentPerk	1	3453267
createSpellCarrier	1	3758097
createSpellsEdgePerk	1	3490347
createStormchaserPerk	1	3491936
createTextFrame	1	3166957
createTranscendentBladesPerk	1	3493259
createUnit	1	4397014
createUnit1	1	4397126
createUnit2	1	4396933
createVision	1	3163644
createWatermark__w3p_vmProtect	1	3278264
cs:create725	1	1381785
ct:create772	1	1402141
ctk	1	53723
cu:create820	1	1429291
currentCallbackD	1	2962541
currentLifeFraction	1	4244498
cv:create872	1	1451520
cy:create985	1	1495708
cz:create1025	1	1528907
dA:create1074	1	1566658
dB:create1104	1	1616350
dC:create1152	1	1662699
dD	1	1733162
dE	1	2272389
dF	1	2521321
dG	1	2949699
dH	1	3163050
dI	1	3245354
dJ	1	3421274
dK	1	3513145
dL	1	3665994
dM	1	3793942
dN	1	1711459
dP	1	4248184
dQ	1	4452495
damageUnitsOnSnowInArea	1	3739444
db	1	439559
dc:create41	1	507048
dd:create90	1	562048
de:create128	1	584728
deathPactEmergency	1	3025692
deathPitSpell	1	3664366
debugCampaignRuntime	1	2787081
debugDraftRoundStrip	1	3142330
debugModeRace	1	3346764
decisionKeyForDebugCandidate	1	2107779
decoratedFrame	1	3827834
defenseIndexOrUnset	1	2274679
defenseIndexToDefenseType	1	2519068
defensetype_toIndex	1	3863618
deriveBountyGold	1	3693638
describeDecision	1	2209990
desiredSpellBuildingManaDelta	1	3447588
destroyAttachedEffectsListByIndex	1	2295634
destroyCampaignMissionStartLists	1	2811288
destroyEnchantmentEffect	1	3442741
destroyLastCampaignDraft	1	2787492
destructable_getLife	1	3032842
destructable_getTypeId	1	3032756
destructable_getX	1	3032604
destructable_getY	1	3032680
detectIntentFromTokens	1	2180064
devPlacedBuildingsForPlayer	1	3033044
devourAttackProc	1	3020761
df:create165	1	654235
dg:create215	1	765999
dh:create259	1	942648
dialogFrame	1	3825969
disableDescendants	1	3823851
disabledOverlay	1	3825208
disabledUntilForNewOrderSpamPenalty	1	3744780
displayItemMessageToTeam	1	3735336
displayName	1	2134197
distance2d	1	4392248
dj:create344	1	986008
dk:create387	1	1066186
dl:create431	1	1105563
dm:create468	1	1156332
dn:create512	1	1201677
doAfter	1	2965909
doPeriodically	1	2966136
dp:create598	1	1298760
dq:create646	1	1314982
dr:create693	1	1355283
draftDebug	1	3042828
draftDebugBool	1	3042125
draftDebugPack	1	3042355
draftDebugPair	1	3042625
draftDebugPlayer	1	3042224
drawPerk	1	3138540
dryadDispelProc	1	3022701
ds:create726	1	1382306
du:create821	1	1429620
dummyCarrierCastImmediate	1	3758591
dummyCarrierWithAbilities	1	3759181
dummyCarrierWithAbilities1	1	3759496
dummyCarrierWithAbility	1	3758310
dummyCastImmediateFrom	1	3757966
dummyCastImmediateFrom1	1	3757061
dummyCastPointFrom	1	3756032
dummyCastTargetFrom	1	3755249
dummyCastTargetFrom1	1	3755137
dummyCastTargetFrom2	1	3753966
dummyCastTargetWithVision	1	3755382
dummyCastTargetWithVision1	1	3755505
dumpBuildingMetaToE2e	1	2276531
dumpUnitStatsToE2e	1	2274778
dv:create873	1	1451883
dw:create921	1	1472201
dz:create1026	1	1529148
e2eCommandDebug	1	2874540
e2eRaw	1	2336783
e2eRawcode	1	2215934
eA:create1075	1	1566912
eB	1	1616422
eC:create1153	1	1662944
eD	1	1733785
eE	1	2280163
eF	1	2536269
eG	1	2951408
eH	1	3163139
eI	1	3245494
eJ	1	3421453
eK	1	3514721
eL	1	3667449
eM	1	3794090
eN	1	1685691
eO	1	3861854
eP	1	4248367
eQ	1	4452851
eb	1	439666
ec:create42	1	507696
ed:create91	1	562392
ef:create166	1	655002
effectiveIndex	1	2248583
eg:create216	1	767911
eh:create267	1	943194
ei:create308	1	970337
ej:create345	1	986340
ek:create388	1	1066649
el:create432	1	1107010
eleBucketOf	1	2490592
eleBuildingBucketForE2e	1	2500203
eleBuildingRecountForE2e	1	2500481
eleBuildingTotal	1	2488683
eleContributionForE2e	1	2500267
eleLinkerHealAmount	1	2489075
eleLinkerPercent	1	2489155
eleRaceBuilderId	1	2360883
elementalImprovementIndex	1	3563869
ellipsize	1	3832303
ellipsizeLines	1	3833267
elvenRevivesCreatedForE2e	1	2488346
elvenShrineEffectiveReviveChance	1	2488253
em:create469	1	1156606
emit	1	3272408
emitAi3v3Snapshot	1	2221162
emitAiReplayLog	1	2250758
emitBuildingCatalogE2eResult	1	2386044
en:create513	1	1201996
enableAiForLeaverIfNeeded	1	3498644
enc100	1	2274422
encodeFrame	1	3149016
encodeSafeBase64	1	3256597
encrypt	1	3257972
encryptAndEncodeForMmd	1	3253183
endBatch	1	3665801
enemyCastleRect	1	3200983
enemyRosterRacesAssigned	1	2798752
enemyRosterSignature	1	2845391
enforceFortifiedOutpostTechAvailability	1	3470527
enforceLumberLimitNow	1	3292341
enforceRoundUnitLimit	1	3395580
enqueueArea	1	2940458
ensureAppliedList	1	3065242
ensureAssassinSlot	1	2287634
ensureAssassinTargetGroups	1	2289560
ensureAttachedEffectList	1	2294542
ensureAttachedMultiboardRefreshTicker	1	3391665
ensureCFItems	1	2536375
ensureCampaignAvailablePointsSignal	1	2826804
ensureCampaignContent__w3p_vmProtect	1	2681654
ensureCampaignTocLoaded	1	2902617
ensureControlledSlotBuilderAssignment	1	3349083
ensureDebugInfoVisible	1	2110505
ensureExecutionOrderBuilderAbility	1	3458735
ensureFeatheredFriendBird	1	3466361
ensureFx	1	2937112
ensureGobboTargetGroup	1	3179790
ensureLastWallTrackingGroup	1	3475283
ensureLists	1	2247690
ensurePerkRuntimeLists	1	3487880
ensurePresetRaceStorage	1	3359057
ensureProductionBuilderAbility	1	3445782
ensureProfileList	1	2540541
ensureSpellBuilderAbility	1	3450403
ensureSupportOrderTask	1	3178198
ensureUnitObjectMetadataRegistered	1	3942914
ensureUnitObjectUpgradeMetadataRegistered	1	4224520
eo:create560	1	1267016
ep	1	1298831
eq	1	1315053
er:create694	1	1356721
eraserSpell	1	3525964
error1	1	3159855
es:create727	1	1382806
estimateTextWidth	1	3831786
et:create773	1	1402568
eu:create822	1	1429874
eventid_isKeyboardEvent	1	3160427
eventid_isMouseEvent	1	3160517
eventid_isPlayerunitEvent	1	3160333
eventid_toIntId	1	2952785
ew:create922	1	1472434
ex:create969	1	1490730
execute	1	3161460
executeCurrentCallback	1	3161246
executeModeText	1	3460240
executionOrderDamageFactor	1	3458351
executionOrderIsOpenFireForE2e	1	3458650
executionOrderModeName	1	3458260
expectedActionJitter	1	2849230
expectedCagePatternChance	1	2849850
expectedCoinGold	1	2440161
expectedCompanionRollsPerTrain	1	2446690
expectedElvenChance	1	2446755
expectedFallbackPatternSkip	1	2849610
expectedLinkerPercent	1	2360802
expectedPerkIdByIndex__w3p_vmProtect	1	3069122
expectedPerkNameByIndex__w3p_vmProtect	1	3072987
expectedPerkReminderByIndex__w3p_vmProtect	1	3076805
expectedPerkSignatureByIndex__w3p_vmProtect	1	3080631
expectedPonderDelay	1	2849370
expectedQuickBuildDelay	1	2849509
expectsDeathRelease	1	2357766
expiryKeyY	1	3760370
explodeNukeSpecialUnit	1	4409806
explodeSnowInArea	1	3740539
ey:create986	1	1496062
ez:create1027	1	1530148
fA:create1076	1	1567166
fB:create1105	1	1616529
fC:create1154	1	1663459
fD	1	1734185
fF	1	2536978
fG	1	2951490
fH	1	3163531
fI	1	3245577
fJ	1	3421851
fK	1	3514963
fL	1	3669485
fM	1	3794600
fN	1	1674785
fP	1	4248564
fQ	1	4453082
factorBonusPercent	1	3496193
factorPenaltyPercent	1	3496283
failCampaignChallenge	1	2684493
failChildKey	1	2104715
failParentKey	1	2104626
failPendingCampaignMissionStart	1	2811708
failSharedAi3v3E2e	1	2216721
fb	1	440278
fc:create43	1	510199
fe:create129	1	585271
featheredFriendAnchor	1	3463606
featheredFriendFoodDelayText	1	3462122
feralRage	1	3023547
ff:create167	1	655436
fg:create217	1	774865
fh:create268	1	943755
fi	1	971180
findBestBuildableMatch	1	2136687
findBestBuildableMatchAny	1	2140204
findBestRescueStrikeTarget	1	3009722
findBuildableNameByType	1	2134527
findCFRaceByBuilderId	1	2537069
findCheatInText	1	2551095
findFeatheredFriendTarget	1	3463778
findMasterLightningHit	1	3281559
findOwnedExampleName	1	2186340
findPerkById	1	3139026
findRandomVesselCorpse	1	4403302
findUltimateBuilderRaceSlot__w3p_vmProtect	1	3306451
finishBearHibernate	1	3026005
finishCFRaceBuildingRegistration__w3p_vmProtect	1	2530323
finishCampaignUiE2e	1	2906921
finishConstructSweep	1	2462398
finishCurrentArea	1	2940864
finishDraftRaceSelection	1	3364220
finishLifecycleProbe	1	2423127
finishManualRaceBan	1	3357139
finishModeRuntimeE2e	1	3383318
finishPendingCampaignMissionStart__w3p_vmProtect	1	2811972
finishPerkAbilityProbes	1	2399924
finishPickRaceSelection	1	3366565
finishRescueStrike	1	3673031
finishRoundCleanup	1	3684345
finishSharedCampaignE2e	1	2843799
finishShrineProbe	1	2447807
finishStatefulAcquireProbe	1	2443954
finishTransferredLifecycleRelease	1	2436297
finishUncagedPathingPulse	1	4392382
finishUpgradeCancelProbe	1	2471784
finishUpgradeIncomeCheck	1	2480941
fireEvents	1	2952745
firstCampaignMission	1	2843997
firstPlayerById	1	3499280
firstPlayerInForce	1	3507466
fitCampaignObjectiveText	1	2891717
fitCampaignText	1	2891085
fitCampaignTextAfterPrefix	1	2891183
fittingPrefixLength	1	3832842
fixtureHasSkillRange	1	2870271
fixtureOwner	1	2931159
fixturesHaveSkillRange	1	2870495
fj:create346	1	986580
fk:create389	1	1066927
floorToInt	1	2934327
fm:create470	1	1156867
fn:create514	1	1202711
fnv1a32Hex	1	3147912
fo:create557	1	1267271
forDestructablesInRect	1	2962591
forUnitsInRange	1	2961878
force_containsPlayer	1	3164490
force_forEach	1	3163781
force_getRandomPlayer	1	3164405
force_hasNext	1	3165196
force_iterator	1	3164576
force_next	1	3165271
forestTrollTrapperSpell	1	3645890
forgottenOneSpell	1	3536214
formatBotCardMeta	1	2891434
formatCampaignBotCardSummary	1	2891798
formatCampaignEnemyStrength	1	2895129
formatCampaignEnemySummary	1	2895340
formatCampaignPartySummary	1	2895669
formatCurrentModeString	1	3386293
formatIncomeText	1	3393430
formatMissionBestTime	1	2892262
formatMissionDuration	1	2891914
formatPriorityDuration	1	2186026
formatRescueKillsText	1	3393551
formatRescueText	1	3393703
formatRoundTime	1	3399455
formatStatAmount	1	3694127
formatStatCount	1	3693750
formatStatsClock	1	3694200
formatSupplyMeta	1	2891610
formatSurvivalTime	1	2888289
fortifiedOutpostItemStatsText	1	3471346
fp:create599	1	1298944
fq:create647	1	1315210
fr:create695	1	1356963
framehandle_disable	1	3167184
framehandle_enable	1	3167344
framehandle_getChild	1	3168654
framehandle_getChildrenCount	1	3168559
framehandle_getHeight	1	3168263
framehandle_getParent	1	3168423
framehandle_getText	1	3167583
framehandle_getWidth	1	3168344
framehandle_isEnabled	1	3167800
framehandle_isEnabled1	1	3168115
framehandle_isVisible	1	3167502
framehandle_onClick	1	2965187
framehandle_onClickReleaseFocus	1	2965288
framehandle_onEditboxChange	1	2965575
framehandle_onEditboxEnter	1	2965467
framehandle_onSliderValueChange	1	2965691
framehandle_placeSafe	1	3829556
framehandle_setFocus	1	3167660
framehandle_setVisible	1	3167040
framehandle_unfocus	1	3167881
framehandle_withTooltip	1	3835853
friendlyBotById	1	2844681
frostLauncherSpell	1	3633189
frostSpell	1	3566089
fs:create728	1	1383229
ft:create774	1	1403306
fu:create823	1	1430799
fv:create874	1	1452499
fw:create923	1	1472928
fy:create987	1	1496348
fz:create1028	1	1531782
gA:create1077	1	1568094
gB	1	1616601
gC:create1155	1	1663692
gD	1	1734440
gE	1	2281215
gF	1	2537409
gG	1	2955503
gH	1	3165437
gI	1	3246305
gJ	1	3428667
gK	1	3515354
gL	1	3669779
gM	1	3794753
gN	1	3848041
gP	1	4248760
gQ	1	4453309
galeSpell	1	3607312
gamecache_hasInt	1	3169032
gamecache_loadInt	1	3169124
gb	1	440365
gc:create44	1	513518
ge:create130	1	585836
getActiveStrategicAuraSaverForTeam	1	2238030
getAiChoiceScoreLossLimit	1	2118704
getAiDebugUpgradeLevelLabel	1	2088590
getAiExecutorForPlayer	1	3002980
getAiInfoBuildingIcon	1	2088396
getAiInfoDisplayScratchList	1	2107131
getAiInfoScoreText	1	2089071
getAiInfoScratchList	1	2106963
getAiInfoSlot	1	2086759
getAiPlayerTint	1	2088224
getAiRecentBuildsText	1	2087105
getAssignedBuilderId	1	3348516
getBoardRoundTimeSeconds	1	3399918
getBuildingObjectMeta	1	4222114
getBuildingTechMaxAllowedForCurrentModes	1	2502676
getBuiltBuildingAt	1	3712059
getBuiltCount	1	3509790
getCFItemById	1	2536634
getCageBuildingIndex	1	3235476
getCagedAegisSpellDamageFactor	1	3455662
getCampaignAiActionJitterMax	1	2543992
getCampaignAiBaseSpamPenaltyMultiplier	1	2547733
getCampaignAiBaseSpeed	1	2543273
getCampaignAiBaseStyleBias	1	2545842
getCampaignAiBuildingPreferenceBias	1	2546455
getCampaignAiCagePatternChance	1	2545580
getCampaignAiCoop	1	2542886
getCampaignAiCoopBonus	1	2541302
getCampaignAiEconomyWeight	1	2547202
getCampaignAiFallbackPatternSkipMax	1	2544367
getCampaignAiLegendaryWeight	1	2547800
getCampaignAiNoviceMistakeLevel	1	2542213
getCampaignAiPonderDelayMax	1	2544180
getCampaignAiPriorityAcceptedRankLimit	1	2543742
getCampaignAiPriorityBonusMultiplier	1	2543441
getCampaignAiPriorityDurationMultiplier	1	2543590
getCampaignAiProfile	1	2541056
getCampaignAiQuickBuildDelay	1	2545315
getCampaignAiScoreSkillGain	1	2542455
getCampaignAiScoreTargetOffset	1	2542067
getCampaignAiScoreTolerance	1	2541898
getCampaignAiSkill	1	2541734
getCampaignAiSpeed	1	2543078
getCampaignAiSpeedBonus	1	2541539
getCampaignAiStyleBias	1	2547027
getCampaignAiUpgradeWeight	1	2547457
getCampaignAvailablePoints	1	2835165
getCampaignAvailablePointsSignal	1	2835516
getCampaignAvailableStarTotal	1	2892837
getCampaignBotAt	1	2574951
getCampaignBotOpeningLine	1	2579674
getCampaignChapterAvailableStars	1	2893351
getCampaignChapterById	1	2919498
getCampaignChapterEarnedStars	1	2892922
getCampaignChapterForMission	1	2575347
getCampaignChatTeammate	1	2188756
getCampaignDelimitedToken	1	2578174
getCampaignDraftHumansSharedRace	1	2797969
getCampaignEffectiveDraftPoints	1	2795277
getCampaignEnemyBotById	1	2577048
getCampaignEnemyCount	1	2893527
getCampaignEnemyOpeningBuildingId	1	2569991
getCampaignEnemyRescueStrikeCount	1	2809763
getCampaignEnemyStrength	1	2893766
getCampaignEnemyStrengthName	1	2894560
getCampaignEnemyTowerPosition	1	2804095
getCampaignEnemyTowerPositionForSide	1	2803668
getCampaignFriendlyBotById	1	2577422
getCampaignKnownRaceByBuilderId	1	2574654
getCampaignPartyPlayerAt	1	2793524
getCampaignPartyPlayerSlot	1	2794144
getCampaignPartyPlayers	1	2792994
getCampaignPreplacedTowerOwner	1	2805164
getCampaignPreplacedTowerOwnerOrdinal	1	2804984
getCampaignProfile	1	2833094
getCampaignProfileLoadVersionSignal	1	2826439
getCampaignProgressCheatOwner	1	2919879
getCampaignRaceName	1	2583133
getCampaignRaceOption	1	2584765
getCampaignRequiredAllyRecruits	1	2795146
getCampaignRequiredAllyRecruitsForPartySize	1	2795052
getCampaignRestrictionPhrase	1	2580831
getCampaignSecondStarObjectiveText	1	2583329
getCampaignStarChallengeText	1	2581439
getCampaignSupplyById	1	2577799
getCampaignSupplyGoldBonus	1	2881465
getCampaignSupplyLumberBonus	1	2881806
getCampaignThirdStarObjectiveText	1	2583508
getCampaignTowerIdForBuilder	1	2803131
getChatEditBox	1	2555706
getChatState	1	2173023
getCommittedLegendaryUnitRushRootId	1	2114056
getCompositionAspects	1	2992492
getContainmentFocusSpellDamageFactor	1	3456961
getCorruptTile	1	2781718
getCurrentCallback	1	3161334
getCustomBuildsLeft	1	2206019
getCustomPriority	1	2202486
getDamageMultiplierByIndex	1	3864025
getDecisionKey	1	2209656
getDecisionKey1	1	2209841
getDecisionPlacementKey	1	2208929
getDecisionPlacementKey1	1	2209147
getDefaultRoundType	1	3055818
getDefaultTile	1	2782296
getDesertTile	1	2781201
getDesignatedStrategicItemBuyerForTeam	1	2237460
getDialogLayer	1	3827226
getDisplayRange	1	3856048
getDominanceForBuildingScoring	1	2268410
getElapsedGameTime	1	3170876
getEngagementAxisPos	1	2211265
getEngagementDominance	1	2211665
getEnterLeaveUnit	1	3429386
getExampleBuildableName	1	2135046
getExpectedCFRaceBuildingSequence__w3p_vmProtect	1	2527302
getFeatheredFriendBirdForE2e	1	3462495
getFeatheredFriendFoodItemIdForE2e	1	3462625
getForceOf	1	2175170
getFrame	1	3166542
getFrame1	1	3166631
getGobboTimedLifeIndex	1	3182318
getIceTile	1	2780777
getIncomeHeuristicDebug	1	3712840
getIndexingUnit	1	3941980
getLeaverTeam	1	3498794
getLocalPlayerBoard	1	3505727
getMatchWinnerResultCode	1	3705771
getNextShippedCampaignChapter	1	2576260
getOrderSpamTimeoutSeconds	1	3744446
getOriginFrame	1	3166460
getOverlayLayer	1	3827301
getPartyPlayerAt	1	2880889
getPending	1	2203732
getPendingBuildCount	1	2204053
getPendingStrategicAuraItemForTeam	1	2236772
getPerkCount	1	3136981
getPerkQuestTexts	1	3137350
getPlacementEpoch	1	3497315
getPlayerAntiAirWorth	1	3840485
getPlayerStartLoc	1	1677813
getPlayerState	1	3400004
getPresetRaceAssignment	1	3349616
getPrioState	1	2200743
getRecentBuildSlot	1	2086698
getRegisteredPerkForE2e	1	3137130
getRegisteredPerkIdSequence__w3p_vmProtect	1	3087578
getRepresentedTeamIndex	1	3400457
getRescueStrikesForTeam	1	3402366
getRoundTimeSeconds	1	1674642
getScoreBlockReason	1	3727172
getScoreBlockReason1	1	3726912
getScoreDebugText	1	3731806
getScratchGroup	1	2961196
getSelectedRace	1	2797734
getSpawnBuilding	1	3495908
getSpellDebugEffectCount	1	3751974
getSpellDebugFailureCount	1	3751406
getSpellDebugLastFailure	1	3751606
getSpentLumber	1	3509709
getSpentLumberTotalNonLegendary	1	3509936
getState	1	2132748
getStrategicAuraImmediateGoldBuffer	1	2234068
getStrategicAuraItemIndex	1	2233474
getStrategicAuraSaveWaitTicks	1	2233959
getStrategicSignalDebugText	1	2266434
getStrategicSignalForTeam	1	2265563
getStructurePushDominance	1	2211876
getSyncUnitIndex	1	3792114
getTeamChatAis	1	2180708
getTeamForce	1	3258646
getTeamIndex	1	3258774
getTeamWins	1	3705219
getTeamWinsSignal	1	3705040
getTimedIncomeFactor	1	3713610
getTimer	1	3855110
getTotalGoldEarned	1	3255633
getTreeReplacement	1	2782754
getUltimateRaceChoiceIndex__w3p_vmProtect	1	3651933
getUnaffordableSaveWaitLimit	1	2261843
getUnitStat	1	4259385
getUpgradeLineRoot	1	3712193
gf:create168	1	656062
gg:create218	1	775211
ggk	1	26281
gh:create269	1	946376
gi:create309	1	971434
giveCampaignSupplyItemToBuilder	1	2882978
giveCloudStaffToBuilder	1	3490887
giveFeatheredFriendBirdFood	1	3466679
giveTinyOutpostItemToBuilder	1	3470785
gj:create347	1	986820
gk:create390	1	1067197
gl:create433	1	1107826
gm:create471	1	1157123
gn:create515	1	1203038
go:create558	1	1268265
gp:create600	1	1299292
gq:create648	1	1316508
gridAnchor	1	2326910
gridHeight	1	2932490
gridSize1	1	2932585
gridToWorldCenterX	1	2934843
gridToWorldCenterY	1	2934920
gridWidth2	1	2932395
gridXFromWorld	1	2934623
gridYFromWorld	1	2934733
group_add	1	3184427
group_add1	1	3184215
group_forEachFrom	1	2961290
group_get	1	3185322
group_getRandom	1	3185182
group_has	1	3184865
group_hasNext	1	3185103
group_iterator	1	3185724
group_next	1	3185799
group_remove	1	3184643
group_size	1	3184938
gs:create729	1	1383911
gt:create775	1	1403694
gu:create824	1	1431036
gv:create875	1	1452881
gw:create924	1	1473423
gz:create1029	1	1533296
h05LAttackProc	1	3021723
h11	1	3834862
h2	1	3834909
h3	1	3834955
h4	1	3835001
h5	1	3835047
hA:create1078	1	1568182
hB:create1106	1	1616748
hC:create1156	1	1664613
hD	1	1734840
hE	1	2282471
hF	1	2537701
hG	1	2955935
hH	1	3165635
hI	1	3247454
hJ	1	3428935
hK	1	3515463
hL	1	3676303
hM	1	3794936
hN	1	3848687
hP	1	4249946
hQ	1	4453524
handleCommand	1	4415034
handleFanOfKnives	1	3029513
handleLastWallCastleRectEvent	1	3478254
handlePlayerLeave	1	3268996
handleSourceDamageEffects	1	3027033
handleSync	1	3844049
handleTargetDamageEffects	1	3028629
handle_getHandleId	1	4398451
handle_getTCHandleId	1	3860755
hasAiPresetBuildOrder	1	2247298
hasAppliedPerk	1	3132422
hasAuthoredObjectUpgradeEdge	1	4235551
hasAvailableAiRescueStrikeCaster	1	3010686
hasCageDataAt	1	2941388
hasCampaignAiProfile	1	2541221
hasCampaignStar	1	2580222
hasEleBuildingAccess	1	2489240
hasEnoughFoodForBuilding	1	3715698
hasEnoughFoodForBuildingWithReadyPrecursorCount	1	3715345
hasEnoughGoldForStrategicItem	1	2234723
hasForceFlag	1	2184919
hasKnownBuilder	1	3498384
hasLegendary	1	3509870
hasMatchWinner	1	3705724
hasNoPowerArmorExclusion	1	4391423
hasOpeningUpgradePath	1	3717892
hasPending	1	2203329
hasRemainingPlayingTeamMember	1	3498141
hasSelectedCampaignPerkSupply	1	2682496
hasShield	1	1697343
hasStrategicAuraProductionFloor	1	3002843
hasTeamBoughtAnyStrategicAura	1	2235891
hasTeamBoughtStrategicItem	1	2235164
hasTechAccess	1	2132953
hasTechAccess1	1	2200906
hasToken	1	2183728
hasUpgrades	1	3712383
hasWildernessObeliskBuff	1	3617263
hashtable_hasInt	1	3186001
hashtable_hasString	1	3186087
hashtable_loadDestructableHandle	1	3186175
hashtable_loadEffectHandle	1	3186283
hashtable_loadForceHandle	1	3186379
hashtable_loadFrameHandle	1	3186826
hashtable_loadInt	1	3186473
hashtable_loadString	1	3186555
hashtable_loadTriggerHandle	1	3186636
hashtable_loadUnitHandle	1	3186734
hb	1	440885
hc:create45	1	513983
he:create131	1	586460
heroicShrineSpawnerCountForE2e	1	4391289
hex16	1	3148352
hexSpell	1	3573939
hf:create169	1	656354
hg:create219	1	780825
hh:create270	1	946704
hhk	1	28608
hideCampaignSurvivalTimer	1	2889626
hidePlayerBoard	1	3506184
hideRoundStatsBoardFor	1	3689318
hideRoundStatsBoardForAll	1	3691970
hj:create348	1	987060
hk:create391	1	1067284
hl:create434	1	1108251
hm:create472	1	1157424
hn:create516	1	1203309
ho:create561	1	1268902
holyPick	1	3566861
holyShrineSpell	1	3567300
hotkeyToTier	1	2517499
hpThresholdPercent	1	3460155
hq	1	1316579
hs:create730	1	1384528
ht:create776	1	1404137
hu:create825	1	1431271
hv:create876	1	1453150
hw:create925	1	1473924
hx:create970	1	1491013
hy:create988	1	1496652
hz:create1030	1	1533540
iA:create1079	1	1568459
iB:create1107	1	1621024
iC:create1157	1	1664848
iD	1	1735248
iE	1	2282894
iF	1	2540371
iG	1	2956421
iH	1	3168741
iI	1	3251560
iJ	1	3429941
iK	1	3516111
iL	1	3676785
iM	1	3795088
iO	1	3861962
iQ	1	4453726
ib	1	440974
ic:create46	1	514556
idx112	1	3508471
ie:create132	1	586760
ig:create220	1	781250
ih:create271	1	946955
ii	1	972279
ij:create349	1	987295
ik:create392	1	1068339
il	1	1108322
im:create473	1	1157720
image_hideForPlayer	1	3216738
image_showForPlayer	1	3216634
img	1	3826537
img1	1	3826479
img3	1	3826644
img4	1	3826710
img5	1	3826588
img6	1	3826429
imgBtn	1	3822983
imgBtn1	1	3823102
imgBtn2	1	3823038
imgBtnFrame	1	3823158
imgframe	1	3826115
improveSpecialBuilding	1	3564442
inBoundsXY	1	3275590
inCurrentAreaIdx	1	2935748
incrementPlayerKills	1	3396616
incrementPlayerRescueKills	1	3396760
incrementTeamDestroyedBuildings	1	3397088
incrementTeamKills	1	3396916
indexOf	1	2934261
init2	1	3273796
initMultiboardEventHooks	1	3397483
initMultiboardState	1	3401359
initPathing	1	2935854
initPerks__w3p_vmProtect	1	3121996
initReactiveMultiboards	1	3505513
initializeDefaultDraftTiers__w3p_vmProtect	1	3055747
initiateForfeitVote	1	2985520
installLastWallCastleHooksOnce	1	3478453
installReminderRoundStartHookOnce__w3p_vmProtect	1	3136073
int_bitAnd	1	3234269
int_bitXor	1	3234460
int_shiftl	1	2303224
int_shiftr	1	2303282
int_toChar	1	3771190
int_toRawCode	1	3419015
int_toReal	1	3234177
int_toString	1	3234219
interactive	1	3830533
ip:create601	1	1299641
iq:create649	1	1316691
ir:create696	1	1357567
is:create731	1	1384967
isActiveRestriction	1	2683863
isActualLegendarySpecialTarget	1	2112489
isAddressedTo	1	2175654
isAiAddressTokenAt	1	2176708
isAiCompositionReplanDue	1	2328699
isAiDecisionBlocked	1	2104801
isAiDecisionBlocked1	1	2104998
isAiLiveReplanDue	1	2328785
isAiPowerPlantReadyPriority	1	2107413
isAiReplayLogE2eEnabled	1	2250656
isAiReplayLogEnabled	1	2250705
isAiTopRankedChoice	1	2208484
isAliveCombatSapper	1	4237875
isAssassinEngagedOnValidTarget	1	2287798
isAssassinSupportUnit	1	3746782
isAttachableBuilding	1	2330544
isBuildCommandToken	1	2176486
isBuildableAtCenter	1	2935207
isBuildingAllowedForCurrentModes	1	2502212
isCageProbeOpenAtCenter	1	2935424
isCagedPlacementAt	1	2942411
isCagedUnitForPerk	1	3456080
isCampaignChapterShipUnlocked	1	2570499
isCampaignHumanPlayer	1	2792003
isCampaignMenuOpen	1	2786576
isCampaignRaceUnlocked	1	2585052
isCampaignRunCheatTainted	1	2551044
isCastleProtected	1	2931729
isCeremonialTotemTarget	1	3643736
isChallengeBoundPlayer	1	2682857
isChatAi	1	2175385
isCloaked	1	4238135
isColorToken	1	2173999
isColumnLeader	1	3687801
isColumnLeader1	1	3687736
isCombatSapper	1	4237736
isConstructSweepBatchComplete	1	2465755
isContainmentFocusSpellDamage	1	3457075
isControlledGameplaySlot	1	3348808
isDesignatedStrategicItemBuyer	1	2237194
isDirectBuildSweepRoot	1	2454964
isDispellableEnemyOf	1	3020525
isDyingCombatSapper	1	4237968
isElectedBuildRequestResponder	1	2181596
isElectedResponder	1	2181137
isEmitter	1	3271854
isFixed	1	2780724
isGamePlayerId	1	3507407
isGobbo	1	3177172
isGobboRallyTarget	1	3177754
isGobboRepairableTarget	1	3177400
isHighImpactLumberSink	1	2243308
isHolyShrineTarget	1	3566643
isIdleAttackUnit	1	3213705
isIncomeLineBuilding	1	3715072
isInsideOwnCastleRect	1	3475374
isInstanceOf	1	427849
isKeyboardEventId	1	3160191
isLastCallbackSuccessful	1	3161386
isLastWallEligibleUnit	1	3475906
isLegendarySpecialGoalTarget	1	2112653
isLegendaryStructure	1	2243039
isLegendaryUnit	1	2242923
isLiveStructureHandle	1	3002260
isLumberOverflowSpecialTarget	1	2115892
isManaShieldEligible	1	3484307
isMapMakerQuestion	1	2186973
isModeRoundStartInProgress	1	3354808
isModeRoundStarted	1	3354859
isMouseEventId	1	3160270
isNo	1	2183381
isNotBanished	1	1694766
isNotTentacle	1	1694676
isOtherAiCallsign	1	2174390
isPendingBuildTargetUnavailable	1	2329650
isPendingPersistent	1	2203882
isPerkManifestSlot__w3p_vmProtect	1	3083179
isPerkRegistryTokenValid__w3p_vmProtect	1	3084621
isPersistentPriorityRequest	1	2186213
isPlacementBlockedForSide	1	2943126
isPlacementBlockedForSideWithReservationAllowance	1	2943240
isPlacementKernelIndex	1	2942059
isPlayerInTeam	1	3401602
isPlayerRepresentedOnMultiboard	1	3400207
isPlayerRepresentedOnTeam	1	3400851
isPlayerunitEventId	1	3160068
isPowerPlantTwinAt	1	2458144
isPriorityClearCommand	1	2184998
isProductionBuilding	1	3441607
isRangedGroundCombatUnit	1	3482152
isRegisteredPerk	1	3129238
isRoundDrawVoteOpen	1	4406008
isRoundStarted	1	3705180
isRoundStatsBoardAvailable	1	3691247
isRoundVotePlayer	1	4405715
isRsDisable	1	2183978
isRsEnable	1	2184287
isRsNonCastleDisabled	1	2207226
isRsRelatedIntent	1	2184597
isScoreTeamIndex	1	3704979
isSingleLimitBuilding	1	2502108
isSpellBuilding	1	3441841
isSpellDebugEnabled	1	3750639
isSpellSource	1	3695672
isSpellsEdgeSpellDamage	1	3490239
isStrategicAuraCandidateForTeam	1	2236500
isStrategicAuraEconomyDue	1	2234171
isStrategicAuraProductionBuilding	1	3002708
isStuckDebug	1	2207342
isStuckDebugCommand	1	2185413
isSupportOrderUnit	1	3176444
isSweepCriticalPath	1	2454827
isSyncCandidate	1	3845271
isTargetCagedForContainmentFocus	1	3457189
isTeamParticipant	1	3845529
isTeamPlayer	1	3735176
isTranscendentBladesArmor	1	3492995
isTrueFor_wrapper	1	4414799
isUnsignedIntString	1	3310317
isValidAssassinTarget	1	2287992
isValidPlayerId	1	2488397
isValidStructureHandle	1	3002393
isValidSyncPair	1	3797182
isVesselCorpse	1	4403122
isVulnerable	1	1674696
isWildernessObeliskTarget	1	3617395
isYes	1	2182982
issueAssassinImmediateOrder	1	2288523
issueAssassinPointOrder	1	2288301
issueAssassinTargetOrder	1	2288412
issueCodeAttack	1	2299159
issueCodeTargetOrder	1	2299004
issueCodeTowardsOwnCastle	1	2301074
issueFrostLauncherOrder	1	3632788
issueLifecycleUpgrade	1	2433736
itemRuntimeCheck	1	2374007
itemTypeHasProtectedAbilityFields	1	2005830
item_getAbility	1	3245271
item_getAbilityByIndex	1	3245174
item_getCharges	1	3245036
item_getName	1	3245108
item_getPos	1	3244970
item_getTypeId	1	3244780
item_getX	1	3244850
item_getY	1	3244910
iu:create826	1	1431833
iv:create877	1	1453535
iw:create926	1	1474425
iy:create989	1	1496957
iz:create1031	1	1534603
jA	1	1568531
jB:create1108	1	1621468
jC:create1158	1	1665061
jD	1	1992611
jE	1	2282975
jF	1	2548059
jG	1	2958884
jH	1	3169216
jI	1	3252722
jJ	1	3430237
jK	1	3516196
jL	1	3679396
jM	1	3795488
jN	1	3850223
jO	1	3862067
jP	1	4261347
jQ	1	4453953
jb:create	1	456299
jc:create47	1	514973
jd:create92	1	563323
je:create133	1	587062
jf:create170	1	657326
jg:create221	1	781639
jh:create272	1	947720
ji:create310	1	972515
jj:create350	1	988130
jk	1	1068546
jl:create435	1	1108431
jm:create474	1	1157996
jn:create517	1	1203707
jo:create559	1	1269157
joinCampaignCheatToken	1	2922250
jp:create602	1	1299990
jq:create650	1	1317470
js:create732	1	1385232
jt:create777	1	1404609
ju:create827	1	1432096
jv:create878	1	1453794
jw:create927	1	1474686
jy:create990	1	1497194
jz:create1032	1	1539314
kA	1	1568610
kB:create1109	1	1625990
kC:create1159	1	1665760
kD	1	1994647
kE	1	2284320
kF	1	2556649
kG	1	2959838
kH	1	3169720
kI	1	3253512
kJ	1	3430961
kK	1	3516264
kL	1	3679688
kM	1	3795721
kN	1	1714092
kO	1	3862167
kP	1	4390747
kQ	1	4454168
kb	1	457679
kc:create48	1	516311
kd:create93	1	563954
ke:create134	1	587531
keeperDispelProc	1	3022974
keeperSpell	1	3607513
keyX	1	3760284
keyY	1	3760327
kf:create171	1	657619
kg:create222	1	784310
kh:create273	1	948197
ki:create311	1	972728
killEasternCastleForModeRound	1	3384610
killEleBuildingAndCheck	1	2433454
killSecondEleBuildingAndCheck	1	2431848
kj:create351	1	988499
kk:create393	1	1068784
kl	1	1108502
km:create475	1	1158262
kn:create518	1	1204109
ko:create562	1	1270110
kp:create603	1	1300339
kq:create651	1	1318489
kr:create697	1	1357853
ks:create733	1	1385417
kt:create778	1	1404820
ku:create828	1	1432360
kv:create879	1	1454054
kz:create1033	1	1539725
lA	1	1568695
lB:create1110	1	1630407
lC:create1160	1	1666159
lE	1	2284743
lF	1	2556811
lG	1	2960070
lH	1	3170937
lI	1	3254200
lJ	1	3431161
lK	1	3520635
lL	1	3680095
lM	1	3796001
lN	1	1689551
lO	1	3862277
lP	1	4401689
lQ	1	4454381
laneBridgeY	1	2298091
laneRouteSourceY	1	2298715
launchCampaignMission__w3p_vmProtect	1	2817848
launchCampaignMission__w3p_vmProtect1	1	2817710
launchSmokeFixture	1	2869018
layoutFrame	1	3821313
lc:create49	1	516641
ld:create94	1	564863
le:create135	1	587814
ledgerCoord	1	3706312
ledgerLastVarianceSaltForTests	1	3709284
ledgerVarianceCountForTests	1	3709232
legacyRoundTimerSeconds	1	2854064
lf:create172	1	658475
lg:create223	1	784816
lh:create274	1	948808
lifecycleBuildPos	1	2361493
lifecycleCleanup	1	2422574
lifecycleLine	1	2360683
lifecycleTransferRecipient	1	2436831
lightningSpell	1	3565766
lightning_destr	1	3245420
lineRootForTier	1	2225873
linkerCountForPlayerE2e	1	2498968
linkerCountForTeamE2e	1	2499316
linkerPercentForE2e	1	2498897
linkerShowsPlayerPercentForE2e	1	2499778
linkerSlotForUnitE2e	1	2499990
linkerTagRefreshCountForE2e	1	2498844
linkerTagText	1	2489402
linkerTextTagCountForE2e	1	2499043
linkerVisiblePercentLinesForE2e	1	2499389
lj:create352	1	989085
lk:create394	1	1069250
lm:create476	1	1158537
ln:create519	1	1204852
loadTOCFile	1	3168504
localLedgerLane	1	3706159
lockRoundStatsBoard	1	3691790
logAiCandidateRank	1	2253749
logAiChoice	1	2251440
logAiItemEvent	1	2259602
logAiNoCandidate	1	2257144
logAiPlacementEvent	1	2258029
logAiRescueStrikeEvent	1	2260467
logPerkOrder	1	2399273
logRescueStrikeUse	1	3256177
logSpellDebug	1	3752212
logSpellDebug1	1	3750798
logTimelineSnapshot	1	3255875
lp:create604	1	1300804
lq:create652	1	1318792
lr:create698	1	1359574
ls:create734	1	1386098
lt:create779	1	1405483
lu:create829	1	1432746
lv:create880	1	1454577
lw:create928	1	1475011
ly	1	1497265
lz:create1034	1	1540033
mA:create1080	1	1568824
mB:create1111	1	1630848
mC:create1161	1	1667090
mD	1	1723713
mE	1	2288624
mF	1	2575975
mG	1	2960724
mH	1	3171046
mJ	1	3432252
mK	1	3528384
mL	1	3680428
mM	1	3796430
mN	1	1685287
mP	1	4402824
mQ	1	4454604
magicRuinSpell	1	3523515
main	1	1739381
makeAffordanceIndependentDebugInfo	1	2108309
makeAiInfoFrame	1	2095549
makeCampaignCheatRaceIds	1	2922639
makeCampaignCheatRecruitIds	1	2922889
makeCampaignCheatSupplies	1	2923247
makeChapterOneCheatStarMasks	1	2920026
makeFallbackDecision	1	2111550
makeLayer	1	3826874
makePerkPack	1	3041983
makeProfiledDecision	1	2111087
mapcontrol_toString	1	2990968
markAfkCheckConfirmed	1	2084502
markBuilderSharedControl	1	3503817
markCampaignRunCheatTainted__w3p_vmProtect	1	2555628
markEventSent	1	2185891
markRaceUnavailable	1	3356951
markResponded	1	2185574
markShrineReviveBlocked	1	3421648
markStrategicItemBought	1	2235080
markStrategicItemBoughtForTeam	1	2235982
max	1	3289746
max1	1	3289531
maximizeLocalPlayerBoardForReshow	1	3506587
maybeCampaignConfusedChime	1	2189424
mb:create1	1	458054
mbDebug	1	3394036
mbDebugStateSnapshot	1	3394153
mbInitDebug	1	3397853
mbUiDebug	1	3393308
mc:create50	1	516972
md:create95	1	566413
me:create136	1	588103
measurePowerPlantReach	1	2465174
mf:create173	1	677391
mg:create224	1	785404
mh:create275	1	949400
mi:create312	1	972942
migrateBuildingLifecycleOwner	1	2496355
migrateLinkerOwner	1	2495362
min	1	3289959
min1	1	3290173
mineLayerSpell	1	3591152
minimizeLocalPlayerBoardForReshow	1	3506312
minutesTextFromSeconds	1	3461829
missionTileIconSize	1	2900571
missionTileNameWidth	1	2900644
mixPerkRegistryToken	1	3064941
mj:create353	1	989611
mk:create395	1	1069707
ml:create436	1	1108635
mm:create477	1	1158813
mmdE2e	1	3253260
mmdEncrypted	1	3252904
mn:create520	1	1205106
mo:create563	1	1270252
modeRuntimeCheck	1	3383231
modeRuntimeFail	1	3383147
mp:create605	1	1301292
mq:create653	1	1319113
mr:create699	1	1360237
ms:create735	1	1386404
mt:create780	1	1405766
mu:create830	1	1433149
multiboard_hide	1	3402675
multiboard_maximize	1	3402919
multiboard_minimize	1	3402795
multiboard_show	1	3402556
mushroomSpell	1	3632550
muted	1	3835185
mv:create881	1	1455227
mw:create929	1	1475377
mz:create1035	1	1540308
nA:create1081	1	1570359
nB:create1112	1	1633019
nC:create1162	1	1667668
nD	1	2008571
nE	1	2288964
nF	1	2576711
nG	1	2960811
nH	1	3171678
nI	1	3255115
nJ	1	3433135
nK	1	3530474
nL	1	3680611
nM	1	3796788
nO	1	3862531
nP	1	4405627
nQ	1	4455737
nagaSpellTargetName	1	3597720
namedChild	1	3827685
nb:create2	1	458471
nc:create51	1	517316
nd	1	1720408
ne:create137	1	588334
near	1	2336928
near1	1	3404313
nextFeatheredFriendFoodDelay	1	3467320
nextOrderSpamTimeout	1	3744912
nextPlayingPlayerById	1	3499512
nextUiContext	1	3821155
nf:create174	1	690084
ng:create225	1	802415
nh:create276	1	949872
ni:create313	1	973220
nj:create354	1	989814
nk:create396	1	1069945
nl	1	1108706
nlk	1	36633
nm:create478	1	1160608
nn:create521	1	1208205
no:create564	1	1271191
normalizeAndTokenize	1	2177878
normalizeMeleeCageWallDecision	1	2106709
normalizedDifference	1	2264220
normalizedUnitLifeFraction	1	4244175
noteActiveBuildingSpellEffectForE2e	1	2510282
noteAiDecisionFailure	1	2105563
noteAiDecisionSuccess	1	2106191
noteBuildingSpellEffectForE2e	1	2510405
noteCFBuildingConstructed__w3p_vmProtect	1	2520951
noteFailure	1	3760819
noteLedgerHint__w3p_vmProtect	1	3710752
noteLedgerVariance__w3p_vmProtect	1	3709163
noteRoundVictoryCondition	1	3695570
noteSpellDebugEffect	1	3751186
noteSpellDebugFailure	1	3750969
noteStrategicItemBoughtByPlayer	1	2236188
noteSuccess	1	3761085
notifyEnemyRescueStrikeUsed	1	2191714
now7	1	2200860
np:create606	1	1301672
nq:create654	1	1319326
nr:create700	1	1362681
nt:create781	1	1406571
nthNonHumanInForce	1	2846830
nu:create831	1	1433552
nukeMap	1	4409977
nukeSapperUnit	1	4409608
nullTimer	1	2965978
nv:create882	1	1455670
nw:create930	1	1475776
ny:create991	1	1497394
nz:create1036	1	1540528
o	1	118638
oA:create1082	1	1570627
oB:create1113	1	1635171
oC:create1163	1	1667917
oD	1	2008731
oE	1	2289262
oF	1	2583685
oG	1	2961506
oH	1	3175849
oI	1	3258897
oJ	1	3433317
oK	1	3535128
oL	1	3680808
oM	1	3798404
oO	1	3864117
oP	1	4411784
oQ	1	4455972
oR	1	1703817
ob:create3	1	458883
objectiveTextWidth	1	2900989
oc:create52	1	517647
oe:create138	1	588587
of:create175	1	690831
og:create226	1	802734
oh:create277	1	950357
oi:create314	1	973401
oj:create355	1	990113
ol:create437	1	1108823
om:create479	1	1161044
on1beforeLimitReached	1	3381825
on3beforeLimitReached	1	3382201
on5beforeLimitReached	1	3382579
on:create522	1	1208393
onAgreeExtraRound	1	4406056
onAllVotedDraw	1	3685111
onAttackStrikeCheck	1	3011826
onBuildingCommitted	1	3508519
onBuildingFinished	1	2497543
onChaosPortalUnitSummoned	1	2949058
onEditBoxEnter	1	2556040
onEvent	1	2964331
onIncomeTick	1	3228717
onIssuedPointOrTargetOrder	1	3236190
onLifecycleConstructed	1	2426673
onLifecycleUpgraded	1	2435173
onLightningBolt	1	3287451
onMasterSpell	1	3288614
onModeRoundEnd	1	3385088
onModeRoundStart	1	3384764
onPickSelectionConfirmed	1	3364038
onShrineProbeBuilt	1	2450522
onStatefulConstructed	1	2445300
onStructureBuiltRecomputeOutside	1	2947587
onSummonedUnit	1	3777178
onTimeLimitReached	1	3380529
onUnitEnteredMap	1	3938845
onUnitTrained	1	4395562
op:create607	1	1301895
openFireModeText	1	3460610
oq:create655	1	1319542
oracleSpell	1	3598205
orderAssassinOrGoboW	1	3176655
orderAssassinW	1	2291276
orderCodeAttack	1	2300711
orderCodeAttackIfAllowed	1	2300924
orderGoboW	1	3178684
orderShrineProbeBuild	1	2449069
ot:create782	1	1407325
ou:create832	1	1434030
ov:create883	1	1455952
ow:create931	1	1476288
ox:create971	1	1491312
oy:create992	1	1499184
oz:create1037	1	1540957
p21	1	3834767
p310	1	3834814
p6	1	3834722
pA	1	1570699
pB:create1114	1	1635375
pC:create1164	1	1668115
pD	1	1725461
pF	1	2584151
pG	1	2963378
pH	1	3176144
pI	1	3259028
pJ	1	3434215
pK	1	3538406
pL	1	3681795
pM	1	3799899
pN	1	3850429
pO	1	3864169
pP	1	4413434
pQ	1	4456547
pack15	1	3269832
padding_getHeight	1	3821257
padding_getWidth	1	3821202
paintFx	1	2937541
panel	1	3828445
passesRetryTargetGate	1	4238061
pc	1	517717
pd:create96	1	568166
pe:create139	1	610926
pendingMatchesHuman	1	2204271
perkCatalogCheck	1	2397111
perkDesc	1	3496022
perkListen	1	3496375
perkListenDamage	1	3496451
perkPeriodic	1	3496526
perkProbeDamage	1	2398856
perkProbeInventoryDetails	1	2397824
perkRuntimeCheck	1	2397231
persistentDummyCarrierWithAbility	1	3759866
personalityDetails	1	2848507
pf:create176	1	691915
pg:create227	1	803169
ph:create278	1	950758
pi:create315	1	973583
pickCampaignGreeting	1	2579459
pj:create356	1	990369
pk:create397	1	1070179
placeAllBuildingsForDevTest	1	3033747
placementName	1	2329093
playerFromIndex	1	3861122
playerHasAccessToBuilding	1	3726659
playerToIndex	1	3861169
player_aiChatMsg	1	2172453
player_allowAllBuildings	1	3865602
player_applyZoomLocal	1	2990334
player_assignAiCallName	1	2173220
player_clearDraftTextMessagesLocal	1	3142554
player_clearMessagesAndSelectionLocal	1	2990224
player_clearSelection	1	3510243
player_clearTextMessagesLocal	1	2989851
player_displayAiChatToLocalTeamMember	1	2142122
player_getColor	1	3512835
player_getController	1	3510403
player_getCurrentSupply	1	3510485
player_getEnemyStats	1	3840382
player_getForce	1	3168884
player_getGold	1	3510585
player_getId	1	3510671
player_getLumber	1	3510737
player_getMaxSupply	1	3510827
player_getName	1	3510922
player_getName1	1	3510987
player_getNameColored	1	2969758
player_getSide	1	2941269
player_getSlotState	1	3511213
player_getState	1	3510163
player_getStats	1	3840297
player_hasVisibility	1	3511684
player_hideOriginFramesLocal	1	2990025
player_isAllyOf	1	3511293
player_isEnemyOf	1	3511371
player_isIngame	1	3511542
player_loadData	1	3711305
player_print	1	3515973
player_printLocal	1	2989937
player_saveData	1	3710897
player_setUserControl	1	3510318
player_showOriginFramesLocal	1	2990132
player_unselect	1	3511451
playercolor_getName	1	2970354
playercolor_toColor	1	2970001
playercolor_toInt	1	3512907
playerslotstate_toString	1	2990747
plural	1	2891337
pm:create480	1	1161996
pn:create523	1	1208582
po:create565	1	1271607
polarProjectLoc	1	1700833
pollUpgradeIncomeCheck	1	2480046
poorHash	1	3271604
popCallback	1	2960908
postMatchReviewDelay	1	3695087
powerPlantBuffDetails	1	2460139
powerPlantOwner	1	2457541
powerPlantSlotPos	1	2457706
powerPlantSweepAttacks	1	2460940
powerPlantTwinSlotPos	1	2457762
pp434CenterColumnOffsetY	1	2321444
pp:create608	1	1302121
pq:create656	1	1319758
prefilterBlockReason	1	2116826
prepareAspects	1	2992539
prepareAssassinTargets	1	2289892
prepareGobboTargets	1	3179878
prepareNativeSpellUnit	1	2385709
prepareSmokeUnit	1	2345199
presetAuraDue	1	2232205
presetNextBuilding	1	2249061
presetNextBuildingId	1	2248890
presetNextInCage	1	2249208
printIncomeSyncDebug	1	3223563
printLog	1	3515772
probeEnqueueOpen	1	2944547
probeVisitedStampAt	1	2933477
processMasterLightningBolts	1	3282150
processSnowMissiles	1	3284959
processWorldFreezerMissiles	1	3633803
productionEnchantmentState	1	3441322
protectedAbilityFieldAbilityIdAt	1	2004819
protectedAbilityFieldCooldownAt	1	2005094
protectedAbilityFieldLevelIndexAt	1	2004955
protectedAbilityFieldManaAt	1	2005230
protectedAbilityFieldRowCount	1	2004764
pt:create783	1	1407608
pu:create833	1	1434422
publishCampaignAvailablePoints	1	2826986
publishCampaignProfileLoaded	1	2826605
publishRescueStrikeEvents	1	3395222
publishRoundBoardSignalsFromGame	1	3395783
punishSelectedLocalControllers	1	3746229
pv:create884	1	1456235
pw:create932	1	1476913
py:create993	1	1500965
pyramidSpell	1	3598515
pz	1	1541029
qA:create1083	1	1570922
qB:create1115	1	1636705
qC:create1165	1	1668688
qF	1	2681719
qG	1	2966557
qH	1	3180631
qI	1	3264569
qJ	1	3437593
qK	1	3540571
qL	1	3686030
qM	1	3800681
qN	1	1714448
qO	1	3866005
qP	1	4413524
qQ	1	4456769
qb:create4	1	459506
qc:create53	1	517890
qd:create97	1	569791
qe:create140	1	612236
qf:create177	1	692765
qg:create228	1	803605
qh:create279	1	951311
qi:create316	1	973991
qj:create357	1	990581
qk:create398	1	1070512
qkk	1	34573
ql	1	1108894
qm:create481	1	1162363
qn:create524	1	1209525
qo:create566	1	1272655
qp:create609	1	1302342
qq:create657	1	1319974
qr:create701	1	1362952
qs:create736	1	1387119
qt:create784	1	1408070
qu:create834	1	1434729
queueCampaignMissionStartFinalization	1	2814191
queueNextRound	1	3683906
quitCampaignMission__w3p_vmProtect	1	2817640
qv:create885	1	1457500
qw:create933	1	1477226
qy	1	1501036
qz:create1038	1	1541158
rA	1	1570994
rB:create1116	1	1636957
rC:create1166	1	1668969
rD	1	2008902
rE	1	2293326
rF	1	2694192
rG	1	2971168
rH	1	3181012
rI	1	3265374
rJ	1	3437908
rK	1	3544889
rL	1	3686605
rM	1	3801139
rN	1	3851426
rO	1	3866319
rP	1	4414114
rQ	1	4457300
rR	1	1685160
raceBuilderIdForBuilding	1	2443128
raceChooserAbilityCount	1	3528546
raceChooserAbilityIdAt	1	3528594
raceChooserOrderAt	1	3529285
raceChooserOrdersAreUnique	1	3530030
raiseFromCorpse	1	3663763
raiseGuard	1	3270335
randomAliveEnemy	1	3752954
randomAliveEnemyGround	1	3753383
randomAliveEnemyNear	1	3635345
randomAliveGroundSapperNear	1	3606807
randomAllySapper	1	3589767
randomCampaignCheatRaceBuilderId	1	2922424
randomDyingSapper	1	3663347
randomFlyingEnemySapper	1	3631675
randomForTier	1	3057075
randomN02YOrder	1	3025207
randomNorthernBuildingTarget	1	3632110
randomWoundedEnemy	1	3536772
randomizeBloodFiend	1	2304255
rankDetailPart	1	2256239
rateBuilding	1	3724448
rawIncomeWithTreasureBox	1	3221339
rawcodeName	1	2848333
rc:create54	1	518227
rd:create98	1	570776
re:create141	1	613333
realFromIndex	1	3860872
realToIndex	1	3860816
real_abs	1	3666139
real_asAngleDegrees	1	2282655
real_asAngleRadians	1	2282756
real_ceil	1	3666572
real_clamp	1	3666698
real_floor	1	3666445
real_fromDeg	1	2282709
real_round	1	3666277
real_squared	1	3666232
real_toInt	1	3666402
real_toString	1	3666857
real_toString1	1	3666903
reconcileCombatStats	1	3840910
recordAiRankedChoices	1	2208310
recordAppliedUnitStat	1	4243985
recordCFBuildingCatalogDrift__w3p_vmProtect	1	2522931
recordCFRaceBuilding__w3p_vmProtect	1	2527671
recordCampaignCastleHealthPercent	1	2693446
recordCampaignChallengeElapsedSeconds	1	2692689
recordCampaignOwnerItemPurchase__w3p_vmProtect	1	2706745
recordCampaignRescueStrike__w3p_vmProtect	1	2708701
recordCampaignTrackedBuildingLost	1	2706589
recordDamage	1	3695749
recordDeath	1	3696470
recordMatchResultNow	1	3266420
recordPerkCatalogEntryDrift__w3p_vmProtect	1	3093711
recordPerkCatalogFingerprintDrift__w3p_vmProtect	1	3092245
recordPerkCatalogOrderDrift__w3p_vmProtect	1	3090786
recordPerkCatalogSealDrift__w3p_vmProtect	1	3095170
recordPerkCatalogSignatureDrift__w3p_vmProtect	1	3096628
recordPerkCatalogSizeDrift__w3p_vmProtect	1	3089328
recordPerkCatalogTokenDrift__w3p_vmProtect	1	3098091
recordPlayerAction	1	3215228
recountEleBuildings	1	2488469
recoverAiPresetAfterMissingUpgrade	1	2249669
rectMinX	1	2932679
rectMinY	1	2932772
rect_contains	1	3667227
rect_getMaxX	1	3667029
rect_getMaxY	1	3667161
rect_getMinX	1	3666963
rect_getMinY	1	3667095
recycleSpellDummy	1	3753818
redShieldSpell	1	3590627
redistributeAllLeaverUnits	1	3503189
redistributePlayerAssetsToTeam	1	3501303
reference	1	3667387
refreshAiInfoChosenMarker	1	2089317
refreshAllPlayerDisplayNames	1	3507131
refreshAttachedMultiboard	1	3390489
refreshAttachedMultiboardLayout	1	3391220
refreshCurrentIncomeCache	1	3225259
refreshLastWallArmor	1	3476184
refreshLinkerTags	1	2489991
refreshPlayerDisplayName	1	3506995
refreshSpellBuildingEnchantments	1	3448126
refreshTeamSyncTargets	1	3845970
registerAiPreplacedBuilding	1	3003156
registerCampaignChapterIEnemyBots__w3p_vmProtect	1	2771402
registerCampaignChapterIIEnemyBots__w3p_vmProtect	1	2734427
registerCampaignChapterII__w3p_vmProtect	1	2744010
registerCampaignChapterI__w3p_vmProtect	1	2780656
registerCurrentLastWallUnits	1	3477650
registerEventId	1	2952937
registerExecutionOrderPlayer	1	3459943
registerFeatheredFriendPlayer	1	3468722
registerFortifiedOutpostPlayer	1	3471035
registerHumanArtillery	1	3201134
registerPlayerEvent	1	3669073
registerPlayerUnitEvent	1	3668522
registerPowerPlant	1	3514357
registerProductionEnchantmentPlayer	1	3450666
registerSapperDamage	1	3031306
registerSpellEnchantmentPlayer	1	3451581
registerStormchaserPlayer	1	3491326
registeredBuildingSpellAbilityForE2e	1	2511351
registeredBuildingSpellCallbackHitsForE2e	1	2511820
registeredBuildingSpellCountForE2e	1	2511136
registeredBuildingSpellEffectHitsForE2e	1	2511979
registeredBuildingSpellEventHitsForE2e	1	2511664
registeredBuildingSpellLastTargetGroundForE2e	1	2512463
registeredBuildingSpellLastTargetOwnerIdForE2e	1	2512297
registeredBuildingSpellLastTargetSapperForE2e	1	2512588
registeredBuildingSpellLastTargetTypeForE2e	1	2512136
registeredBuildingSpellTargetModeForE2e	1	2511505
registeredBuildingSpellUnitTypeForE2e	1	2511196
registeredUnitSpellAbilityForE2e	1	2513379
registeredUnitSpellCallbackCoveredForE2e	1	2515435
registeredUnitSpellCountForE2e	1	2513172
registeredUnitSpellEventHitsForE2e	1	2513996
registeredUnitSpellExpectedImmediateUnitForE2e	1	2513832
registeredUnitSpellLastTargetAllyForE2e	1	2515079
registeredUnitSpellLastTargetEnemyForE2e	1	2515198
registeredUnitSpellLastTargetFlyingForE2e	1	2514588
registeredUnitSpellLastTargetGroundForE2e	1	2514467
registeredUnitSpellLastTargetMechanicalForE2e	1	2514830
registeredUnitSpellLastTargetOwnerIdForE2e	1	2514305
registeredUnitSpellLastTargetSapperForE2e	1	2514709
registeredUnitSpellLastTargetStructureForE2e	1	2514955
registeredUnitSpellLastTargetTypeForE2e	1	2514148
registeredUnitSpellOrderCoveredForE2e	1	2515318
registeredUnitSpellOrderForE2e	1	2513529
registeredUnitSpellTargetMatchesForE2e	1	2417339
registeredUnitSpellTargetModeForE2e	1	2513677
registeredUnitSpellUnitTypeForE2e	1	2513228
releaseInvocationsForE2e	1	2500673
releasePlayerStartLoc	1	3499899
releaseTransferredElement	1	2436597
rememberCampaignMissionDraft__w3p_vmProtect	1	2787821
rememberLaneRouteFromBuilding	1	2298246
rememberRaceBan__w3p_vmProtect	1	3356633
removeAbilityIfPresent	1	3442358
removeAllPerkRemindersFromBuilder	1	3133887
removeBuildingIncome	1	3224909
removeCoinsAndStartNext	1	1704009
removeEnumItemExceptWolg	1	3682153
removeLastWallArmorAbilities	1	3475972
removeLeavingBuilder	1	3500151
removeOneFeatheredFriendBirdFood	1	3466923
removeOverlappingPlayers	1	3498940
removePerkProbeItems	1	2398282
removeSnow	1	3740224
removeUltimateFromPool__w3p_vmProtect	1	3309965
renderRoundPhaseLine	1	3689760
renderRoundStatsBoard	1	3690833
renderSummaryCards	1	3690414
replaceChaosPortalSummon	1	2948918
replaceDestructables	1	2783554
replacePerkProbeBuilder	1	2398614
replacePlayer	1	2188621
replaceUnitWithType	1	2303714
replayLastCampaignMission__w3p_vmProtect	1	2825599
reportAi3v3Result	1	2224019
reportCampaignChapterTwoSmoke	1	2863353
reportCampaignRetrySmoke	1	2864009
reportCampaignSmoke	1	2862739
reportCampaignSmokeE2e	1	2870624
requiredCount	1	3009262
reservationCountAt	1	2933116
resetAiPresetCursors	1	2250177
resetAiRescueStrikeCoordination	1	3009025
resetAllStats	1	3849906
resetBuildingEnchantmentState	1	3446050
resetBuildingLifecycleForPlayer	1	2500723
resetCampaignRoundStartState__w3p_vmProtect	1	3353275
resetEleBuildingTotalCache	1	2488897
resetExecutionOrderState	1	3458123
resetFeatheredFriendRoundStateFor	1	3462986
resetFeatheredFriendState	1	3462684
resetFortifiedOutpostState	1	3470135
resetLastWallProtocolState	1	3474962
resetPlayerSpendStats	1	3509406
resetPool	1	2509506
resetRaceBanModes__w3p_vmProtect	1	3292057
resetRegisteredSpellCoverageForE2e	1	2515555
resetRoundStatsTracking	1	3695143
resetSapperDamageTrigger	1	3030344
resetSilverGladeCounterForTeam	1	3617173
resetSpellDebugFailures	1	3751804
resetStormchaserState	1	3491202
resetStrategicItemBuyingState	1	2231574
resetStrategicSignals	1	2265374
resetSyncStateByUnitIndex	1	3792276
resolveCampaignEnemyRoster	1	2578573
resolveControlledSlotBuilderId	1	3348588
respondGenericIntent	1	2190309
respondPriorityApplied	1	2187300
respondPriorityRefused	1	2187968
respondToChat	1	2191989
respondUnavailableBuilding	1	2189985
respondUnknownBuilding	1	2189649
restartAiForCampaignProfile	1	3004497
restartAiForPlayer	1	3004421
restartCampaignAiSlots	1	2801909
restartDraftAfterRoundEnd	1	3055931
restoreAssassinTargetOrderW	1	2292763
restoreExpectedOrderAfterExternalOrder	1	3747067
restoreKilledDestructable	1	1712962
restoreLocalPlayerBoardForRoundStart	1	3506009
restoreSupportOrderW	1	3178478
resyncAiControlledBuildings	1	3847072
returnPerk	1	3138931
reviewMapLabel__w3p_vmProtect	1	3278206
reviewWatermark__w3p_vmProtect	1	3278836
rf:create178	1	693525
rg:create229	1	804041
rh:create280	1	951640
ri:create317	1	974610
rj:create358	1	990948
rk:create399	1	1070924
rl:create438	1	1109023
rm:create482	1	1162825
rn:create525	1	1212562
roleMultiplier	1	2280281
rollBody	1	2304013
rollDice	1	2984598
roundStartGoldFor	1	3695438
roundStatsBoardTopLeft	1	3687153
roundStatsFor	1	3693471
roundTimeStr	1	3399827
roundTimerDetails	1	2854122
rowsNeededFor	1	3390402
rp:create610	1	1302565
rpk	1	46646
rq:create658	1	1320285
rs:create737	1	1387300
rt:create785	1	1408844
ru:create835	1	1435503
runAi3v3E2eWithMode	1	2228491
runBlastStaffPhoenixFireBehaviorProbe	1	2413923
runBuildingCatalogE2e	1	2484070
runCampaignChapterTwoSmokeE2e	1	2873208
runCampaignRetrySmokeE2e	1	2873766
runCampaignSmoke	1	2878986
runCampaignSmokeE2e	1	2871206
runCampaignUiRoundtripE2e	1	2907132
runConfiguredRaceMode	1	3369204
runConstructSweep	1	2448730
runConstructSweepBatch	1	2466769
runCurrentUnitPerkProbes	1	2403731
runDraftRaceSelection	1	3366063
runE2eSuiteByName	1	2875043
runFeatheredFriendGrantProbe	1	2409366
runFortifiedOutpostGrantProbe	1	2408810
runLifecycleProbe	1	2470257
runLinkerHealProbe	1	2430634
runModeRuntimeRoundtripE2e	1	3385686
runObeliskPhoenixFireBehaviorProbe	1	2395241
runOrbOfLightningBehaviorProbe	1	2413076
runPerkAbilityProbes	1	2410333
runPerkDamageProbes	1	2400691
runPickRaceSelection	1	3367694
runPickupAndPassiveItemProbes	1	2374725
runRandomRaceBan	1	3358537
runRestoredAttackBehaviorProbe	1	2396436
runSequentialBuildingSpellProbe	1	2381682
runSequentialPointItemProbe	1	2378960
runSequentialUnitSpellProbe	1	2419193
runShrineEffectProbe	1	2444732
runShrineProbePhase	1	2452772
runStatefulAcquireProbe	1	2424482
runStatefulConsumerProbe	1	2442737
runTeammateLinkerHealProbe	1	2437429
runTokenedE2eSuite	1	2878357
runTreasureBoxConsumer	1	2440251
runUpgradeCancelProbe	1	2475093
run_wrapper	1	3042933
run_wrapper1	1	3043092
run_wrapper2	1	3043253
run_wrapper3	1	3043414
run_wrapper4	1	3043575
run_wrapper5	1	3043736
run_wrapper6	1	3043897
run_wrapper7	1	3142645
run_wrapper8	1	3142895
run_wrapper9	1	4414578
runtimeCurrentObserver	1	3665341
runtimeEnqueue	1	3665208
runtimeFlush	1	3665500
rv:create886	1	1457946
rw:create934	1	1477612
rz:create1039	1	1544593
sA	1	1698046
sB:create1117	1	1637210
sC:create1167	1	1669254
sD	1	1727061
sE	1	2295822
sF	1	2698036
sG	1	2991322
sH	1	3181336
sI	1	3266175
sJ	1	3438222
sK	1	3550994
sL	1	3692695
sM	1	3801608
sN	1	3851710
sO	1	3868059
sP	1	4415605
sQ	1	4457531
safeB64Char	1	3256539
safeDestroyEffect	1	1673825
safeUnitAddAbility	1	1694856
sampleStrategicSignal	1	2265141
saveCampaignProfile__w3p_vmProtect	1	2839010
savedBuildingIncome	1	3222873
sc:create55	1	518565
scaleUnitBaseDamage	1	3442959
scaleUnitMaxHp	1	3443414
scaleUnitModelSize	1	3443890
scanDebug	1	2326117
scanTick	1	2939125
scheduleCampaignOpeningLines	1	2801383
scheduleWatermarkReview__w3p_vmProtect	1	3280965
scoreBuildableName	1	2135809
scoreBuilding	1	3734107
scoreDelta	1	2992847
scoreIntent	1	2179021
scorePriorityIgnoringGold	1	2112209
scoreToInt	1	2250840
sd:create99	1	571370
se:create142	1	614748
secondCampaignMissionWithDifferentRoster	1	2845996
secondsBetweenNowAnd	1	1698224
seedOutsideRow	1	2938188
selectLaneRouteSourceY	1	2298497
selectedBotRacesAssigned	1	2798304
selectionHighlight	1	3824678
sendStuckDebug	1	2207445
sendTeamEventMessage	1	2190661
separator1	1	3828765
separator2	1	3828818
serpentRockShoot	1	3645615
setAiBuildablesFromList	1	2133153
setAiCounterWestMode	1	2227527
setAiPowerPlantReadyPriority	1	2107306
setAiPresetBuildOrder	1	2247839
setAiPresetLoopStartHere	1	2248443
setAiReplayLogE2eEnabled	1	2250583
setArtilleryModeAbilityIds	1	2284498
setBaseMode	1	1678044
setBlockedForBuilding	1	2947157
setBuildingLineTechAvailabilityForCurrentModes	1	2502901
setCageProbeCache	1	2934136
setCagedLinePreset	1	2226934
setCampaignAiProfile	1	2540917
setCampaignAiSpeedBonus	1	2541431
setCustomPriorityInternal	1	2205415
setGobboSpawner	1	3177923
setIncomeDebug	1	3226373
setMatchWinnerTeamIndex	1	3705820
setPlayerRescueStrike	1	3396456
setPresetAuraBuy	1	2232072
setPresetRaceAssignment	1	3359424
setProbeVisitedStamp	1	2933631
setProductionEnchantedBuilding	1	3445381
setReservationCount	1	2933269
setRsNonCastleDisabled	1	2207133
setScrimVisibleFor	1	3688567
setSpawnBuilding	1	3495675
setSpecialAttackTriggerEnabled	1	3750126
setSpellBuildingManaDelta	1	3447267
setSpellDebug	1	3752661
setSpellEnchantedBuilding	1	3449743
setTeamWins	1	3705367
setTileInfo	1	2933366
setUnitAttackRangeFixed	1	3482306
settleLedger__w3p_vmProtect	1	3706427
setupDefaultRoundOrder__w3p_vmProtect	1	3052472
setupDominationMode	1	1687732
setupFireSummon	1	3163355
setupRoundAlliances	1	1693574
setupUnit	1	4394098
sf:create179	1	694821
sg:create230	1	804456
sh:create281	1	951968
shareDependentSlotsWithRemainingTeam	1	3504315
shouldAbortCampaignSupplyEffects	1	2887219
shouldAcceptPriorityRequest	1	2188241
shouldAllowStrategicAuraSaveForEconomy	1	2234470
shouldApplyBaseUpgradeLookahead	1	3725219
shouldApplyGobboTimedLife	1	3182486
shouldApplyRiptideAirBonus	1	3676617
shouldBlockBaseWhileLineUpgradeReady	1	3714665
shouldBlockBaseWhileLineUpgradeReadyForPlayer	1	3714857
shouldBlockForLegendarySpecialGoal	1	2115472
shouldBlockForLegendaryUnitRush	1	2115661
shouldBlockForLumberOverflowSpecialGoal	1	2116702
shouldBlockLateLegendaryUnit	1	2243193
shouldBlockLateLegendaryUnitLineStart	1	2113052
shouldBlockLateLegendaryUnitLineStartForPlayer	1	2113485
shouldBlockLateLegendaryUnitLineStartForState	1	2113261
shouldBuyStrategicAuraImmediately	1	2234895
shouldCampaignAiBuyStrategicAura	1	2542787
shouldCampaignAiPursueStrategicGoals	1	2542541
shouldCampaignAiQuickBuild	1	2545014
shouldCampaignAiSaveForUnaffordable	1	2542643
shouldCampaignAiStartFallbackTop	1	2544653
shouldCampaignAiUseBlink	1	2544715
shouldCampaignAiUseCagePattern	1	2545746
shouldClearPendingBuildOrder	1	3002181
shouldIgnore	1	3760498
shouldLogChoice	1	2251111
shouldPauseNormalBuildForStrategicAura	1	2329022
shouldPreferPowerPlant434Support	1	2328864
shouldPursueFirstPowerPlant434	1	2107531
shouldPursueLegendarySpecialGoal	1	2114772
shouldPursueLumberOverflowSpecialGoal	1	2116218
shouldPursueStrategicAuraGoal	1	2233601
shouldPursueStrategicAuraGoalWithReliability	1	2233671
shouldReadFile	1	3711757
shouldRescueStrike	1	3009364
shouldRestoreSupportOrderAfterExternalOrder	1	3746949
shouldRetryCampaignSupplyEffects	1	2887109
shouldRouteViaLaneBridge	1	2298607
shouldRunPeriodicSupportOrderForState	1	3177257
shouldSaveForReadyPrecursorUpgrade	1	2262441
shouldSaveForStrategicAiItem	1	2239276
shouldSaveForUnaffordableBuilding	1	3717339
shouldSaveGoldForStrategicAuraWithReliability	1	2233794
shouldSavePresetAura	1	2232415
shouldShowExtendedAiDetails	1	2088049
shouldShowPsa	1	3434142
shouldStartOrderSpamPenalty	1	3744720
shouldStrategicAuraUseGoldForPlanState	1	3002908
shouldSync	1	3780246
shouldThrottleAiRescueStrike	1	3011431
shouldTrackAiBuiltStructure	1	3002530
shouldUpdateAiInfoForPlayer	1	2088133
shouldUseEnemyRsDepletedMessage	1	2191466
shouldUseEnemyRsDepletedMessageForCount	1	2191395
shouldUseIncomeHeuristic	1	3712531
showAlliedUltLabels	1	1722777
showCampaignMissionControls	1	2904925
showCampaignMissionControlsForParty	1	2901795
showCampaignSurvivalTimer	1	2888622
showCampaignUI	1	2902204
showEnemyUltLabels	1	1723225
showIncomeDebug	1	3226565
showMatchResultDialogs	1	3267410
showPlayerBoard	1	3505854
showRange	1	3856286
showRoundEndStats	1	3684990
showRoundStatsBoardFor	1	3692287
showRoundStatsBoardForAll	1	3691490
showSinglePlayerDialog__w3p_vmProtect	1	2913132
showSourceNotice__w3p_vmProtect	1	2916463
showTrainProgress	1	3858313
shrineOfDestructionSpell	1	3526780
shrineProbeLine	1	2446580
shrineProbePos	1	2446257
si:create318	1	974822
signal	1	3665887
sj:create359	1	991608
sk:create400	1	1071258
skipBlockedCagedAiPreset	1	2249508
sl	1	1109094
sm:create483	1	1163103
snap20	1	3760196
snapDown	1	2934450
so	1	1272726
solarStrikeSpell	1	3574243
solveGrow	1	3821397
sourceNoticeText__w3p_vmProtect	1	2915892
sp:create611	1	1302794
spawnFeatheredFriendBird	1	3465985
spawnSnowMissileFanStep	1	3286441
spawnSyncedCompanions	1	4394882
spawnTimeForBuilding	1	2521201
spawnTimeForBuildingType	1	2521019
spawnTreantFromWall	1	3609312
spellEnchantmentManaDeltaForE2e	1	3447901
spellEnchantmentState	1	3441472
spellPeyote	1	3553344
spellReplenish	1	3552295
spellSandCloud	1	3553843
spellWitheringTouch	1	3436484
sq:create659	1	1320506
sr:create702	1	1363245
ss:create738	1	1387739
stageCampaignResourceSupplyEffects	1	2882151
stageCampaignResourceSupplyFor	1	2881321
stageCampaignTeamResourceAdjustment	1	2807556
stanceAbilityFor	1	3458577
starBansRace	1	2683175
starRestrictionId	1	2683039
starTracksCastleHealth	1	2683640
starTracksFastWin	1	2683758
starfallSpell	1	3618924
startAfkCheck	1	2085128
startAi	1	3003605
startAiCounterStierObservationWindow	1	2228139
startAiForForceByPid	1	2218456
startAreaRun	1	2938754
startBearHibernate	1	3026791
startBearSleep	1	3026220
startCampaignCastleHealthChallenge__w3p_vmProtect	1	2692611
startCampaignSurvivalTimer	1	2809169
startCampaign__w3p_vmProtect	1	2907985
startCustomMode__w3p_vmProtect	1	2911381
startDefaultDraft__w3p_vmProtect	1	3059223
startDraft__w3p_vmProtect	1	3056360
startExtraRoundsVote	1	4406784
startGame	1	1693895
startIdleAttackTimer	1	3213966
startIdleDetectionIfEnabled	1	3216363
startIssuedOrderTracking	1	3236397
startLadderModes__w3p_vmProtect	1	2913065
startLifecycleBuild	1	2430256
startLifecycleUpgrade	1	2432719
startLumberLimitClamp	1	3292803
startNextAreaIfIdle	1	2940596
startNextRoundViaModeRuntime	1	3378655
startObeliskOfLight	1	3403219
startOrderSpamPenalty	1	3745376
startPending	1	2202944
startRescueStrikeCooldown	1	3672085
startRoundTimer	1	3376364
startStartupPlayableReveal	1	1675708
startTeamRescueStrikeCooldown	1	3672364
startTrainedUnitPathingTracker	1	4392594
statApplyIndex	1	4243809
statefulConsumerLine	1	2439557
statefulProbeCounter	1	2439215
statefulProbeId	1	2438992
statefulProbeStep	1	2439117
stepsAlongX	1	2327440
stepsAlongY	1	2327617
stopAi3v3SnapshotTimer	1	2223903
stopCampaignSurvivalTimer	1	2786633
stopDraftRacePoll	1	3348257
stopGobboIfBusy	1	3180500
stopIdleDetection	1	3215095
stopLumberLimitClamp	1	3292208
stopManualBanPoll	1	3348127
stopObeliskOfLight	1	3403654
stopPickRacePoll	1	3348387
stringCompare	1	3775839
string_charAt	1	3774173
string_color	1	2970832
string_color1	1	2970929
string_color2	1	2971048
string_contains	1	3775367
string_endsWith	1	3774241
string_format	1	3776568
string_getHash	1	3772151
string_indexOf	1	3773160
string_indexOf1	1	3774862
string_isCharBoundary	1	3772345
string_isMultibytePartial	1	3772205
string_isWhitespace	1	3774764
string_iterator	1	3776861
string_lastIndexOf	1	3775127
string_length	1	3772611
string_replace	1	3775446
string_split	1	3771229
string_startsWith	1	3774458
string_substring	1	3774091
string_substring1	1	3772079
string_toChar	1	3771142
string_toInt	1	3774046
string_toLowerCase	1	3774637
string_toReal	1	3774000
string_toUpperCase	1	3774701
string_trim	1	3773656
stripColorCodes	1	3831190
su:create836	1	1435780
success1	1	3835276
sumArmorWorths	1	2993105
sumAttackWorths	1	2992918
supplyContentWidth	1	2900425
supplyCostTextWidth	1	2900481
sv:create887	1	1458210
sw:create935	1	1477939
sweepCandidate	1	2457221
sx:create972	1	1491592
sy	1	1501159
syncArtilleryModeAvailability	1	3292937
syncBuilding	1	3796958
syncBuildingIncome	1	3224307
syncDraftPlayerFromForce	1	3048596
syncDraftPlayersFromForces	1	3049671
syncFinishedBuildingIncome	1	3225803
syncPlayerGold	1	3400939
syncPlayerState	1	3400070
syncedCompanionInvocationsForE2e	1	4391129
syncedCompanionRollsForE2e	1	4391186
syncedCompanionSpawnsForE2e	1	4391237
sz	1	1546591
tA:create1084	1	1571217
tB:create1118	1	1637494
tC:create1168	1	1669901
tD	1	2009158
tE	1	2296044
tF	1	2698348
tG	1	2991553
tH	1	3182935
tI	1	3266298
tJ	1	3438616
tK	1	3551322
tL	1	3694531
tM	1	3802811
tN	1	3851936
tO	1	3870026
tP	1	4418235
tQ	1	4458640
tabs	1	3830702
taxedIncomeForPlayer	1	3221478
taxedIncomeRealForPlayer	1	3221829
tb:create6	1	461569
tc:create56	1	521475
td:create100	1	571660
teamOf	1	2210983
teamPlayerCount	1	3688258
teamTotals	1	3687866
testFail	1	4415503
textButton	1	3823657
textFits	1	3832230
textframe	1	3834388
tf:create180	1	695318
tg:create231	1	805078
tgk	1	27035
th:create282	1	952682
tick	1	3272685
tickJobQueue	1	2941061
tidalSpell	1	3597914
tileInfoAt	1	2932962
tileR	1	3737539
tile_getSnowTeamOrNeg1	1	3738005
tile_getType	1	3738790
tile_getX	1	3738552
tile_getY	1	3738638
tile_isInSnowveilExplosionArea	1	3739336
tile_isSnowMarked	1	3737907
tile_isValid	1	3737844
tile_markSnowTeam	1	3738187
tile_toVec2	1	3738724
tile_unmarkSnow	1	3738382
time5	1	3270470
timer_createTimerDialog	1	3854818
timer_doAfter	1	2965811
timer_doPeriodically	1	2966027
timer_getData	1	3855023
timer_getElapsed	1	3855710
timer_release	1	3855367
tj:create360	1	992237
tk:create401	1	1071646
tl:create439	1	1109207
tm:create484	1	1163664
toHex	1	2970653
toRawCode	1	3418743
toggleAutoTrain	1	2984786
toggleExecutionOrderMode	1	3459260
toggleGrid	1	3183361
toggleIncomeDebug	1	3226033
togglePlayerAfkInternal	1	2080610
togglePlayerAway	1	2082480
toggleRoundStatsBoardFor	1	3692513
toggleSpellDebug	1	3752313
toggleSyncMsgs	1	2985105
tornadoStackProc	1	3022464
totalRaceBanCount	1	3290603
tq:create660	1	1320728
trackLastWallUnit	1	3476925
trackTrainedUnitPathing	1	4393440
trainProgressIndex	1	3858034
transferLifecycleElement	1	2437121
transferLifecycleOwnership	1	2432136
transferUnitToRemainingTeam	1	3500696
transpose	1	3148598
triesAt	1	3760423
trigger_addAction	1	3859268
trigger_addCondition	1	3859352
trigger_evaluate	1	3859442
trigger_registerEnterRegion	1	3859516
trigger_registerFrameEvent	1	3860092
trigger_registerPlayerEvent	1	3859852
trigger_registerPlayerUnitEvent	1	3859964
try	1	3161591
tryBuyPresetAura	1	2232772
tryBuyStrategicAiItem	1	2240915
tryEnqueueOutside	1	2937687
ts:create739	1	1388491
tu:create837	1	1436024
tupleCopy	1	463786
tupleCopy1	1	469930
tupleCopy10	1	1245794
tupleCopy11	1	1552343
tupleCopy12	1	1553166
tupleCopy13	1	2089893
tupleCopy14	1	2108122
tupleCopy15	1	2132110
tupleCopy16	1	2221098
tupleCopy17	1	2923816
tupleCopy18	1	2969944
tupleCopy2	1	482981
tupleCopy20	1	3730185
tupleCopy3	1	485853
tupleCopy4	1	722680
tupleCopy5	1	956237
tupleCopy6	1	1019569
tupleCopy7	1	1019618
tupleCopy8	1	1098041
tupleCopy9	1	1186626
tv:create888	1	1458444
tz	1	1548287
uA	1	1690938
uB:create1119	1	1637799
uC	1	1669973
uD	1	2009395
uG	1	2993290
uH	1	3183258
uJ	1	3440277
uK	1	3551664
uL	1	3699387
uM	1	3803895
uN	1	3853877
uO	1	3870425
uP	1	4427076
uQ	1	4459243
ub:create7	1	461855
uc:create57	1	521815
ud:create101	1	572652
uf:create181	1	695916
ug:create232	1	815670
uh:create283	1	953116
uj:create361	1	994417
uk:create402	1	1072130
ul	1	1109278
um:create485	1	1164004
unitIncomeIndex	1	3222696
unitObjectMetaBool	1	3942820
unitObjectMetaFingerprintForTests	1	4222314
unitObjectMetaMix	1	3942662
unitObjectMetaRowCountForTests	1	4222223
unitStatSourceRowCountForTests	1	4259448
unitStatSourceUnitIdAt	1	4259503
unit_addAbility	1	4397210
unit_addItemById	1	4397398
unit_addProtectedItemById	1	2006601
unit_getAbilityLevel	1	4397728
unit_getArmor	1	4401285
unit_getAttackCooldown	1	4401188
unit_getBaseDamage	1	4400923
unit_getCurrentOrder	1	4397904
unit_getDefaultAcquireRange	1	4400827
unit_getDefaultMovespeed	1	4400737
unit_getDiceNumber	1	4401012
unit_getDiceSides	1	4401101
unit_getFacingAngle	1	4397986
unit_getField	1	4401515
unit_getFlyHeight	1	4398082
unit_getFoodUsed	1	4398158
unit_getHP	1	4398231
unit_getHPRatio	1	4398300
unit_getIndex	1	3941753
unit_getItemById	1	4399146
unit_getLevel	1	4397556
unit_getMana	1	4398510
unit_getMaxHP	1	4398375
unit_getMaxMana	1	4398581
unit_getMoveSpeed	1	4398659
unit_getName	1	4398735
unit_getOwner	1	4398801
unit_getPos	1	4398872
unit_getRallyUnit	1	4401439
unit_getState	1	4397480
unit_getStoredIndex	1	3941484
unit_getSyncGroup	1	3795347
unit_getTypeId	1	4396791
unit_getUnitAcquireRange	1	4397818
unit_getX	1	4398938
unit_getY	1	4398998
unit_hasAbility	1	4399058
unit_hasSyncGroup	1	3795236
unit_inventorySize	1	4399446
unit_isAlive	1	4399604
unit_isAllyOf	1	4399853
unit_isCageBuilding	1	3235642
unit_isEnemyOf	1	4399655
unit_isEnemyOf1	1	4399731
unit_isInConstruction	1	3794367
unit_isInvulnerable	1	4401356
unit_isType	1	4396861
unit_isUpgrading	1	3794248
unit_issueImmediateOrder	1	4399947
unit_issueImmediateOrderById	1	4400041
unit_issuePointOrderById	1	4400143
unit_issueTargetOrder	1	4400255
unit_issueTargetOrderById	1	4400351
unit_itemInSlot	1	4399524
unit_makeAbilityPermanent	1	4397290
unit_removeAbility	1	4400455
unit_resetSpawnQueue	1	3797791
unit_setCageBuilding	1	3235769
unit_setField	1	4401598
unit_setStoredIndex	1	3941597
unit_setSyncTarget	1	3794491
unit_toUnitIndex	1	3941815
unit_useItemPoint	1	4400541
unit_useItemTarget	1	4400643
unlockRoundStatsBoard	1	3691298
unregisterPowerPlant	1	3514637
untrackLastWallUnit	1	3477290
unwrapCampaignSaveData	1	2832410
uo:create567	1	1272895
updateAiChoiceInfoFrame	1	2129814
updateAiInfoFrame	1	2089957
updateCampaignSurvivalTimer	1	2889341
updateEnemyIcon	1	2901252
updateFeatheredFriendBirdFoodPenalty	1	3467442
updatePlayerAlliances	1	1714680
updateStatsOnBuild	1	3843069
updateStrategicSignalForTeam	1	2265781
upgradeCheckPosition	1	2370091
uq:create661	1	1321013
us:create740	1	1388906
ut:create786	1	1414940
uu:create838	1	1436268
uv:create889	1	1458678
uw:create936	1	1478232
uz:create1040	1	1549001
vA:create1085	1	1572394
vB:create1120	1	1638110
vC:create1169	1	1670106
vD	1	2009635
vE	1	2296226
vG	1	3004728
vH	1	3184152
vI	1	3269270
vJ	1	3440832
vK	1	3552032
vL	1	3703445
vM	1	3805059
vN	1	1708950
vO	1	3870894
vP	1	4427413
vQ	1	4461914
validPid	1	2247233
validPid1	1	3750573
validateRegisteredPerkCount__w3p_vmProtect	1	3099776
validateRegisteredPerkEntries__w3p_vmProtect	1	3104730
validateRegisteredPerkIds__w3p_vmProtect	1	3101903
validateRegisteredPerkSeal__w3p_vmProtect	1	3108078
validateRegisteredPerkToken__w3p_vmProtect	1	3106422
validateRegisteredPerks__w3p_vmProtect	1	3110196
vampireCharge	1	3025322
varietyStageFactor	1	2281515
vc:create58	1	524210
vd:create102	1	572979
vec2_angleTo	1	4402288
vec2_clampToBand	1	3829233
vec2_clampToSafeArea	1	3829468
vec2_distanceTo	1	4402551
vec2_distanceToSq	1	4402668
vec2_dot	1	4402053
vec2_getTerrainType	1	3737466
vec2_getTerrainZ	1	4402175
vec2_getTile	1	3737787
vec2_isCagedAt	1	2941542
vec2_isPlaceable	1	2327794
vec2_isPlaceableForSide	1	2328068
vec2_isTerrainPathable	1	3852350
vec2_isTerrainWalkable	1	3852450
vec2_op_minus	1	4401912
vec2_op_mult	1	4401986
vec2_op_plus	1	4401839
vec2_polarOffset	1	4402388
vec2_setSnow	1	3738864
vec2_toVec3	1	4402122
vec3_inBounds	1	3275687
vec3_toVec2	1	4402774
verifyFrameNameLength	1	3166187
vesselOfPuritySpell	1	4404188
vf:create182	1	696360
vg:create233	1	816909
vh:create284	1	953493
vi:create319	1	975035
vj:create362	1	994737
vk:create403	1	1072416
vl:create440	1	1109399
vm:create463	1	1165603
vn:create526	1	1213818
vnk	1	42682
vo:create569	1	1282203
volcanoSpell	1	3526570
voteForDraw	1	4409074
voteForGameDraw	1	2986305
voteForNuke	1	4411305
vp:create612	1	1303018
vq:create662	1	1321532
vr:create703	1	1363483
vs:create741	1	1389554
vt:create787	1	1415313
vu:create839	1	1436508
vv:create890	1	1459387
vw:create937	1	1478604
vx:create973	1	1491873
vy:create994	1	1501302
vz:create1041	1	1549252
wA	1	1708623
wB:create1121	1	1638421
wC	1	1670178
wD	1	2009871
wE	1	2301327
wF	1	2706101
wG	1	3006226
wH	1	3185006
wJ	1	3453815
wK	1	3554223
wL	1	3703683
wM	1	3807611
wN	1	3854178
wO	1	3871617
wP	1	4427573
wQ	1	4462631
wantedCode	1	2220864
warlockSpell	1	3581663
warnAfkPlayers	1	2079990
warnPlayer	1	3704348
warning	1	3835324
watch	1	3665940
wb:create8	1	463314
wc:create59	1	524993
wd:create103	1	573269
we	1	614819
wellOfPainSpell	1	3537202
wf:create183	1	696715
wg:create234	1	817349
wh:create285	1	953911
widget_addEffect	1	4413948
widget_getLife	1	4413678
widget_getPos	1	4413748
widget_getX	1	4413820
widget_getY	1	4413884
widget_isAliveTrick	1	4414045
wildernessObeliskSpell	1	3618069
winnerColor	1	3689668
winnerTitle	1	3689536
wj:create364	1	995090
wk:create404	1	1072797
wl	1	1109470
wm:create464	1	1166203
wn	1	1213889
wo	1	1282274
wouldPlacementCreateNewCageAt	1	2945068
wp:create613	1	1303245
wq:create663	1	1322134
wr:create704	1	1363827
wrapCampaignSaveData	1	2831975
ws:create742	1	1390055
wt:create788	1	1415607
wu:create840	1	1437005
wv:create891	1	1459658
ww:create938	1	1479269
wz:create1042	1	1549504
xA:create1086	1	1572818
xB:create1122	1	1638696
xC:create1170	1	1670307
xD	1	2010121
xE	1	2301567
xF	1	2708778
xG	1	3008197
xH	1	3185396
xI	1	3269444
xJ	1	3455570
xK	1	3561558
xL	1	3705492
xM	1	3812632
xN	1	3854452
xO	1	3872198
xP	1	4428262
xQ	1	4464364
xb:create9	1	463638
xc:create60	1	525725
xd:create104	1	573624
xe:create143	1	614972
xf:create184	1	697331
xg:create235	1	817791
xh:create286	1	954137
xj:create363	1	995337
xk:create405	1	1073170
xl:create441	1	1109599
xm:create486	1	1167276
xn:create527	1	1214062
xo:create568	1	1282497
xor16	1	3147598
xp:create614	1	1303463
xq:create664	1	1322309
xs:create743	1	1391006
xt:create789	1	1415835
xu:create841	1	1437489
xv:create892	1	1460421
xw:create939	1	1479494
xy:create995	1	1502766
xz:create1043	1	1550793
yA	1	1684360
yB:create1123	1	1640818
yC	1	1670471
yD	1	2079456
yE	1	2301811
yF	1	2785164
yG	1	3008641
yH	1	3185923
yK	1	3564056
yL	1	3705899
yM	1	3812972
yN	1	3854901
yO	1	3937186
yP	1	4431442
yQ	1	4467852
yb:create10	1	464195
yc:create61	1	526552
yd	1	1693706
yf:create185	1	698144
yg:create236	1	912095
yh:create287	1	954397
yi:create320	1	975598
yj:create365	1	995619
yk:create406	1	1073505
yl	1	1109670
ym:create487	1	1184918
yn:create528	1	1216035
yo:create570	1	1282763
yp:create615	1	1303803
yq:create665	1	1322483
ys:create744	1	1391357
yt:create790	1	1416451
yu:create842	1	1437959
yv:create893	1	1461038
yw:create940	1	1479807
yx:create974	1	1492154
yy:create996	1	1502892
yz:create1044	1	1551052
zA	1	1686070
zB:create1124	1	1641222
zC	1	1670757
zD	1	2079524
zE	1	2301937
zF	1	2785550
zG	1	3014569
zH	1	3186920
zI	1	3270517
zJ	1	3456857
zK	1	3568581
zL	1	3705995
zM	1	3813801
zN	1	1716727
zO	1	3938000
zP	1	4431878
zQ	1	4479988
zb:create11	1	464422
zc:create62	1	528115
zd:create105	1	574150
zf:create186	1	699019
zg:create237	1	912798
zh:create288	1	954663
zi:create321	1	975862
zj:create366	1	996441
zk:create407	1	1073984
zl:create442	1	1109787
zm:create488	1	1185549
zn:create529	1	1216539
zo	1	1282834
zp:create616	1	1304167
zq:create666	1	1322751
zr:create705	1	1370465
zs:create745	1	1391951
zt:create791	1	1416937
zu:create843	1	1438443
zw:create941	1	1480048
zx:create975	1	1492509
zy:create997	1	1503719
zz:create1045	1	1551312
