rawcode	rawcode_integer	categories	names	byte_offset	function	call
h07W	1747990359	units	Snowveil Fountain	123883	H	
h07W	1747990359	units	Snowveil Fountain	123909	H	
h07W	1747990359	units	Snowveil Fountain	123931	H	
h07W	1747990359	units	Snowveil Fountain	123996	H	
h07W	1747990359	units	Snowveil Fountain	124022	H	
h07W	1747990359	units	Snowveil Fountain	124044	H	
h07W	1747990359	units	Snowveil Fountain	124121	H	
h07W	1747990359	units	Snowveil Fountain	124147	H	
h07W	1747990359	units	Snowveil Fountain	124169	H	
x001	2016423985	units	Effect Dummy Unit	124246	H	
x001	2016423985	units	Effect Dummy Unit	124272	H	
x001	2016423985	units	Effect Dummy Unit	124294	H	
x001	2016423985	units	Effect Dummy Unit	124359	H	
x001	2016423985	units	Effect Dummy Unit	124385	H	
x001	2016423985	units	Effect Dummy Unit	124407	H	
x001	2016423985	units	Effect Dummy Unit	124470	H	
x001	2016423985	units	Effect Dummy Unit	124496	H	
x001	2016423985	units	Effect Dummy Unit	124518	H	
x002	2016423986	units	Feathered Friend	124583	H	
x002	2016423986	units	Feathered Friend	124609	H	
x002	2016423986	units	Feathered Friend	124631	H	
x002	2016423986	units	Feathered Friend	124695	H	
x002	2016423986	units	Feathered Friend	124721	H	
x002	2016423986	units	Feathered Friend	124743	H	
h081	1747990577	units	Tiny Watch Tower	124806	H	
h081	1747990577	units	Tiny Watch Tower	124832	H	
h081	1747990577	units	Tiny Watch Tower	124854	H	
h081	1747990577	units	Tiny Watch Tower	124917	H	
h081	1747990577	units	Tiny Watch Tower	124943	H	
h081	1747990577	units	Tiny Watch Tower	124965	H	
h081	1747990577	units	Tiny Watch Tower	125042	H	
h081	1747990577	units	Tiny Watch Tower	125068	H	
h081	1747990577	units	Tiny Watch Tower	125090	H	
h082	1747990578	units	Tiny Multishot Tower	125165	H	
h082	1747990578	units	Tiny Multishot Tower	125191	H	
h082	1747990578	units	Tiny Multishot Tower	125213	H	
h082	1747990578	units	Tiny Multishot Tower	125278	H	
h082	1747990578	units	Tiny Multishot Tower	125304	H	
h082	1747990578	units	Tiny Multishot Tower	125326	H	
h082	1747990578	units	Tiny Multishot Tower	125403	H	
h082	1747990578	units	Tiny Multishot Tower	125429	H	
h082	1747990578	units	Tiny Multishot Tower	125451	H	
e00E	1697656901	units	Twins	125529	H	
e00E	1697656901	units	Twins	125555	H	
e00E	1697656901	units	Twins	125577	H	
e00E	1697656901	units	Twins	125640	H	
e00E	1697656901	units	Twins	125666	H	
e00E	1697656901	units	Twins	125688	H	
e00E	1697656901	units	Twins	125751	H	
e00E	1697656901	units	Twins	125777	H	
e00E	1697656901	units	Twins	125799	H	
h007	1747988535	units	Demon Gate	125862	H	
h007	1747988535	units	Demon Gate	125888	H	
h007	1747988535	units	Demon Gate	125910	H	
h007	1747988535	units	Demon Gate	125975	H	
h007	1747988535	units	Demon Gate	126001	H	
h007	1747988535	units	Demon Gate	126023	H	
h007	1747988535	units	Demon Gate	126098	H	
h007	1747988535	units	Demon Gate	126124	H	
h007	1747988535	units	Demon Gate	126146	H	
h009	1747988537	units	Dragon Nest	126221	H	
h009	1747988537	units	Dragon Nest	126247	H	
h009	1747988537	units	Dragon Nest	126269	H	
h009	1747988537	units	Dragon Nest	126334	H	
h009	1747988537	units	Dragon Nest	126360	H	
h009	1747988537	units	Dragon Nest	126382	H	
h009	1747988537	units	Dragon Nest	126457	H	
h009	1747988537	units	Dragon Nest	126483	H	
h009	1747988537	units	Dragon Nest	126505	H	
h01C	1747988803	units	Altar of Greed	126580	H	
h01C	1747988803	units	Altar of Greed	126606	H	
h01C	1747988803	units	Altar of Greed	126628	H	
h01C	1747988803	units	Altar of Greed	126693	H	
h01C	1747988803	units	Altar of Greed	126719	H	
h01C	1747988803	units	Altar of Greed	126741	H	
h01C	1747988803	units	Altar of Greed	126816	H	
h01C	1747988803	units	Altar of Greed	126842	H	
h01C	1747988803	units	Altar of Greed	126864	H	
h01D	1747988804	units	Chaos Citadel	126939	H	
h01D	1747988804	units	Chaos Citadel	126965	H	
h01D	1747988804	units	Chaos Citadel	126987	H	
h01D	1747988804	units	Chaos Citadel	127052	H	
h01D	1747988804	units	Chaos Citadel	127078	H	
h01D	1747988804	units	Chaos Citadel	127100	H	
h01E	1747988805	units	Shrine of Destruction	127175	H	
h01E	1747988805	units	Shrine of Destruction	127201	H	
h01E	1747988805	units	Shrine of Destruction	127223	H	
h01E	1747988805	units	Shrine of Destruction	127288	H	
h01E	1747988805	units	Shrine of Destruction	127314	H	
h01E	1747988805	units	Shrine of Destruction	127336	H	
h01E	1747988805	units	Shrine of Destruction	127414	H	
h01E	1747988805	units	Shrine of Destruction	127440	H	
h01E	1747988805	units	Shrine of Destruction	127462	H	
h01E	1747988805	units	Shrine of Destruction	127537	H	
h01E	1747988805	units	Shrine of Destruction	127563	H	
h01E	1747988805	units	Shrine of Destruction	127585	H	
h01F	1747988806	units	Volcano	127648	H	
h01F	1747988806	units	Volcano	127674	H	
h01F	1747988806	units	Volcano	127696	H	
h01F	1747988806	units	Volcano	127761	H	
h01F	1747988806	units	Volcano	127787	H	
h01F	1747988806	units	Volcano	127809	H	
h01F	1747988806	units	Volcano	127886	H	
h01F	1747988806	units	Volcano	127912	H	
h01F	1747988806	units	Volcano	127934	H	
h01I	1747988809	units	Lesser Demon Cage	128009	H	
h01I	1747988809	units	Lesser Demon Cage	128035	H	
h01I	1747988809	units	Lesser Demon Cage	128057	H	
h01I	1747988809	units	Lesser Demon Cage	128122	H	
h01I	1747988809	units	Lesser Demon Cage	128148	H	
h01I	1747988809	units	Lesser Demon Cage	128170	H	
h01M	1747988813	units	Eraser (Level 1)	128245	H	
h01M	1747988813	units	Eraser (Level 1)	128271	H	
h01M	1747988813	units	Eraser (Level 1)	128293	H	
h01M	1747988813	units	Eraser (Level 1)	128358	H	
h01M	1747988813	units	Eraser (Level 1)	128384	H	
h01M	1747988813	units	Eraser (Level 1)	128406	H	
h01M	1747988813	units	Eraser (Level 1)	128484	H	
h01M	1747988813	units	Eraser (Level 1)	128510	H	
h01M	1747988813	units	Eraser (Level 1)	128532	H	
h01M	1747988813	units	Eraser (Level 1)	128607	H	
h01M	1747988813	units	Eraser (Level 1)	128633	H	
h01M	1747988813	units	Eraser (Level 1)	128655	H	
h01W	1747988823	units	Eraser (Level 2)	128718	H	
h01W	1747988823	units	Eraser (Level 2)	128744	H	
h01W	1747988823	units	Eraser (Level 2)	128766	H	
h01W	1747988823	units	Eraser (Level 2)	128831	H	
h01W	1747988823	units	Eraser (Level 2)	128857	H	
h01W	1747988823	units	Eraser (Level 2)	128879	H	
h01W	1747988823	units	Eraser (Level 2)	128956	H	
h01W	1747988823	units	Eraser (Level 2)	128982	H	
h01W	1747988823	units	Eraser (Level 2)	129004	H	
h01W	1747988823	units	Eraser (Level 2)	129079	H	
h01W	1747988823	units	Eraser (Level 2)	129105	H	
h01W	1747988823	units	Eraser (Level 2)	129127	H	
h01X	1747988824	units	Eraser (Level 3)	129192	H	
h01X	1747988824	units	Eraser (Level 3)	129218	H	
h01X	1747988824	units	Eraser (Level 3)	129240	H	
h01X	1747988824	units	Eraser (Level 3)	129307	H	
h01X	1747988824	units	Eraser (Level 3)	129333	H	
h01X	1747988824	units	Eraser (Level 3)	129355	H	
h01X	1747988824	units	Eraser (Level 3)	129434	H	
h01X	1747988824	units	Eraser (Level 3)	129460	H	
h01X	1747988824	units	Eraser (Level 3)	129482	H	
h01X	1747988824	units	Eraser (Level 3)	129559	H	
h01X	1747988824	units	Eraser (Level 3)	129585	H	
h01X	1747988824	units	Eraser (Level 3)	129607	H	
h025	1747989045	units	Fountain of Blood	129672	H	
h025	1747989045	units	Fountain of Blood	129698	H	
h025	1747989045	units	Fountain of Blood	129720	H	
h025	1747989045	units	Fountain of Blood	129787	H	
h025	1747989045	units	Fountain of Blood	129813	H	
h025	1747989045	units	Fountain of Blood	129835	H	
h025	1747989045	units	Fountain of Blood	129912	H	
h025	1747989045	units	Fountain of Blood	129938	H	
h025	1747989045	units	Fountain of Blood	129960	H	
h026	1747989046	units	Greater Demon Cage	130037	H	
h026	1747989046	units	Greater Demon Cage	130063	H	
h026	1747989046	units	Greater Demon Cage	130085	H	
h026	1747989046	units	Greater Demon Cage	130152	H	
h026	1747989046	units	Greater Demon Cage	130178	H	
h026	1747989046	units	Greater Demon Cage	130200	H	
h026	1747989046	units	Greater Demon Cage	130277	H	
h026	1747989046	units	Greater Demon Cage	130303	H	
h026	1747989046	units	Greater Demon Cage	130325	H	
h03G	1747989319	units	Greater Chaos Citadel	130402	H	
h03G	1747989319	units	Greater Chaos Citadel	130428	H	
h03G	1747989319	units	Greater Chaos Citadel	130450	H	
h03G	1747989319	units	Greater Chaos Citadel	130517	H	
h03G	1747989319	units	Greater Chaos Citadel	130543	H	
h03G	1747989319	units	Greater Chaos Citadel	130565	H	
h03G	1747989319	units	Greater Chaos Citadel	130642	H	
h03G	1747989319	units	Greater Chaos Citadel	130668	H	
h03G	1747989319	units	Greater Chaos Citadel	130690	H	
h05I	1747989833	units	Magic Ruin	130767	H	
h05I	1747989833	units	Magic Ruin	130793	H	
h05I	1747989833	units	Magic Ruin	130815	H	
h05I	1747989833	units	Magic Ruin	130882	H	
h05I	1747989833	units	Magic Ruin	130908	H	
h05I	1747989833	units	Magic Ruin	130930	H	
h05I	1747989833	units	Magic Ruin	131009	H	
h05I	1747989833	units	Magic Ruin	131035	H	
h05I	1747989833	units	Magic Ruin	131057	H	
h06C	1747990083	units	SodDummy	131134	H	
h06C	1747990083	units	SodDummy	131160	H	
h06C	1747990083	units	SodDummy	131182	H	
h06C	1747990083	units	SodDummy	131247	H	
h06C	1747990083	units	SodDummy	131273	H	
h06C	1747990083	units	SodDummy	131295	H	
h06C	1747990083	units	SodDummy	131372	H	
h06C	1747990083	units	SodDummy	131398	H	
h06C	1747990083	units	SodDummy	131420	H	
h06M	1747990093	units	Main Castle	131485	H	
h06M	1747990093	units	Main Castle	131511	H	
h06M	1747990093	units	Main Castle	131533	H	
h06N	1747990094	units	ClapDummy	131610	H	
h06N	1747990094	units	ClapDummy	131636	H	
h06N	1747990094	units	ClapDummy	131658	H	
h06N	1747990094	units	ClapDummy	131723	H	
h06N	1747990094	units	ClapDummy	131749	H	
h06N	1747990094	units	ClapDummy	131771	H	
h06N	1747990094	units	ClapDummy	131848	H	
h06N	1747990094	units	ClapDummy	131874	H	
h06N	1747990094	units	ClapDummy	131896	H	
h06O	1747990095	units	Serenity	131961	H	
h06O	1747990095	units	Serenity	131987	H	
h06O	1747990095	units	Serenity	132009	H	
h06O	1747990095	units	Serenity	132076	H	
h06O	1747990095	units	Serenity	132102	H	
h06O	1747990095	units	Serenity	132124	H	
h06O	1747990095	units	Serenity	132204	H	
h06O	1747990095	units	Serenity	132230	H	
h06O	1747990095	units	Serenity	132252	H	
h06O	1747990095	units	Serenity	132329	H	
h06O	1747990095	units	Serenity	132355	H	
h06O	1747990095	units	Serenity	132377	H	
n000	1848651824	units	Infernal	132442	H	
n000	1848651824	units	Infernal	132468	H	
n000	1848651824	units	Infernal	132490	H	
n000	1848651824	units	Infernal	132555	H	
n000	1848651824	units	Infernal	132581	H	
n000	1848651824	units	Infernal	132603	H	
n000	1848651824	units	Infernal	132668	H	
n000	1848651824	units	Infernal	132694	H	
n000	1848651824	units	Infernal	132716	H	
n000	1848651824	units	Infernal	132793	H	
n000	1848651824	units	Infernal	132819	H	
n000	1848651824	units	Infernal	132841	H	
n000	1848651824	units	Infernal	132918	H	
n000	1848651824	units	Infernal	132944	H	
n000	1848651824	units	Infernal	132966	H	
n000	1848651824	units	Infernal	133031	H	
n000	1848651824	units	Infernal	133057	H	
n000	1848651824	units	Infernal	133079	H	
n001	1848651825	units	Red Dragon	133146	H	
n001	1848651825	units	Red Dragon	133172	H	
n001	1848651825	units	Red Dragon	133194	H	
n001	1848651825	units	Red Dragon	133259	H	
n001	1848651825	units	Red Dragon	133285	H	
n001	1848651825	units	Red Dragon	133307	H	
n001	1848651825	units	Red Dragon	133372	H	
n001	1848651825	units	Red Dragon	133398	H	
n001	1848651825	units	Red Dragon	133420	H	
n001	1848651825	units	Red Dragon	133497	H	
n001	1848651825	units	Red Dragon	133523	H	
n001	1848651825	units	Red Dragon	133545	H	
n001	1848651825	units	Red Dragon	133622	H	
n001	1848651825	units	Red Dragon	133648	H	
n001	1848651825	units	Red Dragon	133670	H	
n001	1848651825	units	Red Dragon	133735	H	
n001	1848651825	units	Red Dragon	133761	H	
n001	1848651825	units	Red Dragon	133783	H	
n008	1848651832	units	Succubus	133850	H	
n008	1848651832	units	Succubus	133876	H	
n008	1848651832	units	Succubus	133898	H	
n008	1848651832	units	Succubus	133963	H	
n008	1848651832	units	Succubus	133989	H	
n008	1848651832	units	Succubus	134011	H	
n008	1848651832	units	Succubus	134076	H	
n008	1848651832	units	Succubus	134102	H	
n008	1848651832	units	Succubus	134124	H	
n008	1848651832	units	Succubus	134201	H	
n008	1848651832	units	Succubus	134227	H	
n008	1848651832	units	Succubus	134249	H	
n008	1848651832	units	Succubus	134326	H	
n008	1848651832	units	Succubus	134352	H	
n008	1848651832	units	Succubus	134374	H	
n009	1848651833	units	Chaos Warrior	134439	H	
n009	1848651833	units	Chaos Warrior	134465	H	
n009	1848651833	units	Chaos Warrior	134487	H	
n009	1848651833	units	Chaos Warrior	134552	H	
n009	1848651833	units	Chaos Warrior	134578	H	
n009	1848651833	units	Chaos Warrior	134600	H	
n009	1848651833	units	Chaos Warrior	134665	H	
n009	1848651833	units	Chaos Warrior	134691	H	
n009	1848651833	units	Chaos Warrior	134713	H	
n009	1848651833	units	Chaos Warrior	134790	H	
n009	1848651833	units	Chaos Warrior	134816	H	
n009	1848651833	units	Chaos Warrior	134838	H	
n009	1848651833	units	Chaos Warrior	134903	H	
n009	1848651833	units	Chaos Warrior	134929	H	
n009	1848651833	units	Chaos Warrior	134951	H	
n00A	1848651841	units	Satyr	135018	H	
n00A	1848651841	units	Satyr	135044	H	
n00A	1848651841	units	Satyr	135066	H	
n00A	1848651841	units	Satyr	135131	H	
n00A	1848651841	units	Satyr	135157	H	
n00A	1848651841	units	Satyr	135179	H	
n00A	1848651841	units	Satyr	135244	H	
n00A	1848651841	units	Satyr	135270	H	
n00A	1848651841	units	Satyr	135292	H	
n00A	1848651841	units	Satyr	135369	H	
n00A	1848651841	units	Satyr	135395	H	
n00A	1848651841	units	Satyr	135417	H	
n00A	1848651841	units	Satyr	135482	H	
n00A	1848651841	units	Satyr	135508	H	
n00A	1848651841	units	Satyr	135530	H	
n00C	1848651843	units	Skeletal Hero	135597	H	
n00C	1848651843	units	Skeletal Hero	135623	H	
n00C	1848651843	units	Skeletal Hero	135645	H	
n00C	1848651843	units	Skeletal Hero	135710	H	
n00C	1848651843	units	Skeletal Hero	135736	H	
n00C	1848651843	units	Skeletal Hero	135758	H	
n00D	1848651844	units	Skeleton Archer	135823	H	
n00D	1848651844	units	Skeleton Archer	135849	H	
n00D	1848651844	units	Skeleton Archer	135871	H	
n00D	1848651844	units	Skeleton Archer	135936	H	
n00D	1848651844	units	Skeleton Archer	135962	H	
n00D	1848651844	units	Skeleton Archer	135984	H	
n00D	1848651844	units	Skeleton Archer	136061	H	
n00D	1848651844	units	Skeleton Archer	136087	H	
n00D	1848651844	units	Skeleton Archer	136109	H	
n00L	1848651852	units	Blood Fiend	136174	H	
n00L	1848651852	units	Blood Fiend	136200	H	
n00L	1848651852	units	Blood Fiend	136222	H	
n00L	1848651852	units	Blood Fiend	136287	H	
n00L	1848651852	units	Blood Fiend	136313	H	
n00L	1848651852	units	Blood Fiend	136335	H	
n00L	1848651852	units	Blood Fiend	136400	H	
n00L	1848651852	units	Blood Fiend	136426	H	
n00L	1848651852	units	Blood Fiend	136448	H	
n00L	1848651852	units	Blood Fiend	136525	H	
n00L	1848651852	units	Blood Fiend	136551	H	
n00L	1848651852	units	Blood Fiend	136573	H	
n00L	1848651852	units	Blood Fiend	136650	H	
n00L	1848651852	units	Blood Fiend	136676	H	
n00L	1848651852	units	Blood Fiend	136698	H	
n00L	1848651852	units	Blood Fiend	136763	H	
n00L	1848651852	units	Blood Fiend	136789	H	
n00L	1848651852	units	Blood Fiend	136811	H	
n00M	1848651853	units	Blood Fiend	136878	H	
n00M	1848651853	units	Blood Fiend	136904	H	
n00M	1848651853	units	Blood Fiend	136926	H	
n00M	1848651853	units	Blood Fiend	136991	H	
n00M	1848651853	units	Blood Fiend	137017	H	
n00M	1848651853	units	Blood Fiend	137039	H	
n00M	1848651853	units	Blood Fiend	137104	H	
n00M	1848651853	units	Blood Fiend	137130	H	
n00M	1848651853	units	Blood Fiend	137152	H	
n00M	1848651853	units	Blood Fiend	137229	H	
n00M	1848651853	units	Blood Fiend	137255	H	
n00M	1848651853	units	Blood Fiend	137277	H	
n00M	1848651853	units	Blood Fiend	137354	H	
n00M	1848651853	units	Blood Fiend	137380	H	
n00M	1848651853	units	Blood Fiend	137402	H	
n00M	1848651853	units	Blood Fiend	137467	H	
n00M	1848651853	units	Blood Fiend	137493	H	
n00M	1848651853	units	Blood Fiend	137515	H	
n00N	1848651854	units	Blood Fiend	137582	H	
n00N	1848651854	units	Blood Fiend	137608	H	
n00N	1848651854	units	Blood Fiend	137630	H	
n00N	1848651854	units	Blood Fiend	137695	H	
n00N	1848651854	units	Blood Fiend	137721	H	
n00N	1848651854	units	Blood Fiend	137743	H	
n00N	1848651854	units	Blood Fiend	137808	H	
n00N	1848651854	units	Blood Fiend	137834	H	
n00N	1848651854	units	Blood Fiend	137856	H	
n00N	1848651854	units	Blood Fiend	137933	H	
n00N	1848651854	units	Blood Fiend	137959	H	
n00N	1848651854	units	Blood Fiend	137981	H	
n00N	1848651854	units	Blood Fiend	138058	H	
n00N	1848651854	units	Blood Fiend	138084	H	
n00N	1848651854	units	Blood Fiend	138106	H	
n00N	1848651854	units	Blood Fiend	138171	H	
n00N	1848651854	units	Blood Fiend	138197	H	
n00N	1848651854	units	Blood Fiend	138219	H	
n00O	1848651855	units	Blood Fiend	138286	H	
n00O	1848651855	units	Blood Fiend	138312	H	
n00O	1848651855	units	Blood Fiend	138334	H	
n00O	1848651855	units	Blood Fiend	138399	H	
n00O	1848651855	units	Blood Fiend	138425	H	
n00O	1848651855	units	Blood Fiend	138447	H	
n00O	1848651855	units	Blood Fiend	138512	H	
n00O	1848651855	units	Blood Fiend	138538	H	
n00O	1848651855	units	Blood Fiend	138560	H	
n00O	1848651855	units	Blood Fiend	138637	H	
n00O	1848651855	units	Blood Fiend	138663	H	
n00O	1848651855	units	Blood Fiend	138685	H	
n00O	1848651855	units	Blood Fiend	138762	H	
n00O	1848651855	units	Blood Fiend	138788	H	
n00O	1848651855	units	Blood Fiend	138810	H	
n00O	1848651855	units	Blood Fiend	138875	H	
n00O	1848651855	units	Blood Fiend	138901	H	
n00O	1848651855	units	Blood Fiend	138923	H	
n00P	1848651856	units	Blood Fiend	138990	H	
n00P	1848651856	units	Blood Fiend	139016	H	
n00P	1848651856	units	Blood Fiend	139038	H	
n00P	1848651856	units	Blood Fiend	139103	H	
n00P	1848651856	units	Blood Fiend	139129	H	
n00P	1848651856	units	Blood Fiend	139151	H	
n00P	1848651856	units	Blood Fiend	139216	H	
n00P	1848651856	units	Blood Fiend	139242	H	
n00P	1848651856	units	Blood Fiend	139264	H	
n00P	1848651856	units	Blood Fiend	139341	H	
n00P	1848651856	units	Blood Fiend	139367	H	
n00P	1848651856	units	Blood Fiend	139389	H	
n00P	1848651856	units	Blood Fiend	139466	H	
n00P	1848651856	units	Blood Fiend	139492	H	
n00P	1848651856	units	Blood Fiend	139514	H	
n00P	1848651856	units	Blood Fiend	139579	H	
n00P	1848651856	units	Blood Fiend	139605	H	
n00P	1848651856	units	Blood Fiend	139627	H	
n00Q	1848651857	units	Blood Fiend	139694	H	
n00Q	1848651857	units	Blood Fiend	139720	H	
n00Q	1848651857	units	Blood Fiend	139742	H	
n00Q	1848651857	units	Blood Fiend	139807	H	
n00Q	1848651857	units	Blood Fiend	139833	H	
n00Q	1848651857	units	Blood Fiend	139855	H	
n00Q	1848651857	units	Blood Fiend	139920	H	
n00Q	1848651857	units	Blood Fiend	139946	H	
n00Q	1848651857	units	Blood Fiend	139968	H	
n00Q	1848651857	units	Blood Fiend	140045	H	
n00Q	1848651857	units	Blood Fiend	140071	H	
n00Q	1848651857	units	Blood Fiend	140093	H	
n00Q	1848651857	units	Blood Fiend	140170	H	
n00Q	1848651857	units	Blood Fiend	140196	H	
n00Q	1848651857	units	Blood Fiend	140218	H	
n00Q	1848651857	units	Blood Fiend	140283	H	
n00Q	1848651857	units	Blood Fiend	140309	H	
n00Q	1848651857	units	Blood Fiend	140331	H	
n00R	1848651858	units	Blood Fiend	140398	H	
n00R	1848651858	units	Blood Fiend	140424	H	
n00R	1848651858	units	Blood Fiend	140446	H	
n00R	1848651858	units	Blood Fiend	140511	H	
n00R	1848651858	units	Blood Fiend	140537	H	
n00R	1848651858	units	Blood Fiend	140559	H	
n00R	1848651858	units	Blood Fiend	140624	H	
n00R	1848651858	units	Blood Fiend	140650	H	
n00R	1848651858	units	Blood Fiend	140672	H	
n00R	1848651858	units	Blood Fiend	140749	H	
n00R	1848651858	units	Blood Fiend	140775	H	
n00R	1848651858	units	Blood Fiend	140797	H	
n00R	1848651858	units	Blood Fiend	140874	H	
n00R	1848651858	units	Blood Fiend	140900	H	
n00R	1848651858	units	Blood Fiend	140922	H	
n00R	1848651858	units	Blood Fiend	140987	H	
n00R	1848651858	units	Blood Fiend	141013	H	
n00R	1848651858	units	Blood Fiend	141035	H	
n00Z	1848651866	units	Chaos Champion	141102	H	
n00Z	1848651866	units	Chaos Champion	141128	H	
n00Z	1848651866	units	Chaos Champion	141150	H	
n00Z	1848651866	units	Chaos Champion	141215	H	
n00Z	1848651866	units	Chaos Champion	141241	H	
n00Z	1848651866	units	Chaos Champion	141263	H	
n00Z	1848651866	units	Chaos Champion	141328	H	
n00Z	1848651866	units	Chaos Champion	141354	H	
n00Z	1848651866	units	Chaos Champion	141376	H	
n00Z	1848651866	units	Chaos Champion	141453	H	
n00Z	1848651866	units	Chaos Champion	141479	H	
n00Z	1848651866	units	Chaos Champion	141501	H	
n00Z	1848651866	units	Chaos Champion	141566	H	
n00Z	1848651866	units	Chaos Champion	141592	H	
n00Z	1848651866	units	Chaos Champion	141614	H	
n01L	1848652108	units	Greater Skeleton Archer	141681	H	
n01L	1848652108	units	Greater Skeleton Archer	141707	H	
n01L	1848652108	units	Greater Skeleton Archer	141729	H	
n01L	1848652108	units	Greater Skeleton Archer	141794	H	
n01L	1848652108	units	Greater Skeleton Archer	141820	H	
n01L	1848652108	units	Greater Skeleton Archer	141842	H	
n01L	1848652108	units	Greater Skeleton Archer	141919	H	
n01L	1848652108	units	Greater Skeleton Archer	141945	H	
n01L	1848652108	units	Greater Skeleton Archer	141967	H	
n01M	1848652109	units	Skeletal General	142032	H	
n01M	1848652109	units	Skeletal General	142058	H	
n01M	1848652109	units	Skeletal General	142080	H	
n01M	1848652109	units	Skeletal General	142145	H	
n01M	1848652109	units	Skeletal General	142171	H	
n01M	1848652109	units	Skeletal General	142193	H	
n01M	1848652109	units	Skeletal General	142270	H	
n01M	1848652109	units	Skeletal General	142296	H	
n01M	1848652109	units	Skeletal General	142318	H	
n01S	1848652115	units	Mutation	142383	H	
n01S	1848652115	units	Mutation	142409	H	
n01S	1848652115	units	Mutation	142431	H	
n01S	1848652115	units	Mutation	142496	H	
n01S	1848652115	units	Mutation	142522	H	
n01S	1848652115	units	Mutation	142544	H	
n01S	1848652115	units	Mutation	142609	H	
n01S	1848652115	units	Mutation	142635	H	
n01S	1848652115	units	Mutation	142657	H	
n01S	1848652115	units	Mutation	142734	H	
n01S	1848652115	units	Mutation	142760	H	
n01S	1848652115	units	Mutation	142782	H	
n02L	1848652364	units	Twin Smiley	142847	H	
n02L	1848652364	units	Twin Smiley	142873	H	
n02L	1848652364	units	Twin Smiley	142895	H	
n02L	1848652364	units	Twin Smiley	142960	H	
n02L	1848652364	units	Twin Smiley	142986	H	
n02L	1848652364	units	Twin Smiley	143008	H	
n02L	1848652364	units	Twin Smiley	143073	H	
n02L	1848652364	units	Twin Smiley	143099	H	
n02L	1848652364	units	Twin Smiley	143121	H	
n02L	1848652364	units	Twin Smiley	143198	H	
n02L	1848652364	units	Twin Smiley	143224	H	
n02L	1848652364	units	Twin Smiley	143246	H	
n02L	1848652364	units	Twin Smiley	143311	H	
n02L	1848652364	units	Twin Smiley	143337	H	
n02L	1848652364	units	Twin Smiley	143359	H	
u002	1966092338	units	Skeleton Warrior	143426	H	
u002	1966092338	units	Skeleton Warrior	143452	H	
u002	1966092338	units	Skeleton Warrior	143474	H	
u002	1966092338	units	Skeleton Warrior	143539	H	
u002	1966092338	units	Skeleton Warrior	143565	H	
u002	1966092338	units	Skeleton Warrior	143587	H	
u003	1966092339	units	Greater Skeletal Mage	143664	H	
u003	1966092339	units	Greater Skeletal Mage	143690	H	
u003	1966092339	units	Greater Skeletal Mage	143712	H	
u003	1966092339	units	Greater Skeletal Mage	143777	H	
u003	1966092339	units	Greater Skeletal Mage	143803	H	
u003	1966092339	units	Greater Skeletal Mage	143825	H	
u004	1966092340	units	Ghoul	143902	H	
u004	1966092340	units	Ghoul	143928	H	
u004	1966092340	units	Ghoul	143950	H	
u008	1966092344	units	Greater Ghoul	144015	H	
u008	1966092344	units	Greater Ghoul	144041	H	
u008	1966092344	units	Greater Ghoul	144063	H	
u00A	1966092353	units	Skeletal Mage	144128	H	
u00A	1966092353	units	Skeletal Mage	144154	H	
u00A	1966092353	units	Skeletal Mage	144176	H	
u00A	1966092353	units	Skeletal Mage	144241	H	
u00A	1966092353	units	Skeletal Mage	144267	H	
u00A	1966092353	units	Skeletal Mage	144289	H	
u00B	1966092354	units	Greater Skeleton Warrior	144366	H	
u00B	1966092354	units	Greater Skeleton Warrior	144392	H	
u00B	1966092354	units	Greater Skeleton Warrior	144414	H	
u00B	1966092354	units	Greater Skeleton Warrior	144479	H	
u00B	1966092354	units	Greater Skeleton Warrior	144505	H	
u00B	1966092354	units	Greater Skeleton Warrior	144527	H	
u00E	1966092357	units	Lich Ghoul	144604	H	
u00E	1966092357	units	Lich Ghoul	144630	H	
u00E	1966092357	units	Lich Ghoul	144652	H	
z000	2049978416	units	Quill Demon	144717	H	
z000	2049978416	units	Quill Demon	144743	H	
z000	2049978416	units	Quill Demon	144765	H	
z000	2049978416	units	Quill Demon	144830	H	
z000	2049978416	units	Quill Demon	144856	H	
z000	2049978416	units	Quill Demon	144878	H	
z000	2049978416	units	Quill Demon	144943	H	
z000	2049978416	units	Quill Demon	144969	H	
z000	2049978416	units	Quill Demon	144991	H	
z000	2049978416	units	Quill Demon	145068	H	
z000	2049978416	units	Quill Demon	145094	H	
z000	2049978416	units	Quill Demon	145116	H	
z000	2049978416	units	Quill Demon	145181	H	
z000	2049978416	units	Quill Demon	145207	H	
z000	2049978416	units	Quill Demon	145229	H	
X00O	1479553103	units	Chaos Builder	145296	H	
X00O	1479553103	units	Chaos Builder	145322	H	
X00O	1479553103	units	Chaos Builder	145344	H	
X00O	1479553103	units	Chaos Builder	145409	H	
X00O	1479553103	units	Chaos Builder	145435	H	
X00O	1479553103	units	Chaos Builder	145457	H	
X00O	1479553103	units	Chaos Builder	145522	H	
X00O	1479553103	units	Chaos Builder	145548	H	
X00O	1479553103	units	Chaos Builder	145570	H	
h07J	1747990346	units	Main Castle	145637	H	
h07J	1747990346	units	Main Castle	145663	H	
h07J	1747990346	units	Main Castle	145685	H	
h07K	1747990347	units	Main Castle	145762	H	
h07K	1747990347	units	Main Castle	145788	H	
h07K	1747990347	units	Main Castle	145810	H	
h04I	1747989577	units	Incubus	145887	H	
h04I	1747989577	units	Incubus	145913	H	
h04I	1747989577	units	Incubus	145935	H	
h04I	1747989577	units	Incubus	146000	H	
h04I	1747989577	units	Incubus	146026	H	
h04I	1747989577	units	Incubus	146048	H	
h04I	1747989577	units	Incubus	146113	H	
h04I	1747989577	units	Incubus	146139	H	
h04I	1747989577	units	Incubus	146161	H	
h04I	1747989577	units	Incubus	146238	H	
h04I	1747989577	units	Incubus	146264	H	
h04I	1747989577	units	Incubus	146286	H	
h04I	1747989577	units	Incubus	146351	H	
h04I	1747989577	units	Incubus	146377	H	
h04I	1747989577	units	Incubus	146399	H	
h04K	1747989579	units	Well of Pain	146466	H	
h04K	1747989579	units	Well of Pain	146492	H	
h04K	1747989579	units	Well of Pain	146514	H	
h04K	1747989579	units	Well of Pain	146581	H	
h04K	1747989579	units	Well of Pain	146607	H	
h04K	1747989579	units	Well of Pain	146629	H	
h04K	1747989579	units	Well of Pain	146708	H	
h04K	1747989579	units	Well of Pain	146734	H	
h04K	1747989579	units	Well of Pain	146756	H	
h04L	1747989580	units	Void Portal	146833	H	
h04L	1747989580	units	Void Portal	146859	H	
h04L	1747989580	units	Void Portal	146881	H	
h04L	1747989580	units	Void Portal	146948	H	
h04L	1747989580	units	Void Portal	146974	H	
h04L	1747989580	units	Void Portal	146996	H	
h04M	1747989581	units	Shadow Ancient	147073	H	
h04M	1747989581	units	Shadow Ancient	147099	H	
h04M	1747989581	units	Shadow Ancient	147121	H	
h04M	1747989581	units	Shadow Ancient	147188	H	
h04M	1747989581	units	Shadow Ancient	147214	H	
h04M	1747989581	units	Shadow Ancient	147236	H	
h04M	1747989581	units	Shadow Ancient	147313	H	
h04M	1747989581	units	Shadow Ancient	147339	H	
h04M	1747989581	units	Shadow Ancient	147361	H	
h04N	1747989582	units	Portal of the Abyss	147438	H	
h04N	1747989582	units	Portal of the Abyss	147464	H	
h04N	1747989582	units	Portal of the Abyss	147486	H	
h04N	1747989582	units	Portal of the Abyss	147553	H	
h04N	1747989582	units	Portal of the Abyss	147579	H	
h04N	1747989582	units	Portal of the Abyss	147601	H	
h04N	1747989582	units	Portal of the Abyss	147678	H	
h04N	1747989582	units	Portal of the Abyss	147704	H	
h04N	1747989582	units	Portal of the Abyss	147726	H	
h04O	1747989583	units	Nether Ancient	147803	H	
h04O	1747989583	units	Nether Ancient	147829	H	
h04O	1747989583	units	Nether Ancient	147851	H	
h04O	1747989583	units	Nether Ancient	147918	H	
h04O	1747989583	units	Nether Ancient	147944	H	
h04O	1747989583	units	Nether Ancient	147966	H	
h04O	1747989583	units	Nether Ancient	148043	H	
h04O	1747989583	units	Nether Ancient	148069	H	
h04O	1747989583	units	Nether Ancient	148091	H	
h04P	1747989584	units	Hell's Portal	148168	H	
h04P	1747989584	units	Hell's Portal	148194	H	
h04P	1747989584	units	Hell's Portal	148216	H	
h04P	1747989584	units	Hell's Portal	148283	H	
h04P	1747989584	units	Hell's Portal	148309	H	
h04P	1747989584	units	Hell's Portal	148331	H	
h04P	1747989584	units	Hell's Portal	148408	H	
h04P	1747989584	units	Hell's Portal	148434	H	
h04P	1747989584	units	Hell's Portal	148456	H	
h04Q	1747989585	units	Hell's Gate	148533	H	
h04Q	1747989585	units	Hell's Gate	148559	H	
h04Q	1747989585	units	Hell's Gate	148581	H	
h04Q	1747989585	units	Hell's Gate	148648	H	
h04Q	1747989585	units	Hell's Gate	148674	H	
h04Q	1747989585	units	Hell's Gate	148696	H	
h04Q	1747989585	units	Hell's Gate	148773	H	
h04Q	1747989585	units	Hell's Gate	148799	H	
h04Q	1747989585	units	Hell's Gate	148821	H	
h04R	1747989586	units	Forgotten One	148898	H	
h04R	1747989586	units	Forgotten One	148924	H	
h04R	1747989586	units	Forgotten One	148946	H	
h04R	1747989586	units	Forgotten One	149013	H	
h04R	1747989586	units	Forgotten One	149039	H	
h04R	1747989586	units	Forgotten One	149061	H	
h04R	1747989586	units	Forgotten One	149140	H	
h04R	1747989586	units	Forgotten One	149166	H	
h04R	1747989586	units	Forgotten One	149188	H	
h04S	1747989587	units	Felhound Shrine	149265	H	
h04S	1747989587	units	Felhound Shrine	149291	H	
h04S	1747989587	units	Felhound Shrine	149313	H	
h04S	1747989587	units	Felhound Shrine	149380	H	
h04S	1747989587	units	Felhound Shrine	149406	H	
h04S	1747989587	units	Felhound Shrine	149428	H	
h04S	1747989587	units	Felhound Shrine	149505	H	
h04S	1747989587	units	Felhound Shrine	149531	H	
h04S	1747989587	units	Felhound Shrine	149553	H	
h04T	1747989588	units	Eye of Corruption	149630	H	
h04T	1747989588	units	Eye of Corruption	149656	H	
h04T	1747989588	units	Eye of Corruption	149678	H	
h04T	1747989588	units	Eye of Corruption	149745	H	
h04T	1747989588	units	Eye of Corruption	149771	H	
h04T	1747989588	units	Eye of Corruption	149793	H	
h04T	1747989588	units	Eye of Corruption	149873	H	
h04T	1747989588	units	Eye of Corruption	149899	H	
h04T	1747989588	units	Eye of Corruption	149921	H	
h04T	1747989588	units	Eye of Corruption	149998	H	
h04T	1747989588	units	Eye of Corruption	150024	H	
h04T	1747989588	units	Eye of Corruption	150046	H	
h04U	1747989589	units	Demonic Statue	150111	H	
h04U	1747989589	units	Demonic Statue	150137	H	
h04U	1747989589	units	Demonic Statue	150159	H	
h04U	1747989589	units	Demonic Statue	150226	H	
h04U	1747989589	units	Demonic Statue	150252	H	
h04U	1747989589	units	Demonic Statue	150274	H	
h04U	1747989589	units	Demonic Statue	150351	H	
h04U	1747989589	units	Demonic Statue	150377	H	
h04U	1747989589	units	Demonic Statue	150399	H	
h04V	1747989590	units	Ancient of Battle	150476	H	
h04V	1747989590	units	Ancient of Battle	150502	H	
h04V	1747989590	units	Ancient of Battle	150524	H	
h04V	1747989590	units	Ancient of Battle	150591	H	
h04V	1747989590	units	Ancient of Battle	150617	H	
h04V	1747989590	units	Ancient of Battle	150639	H	
h04W	1747989591	units	Corrupted Ancient of War	150716	H	
h04W	1747989591	units	Corrupted Ancient of War	150742	H	
h04W	1747989591	units	Corrupted Ancient of War	150764	H	
h04W	1747989591	units	Corrupted Ancient of War	150831	H	
h04W	1747989591	units	Corrupted Ancient of War	150857	H	
h04W	1747989591	units	Corrupted Ancient of War	150879	H	
h04W	1747989591	units	Corrupted Ancient of War	150956	H	
h04W	1747989591	units	Corrupted Ancient of War	150982	H	
h04W	1747989591	units	Corrupted Ancient of War	151004	H	
h06B	1747990082	units	Wisp	151081	H	
h06B	1747990082	units	Wisp	151107	H	
h06B	1747990082	units	Wisp	151129	H	
h06B	1747990082	units	Wisp	151194	H	
h06B	1747990082	units	Wisp	151220	H	
h06B	1747990082	units	Wisp	151242	H	
h06B	1747990082	units	Wisp	151319	H	
h06B	1747990082	units	Wisp	151345	H	
h06B	1747990082	units	Wisp	151367	H	
h06B	1747990082	units	Wisp	151432	H	
h06B	1747990082	units	Wisp	151458	H	
h06B	1747990082	units	Wisp	151480	H	
h09Y	1747990873	units	Corrupted Ancient of Annihilation	151547	H	
h09Y	1747990873	units	Corrupted Ancient of Annihilation	151573	H	
h09Y	1747990873	units	Corrupted Ancient of Annihilation	151595	H	
h09Y	1747990873	units	Corrupted Ancient of Annihilation	151662	H	
h09Y	1747990873	units	Corrupted Ancient of Annihilation	151688	H	
h09Y	1747990873	units	Corrupted Ancient of Annihilation	151710	H	
h09Y	1747990873	units	Corrupted Ancient of Annihilation	151789	H	
h09Y	1747990873	units	Corrupted Ancient of Annihilation	151815	H	
h09Y	1747990873	units	Corrupted Ancient of Annihilation	151837	H	
h09Y	1747990873	units	Corrupted Ancient of Annihilation	151914	H	
h09Y	1747990873	units	Corrupted Ancient of Annihilation	151940	H	
h09Y	1747990873	units	Corrupted Ancient of Annihilation	151962	H	
n019	1848652089	units	Void Walker	152027	H	
n019	1848652089	units	Void Walker	152053	H	
n019	1848652089	units	Void Walker	152075	H	
n019	1848652089	units	Void Walker	152140	H	
n019	1848652089	units	Void Walker	152166	H	
n019	1848652089	units	Void Walker	152188	H	
n019	1848652089	units	Void Walker	152253	H	
n019	1848652089	units	Void Walker	152279	H	
n019	1848652089	units	Void Walker	152301	H	
n019	1848652089	units	Void Walker	152378	H	
n019	1848652089	units	Void Walker	152404	H	
n019	1848652089	units	Void Walker	152426	H	
n01A	1848652097	units	Void Keeper	152491	H	
n01A	1848652097	units	Void Keeper	152517	H	
n01A	1848652097	units	Void Keeper	152539	H	
n01A	1848652097	units	Void Keeper	152604	H	
n01A	1848652097	units	Void Keeper	152630	H	
n01A	1848652097	units	Void Keeper	152652	H	
n01A	1848652097	units	Void Keeper	152717	H	
n01A	1848652097	units	Void Keeper	152743	H	
n01A	1848652097	units	Void Keeper	152765	H	
n01A	1848652097	units	Void Keeper	152842	H	
n01A	1848652097	units	Void Keeper	152868	H	
n01A	1848652097	units	Void Keeper	152890	H	
n01B	1848652098	units	Shadow Drake	152955	H	
n01B	1848652098	units	Shadow Drake	152981	H	
n01B	1848652098	units	Shadow Drake	153003	H	
n01B	1848652098	units	Shadow Drake	153068	H	
n01B	1848652098	units	Shadow Drake	153094	H	
n01B	1848652098	units	Shadow Drake	153116	H	
n01B	1848652098	units	Shadow Drake	153181	H	
n01B	1848652098	units	Shadow Drake	153207	H	
n01B	1848652098	units	Shadow Drake	153229	H	
n01B	1848652098	units	Shadow Drake	153306	H	
n01B	1848652098	units	Shadow Drake	153332	H	
n01B	1848652098	units	Shadow Drake	153354	H	
n01B	1848652098	units	Shadow Drake	153431	H	
n01B	1848652098	units	Shadow Drake	153457	H	
n01B	1848652098	units	Shadow Drake	153479	H	
n01D	1848652100	units	Nether Drake	153544	H	
n01D	1848652100	units	Nether Drake	153570	H	
n01D	1848652100	units	Nether Drake	153592	H	
n01D	1848652100	units	Nether Drake	153657	H	
n01D	1848652100	units	Nether Drake	153683	H	
n01D	1848652100	units	Nether Drake	153705	H	
n01D	1848652100	units	Nether Drake	153770	H	
n01D	1848652100	units	Nether Drake	153796	H	
n01D	1848652100	units	Nether Drake	153818	H	
n01D	1848652100	units	Nether Drake	153895	H	
n01D	1848652100	units	Nether Drake	153921	H	
n01D	1848652100	units	Nether Drake	153943	H	
n01D	1848652100	units	Nether Drake	154020	H	
n01D	1848652100	units	Nether Drake	154046	H	
n01D	1848652100	units	Nether Drake	154068	H	
n01E	1848652101	units	Infernal Tank	154133	H	
n01E	1848652101	units	Infernal Tank	154159	H	
n01E	1848652101	units	Infernal Tank	154181	H	
n01E	1848652101	units	Infernal Tank	154246	H	
n01E	1848652101	units	Infernal Tank	154272	H	
n01E	1848652101	units	Infernal Tank	154294	H	
n01E	1848652101	units	Infernal Tank	154359	H	
n01E	1848652101	units	Infernal Tank	154385	H	
n01E	1848652101	units	Infernal Tank	154407	H	
n01E	1848652101	units	Infernal Tank	154484	H	
n01E	1848652101	units	Infernal Tank	154510	H	
n01E	1848652101	units	Infernal Tank	154532	H	
n01E	1848652101	units	Infernal Tank	154609	H	
n01E	1848652101	units	Infernal Tank	154635	H	
n01E	1848652101	units	Infernal Tank	154657	H	
n01E	1848652101	units	Infernal Tank	154722	H	
n01E	1848652101	units	Infernal Tank	154748	H	
n01E	1848652101	units	Infernal Tank	154770	H	
n01F	1848652102	units		154837	H	
n01F	1848652102	units		154863	H	
n01F	1848652102	units		154885	H	
n01F	1848652102	units		154950	H	
n01F	1848652102	units		154976	H	
n01F	1848652102	units		154998	H	
n01F	1848652102	units		155063	H	
n01F	1848652102	units		155089	H	
n01F	1848652102	units		155111	H	
n01F	1848652102	units		155188	H	
n01F	1848652102	units		155214	H	
n01F	1848652102	units		155236	H	
n01F	1848652102	units		155313	H	
n01F	1848652102	units		155339	H	
n01F	1848652102	units		155361	H	
n01F	1848652102	units		155426	H	
n01F	1848652102	units		155452	H	
n01F	1848652102	units		155474	H	
n01G	1848652103	units	Felhound	155541	H	
n01G	1848652103	units	Felhound	155567	H	
n01G	1848652103	units	Felhound	155589	H	
n01G	1848652103	units	Felhound	155654	H	
n01G	1848652103	units	Felhound	155680	H	
n01G	1848652103	units	Felhound	155702	H	
n01G	1848652103	units	Felhound	155767	H	
n01G	1848652103	units	Felhound	155793	H	
n01G	1848652103	units	Felhound	155815	H	
n01G	1848652103	units	Felhound	155892	H	
n01G	1848652103	units	Felhound	155918	H	
n01G	1848652103	units	Felhound	155940	H	
n01G	1848652103	units	Felhound	156005	H	
n01G	1848652103	units	Felhound	156031	H	
n01G	1848652103	units	Felhound	156053	H	
n01H	1848652104	units	Corrupted Treant	156120	H	
n01H	1848652104	units	Corrupted Treant	156146	H	
n01H	1848652104	units	Corrupted Treant	156168	H	
n01H	1848652104	units	Corrupted Treant	156233	H	
n01H	1848652104	units	Corrupted Treant	156259	H	
n01H	1848652104	units	Corrupted Treant	156281	H	
n01H	1848652104	units	Corrupted Treant	156346	H	
n01H	1848652104	units	Corrupted Treant	156372	H	
n01H	1848652104	units	Corrupted Treant	156394	H	
n01H	1848652104	units	Corrupted Treant	156471	H	
n01H	1848652104	units	Corrupted Treant	156497	H	
n01H	1848652104	units	Corrupted Treant	156519	H	
n01H	1848652104	units	Corrupted Treant	156584	H	
n01H	1848652104	units	Corrupted Treant	156610	H	
n01H	1848652104	units	Corrupted Treant	156632	H	
n01I	1848652105	units	Corrupted Ent	156699	H	
n01I	1848652105	units	Corrupted Ent	156725	H	
n01I	1848652105	units	Corrupted Ent	156747	H	
n01I	1848652105	units	Corrupted Ent	156812	H	
n01I	1848652105	units	Corrupted Ent	156838	H	
n01I	1848652105	units	Corrupted Ent	156860	H	
n01I	1848652105	units	Corrupted Ent	156925	H	
n01I	1848652105	units	Corrupted Ent	156951	H	
n01I	1848652105	units	Corrupted Ent	156973	H	
n01I	1848652105	units	Corrupted Ent	157050	H	
n01I	1848652105	units	Corrupted Ent	157076	H	
n01I	1848652105	units	Corrupted Ent	157098	H	
n01I	1848652105	units	Corrupted Ent	157163	H	
n01I	1848652105	units	Corrupted Ent	157189	H	
n01I	1848652105	units	Corrupted Ent	157211	H	
n01J	1848652106	units	Corrupted Protector	157278	H	
n01J	1848652106	units	Corrupted Protector	157304	H	
n01J	1848652106	units	Corrupted Protector	157326	H	
n01J	1848652106	units	Corrupted Protector	157391	H	
n01J	1848652106	units	Corrupted Protector	157417	H	
n01J	1848652106	units	Corrupted Protector	157439	H	
n01J	1848652106	units	Corrupted Protector	157506	H	
n01J	1848652106	units	Corrupted Protector	157532	H	
n01J	1848652106	units	Corrupted Protector	157554	H	
n01J	1848652106	units	Corrupted Protector	157633	H	
n01J	1848652106	units	Corrupted Protector	157659	H	
n01J	1848652106	units	Corrupted Protector	157681	H	
n01J	1848652106	units	Corrupted Protector	157758	H	
n01J	1848652106	units	Corrupted Protector	157784	H	
n01J	1848652106	units	Corrupted Protector	157806	H	
n027	1848652343	units	Corrupted Annihilator	157871	H	
n027	1848652343	units	Corrupted Annihilator	157897	H	
n027	1848652343	units	Corrupted Annihilator	157919	H	
n027	1848652343	units	Corrupted Annihilator	157984	H	
n027	1848652343	units	Corrupted Annihilator	158010	H	
n027	1848652343	units	Corrupted Annihilator	158032	H	
n027	1848652343	units	Corrupted Annihilator	158097	H	
n027	1848652343	units	Corrupted Annihilator	158123	H	
n027	1848652343	units	Corrupted Annihilator	158145	H	
n027	1848652343	units	Corrupted Annihilator	158222	H	
n027	1848652343	units	Corrupted Annihilator	158248	H	
n027	1848652343	units	Corrupted Annihilator	158270	H	
n027	1848652343	units	Corrupted Annihilator	158335	H	
n027	1848652343	units	Corrupted Annihilator	158361	H	
n027	1848652343	units	Corrupted Annihilator	158383	H	
X006	1479553078	units	Corrupted Builder	158450	H	
X006	1479553078	units	Corrupted Builder	158476	H	
X006	1479553078	units	Corrupted Builder	158498	H	
X006	1479553078	units	Corrupted Builder	158563	H	
X006	1479553078	units	Corrupted Builder	158589	H	
X006	1479553078	units	Corrupted Builder	158611	H	
n03C	1848652611	units	Ghost of Sorrow	158678	H	
n03C	1848652611	units	Ghost of Sorrow	158704	H	
n03C	1848652611	units	Ghost of Sorrow	158726	H	
n03C	1848652611	units	Ghost of Sorrow	158791	H	
n03C	1848652611	units	Ghost of Sorrow	158817	H	
n03C	1848652611	units	Ghost of Sorrow	158839	H	
n03C	1848652611	units	Ghost of Sorrow	158904	H	
n03C	1848652611	units	Ghost of Sorrow	158930	H	
n03C	1848652611	units	Ghost of Sorrow	158952	H	
n03C	1848652611	units	Ghost of Sorrow	159029	H	
n03C	1848652611	units	Ghost of Sorrow	159055	H	
n03C	1848652611	units	Ghost of Sorrow	159077	H	
n03C	1848652611	units	Ghost of Sorrow	159142	H	
n03C	1848652611	units	Ghost of Sorrow	159168	H	
n03C	1848652611	units	Ghost of Sorrow	159190	H	
X0Z0	1479563824	units	Critter Builder	159257	H	
X0Z0	1479563824	units	Critter Builder	159283	H	
X0Z0	1479563824	units	Critter Builder	159305	H	
X0Z0	1479563824	units	Critter Builder	159370	H	
X0Z0	1479563824	units	Critter Builder	159396	H	
X0Z0	1479563824	units	Critter Builder	159418	H	
X0Z0	1479563824	units	Critter Builder	159495	H	
X0Z0	1479563824	units	Critter Builder	159521	H	
X0Z0	1479563824	units	Critter Builder	159543	H	
h0Z1	1747999281	units	Mudcrab Burrow	159608	H	
h0Z1	1747999281	units	Mudcrab Burrow	159634	H	
h0Z1	1747999281	units	Mudcrab Burrow	159656	H	
h0Z1	1747999281	units	Mudcrab Burrow	159723	H	
h0Z1	1747999281	units	Mudcrab Burrow	159749	H	
h0Z1	1747999281	units	Mudcrab Burrow	159771	H	
h0Z1	1747999281	units	Mudcrab Burrow	159848	H	
h0Z1	1747999281	units	Mudcrab Burrow	159874	H	
h0Z1	1747999281	units	Mudcrab Burrow	159896	H	
n0Z1	1848662577	units	Mudcrab	159973	H	
n0Z1	1848662577	units	Mudcrab	159999	H	
n0Z1	1848662577	units	Mudcrab	160021	H	
n0Z1	1848662577	units	Mudcrab	160086	H	
n0Z1	1848662577	units	Mudcrab	160112	H	
n0Z1	1848662577	units	Mudcrab	160134	H	
n0Z1	1848662577	units	Mudcrab	160199	H	
n0Z1	1848662577	units	Mudcrab	160225	H	
n0Z1	1848662577	units	Mudcrab	160247	H	
n0Z1	1848662577	units	Mudcrab	160324	H	
n0Z1	1848662577	units	Mudcrab	160350	H	
n0Z1	1848662577	units	Mudcrab	160372	H	
h0Z2	1747999282	units	Rockcrab Burrow	160437	H	
h0Z2	1747999282	units	Rockcrab Burrow	160463	H	
h0Z2	1747999282	units	Rockcrab Burrow	160485	H	
h0Z2	1747999282	units	Rockcrab Burrow	160552	H	
h0Z2	1747999282	units	Rockcrab Burrow	160578	H	
h0Z2	1747999282	units	Rockcrab Burrow	160600	H	
h0Z2	1747999282	units	Rockcrab Burrow	160677	H	
h0Z2	1747999282	units	Rockcrab Burrow	160703	H	
h0Z2	1747999282	units	Rockcrab Burrow	160725	H	
n0Z2	1848662578	units	Rock Crab	160802	H	
n0Z2	1848662578	units	Rock Crab	160828	H	
n0Z2	1848662578	units	Rock Crab	160850	H	
n0Z2	1848662578	units	Rock Crab	160915	H	
n0Z2	1848662578	units	Rock Crab	160941	H	
n0Z2	1848662578	units	Rock Crab	160963	H	
n0Z2	1848662578	units	Rock Crab	161028	H	
n0Z2	1848662578	units	Rock Crab	161054	H	
n0Z2	1848662578	units	Rock Crab	161076	H	
n0Z2	1848662578	units	Rock Crab	161153	H	
n0Z2	1848662578	units	Rock Crab	161179	H	
n0Z2	1848662578	units	Rock Crab	161201	H	
h0Z3	1747999283	units	Spinecrab Tidepool	161266	H	
h0Z3	1747999283	units	Spinecrab Tidepool	161292	H	
h0Z3	1747999283	units	Spinecrab Tidepool	161314	H	
h0Z3	1747999283	units	Spinecrab Tidepool	161381	H	
h0Z3	1747999283	units	Spinecrab Tidepool	161407	H	
h0Z3	1747999283	units	Spinecrab Tidepool	161429	H	
h0Z3	1747999283	units	Spinecrab Tidepool	161506	H	
h0Z3	1747999283	units	Spinecrab Tidepool	161532	H	
h0Z3	1747999283	units	Spinecrab Tidepool	161554	H	
n0Z3	1848662579	units	Spiny Crab	161631	H	
n0Z3	1848662579	units	Spiny Crab	161657	H	
n0Z3	1848662579	units	Spiny Crab	161679	H	
n0Z3	1848662579	units	Spiny Crab	161744	H	
n0Z3	1848662579	units	Spiny Crab	161770	H	
n0Z3	1848662579	units	Spiny Crab	161792	H	
n0Z3	1848662579	units	Spiny Crab	161857	H	
n0Z3	1848662579	units	Spiny Crab	161883	H	
n0Z3	1848662579	units	Spiny Crab	161905	H	
n0Z3	1848662579	units	Spiny Crab	161982	H	
n0Z3	1848662579	units	Spiny Crab	162008	H	
n0Z3	1848662579	units	Spiny Crab	162030	H	
h0Z4	1747999284	units	Hermit Mound	162095	H	
h0Z4	1747999284	units	Hermit Mound	162121	H	
h0Z4	1747999284	units	Hermit Mound	162143	H	
h0Z4	1747999284	units	Hermit Mound	162210	H	
h0Z4	1747999284	units	Hermit Mound	162236	H	
h0Z4	1747999284	units	Hermit Mound	162258	H	
h0Z4	1747999284	units	Hermit Mound	162335	H	
h0Z4	1747999284	units	Hermit Mound	162361	H	
h0Z4	1747999284	units	Hermit Mound	162383	H	
n0Z4	1848662580	units	Hermit Crab	162460	H	
n0Z4	1848662580	units	Hermit Crab	162486	H	
n0Z4	1848662580	units	Hermit Crab	162508	H	
n0Z4	1848662580	units	Hermit Crab	162573	H	
n0Z4	1848662580	units	Hermit Crab	162599	H	
n0Z4	1848662580	units	Hermit Crab	162621	H	
n0Z4	1848662580	units	Hermit Crab	162686	H	
n0Z4	1848662580	units	Hermit Crab	162712	H	
n0Z4	1848662580	units	Hermit Crab	162734	H	
n0Z4	1848662580	units	Hermit Crab	162811	H	
n0Z4	1848662580	units	Hermit Crab	162837	H	
n0Z4	1848662580	units	Hermit Crab	162859	H	
h0Z5	1747999285	units	Tidal Cairn	162924	H	
h0Z5	1747999285	units	Tidal Cairn	162950	H	
h0Z5	1747999285	units	Tidal Cairn	162972	H	
h0Z5	1747999285	units	Tidal Cairn	163039	H	
h0Z5	1747999285	units	Tidal Cairn	163065	H	
h0Z5	1747999285	units	Tidal Cairn	163087	H	
h0Z5	1747999285	units	Tidal Cairn	163164	H	
h0Z5	1747999285	units	Tidal Cairn	163190	H	
h0Z5	1747999285	units	Tidal Cairn	163212	H	
h0Z6	1747999286	units	Coral Spire	163289	H	
h0Z6	1747999286	units	Coral Spire	163315	H	
h0Z6	1747999286	units	Coral Spire	163337	H	
h0Z6	1747999286	units	Coral Spire	163402	H	
h0Z6	1747999286	units	Coral Spire	163428	H	
h0Z6	1747999286	units	Coral Spire	163450	H	
h0Z6	1747999286	units	Coral Spire	163517	H	
h0Z6	1747999286	units	Coral Spire	163543	H	
h0Z6	1747999286	units	Coral Spire	163565	H	
h0Z6	1747999286	units	Coral Spire	163642	H	
h0Z6	1747999286	units	Coral Spire	163668	H	
h0Z6	1747999286	units	Coral Spire	163690	H	
h0Z7	1747999287	units	Reef Guardian	163767	H	
h0Z7	1747999287	units	Reef Guardian	163793	H	
h0Z7	1747999287	units	Reef Guardian	163815	H	
h0Z7	1747999287	units	Reef Guardian	163882	H	
h0Z7	1747999287	units	Reef Guardian	163908	H	
h0Z7	1747999287	units	Reef Guardian	163930	H	
h0Z7	1747999287	units	Reef Guardian	164010	H	
h0Z7	1747999287	units	Reef Guardian	164036	H	
h0Z7	1747999287	units	Reef Guardian	164058	H	
h0Z7	1747999287	units	Reef Guardian	164135	H	
h0Z7	1747999287	units	Reef Guardian	164161	H	
h0Z7	1747999287	units	Reef Guardian	164183	H	
n0Z7	1848662583	units	Giant Reef Crab	164248	H	
n0Z7	1848662583	units	Giant Reef Crab	164274	H	
n0Z7	1848662583	units	Giant Reef Crab	164296	H	
n0Z7	1848662583	units	Giant Reef Crab	164361	H	
n0Z7	1848662583	units	Giant Reef Crab	164387	H	
n0Z7	1848662583	units	Giant Reef Crab	164409	H	
n0Z7	1848662583	units	Giant Reef Crab	164474	H	
n0Z7	1848662583	units	Giant Reef Crab	164500	H	
n0Z7	1848662583	units	Giant Reef Crab	164522	H	
n0Z7	1848662583	units	Giant Reef Crab	164599	H	
n0Z7	1848662583	units	Giant Reef Crab	164625	H	
n0Z7	1848662583	units	Giant Reef Crab	164647	H	
n02V	1848652374	units	Quillboar	164712	H	
n02V	1848652374	units	Quillboar	164738	H	
n02V	1848652374	units	Quillboar	164760	H	
n02V	1848652374	units	Quillboar	164825	H	
n02V	1848652374	units	Quillboar	164851	H	
n02V	1848652374	units	Quillboar	164873	H	
n02U	1848652373	units	Razormane	164950	H	
n02U	1848652373	units	Razormane	164976	H	
n02U	1848652373	units	Razormane	164998	H	
n02U	1848652373	units	Razormane	165063	H	
n02U	1848652373	units	Razormane	165089	H	
n02U	1848652373	units	Razormane	165111	H	
n02U	1848652373	units	Razormane	165176	H	
n02U	1848652373	units	Razormane	165202	H	
n02U	1848652373	units	Razormane	165224	H	
n02U	1848652373	units	Razormane	165301	H	
n02U	1848652373	units	Razormane	165327	H	
n02U	1848652373	units	Razormane	165349	H	
n02S	1848652371	units	Gnoll	165414	H	
n02S	1848652371	units	Gnoll	165440	H	
n02S	1848652371	units	Gnoll	165462	H	
n02S	1848652371	units	Gnoll	165527	H	
n02S	1848652371	units	Gnoll	165553	H	
n02S	1848652371	units	Gnoll	165575	H	
n02S	1848652371	units	Gnoll	165640	H	
n02S	1848652371	units	Gnoll	165666	H	
n02S	1848652371	units	Gnoll	165688	H	
n02S	1848652371	units	Gnoll	165765	H	
n02S	1848652371	units	Gnoll	165791	H	
n02S	1848652371	units	Gnoll	165813	H	
n02S	1848652371	units	Gnoll	165878	H	
n02S	1848652371	units	Gnoll	165904	H	
n02S	1848652371	units	Gnoll	165926	H	
n02T	1848652372	units	Fire Gnoll	165993	H	
n02T	1848652372	units	Fire Gnoll	166019	H	
n02T	1848652372	units	Fire Gnoll	166041	H	
n02T	1848652372	units	Fire Gnoll	166106	H	
n02T	1848652372	units	Fire Gnoll	166132	H	
n02T	1848652372	units	Fire Gnoll	166154	H	
n02T	1848652372	units	Fire Gnoll	166219	H	
n02T	1848652372	units	Fire Gnoll	166245	H	
n02T	1848652372	units	Fire Gnoll	166267	H	
n02T	1848652372	units	Fire Gnoll	166344	H	
n02T	1848652372	units	Fire Gnoll	166370	H	
n02T	1848652372	units	Fire Gnoll	166392	H	
n02T	1848652372	units	Fire Gnoll	166469	H	
n02T	1848652372	units	Fire Gnoll	166495	H	
n02T	1848652372	units	Fire Gnoll	166517	H	
n034	1848652596	units	Harpies' Matriarch	166582	H	
n034	1848652596	units	Harpies' Matriarch	166608	H	
n034	1848652596	units	Harpies' Matriarch	166630	H	
n034	1848652596	units	Harpies' Matriarch	166695	H	
n034	1848652596	units	Harpies' Matriarch	166721	H	
n034	1848652596	units	Harpies' Matriarch	166743	H	
n034	1848652596	units	Harpies' Matriarch	166808	H	
n034	1848652596	units	Harpies' Matriarch	166834	H	
n034	1848652596	units	Harpies' Matriarch	166856	H	
n034	1848652596	units	Harpies' Matriarch	166933	H	
n034	1848652596	units	Harpies' Matriarch	166959	H	
n034	1848652596	units	Harpies' Matriarch	166981	H	
n034	1848652596	units	Harpies' Matriarch	167058	H	
n034	1848652596	units	Harpies' Matriarch	167084	H	
n034	1848652596	units	Harpies' Matriarch	167106	H	
n034	1848652596	units	Harpies' Matriarch	167171	H	
n034	1848652596	units	Harpies' Matriarch	167197	H	
n034	1848652596	units	Harpies' Matriarch	167219	H	
n02W	1848652375	units	Harpy	167286	H	
n02W	1848652375	units	Harpy	167312	H	
n02W	1848652375	units	Harpy	167334	H	
n02W	1848652375	units	Harpy	167399	H	
n02W	1848652375	units	Harpy	167425	H	
n02W	1848652375	units	Harpy	167447	H	
n02W	1848652375	units	Harpy	167512	H	
n02W	1848652375	units	Harpy	167538	H	
n02W	1848652375	units	Harpy	167560	H	
n02W	1848652375	units	Harpy	167637	H	
n02W	1848652375	units	Harpy	167663	H	
n02W	1848652375	units	Harpy	167685	H	
n02W	1848652375	units	Harpy	167762	H	
n02W	1848652375	units	Harpy	167788	H	
n02W	1848652375	units	Harpy	167810	H	
n02W	1848652375	units	Harpy	167875	H	
n02W	1848652375	units	Harpy	167901	H	
n02W	1848652375	units	Harpy	167923	H	
n032	1848652594	units	Harpy Witch	167990	H	
n032	1848652594	units	Harpy Witch	168016	H	
n032	1848652594	units	Harpy Witch	168038	H	
n032	1848652594	units	Harpy Witch	168103	H	
n032	1848652594	units	Harpy Witch	168129	H	
n032	1848652594	units	Harpy Witch	168151	H	
n032	1848652594	units	Harpy Witch	168216	H	
n032	1848652594	units	Harpy Witch	168242	H	
n032	1848652594	units	Harpy Witch	168264	H	
n032	1848652594	units	Harpy Witch	168341	H	
n032	1848652594	units	Harpy Witch	168367	H	
n032	1848652594	units	Harpy Witch	168389	H	
n032	1848652594	units	Harpy Witch	168466	H	
n032	1848652594	units	Harpy Witch	168492	H	
n032	1848652594	units	Harpy Witch	168514	H	
n032	1848652594	units	Harpy Witch	168579	H	
n032	1848652594	units	Harpy Witch	168605	H	
n032	1848652594	units	Harpy Witch	168627	H	
n02X	1848652376	units	Ogre	168694	H	
n02X	1848652376	units	Ogre	168720	H	
n02X	1848652376	units	Ogre	168742	H	
n02X	1848652376	units	Ogre	168807	H	
n02X	1848652376	units	Ogre	168833	H	
n02X	1848652376	units	Ogre	168855	H	
n02X	1848652376	units	Ogre	168920	H	
n02X	1848652376	units	Ogre	168946	H	
n02X	1848652376	units	Ogre	168968	H	
n02X	1848652376	units	Ogre	169045	H	
n02X	1848652376	units	Ogre	169071	H	
n02X	1848652376	units	Ogre	169093	H	
n02Y	1848652377	units	Ogre Lord	169158	H	
n02Y	1848652377	units	Ogre Lord	169184	H	
n02Y	1848652377	units	Ogre Lord	169206	H	
n02Y	1848652377	units	Ogre Lord	169271	H	
n02Y	1848652377	units	Ogre Lord	169297	H	
n02Y	1848652377	units	Ogre Lord	169319	H	
n02Y	1848652377	units	Ogre Lord	169384	H	
n02Y	1848652377	units	Ogre Lord	169410	H	
n02Y	1848652377	units	Ogre Lord	169432	H	
n02Y	1848652377	units	Ogre Lord	169509	H	
n02Y	1848652377	units	Ogre Lord	169535	H	
n02Y	1848652377	units	Ogre Lord	169557	H	
n02Y	1848652377	units	Ogre Lord	169634	H	
n02Y	1848652377	units	Ogre Lord	169660	H	
n02Y	1848652377	units	Ogre Lord	169682	H	
n02Y	1848652377	units	Ogre Lord	169747	H	
n02Y	1848652377	units	Ogre Lord	169773	H	
n02Y	1848652377	units	Ogre Lord	169795	H	
n035	1848652597	units	Monstrous Sandkin	169862	H	
n035	1848652597	units	Monstrous Sandkin	169888	H	
n035	1848652597	units	Monstrous Sandkin	169910	H	
n035	1848652597	units	Monstrous Sandkin	169975	H	
n035	1848652597	units	Monstrous Sandkin	170001	H	
n035	1848652597	units	Monstrous Sandkin	170023	H	
n035	1848652597	units	Monstrous Sandkin	170088	H	
n035	1848652597	units	Monstrous Sandkin	170114	H	
n035	1848652597	units	Monstrous Sandkin	170136	H	
n035	1848652597	units	Monstrous Sandkin	170213	H	
n035	1848652597	units	Monstrous Sandkin	170239	H	
n035	1848652597	units	Monstrous Sandkin	170261	H	
n030	1848652592	units	Sandkin	170326	H	
n030	1848652592	units	Sandkin	170352	H	
n030	1848652592	units	Sandkin	170374	H	
n030	1848652592	units	Sandkin	170439	H	
n030	1848652592	units	Sandkin	170465	H	
n030	1848652592	units	Sandkin	170487	H	
n030	1848652592	units	Sandkin	170552	H	
n030	1848652592	units	Sandkin	170578	H	
n030	1848652592	units	Sandkin	170600	H	
n030	1848652592	units	Sandkin	170677	H	
n030	1848652592	units	Sandkin	170703	H	
n030	1848652592	units	Sandkin	170725	H	
n02Z	1848652378	units	Salamander	170790	H	
n02Z	1848652378	units	Salamander	170816	H	
n02Z	1848652378	units	Salamander	170838	H	
n02Z	1848652378	units	Salamander	170903	H	
n02Z	1848652378	units	Salamander	170929	H	
n02Z	1848652378	units	Salamander	170951	H	
n02Z	1848652378	units	Salamander	171016	H	
n02Z	1848652378	units	Salamander	171042	H	
n02Z	1848652378	units	Salamander	171064	H	
n02Z	1848652378	units	Salamander	171141	H	
n02Z	1848652378	units	Salamander	171167	H	
n02Z	1848652378	units	Salamander	171189	H	
n02Z	1848652378	units	Salamander	171266	H	
n02Z	1848652378	units	Salamander	171292	H	
n02Z	1848652378	units	Salamander	171314	H	
h079	1747990329	units	Beacon of the Oasis	171379	H	
h079	1747990329	units	Beacon of the Oasis	171405	H	
h079	1747990329	units	Beacon of the Oasis	171427	H	
h079	1747990329	units	Beacon of the Oasis	171494	H	
h079	1747990329	units	Beacon of the Oasis	171520	H	
h079	1747990329	units	Beacon of the Oasis	171542	H	
h079	1747990329	units	Beacon of the Oasis	171621	H	
h079	1747990329	units	Beacon of the Oasis	171647	H	
h079	1747990329	units	Beacon of the Oasis	171669	H	
h07A	1747990337	units	Sacred Peyote	171746	H	
h07A	1747990337	units	Sacred Peyote	171772	H	
h07A	1747990337	units	Sacred Peyote	171794	H	
h07A	1747990337	units	Sacred Peyote	171861	H	
h07A	1747990337	units	Sacred Peyote	171887	H	
h07A	1747990337	units	Sacred Peyote	171909	H	
h07A	1747990337	units	Sacred Peyote	171988	H	
h07A	1747990337	units	Sacred Peyote	172014	H	
h07A	1747990337	units	Sacred Peyote	172036	H	
h07E	1747990341	units	Ballista Tower	172113	H	
h07E	1747990341	units	Ballista Tower	172139	H	
h07E	1747990341	units	Ballista Tower	172161	H	
h07E	1747990341	units	Ballista Tower	172226	H	
h07E	1747990341	units	Ballista Tower	172252	H	
h07E	1747990341	units	Ballista Tower	172274	H	
h07E	1747990341	units	Ballista Tower	172341	H	
h07E	1747990341	units	Ballista Tower	172367	H	
h07E	1747990341	units	Ballista Tower	172389	H	
h07E	1747990341	units	Ballista Tower	172468	H	
h07E	1747990341	units	Ballista Tower	172494	H	
h07E	1747990341	units	Ballista Tower	172516	H	
n02N	1848652366	units	Fire Gnoll Hut	172593	H	
n02N	1848652366	units	Fire Gnoll Hut	172619	H	
n02N	1848652366	units	Fire Gnoll Hut	172641	H	
n02N	1848652366	units	Fire Gnoll Hut	172708	H	
n02N	1848652366	units	Fire Gnoll Hut	172734	H	
n02N	1848652366	units	Fire Gnoll Hut	172756	H	
n02O	1848652367	units	Den of the Ogre Lord	172833	H	
n02O	1848652367	units	Den of the Ogre Lord	172859	H	
n02O	1848652367	units	Den of the Ogre Lord	172881	H	
n02O	1848652367	units	Den of the Ogre Lord	172948	H	
n02O	1848652367	units	Den of the Ogre Lord	172974	H	
n02O	1848652367	units	Den of the Ogre Lord	172996	H	
n02P	1848652368	units	Gnoll Tent	173073	H	
n02P	1848652368	units	Gnoll Tent	173099	H	
n02P	1848652368	units	Gnoll Tent	173121	H	
n02P	1848652368	units	Gnoll Tent	173188	H	
n02P	1848652368	units	Gnoll Tent	173214	H	
n02P	1848652368	units	Gnoll Tent	173236	H	
n02Q	1848652369	units	Harpy Nest	173313	H	
n02Q	1848652369	units	Harpy Nest	173339	H	
n02Q	1848652369	units	Harpy Nest	173361	H	
n02Q	1848652369	units	Harpy Nest	173428	H	
n02Q	1848652369	units	Harpy Nest	173454	H	
n02Q	1848652369	units	Harpy Nest	173476	H	
n02R	1848652370	units	Monstrous Sandkin Burrow	173553	H	
n02R	1848652370	units	Monstrous Sandkin Burrow	173579	H	
n02R	1848652370	units	Monstrous Sandkin Burrow	173601	H	
n02R	1848652370	units	Monstrous Sandkin Burrow	173668	H	
n02R	1848652370	units	Monstrous Sandkin Burrow	173694	H	
n02R	1848652370	units	Monstrous Sandkin Burrow	173716	H	
n031	1848652593	units	Nest of Harpy Matriarch	173793	H	
n031	1848652593	units	Nest of Harpy Matriarch	173819	H	
n031	1848652593	units	Nest of Harpy Matriarch	173841	H	
n031	1848652593	units	Nest of Harpy Matriarch	173908	H	
n031	1848652593	units	Nest of Harpy Matriarch	173934	H	
n031	1848652593	units	Nest of Harpy Matriarch	173956	H	
n031	1848652593	units	Nest of Harpy Matriarch	174035	H	
n031	1848652593	units	Nest of Harpy Matriarch	174061	H	
n031	1848652593	units	Nest of Harpy Matriarch	174083	H	
n031	1848652593	units	Nest of Harpy Matriarch	174160	H	
n031	1848652593	units	Nest of Harpy Matriarch	174186	H	
n031	1848652593	units	Nest of Harpy Matriarch	174208	H	
n033	1848652595	units	Ogre Den	174273	H	
n033	1848652595	units	Ogre Den	174299	H	
n033	1848652595	units	Ogre Den	174321	H	
n033	1848652595	units	Ogre Den	174388	H	
n033	1848652595	units	Ogre Den	174414	H	
n033	1848652595	units	Ogre Den	174436	H	
n036	1848652598	units	Quillboar Yard	174513	H	
n036	1848652598	units	Quillboar Yard	174539	H	
n036	1848652598	units	Quillboar Yard	174561	H	
n036	1848652598	units	Quillboar Yard	174628	H	
n036	1848652598	units	Quillboar Yard	174654	H	
n036	1848652598	units	Quillboar Yard	174676	H	
n037	1848652599	units	Razormane Abode	174753	H	
n037	1848652599	units	Razormane Abode	174779	H	
n037	1848652599	units	Razormane Abode	174801	H	
n037	1848652599	units	Razormane Abode	174868	H	
n037	1848652599	units	Razormane Abode	174894	H	
n037	1848652599	units	Razormane Abode	174916	H	
n038	1848652600	units	Salamander Hatchery	174993	H	
n038	1848652600	units	Salamander Hatchery	175019	H	
n038	1848652600	units	Salamander Hatchery	175041	H	
n038	1848652600	units	Salamander Hatchery	175108	H	
n038	1848652600	units	Salamander Hatchery	175134	H	
n038	1848652600	units	Salamander Hatchery	175156	H	
n039	1848652601	units	Sandkin Burrow	175233	H	
n039	1848652601	units	Sandkin Burrow	175259	H	
n039	1848652601	units	Sandkin Burrow	175281	H	
n039	1848652601	units	Sandkin Burrow	175348	H	
n039	1848652601	units	Sandkin Burrow	175374	H	
n039	1848652601	units	Sandkin Burrow	175396	H	
n03A	1848652609	units	Temple of Storm	175473	H	
n03A	1848652609	units	Temple of Storm	175499	H	
n03A	1848652609	units	Temple of Storm	175521	H	
n03A	1848652609	units	Temple of Storm	175588	H	
n03A	1848652609	units	Temple of Storm	175614	H	
n03A	1848652609	units	Temple of Storm	175636	H	
n03A	1848652609	units	Temple of Storm	175716	H	
n03A	1848652609	units	Temple of Storm	175742	H	
n03A	1848652609	units	Temple of Storm	175764	H	
n03A	1848652609	units	Temple of Storm	175841	H	
n03A	1848652609	units	Temple of Storm	175867	H	
n03A	1848652609	units	Temple of Storm	175889	H	
n03B	1848652610	units	Nest of Harpy Witch	175954	H	
n03B	1848652610	units	Nest of Harpy Witch	175980	H	
n03B	1848652610	units	Nest of Harpy Witch	176002	H	
n03B	1848652610	units	Nest of Harpy Witch	176069	H	
n03B	1848652610	units	Nest of Harpy Witch	176095	H	
n03B	1848652610	units	Nest of Harpy Witch	176117	H	
X078	1479554872	units	Desert Builder	176194	H	
X078	1479554872	units	Desert Builder	176220	H	
X078	1479554872	units	Desert Builder	176242	H	
X078	1479554872	units	Desert Builder	176307	H	
X078	1479554872	units	Desert Builder	176333	H	
X078	1479554872	units	Desert Builder	176355	H	
X078	1479554872	units	Desert Builder	176420	H	
X078	1479554872	units	Desert Builder	176446	H	
X078	1479554872	units	Desert Builder	176468	H	
h02W	1747989079	units	Lesser Elemental Of Water	176535	H	
h02W	1747989079	units	Lesser Elemental Of Water	176561	H	
h02W	1747989079	units	Lesser Elemental Of Water	176583	H	
h02W	1747989079	units	Lesser Elemental Of Water	176648	H	
h02W	1747989079	units	Lesser Elemental Of Water	176674	H	
h02W	1747989079	units	Lesser Elemental Of Water	176696	H	
h02W	1747989079	units	Lesser Elemental Of Water	176773	H	
h02W	1747989079	units	Lesser Elemental Of Water	176799	H	
h02W	1747989079	units	Lesser Elemental Of Water	176821	H	
h02X	1747989080	units	Elemental Of Water	176888	H	
h02X	1747989080	units	Elemental Of Water	176914	H	
h02X	1747989080	units	Elemental Of Water	176936	H	
h02X	1747989080	units	Elemental Of Water	177001	H	
h02X	1747989080	units	Elemental Of Water	177027	H	
h02X	1747989080	units	Elemental Of Water	177049	H	
h02X	1747989080	units	Elemental Of Water	177126	H	
h02X	1747989080	units	Elemental Of Water	177152	H	
h02X	1747989080	units	Elemental Of Water	177174	H	
h02Y	1747989081	units	Greater Elemental Of Water	177241	H	
h02Y	1747989081	units	Greater Elemental Of Water	177267	H	
h02Y	1747989081	units	Greater Elemental Of Water	177289	H	
h02Y	1747989081	units	Greater Elemental Of Water	177354	H	
h02Y	1747989081	units	Greater Elemental Of Water	177380	H	
h02Y	1747989081	units	Greater Elemental Of Water	177402	H	
h02Y	1747989081	units	Greater Elemental Of Water	177479	H	
h02Y	1747989081	units	Greater Elemental Of Water	177505	H	
h02Y	1747989081	units	Greater Elemental Of Water	177527	H	
h02Z	1747989082	units	Elemental Of Fire	177594	H	
h02Z	1747989082	units	Elemental Of Fire	177620	H	
h02Z	1747989082	units	Elemental Of Fire	177642	H	
h02Z	1747989082	units	Elemental Of Fire	177707	H	
h02Z	1747989082	units	Elemental Of Fire	177733	H	
h02Z	1747989082	units	Elemental Of Fire	177755	H	
h02Z	1747989082	units	Elemental Of Fire	177832	H	
h02Z	1747989082	units	Elemental Of Fire	177858	H	
h02Z	1747989082	units	Elemental Of Fire	177880	H	
h034	1747989300	units	Elemental Of Earth	177947	H	
h034	1747989300	units	Elemental Of Earth	177973	H	
h034	1747989300	units	Elemental Of Earth	177995	H	
h034	1747989300	units	Elemental Of Earth	178060	H	
h034	1747989300	units	Elemental Of Earth	178086	H	
h034	1747989300	units	Elemental Of Earth	178108	H	
h03H	1747989320	units		178175	H	
h03H	1747989320	units		178201	H	
h03H	1747989320	units		178223	H	
h03N	1747989326	units	Greater Elemental Of Earth	178288	H	
h03N	1747989326	units	Greater Elemental Of Earth	178314	H	
h03N	1747989326	units	Greater Elemental Of Earth	178336	H	
h03N	1747989326	units	Greater Elemental Of Earth	178401	H	
h03N	1747989326	units	Greater Elemental Of Earth	178427	H	
h03N	1747989326	units	Greater Elemental Of Earth	178449	H	
h03N	1747989326	units	Greater Elemental Of Earth	178526	H	
h03N	1747989326	units	Greater Elemental Of Earth	178552	H	
h03N	1747989326	units	Greater Elemental Of Earth	178574	H	
h03P	1747989328	units	Elemental Of Lightning	178641	H	
h03P	1747989328	units	Elemental Of Lightning	178667	H	
h03P	1747989328	units	Elemental Of Lightning	178689	H	
h03P	1747989328	units	Elemental Of Lightning	178754	H	
h03P	1747989328	units	Elemental Of Lightning	178780	H	
h03P	1747989328	units	Elemental Of Lightning	178802	H	
h03R	1747989330	units	Greater Elemental Of Lightning	178869	H	
h03R	1747989330	units	Greater Elemental Of Lightning	178895	H	
h03R	1747989330	units	Greater Elemental Of Lightning	178917	H	
h03R	1747989330	units	Greater Elemental Of Lightning	178982	H	
h03R	1747989330	units	Greater Elemental Of Lightning	179008	H	
h03R	1747989330	units	Greater Elemental Of Lightning	179030	H	
h03R	1747989330	units	Greater Elemental Of Lightning	179107	H	
h03R	1747989330	units	Greater Elemental Of Lightning	179133	H	
h03R	1747989330	units	Greater Elemental Of Lightning	179155	H	
h03V	1747989334	units	Master Of Elements	179222	H	
h03V	1747989334	units	Master Of Elements	179248	H	
h03V	1747989334	units	Master Of Elements	179270	H	
h03V	1747989334	units	Master Of Elements	179335	H	
h03V	1747989334	units	Master Of Elements	179361	H	
h03V	1747989334	units	Master Of Elements	179383	H	
h03V	1747989334	units	Master Of Elements	179460	H	
h03V	1747989334	units	Master Of Elements	179486	H	
h03V	1747989334	units	Master Of Elements	179508	H	
h03X	1747989336	units	Water Spring	179575	H	
h03X	1747989336	units	Water Spring	179601	H	
h03X	1747989336	units	Water Spring	179623	H	
h03Y	1747989337	units	Golden Fountain	179700	H	
h03Y	1747989337	units	Golden Fountain	179726	H	
h03Y	1747989337	units	Golden Fountain	179748	H	
h03Y	1747989337	units	Golden Fountain	179815	H	
h03Y	1747989337	units	Golden Fountain	179841	H	
h03Y	1747989337	units	Golden Fountain	179863	H	
h03Y	1747989337	units	Golden Fountain	179940	H	
h03Y	1747989337	units	Golden Fountain	179966	H	
h03Y	1747989337	units	Golden Fountain	179988	H	
h03Z	1747989338	units	Spellbound Fountain	180065	H	
h03Z	1747989338	units	Spellbound Fountain	180091	H	
h03Z	1747989338	units	Spellbound Fountain	180113	H	
h03Z	1747989338	units	Spellbound Fountain	180180	H	
h03Z	1747989338	units	Spellbound Fountain	180206	H	
h03Z	1747989338	units	Spellbound Fountain	180228	H	
h03Z	1747989338	units	Spellbound Fountain	180305	H	
h03Z	1747989338	units	Spellbound Fountain	180331	H	
h03Z	1747989338	units	Spellbound Fountain	180353	H	
h040	1747989552	units	Rock Pile	180430	H	
h040	1747989552	units	Rock Pile	180456	H	
h040	1747989552	units	Rock Pile	180478	H	
h040	1747989552	units	Rock Pile	180545	H	
h040	1747989552	units	Rock Pile	180571	H	
h040	1747989552	units	Rock Pile	180593	H	
h040	1747989552	units	Rock Pile	180670	H	
h040	1747989552	units	Rock Pile	180696	H	
h040	1747989552	units	Rock Pile	180718	H	
h041	1747989553	units	Greater Fissure	180795	H	
h041	1747989553	units	Greater Fissure	180821	H	
h041	1747989553	units	Greater Fissure	180843	H	
h041	1747989553	units	Greater Fissure	180910	H	
h041	1747989553	units	Greater Fissure	180936	H	
h041	1747989553	units	Greater Fissure	180958	H	
h041	1747989553	units	Greater Fissure	181035	H	
h041	1747989553	units	Greater Fissure	181061	H	
h041	1747989553	units	Greater Fissure	181083	H	
h042	1747989554	units	Pillar of Globe-Lightning	181160	H	
h042	1747989554	units	Pillar of Globe-Lightning	181186	H	
h042	1747989554	units	Pillar of Globe-Lightning	181208	H	
h042	1747989554	units	Pillar of Globe-Lightning	181275	H	
h042	1747989554	units	Pillar of Globe-Lightning	181301	H	
h042	1747989554	units	Pillar of Globe-Lightning	181323	H	
h042	1747989554	units	Pillar of Globe-Lightning	181400	H	
h042	1747989554	units	Pillar of Globe-Lightning	181426	H	
h042	1747989554	units	Pillar of Globe-Lightning	181448	H	
h044	1747989556	units	Pillar of St. Elmo's Fire	181525	H	
h044	1747989556	units	Pillar of St. Elmo's Fire	181551	H	
h044	1747989556	units	Pillar of St. Elmo's Fire	181573	H	
h044	1747989556	units	Pillar of St. Elmo's Fire	181640	H	
h044	1747989556	units	Pillar of St. Elmo's Fire	181666	H	
h044	1747989556	units	Pillar of St. Elmo's Fire	181688	H	
h044	1747989556	units	Pillar of St. Elmo's Fire	181765	H	
h044	1747989556	units	Pillar of St. Elmo's Fire	181791	H	
h044	1747989556	units	Pillar of St. Elmo's Fire	181813	H	
h045	1747989557	units	Altar of Fire	181890	H	
h045	1747989557	units	Altar of Fire	181916	H	
h045	1747989557	units	Altar of Fire	181938	H	
h045	1747989557	units	Altar of Fire	182005	H	
h045	1747989557	units	Altar of Fire	182031	H	
h045	1747989557	units	Altar of Fire	182053	H	
h046	1747989558	units	Altar of Blaze	182130	H	
h046	1747989558	units	Altar of Blaze	182156	H	
h046	1747989558	units	Altar of Blaze	182178	H	
h046	1747989558	units	Altar of Blaze	182245	H	
h046	1747989558	units	Altar of Blaze	182271	H	
h046	1747989558	units	Altar of Blaze	182293	H	
h046	1747989558	units	Altar of Blaze	182370	H	
h046	1747989558	units	Altar of Blaze	182396	H	
h046	1747989558	units	Altar of Blaze	182418	H	
h04A	1747989569	units	Trapped Gale	182495	H	
h04A	1747989569	units	Trapped Gale	182521	H	
h04A	1747989569	units	Trapped Gale	182543	H	
h04A	1747989569	units	Trapped Gale	182610	H	
h04A	1747989569	units	Trapped Gale	182636	H	
h04A	1747989569	units	Trapped Gale	182658	H	
h04C	1747989571	units	Monument of Wind Stream	182735	H	
h04C	1747989571	units	Monument of Wind Stream	182761	H	
h04C	1747989571	units	Monument of Wind Stream	182783	H	
h04C	1747989571	units	Monument of Wind Stream	182850	H	
h04C	1747989571	units	Monument of Wind Stream	182876	H	
h04C	1747989571	units	Monument of Wind Stream	182898	H	
h04C	1747989571	units	Monument of Wind Stream	182975	H	
h04C	1747989571	units	Monument of Wind Stream	183001	H	
h04C	1747989571	units	Monument of Wind Stream	183023	H	
h04D	1747989572	units	Zephyros Memorial	183100	H	
h04D	1747989572	units	Zephyros Memorial	183126	H	
h04D	1747989572	units	Zephyros Memorial	183148	H	
h04D	1747989572	units	Zephyros Memorial	183215	H	
h04D	1747989572	units	Zephyros Memorial	183241	H	
h04D	1747989572	units	Zephyros Memorial	183263	H	
h04D	1747989572	units	Zephyros Memorial	183340	H	
h04D	1747989572	units	Zephyros Memorial	183366	H	
h04D	1747989572	units	Zephyros Memorial	183388	H	
h04E	1747989573	units	Tower of Elder Knowledge	183465	H	
h04E	1747989573	units	Tower of Elder Knowledge	183491	H	
h04E	1747989573	units	Tower of Elder Knowledge	183513	H	
h04E	1747989573	units	Tower of Elder Knowledge	183580	H	
h04E	1747989573	units	Tower of Elder Knowledge	183606	H	
h04E	1747989573	units	Tower of Elder Knowledge	183628	H	
h04E	1747989573	units	Tower of Elder Knowledge	183707	H	
h04E	1747989573	units	Tower of Elder Knowledge	183733	H	
h04E	1747989573	units	Tower of Elder Knowledge	183755	H	
h04E	1747989573	units	Tower of Elder Knowledge	183832	H	
h04E	1747989573	units	Tower of Elder Knowledge	183858	H	
h04E	1747989573	units	Tower of Elder Knowledge	183880	H	
h05Z	1747989850	units	Books of Conjuration	183945	H	
h05Z	1747989850	units	Books of Conjuration	183971	H	
h05Z	1747989850	units	Books of Conjuration	183993	H	
h05Z	1747989850	units	Books of Conjuration	184060	H	
h05Z	1747989850	units	Books of Conjuration	184086	H	
h05Z	1747989850	units	Books of Conjuration	184108	H	
h05Z	1747989850	units	Books of Conjuration	184187	H	
h05Z	1747989850	units	Books of Conjuration	184213	H	
h05Z	1747989850	units	Books of Conjuration	184235	H	
h060	1747990064	units	Obelisk of Elements	184312	H	
h060	1747990064	units	Obelisk of Elements	184338	H	
h060	1747990064	units	Obelisk of Elements	184360	H	
h060	1747990064	units	Obelisk of Elements	184427	H	
h060	1747990064	units	Obelisk of Elements	184453	H	
h060	1747990064	units	Obelisk of Elements	184475	H	
h060	1747990064	units	Obelisk of Elements	184554	H	
h060	1747990064	units	Obelisk of Elements	184580	H	
h060	1747990064	units	Obelisk of Elements	184602	H	
h061	1747990065	units	Elemental Guard Tower	184679	H	
h061	1747990065	units	Elemental Guard Tower	184705	H	
h061	1747990065	units	Elemental Guard Tower	184727	H	
h061	1747990065	units	Elemental Guard Tower	184792	H	
h061	1747990065	units	Elemental Guard Tower	184818	H	
h061	1747990065	units	Elemental Guard Tower	184840	H	
h061	1747990065	units	Elemental Guard Tower	184907	H	
h061	1747990065	units	Elemental Guard Tower	184933	H	
h061	1747990065	units	Elemental Guard Tower	184955	H	
h061	1747990065	units	Elemental Guard Tower	185034	H	
h061	1747990065	units	Elemental Guard Tower	185060	H	
h061	1747990065	units	Elemental Guard Tower	185082	H	
h062	1747990066	units	Mana Generator	185159	H	
h062	1747990066	units	Mana Generator	185185	H	
h062	1747990066	units	Mana Generator	185207	H	
h062	1747990066	units	Mana Generator	185274	H	
h062	1747990066	units	Mana Generator	185300	H	
h062	1747990066	units	Mana Generator	185322	H	
h062	1747990066	units	Mana Generator	185401	H	
h062	1747990066	units	Mana Generator	185427	H	
h062	1747990066	units	Mana Generator	185449	H	
h063	1747990067	units	Linker	185526	H	
h063	1747990067	units	Linker	185552	H	
h063	1747990067	units	Linker	185574	H	
h063	1747990067	units	Linker	185641	H	
h063	1747990067	units	Linker	185667	H	
h063	1747990067	units	Linker	185689	H	
h063	1747990067	units	Linker	185769	H	
h063	1747990067	units	Linker	185795	H	
h063	1747990067	units	Linker	185817	H	
h063	1747990067	units	Linker	185894	H	
h063	1747990067	units	Linker	185920	H	
h063	1747990067	units	Linker	185942	H	
h068	1747990072	units		186007	H	
h068	1747990072	units		186033	H	
h068	1747990072	units		186055	H	
h06E	1747990085	units	Meteor Shower	186120	H	
h06E	1747990085	units	Meteor Shower	186146	H	
h06E	1747990085	units	Meteor Shower	186168	H	
h06E	1747990085	units	Meteor Shower	186233	H	
h06E	1747990085	units	Meteor Shower	186259	H	
h06E	1747990085	units	Meteor Shower	186281	H	
h06E	1747990085	units	Meteor Shower	186358	H	
h06E	1747990085	units	Meteor Shower	186384	H	
h06E	1747990085	units	Meteor Shower	186406	H	
h06F	1747990086	units	Elemental Rain	186483	H	
h06F	1747990086	units	Elemental Rain	186509	H	
h06F	1747990086	units	Elemental Rain	186531	H	
h06F	1747990086	units	Elemental Rain	186596	H	
h06F	1747990086	units	Elemental Rain	186622	H	
h06F	1747990086	units	Elemental Rain	186644	H	
h06F	1747990086	units	Elemental Rain	186721	H	
h06F	1747990086	units	Elemental Rain	186747	H	
h06F	1747990086	units	Elemental Rain	186769	H	
h076	1747990326	units	Discharge Tower	186846	H	
h076	1747990326	units	Discharge Tower	186872	H	
h076	1747990326	units	Discharge Tower	186894	H	
h076	1747990326	units	Discharge Tower	186959	H	
h076	1747990326	units	Discharge Tower	186985	H	
h076	1747990326	units	Discharge Tower	187007	H	
h076	1747990326	units	Discharge Tower	187074	H	
h076	1747990326	units	Discharge Tower	187100	H	
h076	1747990326	units	Discharge Tower	187122	H	
h076	1747990326	units	Discharge Tower	187201	H	
h076	1747990326	units	Discharge Tower	187227	H	
h076	1747990326	units	Discharge Tower	187249	H	
o00C	1865429059	units	Lesser Elemental Of Wind	187326	H	
o00C	1865429059	units	Lesser Elemental Of Wind	187352	H	
o00C	1865429059	units	Lesser Elemental Of Wind	187374	H	
o00C	1865429059	units	Lesser Elemental Of Wind	187439	H	
o00C	1865429059	units	Lesser Elemental Of Wind	187465	H	
o00C	1865429059	units	Lesser Elemental Of Wind	187487	H	
o00C	1865429059	units	Lesser Elemental Of Wind	187552	H	
o00C	1865429059	units	Lesser Elemental Of Wind	187578	H	
o00C	1865429059	units	Lesser Elemental Of Wind	187600	H	
o00C	1865429059	units	Lesser Elemental Of Wind	187677	H	
o00C	1865429059	units	Lesser Elemental Of Wind	187703	H	
o00C	1865429059	units	Lesser Elemental Of Wind	187725	H	
o00C	1865429059	units	Lesser Elemental Of Wind	187790	H	
o00C	1865429059	units	Lesser Elemental Of Wind	187816	H	
o00C	1865429059	units	Lesser Elemental Of Wind	187838	H	
o00D	1865429060	units	Elemental Of Wind	187905	H	
o00D	1865429060	units	Elemental Of Wind	187931	H	
o00D	1865429060	units	Elemental Of Wind	187953	H	
o00D	1865429060	units	Elemental Of Wind	188018	H	
o00D	1865429060	units	Elemental Of Wind	188044	H	
o00D	1865429060	units	Elemental Of Wind	188066	H	
o00D	1865429060	units	Elemental Of Wind	188131	H	
o00D	1865429060	units	Elemental Of Wind	188157	H	
o00D	1865429060	units	Elemental Of Wind	188179	H	
o00D	1865429060	units	Elemental Of Wind	188256	H	
o00D	1865429060	units	Elemental Of Wind	188282	H	
o00D	1865429060	units	Elemental Of Wind	188304	H	
o00D	1865429060	units	Elemental Of Wind	188369	H	
o00D	1865429060	units	Elemental Of Wind	188395	H	
o00D	1865429060	units	Elemental Of Wind	188417	H	
o00E	1865429061	units	Greater Elemental Of Wind	188484	H	
o00E	1865429061	units	Greater Elemental Of Wind	188510	H	
o00E	1865429061	units	Greater Elemental Of Wind	188532	H	
o00E	1865429061	units	Greater Elemental Of Wind	188597	H	
o00E	1865429061	units	Greater Elemental Of Wind	188623	H	
o00E	1865429061	units	Greater Elemental Of Wind	188645	H	
o00E	1865429061	units	Greater Elemental Of Wind	188710	H	
o00E	1865429061	units	Greater Elemental Of Wind	188736	H	
o00E	1865429061	units	Greater Elemental Of Wind	188758	H	
o00E	1865429061	units	Greater Elemental Of Wind	188835	H	
o00E	1865429061	units	Greater Elemental Of Wind	188861	H	
o00E	1865429061	units	Greater Elemental Of Wind	188883	H	
o00E	1865429061	units	Greater Elemental Of Wind	188948	H	
o00E	1865429061	units	Greater Elemental Of Wind	188974	H	
o00E	1865429061	units	Greater Elemental Of Wind	188996	H	
u00F	1966092358	units	Greater Elemental Of Fire	189063	H	
u00F	1966092358	units	Greater Elemental Of Fire	189089	H	
u00F	1966092358	units	Greater Elemental Of Fire	189111	H	
u00F	1966092358	units	Greater Elemental Of Fire	189176	H	
u00F	1966092358	units	Greater Elemental Of Fire	189202	H	
u00F	1966092358	units	Greater Elemental Of Fire	189224	H	
u00F	1966092358	units	Greater Elemental Of Fire	189301	H	
u00F	1966092358	units	Greater Elemental Of Fire	189327	H	
u00F	1966092358	units	Greater Elemental Of Fire	189349	H	
X051	1479554353	units	Elemental Builder	189414	H	
X051	1479554353	units	Elemental Builder	189440	H	
X051	1479554353	units	Elemental Builder	189462	H	
X051	1479554353	units	Elemental Builder	189527	H	
X051	1479554353	units	Elemental Builder	189553	H	
X051	1479554353	units	Elemental Builder	189575	H	
X051	1479554353	units	Elemental Builder	189640	H	
X051	1479554353	units	Elemental Builder	189666	H	
X051	1479554353	units	Elemental Builder	189688	H	
e005	1697656885	units	Ballista	189755	H	
e005	1697656885	units	Ballista	189781	H	
e005	1697656885	units	Ballista	189803	H	
e005	1697656885	units	Ballista	189868	H	
e005	1697656885	units	Ballista	189894	H	
e005	1697656885	units	Ballista	189916	H	
e005	1697656885	units	Ballista	189981	H	
e005	1697656885	units	Ballista	190007	H	
e005	1697656885	units	Ballista	190029	H	
e005	1697656885	units	Ballista	190106	H	
e005	1697656885	units	Ballista	190132	H	
e005	1697656885	units	Ballista	190154	H	
e005	1697656885	units	Ballista	190231	H	
e005	1697656885	units	Ballista	190257	H	
e005	1697656885	units	Ballista	190279	H	
e005	1697656885	units	Ballista	190344	H	
e005	1697656885	units	Ballista	190370	H	
e005	1697656885	units	Ballista	190392	H	
h005	1747988533	units	Obelisk of Light	190459	H	
h005	1747988533	units	Obelisk of Light	190485	H	
h005	1747988533	units	Obelisk of Light	190507	H	
h005	1747988533	units	Obelisk of Light	190574	H	
h005	1747988533	units	Obelisk of Light	190600	H	
h005	1747988533	units	Obelisk of Light	190622	H	
h005	1747988533	units	Obelisk of Light	190701	H	
h005	1747988533	units	Obelisk of Light	190727	H	
h005	1747988533	units	Obelisk of Light	190749	H	
h00T	1747988564	units	Hall of Honor	190826	H	
h00T	1747988564	units	Hall of Honor	190852	H	
h00T	1747988564	units	Hall of Honor	190874	H	
h00T	1747988564	units	Hall of Honor	190941	H	
h00T	1747988564	units	Hall of Honor	190967	H	
h00T	1747988564	units	Hall of Honor	190989	H	
h00T	1747988564	units	Hall of Honor	191066	H	
h00T	1747988564	units	Hall of Honor	191092	H	
h00T	1747988564	units	Hall of Honor	191114	H	
h00U	1747988565	units	Bloodthirster	191191	H	
h00U	1747988565	units	Bloodthirster	191217	H	
h00U	1747988565	units	Bloodthirster	191239	H	
h00U	1747988565	units	Bloodthirster	191304	H	
h00U	1747988565	units	Bloodthirster	191330	H	
h00U	1747988565	units	Bloodthirster	191352	H	
h00U	1747988565	units	Bloodthirster	191417	H	
h00U	1747988565	units	Bloodthirster	191443	H	
h00U	1747988565	units	Bloodthirster	191465	H	
h00U	1747988565	units	Bloodthirster	191542	H	
h00U	1747988565	units	Bloodthirster	191568	H	
h00U	1747988565	units	Bloodthirster	191590	H	
h00U	1747988565	units	Bloodthirster	191667	H	
h00U	1747988565	units	Bloodthirster	191693	H	
h00U	1747988565	units	Bloodthirster	191715	H	
h00V	1747988566	units	Bloodelf War Academy	191780	H	
h00V	1747988566	units	Bloodelf War Academy	191806	H	
h00V	1747988566	units	Bloodelf War Academy	191828	H	
h00V	1747988566	units	Bloodelf War Academy	191895	H	
h00V	1747988566	units	Bloodelf War Academy	191921	H	
h00V	1747988566	units	Bloodelf War Academy	191943	H	
h00V	1747988566	units	Bloodelf War Academy	192020	H	
h00V	1747988566	units	Bloodelf War Academy	192046	H	
h00V	1747988566	units	Bloodelf War Academy	192068	H	
h00W	1747988567	units	Wizard	192145	H	
h00W	1747988567	units	Wizard	192171	H	
h00W	1747988567	units	Wizard	192193	H	
h00W	1747988567	units	Wizard	192258	H	
h00W	1747988567	units	Wizard	192284	H	
h00W	1747988567	units	Wizard	192306	H	
h00W	1747988567	units	Wizard	192371	H	
h00W	1747988567	units	Wizard	192397	H	
h00W	1747988567	units	Wizard	192419	H	
h00W	1747988567	units	Wizard	192496	H	
h00W	1747988567	units	Wizard	192522	H	
h00W	1747988567	units	Wizard	192544	H	
h00W	1747988567	units	Wizard	192621	H	
h00W	1747988567	units	Wizard	192647	H	
h00W	1747988567	units	Wizard	192669	H	
h00W	1747988567	units	Wizard	192734	H	
h00W	1747988567	units	Wizard	192760	H	
h00W	1747988567	units	Wizard	192782	H	
h00X	1747988568	units	Tower of Supreme Magic	192849	H	
h00X	1747988568	units	Tower of Supreme Magic	192875	H	
h00X	1747988568	units	Tower of Supreme Magic	192897	H	
h00X	1747988568	units	Tower of Supreme Magic	192964	H	
h00X	1747988568	units	Tower of Supreme Magic	192990	H	
h00X	1747988568	units	Tower of Supreme Magic	193012	H	
h00X	1747988568	units	Tower of Supreme Magic	193091	H	
h00X	1747988568	units	Tower of Supreme Magic	193117	H	
h00X	1747988568	units	Tower of Supreme Magic	193139	H	
h00X	1747988568	units	Tower of Supreme Magic	193216	H	
h00X	1747988568	units	Tower of Supreme Magic	193242	H	
h00X	1747988568	units	Tower of Supreme Magic	193264	H	
h00Z	1747988570	units	City of Magic	193329	H	
h00Z	1747988570	units	City of Magic	193355	H	
h00Z	1747988570	units	City of Magic	193377	H	
h00Z	1747988570	units	City of Magic	193444	H	
h00Z	1747988570	units	City of Magic	193470	H	
h00Z	1747988570	units	City of Magic	193492	H	
h00Z	1747988570	units	City of Magic	193571	H	
h00Z	1747988570	units	City of Magic	193597	H	
h00Z	1747988570	units	City of Magic	193619	H	
h014	1747988788	units	Arcane Tower	193696	H	
h014	1747988788	units	Arcane Tower	193722	H	
h014	1747988788	units	Arcane Tower	193744	H	
h014	1747988788	units	Arcane Tower	193809	H	
h014	1747988788	units	Arcane Tower	193835	H	
h014	1747988788	units	Arcane Tower	193857	H	
h014	1747988788	units	Arcane Tower	193924	H	
h014	1747988788	units	Arcane Tower	193950	H	
h014	1747988788	units	Arcane Tower	193972	H	
h014	1747988788	units	Arcane Tower	194051	H	
h014	1747988788	units	Arcane Tower	194077	H	
h014	1747988788	units	Arcane Tower	194099	H	
h03F	1747989318	units	Hall of the Eldest	194176	H	
h03F	1747989318	units	Hall of the Eldest	194202	H	
h03F	1747989318	units	Hall of the Eldest	194224	H	
h03F	1747989318	units	Hall of the Eldest	194291	H	
h03F	1747989318	units	Hall of the Eldest	194317	H	
h03F	1747989318	units	Hall of the Eldest	194339	H	
h03F	1747989318	units	Hall of the Eldest	194416	H	
h03F	1747989318	units	Hall of the Eldest	194442	H	
h03F	1747989318	units	Hall of the Eldest	194464	H	
h059	1747989817	units	Golden Shrine of Justice	194541	H	
h059	1747989817	units	Golden Shrine of Justice	194567	H	
h059	1747989817	units	Golden Shrine of Justice	194589	H	
h059	1747989817	units	Golden Shrine of Justice	194656	H	
h059	1747989817	units	Golden Shrine of Justice	194682	H	
h059	1747989817	units	Golden Shrine of Justice	194704	H	
h059	1747989817	units	Golden Shrine of Justice	194784	H	
h059	1747989817	units	Golden Shrine of Justice	194810	H	
h059	1747989817	units	Golden Shrine of Justice	194832	H	
h059	1747989817	units	Golden Shrine of Justice	194909	H	
h059	1747989817	units	Golden Shrine of Justice	194935	H	
h059	1747989817	units	Golden Shrine of Justice	194957	H	
h069	1747990073	units	Spare Part Heap	195022	H	
h069	1747990073	units	Spare Part Heap	195048	H	
h069	1747990073	units	Spare Part Heap	195070	H	
h069	1747990073	units	Spare Part Heap	195137	H	
h069	1747990073	units	Spare Part Heap	195163	H	
h069	1747990073	units	Spare Part Heap	195185	H	
h069	1747990073	units	Spare Part Heap	195264	H	
h069	1747990073	units	Spare Part Heap	195290	H	
h069	1747990073	units	Spare Part Heap	195312	H	
h06Y	1747990105	units	Dragonhawk Portal	195389	H	
h06Y	1747990105	units	Dragonhawk Portal	195415	H	
h06Y	1747990105	units	Dragonhawk Portal	195437	H	
h06Y	1747990105	units	Dragonhawk Portal	195504	H	
h06Y	1747990105	units	Dragonhawk Portal	195530	H	
h06Y	1747990105	units	Dragonhawk Portal	195552	H	
h06Y	1747990105	units	Dragonhawk Portal	195629	H	
h06Y	1747990105	units	Dragonhawk Portal	195655	H	
h06Y	1747990105	units	Dragonhawk Portal	195677	H	
h070	1747990320	units	Highelf Siege Factory	195754	H	
h070	1747990320	units	Highelf Siege Factory	195780	H	
h070	1747990320	units	Highelf Siege Factory	195802	H	
h070	1747990320	units	Highelf Siege Factory	195869	H	
h070	1747990320	units	Highelf Siege Factory	195895	H	
h070	1747990320	units	Highelf Siege Factory	195917	H	
h070	1747990320	units	Highelf Siege Factory	195994	H	
h070	1747990320	units	Highelf Siege Factory	196020	H	
h070	1747990320	units	Highelf Siege Factory	196042	H	
h07B	1747990338	units	Sorceress	196119	H	
h07B	1747990338	units	Sorceress	196145	H	
h07B	1747990338	units	Sorceress	196167	H	
h07B	1747990338	units	Sorceress	196232	H	
h07B	1747990338	units	Sorceress	196258	H	
h07B	1747990338	units	Sorceress	196280	H	
h07B	1747990338	units	Sorceress	196345	H	
h07B	1747990338	units	Sorceress	196371	H	
h07B	1747990338	units	Sorceress	196393	H	
h07B	1747990338	units	Sorceress	196470	H	
h07B	1747990338	units	Sorceress	196496	H	
h07B	1747990338	units	Sorceress	196518	H	
h07B	1747990338	units	Sorceress	196595	H	
h07B	1747990338	units	Sorceress	196621	H	
h07B	1747990338	units	Sorceress	196643	H	
h07B	1747990338	units	Sorceress	196708	H	
h07B	1747990338	units	Sorceress	196734	H	
h07B	1747990338	units	Sorceress	196756	H	
h08X	1747990616	units	Archery Range	196823	H	
h08X	1747990616	units	Archery Range	196849	H	
h08X	1747990616	units	Archery Range	196871	H	
h08X	1747990616	units	Archery Range	196938	H	
h08X	1747990616	units	Archery Range	196964	H	
h08X	1747990616	units	Archery Range	196986	H	
h08Y	1747990617	units	Archery Tower	197063	H	
h08Y	1747990617	units	Archery Tower	197089	H	
h08Y	1747990617	units	Archery Tower	197111	H	
h08Y	1747990617	units	Archery Tower	197178	H	
h08Y	1747990617	units	Archery Tower	197204	H	
h08Y	1747990617	units	Archery Tower	197226	H	
h08Y	1747990617	units	Archery Tower	197303	H	
h08Y	1747990617	units	Archery Tower	197329	H	
h08Y	1747990617	units	Archery Tower	197351	H	
h09X	1747990872	units	School of Wizardry	197428	H	
h09X	1747990872	units	School of Wizardry	197454	H	
h09X	1747990872	units	School of Wizardry	197476	H	
h09X	1747990872	units	School of Wizardry	197543	H	
h09X	1747990872	units	School of Wizardry	197569	H	
h09X	1747990872	units	School of Wizardry	197591	H	
h09X	1747990872	units	School of Wizardry	197668	H	
h09X	1747990872	units	School of Wizardry	197694	H	
h09X	1747990872	units	School of Wizardry	197716	H	
n006	1848651830	units	Blademaster	197793	H	
n006	1848651830	units	Blademaster	197819	H	
n006	1848651830	units	Blademaster	197841	H	
n006	1848651830	units	Blademaster	197906	H	
n006	1848651830	units	Blademaster	197932	H	
n006	1848651830	units	Blademaster	197954	H	
n006	1848651830	units	Blademaster	198019	H	
n006	1848651830	units	Blademaster	198045	H	
n006	1848651830	units	Blademaster	198067	H	
n006	1848651830	units	Blademaster	198144	H	
n006	1848651830	units	Blademaster	198170	H	
n006	1848651830	units	Blademaster	198192	H	
n006	1848651830	units	Blademaster	198269	H	
n006	1848651830	units	Blademaster	198295	H	
n006	1848651830	units	Blademaster	198317	H	
n006	1848651830	units	Blademaster	198382	H	
n006	1848651830	units	Blademaster	198408	H	
n006	1848651830	units	Blademaster	198430	H	
n00Y	1848651865	units	Elder Blademaster	198497	H	
n00Y	1848651865	units	Elder Blademaster	198523	H	
n00Y	1848651865	units	Elder Blademaster	198545	H	
n00Y	1848651865	units	Elder Blademaster	198610	H	
n00Y	1848651865	units	Elder Blademaster	198636	H	
n00Y	1848651865	units	Elder Blademaster	198658	H	
n00Y	1848651865	units	Elder Blademaster	198723	H	
n00Y	1848651865	units	Elder Blademaster	198749	H	
n00Y	1848651865	units	Elder Blademaster	198771	H	
n00Y	1848651865	units	Elder Blademaster	198848	H	
n00Y	1848651865	units	Elder Blademaster	198874	H	
n00Y	1848651865	units	Elder Blademaster	198896	H	
n00Y	1848651865	units	Elder Blademaster	198973	H	
n00Y	1848651865	units	Elder Blademaster	198999	H	
n00Y	1848651865	units	Elder Blademaster	199021	H	
n00Y	1848651865	units	Elder Blademaster	199086	H	
n00Y	1848651865	units	Elder Blademaster	199112	H	
n00Y	1848651865	units	Elder Blademaster	199134	H	
n01U	1848652117	units	Gobbo Machinist	199201	H	
n01U	1848652117	units	Gobbo Machinist	199227	H	
n01U	1848652117	units	Gobbo Machinist	199249	H	
n01Y	1848652121	units	Dragonhawk Rider	199316	H	
n01Y	1848652121	units	Dragonhawk Rider	199342	H	
n01Y	1848652121	units	Dragonhawk Rider	199364	H	
n01Y	1848652121	units	Dragonhawk Rider	199429	H	
n01Y	1848652121	units	Dragonhawk Rider	199455	H	
n01Y	1848652121	units	Dragonhawk Rider	199477	H	
n01Y	1848652121	units	Dragonhawk Rider	199542	H	
n01Y	1848652121	units	Dragonhawk Rider	199568	H	
n01Y	1848652121	units	Dragonhawk Rider	199590	H	
n01Y	1848652121	units	Dragonhawk Rider	199667	H	
n01Y	1848652121	units	Dragonhawk Rider	199693	H	
n01Y	1848652121	units	Dragonhawk Rider	199715	H	
n01Y	1848652121	units	Dragonhawk Rider	199792	H	
n01Y	1848652121	units	Dragonhawk Rider	199818	H	
n01Y	1848652121	units	Dragonhawk Rider	199840	H	
n01Y	1848652121	units	Dragonhawk Rider	199905	H	
n01Y	1848652121	units	Dragonhawk Rider	199931	H	
n01Y	1848652121	units	Dragonhawk Rider	199953	H	
n022	1848652338	units	Archer	200020	H	
n022	1848652338	units	Archer	200046	H	
n022	1848652338	units	Archer	200068	H	
n022	1848652338	units	Archer	200133	H	
n022	1848652338	units	Archer	200159	H	
n022	1848652338	units	Archer	200181	H	
n022	1848652338	units	Archer	200246	H	
n022	1848652338	units	Archer	200272	H	
n022	1848652338	units	Archer	200294	H	
n022	1848652338	units	Archer	200371	H	
n022	1848652338	units	Archer	200397	H	
n022	1848652338	units	Archer	200419	H	
n022	1848652338	units	Archer	200496	H	
n022	1848652338	units	Archer	200522	H	
n022	1848652338	units	Archer	200544	H	
n022	1848652338	units	Archer	200609	H	
n022	1848652338	units	Archer	200635	H	
n022	1848652338	units	Archer	200657	H	
n023	1848652339	units	Master Archer	200724	H	
n023	1848652339	units	Master Archer	200750	H	
n023	1848652339	units	Master Archer	200772	H	
n023	1848652339	units	Master Archer	200837	H	
n023	1848652339	units	Master Archer	200863	H	
n023	1848652339	units	Master Archer	200885	H	
n023	1848652339	units	Master Archer	200950	H	
n023	1848652339	units	Master Archer	200976	H	
n023	1848652339	units	Master Archer	200998	H	
n023	1848652339	units	Master Archer	201075	H	
n023	1848652339	units	Master Archer	201101	H	
n023	1848652339	units	Master Archer	201123	H	
n023	1848652339	units	Master Archer	201200	H	
n023	1848652339	units	Master Archer	201226	H	
n023	1848652339	units	Master Archer	201248	H	
n023	1848652339	units	Master Archer	201313	H	
n023	1848652339	units	Master Archer	201339	H	
n023	1848652339	units	Master Archer	201361	H	
X00P	1479553104	units	Elf Builder	201428	H	
X00P	1479553104	units	Elf Builder	201454	H	
X00P	1479553104	units	Elf Builder	201476	H	
X00P	1479553104	units	Elf Builder	201541	H	
X00P	1479553104	units	Elf Builder	201567	H	
X00P	1479553104	units	Elf Builder	201589	H	
X00P	1479553104	units	Elf Builder	201654	H	
X00P	1479553104	units	Elf Builder	201680	H	
X00P	1479553104	units	Elf Builder	201702	H	
h000	1747988528	units	Barracks	201769	H	
h000	1747988528	units	Barracks	201795	H	
h000	1747988528	units	Barracks	201817	H	
h000	1747988528	units	Barracks	201884	H	
h000	1747988528	units	Barracks	201910	H	
h000	1747988528	units	Barracks	201932	H	
h001	1747988529	units	Artillery	202009	H	
h001	1747988529	units	Artillery	202035	H	
h001	1747988529	units	Artillery	202057	H	
h001	1747988529	units	Artillery	202122	H	
h001	1747988529	units	Artillery	202148	H	
h001	1747988529	units	Artillery	202170	H	
h001	1747988529	units	Artillery	202237	H	
h001	1747988529	units	Artillery	202263	H	
h001	1747988529	units	Artillery	202285	H	
h001	1747988529	units	Artillery	202364	H	
h001	1747988529	units	Artillery	202390	H	
h001	1747988529	units	Artillery	202412	H	
h003	1747988531	units	Sniper Nest	202489	H	
h003	1747988531	units	Sniper Nest	202515	H	
h003	1747988531	units	Sniper Nest	202537	H	
h004	1747988532	units	Weapon Lab	202614	H	
h004	1747988532	units	Weapon Lab	202640	H	
h004	1747988532	units	Weapon Lab	202662	H	
h004	1747988532	units	Weapon Lab	202729	H	
h004	1747988532	units	Weapon Lab	202755	H	
h004	1747988532	units	Weapon Lab	202777	H	
h004	1747988532	units	Weapon Lab	202854	H	
h004	1747988532	units	Weapon Lab	202880	H	
h004	1747988532	units	Weapon Lab	202902	H	
h006	1747988534	units	Watch Tower	202979	H	
h006	1747988534	units	Watch Tower	203005	H	
h006	1747988534	units	Watch Tower	203027	H	
h006	1747988534	units	Watch Tower	203092	H	
h006	1747988534	units	Watch Tower	203118	H	
h006	1747988534	units	Watch Tower	203140	H	
h006	1747988534	units	Watch Tower	203207	H	
h006	1747988534	units	Watch Tower	203233	H	
h006	1747988534	units	Watch Tower	203255	H	
h006	1747988534	units	Watch Tower	203334	H	
h006	1747988534	units	Watch Tower	203360	H	
h006	1747988534	units	Watch Tower	203382	H	
h00K	1747988555	units	Hjordhejmen	203459	H	
h00K	1747988555	units	Hjordhejmen	203485	H	
h00K	1747988555	units	Hjordhejmen	203507	H	
h00K	1747988555	units	Hjordhejmen	203574	H	
h00K	1747988555	units	Hjordhejmen	203600	H	
h00K	1747988555	units	Hjordhejmen	203622	H	
h00K	1747988555	units	Hjordhejmen	203699	H	
h00K	1747988555	units	Hjordhejmen	203725	H	
h00K	1747988555	units	Hjordhejmen	203747	H	
h010	1747988784	units	Gjallarhorn	203824	H	
h010	1747988784	units	Gjallarhorn	203850	H	
h010	1747988784	units	Gjallarhorn	203872	H	
h010	1747988784	units	Gjallarhorn	203939	H	
h010	1747988784	units	Gjallarhorn	203965	H	
h010	1747988784	units	Gjallarhorn	203987	H	
h010	1747988784	units	Gjallarhorn	204066	H	
h010	1747988784	units	Gjallarhorn	204092	H	
h010	1747988784	units	Gjallarhorn	204114	H	
h015	1747988789	units	Gryphon Rock	204191	H	
h015	1747988789	units	Gryphon Rock	204217	H	
h015	1747988789	units	Gryphon Rock	204239	H	
h015	1747988789	units	Gryphon Rock	204306	H	
h015	1747988789	units	Gryphon Rock	204332	H	
h015	1747988789	units	Gryphon Rock	204354	H	
h015	1747988789	units	Gryphon Rock	204431	H	
h015	1747988789	units	Gryphon Rock	204457	H	
h015	1747988789	units	Gryphon Rock	204479	H	
h016	1747988790	units	Gryphon Rider	204556	H	
h016	1747988790	units	Gryphon Rider	204582	H	
h016	1747988790	units	Gryphon Rider	204604	H	
h016	1747988790	units	Gryphon Rider	204669	H	
h016	1747988790	units	Gryphon Rider	204695	H	
h016	1747988790	units	Gryphon Rider	204717	H	
h016	1747988790	units	Gryphon Rider	204794	H	
h016	1747988790	units	Gryphon Rider	204820	H	
h016	1747988790	units	Gryphon Rider	204842	H	
h016	1747988790	units	Gryphon Rider	204919	H	
h016	1747988790	units	Gryphon Rider	204945	H	
h016	1747988790	units	Gryphon Rider	204967	H	
h037	1747989303	units	Chapel	205032	H	
h037	1747989303	units	Chapel	205058	H	
h037	1747989303	units	Chapel	205080	H	
h037	1747989303	units	Chapel	205147	H	
h037	1747989303	units	Chapel	205173	H	
h037	1747989303	units	Chapel	205195	H	
h037	1747989303	units	Chapel	205272	H	
h037	1747989303	units	Chapel	205298	H	
h037	1747989303	units	Chapel	205320	H	
h038	1747989304	units	Church	205397	H	
h038	1747989304	units	Church	205423	H	
h038	1747989304	units	Church	205445	H	
h038	1747989304	units	Church	205512	H	
h038	1747989304	units	Church	205538	H	
h038	1747989304	units	Church	205560	H	
h038	1747989304	units	Church	205637	H	
h038	1747989304	units	Church	205663	H	
h038	1747989304	units	Church	205685	H	
h039	1747989305	units	Stronghold	205762	H	
h039	1747989305	units	Stronghold	205788	H	
h039	1747989305	units	Stronghold	205810	H	
h039	1747989305	units	Stronghold	205877	H	
h039	1747989305	units	Stronghold	205903	H	
h039	1747989305	units	Stronghold	205925	H	
h039	1747989305	units	Stronghold	206002	H	
h039	1747989305	units	Stronghold	206028	H	
h039	1747989305	units	Stronghold	206050	H	
h03A	1747989313	units	Defender	206127	H	
h03A	1747989313	units	Defender	206153	H	
h03A	1747989313	units	Defender	206175	H	
h03A	1747989313	units	Defender	206240	H	
h03A	1747989313	units	Defender	206266	H	
h03A	1747989313	units	Defender	206288	H	
h03A	1747989313	units	Defender	206353	H	
h03A	1747989313	units	Defender	206379	H	
h03A	1747989313	units	Defender	206401	H	
h03A	1747989313	units	Defender	206478	H	
h03A	1747989313	units	Defender	206504	H	
h03A	1747989313	units	Defender	206526	H	
h03A	1747989313	units	Defender	206591	H	
h03A	1747989313	units	Defender	206617	H	
h03A	1747989313	units	Defender	206639	H	
h03B	1747989314	units	Crusader	206706	H	
h03B	1747989314	units	Crusader	206732	H	
h03B	1747989314	units	Crusader	206754	H	
h03B	1747989314	units	Crusader	206819	H	
h03B	1747989314	units	Crusader	206845	H	
h03B	1747989314	units	Crusader	206867	H	
h03B	1747989314	units	Crusader	206932	H	
h03B	1747989314	units	Crusader	206958	H	
h03B	1747989314	units	Crusader	206980	H	
h03B	1747989314	units	Crusader	207057	H	
h03B	1747989314	units	Crusader	207083	H	
h03B	1747989314	units	Crusader	207105	H	
h03B	1747989314	units	Crusader	207182	H	
h03B	1747989314	units	Crusader	207208	H	
h03B	1747989314	units	Crusader	207230	H	
h03B	1747989314	units	Crusader	207295	H	
h03B	1747989314	units	Crusader	207321	H	
h03B	1747989314	units	Crusader	207343	H	
h03C	1747989315	units	Paladin	207410	H	
h03C	1747989315	units	Paladin	207436	H	
h03C	1747989315	units	Paladin	207458	H	
h03C	1747989315	units	Paladin	207523	H	
h03C	1747989315	units	Paladin	207549	H	
h03C	1747989315	units	Paladin	207571	H	
h03C	1747989315	units	Paladin	207636	H	
h03C	1747989315	units	Paladin	207662	H	
h03C	1747989315	units	Paladin	207684	H	
h03C	1747989315	units	Paladin	207761	H	
h03C	1747989315	units	Paladin	207787	H	
h03C	1747989315	units	Paladin	207809	H	
h03C	1747989315	units	Paladin	207886	H	
h03C	1747989315	units	Paladin	207912	H	
h03C	1747989315	units	Paladin	207934	H	
h03C	1747989315	units	Paladin	207999	H	
h03C	1747989315	units	Paladin	208025	H	
h03C	1747989315	units	Paladin	208047	H	
h05C	1747989827	units	Marksman	208114	H	
h05C	1747989827	units	Marksman	208140	H	
h05C	1747989827	units	Marksman	208162	H	
h05C	1747989827	units	Marksman	208227	H	
h05C	1747989827	units	Marksman	208253	H	
h05C	1747989827	units	Marksman	208275	H	
h05C	1747989827	units	Marksman	208340	H	
h05C	1747989827	units	Marksman	208366	H	
h05C	1747989827	units	Marksman	208388	H	
h05C	1747989827	units	Marksman	208465	H	
h05C	1747989827	units	Marksman	208491	H	
h05C	1747989827	units	Marksman	208513	H	
h05C	1747989827	units	Marksman	208590	H	
h05C	1747989827	units	Marksman	208616	H	
h05C	1747989827	units	Marksman	208638	H	
h05C	1747989827	units	Marksman	208703	H	
h05C	1747989827	units	Marksman	208729	H	
h05C	1747989827	units	Marksman	208751	H	
h05D	1747989828	units	Gunner's Hall	208818	H	
h05D	1747989828	units	Gunner's Hall	208844	H	
h05D	1747989828	units	Gunner's Hall	208866	H	
h05D	1747989828	units	Gunner's Hall	208933	H	
h05D	1747989828	units	Gunner's Hall	208959	H	
h05D	1747989828	units	Gunner's Hall	208981	H	
h05D	1747989828	units	Gunner's Hall	209058	H	
h05D	1747989828	units	Gunner's Hall	209084	H	
h05D	1747989828	units	Gunner's Hall	209106	H	
h05G	1747989831	units	Heroic Shrine	209183	H	
h05G	1747989831	units	Heroic Shrine	209209	H	
h05G	1747989831	units	Heroic Shrine	209231	H	
h05G	1747989831	units	Heroic Shrine	209298	H	
h05G	1747989831	units	Heroic Shrine	209324	H	
h05G	1747989831	units	Heroic Shrine	209346	H	
h05G	1747989831	units	Heroic Shrine	209426	H	
h05G	1747989831	units	Heroic Shrine	209452	H	
h05G	1747989831	units	Heroic Shrine	209474	H	
h05G	1747989831	units	Heroic Shrine	209551	H	
h05G	1747989831	units	Heroic Shrine	209577	H	
h05G	1747989831	units	Heroic Shrine	209599	H	
h072	1747990322	units	Holy Altar	209664	H	
h072	1747990322	units	Holy Altar	209690	H	
h072	1747990322	units	Holy Altar	209712	H	
h072	1747990322	units	Holy Altar	209779	H	
h072	1747990322	units	Holy Altar	209805	H	
h072	1747990322	units	Holy Altar	209827	H	
h072	1747990322	units	Holy Altar	209906	H	
h072	1747990322	units	Holy Altar	209932	H	
h072	1747990322	units	Holy Altar	209954	H	
h072	1747990322	units	Holy Altar	210031	H	
h072	1747990322	units	Holy Altar	210057	H	
h072	1747990322	units	Holy Altar	210079	H	
h074	1747990324	units	Holy Warrior	210144	H	
h074	1747990324	units	Holy Warrior	210170	H	
h074	1747990324	units	Holy Warrior	210192	H	
h074	1747990324	units	Holy Warrior	210257	H	
h074	1747990324	units	Holy Warrior	210283	H	
h074	1747990324	units	Holy Warrior	210305	H	
h074	1747990324	units	Holy Warrior	210370	H	
h074	1747990324	units	Holy Warrior	210396	H	
h074	1747990324	units	Holy Warrior	210418	H	
h074	1747990324	units	Holy Warrior	210495	H	
h074	1747990324	units	Holy Warrior	210521	H	
h074	1747990324	units	Holy Warrior	210543	H	
h074	1747990324	units	Holy Warrior	210620	H	
h074	1747990324	units	Holy Warrior	210646	H	
h074	1747990324	units	Holy Warrior	210668	H	
h074	1747990324	units	Holy Warrior	210733	H	
h074	1747990324	units	Holy Warrior	210759	H	
h074	1747990324	units	Holy Warrior	210781	H	
h0A1	1747992881	units	Marksmen's Encampment	210848	H	
h0A1	1747992881	units	Marksmen's Encampment	210874	H	
h0A1	1747992881	units	Marksmen's Encampment	210896	H	
h0A1	1747992881	units	Marksmen's Encampment	210963	H	
h0A1	1747992881	units	Marksmen's Encampment	210989	H	
h0A1	1747992881	units	Marksmen's Encampment	211011	H	
h0A1	1747992881	units	Marksmen's Encampment	211088	H	
h0A1	1747992881	units	Marksmen's Encampment	211114	H	
h0A1	1747992881	units	Marksmen's Encampment	211136	H	
h0A2	1747992882	units	Heavy Gunner	211213	H	
h0A2	1747992882	units	Heavy Gunner	211239	H	
h0A2	1747992882	units	Heavy Gunner	211261	H	
h0A2	1747992882	units	Heavy Gunner	211326	H	
h0A2	1747992882	units	Heavy Gunner	211352	H	
h0A2	1747992882	units	Heavy Gunner	211374	H	
h0A2	1747992882	units	Heavy Gunner	211439	H	
h0A2	1747992882	units	Heavy Gunner	211465	H	
h0A2	1747992882	units	Heavy Gunner	211487	H	
h0A2	1747992882	units	Heavy Gunner	211564	H	
h0A2	1747992882	units	Heavy Gunner	211590	H	
h0A2	1747992882	units	Heavy Gunner	211612	H	
h0A2	1747992882	units	Heavy Gunner	211689	H	
h0A2	1747992882	units	Heavy Gunner	211715	H	
h0A2	1747992882	units	Heavy Gunner	211737	H	
n005	1848651829	units	Warlock	211802	H	
n005	1848651829	units	Warlock	211828	H	
n005	1848651829	units	Warlock	211850	H	
n005	1848651829	units	Warlock	211915	H	
n005	1848651829	units	Warlock	211941	H	
n005	1848651829	units	Warlock	211963	H	
n005	1848651829	units	Warlock	212028	H	
n005	1848651829	units	Warlock	212054	H	
n005	1848651829	units	Warlock	212076	H	
n005	1848651829	units	Warlock	212153	H	
n005	1848651829	units	Warlock	212179	H	
n005	1848651829	units	Warlock	212201	H	
n005	1848651829	units	Warlock	212266	H	
n005	1848651829	units	Warlock	212292	H	
n005	1848651829	units	Warlock	212314	H	
X00C	1479553091	units	Human Builder	212381	H	
X00C	1479553091	units	Human Builder	212407	H	
X00C	1479553091	units	Human Builder	212429	H	
X00C	1479553091	units	Human Builder	212494	H	
X00C	1479553091	units	Human Builder	212520	H	
X00C	1479553091	units	Human Builder	212542	H	
X00C	1479553091	units	Human Builder	212607	H	
X00C	1479553091	units	Human Builder	212633	H	
X00C	1479553091	units	Human Builder	212655	H	
h07U	1747990357	units	Vessel of Purity	212722	H	
h07U	1747990357	units	Vessel of Purity	212748	H	
h07U	1747990357	units	Vessel of Purity	212770	H	
h07U	1747990357	units	Vessel of Purity	212837	H	
h07U	1747990357	units	Vessel of Purity	212863	H	
h07U	1747990357	units	Vessel of Purity	212885	H	
h07U	1747990357	units	Vessel of Purity	212964	H	
h07U	1747990357	units	Vessel of Purity	212990	H	
h07U	1747990357	units	Vessel of Purity	213012	H	
h05J	1747989834	units	Aircraft Factory	213089	H	
h05J	1747989834	units	Aircraft Factory	213115	H	
h05J	1747989834	units	Aircraft Factory	213137	H	
h05J	1747989834	units	Aircraft Factory	213204	H	
h05J	1747989834	units	Aircraft Factory	213230	H	
h05J	1747989834	units	Aircraft Factory	213252	H	
h05L	1747989836	units	Energy Tower	213329	H	
h05L	1747989836	units	Energy Tower	213355	H	
h05L	1747989836	units	Energy Tower	213377	H	
h05L	1747989836	units	Energy Tower	213442	H	
h05L	1747989836	units	Energy Tower	213468	H	
h05L	1747989836	units	Energy Tower	213490	H	
h05L	1747989836	units	Energy Tower	213557	H	
h05L	1747989836	units	Energy Tower	213583	H	
h05L	1747989836	units	Energy Tower	213605	H	
h05L	1747989836	units	Energy Tower	213684	H	
h05L	1747989836	units	Energy Tower	213710	H	
h05L	1747989836	units	Energy Tower	213732	H	
h05M	1747989837	units	Demolition Lab	213809	H	
h05M	1747989837	units	Demolition Lab	213835	H	
h05M	1747989837	units	Demolition Lab	213857	H	
h05M	1747989837	units	Demolition Lab	213924	H	
h05M	1747989837	units	Demolition Lab	213950	H	
h05M	1747989837	units	Demolition Lab	213972	H	
h05M	1747989837	units	Demolition Lab	214049	H	
h05M	1747989837	units	Demolition Lab	214075	H	
h05M	1747989837	units	Demolition Lab	214097	H	
h05R	1747989842	units	Red Shield Generator	214174	H	
h05R	1747989842	units	Red Shield Generator	214200	H	
h05R	1747989842	units	Red Shield Generator	214222	H	
h05R	1747989842	units	Red Shield Generator	214301	H	
h05R	1747989842	units	Red Shield Generator	214327	H	
h05R	1747989842	units	Red Shield Generator	214349	H	
h05T	1747989844	units	Gun Smith	214426	H	
h05T	1747989844	units	Gun Smith	214452	H	
h05T	1747989844	units	Gun Smith	214474	H	
h05T	1747989844	units	Gun Smith	214541	H	
h05T	1747989844	units	Gun Smith	214567	H	
h05T	1747989844	units	Gun Smith	214589	H	
h05T	1747989844	units	Gun Smith	214666	H	
h05T	1747989844	units	Gun Smith	214692	H	
h05T	1747989844	units	Gun Smith	214714	H	
h05U	1747989845	units	Lumber Mill	214791	H	
h05U	1747989845	units	Lumber Mill	214817	H	
h05U	1747989845	units	Lumber Mill	214839	H	
h05U	1747989845	units	Lumber Mill	214906	H	
h05U	1747989845	units	Lumber Mill	214932	H	
h05U	1747989845	units	Lumber Mill	214954	H	
h05U	1747989845	units	Lumber Mill	215031	H	
h05U	1747989845	units	Lumber Mill	215057	H	
h05U	1747989845	units	Lumber Mill	215079	H	
h05V	1747989846	units	Golem Factory	215156	H	
h05V	1747989846	units	Golem Factory	215182	H	
h05V	1747989846	units	Golem Factory	215204	H	
h05V	1747989846	units	Golem Factory	215271	H	
h05V	1747989846	units	Golem Factory	215297	H	
h05V	1747989846	units	Golem Factory	215319	H	
h05V	1747989846	units	Golem Factory	215396	H	
h05V	1747989846	units	Golem Factory	215422	H	
h05V	1747989846	units	Golem Factory	215444	H	
h05X	1747989848	units	Tank Factory	215521	H	
h05X	1747989848	units	Tank Factory	215547	H	
h05X	1747989848	units	Tank Factory	215569	H	
h05X	1747989848	units	Tank Factory	215636	H	
h05X	1747989848	units	Tank Factory	215662	H	
h05X	1747989848	units	Tank Factory	215684	H	
h06J	1747990090	units	Blue Shield Generator	215761	H	
h06J	1747990090	units	Blue Shield Generator	215787	H	
h06J	1747990090	units	Blue Shield Generator	215809	H	
h06J	1747990090	units	Blue Shield Generator	215876	H	
h06J	1747990090	units	Blue Shield Generator	215902	H	
h06J	1747990090	units	Blue Shield Generator	215924	H	
h06J	1747990090	units	Blue Shield Generator	216003	H	
h06J	1747990090	units	Blue Shield Generator	216029	H	
h06J	1747990090	units	Blue Shield Generator	216051	H	
h06Q	1747990097	units	Roterothopter	216128	H	
h06Q	1747990097	units	Roterothopter	216154	H	
h06Q	1747990097	units	Roterothopter	216176	H	
h06Q	1747990097	units	Roterothopter	216241	H	
h06Q	1747990097	units	Roterothopter	216267	H	
h06Q	1747990097	units	Roterothopter	216289	H	
h06Q	1747990097	units	Roterothopter	216354	H	
h06Q	1747990097	units	Roterothopter	216380	H	
h06Q	1747990097	units	Roterothopter	216402	H	
h06Q	1747990097	units	Roterothopter	216479	H	
h06Q	1747990097	units	Roterothopter	216505	H	
h06Q	1747990097	units	Roterothopter	216527	H	
h06Q	1747990097	units	Roterothopter	216604	H	
h06Q	1747990097	units	Roterothopter	216630	H	
h06Q	1747990097	units	Roterothopter	216652	H	
h06R	1747990098	units	Gyrocopter	216717	H	
h06R	1747990098	units	Gyrocopter	216743	H	
h06R	1747990098	units	Gyrocopter	216765	H	
h06R	1747990098	units	Gyrocopter	216830	H	
h06R	1747990098	units	Gyrocopter	216856	H	
h06R	1747990098	units	Gyrocopter	216878	H	
h06R	1747990098	units	Gyrocopter	216943	H	
h06R	1747990098	units	Gyrocopter	216969	H	
h06R	1747990098	units	Gyrocopter	216991	H	
h06R	1747990098	units	Gyrocopter	217068	H	
h06R	1747990098	units	Gyrocopter	217094	H	
h06R	1747990098	units	Gyrocopter	217116	H	
h06R	1747990098	units	Gyrocopter	217193	H	
h06R	1747990098	units	Gyrocopter	217219	H	
h06R	1747990098	units	Gyrocopter	217241	H	
h06S	1747990099	units	Heavy Tank	217306	H	
h06S	1747990099	units	Heavy Tank	217332	H	
h06S	1747990099	units	Heavy Tank	217354	H	
h06S	1747990099	units	Heavy Tank	217419	H	
h06S	1747990099	units	Heavy Tank	217445	H	
h06S	1747990099	units	Heavy Tank	217467	H	
h06S	1747990099	units	Heavy Tank	217532	H	
h06S	1747990099	units	Heavy Tank	217558	H	
h06S	1747990099	units	Heavy Tank	217580	H	
h06S	1747990099	units	Heavy Tank	217657	H	
h06S	1747990099	units	Heavy Tank	217683	H	
h06S	1747990099	units	Heavy Tank	217705	H	
h06S	1747990099	units	Heavy Tank	217782	H	
h06S	1747990099	units	Heavy Tank	217808	H	
h06S	1747990099	units	Heavy Tank	217830	H	
h06S	1747990099	units	Heavy Tank	217895	H	
h06S	1747990099	units	Heavy Tank	217921	H	
h06S	1747990099	units	Heavy Tank	217943	H	
h06T	1747990100	units	Light Tank	218010	H	
h06T	1747990100	units	Light Tank	218036	H	
h06T	1747990100	units	Light Tank	218058	H	
h06T	1747990100	units	Light Tank	218123	H	
h06T	1747990100	units	Light Tank	218149	H	
h06T	1747990100	units	Light Tank	218171	H	
h06T	1747990100	units	Light Tank	218236	H	
h06T	1747990100	units	Light Tank	218262	H	
h06T	1747990100	units	Light Tank	218284	H	
h06T	1747990100	units	Light Tank	218361	H	
h06T	1747990100	units	Light Tank	218387	H	
h06T	1747990100	units	Light Tank	218409	H	
h06T	1747990100	units	Light Tank	218486	H	
h06T	1747990100	units	Light Tank	218512	H	
h06T	1747990100	units	Light Tank	218534	H	
h06T	1747990100	units	Light Tank	218599	H	
h06T	1747990100	units	Light Tank	218625	H	
h06T	1747990100	units	Light Tank	218647	H	
h06U	1747990101	units	Mine Layer	218714	H	
h06U	1747990101	units	Mine Layer	218740	H	
h06U	1747990101	units	Mine Layer	218762	H	
h06U	1747990101	units	Mine Layer	218827	H	
h06U	1747990101	units	Mine Layer	218853	H	
h06U	1747990101	units	Mine Layer	218875	H	
h06U	1747990101	units	Mine Layer	218940	H	
h06U	1747990101	units	Mine Layer	218966	H	
h06U	1747990101	units	Mine Layer	218988	H	
h06U	1747990101	units	Mine Layer	219065	H	
h06U	1747990101	units	Mine Layer	219091	H	
h06U	1747990101	units	Mine Layer	219113	H	
h06U	1747990101	units	Mine Layer	219190	H	
h06U	1747990101	units	Mine Layer	219216	H	
h06U	1747990101	units	Mine Layer	219238	H	
h06U	1747990101	units	Mine Layer	219303	H	
h06U	1747990101	units	Mine Layer	219329	H	
h06U	1747990101	units	Mine Layer	219351	H	
h06Z	1747990106	units	Protection Center	219418	H	
h06Z	1747990106	units	Protection Center	219444	H	
h06Z	1747990106	units	Protection Center	219466	H	
h06Z	1747990106	units	Protection Center	219533	H	
h06Z	1747990106	units	Protection Center	219559	H	
h06Z	1747990106	units	Protection Center	219581	H	
h06Z	1747990106	units	Protection Center	219660	H	
h06Z	1747990106	units	Protection Center	219686	H	
h06Z	1747990106	units	Protection Center	219708	H	
h06Z	1747990106	units	Protection Center	219785	H	
h06Z	1747990106	units	Protection Center	219811	H	
h06Z	1747990106	units	Protection Center	219833	H	
h097	1747990839	units	Precious Golem Factory	219898	H	
h097	1747990839	units	Precious Golem Factory	219924	H	
h097	1747990839	units	Precious Golem Factory	219946	H	
h097	1747990839	units	Precious Golem Factory	220013	H	
h097	1747990839	units	Precious Golem Factory	220039	H	
h097	1747990839	units	Precious Golem Factory	220061	H	
h097	1747990839	units	Precious Golem Factory	220140	H	
h097	1747990839	units	Precious Golem Factory	220166	H	
h097	1747990839	units	Precious Golem Factory	220188	H	
h097	1747990839	units	Precious Golem Factory	220265	H	
h097	1747990839	units	Precious Golem Factory	220291	H	
h097	1747990839	units	Precious Golem Factory	220313	H	
h098	1747990840	units	Rocket Tank	220378	H	
h098	1747990840	units	Rocket Tank	220404	H	
h098	1747990840	units	Rocket Tank	220426	H	
h098	1747990840	units	Rocket Tank	220491	H	
h098	1747990840	units	Rocket Tank	220517	H	
h098	1747990840	units	Rocket Tank	220539	H	
h098	1747990840	units	Rocket Tank	220604	H	
h098	1747990840	units	Rocket Tank	220630	H	
h098	1747990840	units	Rocket Tank	220652	H	
h098	1747990840	units	Rocket Tank	220729	H	
h098	1747990840	units	Rocket Tank	220755	H	
h098	1747990840	units	Rocket Tank	220777	H	
h098	1747990840	units	Rocket Tank	220854	H	
h098	1747990840	units	Rocket Tank	220880	H	
h098	1747990840	units	Rocket Tank	220902	H	
h098	1747990840	units	Rocket Tank	220967	H	
h098	1747990840	units	Rocket Tank	220993	H	
h098	1747990840	units	Rocket Tank	221015	H	
h099	1747990841	units	Assault Tank	221082	H	
h099	1747990841	units	Assault Tank	221108	H	
h099	1747990841	units	Assault Tank	221130	H	
h099	1747990841	units	Assault Tank	221195	H	
h099	1747990841	units	Assault Tank	221221	H	
h099	1747990841	units	Assault Tank	221243	H	
h099	1747990841	units	Assault Tank	221308	H	
h099	1747990841	units	Assault Tank	221334	H	
h099	1747990841	units	Assault Tank	221356	H	
h099	1747990841	units	Assault Tank	221433	H	
h099	1747990841	units	Assault Tank	221459	H	
h099	1747990841	units	Assault Tank	221481	H	
h099	1747990841	units	Assault Tank	221546	H	
h099	1747990841	units	Assault Tank	221572	H	
h099	1747990841	units	Assault Tank	221594	H	
h09B	1747990850	units	Heavy Tank Factory	221661	H	
h09B	1747990850	units	Heavy Tank Factory	221687	H	
h09B	1747990850	units	Heavy Tank Factory	221709	H	
h09B	1747990850	units	Heavy Tank Factory	221776	H	
h09B	1747990850	units	Heavy Tank Factory	221802	H	
h09B	1747990850	units	Heavy Tank Factory	221824	H	
h09B	1747990850	units	Heavy Tank Factory	221901	H	
h09B	1747990850	units	Heavy Tank Factory	221927	H	
h09B	1747990850	units	Heavy Tank Factory	221949	H	
h09H	1747990856	units	Rocket Tank Factory	222026	H	
h09H	1747990856	units	Rocket Tank Factory	222052	H	
h09H	1747990856	units	Rocket Tank Factory	222074	H	
h09H	1747990856	units	Rocket Tank Factory	222141	H	
h09H	1747990856	units	Rocket Tank Factory	222167	H	
h09H	1747990856	units	Rocket Tank Factory	222189	H	
h09H	1747990856	units	Rocket Tank Factory	222266	H	
h09H	1747990856	units	Rocket Tank Factory	222292	H	
h09H	1747990856	units	Rocket Tank Factory	222314	H	
h09I	1747990857	units	Assault Tank Factory	222391	H	
h09I	1747990857	units	Assault Tank Factory	222417	H	
h09I	1747990857	units	Assault Tank Factory	222439	H	
h09I	1747990857	units	Assault Tank Factory	222506	H	
h09I	1747990857	units	Assault Tank Factory	222532	H	
h09I	1747990857	units	Assault Tank Factory	222554	H	
h09I	1747990857	units	Assault Tank Factory	222631	H	
h09I	1747990857	units	Assault Tank Factory	222657	H	
h09I	1747990857	units	Assault Tank Factory	222679	H	
h09J	1747990858	units	Mine Layer Factory	222756	H	
h09J	1747990858	units	Mine Layer Factory	222782	H	
h09J	1747990858	units	Mine Layer Factory	222804	H	
h09J	1747990858	units	Mine Layer Factory	222871	H	
h09J	1747990858	units	Mine Layer Factory	222897	H	
h09J	1747990858	units	Mine Layer Factory	222919	H	
h09J	1747990858	units	Mine Layer Factory	222996	H	
h09J	1747990858	units	Mine Layer Factory	223022	H	
h09J	1747990858	units	Mine Layer Factory	223044	H	
h09L	1747990860	units	Bomber Factory	223121	H	
h09L	1747990860	units	Bomber Factory	223147	H	
h09L	1747990860	units	Bomber Factory	223169	H	
h09L	1747990860	units	Bomber Factory	223236	H	
h09L	1747990860	units	Bomber Factory	223262	H	
h09L	1747990860	units	Bomber Factory	223284	H	
h09L	1747990860	units	Bomber Factory	223361	H	
h09L	1747990860	units	Bomber Factory	223387	H	
h09L	1747990860	units	Bomber Factory	223409	H	
h09M	1747990861	units	MineDummy	223486	H	
h09M	1747990861	units	MineDummy	223512	H	
h09M	1747990861	units	MineDummy	223534	H	
h09M	1747990861	units	MineDummy	223599	H	
h09M	1747990861	units	MineDummy	223625	H	
h09M	1747990861	units	MineDummy	223647	H	
h09M	1747990861	units	MineDummy	223724	H	
h09M	1747990861	units	MineDummy	223750	H	
h09M	1747990861	units	MineDummy	223772	H	
h09P	1747990864	units	Arsenal	223837	H	
h09P	1747990864	units	Arsenal	223863	H	
h09P	1747990864	units	Arsenal	223885	H	
h09P	1747990864	units	Arsenal	223962	H	
h09P	1747990864	units	Arsenal	223988	H	
h09P	1747990864	units	Arsenal	224010	H	
h09Q	1747990865	units	GrenadeDummy	224087	H	
h09Q	1747990865	units	GrenadeDummy	224113	H	
h09Q	1747990865	units	GrenadeDummy	224135	H	
h09Q	1747990865	units	GrenadeDummy	224200	H	
h09Q	1747990865	units	GrenadeDummy	224226	H	
h09Q	1747990865	units	GrenadeDummy	224248	H	
h09Q	1747990865	units	GrenadeDummy	224325	H	
h09Q	1747990865	units	GrenadeDummy	224351	H	
h09Q	1747990865	units	GrenadeDummy	224373	H	
h09T	1747990868	units	Power Plant	224438	H	
h09T	1747990868	units	Power Plant	224464	H	
h09T	1747990868	units	Power Plant	224486	H	
h09T	1747990868	units	Power Plant	224553	H	
h09T	1747990868	units	Power Plant	224579	H	
h09T	1747990868	units	Power Plant	224601	H	
h09T	1747990868	units	Power Plant	224680	H	
h09T	1747990868	units	Power Plant	224706	H	
h09T	1747990868	units	Power Plant	224728	H	
n01T	1848652116	units	Goblin Shredder	224805	H	
n01T	1848652116	units	Goblin Shredder	224831	H	
n01T	1848652116	units	Goblin Shredder	224853	H	
n01T	1848652116	units	Goblin Shredder	224918	H	
n01T	1848652116	units	Goblin Shredder	224944	H	
n01T	1848652116	units	Goblin Shredder	224966	H	
n01T	1848652116	units	Goblin Shredder	225031	H	
n01T	1848652116	units	Goblin Shredder	225057	H	
n01T	1848652116	units	Goblin Shredder	225079	H	
n01T	1848652116	units	Goblin Shredder	225156	H	
n01T	1848652116	units	Goblin Shredder	225182	H	
n01T	1848652116	units	Goblin Shredder	225204	H	
n01T	1848652116	units	Goblin Shredder	225281	H	
n01T	1848652116	units	Goblin Shredder	225307	H	
n01T	1848652116	units	Goblin Shredder	225329	H	
n01T	1848652116	units	Goblin Shredder	225394	H	
n01T	1848652116	units	Goblin Shredder	225420	H	
n01T	1848652116	units	Goblin Shredder	225442	H	
n01V	1848652118	units	Lunatic Goblin	225509	H	
n01V	1848652118	units	Lunatic Goblin	225535	H	
n01V	1848652118	units	Lunatic Goblin	225557	H	
n01V	1848652118	units	Lunatic Goblin	225622	H	
n01V	1848652118	units	Lunatic Goblin	225648	H	
n01V	1848652118	units	Lunatic Goblin	225670	H	
n01V	1848652118	units	Lunatic Goblin	225747	H	
n01V	1848652118	units	Lunatic Goblin	225773	H	
n01V	1848652118	units	Lunatic Goblin	225795	H	
n01V	1848652118	units	Lunatic Goblin	225872	H	
n01V	1848652118	units	Lunatic Goblin	225898	H	
n01V	1848652118	units	Lunatic Goblin	225920	H	
n01V	1848652118	units	Lunatic Goblin	225985	H	
n01V	1848652118	units	Lunatic Goblin	226011	H	
n01V	1848652118	units	Lunatic Goblin	226033	H	
n01X	1848652120	units	Iron Golem	226100	H	
n01X	1848652120	units	Iron Golem	226126	H	
n01X	1848652120	units	Iron Golem	226148	H	
n01X	1848652120	units	Iron Golem	226213	H	
n01X	1848652120	units	Iron Golem	226239	H	
n01X	1848652120	units	Iron Golem	226261	H	
n01X	1848652120	units	Iron Golem	226326	H	
n01X	1848652120	units	Iron Golem	226352	H	
n01X	1848652120	units	Iron Golem	226374	H	
n01X	1848652120	units	Iron Golem	226451	H	
n01X	1848652120	units	Iron Golem	226477	H	
n01X	1848652120	units	Iron Golem	226499	H	
n01X	1848652120	units	Iron Golem	226576	H	
n01X	1848652120	units	Iron Golem	226602	H	
n01X	1848652120	units	Iron Golem	226624	H	
n024	1848652340	units	Adamant Golem	226689	H	
n024	1848652340	units	Adamant Golem	226715	H	
n024	1848652340	units	Adamant Golem	226737	H	
n024	1848652340	units	Adamant Golem	226802	H	
n024	1848652340	units	Adamant Golem	226828	H	
n024	1848652340	units	Adamant Golem	226850	H	
n024	1848652340	units	Adamant Golem	226915	H	
n024	1848652340	units	Adamant Golem	226941	H	
n024	1848652340	units	Adamant Golem	226963	H	
n024	1848652340	units	Adamant Golem	227040	H	
n024	1848652340	units	Adamant Golem	227066	H	
n024	1848652340	units	Adamant Golem	227088	H	
n024	1848652340	units	Adamant Golem	227165	H	
n024	1848652340	units	Adamant Golem	227191	H	
n024	1848652340	units	Adamant Golem	227213	H	
n02J	1848652362	units	Goliath	227278	H	
n02J	1848652362	units	Goliath	227304	H	
n02J	1848652362	units	Goliath	227326	H	
n02J	1848652362	units	Goliath	227391	H	
n02J	1848652362	units	Goliath	227417	H	
n02J	1848652362	units	Goliath	227439	H	
n02J	1848652362	units	Goliath	227504	H	
n02J	1848652362	units	Goliath	227530	H	
n02J	1848652362	units	Goliath	227552	H	
n02J	1848652362	units	Goliath	227629	H	
n02J	1848652362	units	Goliath	227655	H	
n02J	1848652362	units	Goliath	227677	H	
n02J	1848652362	units	Goliath	227754	H	
n02J	1848652362	units	Goliath	227780	H	
n02J	1848652362	units	Goliath	227802	H	
n02J	1848652362	units	Goliath	227867	H	
n02J	1848652362	units	Goliath	227893	H	
n02J	1848652362	units	Goliath	227915	H	
z002	2049978418	units	Flamegunner	227982	H	
z002	2049978418	units	Flamegunner	228008	H	
z002	2049978418	units	Flamegunner	228030	H	
z002	2049978418	units	Flamegunner	228095	H	
z002	2049978418	units	Flamegunner	228121	H	
z002	2049978418	units	Flamegunner	228143	H	
z002	2049978418	units	Flamegunner	228208	H	
z002	2049978418	units	Flamegunner	228234	H	
z002	2049978418	units	Flamegunner	228256	H	
z002	2049978418	units	Flamegunner	228333	H	
z002	2049978418	units	Flamegunner	228359	H	
z002	2049978418	units	Flamegunner	228381	H	
z002	2049978418	units	Flamegunner	228458	H	
z002	2049978418	units	Flamegunner	228484	H	
z002	2049978418	units	Flamegunner	228506	H	
z003	2049978419	units	Flamegunner Sergeant	228571	H	
z003	2049978419	units	Flamegunner Sergeant	228597	H	
z003	2049978419	units	Flamegunner Sergeant	228619	H	
z003	2049978419	units	Flamegunner Sergeant	228684	H	
z003	2049978419	units	Flamegunner Sergeant	228710	H	
z003	2049978419	units	Flamegunner Sergeant	228732	H	
z003	2049978419	units	Flamegunner Sergeant	228797	H	
z003	2049978419	units	Flamegunner Sergeant	228823	H	
z003	2049978419	units	Flamegunner Sergeant	228845	H	
z003	2049978419	units	Flamegunner Sergeant	228922	H	
z003	2049978419	units	Flamegunner Sergeant	228948	H	
z003	2049978419	units	Flamegunner Sergeant	228970	H	
z003	2049978419	units	Flamegunner Sergeant	229047	H	
z003	2049978419	units	Flamegunner Sergeant	229073	H	
z003	2049978419	units	Flamegunner Sergeant	229095	H	
n02M	1848652365	units	Goblin Rocketeer	229160	H	
n02M	1848652365	units	Goblin Rocketeer	229186	H	
n02M	1848652365	units	Goblin Rocketeer	229208	H	
n02M	1848652365	units	Goblin Rocketeer	229273	H	
n02M	1848652365	units	Goblin Rocketeer	229299	H	
n02M	1848652365	units	Goblin Rocketeer	229321	H	
n02M	1848652365	units	Goblin Rocketeer	229386	H	
n02M	1848652365	units	Goblin Rocketeer	229412	H	
n02M	1848652365	units	Goblin Rocketeer	229434	H	
n02M	1848652365	units	Goblin Rocketeer	229511	H	
n02M	1848652365	units	Goblin Rocketeer	229537	H	
n02M	1848652365	units	Goblin Rocketeer	229559	H	
n02M	1848652365	units	Goblin Rocketeer	229636	H	
n02M	1848652365	units	Goblin Rocketeer	229662	H	
n02M	1848652365	units	Goblin Rocketeer	229684	H	
n02M	1848652365	units	Goblin Rocketeer	229749	H	
n02M	1848652365	units	Goblin Rocketeer	229775	H	
n02M	1848652365	units	Goblin Rocketeer	229797	H	
h077	1747990327	units	Rocket Lab	229864	H	
h077	1747990327	units	Rocket Lab	229890	H	
h077	1747990327	units	Rocket Lab	229912	H	
h077	1747990327	units	Rocket Lab	229989	H	
h077	1747990327	units	Rocket Lab	230015	H	
h077	1747990327	units	Rocket Lab	230037	H	
X06P	1479554640	units	Mechanical Builder	230114	H	
X06P	1479554640	units	Mechanical Builder	230140	H	
X06P	1479554640	units	Mechanical Builder	230162	H	
X06P	1479554640	units	Mechanical Builder	230227	H	
X06P	1479554640	units	Mechanical Builder	230253	H	
X06P	1479554640	units	Mechanical Builder	230275	H	
X06P	1479554640	units	Mechanical Builder	230340	H	
X06P	1479554640	units	Mechanical Builder	230366	H	
X06P	1479554640	units	Mechanical Builder	230388	H	
h00F	1747988550	units	Spawning Grounds	230455	H	
h00F	1747988550	units	Spawning Grounds	230481	H	
h00F	1747988550	units	Spawning Grounds	230503	H	
h00F	1747988550	units	Spawning Grounds	230570	H	
h00F	1747988550	units	Spawning Grounds	230596	H	
h00F	1747988550	units	Spawning Grounds	230618	H	
h00F	1747988550	units	Spawning Grounds	230695	H	
h00F	1747988550	units	Spawning Grounds	230721	H	
h00F	1747988550	units	Spawning Grounds	230743	H	
h00G	1747988551	units	Coral Statue	230820	H	
h00G	1747988551	units	Coral Statue	230846	H	
h00G	1747988551	units	Coral Statue	230868	H	
h00G	1747988551	units	Coral Statue	230935	H	
h00G	1747988551	units	Coral Statue	230961	H	
h00G	1747988551	units	Coral Statue	230983	H	
h00G	1747988551	units	Coral Statue	231062	H	
h00G	1747988551	units	Coral Statue	231088	H	
h00G	1747988551	units	Coral Statue	231110	H	
h00I	1747988553	units	Ancient Pyramide	231187	H	
h00I	1747988553	units	Ancient Pyramide	231213	H	
h00I	1747988553	units	Ancient Pyramide	231235	H	
h00I	1747988553	units	Ancient Pyramide	231302	H	
h00I	1747988553	units	Ancient Pyramide	231328	H	
h00I	1747988553	units	Ancient Pyramide	231350	H	
h00I	1747988553	units	Ancient Pyramide	231429	H	
h00I	1747988553	units	Ancient Pyramide	231455	H	
h00I	1747988553	units	Ancient Pyramide	231477	H	
h00J	1747988554	units	Swamp Well	231554	H	
h00J	1747988554	units	Swamp Well	231580	H	
h00J	1747988554	units	Swamp Well	231602	H	
h00J	1747988554	units	Swamp Well	231669	H	
h00J	1747988554	units	Swamp Well	231695	H	
h00J	1747988554	units	Swamp Well	231717	H	
h00M	1747988557	units	Oracle of Sirens	231794	H	
h00M	1747988557	units	Oracle of Sirens	231820	H	
h00M	1747988557	units	Oracle of Sirens	231842	H	
h00M	1747988557	units	Oracle of Sirens	231909	H	
h00M	1747988557	units	Oracle of Sirens	231935	H	
h00M	1747988557	units	Oracle of Sirens	231957	H	
h00M	1747988557	units	Oracle of Sirens	232036	H	
h00M	1747988557	units	Oracle of Sirens	232062	H	
h00M	1747988557	units	Oracle of Sirens	232084	H	
h00N	1747988558	units	Tidal Guardian	232161	H	
h00N	1747988558	units	Tidal Guardian	232187	H	
h00N	1747988558	units	Tidal Guardian	232209	H	
h00N	1747988558	units	Tidal Guardian	232274	H	
h00N	1747988558	units	Tidal Guardian	232300	H	
h00N	1747988558	units	Tidal Guardian	232322	H	
h00N	1747988558	units	Tidal Guardian	232389	H	
h00N	1747988558	units	Tidal Guardian	232415	H	
h00N	1747988558	units	Tidal Guardian	232437	H	
h00N	1747988558	units	Tidal Guardian	232517	H	
h00N	1747988558	units	Tidal Guardian	232543	H	
h00N	1747988558	units	Tidal Guardian	232565	H	
h00N	1747988558	units	Tidal Guardian	232642	H	
h00N	1747988558	units	Tidal Guardian	232668	H	
h00N	1747988558	units	Tidal Guardian	232690	H	
h01B	1747988802	units	Reptile Pool	232755	H	
h01B	1747988802	units	Reptile Pool	232781	H	
h01B	1747988802	units	Reptile Pool	232803	H	
h01B	1747988802	units	Reptile Pool	232870	H	
h01B	1747988802	units	Reptile Pool	232896	H	
h01B	1747988802	units	Reptile Pool	232918	H	
h01B	1747988802	units	Reptile Pool	232995	H	
h01B	1747988802	units	Reptile Pool	233021	H	
h01B	1747988802	units	Reptile Pool	233043	H	
h01Y	1747988825	units	Temple of Snakes	233120	H	
h01Y	1747988825	units	Temple of Snakes	233146	H	
h01Y	1747988825	units	Temple of Snakes	233168	H	
h01Y	1747988825	units	Temple of Snakes	233235	H	
h01Y	1747988825	units	Temple of Snakes	233261	H	
h01Y	1747988825	units	Temple of Snakes	233283	H	
h01Y	1747988825	units	Temple of Snakes	233360	H	
h01Y	1747988825	units	Temple of Snakes	233386	H	
h01Y	1747988825	units	Temple of Snakes	233408	H	
h01Z	1747988826	units	Naga Spring	233485	H	
h01Z	1747988826	units	Naga Spring	233511	H	
h01Z	1747988826	units	Naga Spring	233533	H	
h01Z	1747988826	units	Naga Spring	233600	H	
h01Z	1747988826	units	Naga Spring	233626	H	
h01Z	1747988826	units	Naga Spring	233648	H	
h01Z	1747988826	units	Naga Spring	233725	H	
h01Z	1747988826	units	Naga Spring	233751	H	
h01Z	1747988826	units	Naga Spring	233773	H	
h020	1747989040	units	Murloc Camp	233850	H	
h020	1747989040	units	Murloc Camp	233876	H	
h020	1747989040	units	Murloc Camp	233898	H	
h020	1747989040	units	Murloc Camp	233965	H	
h020	1747989040	units	Murloc Camp	233991	H	
h020	1747989040	units	Murloc Camp	234013	H	
h020	1747989040	units	Murloc Camp	234090	H	
h020	1747989040	units	Murloc Camp	234116	H	
h020	1747989040	units	Murloc Camp	234138	H	
h021	1747989041	units	Murloc Village	234215	H	
h021	1747989041	units	Murloc Village	234241	H	
h021	1747989041	units	Murloc Village	234263	H	
h021	1747989041	units	Murloc Village	234330	H	
h021	1747989041	units	Murloc Village	234356	H	
h021	1747989041	units	Murloc Village	234378	H	
h021	1747989041	units	Murloc Village	234455	H	
h021	1747989041	units	Murloc Village	234481	H	
h021	1747989041	units	Murloc Village	234503	H	
h022	1747989042	units	Murloc Fortress	234580	H	
h022	1747989042	units	Murloc Fortress	234606	H	
h022	1747989042	units	Murloc Fortress	234628	H	
h022	1747989042	units	Murloc Fortress	234695	H	
h022	1747989042	units	Murloc Fortress	234721	H	
h022	1747989042	units	Murloc Fortress	234743	H	
h022	1747989042	units	Murloc Fortress	234820	H	
h022	1747989042	units	Murloc Fortress	234846	H	
h022	1747989042	units	Murloc Fortress	234868	H	
h032	1747989298	units	Royal Spawning Grounds	234945	H	
h032	1747989298	units	Royal Spawning Grounds	234971	H	
h032	1747989298	units	Royal Spawning Grounds	234993	H	
h032	1747989298	units	Royal Spawning Grounds	235060	H	
h032	1747989298	units	Royal Spawning Grounds	235086	H	
h032	1747989298	units	Royal Spawning Grounds	235108	H	
h032	1747989298	units	Royal Spawning Grounds	235185	H	
h032	1747989298	units	Royal Spawning Grounds	235211	H	
h032	1747989298	units	Royal Spawning Grounds	235233	H	
h05F	1747989830	units	Lernaean Fountain	235310	H	
h05F	1747989830	units	Lernaean Fountain	235336	H	
h05F	1747989830	units	Lernaean Fountain	235358	H	
h05F	1747989830	units	Lernaean Fountain	235425	H	
h05F	1747989830	units	Lernaean Fountain	235451	H	
h05F	1747989830	units	Lernaean Fountain	235473	H	
h05F	1747989830	units	Lernaean Fountain	235553	H	
h05F	1747989830	units	Lernaean Fountain	235579	H	
h05F	1747989830	units	Lernaean Fountain	235601	H	
h05F	1747989830	units	Lernaean Fountain	235678	H	
h05F	1747989830	units	Lernaean Fountain	235704	H	
h05F	1747989830	units	Lernaean Fountain	235726	H	
n002	1848651826	units	Naga Guardian	235791	H	
n002	1848651826	units	Naga Guardian	235817	H	
n002	1848651826	units	Naga Guardian	235839	H	
n002	1848651826	units	Naga Guardian	235904	H	
n002	1848651826	units	Naga Guardian	235930	H	
n002	1848651826	units	Naga Guardian	235952	H	
n002	1848651826	units	Naga Guardian	236019	H	
n002	1848651826	units	Naga Guardian	236045	H	
n002	1848651826	units	Naga Guardian	236067	H	
n002	1848651826	units	Naga Guardian	236146	H	
n002	1848651826	units	Naga Guardian	236172	H	
n002	1848651826	units	Naga Guardian	236194	H	
n002	1848651826	units	Naga Guardian	236273	H	
n002	1848651826	units	Naga Guardian	236299	H	
n002	1848651826	units	Naga Guardian	236321	H	
n002	1848651826	units	Naga Guardian	236388	H	
n002	1848651826	units	Naga Guardian	236414	H	
n002	1848651826	units	Naga Guardian	236436	H	
n004	1848651828	units	Suumpmolk	236505	H	
n004	1848651828	units	Suumpmolk	236531	H	
n004	1848651828	units	Suumpmolk	236553	H	
n004	1848651828	units	Suumpmolk	236620	H	
n004	1848651828	units	Suumpmolk	236646	H	
n004	1848651828	units	Suumpmolk	236668	H	
n004	1848651828	units	Suumpmolk	236735	H	
n004	1848651828	units	Suumpmolk	236761	H	
n004	1848651828	units	Suumpmolk	236783	H	
n004	1848651828	units	Suumpmolk	236862	H	
n004	1848651828	units	Suumpmolk	236888	H	
n004	1848651828	units	Suumpmolk	236910	H	
n004	1848651828	units	Suumpmolk	236989	H	
n004	1848651828	units	Suumpmolk	237015	H	
n004	1848651828	units	Suumpmolk	237037	H	
n004	1848651828	units	Suumpmolk	237104	H	
n004	1848651828	units	Suumpmolk	237130	H	
n004	1848651828	units	Suumpmolk	237152	H	
n007	1848651831	units	Dragon Turtle	237221	H	
n007	1848651831	units	Dragon Turtle	237247	H	
n007	1848651831	units	Dragon Turtle	237269	H	
n007	1848651831	units	Dragon Turtle	237336	H	
n007	1848651831	units	Dragon Turtle	237362	H	
n007	1848651831	units	Dragon Turtle	237384	H	
n007	1848651831	units	Dragon Turtle	237451	H	
n007	1848651831	units	Dragon Turtle	237477	H	
n007	1848651831	units	Dragon Turtle	237499	H	
n007	1848651831	units	Dragon Turtle	237578	H	
n007	1848651831	units	Dragon Turtle	237604	H	
n007	1848651831	units	Dragon Turtle	237626	H	
n007	1848651831	units	Dragon Turtle	237705	H	
n007	1848651831	units	Dragon Turtle	237731	H	
n007	1848651831	units	Dragon Turtle	237753	H	
n00H	1848651848	units	Winged Serpent	237820	H	
n00H	1848651848	units	Winged Serpent	237846	H	
n00H	1848651848	units	Winged Serpent	237868	H	
n00H	1848651848	units	Winged Serpent	237935	H	
n00H	1848651848	units	Winged Serpent	237961	H	
n00H	1848651848	units	Winged Serpent	237983	H	
n00H	1848651848	units	Winged Serpent	238050	H	
n00H	1848651848	units	Winged Serpent	238076	H	
n00H	1848651848	units	Winged Serpent	238098	H	
n00H	1848651848	units	Winged Serpent	238177	H	
n00H	1848651848	units	Winged Serpent	238203	H	
n00H	1848651848	units	Winged Serpent	238225	H	
n00H	1848651848	units	Winged Serpent	238304	H	
n00H	1848651848	units	Winged Serpent	238330	H	
n00H	1848651848	units	Winged Serpent	238352	H	
n00I	1848651849	units	Murloc Warrior	238419	H	
n00I	1848651849	units	Murloc Warrior	238445	H	
n00I	1848651849	units	Murloc Warrior	238467	H	
n00I	1848651849	units	Murloc Warrior	238534	H	
n00I	1848651849	units	Murloc Warrior	238560	H	
n00I	1848651849	units	Murloc Warrior	238582	H	
n00I	1848651849	units	Murloc Warrior	238649	H	
n00I	1848651849	units	Murloc Warrior	238675	H	
n00I	1848651849	units	Murloc Warrior	238697	H	
n00I	1848651849	units	Murloc Warrior	238776	H	
n00I	1848651849	units	Murloc Warrior	238802	H	
n00I	1848651849	units	Murloc Warrior	238824	H	
n00I	1848651849	units	Murloc Warrior	238891	H	
n00I	1848651849	units	Murloc Warrior	238917	H	
n00I	1848651849	units	Murloc Warrior	238939	H	
n00J	1848651850	units	Murloc Champion	239008	H	
n00J	1848651850	units	Murloc Champion	239034	H	
n00J	1848651850	units	Murloc Champion	239056	H	
n00J	1848651850	units	Murloc Champion	239123	H	
n00J	1848651850	units	Murloc Champion	239149	H	
n00J	1848651850	units	Murloc Champion	239171	H	
n00J	1848651850	units	Murloc Champion	239238	H	
n00J	1848651850	units	Murloc Champion	239264	H	
n00J	1848651850	units	Murloc Champion	239286	H	
n00J	1848651850	units	Murloc Champion	239365	H	
n00J	1848651850	units	Murloc Champion	239391	H	
n00J	1848651850	units	Murloc Champion	239413	H	
n00J	1848651850	units	Murloc Champion	239480	H	
n00J	1848651850	units	Murloc Champion	239506	H	
n00J	1848651850	units	Murloc Champion	239528	H	
n00K	1848651851	units	Murloc Assassin	239597	H	
n00K	1848651851	units	Murloc Assassin	239623	H	
n00K	1848651851	units	Murloc Assassin	239645	H	
n00K	1848651851	units	Murloc Assassin	239712	H	
n00K	1848651851	units	Murloc Assassin	239738	H	
n00K	1848651851	units	Murloc Assassin	239760	H	
n00K	1848651851	units	Murloc Assassin	239827	H	
n00K	1848651851	units	Murloc Assassin	239853	H	
n00K	1848651851	units	Murloc Assassin	239875	H	
n00K	1848651851	units	Murloc Assassin	239954	H	
n00K	1848651851	units	Murloc Assassin	239980	H	
n00K	1848651851	units	Murloc Assassin	240002	H	
n00K	1848651851	units	Murloc Assassin	240069	H	
n00K	1848651851	units	Murloc Assassin	240095	H	
n00K	1848651851	units	Murloc Assassin	240117	H	
n00S	1848651859	units	Naga Siren	240186	H	
n00S	1848651859	units	Naga Siren	240212	H	
n00S	1848651859	units	Naga Siren	240234	H	
n00S	1848651859	units	Naga Siren	240301	H	
n00S	1848651859	units	Naga Siren	240327	H	
n00S	1848651859	units	Naga Siren	240349	H	
n00S	1848651859	units	Naga Siren	240416	H	
n00S	1848651859	units	Naga Siren	240442	H	
n00S	1848651859	units	Naga Siren	240464	H	
n00S	1848651859	units	Naga Siren	240543	H	
n00S	1848651859	units	Naga Siren	240569	H	
n00S	1848651859	units	Naga Siren	240591	H	
n00S	1848651859	units	Naga Siren	240670	H	
n00S	1848651859	units	Naga Siren	240696	H	
n00S	1848651859	units	Naga Siren	240718	H	
n00S	1848651859	units	Naga Siren	240785	H	
n00S	1848651859	units	Naga Siren	240811	H	
n00S	1848651859	units	Naga Siren	240833	H	
n00X	1848651864	units	Naga Royal Guard	240902	H	
n00X	1848651864	units	Naga Royal Guard	240928	H	
n00X	1848651864	units	Naga Royal Guard	240950	H	
n00X	1848651864	units	Naga Royal Guard	241017	H	
n00X	1848651864	units	Naga Royal Guard	241043	H	
n00X	1848651864	units	Naga Royal Guard	241065	H	
n00X	1848651864	units	Naga Royal Guard	241132	H	
n00X	1848651864	units	Naga Royal Guard	241158	H	
n00X	1848651864	units	Naga Royal Guard	241180	H	
n00X	1848651864	units	Naga Royal Guard	241259	H	
n00X	1848651864	units	Naga Royal Guard	241285	H	
n00X	1848651864	units	Naga Royal Guard	241307	H	
n00X	1848651864	units	Naga Royal Guard	241386	H	
n00X	1848651864	units	Naga Royal Guard	241412	H	
n00X	1848651864	units	Naga Royal Guard	241434	H	
n00X	1848651864	units	Naga Royal Guard	241501	H	
n00X	1848651864	units	Naga Royal Guard	241527	H	
n00X	1848651864	units	Naga Royal Guard	241549	H	
n01P	1848652112	units	Ancient Hydra	241618	H	
n01P	1848652112	units	Ancient Hydra	241644	H	
n01P	1848652112	units	Ancient Hydra	241666	H	
n01P	1848652112	units	Ancient Hydra	241733	H	
n01P	1848652112	units	Ancient Hydra	241759	H	
n01P	1848652112	units	Ancient Hydra	241781	H	
n01P	1848652112	units	Ancient Hydra	241848	H	
n01P	1848652112	units	Ancient Hydra	241874	H	
n01P	1848652112	units	Ancient Hydra	241896	H	
n01P	1848652112	units	Ancient Hydra	241975	H	
n01P	1848652112	units	Ancient Hydra	242001	H	
n01P	1848652112	units	Ancient Hydra	242023	H	
n01P	1848652112	units	Ancient Hydra	242102	H	
n01P	1848652112	units	Ancient Hydra	242128	H	
n01P	1848652112	units	Ancient Hydra	242150	H	
n01P	1848652112	units	Ancient Hydra	242217	H	
n01P	1848652112	units	Ancient Hydra	242243	H	
n01P	1848652112	units	Ancient Hydra	242265	H	
X00E	1479553093	units	Naga Builder	242334	H	
X00E	1479553093	units	Naga Builder	242360	H	
X00E	1479553093	units	Naga Builder	242382	H	
X00E	1479553093	units	Naga Builder	242449	H	
X00E	1479553093	units	Naga Builder	242475	H	
X00E	1479553093	units	Naga Builder	242497	H	
X00E	1479553093	units	Naga Builder	242564	H	
X00E	1479553093	units	Naga Builder	242590	H	
X00E	1479553093	units	Naga Builder	242612	H	
n03U	1848652629	units	Winged Riptide Serpent	242681	H	
n03U	1848652629	units	Winged Riptide Serpent	242707	H	
n03U	1848652629	units	Winged Riptide Serpent	242729	H	
n03U	1848652629	units	Winged Riptide Serpent	242796	H	
n03U	1848652629	units	Winged Riptide Serpent	242822	H	
n03U	1848652629	units	Winged Riptide Serpent	242844	H	
n03U	1848652629	units	Winged Riptide Serpent	242911	H	
n03U	1848652629	units	Winged Riptide Serpent	242937	H	
n03U	1848652629	units	Winged Riptide Serpent	242959	H	
n03U	1848652629	units	Winged Riptide Serpent	243038	H	
n03U	1848652629	units	Winged Riptide Serpent	243064	H	
n03U	1848652629	units	Winged Riptide Serpent	243086	H	
n03U	1848652629	units	Winged Riptide Serpent	243165	H	
n03U	1848652629	units	Winged Riptide Serpent	243191	H	
n03U	1848652629	units	Winged Riptide Serpent	243213	H	
h080	1747990576	units	Temple of Riptide	243280	H	
h080	1747990576	units	Temple of Riptide	243306	H	
h080	1747990576	units	Temple of Riptide	243328	H	
h080	1747990576	units	Temple of Riptide	243397	H	
h080	1747990576	units	Temple of Riptide	243423	H	
h080	1747990576	units	Temple of Riptide	243445	H	
h080	1747990576	units	Temple of Riptide	243524	H	
h080	1747990576	units	Temple of Riptide	243550	H	
h080	1747990576	units	Temple of Riptide	243572	H	
e006	1697656886	units	Dryad	243651	H	
e006	1697656886	units	Dryad	243677	H	
e006	1697656886	units	Dryad	243699	H	
e006	1697656886	units	Dryad	243766	H	
e006	1697656886	units	Dryad	243792	H	
e006	1697656886	units	Dryad	243814	H	
e006	1697656886	units	Dryad	243881	H	
e006	1697656886	units	Dryad	243907	H	
e006	1697656886	units	Dryad	243929	H	
e006	1697656886	units	Dryad	244008	H	
e006	1697656886	units	Dryad	244034	H	
e006	1697656886	units	Dryad	244056	H	
e006	1697656886	units	Dryad	244135	H	
e006	1697656886	units	Dryad	244161	H	
e006	1697656886	units	Dryad	244183	H	
e006	1697656886	units	Dryad	244250	H	
e006	1697656886	units	Dryad	244276	H	
e006	1697656886	units	Dryad	244298	H	
e009	1697656889	units	Keeper of the Grove	244367	H	
e009	1697656889	units	Keeper of the Grove	244393	H	
e009	1697656889	units	Keeper of the Grove	244415	H	
e009	1697656889	units	Keeper of the Grove	244482	H	
e009	1697656889	units	Keeper of the Grove	244508	H	
e009	1697656889	units	Keeper of the Grove	244530	H	
e009	1697656889	units	Keeper of the Grove	244597	H	
e009	1697656889	units	Keeper of the Grove	244623	H	
e009	1697656889	units	Keeper of the Grove	244645	H	
e009	1697656889	units	Keeper of the Grove	244724	H	
e009	1697656889	units	Keeper of the Grove	244750	H	
e009	1697656889	units	Keeper of the Grove	244772	H	
e009	1697656889	units	Keeper of the Grove	244851	H	
e009	1697656889	units	Keeper of the Grove	244877	H	
e009	1697656889	units	Keeper of the Grove	244899	H	
e009	1697656889	units	Keeper of the Grove	244966	H	
e009	1697656889	units	Keeper of the Grove	244992	H	
e009	1697656889	units	Keeper of the Grove	245014	H	
e00C	1697656899	units	Ancient Keeper	245083	H	
e00C	1697656899	units	Ancient Keeper	245109	H	
e00C	1697656899	units	Ancient Keeper	245131	H	
e00C	1697656899	units	Ancient Keeper	245198	H	
e00C	1697656899	units	Ancient Keeper	245224	H	
e00C	1697656899	units	Ancient Keeper	245246	H	
e00C	1697656899	units	Ancient Keeper	245313	H	
e00C	1697656899	units	Ancient Keeper	245339	H	
e00C	1697656899	units	Ancient Keeper	245361	H	
e00C	1697656899	units	Ancient Keeper	245440	H	
e00C	1697656899	units	Ancient Keeper	245466	H	
e00C	1697656899	units	Ancient Keeper	245488	H	
e00C	1697656899	units	Ancient Keeper	245567	H	
e00C	1697656899	units	Ancient Keeper	245593	H	
e00C	1697656899	units	Ancient Keeper	245615	H	
e00C	1697656899	units	Ancient Keeper	245682	H	
e00C	1697656899	units	Ancient Keeper	245708	H	
e00C	1697656899	units	Ancient Keeper	245730	H	
e00D	1697656900	units	Treant	245799	H	
e00D	1697656900	units	Treant	245825	H	
e00D	1697656900	units	Treant	245847	H	
e00D	1697656900	units	Treant	245914	H	
e00D	1697656900	units	Treant	245940	H	
e00D	1697656900	units	Treant	245962	H	
e00D	1697656900	units	Treant	246041	H	
e00D	1697656900	units	Treant	246067	H	
e00D	1697656900	units	Treant	246089	H	
e00F	1697656902	units	Mountain Giant	246158	H	
e00F	1697656902	units	Mountain Giant	246184	H	
e00F	1697656902	units	Mountain Giant	246206	H	
e00F	1697656902	units	Mountain Giant	246273	H	
e00F	1697656902	units	Mountain Giant	246299	H	
e00F	1697656902	units	Mountain Giant	246321	H	
e00F	1697656902	units	Mountain Giant	246388	H	
e00F	1697656902	units	Mountain Giant	246414	H	
e00F	1697656902	units	Mountain Giant	246436	H	
e00F	1697656902	units	Mountain Giant	246515	H	
e00F	1697656902	units	Mountain Giant	246541	H	
e00F	1697656902	units	Mountain Giant	246563	H	
e00F	1697656902	units	Mountain Giant	246642	H	
e00F	1697656902	units	Mountain Giant	246668	H	
e00F	1697656902	units	Mountain Giant	246690	H	
e00F	1697656902	units	Mountain Giant	246757	H	
e00F	1697656902	units	Mountain Giant	246783	H	
e00F	1697656902	units	Mountain Giant	246805	H	
e00G	1697656903	units	Visioneer	246874	H	
e00G	1697656903	units	Visioneer	246900	H	
e00G	1697656903	units	Visioneer	246922	H	
e00G	1697656903	units	Visioneer	246989	H	
e00G	1697656903	units	Visioneer	247015	H	
e00G	1697656903	units	Visioneer	247037	H	
e00G	1697656903	units	Visioneer	247104	H	
e00G	1697656903	units	Visioneer	247130	H	
e00G	1697656903	units	Visioneer	247152	H	
e00G	1697656903	units	Visioneer	247231	H	
e00G	1697656903	units	Visioneer	247257	H	
e00G	1697656903	units	Visioneer	247279	H	
e00G	1697656903	units	Visioneer	247358	H	
e00G	1697656903	units	Visioneer	247384	H	
e00G	1697656903	units	Visioneer	247406	H	
e00G	1697656903	units	Visioneer	247473	H	
e00G	1697656903	units	Visioneer	247499	H	
e00G	1697656903	units	Visioneer	247521	H	
h002	1747988530	units	Spider Egg Clutch	247590	H	
h002	1747988530	units	Spider Egg Clutch	247616	H	
h002	1747988530	units	Spider Egg Clutch	247638	H	
h002	1747988530	units	Spider Egg Clutch	247707	H	
h002	1747988530	units	Spider Egg Clutch	247733	H	
h002	1747988530	units	Spider Egg Clutch	247755	H	
h002	1747988530	units	Spider Egg Clutch	247834	H	
h002	1747988530	units	Spider Egg Clutch	247860	H	
h002	1747988530	units	Spider Egg Clutch	247882	H	
h00Q	1747988561	units	Spider Egg Nest	247961	H	
h00Q	1747988561	units	Spider Egg Nest	247987	H	
h00Q	1747988561	units	Spider Egg Nest	248009	H	
h00Q	1747988561	units	Spider Egg Nest	248078	H	
h00Q	1747988561	units	Spider Egg Nest	248104	H	
h00Q	1747988561	units	Spider Egg Nest	248126	H	
h00Q	1747988561	units	Spider Egg Nest	248205	H	
h00Q	1747988561	units	Spider Egg Nest	248231	H	
h00Q	1747988561	units	Spider Egg Nest	248253	H	
h00R	1747988562	units	Spider Egg Hatchery	248332	H	
h00R	1747988562	units	Spider Egg Hatchery	248358	H	
h00R	1747988562	units	Spider Egg Hatchery	248380	H	
h00R	1747988562	units	Spider Egg Hatchery	248449	H	
h00R	1747988562	units	Spider Egg Hatchery	248475	H	
h00R	1747988562	units	Spider Egg Hatchery	248497	H	
h00R	1747988562	units	Spider Egg Hatchery	248576	H	
h00R	1747988562	units	Spider Egg Hatchery	248602	H	
h00R	1747988562	units	Spider Egg Hatchery	248624	H	
h00Y	1747988569	units	Furbolg Hut	248703	H	
h00Y	1747988569	units	Furbolg Hut	248729	H	
h00Y	1747988569	units	Furbolg Hut	248751	H	
h00Y	1747988569	units	Furbolg Hut	248820	H	
h00Y	1747988569	units	Furbolg Hut	248846	H	
h00Y	1747988569	units	Furbolg Hut	248868	H	
h012	1747988786	units	Furbolg Abode	248947	H	
h012	1747988786	units	Furbolg Abode	248973	H	
h012	1747988786	units	Furbolg Abode	248995	H	
h012	1747988786	units	Furbolg Abode	249064	H	
h012	1747988786	units	Furbolg Abode	249090	H	
h012	1747988786	units	Furbolg Abode	249112	H	
h012	1747988786	units	Furbolg Abode	249191	H	
h012	1747988786	units	Furbolg Abode	249217	H	
h012	1747988786	units	Furbolg Abode	249239	H	
h013	1747988787	units	Ancient of Growth	249318	H	
h013	1747988787	units	Ancient of Growth	249344	H	
h013	1747988787	units	Ancient of Growth	249366	H	
h013	1747988787	units	Ancient of Growth	249435	H	
h013	1747988787	units	Ancient of Growth	249461	H	
h013	1747988787	units	Ancient of Growth	249483	H	
h013	1747988787	units	Ancient of Growth	249562	H	
h013	1747988787	units	Ancient of Growth	249588	H	
h013	1747988787	units	Ancient of Growth	249610	H	
h01H	1747988808	units	Ancient of Life	249689	H	
h01H	1747988808	units	Ancient of Life	249715	H	
h01H	1747988808	units	Ancient of Life	249737	H	
h01H	1747988808	units	Ancient of Life	249806	H	
h01H	1747988808	units	Ancient of Life	249832	H	
h01H	1747988808	units	Ancient of Life	249854	H	
h01H	1747988808	units	Ancient of Life	249933	H	
h01H	1747988808	units	Ancient of Life	249959	H	
h01H	1747988808	units	Ancient of Life	249981	H	
h01J	1747988810	units	Ancient of Eternity	250060	H	
h01J	1747988810	units	Ancient of Eternity	250086	H	
h01J	1747988810	units	Ancient of Eternity	250108	H	
h01J	1747988810	units	Ancient of Eternity	250177	H	
h01J	1747988810	units	Ancient of Eternity	250203	H	
h01J	1747988810	units	Ancient of Eternity	250225	H	
h01J	1747988810	units	Ancient of Eternity	250306	H	
h01J	1747988810	units	Ancient of Eternity	250332	H	
h01J	1747988810	units	Ancient of Eternity	250354	H	
h01J	1747988810	units	Ancient of Eternity	250433	H	
h01J	1747988810	units	Ancient of Eternity	250459	H	
h01J	1747988810	units	Ancient of Eternity	250481	H	
h023	1747989043	units	Ancient of Slumber	250548	H	
h023	1747989043	units	Ancient of Slumber	250574	H	
h023	1747989043	units	Ancient of Slumber	250596	H	
h023	1747989043	units	Ancient of Slumber	250665	H	
h023	1747989043	units	Ancient of Slumber	250691	H	
h023	1747989043	units	Ancient of Slumber	250713	H	
h023	1747989043	units	Ancient of Slumber	250792	H	
h023	1747989043	units	Ancient of Slumber	250818	H	
h023	1747989043	units	Ancient of Slumber	250840	H	
h024	1747989044	units	Ancient of Hibernation	250919	H	
h024	1747989044	units	Ancient of Hibernation	250945	H	
h024	1747989044	units	Ancient of Hibernation	250967	H	
h024	1747989044	units	Ancient of Hibernation	251036	H	
h024	1747989044	units	Ancient of Hibernation	251062	H	
h024	1747989044	units	Ancient of Hibernation	251084	H	
h024	1747989044	units	Ancient of Hibernation	251163	H	
h024	1747989044	units	Ancient of Hibernation	251189	H	
h024	1747989044	units	Ancient of Hibernation	251211	H	
h027	1747989047	units	Emerald Dragon Roost	251290	H	
h027	1747989047	units	Emerald Dragon Roost	251316	H	
h027	1747989047	units	Emerald Dragon Roost	251338	H	
h027	1747989047	units	Emerald Dragon Roost	251407	H	
h027	1747989047	units	Emerald Dragon Roost	251433	H	
h027	1747989047	units	Emerald Dragon Roost	251455	H	
h027	1747989047	units	Emerald Dragon Roost	251534	H	
h027	1747989047	units	Emerald Dragon Roost	251560	H	
h027	1747989047	units	Emerald Dragon Roost	251582	H	
h028	1747989048	units	Monolith	251661	H	
h028	1747989048	units	Monolith	251687	H	
h028	1747989048	units	Monolith	251709	H	
h028	1747989048	units	Monolith	251778	H	
h028	1747989048	units	Monolith	251804	H	
h028	1747989048	units	Monolith	251826	H	
h028	1747989048	units	Monolith	251905	H	
h028	1747989048	units	Monolith	251931	H	
h028	1747989048	units	Monolith	251953	H	
h02A	1747989057	units	Ancient of Gale	252032	H	
h02A	1747989057	units	Ancient of Gale	252058	H	
h02A	1747989057	units	Ancient of Gale	252080	H	
h02A	1747989057	units	Ancient of Gale	252149	H	
h02A	1747989057	units	Ancient of Gale	252175	H	
h02A	1747989057	units	Ancient of Gale	252197	H	
h02A	1747989057	units	Ancient of Gale	252278	H	
h02A	1747989057	units	Ancient of Gale	252304	H	
h02A	1747989057	units	Ancient of Gale	252326	H	
h02C	1747989059	units	Ancient Guardian	252405	H	
h02C	1747989059	units	Ancient Guardian	252431	H	
h02C	1747989059	units	Ancient Guardian	252453	H	
h02C	1747989059	units	Ancient Guardian	252522	H	
h02C	1747989059	units	Ancient Guardian	252548	H	
h02C	1747989059	units	Ancient Guardian	252570	H	
h02C	1747989059	units	Ancient Guardian	252651	H	
h02C	1747989059	units	Ancient Guardian	252677	H	
h02C	1747989059	units	Ancient Guardian	252699	H	
h02D	1747989060	units	Ancient of Wonders	252778	H	
h02D	1747989060	units	Ancient of Wonders	252804	H	
h02D	1747989060	units	Ancient of Wonders	252826	H	
h02D	1747989060	units	Ancient of Wonders	252895	H	
h02D	1747989060	units	Ancient of Wonders	252921	H	
h02D	1747989060	units	Ancient of Wonders	252943	H	
h02D	1747989060	units	Ancient of Wonders	253025	H	
h02D	1747989060	units	Ancient of Wonders	253051	H	
h02D	1747989060	units	Ancient of Wonders	253073	H	
h02D	1747989060	units	Ancient of Wonders	253152	H	
h02D	1747989060	units	Ancient of Wonders	253178	H	
h02D	1747989060	units	Ancient of Wonders	253200	H	
h071	1747990321	units	Enigma	253267	H	
h071	1747990321	units	Enigma	253293	H	
h071	1747990321	units	Enigma	253315	H	
h071	1747990321	units	Enigma	253384	H	
h071	1747990321	units	Enigma	253410	H	
h071	1747990321	units	Enigma	253432	H	
h071	1747990321	units	Enigma	253511	H	
h071	1747990321	units	Enigma	253537	H	
h071	1747990321	units	Enigma	253559	H	
n00U	1848651861	units	Black Spider	253638	H	
n00U	1848651861	units	Black Spider	253664	H	
n00U	1848651861	units	Black Spider	253686	H	
n00U	1848651861	units	Black Spider	253753	H	
n00U	1848651861	units	Black Spider	253779	H	
n00U	1848651861	units	Black Spider	253801	H	
n00U	1848651861	units	Black Spider	253868	H	
n00U	1848651861	units	Black Spider	253894	H	
n00U	1848651861	units	Black Spider	253916	H	
n00U	1848651861	units	Black Spider	253995	H	
n00U	1848651861	units	Black Spider	254021	H	
n00U	1848651861	units	Black Spider	254043	H	
n00U	1848651861	units	Black Spider	254110	H	
n00U	1848651861	units	Black Spider	254136	H	
n00U	1848651861	units	Black Spider	254158	H	
n01N	1848652110	units	Giant Spider	254227	H	
n01N	1848652110	units	Giant Spider	254253	H	
n01N	1848652110	units	Giant Spider	254275	H	
n01N	1848652110	units	Giant Spider	254342	H	
n01N	1848652110	units	Giant Spider	254368	H	
n01N	1848652110	units	Giant Spider	254390	H	
n01N	1848652110	units	Giant Spider	254457	H	
n01N	1848652110	units	Giant Spider	254483	H	
n01N	1848652110	units	Giant Spider	254505	H	
n01N	1848652110	units	Giant Spider	254584	H	
n01N	1848652110	units	Giant Spider	254610	H	
n01N	1848652110	units	Giant Spider	254632	H	
n01N	1848652110	units	Giant Spider	254711	H	
n01N	1848652110	units	Giant Spider	254737	H	
n01N	1848652110	units	Giant Spider	254759	H	
n01N	1848652110	units	Giant Spider	254826	H	
n01N	1848652110	units	Giant Spider	254852	H	
n01N	1848652110	units	Giant Spider	254874	H	
n01W	1848652119	units	Brood Mother	254943	H	
n01W	1848652119	units	Brood Mother	254969	H	
n01W	1848652119	units	Brood Mother	254991	H	
n01W	1848652119	units	Brood Mother	255058	H	
n01W	1848652119	units	Brood Mother	255084	H	
n01W	1848652119	units	Brood Mother	255106	H	
n01W	1848652119	units	Brood Mother	255173	H	
n01W	1848652119	units	Brood Mother	255199	H	
n01W	1848652119	units	Brood Mother	255221	H	
n01W	1848652119	units	Brood Mother	255300	H	
n01W	1848652119	units	Brood Mother	255326	H	
n01W	1848652119	units	Brood Mother	255348	H	
n01W	1848652119	units	Brood Mother	255427	H	
n01W	1848652119	units	Brood Mother	255453	H	
n01W	1848652119	units	Brood Mother	255475	H	
n01W	1848652119	units	Brood Mother	255542	H	
n01W	1848652119	units	Brood Mother	255568	H	
n01W	1848652119	units	Brood Mother	255590	H	
n026	1848652342	units	Furbolg Shaman	255659	H	
n026	1848652342	units	Furbolg Shaman	255685	H	
n026	1848652342	units	Furbolg Shaman	255707	H	
n026	1848652342	units	Furbolg Shaman	255774	H	
n026	1848652342	units	Furbolg Shaman	255800	H	
n026	1848652342	units	Furbolg Shaman	255822	H	
n026	1848652342	units	Furbolg Shaman	255889	H	
n026	1848652342	units	Furbolg Shaman	255915	H	
n026	1848652342	units	Furbolg Shaman	255937	H	
n026	1848652342	units	Furbolg Shaman	256016	H	
n026	1848652342	units	Furbolg Shaman	256042	H	
n026	1848652342	units	Furbolg Shaman	256064	H	
n026	1848652342	units	Furbolg Shaman	256143	H	
n026	1848652342	units	Furbolg Shaman	256169	H	
n026	1848652342	units	Furbolg Shaman	256191	H	
n026	1848652342	units	Furbolg Shaman	256258	H	
n026	1848652342	units	Furbolg Shaman	256284	H	
n026	1848652342	units	Furbolg Shaman	256306	H	
n028	1848652344	units	Furbolg Elder Shaman	256375	H	
n028	1848652344	units	Furbolg Elder Shaman	256401	H	
n028	1848652344	units	Furbolg Elder Shaman	256423	H	
n028	1848652344	units	Furbolg Elder Shaman	256490	H	
n028	1848652344	units	Furbolg Elder Shaman	256516	H	
n028	1848652344	units	Furbolg Elder Shaman	256538	H	
n028	1848652344	units	Furbolg Elder Shaman	256605	H	
n028	1848652344	units	Furbolg Elder Shaman	256631	H	
n028	1848652344	units	Furbolg Elder Shaman	256653	H	
n028	1848652344	units	Furbolg Elder Shaman	256732	H	
n028	1848652344	units	Furbolg Elder Shaman	256758	H	
n028	1848652344	units	Furbolg Elder Shaman	256780	H	
n028	1848652344	units	Furbolg Elder Shaman	256859	H	
n028	1848652344	units	Furbolg Elder Shaman	256885	H	
n028	1848652344	units	Furbolg Elder Shaman	256907	H	
n028	1848652344	units	Furbolg Elder Shaman	256974	H	
n028	1848652344	units	Furbolg Elder Shaman	257000	H	
n028	1848652344	units	Furbolg Elder Shaman	257022	H	
n029	1848652345	units	Bear	257091	H	
n029	1848652345	units	Bear	257117	H	
n029	1848652345	units	Bear	257139	H	
n029	1848652345	units	Bear	257206	H	
n029	1848652345	units	Bear	257232	H	
n029	1848652345	units	Bear	257254	H	
n029	1848652345	units	Bear	257333	H	
n029	1848652345	units	Bear	257359	H	
n029	1848652345	units	Bear	257381	H	
n02A	1848652353	units	Emerald Dragon	257450	H	
n02A	1848652353	units	Emerald Dragon	257476	H	
n02A	1848652353	units	Emerald Dragon	257498	H	
n02A	1848652353	units	Emerald Dragon	257565	H	
n02A	1848652353	units	Emerald Dragon	257591	H	
n02A	1848652353	units	Emerald Dragon	257613	H	
n02A	1848652353	units	Emerald Dragon	257680	H	
n02A	1848652353	units	Emerald Dragon	257706	H	
n02A	1848652353	units	Emerald Dragon	257728	H	
n02A	1848652353	units	Emerald Dragon	257807	H	
n02A	1848652353	units	Emerald Dragon	257833	H	
n02A	1848652353	units	Emerald Dragon	257855	H	
n02A	1848652353	units	Emerald Dragon	257934	H	
n02A	1848652353	units	Emerald Dragon	257960	H	
n02A	1848652353	units	Emerald Dragon	257982	H	
n02A	1848652353	units	Emerald Dragon	258049	H	
n02A	1848652353	units	Emerald Dragon	258075	H	
n02A	1848652353	units	Emerald Dragon	258097	H	
n02B	1848652354	units	Ancient Bear	258166	H	
n02B	1848652354	units	Ancient Bear	258192	H	
n02B	1848652354	units	Ancient Bear	258214	H	
n02B	1848652354	units	Ancient Bear	258281	H	
n02B	1848652354	units	Ancient Bear	258307	H	
n02B	1848652354	units	Ancient Bear	258329	H	
n02B	1848652354	units	Ancient Bear	258408	H	
n02B	1848652354	units	Ancient Bear	258434	H	
n02B	1848652354	units	Ancient Bear	258456	H	
n02D	1848652356	units	Ancient Protector	258525	H	
n02D	1848652356	units	Ancient Protector	258551	H	
n02D	1848652356	units	Ancient Protector	258573	H	
n02D	1848652356	units	Ancient Protector	258640	H	
n02D	1848652356	units	Ancient Protector	258666	H	
n02D	1848652356	units	Ancient Protector	258688	H	
n02D	1848652356	units	Ancient Protector	258757	H	
n02D	1848652356	units	Ancient Protector	258783	H	
n02D	1848652356	units	Ancient Protector	258805	H	
n02D	1848652356	units	Ancient Protector	258886	H	
n02D	1848652356	units	Ancient Protector	258912	H	
n02D	1848652356	units	Ancient Protector	258934	H	
n02D	1848652356	units	Ancient Protector	259013	H	
n02D	1848652356	units	Ancient Protector	259039	H	
n02D	1848652356	units	Ancient Protector	259061	H	
X01A	1479553345	units	Nature Builder	259128	H	
X01A	1479553345	units	Nature Builder	259154	H	
X01A	1479553345	units	Nature Builder	259176	H	
X01A	1479553345	units	Nature Builder	259243	H	
X01A	1479553345	units	Nature Builder	259269	H	
X01A	1479553345	units	Nature Builder	259291	H	
X01A	1479553345	units	Nature Builder	259358	H	
X01A	1479553345	units	Nature Builder	259384	H	
X01A	1479553345	units	Nature Builder	259406	H	
e000	1697656880	units	Faerie Dragon	259475	H	
e000	1697656880	units	Faerie Dragon	259501	H	
e000	1697656880	units	Faerie Dragon	259523	H	
e000	1697656880	units	Faerie Dragon	259590	H	
e000	1697656880	units	Faerie Dragon	259616	H	
e000	1697656880	units	Faerie Dragon	259638	H	
e000	1697656880	units	Faerie Dragon	259705	H	
e000	1697656880	units	Faerie Dragon	259731	H	
e000	1697656880	units	Faerie Dragon	259753	H	
e000	1697656880	units	Faerie Dragon	259832	H	
e000	1697656880	units	Faerie Dragon	259858	H	
e000	1697656880	units	Faerie Dragon	259880	H	
e000	1697656880	units	Faerie Dragon	259959	H	
e000	1697656880	units	Faerie Dragon	259985	H	
e000	1697656880	units	Faerie Dragon	260007	H	
e001	1697656881	units	Huntress	260074	H	
e001	1697656881	units	Huntress	260100	H	
e001	1697656881	units	Huntress	260122	H	
e001	1697656881	units	Huntress	260189	H	
e001	1697656881	units	Huntress	260215	H	
e001	1697656881	units	Huntress	260237	H	
e001	1697656881	units	Huntress	260304	H	
e001	1697656881	units	Huntress	260330	H	
e001	1697656881	units	Huntress	260352	H	
e001	1697656881	units	Huntress	260431	H	
e001	1697656881	units	Huntress	260457	H	
e001	1697656881	units	Huntress	260479	H	
e001	1697656881	units	Huntress	260558	H	
e001	1697656881	units	Huntress	260584	H	
e001	1697656881	units	Huntress	260606	H	
e001	1697656881	units	Huntress	260673	H	
e001	1697656881	units	Huntress	260699	H	
e001	1697656881	units	Huntress	260721	H	
e002	1697656882	units	Glaive Thrower	260790	H	
e002	1697656882	units	Glaive Thrower	260816	H	
e002	1697656882	units	Glaive Thrower	260838	H	
e002	1697656882	units	Glaive Thrower	260905	H	
e002	1697656882	units	Glaive Thrower	260931	H	
e002	1697656882	units	Glaive Thrower	260953	H	
e002	1697656882	units	Glaive Thrower	261020	H	
e002	1697656882	units	Glaive Thrower	261046	H	
e002	1697656882	units	Glaive Thrower	261068	H	
e002	1697656882	units	Glaive Thrower	261147	H	
e002	1697656882	units	Glaive Thrower	261173	H	
e002	1697656882	units	Glaive Thrower	261195	H	
e002	1697656882	units	Glaive Thrower	261274	H	
e002	1697656882	units	Glaive Thrower	261300	H	
e002	1697656882	units	Glaive Thrower	261322	H	
e002	1697656882	units	Glaive Thrower	261389	H	
e002	1697656882	units	Glaive Thrower	261415	H	
e002	1697656882	units	Glaive Thrower	261437	H	
e003	1697656883	units	Ranger	261506	H	
e003	1697656883	units	Ranger	261532	H	
e003	1697656883	units	Ranger	261554	H	
e003	1697656883	units	Ranger	261621	H	
e003	1697656883	units	Ranger	261647	H	
e003	1697656883	units	Ranger	261669	H	
e003	1697656883	units	Ranger	261736	H	
e003	1697656883	units	Ranger	261762	H	
e003	1697656883	units	Ranger	261784	H	
e003	1697656883	units	Ranger	261863	H	
e003	1697656883	units	Ranger	261889	H	
e003	1697656883	units	Ranger	261911	H	
e003	1697656883	units	Ranger	261990	H	
e003	1697656883	units	Ranger	262016	H	
e003	1697656883	units	Ranger	262038	H	
e003	1697656883	units	Ranger	262105	H	
e003	1697656883	units	Ranger	262131	H	
e003	1697656883	units	Ranger	262153	H	
e004	1697656884	units	Amazon	262222	H	
e004	1697656884	units	Amazon	262248	H	
e004	1697656884	units	Amazon	262270	H	
e004	1697656884	units	Amazon	262337	H	
e004	1697656884	units	Amazon	262363	H	
e004	1697656884	units	Amazon	262385	H	
e004	1697656884	units	Amazon	262452	H	
e004	1697656884	units	Amazon	262478	H	
e004	1697656884	units	Amazon	262500	H	
e004	1697656884	units	Amazon	262579	H	
e004	1697656884	units	Amazon	262605	H	
e004	1697656884	units	Amazon	262627	H	
e004	1697656884	units	Amazon	262706	H	
e004	1697656884	units	Amazon	262732	H	
e004	1697656884	units	Amazon	262754	H	
e004	1697656884	units	Amazon	262821	H	
e004	1697656884	units	Amazon	262847	H	
e004	1697656884	units	Amazon	262869	H	
e007	1697656887	units	Druid	262938	H	
e007	1697656887	units	Druid	262964	H	
e007	1697656887	units	Druid	262986	H	
e007	1697656887	units	Druid	263053	H	
e007	1697656887	units	Druid	263079	H	
e007	1697656887	units	Druid	263101	H	
e007	1697656887	units	Druid	263168	H	
e007	1697656887	units	Druid	263194	H	
e007	1697656887	units	Druid	263216	H	
e007	1697656887	units	Druid	263295	H	
e007	1697656887	units	Druid	263321	H	
e007	1697656887	units	Druid	263343	H	
e007	1697656887	units	Druid	263422	H	
e007	1697656887	units	Druid	263448	H	
e007	1697656887	units	Druid	263470	H	
e007	1697656887	units	Druid	263537	H	
e007	1697656887	units	Druid	263563	H	
e007	1697656887	units	Druid	263585	H	
e00A	1697656897	units	Avatar of Vengeance	263654	H	
e00A	1697656897	units	Avatar of Vengeance	263680	H	
e00A	1697656897	units	Avatar of Vengeance	263702	H	
e00A	1697656897	units	Avatar of Vengeance	263769	H	
e00A	1697656897	units	Avatar of Vengeance	263795	H	
e00A	1697656897	units	Avatar of Vengeance	263817	H	
e00A	1697656897	units	Avatar of Vengeance	263896	H	
e00A	1697656897	units	Avatar of Vengeance	263922	H	
e00A	1697656897	units	Avatar of Vengeance	263944	H	
e00B	1697656898	units	Avenging Spirit	264013	H	
e00B	1697656898	units	Avenging Spirit	264039	H	
e00B	1697656898	units	Avenging Spirit	264061	H	
e00B	1697656898	units	Avenging Spirit	264128	H	
e00B	1697656898	units	Avenging Spirit	264154	H	
e00B	1697656898	units	Avenging Spirit	264176	H	
e00B	1697656898	units	Avenging Spirit	264255	H	
e00B	1697656898	units	Avenging Spirit	264281	H	
e00B	1697656898	units	Avenging Spirit	264303	H	
e00J	1697656906	units	Sage Druid	264372	H	
e00J	1697656906	units	Sage Druid	264398	H	
e00J	1697656906	units	Sage Druid	264420	H	
e00J	1697656906	units	Sage Druid	264487	H	
e00J	1697656906	units	Sage Druid	264513	H	
e00J	1697656906	units	Sage Druid	264535	H	
e00J	1697656906	units	Sage Druid	264602	H	
e00J	1697656906	units	Sage Druid	264628	H	
e00J	1697656906	units	Sage Druid	264650	H	
e00J	1697656906	units	Sage Druid	264729	H	
e00J	1697656906	units	Sage Druid	264755	H	
e00J	1697656906	units	Sage Druid	264777	H	
e00J	1697656906	units	Sage Druid	264856	H	
e00J	1697656906	units	Sage Druid	264882	H	
e00J	1697656906	units	Sage Druid	264904	H	
e00J	1697656906	units	Sage Druid	264971	H	
e00J	1697656906	units	Sage Druid	264997	H	
e00J	1697656906	units	Sage Druid	265019	H	
h00B	1747988546	units	Fountain of Wonders	265088	H	
h00B	1747988546	units	Fountain of Wonders	265114	H	
h00B	1747988546	units	Fountain of Wonders	265136	H	
h00B	1747988546	units	Fountain of Wonders	265205	H	
h00B	1747988546	units	Fountain of Wonders	265231	H	
h00B	1747988546	units	Fountain of Wonders	265253	H	
h00B	1747988546	units	Fountain of Wonders	265332	H	
h00B	1747988546	units	Fountain of Wonders	265358	H	
h00B	1747988546	units	Fountain of Wonders	265380	H	
h00S	1747988563	units	Hunter's Hall	265459	H	
h00S	1747988563	units	Hunter's Hall	265485	H	
h00S	1747988563	units	Hunter's Hall	265507	H	
h00S	1747988563	units	Hunter's Hall	265576	H	
h00S	1747988563	units	Hunter's Hall	265602	H	
h00S	1747988563	units	Hunter's Hall	265624	H	
h011	1747988785	units	Nightelf Siege Factory	265703	H	
h011	1747988785	units	Nightelf Siege Factory	265729	H	
h011	1747988785	units	Nightelf Siege Factory	265751	H	
h011	1747988785	units	Nightelf Siege Factory	265820	H	
h011	1747988785	units	Nightelf Siege Factory	265846	H	
h011	1747988785	units	Nightelf Siege Factory	265868	H	
h011	1747988785	units	Nightelf Siege Factory	265947	H	
h011	1747988785	units	Nightelf Siege Factory	265973	H	
h011	1747988785	units	Nightelf Siege Factory	265995	H	
h03D	1747989316	units	Ranger's Hall	266074	H	
h03D	1747989316	units	Ranger's Hall	266100	H	
h03D	1747989316	units	Ranger's Hall	266122	H	
h03D	1747989316	units	Ranger's Hall	266191	H	
h03D	1747989316	units	Ranger's Hall	266217	H	
h03D	1747989316	units	Ranger's Hall	266239	H	
h03D	1747989316	units	Ranger's Hall	266318	H	
h03D	1747989316	units	Ranger's Hall	266344	H	
h03D	1747989316	units	Ranger's Hall	266366	H	
h03E	1747989317	units	Amazon's Hall	266445	H	
h03E	1747989317	units	Amazon's Hall	266471	H	
h03E	1747989317	units	Amazon's Hall	266493	H	
h03E	1747989317	units	Amazon's Hall	266562	H	
h03E	1747989317	units	Amazon's Hall	266588	H	
h03E	1747989317	units	Amazon's Hall	266610	H	
h03E	1747989317	units	Amazon's Hall	266691	H	
h03E	1747989317	units	Amazon's Hall	266717	H	
h03E	1747989317	units	Amazon's Hall	266739	H	
h03E	1747989317	units	Amazon's Hall	266818	H	
h03E	1747989317	units	Amazon's Hall	266844	H	
h03E	1747989317	units	Amazon's Hall	266866	H	
h073	1747990323	units	Elune's Lantern	266933	H	
h073	1747990323	units	Elune's Lantern	266959	H	
h073	1747990323	units	Elune's Lantern	266981	H	
h073	1747990323	units	Elune's Lantern	267048	H	
h073	1747990323	units	Elune's Lantern	267074	H	
h073	1747990323	units	Elune's Lantern	267096	H	
h073	1747990323	units	Elune's Lantern	267165	H	
h073	1747990323	units	Elune's Lantern	267191	H	
h073	1747990323	units	Elune's Lantern	267213	H	
h073	1747990323	units	Elune's Lantern	267294	H	
h073	1747990323	units	Elune's Lantern	267320	H	
h073	1747990323	units	Elune's Lantern	267342	H	
h07D	1747990340	units	Moon Altar	267421	H	
h07D	1747990340	units	Moon Altar	267447	H	
h07D	1747990340	units	Moon Altar	267469	H	
h07D	1747990340	units	Moon Altar	267538	H	
h07D	1747990340	units	Moon Altar	267564	H	
h07D	1747990340	units	Moon Altar	267586	H	
h07D	1747990340	units	Moon Altar	267665	H	
h07D	1747990340	units	Moon Altar	267691	H	
h07D	1747990340	units	Moon Altar	267713	H	
h07H	1747990344	units	Obelisk of Wilderness	267792	H	
h07H	1747990344	units	Obelisk of Wilderness	267818	H	
h07H	1747990344	units	Obelisk of Wilderness	267840	H	
h07H	1747990344	units	Obelisk of Wilderness	267909	H	
h07H	1747990344	units	Obelisk of Wilderness	267935	H	
h07H	1747990344	units	Obelisk of Wilderness	267957	H	
h07H	1747990344	units	Obelisk of Wilderness	268038	H	
h07H	1747990344	units	Obelisk of Wilderness	268064	H	
h07H	1747990344	units	Obelisk of Wilderness	268086	H	
h07I	1747990345	units	Starfall Obelisk	268165	H	
h07I	1747990345	units	Starfall Obelisk	268191	H	
h07I	1747990345	units	Starfall Obelisk	268213	H	
h07I	1747990345	units	Starfall Obelisk	268282	H	
h07I	1747990345	units	Starfall Obelisk	268308	H	
h07I	1747990345	units	Starfall Obelisk	268330	H	
h07I	1747990345	units	Starfall Obelisk	268412	H	
h07I	1747990345	units	Starfall Obelisk	268438	H	
h07I	1747990345	units	Starfall Obelisk	268460	H	
h07L	1747990348	units	Guild of Shadows	268527	H	
h07L	1747990348	units	Guild of Shadows	268553	H	
h07L	1747990348	units	Guild of Shadows	268575	H	
h07L	1747990348	units	Guild of Shadows	268644	H	
h07L	1747990348	units	Guild of Shadows	268670	H	
h07L	1747990348	units	Guild of Shadows	268692	H	
h07L	1747990348	units	Guild of Shadows	268771	H	
h07L	1747990348	units	Guild of Shadows	268797	H	
h07L	1747990348	units	Guild of Shadows	268819	H	
h07M	1747990349	units	House of Shadows	268898	H	
h07M	1747990349	units	House of Shadows	268924	H	
h07M	1747990349	units	House of Shadows	268946	H	
h07M	1747990349	units	House of Shadows	269015	H	
h07M	1747990349	units	House of Shadows	269041	H	
h07M	1747990349	units	House of Shadows	269063	H	
h07M	1747990349	units	House of Shadows	269142	H	
h07M	1747990349	units	House of Shadows	269168	H	
h07M	1747990349	units	House of Shadows	269190	H	
h07N	1747990350	units	Scorched Mansion	269269	H	
h07N	1747990350	units	Scorched Mansion	269295	H	
h07N	1747990350	units	Scorched Mansion	269317	H	
h07N	1747990350	units	Scorched Mansion	269386	H	
h07N	1747990350	units	Scorched Mansion	269412	H	
h07N	1747990350	units	Scorched Mansion	269434	H	
h07N	1747990350	units	Scorched Mansion	269513	H	
h07N	1747990350	units	Scorched Mansion	269539	H	
h07N	1747990350	units	Scorched Mansion	269561	H	
h07O	1747990351	units	Pillaged Hut	269640	H	
h07O	1747990351	units	Pillaged Hut	269666	H	
h07O	1747990351	units	Pillaged Hut	269688	H	
h07O	1747990351	units	Pillaged Hut	269757	H	
h07O	1747990351	units	Pillaged Hut	269783	H	
h07O	1747990351	units	Pillaged Hut	269805	H	
h07O	1747990351	units	Pillaged Hut	269884	H	
h07O	1747990351	units	Pillaged Hut	269910	H	
h07O	1747990351	units	Pillaged Hut	269932	H	
h088	1747990584	units	Moon Shrine	270011	H	
h088	1747990584	units	Moon Shrine	270037	H	
h088	1747990584	units	Moon Shrine	270059	H	
h088	1747990584	units	Moon Shrine	270128	H	
h088	1747990584	units	Moon Shrine	270154	H	
h088	1747990584	units	Moon Shrine	270176	H	
h08P	1747990608	units	Silver Glade	270255	H	
h08P	1747990608	units	Silver Glade	270281	H	
h08P	1747990608	units	Silver Glade	270303	H	
h08P	1747990608	units	Silver Glade	270372	H	
h08P	1747990608	units	Silver Glade	270398	H	
h08P	1747990608	units	Silver Glade	270420	H	
h08P	1747990608	units	Silver Glade	270501	H	
h08P	1747990608	units	Silver Glade	270527	H	
h08P	1747990608	units	Silver Glade	270549	H	
n01Z	1848652122	units	Assassin	270628	H	
n01Z	1848652122	units	Assassin	270654	H	
n01Z	1848652122	units	Assassin	270676	H	
n01Z	1848652122	units	Assassin	270743	H	
n01Z	1848652122	units	Assassin	270769	H	
n01Z	1848652122	units	Assassin	270791	H	
n01Z	1848652122	units	Assassin	270858	H	
n01Z	1848652122	units	Assassin	270884	H	
n01Z	1848652122	units	Assassin	270906	H	
n01Z	1848652122	units	Assassin	270985	H	
n01Z	1848652122	units	Assassin	271011	H	
n01Z	1848652122	units	Assassin	271033	H	
n01Z	1848652122	units	Assassin	271100	H	
n01Z	1848652122	units	Assassin	271126	H	
n01Z	1848652122	units	Assassin	271148	H	
n020	1848652336	units	Royal Assassin	271217	H	
n020	1848652336	units	Royal Assassin	271243	H	
n020	1848652336	units	Royal Assassin	271265	H	
n020	1848652336	units	Royal Assassin	271332	H	
n020	1848652336	units	Royal Assassin	271358	H	
n020	1848652336	units	Royal Assassin	271380	H	
n020	1848652336	units	Royal Assassin	271447	H	
n020	1848652336	units	Royal Assassin	271473	H	
n020	1848652336	units	Royal Assassin	271495	H	
n020	1848652336	units	Royal Assassin	271574	H	
n020	1848652336	units	Royal Assassin	271600	H	
n020	1848652336	units	Royal Assassin	271622	H	
n020	1848652336	units	Royal Assassin	271701	H	
n020	1848652336	units	Royal Assassin	271727	H	
n020	1848652336	units	Royal Assassin	271749	H	
n020	1848652336	units	Royal Assassin	271816	H	
n020	1848652336	units	Royal Assassin	271842	H	
n020	1848652336	units	Royal Assassin	271864	H	
X089	1479555129	units	Night Elf Builder	271933	H	
X089	1479555129	units	Night Elf Builder	271959	H	
X089	1479555129	units	Night Elf Builder	271981	H	
X089	1479555129	units	Night Elf Builder	272048	H	
X089	1479555129	units	Night Elf Builder	272074	H	
X089	1479555129	units	Night Elf Builder	272096	H	
X089	1479555129	units	Night Elf Builder	272163	H	
X089	1479555129	units	Night Elf Builder	272189	H	
X089	1479555129	units	Night Elf Builder	272211	H	
h03I	1747989321	units	Azure Nest	272280	H	
h03I	1747989321	units	Azure Nest	272306	H	
h03I	1747989321	units	Azure Nest	272328	H	
h03I	1747989321	units	Azure Nest	272397	H	
h03I	1747989321	units	Azure Nest	272423	H	
h03I	1747989321	units	Azure Nest	272445	H	
h03I	1747989321	units	Azure Nest	272524	H	
h03I	1747989321	units	Azure Nest	272550	H	
h03I	1747989321	units	Azure Nest	272572	H	
h03J	1747989322	units	Ice Troll Voodoo Lounge	272651	H	
h03J	1747989322	units	Ice Troll Voodoo Lounge	272677	H	
h03J	1747989322	units	Ice Troll Voodoo Lounge	272699	H	
h03J	1747989322	units	Ice Troll Voodoo Lounge	272768	H	
h03J	1747989322	units	Ice Troll Voodoo Lounge	272794	H	
h03J	1747989322	units	Ice Troll Voodoo Lounge	272816	H	
h03J	1747989322	units	Ice Troll Voodoo Lounge	272895	H	
h03J	1747989322	units	Ice Troll Voodoo Lounge	272921	H	
h03J	1747989322	units	Ice Troll Voodoo Lounge	272943	H	
h03K	1747989323	units	Ice Troll Hut	273022	H	
h03K	1747989323	units	Ice Troll Hut	273048	H	
h03K	1747989323	units	Ice Troll Hut	273070	H	
h03K	1747989323	units	Ice Troll Hut	273139	H	
h03K	1747989323	units	Ice Troll Hut	273165	H	
h03K	1747989323	units	Ice Troll Hut	273187	H	
h03L	1747989324	units	Greater Frost Launcher	273266	H	
h03L	1747989324	units	Greater Frost Launcher	273292	H	
h03L	1747989324	units	Greater Frost Launcher	273314	H	
h03L	1747989324	units	Greater Frost Launcher	273383	H	
h03L	1747989324	units	Greater Frost Launcher	273409	H	
h03L	1747989324	units	Greater Frost Launcher	273431	H	
h03O	1747989327	units	World Freezer	273512	H	
h03O	1747989327	units	World Freezer	273538	H	
h03O	1747989327	units	World Freezer	273560	H	
h03O	1747989327	units	World Freezer	273629	H	
h03O	1747989327	units	World Freezer	273655	H	
h03O	1747989327	units	World Freezer	273677	H	
h03O	1747989327	units	World Freezer	273759	H	
h03O	1747989327	units	World Freezer	273785	H	
h03O	1747989327	units	World Freezer	273807	H	
h03O	1747989327	units	World Freezer	273886	H	
h03O	1747989327	units	World Freezer	273912	H	
h03O	1747989327	units	World Freezer	273934	H	
h03Q	1747989329	units	Icy Tower	274001	H	
h03Q	1747989329	units	Icy Tower	274027	H	
h03Q	1747989329	units	Icy Tower	274049	H	
h03Q	1747989329	units	Icy Tower	274116	H	
h03Q	1747989329	units	Icy Tower	274142	H	
h03Q	1747989329	units	Icy Tower	274164	H	
h03Q	1747989329	units	Icy Tower	274233	H	
h03Q	1747989329	units	Icy Tower	274259	H	
h03Q	1747989329	units	Icy Tower	274281	H	
h03Q	1747989329	units	Icy Tower	274362	H	
h03Q	1747989329	units	Icy Tower	274388	H	
h03Q	1747989329	units	Icy Tower	274410	H	
h03S	1747989331	units	Crystal Palace	274489	H	
h03S	1747989331	units	Crystal Palace	274515	H	
h03S	1747989331	units	Crystal Palace	274537	H	
h03S	1747989331	units	Crystal Palace	274606	H	
h03S	1747989331	units	Crystal Palace	274632	H	
h03S	1747989331	units	Crystal Palace	274654	H	
h03S	1747989331	units	Crystal Palace	274733	H	
h03S	1747989331	units	Crystal Palace	274759	H	
h03S	1747989331	units	Crystal Palace	274781	H	
h03T	1747989332	units	Ice Claws	274860	H	
h03T	1747989332	units	Ice Claws	274886	H	
h03T	1747989332	units	Ice Claws	274908	H	
h03T	1747989332	units	Ice Claws	274977	H	
h03T	1747989332	units	Ice Claws	275003	H	
h03T	1747989332	units	Ice Claws	275025	H	
h03T	1747989332	units	Ice Claws	275104	H	
h03T	1747989332	units	Ice Claws	275130	H	
h03T	1747989332	units	Ice Claws	275152	H	
h03U	1747989333	units	Igloo	275231	H	
h03U	1747989333	units	Igloo	275257	H	
h03U	1747989333	units	Igloo	275279	H	
h03U	1747989333	units	Igloo	275348	H	
h03U	1747989333	units	Igloo	275374	H	
h03U	1747989333	units	Igloo	275396	H	
h03W	1747989335	units	Glacier	275475	H	
h03W	1747989335	units	Glacier	275501	H	
h03W	1747989335	units	Glacier	275523	H	
h03W	1747989335	units	Glacier	275592	H	
h03W	1747989335	units	Glacier	275618	H	
h03W	1747989335	units	Glacier	275640	H	
h03W	1747989335	units	Glacier	275719	H	
h03W	1747989335	units	Glacier	275745	H	
h03W	1747989335	units	Glacier	275767	H	
h043	1747989555	units	Frost Claws	275846	H	
h043	1747989555	units	Frost Claws	275872	H	
h043	1747989555	units	Frost Claws	275894	H	
h043	1747989555	units	Frost Claws	275963	H	
h043	1747989555	units	Frost Claws	275989	H	
h043	1747989555	units	Frost Claws	276011	H	
h043	1747989555	units	Frost Claws	276090	H	
h043	1747989555	units	Frost Claws	276116	H	
h043	1747989555	units	Frost Claws	276138	H	
h047	1747989559	units	Chilling Mushroom	276217	H	
h047	1747989559	units	Chilling Mushroom	276243	H	
h047	1747989559	units	Chilling Mushroom	276265	H	
h047	1747989559	units	Chilling Mushroom	276334	H	
h047	1747989559	units	Chilling Mushroom	276360	H	
h047	1747989559	units	Chilling Mushroom	276382	H	
h047	1747989559	units	Chilling Mushroom	276463	H	
h047	1747989559	units	Chilling Mushroom	276489	H	
h047	1747989559	units	Chilling Mushroom	276511	H	
h048	1747989560	units	Frost Launcher	276590	H	
h048	1747989560	units	Frost Launcher	276616	H	
h048	1747989560	units	Frost Launcher	276638	H	
h048	1747989560	units	Frost Launcher	276707	H	
h048	1747989560	units	Frost Launcher	276733	H	
h048	1747989560	units	Frost Launcher	276755	H	
h048	1747989560	units	Frost Launcher	276836	H	
h048	1747989560	units	Frost Launcher	276862	H	
h048	1747989560	units	Frost Launcher	276884	H	
h049	1747989561	units	Snowy Rocks	276963	H	
h049	1747989561	units	Snowy Rocks	276989	H	
h049	1747989561	units	Snowy Rocks	277011	H	
h049	1747989561	units	Snowy Rocks	277080	H	
h049	1747989561	units	Snowy Rocks	277106	H	
h049	1747989561	units	Snowy Rocks	277128	H	
h04F	1747989574	units	Icy Rocks	277207	H	
h04F	1747989574	units	Icy Rocks	277233	H	
h04F	1747989574	units	Icy Rocks	277255	H	
h04F	1747989574	units	Icy Rocks	277324	H	
h04F	1747989574	units	Icy Rocks	277350	H	
h04F	1747989574	units	Icy Rocks	277372	H	
h04F	1747989574	units	Icy Rocks	277451	H	
h04F	1747989574	units	Icy Rocks	277477	H	
h04F	1747989574	units	Icy Rocks	277499	H	
h04G	1747989575	units	FreezeDummy	277578	H	
h04G	1747989575	units	FreezeDummy	277604	H	
h04G	1747989575	units	FreezeDummy	277626	H	
h04G	1747989575	units	FreezeDummy	277693	H	
h04G	1747989575	units	FreezeDummy	277719	H	
h04G	1747989575	units	FreezeDummy	277741	H	
h04G	1747989575	units	FreezeDummy	277820	H	
h04G	1747989575	units	FreezeDummy	277846	H	
h04G	1747989575	units	FreezeDummy	277868	H	
h04H	1747989576	units	AdvancedFreezeDummy	277935	H	
h04H	1747989576	units	AdvancedFreezeDummy	277961	H	
h04H	1747989576	units	AdvancedFreezeDummy	277983	H	
h04H	1747989576	units	AdvancedFreezeDummy	278050	H	
h04H	1747989576	units	AdvancedFreezeDummy	278076	H	
h04H	1747989576	units	AdvancedFreezeDummy	278098	H	
h04H	1747989576	units	AdvancedFreezeDummy	278177	H	
h04H	1747989576	units	AdvancedFreezeDummy	278203	H	
h04H	1747989576	units	AdvancedFreezeDummy	278225	H	
h06L	1747990092	units	Modern Igloo	278292	H	
h06L	1747990092	units	Modern Igloo	278318	H	
h06L	1747990092	units	Modern Igloo	278340	H	
h06L	1747990092	units	Modern Igloo	278409	H	
h06L	1747990092	units	Modern Igloo	278435	H	
h06L	1747990092	units	Modern Igloo	278457	H	
h06L	1747990092	units	Modern Igloo	278538	H	
h06L	1747990092	units	Modern Igloo	278564	H	
h06L	1747990092	units	Modern Igloo	278586	H	
h06L	1747990092	units	Modern Igloo	278665	H	
h06L	1747990092	units	Modern Igloo	278691	H	
h06L	1747990092	units	Modern Igloo	278713	H	
h08U	1747990613	units	FrostOrbDummy	278780	H	
h08U	1747990613	units	FrostOrbDummy	278806	H	
h08U	1747990613	units	FrostOrbDummy	278828	H	
h08U	1747990613	units	FrostOrbDummy	278907	H	
h08U	1747990613	units	FrostOrbDummy	278933	H	
h08U	1747990613	units	FrostOrbDummy	278955	H	
n010	1848652080	units	Azure Drake	279022	H	
n010	1848652080	units	Azure Drake	279048	H	
n010	1848652080	units	Azure Drake	279070	H	
n010	1848652080	units	Azure Drake	279137	H	
n010	1848652080	units	Azure Drake	279163	H	
n010	1848652080	units	Azure Drake	279185	H	
n010	1848652080	units	Azure Drake	279252	H	
n010	1848652080	units	Azure Drake	279278	H	
n010	1848652080	units	Azure Drake	279300	H	
n010	1848652080	units	Azure Drake	279379	H	
n010	1848652080	units	Azure Drake	279405	H	
n010	1848652080	units	Azure Drake	279427	H	
n010	1848652080	units	Azure Drake	279506	H	
n010	1848652080	units	Azure Drake	279532	H	
n010	1848652080	units	Azure Drake	279554	H	
n011	1848652081	units	Hrimthrusa	279621	H	
n011	1848652081	units	Hrimthrusa	279647	H	
n011	1848652081	units	Hrimthrusa	279669	H	
n011	1848652081	units	Hrimthrusa	279736	H	
n011	1848652081	units	Hrimthrusa	279762	H	
n011	1848652081	units	Hrimthrusa	279784	H	
n011	1848652081	units	Hrimthrusa	279851	H	
n011	1848652081	units	Hrimthrusa	279877	H	
n011	1848652081	units	Hrimthrusa	279899	H	
n011	1848652081	units	Hrimthrusa	279978	H	
n011	1848652081	units	Hrimthrusa	280004	H	
n011	1848652081	units	Hrimthrusa	280026	H	
n011	1848652081	units	Hrimthrusa	280105	H	
n011	1848652081	units	Hrimthrusa	280131	H	
n011	1848652081	units	Hrimthrusa	280153	H	
n011	1848652081	units	Hrimthrusa	280220	H	
n011	1848652081	units	Hrimthrusa	280246	H	
n011	1848652081	units	Hrimthrusa	280268	H	
n012	1848652082	units	Wandigoo	280337	H	
n012	1848652082	units	Wandigoo	280363	H	
n012	1848652082	units	Wandigoo	280385	H	
n012	1848652082	units	Wandigoo	280452	H	
n012	1848652082	units	Wandigoo	280478	H	
n012	1848652082	units	Wandigoo	280500	H	
n012	1848652082	units	Wandigoo	280567	H	
n012	1848652082	units	Wandigoo	280593	H	
n012	1848652082	units	Wandigoo	280615	H	
n012	1848652082	units	Wandigoo	280694	H	
n012	1848652082	units	Wandigoo	280720	H	
n012	1848652082	units	Wandigoo	280742	H	
n012	1848652082	units	Wandigoo	280821	H	
n012	1848652082	units	Wandigoo	280847	H	
n012	1848652082	units	Wandigoo	280869	H	
n013	1848652083	units	Ancient Wandigoo	280936	H	
n013	1848652083	units	Ancient Wandigoo	280962	H	
n013	1848652083	units	Ancient Wandigoo	280984	H	
n013	1848652083	units	Ancient Wandigoo	281051	H	
n013	1848652083	units	Ancient Wandigoo	281077	H	
n013	1848652083	units	Ancient Wandigoo	281099	H	
n013	1848652083	units	Ancient Wandigoo	281166	H	
n013	1848652083	units	Ancient Wandigoo	281192	H	
n013	1848652083	units	Ancient Wandigoo	281214	H	
n013	1848652083	units	Ancient Wandigoo	281293	H	
n013	1848652083	units	Ancient Wandigoo	281319	H	
n013	1848652083	units	Ancient Wandigoo	281341	H	
n013	1848652083	units	Ancient Wandigoo	281420	H	
n013	1848652083	units	Ancient Wandigoo	281446	H	
n013	1848652083	units	Ancient Wandigoo	281468	H	
n014	1848652084	units	Ice Queen	281535	H	
n014	1848652084	units	Ice Queen	281561	H	
n014	1848652084	units	Ice Queen	281583	H	
n014	1848652084	units	Ice Queen	281650	H	
n014	1848652084	units	Ice Queen	281676	H	
n014	1848652084	units	Ice Queen	281698	H	
n014	1848652084	units	Ice Queen	281765	H	
n014	1848652084	units	Ice Queen	281791	H	
n014	1848652084	units	Ice Queen	281813	H	
n014	1848652084	units	Ice Queen	281892	H	
n014	1848652084	units	Ice Queen	281918	H	
n014	1848652084	units	Ice Queen	281940	H	
n014	1848652084	units	Ice Queen	282019	H	
n014	1848652084	units	Ice Queen	282045	H	
n014	1848652084	units	Ice Queen	282067	H	
n014	1848652084	units	Ice Queen	282134	H	
n014	1848652084	units	Ice Queen	282160	H	
n014	1848652084	units	Ice Queen	282182	H	
n015	1848652085	units	Ice Troll Shadow Priest	282251	H	
n015	1848652085	units	Ice Troll Shadow Priest	282277	H	
n015	1848652085	units	Ice Troll Shadow Priest	282299	H	
n015	1848652085	units	Ice Troll Shadow Priest	282366	H	
n015	1848652085	units	Ice Troll Shadow Priest	282392	H	
n015	1848652085	units	Ice Troll Shadow Priest	282414	H	
n015	1848652085	units	Ice Troll Shadow Priest	282481	H	
n015	1848652085	units	Ice Troll Shadow Priest	282507	H	
n015	1848652085	units	Ice Troll Shadow Priest	282529	H	
n015	1848652085	units	Ice Troll Shadow Priest	282608	H	
n015	1848652085	units	Ice Troll Shadow Priest	282634	H	
n015	1848652085	units	Ice Troll Shadow Priest	282656	H	
n015	1848652085	units	Ice Troll Shadow Priest	282735	H	
n015	1848652085	units	Ice Troll Shadow Priest	282761	H	
n015	1848652085	units	Ice Troll Shadow Priest	282783	H	
n016	1848652086	units	Magnataur	282850	H	
n016	1848652086	units	Magnataur	282876	H	
n016	1848652086	units	Magnataur	282898	H	
n016	1848652086	units	Magnataur	282965	H	
n016	1848652086	units	Magnataur	282991	H	
n016	1848652086	units	Magnataur	283013	H	
n016	1848652086	units	Magnataur	283080	H	
n016	1848652086	units	Magnataur	283106	H	
n016	1848652086	units	Magnataur	283128	H	
n016	1848652086	units	Magnataur	283207	H	
n016	1848652086	units	Magnataur	283233	H	
n016	1848652086	units	Magnataur	283255	H	
n016	1848652086	units	Magnataur	283334	H	
n016	1848652086	units	Magnataur	283360	H	
n016	1848652086	units	Magnataur	283382	H	
n016	1848652086	units	Magnataur	283449	H	
n016	1848652086	units	Magnataur	283475	H	
n016	1848652086	units	Magnataur	283497	H	
n017	1848652087	units	Frost Wolf	283566	H	
n017	1848652087	units	Frost Wolf	283592	H	
n017	1848652087	units	Frost Wolf	283614	H	
n017	1848652087	units	Frost Wolf	283681	H	
n017	1848652087	units	Frost Wolf	283707	H	
n017	1848652087	units	Frost Wolf	283729	H	
n017	1848652087	units	Frost Wolf	283796	H	
n017	1848652087	units	Frost Wolf	283822	H	
n017	1848652087	units	Frost Wolf	283844	H	
n017	1848652087	units	Frost Wolf	283923	H	
n017	1848652087	units	Frost Wolf	283949	H	
n017	1848652087	units	Frost Wolf	283971	H	
n017	1848652087	units	Frost Wolf	284050	H	
n017	1848652087	units	Frost Wolf	284076	H	
n017	1848652087	units	Frost Wolf	284098	H	
n017	1848652087	units	Frost Wolf	284165	H	
n017	1848652087	units	Frost Wolf	284191	H	
n017	1848652087	units	Frost Wolf	284213	H	
n018	1848652088	units	Polar Bear	284282	H	
n018	1848652088	units	Polar Bear	284308	H	
n018	1848652088	units	Polar Bear	284330	H	
n018	1848652088	units	Polar Bear	284397	H	
n018	1848652088	units	Polar Bear	284423	H	
n018	1848652088	units	Polar Bear	284445	H	
n018	1848652088	units	Polar Bear	284512	H	
n018	1848652088	units	Polar Bear	284538	H	
n018	1848652088	units	Polar Bear	284560	H	
n018	1848652088	units	Polar Bear	284639	H	
n018	1848652088	units	Polar Bear	284665	H	
n018	1848652088	units	Polar Bear	284687	H	
n018	1848652088	units	Polar Bear	284754	H	
n018	1848652088	units	Polar Bear	284780	H	
n018	1848652088	units	Polar Bear	284802	H	
n02I	1848652361	units	Angry Hrimthrusa	284871	H	
n02I	1848652361	units	Angry Hrimthrusa	284897	H	
n02I	1848652361	units	Angry Hrimthrusa	284919	H	
n02I	1848652361	units	Angry Hrimthrusa	284986	H	
n02I	1848652361	units	Angry Hrimthrusa	285012	H	
n02I	1848652361	units	Angry Hrimthrusa	285034	H	
n02I	1848652361	units	Angry Hrimthrusa	285101	H	
n02I	1848652361	units	Angry Hrimthrusa	285127	H	
n02I	1848652361	units	Angry Hrimthrusa	285149	H	
n02I	1848652361	units	Angry Hrimthrusa	285228	H	
n02I	1848652361	units	Angry Hrimthrusa	285254	H	
n02I	1848652361	units	Angry Hrimthrusa	285276	H	
n02I	1848652361	units	Angry Hrimthrusa	285355	H	
n02I	1848652361	units	Angry Hrimthrusa	285381	H	
n02I	1848652361	units	Angry Hrimthrusa	285403	H	
o00A	1865429057	units	Ice Troll Witch Doctor	285470	H	
o00A	1865429057	units	Ice Troll Witch Doctor	285496	H	
o00A	1865429057	units	Ice Troll Witch Doctor	285518	H	
o00A	1865429057	units	Ice Troll Witch Doctor	285585	H	
o00A	1865429057	units	Ice Troll Witch Doctor	285611	H	
o00A	1865429057	units	Ice Troll Witch Doctor	285633	H	
o00A	1865429057	units	Ice Troll Witch Doctor	285700	H	
o00A	1865429057	units	Ice Troll Witch Doctor	285726	H	
o00A	1865429057	units	Ice Troll Witch Doctor	285748	H	
o00A	1865429057	units	Ice Troll Witch Doctor	285827	H	
o00A	1865429057	units	Ice Troll Witch Doctor	285853	H	
o00A	1865429057	units	Ice Troll Witch Doctor	285875	H	
o00A	1865429057	units	Ice Troll Witch Doctor	285954	H	
o00A	1865429057	units	Ice Troll Witch Doctor	285980	H	
o00A	1865429057	units	Ice Troll Witch Doctor	286002	H	
X017	1479553335	units	Northern Builder	286069	H	
X017	1479553335	units	Northern Builder	286095	H	
X017	1479553335	units	Northern Builder	286117	H	
X017	1479553335	units	Northern Builder	286184	H	
X017	1479553335	units	Northern Builder	286210	H	
X017	1479553335	units	Northern Builder	286232	H	
X017	1479553335	units	Northern Builder	286299	H	
X017	1479553335	units	Northern Builder	286325	H	
X017	1479553335	units	Northern Builder	286347	H	
h029	1747989049	units	Fighters' Hall	286416	H	
h029	1747989049	units	Fighters' Hall	286442	H	
h029	1747989049	units	Fighters' Hall	286464	H	
h029	1747989049	units	Fighters' Hall	286533	H	
h029	1747989049	units	Fighters' Hall	286559	H	
h029	1747989049	units	Fighters' Hall	286581	H	
h02B	1747989058	units	Shamanic Tent	286660	H	
h02B	1747989058	units	Shamanic Tent	286686	H	
h02B	1747989058	units	Shamanic Tent	286708	H	
h02B	1747989058	units	Shamanic Tent	286777	H	
h02B	1747989058	units	Shamanic Tent	286803	H	
h02B	1747989058	units	Shamanic Tent	286825	H	
h02H	1747989064	units	Troll Hut	286904	H	
h02H	1747989064	units	Troll Hut	286930	H	
h02H	1747989064	units	Troll Hut	286952	H	
h02H	1747989064	units	Troll Hut	287021	H	
h02H	1747989064	units	Troll Hut	287047	H	
h02H	1747989064	units	Troll Hut	287069	H	
h02H	1747989064	units	Troll Hut	287148	H	
h02H	1747989064	units	Troll Hut	287174	H	
h02H	1747989064	units	Troll Hut	287196	H	
h02I	1747989065	units	Orcish Siege Factory	287275	H	
h02I	1747989065	units	Orcish Siege Factory	287301	H	
h02I	1747989065	units	Orcish Siege Factory	287323	H	
h02I	1747989065	units	Orcish Siege Factory	287392	H	
h02I	1747989065	units	Orcish Siege Factory	287418	H	
h02I	1747989065	units	Orcish Siege Factory	287440	H	
h02I	1747989065	units	Orcish Siege Factory	287519	H	
h02I	1747989065	units	Orcish Siege Factory	287545	H	
h02I	1747989065	units	Orcish Siege Factory	287567	H	
h02K	1747989067	units	Kodo Farm	287646	H	
h02K	1747989067	units	Kodo Farm	287672	H	
h02K	1747989067	units	Kodo Farm	287694	H	
h02K	1747989067	units	Kodo Farm	287763	H	
h02K	1747989067	units	Kodo Farm	287789	H	
h02K	1747989067	units	Kodo Farm	287811	H	
h02K	1747989067	units	Kodo Farm	287890	H	
h02K	1747989067	units	Kodo Farm	287916	H	
h02K	1747989067	units	Kodo Farm	287938	H	
h02N	1747989070	units	Serpent Rock	288017	H	
h02N	1747989070	units	Serpent Rock	288043	H	
h02N	1747989070	units	Serpent Rock	288065	H	
h02N	1747989070	units	Serpent Rock	288134	H	
h02N	1747989070	units	Serpent Rock	288160	H	
h02N	1747989070	units	Serpent Rock	288182	H	
h02N	1747989070	units	Serpent Rock	288263	H	
h02N	1747989070	units	Serpent Rock	288289	H	
h02N	1747989070	units	Serpent Rock	288311	H	
h02O	1747989071	units	Legendary Totem	288390	H	
h02O	1747989071	units	Legendary Totem	288416	H	
h02O	1747989071	units	Legendary Totem	288438	H	
h02O	1747989071	units	Legendary Totem	288507	H	
h02O	1747989071	units	Legendary Totem	288533	H	
h02O	1747989071	units	Legendary Totem	288555	H	
h02O	1747989071	units	Legendary Totem	288637	H	
h02O	1747989071	units	Legendary Totem	288663	H	
h02O	1747989071	units	Legendary Totem	288685	H	
h02O	1747989071	units	Legendary Totem	288764	H	
h02O	1747989071	units	Legendary Totem	288790	H	
h02O	1747989071	units	Legendary Totem	288812	H	
h02P	1747989072	units	Falcon-Clan Encampment	288879	H	
h02P	1747989072	units	Falcon-Clan Encampment	288905	H	
h02P	1747989072	units	Falcon-Clan Encampment	288927	H	
h02P	1747989072	units	Falcon-Clan Encampment	288996	H	
h02P	1747989072	units	Falcon-Clan Encampment	289022	H	
h02P	1747989072	units	Falcon-Clan Encampment	289044	H	
h02P	1747989072	units	Falcon-Clan Encampment	289123	H	
h02P	1747989072	units	Falcon-Clan Encampment	289149	H	
h02P	1747989072	units	Falcon-Clan Encampment	289171	H	
h02R	1747989074	units	Ceremonial Totem	289250	H	
h02R	1747989074	units	Ceremonial Totem	289276	H	
h02R	1747989074	units	Ceremonial Totem	289298	H	
h02R	1747989074	units	Ceremonial Totem	289367	H	
h02R	1747989074	units	Ceremonial Totem	289393	H	
h02R	1747989074	units	Ceremonial Totem	289415	H	
h02R	1747989074	units	Ceremonial Totem	289496	H	
h02R	1747989074	units	Ceremonial Totem	289522	H	
h02R	1747989074	units	Ceremonial Totem	289544	H	
h02U	1747989077	units	Advanced Fighters' Hall	289623	H	
h02U	1747989077	units	Advanced Fighters' Hall	289649	H	
h02U	1747989077	units	Advanced Fighters' Hall	289671	H	
h02U	1747989077	units	Advanced Fighters' Hall	289740	H	
h02U	1747989077	units	Advanced Fighters' Hall	289766	H	
h02U	1747989077	units	Advanced Fighters' Hall	289788	H	
h02U	1747989077	units	Advanced Fighters' Hall	289867	H	
h02U	1747989077	units	Advanced Fighters' Hall	289893	H	
h02U	1747989077	units	Advanced Fighters' Hall	289915	H	
h031	1747989297	units	Superior Fighters' Hall	289994	H	
h031	1747989297	units	Superior Fighters' Hall	290020	H	
h031	1747989297	units	Superior Fighters' Hall	290042	H	
h031	1747989297	units	Superior Fighters' Hall	290111	H	
h031	1747989297	units	Superior Fighters' Hall	290137	H	
h031	1747989297	units	Superior Fighters' Hall	290159	H	
h031	1747989297	units	Superior Fighters' Hall	290238	H	
h031	1747989297	units	Superior Fighters' Hall	290264	H	
h031	1747989297	units	Superior Fighters' Hall	290286	H	
h035	1747989301	units	Melee Kodo Farm	290365	H	
h035	1747989301	units	Melee Kodo Farm	290391	H	
h035	1747989301	units	Melee Kodo Farm	290413	H	
h035	1747989301	units	Melee Kodo Farm	290482	H	
h035	1747989301	units	Melee Kodo Farm	290508	H	
h035	1747989301	units	Melee Kodo Farm	290530	H	
h035	1747989301	units	Melee Kodo Farm	290609	H	
h035	1747989301	units	Melee Kodo Farm	290635	H	
h035	1747989301	units	Melee Kodo Farm	290657	H	
h036	1747989302	units	Defensive Kodo Farm	290736	H	
h036	1747989302	units	Defensive Kodo Farm	290762	H	
h036	1747989302	units	Defensive Kodo Farm	290784	H	
h036	1747989302	units	Defensive Kodo Farm	290853	H	
h036	1747989302	units	Defensive Kodo Farm	290879	H	
h036	1747989302	units	Defensive Kodo Farm	290901	H	
h036	1747989302	units	Defensive Kodo Farm	290980	H	
h036	1747989302	units	Defensive Kodo Farm	291006	H	
h036	1747989302	units	Defensive Kodo Farm	291028	H	
h05E	1747989829	units	Trapper's Hut	291107	H	
h05E	1747989829	units	Trapper's Hut	291133	H	
h05E	1747989829	units	Trapper's Hut	291155	H	
h05E	1747989829	units	Trapper's Hut	291223	H	
h05E	1747989829	units	Trapper's Hut	291249	H	
h05E	1747989829	units	Trapper's Hut	291271	H	
h05E	1747989829	units	Trapper's Hut	291350	H	
h05E	1747989829	units	Trapper's Hut	291376	H	
h05E	1747989829	units	Trapper's Hut	291398	H	
h06D	1747990084	units	Forest Trapper's Hole	291477	H	
h06D	1747990084	units	Forest Trapper's Hole	291503	H	
h06D	1747990084	units	Forest Trapper's Hole	291525	H	
h06D	1747990084	units	Forest Trapper's Hole	291594	H	
h06D	1747990084	units	Forest Trapper's Hole	291620	H	
h06D	1747990084	units	Forest Trapper's Hole	291642	H	
h06D	1747990084	units	Forest Trapper's Hole	291723	H	
h06D	1747990084	units	Forest Trapper's Hole	291749	H	
h06D	1747990084	units	Forest Trapper's Hole	291771	H	
h06D	1747990084	units	Forest Trapper's Hole	291850	H	
h06D	1747990084	units	Forest Trapper's Hole	291876	H	
h06D	1747990084	units	Forest Trapper's Hole	291898	H	
h06I	1747990089	units	Infostealer's Place	291965	H	
h06I	1747990089	units	Infostealer's Place	291991	H	
h06I	1747990089	units	Infostealer's Place	292013	H	
h06I	1747990089	units	Infostealer's Place	292082	H	
h06I	1747990089	units	Infostealer's Place	292108	H	
h06I	1747990089	units	Infostealer's Place	292130	H	
h06I	1747990089	units	Infostealer's Place	292209	H	
h06I	1747990089	units	Infostealer's Place	292235	H	
h06I	1747990089	units	Infostealer's Place	292257	H	
h092	1747990834	units	Spellbreaker Kodo Farm	292336	H	
h092	1747990834	units	Spellbreaker Kodo Farm	292362	H	
h092	1747990834	units	Spellbreaker Kodo Farm	292384	H	
h092	1747990834	units	Spellbreaker Kodo Farm	292453	H	
h092	1747990834	units	Spellbreaker Kodo Farm	292479	H	
h092	1747990834	units	Spellbreaker Kodo Farm	292501	H	
h092	1747990834	units	Spellbreaker Kodo Farm	292580	H	
h092	1747990834	units	Spellbreaker Kodo Farm	292606	H	
h092	1747990834	units	Spellbreaker Kodo Farm	292628	H	
n00V	1848651862	units	Troll Berserker	292707	H	
n00V	1848651862	units	Troll Berserker	292733	H	
n00V	1848651862	units	Troll Berserker	292755	H	
n00V	1848651862	units	Troll Berserker	292822	H	
n00V	1848651862	units	Troll Berserker	292848	H	
n00V	1848651862	units	Troll Berserker	292870	H	
n00V	1848651862	units	Troll Berserker	292937	H	
n00V	1848651862	units	Troll Berserker	292963	H	
n00V	1848651862	units	Troll Berserker	292985	H	
n00V	1848651862	units	Troll Berserker	293064	H	
n00V	1848651862	units	Troll Berserker	293090	H	
n00V	1848651862	units	Troll Berserker	293112	H	
n01O	1848652111	units	Troll Trapper	293179	H	
n01O	1848652111	units	Troll Trapper	293205	H	
n01O	1848652111	units	Troll Trapper	293227	H	
n01O	1848652111	units	Troll Trapper	293294	H	
n01O	1848652111	units	Troll Trapper	293320	H	
n01O	1848652111	units	Troll Trapper	293342	H	
n01O	1848652111	units	Troll Trapper	293409	H	
n01O	1848652111	units	Troll Trapper	293435	H	
n01O	1848652111	units	Troll Trapper	293457	H	
n01O	1848652111	units	Troll Trapper	293536	H	
n01O	1848652111	units	Troll Trapper	293562	H	
n01O	1848652111	units	Troll Trapper	293584	H	
n01O	1848652111	units	Troll Trapper	293663	H	
n01O	1848652111	units	Troll Trapper	293689	H	
n01O	1848652111	units	Troll Trapper	293711	H	
n02G	1848652359	units	Forest Troll Trapper	293778	H	
n02G	1848652359	units	Forest Troll Trapper	293804	H	
n02G	1848652359	units	Forest Troll Trapper	293826	H	
n02G	1848652359	units	Forest Troll Trapper	293893	H	
n02G	1848652359	units	Forest Troll Trapper	293919	H	
n02G	1848652359	units	Forest Troll Trapper	293941	H	
n02G	1848652359	units	Forest Troll Trapper	294008	H	
n02G	1848652359	units	Forest Troll Trapper	294034	H	
n02G	1848652359	units	Forest Troll Trapper	294056	H	
n02G	1848652359	units	Forest Troll Trapper	294135	H	
n02G	1848652359	units	Forest Troll Trapper	294161	H	
n02G	1848652359	units	Forest Troll Trapper	294183	H	
n02G	1848652359	units	Forest Troll Trapper	294262	H	
n02G	1848652359	units	Forest Troll Trapper	294288	H	
n02G	1848652359	units	Forest Troll Trapper	294310	H	
o000	1865429040	units	Anti Air Tower	294377	H	
o000	1865429040	units	Anti Air Tower	294403	H	
o000	1865429040	units	Anti Air Tower	294425	H	
o000	1865429040	units	Anti Air Tower	294492	H	
o000	1865429040	units	Anti Air Tower	294518	H	
o000	1865429040	units	Anti Air Tower	294540	H	
o000	1865429040	units	Anti Air Tower	294609	H	
o000	1865429040	units	Anti Air Tower	294635	H	
o000	1865429040	units	Anti Air Tower	294657	H	
o000	1865429040	units	Anti Air Tower	294738	H	
o000	1865429040	units	Anti Air Tower	294764	H	
o000	1865429040	units	Anti Air Tower	294786	H	
o001	1865429041	units	Catapult	294865	H	
o001	1865429041	units	Catapult	294891	H	
o001	1865429041	units	Catapult	294913	H	
o001	1865429041	units	Catapult	294980	H	
o001	1865429041	units	Catapult	295006	H	
o001	1865429041	units	Catapult	295028	H	
o001	1865429041	units	Catapult	295095	H	
o001	1865429041	units	Catapult	295121	H	
o001	1865429041	units	Catapult	295143	H	
o001	1865429041	units	Catapult	295222	H	
o001	1865429041	units	Catapult	295248	H	
o001	1865429041	units	Catapult	295270	H	
o001	1865429041	units	Catapult	295349	H	
o001	1865429041	units	Catapult	295375	H	
o001	1865429041	units	Catapult	295397	H	
o002	1865429042	units	Grunt	295464	H	
o002	1865429042	units	Grunt	295490	H	
o002	1865429042	units	Grunt	295512	H	
o002	1865429042	units	Grunt	295579	H	
o002	1865429042	units	Grunt	295605	H	
o002	1865429042	units	Grunt	295627	H	
o002	1865429042	units	Grunt	295694	H	
o002	1865429042	units	Grunt	295720	H	
o002	1865429042	units	Grunt	295742	H	
o002	1865429042	units	Grunt	295821	H	
o002	1865429042	units	Grunt	295847	H	
o002	1865429042	units	Grunt	295869	H	
o003	1865429043	units	Shaman	295936	H	
o003	1865429043	units	Shaman	295962	H	
o003	1865429043	units	Shaman	295984	H	
o003	1865429043	units	Shaman	296051	H	
o003	1865429043	units	Shaman	296077	H	
o003	1865429043	units	Shaman	296099	H	
o003	1865429043	units	Shaman	296166	H	
o003	1865429043	units	Shaman	296192	H	
o003	1865429043	units	Shaman	296214	H	
o003	1865429043	units	Shaman	296293	H	
o003	1865429043	units	Shaman	296319	H	
o003	1865429043	units	Shaman	296341	H	
o003	1865429043	units	Shaman	296420	H	
o003	1865429043	units	Shaman	296446	H	
o003	1865429043	units	Shaman	296468	H	
o004	1865429044	units	Veteran Grunt	296535	H	
o004	1865429044	units	Veteran Grunt	296561	H	
o004	1865429044	units	Veteran Grunt	296583	H	
o004	1865429044	units	Veteran Grunt	296650	H	
o004	1865429044	units	Veteran Grunt	296676	H	
o004	1865429044	units	Veteran Grunt	296698	H	
o004	1865429044	units	Veteran Grunt	296765	H	
o004	1865429044	units	Veteran Grunt	296791	H	
o004	1865429044	units	Veteran Grunt	296813	H	
o004	1865429044	units	Veteran Grunt	296892	H	
o004	1865429044	units	Veteran Grunt	296918	H	
o004	1865429044	units	Veteran Grunt	296940	H	
o004	1865429044	units	Veteran Grunt	297007	H	
o004	1865429044	units	Veteran Grunt	297033	H	
o004	1865429044	units	Veteran Grunt	297055	H	
o005	1865429045	units	Axemaster	297124	H	
o005	1865429045	units	Axemaster	297150	H	
o005	1865429045	units	Axemaster	297172	H	
o005	1865429045	units	Axemaster	297239	H	
o005	1865429045	units	Axemaster	297265	H	
o005	1865429045	units	Axemaster	297287	H	
o005	1865429045	units	Axemaster	297354	H	
o005	1865429045	units	Axemaster	297380	H	
o005	1865429045	units	Axemaster	297402	H	
o005	1865429045	units	Axemaster	297481	H	
o005	1865429045	units	Axemaster	297507	H	
o005	1865429045	units	Axemaster	297529	H	
o005	1865429045	units	Axemaster	297596	H	
o005	1865429045	units	Axemaster	297622	H	
o005	1865429045	units	Axemaster	297644	H	
o006	1865429046	units	Defensive Kodo Rider	297713	H	
o006	1865429046	units	Defensive Kodo Rider	297739	H	
o006	1865429046	units	Defensive Kodo Rider	297761	H	
o006	1865429046	units	Defensive Kodo Rider	297828	H	
o006	1865429046	units	Defensive Kodo Rider	297854	H	
o006	1865429046	units	Defensive Kodo Rider	297876	H	
o006	1865429046	units	Defensive Kodo Rider	297943	H	
o006	1865429046	units	Defensive Kodo Rider	297969	H	
o006	1865429046	units	Defensive Kodo Rider	297991	H	
o006	1865429046	units	Defensive Kodo Rider	298070	H	
o006	1865429046	units	Defensive Kodo Rider	298096	H	
o006	1865429046	units	Defensive Kodo Rider	298118	H	
o006	1865429046	units	Defensive Kodo Rider	298197	H	
o006	1865429046	units	Defensive Kodo Rider	298223	H	
o006	1865429046	units	Defensive Kodo Rider	298245	H	
o006	1865429046	units	Defensive Kodo Rider	298312	H	
o006	1865429046	units	Defensive Kodo Rider	298338	H	
o006	1865429046	units	Defensive Kodo Rider	298360	H	
o007	1865429047	units	Kodo	298429	H	
o007	1865429047	units	Kodo	298455	H	
o007	1865429047	units	Kodo	298477	H	
o007	1865429047	units	Kodo	298544	H	
o007	1865429047	units	Kodo	298570	H	
o007	1865429047	units	Kodo	298592	H	
o007	1865429047	units	Kodo	298659	H	
o007	1865429047	units	Kodo	298685	H	
o007	1865429047	units	Kodo	298707	H	
o007	1865429047	units	Kodo	298786	H	
o007	1865429047	units	Kodo	298812	H	
o007	1865429047	units	Kodo	298834	H	
o007	1865429047	units	Kodo	298901	H	
o007	1865429047	units	Kodo	298927	H	
o007	1865429047	units	Kodo	298949	H	
o008	1865429048	units	Melee Kodo Rider	299018	H	
o008	1865429048	units	Melee Kodo Rider	299044	H	
o008	1865429048	units	Melee Kodo Rider	299066	H	
o008	1865429048	units	Melee Kodo Rider	299133	H	
o008	1865429048	units	Melee Kodo Rider	299159	H	
o008	1865429048	units	Melee Kodo Rider	299181	H	
o008	1865429048	units	Melee Kodo Rider	299248	H	
o008	1865429048	units	Melee Kodo Rider	299274	H	
o008	1865429048	units	Melee Kodo Rider	299296	H	
o008	1865429048	units	Melee Kodo Rider	299375	H	
o008	1865429048	units	Melee Kodo Rider	299401	H	
o008	1865429048	units	Melee Kodo Rider	299423	H	
o008	1865429048	units	Melee Kodo Rider	299502	H	
o008	1865429048	units	Melee Kodo Rider	299528	H	
o008	1865429048	units	Melee Kodo Rider	299550	H	
o008	1865429048	units	Melee Kodo Rider	299617	H	
o008	1865429048	units	Melee Kodo Rider	299643	H	
o008	1865429048	units	Melee Kodo Rider	299665	H	
o009	1865429049	units	Wyvern Rider	299734	H	
o009	1865429049	units	Wyvern Rider	299760	H	
o009	1865429049	units	Wyvern Rider	299782	H	
o009	1865429049	units	Wyvern Rider	299849	H	
o009	1865429049	units	Wyvern Rider	299875	H	
o009	1865429049	units	Wyvern Rider	299897	H	
o009	1865429049	units	Wyvern Rider	299964	H	
o009	1865429049	units	Wyvern Rider	299990	H	
o009	1865429049	units	Wyvern Rider	300012	H	
o009	1865429049	units	Wyvern Rider	300091	H	
o009	1865429049	units	Wyvern Rider	300117	H	
o009	1865429049	units	Wyvern Rider	300139	H	
o009	1865429049	units	Wyvern Rider	300218	H	
o009	1865429049	units	Wyvern Rider	300244	H	
o009	1865429049	units	Wyvern Rider	300266	H	
o009	1865429049	units	Wyvern Rider	300333	H	
o009	1865429049	units	Wyvern Rider	300359	H	
o009	1865429049	units	Wyvern Rider	300381	H	
o00B	1865429058	units	Spellbreaker Kodo Rider	300450	H	
o00B	1865429058	units	Spellbreaker Kodo Rider	300476	H	
o00B	1865429058	units	Spellbreaker Kodo Rider	300498	H	
o00B	1865429058	units	Spellbreaker Kodo Rider	300565	H	
o00B	1865429058	units	Spellbreaker Kodo Rider	300591	H	
o00B	1865429058	units	Spellbreaker Kodo Rider	300613	H	
o00B	1865429058	units	Spellbreaker Kodo Rider	300680	H	
o00B	1865429058	units	Spellbreaker Kodo Rider	300706	H	
o00B	1865429058	units	Spellbreaker Kodo Rider	300728	H	
o00B	1865429058	units	Spellbreaker Kodo Rider	300807	H	
o00B	1865429058	units	Spellbreaker Kodo Rider	300833	H	
o00B	1865429058	units	Spellbreaker Kodo Rider	300855	H	
o00B	1865429058	units	Spellbreaker Kodo Rider	300934	H	
o00B	1865429058	units	Spellbreaker Kodo Rider	300960	H	
o00B	1865429058	units	Spellbreaker Kodo Rider	300982	H	
o00B	1865429058	units	Spellbreaker Kodo Rider	301049	H	
o00B	1865429058	units	Spellbreaker Kodo Rider	301075	H	
o00B	1865429058	units	Spellbreaker Kodo Rider	301097	H	
o00F	1865429062	units	Infostealer	301166	H	
o00F	1865429062	units	Infostealer	301192	H	
o00F	1865429062	units	Infostealer	301214	H	
o00F	1865429062	units	Infostealer	301281	H	
o00F	1865429062	units	Infostealer	301307	H	
o00F	1865429062	units	Infostealer	301329	H	
o00F	1865429062	units	Infostealer	301396	H	
o00F	1865429062	units	Infostealer	301422	H	
o00F	1865429062	units	Infostealer	301444	H	
o00F	1865429062	units	Infostealer	301523	H	
o00F	1865429062	units	Infostealer	301549	H	
o00F	1865429062	units	Infostealer	301571	H	
o00F	1865429062	units	Infostealer	301650	H	
o00F	1865429062	units	Infostealer	301676	H	
o00F	1865429062	units	Infostealer	301698	H	
X019	1479553337	units	Orc Builder	301765	H	
X019	1479553337	units	Orc Builder	301791	H	
X019	1479553337	units	Orc Builder	301813	H	
X019	1479553337	units	Orc Builder	301880	H	
X019	1479553337	units	Orc Builder	301906	H	
X019	1479553337	units	Orc Builder	301928	H	
X019	1479553337	units	Orc Builder	301995	H	
X019	1479553337	units	Orc Builder	302021	H	
X019	1479553337	units	Orc Builder	302043	H	
o00G	1865429063	units	Blood Shaman	302112	H	
o00G	1865429063	units	Blood Shaman	302138	H	
o00G	1865429063	units	Blood Shaman	302160	H	
o00G	1865429063	units	Blood Shaman	302227	H	
o00G	1865429063	units	Blood Shaman	302253	H	
o00G	1865429063	units	Blood Shaman	302275	H	
o00G	1865429063	units	Blood Shaman	302342	H	
o00G	1865429063	units	Blood Shaman	302368	H	
o00G	1865429063	units	Blood Shaman	302390	H	
o00G	1865429063	units	Blood Shaman	302469	H	
o00G	1865429063	units	Blood Shaman	302495	H	
o00G	1865429063	units	Blood Shaman	302517	H	
o00G	1865429063	units	Blood Shaman	302596	H	
o00G	1865429063	units	Blood Shaman	302622	H	
o00G	1865429063	units	Blood Shaman	302644	H	
h07Q	1747990353	units	Blood Shaman Tent	302711	H	
h07Q	1747990353	units	Blood Shaman Tent	302737	H	
h07Q	1747990353	units	Blood Shaman Tent	302759	H	
h07Q	1747990353	units	Blood Shaman Tent	302828	H	
h07Q	1747990353	units	Blood Shaman Tent	302854	H	
h07Q	1747990353	units	Blood Shaman Tent	302876	H	
h07Q	1747990353	units	Blood Shaman Tent	302955	H	
h07Q	1747990353	units	Blood Shaman Tent	302981	H	
h07Q	1747990353	units	Blood Shaman Tent	303003	H	
h07X	1747990360	units	Stasis Totem	303082	H	
h07X	1747990360	units	Stasis Totem	303108	H	
h07X	1747990360	units	Stasis Totem	303130	H	
h07X	1747990360	units	Stasis Totem	303197	H	
h07X	1747990360	units	Stasis Totem	303223	H	
h07X	1747990360	units	Stasis Totem	303245	H	
h07X	1747990360	units	Stasis Totem	303324	H	
h07X	1747990360	units	Stasis Totem	303350	H	
h07X	1747990360	units	Stasis Totem	303372	H	
h07X	1747990360	units	Stasis Totem	303451	H	
h07X	1747990360	units	Stasis Totem	303477	H	
h07X	1747990360	units	Stasis Totem	303499	H	
h07Y	1747990361	units	Healing Totem	303566	H	
h07Y	1747990361	units	Healing Totem	303592	H	
h07Y	1747990361	units	Healing Totem	303614	H	
h07Y	1747990361	units	Healing Totem	303681	H	
h07Y	1747990361	units	Healing Totem	303707	H	
h07Y	1747990361	units	Healing Totem	303729	H	
h07Y	1747990361	units	Healing Totem	303808	H	
h07Y	1747990361	units	Healing Totem	303834	H	
h07Y	1747990361	units	Healing Totem	303856	H	
h07Y	1747990361	units	Healing Totem	303935	H	
h07Y	1747990361	units	Healing Totem	303961	H	
h07Y	1747990361	units	Healing Totem	303983	H	
h07Z	1747990362	units	Endurance Totem	304050	H	
h07Z	1747990362	units	Endurance Totem	304076	H	
h07Z	1747990362	units	Endurance Totem	304098	H	
h07Z	1747990362	units	Endurance Totem	304165	H	
h07Z	1747990362	units	Endurance Totem	304191	H	
h07Z	1747990362	units	Endurance Totem	304213	H	
h07Z	1747990362	units	Endurance Totem	304292	H	
h07Z	1747990362	units	Endurance Totem	304318	H	
h07Z	1747990362	units	Endurance Totem	304340	H	
h07Z	1747990362	units	Endurance Totem	304419	H	
h07Z	1747990362	units	Endurance Totem	304445	H	
h07Z	1747990362	units	Endurance Totem	304467	H	
u00G	1966092359	units	Locust Harpy	304534	H	
u00G	1966092359	units	Locust Harpy	304560	H	
u00G	1966092359	units	Locust Harpy	304582	H	
u00G	1966092359	units	Locust Harpy	304649	H	
u00G	1966092359	units	Locust Harpy	304675	H	
u00G	1966092359	units	Locust Harpy	304697	H	
n03D	1848652612	units	Bamboo Dojo	304766	H	
n03D	1848652612	units	Bamboo Dojo	304792	H	
n03D	1848652612	units	Bamboo Dojo	304814	H	
n03D	1848652612	units	Bamboo Dojo	304883	H	
n03D	1848652612	units	Bamboo Dojo	304909	H	
n03D	1848652612	units	Bamboo Dojo	304931	H	
n03E	1848652613	units	Sagepaw Monk	305010	H	
n03E	1848652613	units	Sagepaw Monk	305036	H	
n03E	1848652613	units	Sagepaw Monk	305058	H	
n03E	1848652613	units	Sagepaw Monk	305125	H	
n03E	1848652613	units	Sagepaw Monk	305151	H	
n03E	1848652613	units	Sagepaw Monk	305173	H	
n03E	1848652613	units	Sagepaw Monk	305252	H	
n03E	1848652613	units	Sagepaw Monk	305278	H	
n03E	1848652613	units	Sagepaw Monk	305300	H	
X07P	1479554896	units	Pandaren Builder	305369	H	
X07P	1479554896	units	Pandaren Builder	305395	H	
X07P	1479554896	units	Pandaren Builder	305417	H	
X07P	1479554896	units	Pandaren Builder	305484	H	
X07P	1479554896	units	Pandaren Builder	305510	H	
X07P	1479554896	units	Pandaren Builder	305532	H	
X07P	1479554896	units	Pandaren Builder	305599	H	
X07P	1479554896	units	Pandaren Builder	305625	H	
X07P	1479554896	units	Pandaren Builder	305647	H	
n03F	1848652614	units	Brew Hut	305716	H	
n03F	1848652614	units	Brew Hut	305742	H	
n03F	1848652614	units	Brew Hut	305764	H	
n03F	1848652614	units	Brew Hut	305833	H	
n03F	1848652614	units	Brew Hut	305859	H	
n03F	1848652614	units	Brew Hut	305881	H	
n03G	1848652615	units	Ironpaw Militia	305960	H	
n03G	1848652615	units	Ironpaw Militia	305986	H	
n03G	1848652615	units	Ironpaw Militia	306008	H	
n03G	1848652615	units	Ironpaw Militia	306075	H	
n03G	1848652615	units	Ironpaw Militia	306101	H	
n03G	1848652615	units	Ironpaw Militia	306123	H	
n03G	1848652615	units	Ironpaw Militia	306190	H	
n03G	1848652615	units	Ironpaw Militia	306216	H	
n03G	1848652615	units	Ironpaw Militia	306238	H	
n03G	1848652615	units	Ironpaw Militia	306317	H	
n03G	1848652615	units	Ironpaw Militia	306343	H	
n03G	1848652615	units	Ironpaw Militia	306365	H	
n03G	1848652615	units	Ironpaw Militia	306432	H	
n03G	1848652615	units	Ironpaw Militia	306458	H	
n03G	1848652615	units	Ironpaw Militia	306480	H	
n03H	1848652616	units	Temple of the Wandering Spark	306549	H	
n03H	1848652616	units	Temple of the Wandering Spark	306575	H	
n03H	1848652616	units	Temple of the Wandering Spark	306597	H	
n03H	1848652616	units	Temple of the Wandering Spark	306666	H	
n03H	1848652616	units	Temple of the Wandering Spark	306692	H	
n03H	1848652616	units	Temple of the Wandering Spark	306714	H	
n03I	1848652617	units	Echofoot Mystic	306793	H	
n03I	1848652617	units	Echofoot Mystic	306819	H	
n03I	1848652617	units	Echofoot Mystic	306841	H	
n03I	1848652617	units	Echofoot Mystic	306908	H	
n03I	1848652617	units	Echofoot Mystic	306934	H	
n03I	1848652617	units	Echofoot Mystic	306956	H	
n03I	1848652617	units	Echofoot Mystic	307035	H	
n03I	1848652617	units	Echofoot Mystic	307061	H	
n03I	1848652617	units	Echofoot Mystic	307083	H	
n03J	1848652618	units	Ironpaw Guardian	307152	H	
n03J	1848652618	units	Ironpaw Guardian	307178	H	
n03J	1848652618	units	Ironpaw Guardian	307200	H	
n03J	1848652618	units	Ironpaw Guardian	307267	H	
n03J	1848652618	units	Ironpaw Guardian	307293	H	
n03J	1848652618	units	Ironpaw Guardian	307315	H	
n03J	1848652618	units	Ironpaw Guardian	307382	H	
n03J	1848652618	units	Ironpaw Guardian	307408	H	
n03J	1848652618	units	Ironpaw Guardian	307430	H	
n03J	1848652618	units	Ironpaw Guardian	307509	H	
n03J	1848652618	units	Ironpaw Guardian	307535	H	
n03J	1848652618	units	Ironpaw Guardian	307557	H	
n03J	1848652618	units	Ironpaw Guardian	307624	H	
n03J	1848652618	units	Ironpaw Guardian	307650	H	
n03J	1848652618	units	Ironpaw Guardian	307672	H	
n03K	1848652619	units	Fighting Tavern	307741	H	
n03K	1848652619	units	Fighting Tavern	307767	H	
n03K	1848652619	units	Fighting Tavern	307789	H	
n03K	1848652619	units	Fighting Tavern	307858	H	
n03K	1848652619	units	Fighting Tavern	307884	H	
n03K	1848652619	units	Fighting Tavern	307906	H	
n03L	1848652620	units	Jade Shrine	307985	H	
n03L	1848652620	units	Jade Shrine	308011	H	
n03L	1848652620	units	Jade Shrine	308033	H	
n03L	1848652620	units	Jade Shrine	308102	H	
n03L	1848652620	units	Jade Shrine	308128	H	
n03L	1848652620	units	Jade Shrine	308150	H	
n03M	1848652621	units	Jade Elder	308229	H	
n03M	1848652621	units	Jade Elder	308255	H	
n03M	1848652621	units	Jade Elder	308277	H	
n03M	1848652621	units	Jade Elder	308344	H	
n03M	1848652621	units	Jade Elder	308370	H	
n03M	1848652621	units	Jade Elder	308392	H	
n03M	1848652621	units	Jade Elder	308471	H	
n03M	1848652621	units	Jade Elder	308497	H	
n03M	1848652621	units	Jade Elder	308519	H	
h07P	1747990352	units	Poof Tower	308588	H	
h07P	1747990352	units	Poof Tower	308614	H	
h07P	1747990352	units	Poof Tower	308636	H	
h07P	1747990352	units	Poof Tower	308703	H	
h07P	1747990352	units	Poof Tower	308729	H	
h07P	1747990352	units	Poof Tower	308751	H	
h07P	1747990352	units	Poof Tower	308820	H	
h07P	1747990352	units	Poof Tower	308846	H	
h07P	1747990352	units	Poof Tower	308868	H	
h07P	1747990352	units	Poof Tower	308949	H	
h07P	1747990352	units	Poof Tower	308975	H	
h07P	1747990352	units	Poof Tower	308997	H	
o00H	1865429064	units	Brewshock Catapult	309076	H	
o00H	1865429064	units	Brewshock Catapult	309102	H	
o00H	1865429064	units	Brewshock Catapult	309124	H	
o00H	1865429064	units	Brewshock Catapult	309191	H	
o00H	1865429064	units	Brewshock Catapult	309217	H	
o00H	1865429064	units	Brewshock Catapult	309239	H	
o00H	1865429064	units	Brewshock Catapult	309306	H	
o00H	1865429064	units	Brewshock Catapult	309332	H	
o00H	1865429064	units	Brewshock Catapult	309354	H	
o00H	1865429064	units	Brewshock Catapult	309433	H	
o00H	1865429064	units	Brewshock Catapult	309459	H	
o00H	1865429064	units	Brewshock Catapult	309481	H	
o00H	1865429064	units	Brewshock Catapult	309560	H	
o00H	1865429064	units	Brewshock Catapult	309586	H	
o00H	1865429064	units	Brewshock Catapult	309608	H	
n03N	1848652622	units	Pandaren Siege Workshop	309675	H	
n03N	1848652622	units	Pandaren Siege Workshop	309701	H	
n03N	1848652622	units	Pandaren Siege Workshop	309723	H	
n03N	1848652622	units	Pandaren Siege Workshop	309792	H	
n03N	1848652622	units	Pandaren Siege Workshop	309818	H	
n03N	1848652622	units	Pandaren Siege Workshop	309840	H	
n03O	1848652623	units	Drunken Brewmaster	309919	H	
n03O	1848652623	units	Drunken Brewmaster	309945	H	
n03O	1848652623	units	Drunken Brewmaster	309967	H	
n03O	1848652623	units	Drunken Brewmaster	310034	H	
n03O	1848652623	units	Drunken Brewmaster	310060	H	
n03O	1848652623	units	Drunken Brewmaster	310082	H	
n03O	1848652623	units	Drunken Brewmaster	310149	H	
n03O	1848652623	units	Drunken Brewmaster	310175	H	
n03O	1848652623	units	Drunken Brewmaster	310197	H	
n03O	1848652623	units	Drunken Brewmaster	310276	H	
n03O	1848652623	units	Drunken Brewmaster	310302	H	
n03O	1848652623	units	Drunken Brewmaster	310324	H	
n03O	1848652623	units	Drunken Brewmaster	310391	H	
n03O	1848652623	units	Drunken Brewmaster	310417	H	
n03O	1848652623	units	Drunken Brewmaster	310439	H	
n03P	1848652624	units	Temple of Ten Thousand Drinks	310508	H	
n03P	1848652624	units	Temple of Ten Thousand Drinks	310534	H	
n03P	1848652624	units	Temple of Ten Thousand Drinks	310556	H	
n03P	1848652624	units	Temple of Ten Thousand Drinks	310625	H	
n03P	1848652624	units	Temple of Ten Thousand Drinks	310651	H	
n03P	1848652624	units	Temple of Ten Thousand Drinks	310673	H	
n03P	1848652624	units	Temple of Ten Thousand Drinks	310754	H	
n03P	1848652624	units	Temple of Ten Thousand Drinks	310780	H	
n03P	1848652624	units	Temple of Ten Thousand Drinks	310802	H	
n03P	1848652624	units	Temple of Ten Thousand Drinks	310881	H	
n03P	1848652624	units	Temple of Ten Thousand Drinks	310907	H	
n03P	1848652624	units	Temple of Ten Thousand Drinks	310929	H	
h07R	1747990354	units	Thunderpaw Spire	310996	H	
h07R	1747990354	units	Thunderpaw Spire	311022	H	
h07R	1747990354	units	Thunderpaw Spire	311044	H	
h07R	1747990354	units	Thunderpaw Spire	311113	H	
h07R	1747990354	units	Thunderpaw Spire	311139	H	
h07R	1747990354	units	Thunderpaw Spire	311161	H	
h07R	1747990354	units	Thunderpaw Spire	311242	H	
h07R	1747990354	units	Thunderpaw Spire	311268	H	
h07R	1747990354	units	Thunderpaw Spire	311290	H	
n03Q	1848652625	units	Cloud Hangar	311369	H	
n03Q	1848652625	units	Cloud Hangar	311395	H	
n03Q	1848652625	units	Cloud Hangar	311417	H	
n03Q	1848652625	units	Cloud Hangar	311486	H	
n03Q	1848652625	units	Cloud Hangar	311512	H	
n03Q	1848652625	units	Cloud Hangar	311534	H	
h07S	1747990355	units	Cloud Ship	311613	H	
h07S	1747990355	units	Cloud Ship	311639	H	
h07S	1747990355	units	Cloud Ship	311661	H	
h07S	1747990355	units	Cloud Ship	311728	H	
h07S	1747990355	units	Cloud Ship	311754	H	
h07S	1747990355	units	Cloud Ship	311776	H	
h07S	1747990355	units	Cloud Ship	311843	H	
h07S	1747990355	units	Cloud Ship	311869	H	
h07S	1747990355	units	Cloud Ship	311891	H	
h07S	1747990355	units	Cloud Ship	311970	H	
h07S	1747990355	units	Cloud Ship	311996	H	
h07S	1747990355	units	Cloud Ship	312018	H	
h07S	1747990355	units	Cloud Ship	312097	H	
h07S	1747990355	units	Cloud Ship	312123	H	
h07S	1747990355	units	Cloud Ship	312145	H	
h07S	1747990355	units	Cloud Ship	312212	H	
h07S	1747990355	units	Cloud Ship	312238	H	
h07S	1747990355	units	Cloud Ship	312260	H	
h07T	1747990356	units	Withering Hall	312329	H	
h07T	1747990356	units	Withering Hall	312355	H	
h07T	1747990356	units	Withering Hall	312377	H	
h07T	1747990356	units	Withering Hall	312446	H	
h07T	1747990356	units	Withering Hall	312472	H	
h07T	1747990356	units	Withering Hall	312494	H	
h07T	1747990356	units	Withering Hall	312575	H	
h07T	1747990356	units	Withering Hall	312601	H	
h07T	1747990356	units	Withering Hall	312623	H	
h07V	1747990358	units	Celestial Chi Tower	312702	H	
h07V	1747990358	units	Celestial Chi Tower	312728	H	
h07V	1747990358	units	Celestial Chi Tower	312750	H	
h07V	1747990358	units	Celestial Chi Tower	312817	H	
h07V	1747990358	units	Celestial Chi Tower	312843	H	
h07V	1747990358	units	Celestial Chi Tower	312865	H	
h07V	1747990358	units	Celestial Chi Tower	312934	H	
h07V	1747990358	units	Celestial Chi Tower	312960	H	
h07V	1747990358	units	Celestial Chi Tower	312982	H	
h07V	1747990358	units	Celestial Chi Tower	313064	H	
h07V	1747990358	units	Celestial Chi Tower	313090	H	
h07V	1747990358	units	Celestial Chi Tower	313112	H	
h07V	1747990358	units	Celestial Chi Tower	313191	H	
h07V	1747990358	units	Celestial Chi Tower	313217	H	
h07V	1747990358	units	Celestial Chi Tower	313239	H	
n03S	1848652627	units	Sagepaw Sanctum	313306	H	
n03S	1848652627	units	Sagepaw Sanctum	313332	H	
n03S	1848652627	units	Sagepaw Sanctum	313354	H	
n03S	1848652627	units	Sagepaw Sanctum	313423	H	
n03S	1848652627	units	Sagepaw Sanctum	313449	H	
n03S	1848652627	units	Sagepaw Sanctum	313471	H	
n03T	1848652628	units	Sagepaw Soulkeeper	313550	H	
n03T	1848652628	units	Sagepaw Soulkeeper	313576	H	
n03T	1848652628	units	Sagepaw Soulkeeper	313598	H	
n03T	1848652628	units	Sagepaw Soulkeeper	313665	H	
n03T	1848652628	units	Sagepaw Soulkeeper	313691	H	
n03T	1848652628	units	Sagepaw Soulkeeper	313713	H	
n03T	1848652628	units	Sagepaw Soulkeeper	313792	H	
n03T	1848652628	units	Sagepaw Soulkeeper	313818	H	
n03T	1848652628	units	Sagepaw Soulkeeper	313840	H	
e008	1697656888	units	dummy	313909	H	
e008	1697656888	units	dummy	313935	H	
e008	1697656888	units	dummy	313957	H	
e008	1697656888	units	dummy	314024	H	
e008	1697656888	units	dummy	314050	H	
e008	1697656888	units	dummy	314072	H	
e00M	1697656909	units	PROGR dummy	314139	H	
e00M	1697656909	units	PROGR dummy	314165	H	
e00M	1697656909	units	PROGR dummy	314187	H	
e00M	1697656909	units	PROGR dummy	314254	H	
e00M	1697656909	units	PROGR dummy	314280	H	
e00M	1697656909	units	PROGR dummy	314302	H	
e00M	1697656909	units	PROGR dummy	314381	H	
e00M	1697656909	units	PROGR dummy	314407	H	
e00M	1697656909	units	PROGR dummy	314429	H	
e00M	1697656909	units	PROGR dummy	314496	H	
e00M	1697656909	units	PROGR dummy	314522	H	
e00M	1697656909	units	PROGR dummy	314544	H	
h008	1747988536	units	Treasure Box	314611	H	
h008	1747988536	units	Treasure Box	314637	H	
h008	1747988536	units	Treasure Box	314659	H	
h008	1747988536	units	Treasure Box	314728	H	
h008	1747988536	units	Treasure Box	314754	H	
h008	1747988536	units	Treasure Box	314776	H	
h008	1747988536	units	Treasure Box	314857	H	
h008	1747988536	units	Treasure Box	314883	H	
h008	1747988536	units	Treasure Box	314905	H	
h00C	1747988547	units	Human Builder	314984	H	
h00C	1747988547	units	Human Builder	315010	H	
h00C	1747988547	units	Human Builder	315032	H	
h00C	1747988547	units	Human Builder	315099	H	
h00C	1747988547	units	Human Builder	315125	H	
h00C	1747988547	units	Human Builder	315147	H	
h00C	1747988547	units	Human Builder	315214	H	
h00C	1747988547	units	Human Builder	315240	H	
h00C	1747988547	units	Human Builder	315262	H	
h00D	1747988548	units	Dummy	315331	H	
h00D	1747988548	units	Dummy	315357	H	
h00D	1747988548	units	Dummy	315379	H	
h00D	1747988548	units	Dummy	315458	H	
h00D	1747988548	units	Dummy	315484	H	
h00D	1747988548	units	Dummy	315506	H	
h00E	1747988549	units	Naga Builder	315573	H	
h00E	1747988549	units	Naga Builder	315599	H	
h00E	1747988549	units	Naga Builder	315621	H	
h00E	1747988549	units	Naga Builder	315688	H	
h00E	1747988549	units	Naga Builder	315714	H	
h00E	1747988549	units	Naga Builder	315736	H	
h00E	1747988549	units	Naga Builder	315803	H	
h00E	1747988549	units	Naga Builder	315829	H	
h00E	1747988549	units	Naga Builder	315851	H	
h00O	1747988559	units	Chaos Builder	315920	H	
h00O	1747988559	units	Chaos Builder	315946	H	
h00O	1747988559	units	Chaos Builder	315968	H	
h00O	1747988559	units	Chaos Builder	316035	H	
h00O	1747988559	units	Chaos Builder	316061	H	
h00O	1747988559	units	Chaos Builder	316083	H	
h00O	1747988559	units	Chaos Builder	316150	H	
h00O	1747988559	units	Chaos Builder	316176	H	
h00O	1747988559	units	Chaos Builder	316198	H	
h00P	1747988560	units	Elf Builder	316267	H	
h00P	1747988560	units	Elf Builder	316293	H	
h00P	1747988560	units	Elf Builder	316315	H	
h00P	1747988560	units	Elf Builder	316382	H	
h00P	1747988560	units	Elf Builder	316408	H	
h00P	1747988560	units	Elf Builder	316430	H	
h00P	1747988560	units	Elf Builder	316497	H	
h00P	1747988560	units	Elf Builder	316523	H	
h00P	1747988560	units	Elf Builder	316545	H	
h017	1747988791	units	Northern Builder	316614	H	
h017	1747988791	units	Northern Builder	316640	H	
h017	1747988791	units	Northern Builder	316662	H	
h017	1747988791	units	Northern Builder	316729	H	
h017	1747988791	units	Northern Builder	316755	H	
h017	1747988791	units	Northern Builder	316777	H	
h017	1747988791	units	Northern Builder	316844	H	
h017	1747988791	units	Northern Builder	316870	H	
h017	1747988791	units	Northern Builder	316892	H	
h018	1747988792	units	Undead Builder	316961	H	
h018	1747988792	units	Undead Builder	316987	H	
h018	1747988792	units	Undead Builder	317009	H	
h018	1747988792	units	Undead Builder	317076	H	
h018	1747988792	units	Undead Builder	317102	H	
h018	1747988792	units	Undead Builder	317124	H	
h018	1747988792	units	Undead Builder	317191	H	
h018	1747988792	units	Undead Builder	317217	H	
h018	1747988792	units	Undead Builder	317239	H	
h019	1747988793	units	Orc Builder	317308	H	
h019	1747988793	units	Orc Builder	317334	H	
h019	1747988793	units	Orc Builder	317356	H	
h019	1747988793	units	Orc Builder	317423	H	
h019	1747988793	units	Orc Builder	317449	H	
h019	1747988793	units	Orc Builder	317471	H	
h019	1747988793	units	Orc Builder	317538	H	
h019	1747988793	units	Orc Builder	317564	H	
h019	1747988793	units	Orc Builder	317586	H	
h01A	1747988801	units	Nature Builder	317655	H	
h01A	1747988801	units	Nature Builder	317681	H	
h01A	1747988801	units	Nature Builder	317703	H	
h01A	1747988801	units	Nature Builder	317770	H	
h01A	1747988801	units	Nature Builder	317796	H	
h01A	1747988801	units	Nature Builder	317818	H	
h01A	1747988801	units	Nature Builder	317885	H	
h01A	1747988801	units	Nature Builder	317911	H	
h01A	1747988801	units	Nature Builder	317933	H	
h01G	1747988807	units	DemolishDummy	318002	H	
h01G	1747988807	units	DemolishDummy	318028	H	
h01G	1747988807	units	DemolishDummy	318050	H	
h01G	1747988807	units	DemolishDummy	318129	H	
h01G	1747988807	units	DemolishDummy	318155	H	
h01G	1747988807	units	DemolishDummy	318177	H	
h01V	1747988822	units	Lesser Vampire	318244	H	
h01V	1747988822	units	Lesser Vampire	318270	H	
h01V	1747988822	units	Lesser Vampire	318292	H	
h01V	1747988822	units	Lesser Vampire	318359	H	
h01V	1747988822	units	Lesser Vampire	318385	H	
h01V	1747988822	units	Lesser Vampire	318407	H	
h01V	1747988822	units	Lesser Vampire	318474	H	
h01V	1747988822	units	Lesser Vampire	318500	H	
h01V	1747988822	units	Lesser Vampire	318522	H	
h01V	1747988822	units	Lesser Vampire	318601	H	
h01V	1747988822	units	Lesser Vampire	318627	H	
h01V	1747988822	units	Lesser Vampire	318649	H	
h02E	1747989061	units	Spider Egg Sack: Web	318716	H	
h02E	1747989061	units	Spider Egg Sack: Web	318742	H	
h02E	1747989061	units	Spider Egg Sack: Web	318764	H	
h02E	1747989061	units	Spider Egg Sack: Web	318831	H	
h02E	1747989061	units	Spider Egg Sack: Web	318857	H	
h02E	1747989061	units	Spider Egg Sack: Web	318879	H	
h02E	1747989061	units	Spider Egg Sack: Web	318958	H	
h02E	1747989061	units	Spider Egg Sack: Web	318984	H	
h02E	1747989061	units	Spider Egg Sack: Web	319006	H	
h02F	1747989062	units	Spider Egg Nest: Bones	319085	H	
h02F	1747989062	units	Spider Egg Nest: Bones	319111	H	
h02F	1747989062	units	Spider Egg Nest: Bones	319133	H	
h02F	1747989062	units	Spider Egg Nest: Bones	319200	H	
h02F	1747989062	units	Spider Egg Nest: Bones	319226	H	
h02F	1747989062	units	Spider Egg Nest: Bones	319248	H	
h02F	1747989062	units	Spider Egg Nest: Bones	319327	H	
h02F	1747989062	units	Spider Egg Nest: Bones	319353	H	
h02F	1747989062	units	Spider Egg Nest: Bones	319375	H	
h02G	1747989063	units	Spider Egg Nest: Wood	319454	H	
h02G	1747989063	units	Spider Egg Nest: Wood	319480	H	
h02G	1747989063	units	Spider Egg Nest: Wood	319502	H	
h02G	1747989063	units	Spider Egg Nest: Wood	319569	H	
h02G	1747989063	units	Spider Egg Nest: Wood	319595	H	
h02G	1747989063	units	Spider Egg Nest: Wood	319617	H	
h02G	1747989063	units	Spider Egg Nest: Wood	319696	H	
h02G	1747989063	units	Spider Egg Nest: Wood	319722	H	
h02G	1747989063	units	Spider Egg Nest: Wood	319744	H	
h02J	1747989066	units	Spider Egg: Rock Base	319823	H	
h02J	1747989066	units	Spider Egg: Rock Base	319849	H	
h02J	1747989066	units	Spider Egg: Rock Base	319871	H	
h02J	1747989066	units	Spider Egg: Rock Base	319938	H	
h02J	1747989066	units	Spider Egg: Rock Base	319964	H	
h02J	1747989066	units	Spider Egg: Rock Base	319986	H	
h02J	1747989066	units	Spider Egg: Rock Base	320065	H	
h02J	1747989066	units	Spider Egg: Rock Base	320091	H	
h02J	1747989066	units	Spider Egg: Rock Base	320113	H	
h02L	1747989068	units	Ancient of Hibernation: Roots	320192	H	
h02L	1747989068	units	Ancient of Hibernation: Roots	320218	H	
h02L	1747989068	units	Ancient of Hibernation: Roots	320240	H	
h02L	1747989068	units	Ancient of Hibernation: Roots	320307	H	
h02L	1747989068	units	Ancient of Hibernation: Roots	320333	H	
h02L	1747989068	units	Ancient of Hibernation: Roots	320355	H	
h02L	1747989068	units	Ancient of Hibernation: Roots	320434	H	
h02L	1747989068	units	Ancient of Hibernation: Roots	320460	H	
h02L	1747989068	units	Ancient of Hibernation: Roots	320482	H	
h02M	1747989069	units	Ancient of Hibernation: Owl	320561	H	
h02M	1747989069	units	Ancient of Hibernation: Owl	320587	H	
h02M	1747989069	units	Ancient of Hibernation: Owl	320609	H	
h02M	1747989069	units	Ancient of Hibernation: Owl	320676	H	
h02M	1747989069	units	Ancient of Hibernation: Owl	320702	H	
h02M	1747989069	units	Ancient of Hibernation: Owl	320724	H	
h02M	1747989069	units	Ancient of Hibernation: Owl	320803	H	
h02M	1747989069	units	Ancient of Hibernation: Owl	320829	H	
h02M	1747989069	units	Ancient of Hibernation: Owl	320851	H	
h02Q	1747989073	units	Furbolg Hut	320930	H	
h02Q	1747989073	units	Furbolg Hut	320956	H	
h02Q	1747989073	units	Furbolg Hut	320978	H	
h02Q	1747989073	units	Furbolg Hut	321045	H	
h02Q	1747989073	units	Furbolg Hut	321071	H	
h02Q	1747989073	units	Furbolg Hut	321093	H	
h02Q	1747989073	units	Furbolg Hut	321172	H	
h02Q	1747989073	units	Furbolg Hut	321198	H	
h02Q	1747989073	units	Furbolg Hut	321220	H	
h02S	1747989075	units	Monolith: Bush	321299	H	
h02S	1747989075	units	Monolith: Bush	321325	H	
h02S	1747989075	units	Monolith: Bush	321347	H	
h02S	1747989075	units	Monolith: Bush	321414	H	
h02S	1747989075	units	Monolith: Bush	321440	H	
h02S	1747989075	units	Monolith: Bush	321462	H	
h02S	1747989075	units	Monolith: Bush	321541	H	
h02S	1747989075	units	Monolith: Bush	321567	H	
h02S	1747989075	units	Monolith: Bush	321589	H	
h02T	1747989076	units	Monolith: Rocks	321668	H	
h02T	1747989076	units	Monolith: Rocks	321694	H	
h02T	1747989076	units	Monolith: Rocks	321716	H	
h02T	1747989076	units	Monolith: Rocks	321783	H	
h02T	1747989076	units	Monolith: Rocks	321809	H	
h02T	1747989076	units	Monolith: Rocks	321831	H	
h02T	1747989076	units	Monolith: Rocks	321910	H	
h02T	1747989076	units	Monolith: Rocks	321936	H	
h02T	1747989076	units	Monolith: Rocks	321958	H	
h02V	1747989078	units		322037	H	
h02V	1747989078	units		322063	H	
h02V	1747989078	units		322085	H	
h02V	1747989078	units		322152	H	
h02V	1747989078	units		322178	H	
h02V	1747989078	units		322200	H	
h02V	1747989078	units		322279	H	
h02V	1747989078	units		322305	H	
h02V	1747989078	units		322327	H	
h030	1747989296	units	Greater Elemental Of Fire	322406	H	
h030	1747989296	units	Greater Elemental Of Fire	322432	H	
h030	1747989296	units	Greater Elemental Of Fire	322454	H	
h030	1747989296	units	Greater Elemental Of Fire	322521	H	
h030	1747989296	units	Greater Elemental Of Fire	322547	H	
h030	1747989296	units	Greater Elemental Of Fire	322569	H	
h030	1747989296	units	Greater Elemental Of Fire	322648	H	
h030	1747989296	units	Greater Elemental Of Fire	322674	H	
h030	1747989296	units	Greater Elemental Of Fire	322696	H	
h033	1747989299	units	Race Chooser	322765	H	
h033	1747989299	units	Race Chooser	322791	H	
h033	1747989299	units	Race Chooser	322813	H	
h033	1747989299	units	Race Chooser	322880	H	
h033	1747989299	units	Race Chooser	322906	H	
h033	1747989299	units	Race Chooser	322928	H	
h04J	1747989578	units	Demonic Statue	322995	H	
h04J	1747989578	units	Demonic Statue	323021	H	
h04J	1747989578	units	Demonic Statue	323043	H	
h04J	1747989578	units	Demonic Statue	323110	H	
h04J	1747989578	units	Demonic Statue	323136	H	
h04J	1747989578	units	Demonic Statue	323158	H	
h04J	1747989578	units	Demonic Statue	323237	H	
h04J	1747989578	units	Demonic Statue	323263	H	
h04J	1747989578	units	Demonic Statue	323285	H	
h04X	1747989592	units	RescueDummy	323364	H	
h04X	1747989592	units	RescueDummy	323390	H	
h04X	1747989592	units	RescueDummy	323412	H	
h04X	1747989592	units	RescueDummy	323491	H	
h04X	1747989592	units	RescueDummy	323517	H	
h04X	1747989592	units	RescueDummy	323539	H	
h04Y	1747989593	units	Column	323606	H	
h04Y	1747989593	units	Column	323632	H	
h04Y	1747989593	units	Column	323654	H	
h04Y	1747989593	units	Column	323721	H	
h04Y	1747989593	units	Column	323747	H	
h04Y	1747989593	units	Column	323769	H	
h04Y	1747989593	units	Column	323848	H	
h04Y	1747989593	units	Column	323874	H	
h04Y	1747989593	units	Column	323896	H	
h050	1747989808	units	Column Ruined	323975	H	
h050	1747989808	units	Column Ruined	324001	H	
h050	1747989808	units	Column Ruined	324023	H	
h050	1747989808	units	Column Ruined	324090	H	
h050	1747989808	units	Column Ruined	324116	H	
h050	1747989808	units	Column Ruined	324138	H	
h050	1747989808	units	Column Ruined	324217	H	
h050	1747989808	units	Column Ruined	324243	H	
h050	1747989808	units	Column Ruined	324265	H	
h051	1747989809	units	Elemental Builder	324344	H	
h051	1747989809	units	Elemental Builder	324370	H	
h051	1747989809	units	Elemental Builder	324392	H	
h051	1747989809	units	Elemental Builder	324459	H	
h051	1747989809	units	Elemental Builder	324485	H	
h051	1747989809	units	Elemental Builder	324507	H	
h051	1747989809	units	Elemental Builder	324574	H	
h051	1747989809	units	Elemental Builder	324600	H	
h051	1747989809	units	Elemental Builder	324622	H	
h052	1747989810	units	Lightning (Alis)	324691	H	
h052	1747989810	units	Lightning (Alis)	324717	H	
h052	1747989810	units	Lightning (Alis)	324739	H	
h052	1747989810	units	Lightning (Alis)	324806	H	
h052	1747989810	units	Lightning (Alis)	324832	H	
h052	1747989810	units	Lightning (Alis)	324854	H	
h052	1747989810	units	Lightning (Alis)	324933	H	
h052	1747989810	units	Lightning (Alis)	324959	H	
h052	1747989810	units	Lightning (Alis)	324981	H	
h053	1747989811	units	Lightning (Coruscus)	325060	H	
h053	1747989811	units	Lightning (Coruscus)	325086	H	
h053	1747989811	units	Lightning (Coruscus)	325108	H	
h053	1747989811	units	Lightning (Coruscus)	325175	H	
h053	1747989811	units	Lightning (Coruscus)	325201	H	
h053	1747989811	units	Lightning (Coruscus)	325223	H	
h053	1747989811	units	Lightning (Coruscus)	325302	H	
h053	1747989811	units	Lightning (Coruscus)	325328	H	
h053	1747989811	units	Lightning (Coruscus)	325350	H	
h057	1747989815	units	Fire Pillar (Coruscus)	325429	H	
h057	1747989815	units	Fire Pillar (Coruscus)	325455	H	
h057	1747989815	units	Fire Pillar (Coruscus)	325477	H	
h057	1747989815	units	Fire Pillar (Coruscus)	325544	H	
h057	1747989815	units	Fire Pillar (Coruscus)	325570	H	
h057	1747989815	units	Fire Pillar (Coruscus)	325592	H	
h057	1747989815	units	Fire Pillar (Coruscus)	325671	H	
h057	1747989815	units	Fire Pillar (Coruscus)	325697	H	
h057	1747989815	units	Fire Pillar (Coruscus)	325719	H	
h058	1747989816	units	Fissure (Coruscus)	325798	H	
h058	1747989816	units	Fissure (Coruscus)	325824	H	
h058	1747989816	units	Fissure (Coruscus)	325846	H	
h058	1747989816	units	Fissure (Coruscus)	325913	H	
h058	1747989816	units	Fissure (Coruscus)	325939	H	
h058	1747989816	units	Fissure (Coruscus)	325961	H	
h058	1747989816	units	Fissure (Coruscus)	326040	H	
h058	1747989816	units	Fissure (Coruscus)	326066	H	
h058	1747989816	units	Fissure (Coruscus)	326088	H	
h05A	1747989825	units	HandOfJusticeDummy	326167	H	
h05A	1747989825	units	HandOfJusticeDummy	326193	H	
h05A	1747989825	units	HandOfJusticeDummy	326215	H	
h05A	1747989825	units	HandOfJusticeDummy	326294	H	
h05A	1747989825	units	HandOfJusticeDummy	326320	H	
h05A	1747989825	units	HandOfJusticeDummy	326342	H	
h05B	1747989826	units	Tornado (Atrium)	326409	H	
h05B	1747989826	units	Tornado (Atrium)	326435	H	
h05B	1747989826	units	Tornado (Atrium)	326457	H	
h05B	1747989826	units	Tornado (Atrium)	326524	H	
h05B	1747989826	units	Tornado (Atrium)	326550	H	
h05B	1747989826	units	Tornado (Atrium)	326572	H	
h05B	1747989826	units	Tornado (Atrium)	326651	H	
h05B	1747989826	units	Tornado (Atrium)	326677	H	
h05B	1747989826	units	Tornado (Atrium)	326699	H	
h05K	1747989835	units	Tornado (Thalamus)	326778	H	
h05K	1747989835	units	Tornado (Thalamus)	326804	H	
h05K	1747989835	units	Tornado (Thalamus)	326826	H	
h05K	1747989835	units	Tornado (Thalamus)	326893	H	
h05K	1747989835	units	Tornado (Thalamus)	326919	H	
h05K	1747989835	units	Tornado (Thalamus)	326941	H	
h05K	1747989835	units	Tornado (Thalamus)	327020	H	
h05K	1747989835	units	Tornado (Thalamus)	327046	H	
h05K	1747989835	units	Tornado (Thalamus)	327068	H	
h05N	1747989838	units	Anima	327147	H	
h05N	1747989838	units	Anima	327173	H	
h05N	1747989838	units	Anima	327195	H	
h05N	1747989838	units	Anima	327262	H	
h05N	1747989838	units	Anima	327288	H	
h05N	1747989838	units	Anima	327310	H	
h05N	1747989838	units	Anima	327389	H	
h05N	1747989838	units	Anima	327415	H	
h05N	1747989838	units	Anima	327437	H	
h05O	1747989839	units	Fontis Oris	327516	H	
h05O	1747989839	units	Fontis Oris	327542	H	
h05O	1747989839	units	Fontis Oris	327564	H	
h05O	1747989839	units	Fontis Oris	327631	H	
h05O	1747989839	units	Fontis Oris	327657	H	
h05O	1747989839	units	Fontis Oris	327679	H	
h05O	1747989839	units	Fontis Oris	327758	H	
h05O	1747989839	units	Fontis Oris	327784	H	
h05O	1747989839	units	Fontis Oris	327806	H	
h05P	1747989840	units	Ignis-fluus	327885	H	
h05P	1747989840	units	Ignis-fluus	327911	H	
h05P	1747989840	units	Ignis-fluus	327933	H	
h05P	1747989840	units	Ignis-fluus	328000	H	
h05P	1747989840	units	Ignis-fluus	328026	H	
h05P	1747989840	units	Ignis-fluus	328048	H	
h05P	1747989840	units	Ignis-fluus	328127	H	
h05P	1747989840	units	Ignis-fluus	328153	H	
h05P	1747989840	units	Ignis-fluus	328175	H	
h05Q	1747989841	units	FireOrb	328254	H	
h05Q	1747989841	units	FireOrb	328280	H	
h05Q	1747989841	units	FireOrb	328302	H	
h05Q	1747989841	units	FireOrb	328369	H	
h05Q	1747989841	units	FireOrb	328395	H	
h05Q	1747989841	units	FireOrb	328417	H	
h05Q	1747989841	units	FireOrb	328496	H	
h05Q	1747989841	units	FireOrb	328522	H	
h05Q	1747989841	units	FireOrb	328544	H	
h05S	1747989843	units	LightningOrb	328623	H	
h05S	1747989843	units	LightningOrb	328649	H	
h05S	1747989843	units	LightningOrb	328671	H	
h05S	1747989843	units	LightningOrb	328738	H	
h05S	1747989843	units	LightningOrb	328764	H	
h05S	1747989843	units	LightningOrb	328786	H	
h05S	1747989843	units	LightningOrb	328865	H	
h05S	1747989843	units	LightningOrb	328891	H	
h05S	1747989843	units	LightningOrb	328913	H	
h05W	1747989847	units	LandEffect	328992	H	
h05W	1747989847	units	LandEffect	329018	H	
h05W	1747989847	units	LandEffect	329040	H	
h05W	1747989847	units	LandEffect	329107	H	
h05W	1747989847	units	LandEffect	329133	H	
h05W	1747989847	units	LandEffect	329155	H	
h05W	1747989847	units	LandEffect	329234	H	
h05W	1747989847	units	LandEffect	329260	H	
h05W	1747989847	units	LandEffect	329282	H	
h05Y	1747989849	units	WindOrb	329361	H	
h05Y	1747989849	units	WindOrb	329387	H	
h05Y	1747989849	units	WindOrb	329409	H	
h05Y	1747989849	units	WindOrb	329476	H	
h05Y	1747989849	units	WindOrb	329502	H	
h05Y	1747989849	units	WindOrb	329524	H	
h05Y	1747989849	units	WindOrb	329603	H	
h05Y	1747989849	units	WindOrb	329629	H	
h05Y	1747989849	units	WindOrb	329651	H	
h064	1747990068	units	Linker	329730	H	
h064	1747990068	units	Linker	329756	H	
h064	1747990068	units	Linker	329778	H	
h064	1747990068	units	Linker	329845	H	
h064	1747990068	units	Linker	329871	H	
h064	1747990068	units	Linker	329893	H	
h064	1747990068	units	Linker	329972	H	
h064	1747990068	units	Linker	329998	H	
h064	1747990068	units	Linker	330020	H	
h065	1747990069	units	Obelisk of Elements	330099	H	
h065	1747990069	units	Obelisk of Elements	330125	H	
h065	1747990069	units	Obelisk of Elements	330147	H	
h065	1747990069	units	Obelisk of Elements	330214	H	
h065	1747990069	units	Obelisk of Elements	330240	H	
h065	1747990069	units	Obelisk of Elements	330262	H	
h065	1747990069	units	Obelisk of Elements	330341	H	
h065	1747990069	units	Obelisk of Elements	330367	H	
h065	1747990069	units	Obelisk of Elements	330389	H	
h066	1747990070	units	Book of Conjuration	330468	H	
h066	1747990070	units	Book of Conjuration	330494	H	
h066	1747990070	units	Book of Conjuration	330516	H	
h066	1747990070	units	Book of Conjuration	330583	H	
h066	1747990070	units	Book of Conjuration	330609	H	
h066	1747990070	units	Book of Conjuration	330631	H	
h066	1747990070	units	Book of Conjuration	330710	H	
h066	1747990070	units	Book of Conjuration	330736	H	
h066	1747990070	units	Book of Conjuration	330758	H	
h067	1747990071	units	Elemental Guard Tower	330837	H	
h067	1747990071	units	Elemental Guard Tower	330863	H	
h067	1747990071	units	Elemental Guard Tower	330885	H	
h067	1747990071	units	Elemental Guard Tower	330952	H	
h067	1747990071	units	Elemental Guard Tower	330978	H	
h067	1747990071	units	Elemental Guard Tower	331000	H	
h067	1747990071	units	Elemental Guard Tower	331079	H	
h067	1747990071	units	Elemental Guard Tower	331105	H	
h067	1747990071	units	Elemental Guard Tower	331127	H	
h06A	1747990081	units		331206	H	
h06A	1747990081	units		331232	H	
h06A	1747990081	units		331254	H	
h06G	1747990087	units	Book of Conjuration 2	331321	H	
h06G	1747990087	units	Book of Conjuration 2	331347	H	
h06G	1747990087	units	Book of Conjuration 2	331369	H	
h06G	1747990087	units	Book of Conjuration 2	331436	H	
h06G	1747990087	units	Book of Conjuration 2	331462	H	
h06G	1747990087	units	Book of Conjuration 2	331484	H	
h06G	1747990087	units	Book of Conjuration 2	331563	H	
h06G	1747990087	units	Book of Conjuration 2	331589	H	
h06G	1747990087	units	Book of Conjuration 2	331611	H	
h06H	1747990088	units	Skull Shrine2	331690	H	
h06H	1747990088	units	Skull Shrine2	331716	H	
h06H	1747990088	units	Skull Shrine2	331738	H	
h06H	1747990088	units	Skull Shrine2	331817	H	
h06H	1747990088	units	Skull Shrine2	331843	H	
h06H	1747990088	units	Skull Shrine2	331865	H	
h06P	1747990096	units	Mechanical Builder	331944	H	
h06P	1747990096	units	Mechanical Builder	331970	H	
h06P	1747990096	units	Mechanical Builder	331992	H	
h06P	1747990096	units	Mechanical Builder	332059	H	
h06P	1747990096	units	Mechanical Builder	332085	H	
h06P	1747990096	units	Mechanical Builder	332107	H	
h06P	1747990096	units	Mechanical Builder	332174	H	
h06P	1747990096	units	Mechanical Builder	332200	H	
h06P	1747990096	units	Mechanical Builder	332222	H	
h06V	1747990102	units	Nuke Dummy	332291	H	
h06V	1747990102	units	Nuke Dummy	332317	H	
h06V	1747990102	units	Nuke Dummy	332339	H	
h06V	1747990102	units	Nuke Dummy	332418	H	
h06V	1747990102	units	Nuke Dummy	332444	H	
h06V	1747990102	units	Nuke Dummy	332466	H	
h06V	1747990102	units	Nuke Dummy	332533	H	
h06V	1747990102	units	Nuke Dummy	332559	H	
h06V	1747990102	units	Nuke Dummy	332581	H	
h06W	1747990103	units	Nuke Explosion Dummy	332650	H	
h06W	1747990103	units	Nuke Explosion Dummy	332676	H	
h06W	1747990103	units	Nuke Explosion Dummy	332698	H	
h06W	1747990103	units	Nuke Explosion Dummy	332777	H	
h06W	1747990103	units	Nuke Explosion Dummy	332803	H	
h06W	1747990103	units	Nuke Explosion Dummy	332825	H	
h06X	1747990104	units	Nuke Start Dummy	332892	H	
h06X	1747990104	units	Nuke Start Dummy	332918	H	
h06X	1747990104	units	Nuke Start Dummy	332940	H	
h06X	1747990104	units	Nuke Start Dummy	333019	H	
h06X	1747990104	units	Nuke Start Dummy	333045	H	
h06X	1747990104	units	Nuke Start Dummy	333067	H	
h075	1747990325	units	Ultimate Builder	333134	H	
h075	1747990325	units	Ultimate Builder	333160	H	
h075	1747990325	units	Ultimate Builder	333182	H	
h075	1747990325	units	Ultimate Builder	333249	H	
h075	1747990325	units	Ultimate Builder	333275	H	
h075	1747990325	units	Ultimate Builder	333297	H	
h075	1747990325	units	Ultimate Builder	333364	H	
h075	1747990325	units	Ultimate Builder	333390	H	
h075	1747990325	units	Ultimate Builder	333412	H	
h07C	1747990339	units	Bloodmage	333481	H	
h07C	1747990339	units	Bloodmage	333507	H	
h07C	1747990339	units	Bloodmage	333529	H	
h07C	1747990339	units	Bloodmage	333596	H	
h07C	1747990339	units	Bloodmage	333622	H	
h07C	1747990339	units	Bloodmage	333644	H	
h07C	1747990339	units	Bloodmage	333711	H	
h07C	1747990339	units	Bloodmage	333737	H	
h07C	1747990339	units	Bloodmage	333759	H	
h07C	1747990339	units	Bloodmage	333838	H	
h07C	1747990339	units	Bloodmage	333864	H	
h07C	1747990339	units	Bloodmage	333886	H	
h07C	1747990339	units	Bloodmage	333965	H	
h07C	1747990339	units	Bloodmage	333991	H	
h07C	1747990339	units	Bloodmage	334013	H	
h07C	1747990339	units	Bloodmage	334080	H	
h07C	1747990339	units	Bloodmage	334106	H	
h07C	1747990339	units	Bloodmage	334128	H	
h089	1747990585	units	Night Elf Builder	334197	H	
h089	1747990585	units	Night Elf Builder	334223	H	
h089	1747990585	units	Night Elf Builder	334245	H	
h089	1747990585	units	Night Elf Builder	334312	H	
h089	1747990585	units	Night Elf Builder	334338	H	
h089	1747990585	units	Night Elf Builder	334360	H	
h089	1747990585	units	Night Elf Builder	334427	H	
h089	1747990585	units	Night Elf Builder	334453	H	
h089	1747990585	units	Night Elf Builder	334475	H	
h08A	1747990593	units	Teleport	334544	H	
h08A	1747990593	units	Teleport	334570	H	
h08A	1747990593	units	Teleport	334592	H	
h08A	1747990593	units	Teleport	334659	H	
h08A	1747990593	units	Teleport	334685	H	
h08A	1747990593	units	Teleport	334707	H	
h08A	1747990593	units	Teleport	334786	H	
h08A	1747990593	units	Teleport	334812	H	
h08A	1747990593	units	Teleport	334834	H	
h08B	1747990594	units	Luna Beam	334913	H	
h08B	1747990594	units	Luna Beam	334939	H	
h08B	1747990594	units	Luna Beam	334961	H	
h08B	1747990594	units	Luna Beam	335028	H	
h08B	1747990594	units	Luna Beam	335054	H	
h08B	1747990594	units	Luna Beam	335076	H	
h08B	1747990594	units	Luna Beam	335155	H	
h08B	1747990594	units	Luna Beam	335181	H	
h08B	1747990594	units	Luna Beam	335203	H	
h08C	1747990595	units	Star Fall	335282	H	
h08C	1747990595	units	Star Fall	335308	H	
h08C	1747990595	units	Star Fall	335330	H	
h08C	1747990595	units	Star Fall	335397	H	
h08C	1747990595	units	Star Fall	335423	H	
h08C	1747990595	units	Star Fall	335445	H	
h08C	1747990595	units	Star Fall	335524	H	
h08C	1747990595	units	Star Fall	335550	H	
h08C	1747990595	units	Star Fall	335572	H	
h08D	1747990596	units	Orb1	335651	H	
h08D	1747990596	units	Orb1	335677	H	
h08D	1747990596	units	Orb1	335699	H	
h08D	1747990596	units	Orb1	335766	H	
h08D	1747990596	units	Orb1	335792	H	
h08D	1747990596	units	Orb1	335814	H	
h08D	1747990596	units	Orb1	335893	H	
h08D	1747990596	units	Orb1	335919	H	
h08D	1747990596	units	Orb1	335941	H	
h08E	1747990597	units	Orb2	336020	H	
h08E	1747990597	units	Orb2	336046	H	
h08E	1747990597	units	Orb2	336068	H	
h08E	1747990597	units	Orb2	336135	H	
h08E	1747990597	units	Orb2	336161	H	
h08E	1747990597	units	Orb2	336183	H	
h08E	1747990597	units	Orb2	336262	H	
h08E	1747990597	units	Orb2	336288	H	
h08E	1747990597	units	Orb2	336310	H	
h08F	1747990598	units	Orb3	336389	H	
h08F	1747990598	units	Orb3	336415	H	
h08F	1747990598	units	Orb3	336437	H	
h08F	1747990598	units	Orb3	336504	H	
h08F	1747990598	units	Orb3	336530	H	
h08F	1747990598	units	Orb3	336552	H	
h08F	1747990598	units	Orb3	336631	H	
h08F	1747990598	units	Orb3	336657	H	
h08F	1747990598	units	Orb3	336679	H	
h08G	1747990599	units	Orb4	336758	H	
h08G	1747990599	units	Orb4	336784	H	
h08G	1747990599	units	Orb4	336806	H	
h08G	1747990599	units	Orb4	336873	H	
h08G	1747990599	units	Orb4	336899	H	
h08G	1747990599	units	Orb4	336921	H	
h08G	1747990599	units	Orb4	337000	H	
h08G	1747990599	units	Orb4	337026	H	
h08G	1747990599	units	Orb4	337048	H	
h08H	1747990600	units	Orb5	337127	H	
h08H	1747990600	units	Orb5	337153	H	
h08H	1747990600	units	Orb5	337175	H	
h08H	1747990600	units	Orb5	337242	H	
h08H	1747990600	units	Orb5	337268	H	
h08H	1747990600	units	Orb5	337290	H	
h08H	1747990600	units	Orb5	337369	H	
h08H	1747990600	units	Orb5	337395	H	
h08H	1747990600	units	Orb5	337417	H	
h08I	1747990601	units	Orb6	337496	H	
h08I	1747990601	units	Orb6	337522	H	
h08I	1747990601	units	Orb6	337544	H	
h08I	1747990601	units	Orb6	337611	H	
h08I	1747990601	units	Orb6	337637	H	
h08I	1747990601	units	Orb6	337659	H	
h08I	1747990601	units	Orb6	337738	H	
h08I	1747990601	units	Orb6	337764	H	
h08I	1747990601	units	Orb6	337786	H	
h08J	1747990602	units	Orb7	337865	H	
h08J	1747990602	units	Orb7	337891	H	
h08J	1747990602	units	Orb7	337913	H	
h08J	1747990602	units	Orb7	337980	H	
h08J	1747990602	units	Orb7	338006	H	
h08J	1747990602	units	Orb7	338028	H	
h08J	1747990602	units	Orb7	338107	H	
h08J	1747990602	units	Orb7	338133	H	
h08J	1747990602	units	Orb7	338155	H	
h08K	1747990603	units	Orb8	338234	H	
h08K	1747990603	units	Orb8	338260	H	
h08K	1747990603	units	Orb8	338282	H	
h08K	1747990603	units	Orb8	338349	H	
h08K	1747990603	units	Orb8	338375	H	
h08K	1747990603	units	Orb8	338397	H	
h08K	1747990603	units	Orb8	338476	H	
h08K	1747990603	units	Orb8	338502	H	
h08K	1747990603	units	Orb8	338524	H	
h08L	1747990604	units	Entangle	338603	H	
h08L	1747990604	units	Entangle	338629	H	
h08L	1747990604	units	Entangle	338651	H	
h08L	1747990604	units	Entangle	338718	H	
h08L	1747990604	units	Entangle	338744	H	
h08L	1747990604	units	Entangle	338766	H	
h08L	1747990604	units	Entangle	338845	H	
h08L	1747990604	units	Entangle	338871	H	
h08L	1747990604	units	Entangle	338893	H	
h08M	1747990605	units	Orb2High	338972	H	
h08M	1747990605	units	Orb2High	338998	H	
h08M	1747990605	units	Orb2High	339020	H	
h08M	1747990605	units	Orb2High	339087	H	
h08M	1747990605	units	Orb2High	339113	H	
h08M	1747990605	units	Orb2High	339135	H	
h08M	1747990605	units	Orb2High	339214	H	
h08M	1747990605	units	Orb2High	339240	H	
h08M	1747990605	units	Orb2High	339262	H	
h08N	1747990606	units	plant	339341	H	
h08N	1747990606	units	plant	339367	H	
h08N	1747990606	units	plant	339389	H	
h08N	1747990606	units	plant	339456	H	
h08N	1747990606	units	plant	339482	H	
h08N	1747990606	units	plant	339504	H	
h08N	1747990606	units	plant	339583	H	
h08N	1747990606	units	plant	339609	H	
h08N	1747990606	units	plant	339631	H	
h08O	1747990607	units	plant2	339710	H	
h08O	1747990607	units	plant2	339736	H	
h08O	1747990607	units	plant2	339758	H	
h08O	1747990607	units	plant2	339825	H	
h08O	1747990607	units	plant2	339851	H	
h08O	1747990607	units	plant2	339873	H	
h08O	1747990607	units	plant2	339952	H	
h08O	1747990607	units	plant2	339978	H	
h08O	1747990607	units	plant2	340000	H	
h08Q	1747990609	units	Fire	340079	H	
h08Q	1747990609	units	Fire	340105	H	
h08Q	1747990609	units	Fire	340127	H	
h08Q	1747990609	units	Fire	340194	H	
h08Q	1747990609	units	Fire	340220	H	
h08Q	1747990609	units	Fire	340242	H	
h08Q	1747990609	units	Fire	340321	H	
h08Q	1747990609	units	Fire	340347	H	
h08Q	1747990609	units	Fire	340369	H	
h08R	1747990610	units	Fire Small	340448	H	
h08R	1747990610	units	Fire Small	340474	H	
h08R	1747990610	units	Fire Small	340496	H	
h08R	1747990610	units	Fire Small	340563	H	
h08R	1747990610	units	Fire Small	340589	H	
h08R	1747990610	units	Fire Small	340611	H	
h08R	1747990610	units	Fire Small	340690	H	
h08R	1747990610	units	Fire Small	340716	H	
h08R	1747990610	units	Fire Small	340738	H	
h08S	1747990611	units	Orb3 BIG	340817	H	
h08S	1747990611	units	Orb3 BIG	340843	H	
h08S	1747990611	units	Orb3 BIG	340865	H	
h08S	1747990611	units	Orb3 BIG	340932	H	
h08S	1747990611	units	Orb3 BIG	340958	H	
h08S	1747990611	units	Orb3 BIG	340980	H	
h08S	1747990611	units	Orb3 BIG	341059	H	
h08S	1747990611	units	Orb3 BIG	341085	H	
h08S	1747990611	units	Orb3 BIG	341107	H	
h08T	1747990612	units	Orb9	341186	H	
h08T	1747990612	units	Orb9	341212	H	
h08T	1747990612	units	Orb9	341234	H	
h08T	1747990612	units	Orb9	341301	H	
h08T	1747990612	units	Orb9	341327	H	
h08T	1747990612	units	Orb9	341349	H	
h08T	1747990612	units	Orb9	341428	H	
h08T	1747990612	units	Orb9	341454	H	
h08T	1747990612	units	Orb9	341476	H	
h08V	1747990614	units	Orb18	341555	H	
h08V	1747990614	units	Orb18	341581	H	
h08V	1747990614	units	Orb18	341603	H	
h08V	1747990614	units	Orb18	341670	H	
h08V	1747990614	units	Orb18	341696	H	
h08V	1747990614	units	Orb18	341718	H	
h08V	1747990614	units	Orb18	341797	H	
h08V	1747990614	units	Orb18	341823	H	
h08V	1747990614	units	Orb18	341845	H	
h08W	1747990615	units	Tower	341924	H	
h08W	1747990615	units	Tower	341950	H	
h08W	1747990615	units	Tower	341972	H	
h08W	1747990615	units	Tower	342039	H	
h08W	1747990615	units	Tower	342065	H	
h08W	1747990615	units	Tower	342087	H	
h08W	1747990615	units	Tower	342166	H	
h08W	1747990615	units	Tower	342192	H	
h08W	1747990615	units	Tower	342214	H	
h08Z	1747990618	units	Archery Target	342293	H	
h08Z	1747990618	units	Archery Target	342319	H	
h08Z	1747990618	units	Archery Target	342341	H	
h08Z	1747990618	units	Archery Target	342408	H	
h08Z	1747990618	units	Archery Target	342434	H	
h08Z	1747990618	units	Archery Target	342456	H	
h08Z	1747990618	units	Archery Target	342535	H	
h08Z	1747990618	units	Archery Target	342561	H	
h08Z	1747990618	units	Archery Target	342583	H	
h090	1747990832	units	Elf Build	342662	H	
h090	1747990832	units	Elf Build	342688	H	
h090	1747990832	units	Elf Build	342710	H	
h090	1747990832	units	Elf Build	342777	H	
h090	1747990832	units	Elf Build	342803	H	
h090	1747990832	units	Elf Build	342825	H	
h090	1747990832	units	Elf Build	342904	H	
h090	1747990832	units	Elf Build	342930	H	
h090	1747990832	units	Elf Build	342952	H	
h091	1747990833	units	Elf Build2	343031	H	
h091	1747990833	units	Elf Build2	343057	H	
h091	1747990833	units	Elf Build2	343079	H	
h091	1747990833	units	Elf Build2	343146	H	
h091	1747990833	units	Elf Build2	343172	H	
h091	1747990833	units	Elf Build2	343194	H	
h091	1747990833	units	Elf Build2	343273	H	
h091	1747990833	units	Elf Build2	343299	H	
h091	1747990833	units	Elf Build2	343321	H	
h093	1747990835	units	Citadel Effect	343400	H	
h093	1747990835	units	Citadel Effect	343426	H	
h093	1747990835	units	Citadel Effect	343448	H	
h093	1747990835	units	Citadel Effect	343515	H	
h093	1747990835	units	Citadel Effect	343541	H	
h093	1747990835	units	Citadel Effect	343563	H	
h093	1747990835	units	Citadel Effect	343642	H	
h093	1747990835	units	Citadel Effect	343668	H	
h093	1747990835	units	Citadel Effect	343690	H	
h094	1747990836	units	Citadel Effect 2	343769	H	
h094	1747990836	units	Citadel Effect 2	343795	H	
h094	1747990836	units	Citadel Effect 2	343817	H	
h094	1747990836	units	Citadel Effect 2	343884	H	
h094	1747990836	units	Citadel Effect 2	343910	H	
h094	1747990836	units	Citadel Effect 2	343932	H	
h094	1747990836	units	Citadel Effect 2	344011	H	
h094	1747990836	units	Citadel Effect 2	344037	H	
h094	1747990836	units	Citadel Effect 2	344059	H	
h096	1747990838	units	Golem Factory: Gold	344138	H	
h096	1747990838	units	Golem Factory: Gold	344164	H	
h096	1747990838	units	Golem Factory: Gold	344186	H	
h096	1747990838	units	Golem Factory: Gold	344253	H	
h096	1747990838	units	Golem Factory: Gold	344279	H	
h096	1747990838	units	Golem Factory: Gold	344301	H	
h096	1747990838	units	Golem Factory: Gold	344380	H	
h096	1747990838	units	Golem Factory: Gold	344406	H	
h096	1747990838	units	Golem Factory: Gold	344428	H	
h09A	1747990849	units	Tank Factory: Big Mine	344507	H	
h09A	1747990849	units	Tank Factory: Big Mine	344533	H	
h09A	1747990849	units	Tank Factory: Big Mine	344555	H	
h09A	1747990849	units	Tank Factory: Big Mine	344622	H	
h09A	1747990849	units	Tank Factory: Big Mine	344648	H	
h09A	1747990849	units	Tank Factory: Big Mine	344670	H	
h09A	1747990849	units	Tank Factory: Big Mine	344749	H	
h09A	1747990849	units	Tank Factory: Big Mine	344775	H	
h09A	1747990849	units	Tank Factory: Big Mine	344797	H	
h09C	1747990851	units	Tank Factory: Brazier	344876	H	
h09C	1747990851	units	Tank Factory: Brazier	344902	H	
h09C	1747990851	units	Tank Factory: Brazier	344924	H	
h09C	1747990851	units	Tank Factory: Brazier	344991	H	
h09C	1747990851	units	Tank Factory: Brazier	345017	H	
h09C	1747990851	units	Tank Factory: Brazier	345039	H	
h09C	1747990851	units	Tank Factory: Brazier	345118	H	
h09C	1747990851	units	Tank Factory: Brazier	345144	H	
h09C	1747990851	units	Tank Factory: Brazier	345166	H	
h09D	1747990852	units	Tank Factory: Runes1	345245	H	
h09D	1747990852	units	Tank Factory: Runes1	345271	H	
h09D	1747990852	units	Tank Factory: Runes1	345293	H	
h09D	1747990852	units	Tank Factory: Runes1	345360	H	
h09D	1747990852	units	Tank Factory: Runes1	345386	H	
h09D	1747990852	units	Tank Factory: Runes1	345408	H	
h09D	1747990852	units	Tank Factory: Runes1	345487	H	
h09D	1747990852	units	Tank Factory: Runes1	345513	H	
h09D	1747990852	units	Tank Factory: Runes1	345535	H	
h09E	1747990853	units	Tank Factory: Furnace Fire	345614	H	
h09E	1747990853	units	Tank Factory: Furnace Fire	345640	H	
h09E	1747990853	units	Tank Factory: Furnace Fire	345662	H	
h09E	1747990853	units	Tank Factory: Furnace Fire	345729	H	
h09E	1747990853	units	Tank Factory: Furnace Fire	345755	H	
h09E	1747990853	units	Tank Factory: Furnace Fire	345777	H	
h09E	1747990853	units	Tank Factory: Furnace Fire	345856	H	
h09E	1747990853	units	Tank Factory: Furnace Fire	345882	H	
h09E	1747990853	units	Tank Factory: Furnace Fire	345904	H	
h09F	1747990854	units	Tank Factory: Mine	345983	H	
h09F	1747990854	units	Tank Factory: Mine	346009	H	
h09F	1747990854	units	Tank Factory: Mine	346031	H	
h09F	1747990854	units	Tank Factory: Mine	346098	H	
h09F	1747990854	units	Tank Factory: Mine	346124	H	
h09F	1747990854	units	Tank Factory: Mine	346146	H	
h09F	1747990854	units	Tank Factory: Mine	346225	H	
h09F	1747990854	units	Tank Factory: Mine	346251	H	
h09F	1747990854	units	Tank Factory: Mine	346273	H	
h09G	1747990855	units	Tank Factory: Runes2	346352	H	
h09G	1747990855	units	Tank Factory: Runes2	346378	H	
h09G	1747990855	units	Tank Factory: Runes2	346400	H	
h09G	1747990855	units	Tank Factory: Runes2	346467	H	
h09G	1747990855	units	Tank Factory: Runes2	346493	H	
h09G	1747990855	units	Tank Factory: Runes2	346515	H	
h09G	1747990855	units	Tank Factory: Runes2	346594	H	
h09G	1747990855	units	Tank Factory: Runes2	346620	H	
h09G	1747990855	units	Tank Factory: Runes2	346642	H	
h09K	1747990859	units	Aircraft: Fence	346721	H	
h09K	1747990859	units	Aircraft: Fence	346747	H	
h09K	1747990859	units	Aircraft: Fence	346769	H	
h09K	1747990859	units	Aircraft: Fence	346836	H	
h09K	1747990859	units	Aircraft: Fence	346862	H	
h09K	1747990859	units	Aircraft: Fence	346884	H	
h09K	1747990859	units	Aircraft: Fence	346963	H	
h09K	1747990859	units	Aircraft: Fence	346989	H	
h09K	1747990859	units	Aircraft: Fence	347011	H	
h09N	1747990862	units	Arsenal: Trash1	347090	H	
h09N	1747990862	units	Arsenal: Trash1	347116	H	
h09N	1747990862	units	Arsenal: Trash1	347138	H	
h09N	1747990862	units	Arsenal: Trash1	347205	H	
h09N	1747990862	units	Arsenal: Trash1	347231	H	
h09N	1747990862	units	Arsenal: Trash1	347253	H	
h09N	1747990862	units	Arsenal: Trash1	347332	H	
h09N	1747990862	units	Arsenal: Trash1	347358	H	
h09N	1747990862	units	Arsenal: Trash1	347380	H	
h09O	1747990863	units	Arsenal: Trash2	347459	H	
h09O	1747990863	units	Arsenal: Trash2	347485	H	
h09O	1747990863	units	Arsenal: Trash2	347507	H	
h09O	1747990863	units	Arsenal: Trash2	347574	H	
h09O	1747990863	units	Arsenal: Trash2	347600	H	
h09O	1747990863	units	Arsenal: Trash2	347622	H	
h09O	1747990863	units	Arsenal: Trash2	347701	H	
h09O	1747990863	units	Arsenal: Trash2	347727	H	
h09O	1747990863	units	Arsenal: Trash2	347749	H	
h09R	1747990866	units	Spare Part Heap: Gobbo	347828	H	
h09R	1747990866	units	Spare Part Heap: Gobbo	347854	H	
h09R	1747990866	units	Spare Part Heap: Gobbo	347876	H	
h09R	1747990866	units	Spare Part Heap: Gobbo	347943	H	
h09R	1747990866	units	Spare Part Heap: Gobbo	347969	H	
h09R	1747990866	units	Spare Part Heap: Gobbo	347991	H	
h09R	1747990866	units	Spare Part Heap: Gobbo	348070	H	
h09R	1747990866	units	Spare Part Heap: Gobbo	348096	H	
h09R	1747990866	units	Spare Part Heap: Gobbo	348118	H	
h09U	1747990869	units	Power Plant: Fence	348197	H	
h09U	1747990869	units	Power Plant: Fence	348223	H	
h09U	1747990869	units	Power Plant: Fence	348245	H	
h09U	1747990869	units	Power Plant: Fence	348312	H	
h09U	1747990869	units	Power Plant: Fence	348338	H	
h09U	1747990869	units	Power Plant: Fence	348360	H	
h09U	1747990869	units	Power Plant: Fence	348439	H	
h09U	1747990869	units	Power Plant: Fence	348465	H	
h09U	1747990869	units	Power Plant: Fence	348487	H	
h09V	1747990870	units	Power Plant: Teleport	348566	H	
h09V	1747990870	units	Power Plant: Teleport	348592	H	
h09V	1747990870	units	Power Plant: Teleport	348614	H	
h09V	1747990870	units	Power Plant: Teleport	348681	H	
h09V	1747990870	units	Power Plant: Teleport	348707	H	
h09V	1747990870	units	Power Plant: Teleport	348729	H	
h09V	1747990870	units	Power Plant: Teleport	348808	H	
h09V	1747990870	units	Power Plant: Teleport	348834	H	
h09V	1747990870	units	Power Plant: Teleport	348856	H	
h09W	1747990871	units	Race Ban	348935	H	
h09W	1747990871	units	Race Ban	348961	H	
h09W	1747990871	units	Race Ban	348983	H	
h09W	1747990871	units	Race Ban	349050	H	
h09W	1747990871	units	Race Ban	349076	H	
h09W	1747990871	units	Race Ban	349098	H	
h09Z	1747990874	units	Corrupted	349165	H	
h09Z	1747990874	units	Corrupted	349191	H	
h09Z	1747990874	units	Corrupted	349213	H	
h09Z	1747990874	units	Corrupted	349280	H	
h09Z	1747990874	units	Corrupted	349306	H	
h09Z	1747990874	units	Corrupted	349328	H	
h09Z	1747990874	units	Corrupted	349407	H	
h09Z	1747990874	units	Corrupted	349433	H	
h09Z	1747990874	units	Corrupted	349455	H	
h0A0	1747992880	units	Human BUild	349534	H	
h0A0	1747992880	units	Human BUild	349560	H	
h0A0	1747992880	units	Human BUild	349582	H	
h0A0	1747992880	units	Human BUild	349649	H	
h0A0	1747992880	units	Human BUild	349675	H	
h0A0	1747992880	units	Human BUild	349697	H	
h0A0	1747992880	units	Human BUild	349776	H	
h0A0	1747992880	units	Human BUild	349802	H	
h0A0	1747992880	units	Human BUild	349824	H	
n003	1848651827	units	Murloc	349903	H	
n003	1848651827	units	Murloc	349929	H	
n003	1848651827	units	Murloc	349951	H	
n003	1848651827	units	Murloc	350018	H	
n003	1848651827	units	Murloc	350044	H	
n003	1848651827	units	Murloc	350066	H	
n003	1848651827	units	Murloc	350133	H	
n003	1848651827	units	Murloc	350159	H	
n003	1848651827	units	Murloc	350181	H	
n003	1848651827	units	Murloc	350260	H	
n003	1848651827	units	Murloc	350286	H	
n003	1848651827	units	Murloc	350308	H	
n003	1848651827	units	Murloc	350375	H	
n003	1848651827	units	Murloc	350401	H	
n003	1848651827	units	Murloc	350423	H	
n00F	1848651846	units	Sheep	350492	H	
n00F	1848651846	units	Sheep	350518	H	
n00F	1848651846	units	Sheep	350540	H	
n00T	1848651860	units	Forest Spider	350608	H	
n00T	1848651860	units	Forest Spider	350634	H	
n00T	1848651860	units	Forest Spider	350656	H	
n00T	1848651860	units	Forest Spider	350723	H	
n00T	1848651860	units	Forest Spider	350749	H	
n00T	1848651860	units	Forest Spider	350771	H	
n00T	1848651860	units	Forest Spider	350838	H	
n00T	1848651860	units	Forest Spider	350864	H	
n00T	1848651860	units	Forest Spider	350886	H	
n00T	1848651860	units	Forest Spider	350965	H	
n00T	1848651860	units	Forest Spider	350991	H	
n00T	1848651860	units	Forest Spider	351013	H	
n00T	1848651860	units	Forest Spider	351080	H	
n00T	1848651860	units	Forest Spider	351106	H	
n00T	1848651860	units	Forest Spider	351128	H	
n00W	1848651863	units	Summoned Lobster	351197	H	
n00W	1848651863	units	Summoned Lobster	351223	H	
n00W	1848651863	units	Summoned Lobster	351245	H	
n00W	1848651863	units	Summoned Lobster	351312	H	
n00W	1848651863	units	Summoned Lobster	351338	H	
n00W	1848651863	units	Summoned Lobster	351360	H	
n00W	1848651863	units	Summoned Lobster	351427	H	
n00W	1848651863	units	Summoned Lobster	351453	H	
n00W	1848651863	units	Summoned Lobster	351475	H	
n00W	1848651863	units	Summoned Lobster	351554	H	
n00W	1848651863	units	Summoned Lobster	351580	H	
n00W	1848651863	units	Summoned Lobster	351602	H	
n00W	1848651863	units	Summoned Lobster	351669	H	
n00W	1848651863	units	Summoned Lobster	351695	H	
n00W	1848651863	units	Summoned Lobster	351717	H	
n01C	1848652099	units	Raised Tentacle	351786	H	
n01C	1848652099	units	Raised Tentacle	351812	H	
n01C	1848652099	units	Raised Tentacle	351834	H	
n01C	1848652099	units	Raised Tentacle	351901	H	
n01C	1848652099	units	Raised Tentacle	351927	H	
n01C	1848652099	units	Raised Tentacle	351949	H	
n01Q	1848652113	units	Hydra	352028	H	
n01Q	1848652113	units	Hydra	352054	H	
n01Q	1848652113	units	Hydra	352076	H	
n01Q	1848652113	units	Hydra	352143	H	
n01Q	1848652113	units	Hydra	352169	H	
n01Q	1848652113	units	Hydra	352191	H	
n01Q	1848652113	units	Hydra	352258	H	
n01Q	1848652113	units	Hydra	352284	H	
n01Q	1848652113	units	Hydra	352306	H	
n01Q	1848652113	units	Hydra	352385	H	
n01Q	1848652113	units	Hydra	352411	H	
n01Q	1848652113	units	Hydra	352433	H	
n01Q	1848652113	units	Hydra	352512	H	
n01Q	1848652113	units	Hydra	352538	H	
n01Q	1848652113	units	Hydra	352560	H	
n01Q	1848652113	units	Hydra	352627	H	
n01Q	1848652113	units	Hydra	352653	H	
n01Q	1848652113	units	Hydra	352675	H	
n01R	1848652114	units	Lesser Hydra	352744	H	
n01R	1848652114	units	Lesser Hydra	352770	H	
n01R	1848652114	units	Lesser Hydra	352792	H	
n01R	1848652114	units	Lesser Hydra	352859	H	
n01R	1848652114	units	Lesser Hydra	352885	H	
n01R	1848652114	units	Lesser Hydra	352907	H	
n01R	1848652114	units	Lesser Hydra	352974	H	
n01R	1848652114	units	Lesser Hydra	353000	H	
n01R	1848652114	units	Lesser Hydra	353022	H	
n01R	1848652114	units	Lesser Hydra	353101	H	
n01R	1848652114	units	Lesser Hydra	353127	H	
n01R	1848652114	units	Lesser Hydra	353149	H	
n01R	1848652114	units	Lesser Hydra	353228	H	
n01R	1848652114	units	Lesser Hydra	353254	H	
n01R	1848652114	units	Lesser Hydra	353276	H	
n01R	1848652114	units	Lesser Hydra	353343	H	
n01R	1848652114	units	Lesser Hydra	353369	H	
n01R	1848652114	units	Lesser Hydra	353391	H	
n021	1848652337	units	Raised Tentacle	353460	H	
n021	1848652337	units	Raised Tentacle	353486	H	
n021	1848652337	units	Raised Tentacle	353508	H	
n021	1848652337	units	Raised Tentacle	353575	H	
n021	1848652337	units	Raised Tentacle	353601	H	
n021	1848652337	units	Raised Tentacle	353623	H	
n02E	1848652357	units	Tornado	353702	H	
n02E	1848652357	units	Tornado	353728	H	
n02E	1848652357	units	Tornado	353750	H	
n02F	1848652358	units	Tornado (-na)	353817	H	
n02F	1848652358	units	Tornado (-na)	353843	H	
n02F	1848652358	units	Tornado (-na)	353865	H	
n02K	1848652363	units	Twin Weeper	353932	H	
n02K	1848652363	units	Twin Weeper	353958	H	
n02K	1848652363	units	Twin Weeper	353980	H	
n02K	1848652363	units	Twin Weeper	354047	H	
n02K	1848652363	units	Twin Weeper	354073	H	
n02K	1848652363	units	Twin Weeper	354095	H	
n02K	1848652363	units	Twin Weeper	354162	H	
n02K	1848652363	units	Twin Weeper	354188	H	
n02K	1848652363	units	Twin Weeper	354210	H	
n02K	1848652363	units	Twin Weeper	354289	H	
n02K	1848652363	units	Twin Weeper	354315	H	
n02K	1848652363	units	Twin Weeper	354337	H	
n02K	1848652363	units	Twin Weeper	354404	H	
n02K	1848652363	units	Twin Weeper	354430	H	
n02K	1848652363	units	Twin Weeper	354452	H	
tec1	1952801585	units	Tech Level 1	354521	H	
tec1	1952801585	units	Tech Level 1	354547	H	
tec1	1952801585	units	Tech Level 1	354569	H	
tec1	1952801585	units	Tech Level 1	354648	H	
tec1	1952801585	units	Tech Level 1	354674	H	
tec1	1952801585	units	Tech Level 1	354696	H	
tec2	1952801586	units	Tech Level 2	354763	H	
tec2	1952801586	units	Tech Level 2	354789	H	
tec2	1952801586	units	Tech Level 2	354811	H	
tec2	1952801586	units	Tech Level 2	354890	H	
tec2	1952801586	units	Tech Level 2	354916	H	
tec2	1952801586	units	Tech Level 2	354938	H	
tec3	1952801587	units	Tech Level 3	355005	H	
tec3	1952801587	units	Tech Level 3	355031	H	
tec3	1952801587	units	Tech Level 3	355053	H	
tec3	1952801587	units	Tech Level 3	355132	H	
tec3	1952801587	units	Tech Level 3	355158	H	
tec3	1952801587	units	Tech Level 3	355180	H	
u006	1966092342	units	Corrupted Builder	355247	H	
u006	1966092342	units	Corrupted Builder	355273	H	
u006	1966092342	units	Corrupted Builder	355295	H	
u006	1966092342	units	Corrupted Builder	355362	H	
u006	1966092342	units	Corrupted Builder	355388	H	
u006	1966092342	units	Corrupted Builder	355410	H	
u00C	1966092355	units	Ghoul	355479	H	
u00C	1966092355	units	Ghoul	355505	H	
u00C	1966092355	units	Ghoul	355527	H	
z001	2049978417	units	Flamegunner Sergeant	355594	H	
z001	2049978417	units	Flamegunner Sergeant	355620	H	
z001	2049978417	units	Flamegunner Sergeant	355642	H	
z001	2049978417	units	Flamegunner Sergeant	355709	H	
z001	2049978417	units	Flamegunner Sergeant	355735	H	
z001	2049978417	units	Flamegunner Sergeant	355757	H	
z001	2049978417	units	Flamegunner Sergeant	355824	H	
z001	2049978417	units	Flamegunner Sergeant	355850	H	
z001	2049978417	units	Flamegunner Sergeant	355872	H	
z001	2049978417	units	Flamegunner Sergeant	355951	H	
z001	2049978417	units	Flamegunner Sergeant	355977	H	
z001	2049978417	units	Flamegunner Sergeant	355999	H	
z001	2049978417	units	Flamegunner Sergeant	356078	H	
z001	2049978417	units	Flamegunner Sergeant	356104	H	
z001	2049978417	units	Flamegunner Sergeant	356126	H	
h078	1747990328	units	Desert Builder	356193	H	
h078	1747990328	units	Desert Builder	356219	H	
h078	1747990328	units	Desert Builder	356241	H	
h078	1747990328	units	Desert Builder	356308	H	
h078	1747990328	units	Desert Builder	356334	H	
h078	1747990328	units	Desert Builder	356356	H	
h078	1747990328	units	Desert Builder	356423	H	
h078	1747990328	units	Desert Builder	356449	H	
h078	1747990328	units	Desert Builder	356471	H	
h07F	1747990342	units	Matriarchs	356540	H	
h07F	1747990342	units	Matriarchs	356566	H	
h07F	1747990342	units	Matriarchs	356588	H	
h07F	1747990342	units	Matriarchs	356655	H	
h07F	1747990342	units	Matriarchs	356681	H	
h07F	1747990342	units	Matriarchs	356703	H	
h07G	1747990343	units	AltarOfSand: Cloud	356782	H	
h07G	1747990343	units	AltarOfSand: Cloud	356808	H	
h07G	1747990343	units	AltarOfSand: Cloud	356830	H	
h07G	1747990343	units	AltarOfSand: Cloud	356897	H	
h07G	1747990343	units	AltarOfSand: Cloud	356923	H	
h07G	1747990343	units	AltarOfSand: Cloud	356945	H	
e00I	1697656905	units	quicksand	357024	H	
e00I	1697656905	units	quicksand	357050	H	
e00I	1697656905	units	quicksand	357072	H	
e00I	1697656905	units	quicksand	357139	H	
e00I	1697656905	units	quicksand	357165	H	
e00I	1697656905	units	quicksand	357187	H	
X075	1479554869	units	Ultimate Builder	357256	H	
X075	1479554869	units	Ultimate Builder	357282	H	
X075	1479554869	units	Ultimate Builder	357304	H	
X075	1479554869	units	Ultimate Builder	357371	H	
X075	1479554869	units	Ultimate Builder	357397	H	
X075	1479554869	units	Ultimate Builder	357419	H	
X075	1479554869	units	Ultimate Builder	357486	H	
X075	1479554869	units	Ultimate Builder	357512	H	
X075	1479554869	units	Ultimate Builder	357534	H	
h00A	1747988545	units	Death Pit	357603	H	
h00A	1747988545	units	Death Pit	357629	H	
h00A	1747988545	units	Death Pit	357651	H	
h00A	1747988545	units	Death Pit	357720	H	
h00A	1747988545	units	Death Pit	357746	H	
h00A	1747988545	units	Death Pit	357768	H	
h00A	1747988545	units	Death Pit	357849	H	
h00A	1747988545	units	Death Pit	357875	H	
h00A	1747988545	units	Death Pit	357897	H	
h01K	1747988811	units	Temple of Bone	357976	H	
h01K	1747988811	units	Temple of Bone	358002	H	
h01K	1747988811	units	Temple of Bone	358024	H	
h01K	1747988811	units	Temple of Bone	358093	H	
h01K	1747988811	units	Temple of Bone	358119	H	
h01K	1747988811	units	Temple of Bone	358141	H	
h01K	1747988811	units	Temple of Bone	358220	H	
h01K	1747988811	units	Temple of Bone	358246	H	
h01K	1747988811	units	Temple of Bone	358268	H	
h01L	1747988812	units	Haunted Mine	358347	H	
h01L	1747988812	units	Haunted Mine	358373	H	
h01L	1747988812	units	Haunted Mine	358395	H	
h01L	1747988812	units	Haunted Mine	358464	H	
h01L	1747988812	units	Haunted Mine	358490	H	
h01L	1747988812	units	Haunted Mine	358512	H	
h01L	1747988812	units	Haunted Mine	358591	H	
h01L	1747988812	units	Haunted Mine	358617	H	
h01L	1747988812	units	Haunted Mine	358639	H	
h01N	1747988814	units	Crypt	358718	H	
h01N	1747988814	units	Crypt	358744	H	
h01N	1747988814	units	Crypt	358766	H	
h01N	1747988814	units	Crypt	358835	H	
h01N	1747988814	units	Crypt	358861	H	
h01N	1747988814	units	Crypt	358883	H	
h01N	1747988814	units	Crypt	358962	H	
h01N	1747988814	units	Crypt	358988	H	
h01N	1747988814	units	Crypt	359010	H	
h01O	1747988815	units	Turret of Souls	359089	H	
h01O	1747988815	units	Turret of Souls	359115	H	
h01O	1747988815	units	Turret of Souls	359137	H	
h01O	1747988815	units	Turret of Souls	359204	H	
h01O	1747988815	units	Turret of Souls	359230	H	
h01O	1747988815	units	Turret of Souls	359252	H	
h01O	1747988815	units	Turret of Souls	359321	H	
h01O	1747988815	units	Turret of Souls	359347	H	
h01O	1747988815	units	Turret of Souls	359369	H	
h01O	1747988815	units	Turret of Souls	359450	H	
h01O	1747988815	units	Turret of Souls	359476	H	
h01O	1747988815	units	Turret of Souls	359498	H	
h01P	1747988816	units	Skull Pile	359577	H	
h01P	1747988816	units	Skull Pile	359603	H	
h01P	1747988816	units	Skull Pile	359625	H	
h01P	1747988816	units	Skull Pile	359694	H	
h01P	1747988816	units	Skull Pile	359720	H	
h01P	1747988816	units	Skull Pile	359742	H	
h01Q	1747988817	units	City of Decay	359821	H	
h01Q	1747988817	units	City of Decay	359847	H	
h01Q	1747988817	units	City of Decay	359869	H	
h01Q	1747988817	units	City of Decay	359938	H	
h01Q	1747988817	units	City of Decay	359964	H	
h01Q	1747988817	units	City of Decay	359986	H	
h01Q	1747988817	units	City of Decay	360068	H	
h01Q	1747988817	units	City of Decay	360094	H	
h01Q	1747988817	units	City of Decay	360116	H	
h01Q	1747988817	units	City of Decay	360195	H	
h01Q	1747988817	units	City of Decay	360221	H	
h01Q	1747988817	units	City of Decay	360243	H	
h01R	1747988818	units	Rotting Hay Cart	360310	H	
h01R	1747988818	units	Rotting Hay Cart	360336	H	
h01R	1747988818	units	Rotting Hay Cart	360358	H	
h01R	1747988818	units	Rotting Hay Cart	360427	H	
h01R	1747988818	units	Rotting Hay Cart	360453	H	
h01R	1747988818	units	Rotting Hay Cart	360475	H	
h01S	1747988819	units	Dragon Cemetery	360554	H	
h01S	1747988819	units	Dragon Cemetery	360580	H	
h01S	1747988819	units	Dragon Cemetery	360602	H	
h01S	1747988819	units	Dragon Cemetery	360671	H	
h01S	1747988819	units	Dragon Cemetery	360697	H	
h01S	1747988819	units	Dragon Cemetery	360719	H	
h01S	1747988819	units	Dragon Cemetery	360798	H	
h01S	1747988819	units	Dragon Cemetery	360824	H	
h01S	1747988819	units	Dragon Cemetery	360846	H	
h01T	1747988820	units	Slaughter House	360925	H	
h01T	1747988820	units	Slaughter House	360951	H	
h01T	1747988820	units	Slaughter House	360973	H	
h01T	1747988820	units	Slaughter House	361042	H	
h01T	1747988820	units	Slaughter House	361068	H	
h01T	1747988820	units	Slaughter House	361090	H	
h01T	1747988820	units	Slaughter House	361169	H	
h01T	1747988820	units	Slaughter House	361195	H	
h01T	1747988820	units	Slaughter House	361217	H	
h01U	1747988821	units	Vampire	361296	H	
h01U	1747988821	units	Vampire	361322	H	
h01U	1747988821	units	Vampire	361344	H	
h01U	1747988821	units	Vampire	361411	H	
h01U	1747988821	units	Vampire	361437	H	
h01U	1747988821	units	Vampire	361459	H	
h01U	1747988821	units	Vampire	361526	H	
h01U	1747988821	units	Vampire	361552	H	
h01U	1747988821	units	Vampire	361574	H	
h01U	1747988821	units	Vampire	361653	H	
h01U	1747988821	units	Vampire	361679	H	
h01U	1747988821	units	Vampire	361701	H	
h03M	1747989325	units	Defiled Granary	361768	H	
h03M	1747989325	units	Defiled Granary	361794	H	
h03M	1747989325	units	Defiled Granary	361816	H	
h03M	1747989325	units	Defiled Granary	361885	H	
h03M	1747989325	units	Defiled Granary	361911	H	
h03M	1747989325	units	Defiled Granary	361933	H	
h03M	1747989325	units	Defiled Granary	362012	H	
h03M	1747989325	units	Defiled Granary	362038	H	
h03M	1747989325	units	Defiled Granary	362060	H	
h04B	1747989570	units	Temple of Necromancy	362139	H	
h04B	1747989570	units	Temple of Necromancy	362165	H	
h04B	1747989570	units	Temple of Necromancy	362187	H	
h04B	1747989570	units	Temple of Necromancy	362256	H	
h04B	1747989570	units	Temple of Necromancy	362282	H	
h04B	1747989570	units	Temple of Necromancy	362304	H	
h04B	1747989570	units	Temple of Necromancy	362383	H	
h04B	1747989570	units	Temple of Necromancy	362409	H	
h04B	1747989570	units	Temple of Necromancy	362431	H	
h04Z	1747989594	units	Tainted Farm	362510	H	
h04Z	1747989594	units	Tainted Farm	362536	H	
h04Z	1747989594	units	Tainted Farm	362558	H	
h04Z	1747989594	units	Tainted Farm	362627	H	
h04Z	1747989594	units	Tainted Farm	362653	H	
h04Z	1747989594	units	Tainted Farm	362675	H	
h04Z	1747989594	units	Tainted Farm	362754	H	
h04Z	1747989594	units	Tainted Farm	362780	H	
h04Z	1747989594	units	Tainted Farm	362802	H	
h054	1747989812	units	Graveyard	362881	H	
h054	1747989812	units	Graveyard	362907	H	
h054	1747989812	units	Graveyard	362929	H	
h054	1747989812	units	Graveyard	362998	H	
h054	1747989812	units	Graveyard	363024	H	
h054	1747989812	units	Graveyard	363046	H	
h054	1747989812	units	Graveyard	363125	H	
h054	1747989812	units	Graveyard	363151	H	
h054	1747989812	units	Graveyard	363173	H	
h055	1747989813	units	High Citadel of Necromancy	363252	H	
h055	1747989813	units	High Citadel of Necromancy	363278	H	
h055	1747989813	units	High Citadel of Necromancy	363300	H	
h055	1747989813	units	High Citadel of Necromancy	363369	H	
h055	1747989813	units	High Citadel of Necromancy	363395	H	
h055	1747989813	units	High Citadel of Necromancy	363417	H	
h055	1747989813	units	High Citadel of Necromancy	363498	H	
h055	1747989813	units	High Citadel of Necromancy	363524	H	
h055	1747989813	units	High Citadel of Necromancy	363546	H	
h055	1747989813	units	High Citadel of Necromancy	363625	H	
h055	1747989813	units	High Citadel of Necromancy	363651	H	
h055	1747989813	units	High Citadel of Necromancy	363673	H	
h056	1747989814	units	Skull Shrine	363740	H	
h056	1747989814	units	Skull Shrine	363766	H	
h056	1747989814	units	Skull Shrine	363788	H	
h056	1747989814	units	Skull Shrine	363869	H	
h056	1747989814	units	Skull Shrine	363895	H	
h056	1747989814	units	Skull Shrine	363917	H	
h05H	1747989832	units	Vampire Lord	363996	H	
h05H	1747989832	units	Vampire Lord	364022	H	
h05H	1747989832	units	Vampire Lord	364044	H	
h05H	1747989832	units	Vampire Lord	364111	H	
h05H	1747989832	units	Vampire Lord	364137	H	
h05H	1747989832	units	Vampire Lord	364159	H	
h05H	1747989832	units	Vampire Lord	364226	H	
h05H	1747989832	units	Vampire Lord	364252	H	
h05H	1747989832	units	Vampire Lord	364274	H	
h05H	1747989832	units	Vampire Lord	364353	H	
h05H	1747989832	units	Vampire Lord	364379	H	
h05H	1747989832	units	Vampire Lord	364401	H	
h05H	1747989832	units	Vampire Lord	364468	H	
h05H	1747989832	units	Vampire Lord	364494	H	
h05H	1747989832	units	Vampire Lord	364516	H	
n00B	1848651842	units	Zombie	364585	H	
n00B	1848651842	units	Zombie	364611	H	
n00B	1848651842	units	Zombie	364633	H	
n00B	1848651842	units	Zombie	364700	H	
n00B	1848651842	units	Zombie	364726	H	
n00B	1848651842	units	Zombie	364748	H	
n00B	1848651842	units	Zombie	364815	H	
n00B	1848651842	units	Zombie	364841	H	
n00B	1848651842	units	Zombie	364863	H	
n00B	1848651842	units	Zombie	364942	H	
n00B	1848651842	units	Zombie	364968	H	
n00B	1848651842	units	Zombie	364990	H	
n00B	1848651842	units	Zombie	365057	H	
n00B	1848651842	units	Zombie	365083	H	
n00B	1848651842	units	Zombie	365105	H	
n00E	1848651845	units	Flesh Golem	365174	H	
n00E	1848651845	units	Flesh Golem	365200	H	
n00E	1848651845	units	Flesh Golem	365222	H	
n00E	1848651845	units	Flesh Golem	365289	H	
n00E	1848651845	units	Flesh Golem	365315	H	
n00E	1848651845	units	Flesh Golem	365337	H	
n00E	1848651845	units	Flesh Golem	365404	H	
n00E	1848651845	units	Flesh Golem	365430	H	
n00E	1848651845	units	Flesh Golem	365452	H	
n00E	1848651845	units	Flesh Golem	365531	H	
n00E	1848651845	units	Flesh Golem	365557	H	
n00E	1848651845	units	Flesh Golem	365579	H	
n00E	1848651845	units	Flesh Golem	365658	H	
n00E	1848651845	units	Flesh Golem	365684	H	
n00E	1848651845	units	Flesh Golem	365706	H	
n00E	1848651845	units	Flesh Golem	365773	H	
n00E	1848651845	units	Flesh Golem	365799	H	
n00E	1848651845	units	Flesh Golem	365821	H	
n01K	1848652107	units	Suffocated Zombie	365890	H	
n01K	1848652107	units	Suffocated Zombie	365916	H	
n01K	1848652107	units	Suffocated Zombie	365938	H	
n01K	1848652107	units	Suffocated Zombie	366005	H	
n01K	1848652107	units	Suffocated Zombie	366031	H	
n01K	1848652107	units	Suffocated Zombie	366053	H	
n01K	1848652107	units	Suffocated Zombie	366120	H	
n01K	1848652107	units	Suffocated Zombie	366146	H	
n01K	1848652107	units	Suffocated Zombie	366168	H	
n01K	1848652107	units	Suffocated Zombie	366247	H	
n01K	1848652107	units	Suffocated Zombie	366273	H	
n01K	1848652107	units	Suffocated Zombie	366295	H	
n01K	1848652107	units	Suffocated Zombie	366362	H	
n01K	1848652107	units	Suffocated Zombie	366388	H	
n01K	1848652107	units	Suffocated Zombie	366410	H	
u000	1966092336	units	Frost Wyrm	366479	H	
u000	1966092336	units	Frost Wyrm	366505	H	
u000	1966092336	units	Frost Wyrm	366527	H	
u000	1966092336	units	Frost Wyrm	366594	H	
u000	1966092336	units	Frost Wyrm	366620	H	
u000	1966092336	units	Frost Wyrm	366642	H	
u000	1966092336	units	Frost Wyrm	366709	H	
u000	1966092336	units	Frost Wyrm	366735	H	
u000	1966092336	units	Frost Wyrm	366757	H	
u000	1966092336	units	Frost Wyrm	366836	H	
u000	1966092336	units	Frost Wyrm	366862	H	
u000	1966092336	units	Frost Wyrm	366884	H	
u000	1966092336	units	Frost Wyrm	366963	H	
u000	1966092336	units	Frost Wyrm	366989	H	
u000	1966092336	units	Frost Wyrm	367011	H	
u001	1966092337	units	Banshee	367078	H	
u001	1966092337	units	Banshee	367104	H	
u001	1966092337	units	Banshee	367126	H	
u001	1966092337	units	Banshee	367193	H	
u001	1966092337	units	Banshee	367219	H	
u001	1966092337	units	Banshee	367241	H	
u001	1966092337	units	Banshee	367308	H	
u001	1966092337	units	Banshee	367334	H	
u001	1966092337	units	Banshee	367356	H	
u001	1966092337	units	Banshee	367435	H	
u001	1966092337	units	Banshee	367461	H	
u001	1966092337	units	Banshee	367483	H	
u005	1966092341	units	Necromancer	367550	H	
u005	1966092341	units	Necromancer	367576	H	
u005	1966092341	units	Necromancer	367598	H	
u005	1966092341	units	Necromancer	367665	H	
u005	1966092341	units	Necromancer	367691	H	
u005	1966092341	units	Necromancer	367713	H	
u005	1966092341	units	Necromancer	367780	H	
u005	1966092341	units	Necromancer	367806	H	
u005	1966092341	units	Necromancer	367828	H	
u005	1966092341	units	Necromancer	367907	H	
u005	1966092341	units	Necromancer	367933	H	
u005	1966092341	units	Necromancer	367955	H	
u005	1966092341	units	Necromancer	368034	H	
u005	1966092341	units	Necromancer	368060	H	
u005	1966092341	units	Necromancer	368082	H	
u007	1966092343	units	Plague Bearer	368149	H	
u007	1966092343	units	Plague Bearer	368175	H	
u007	1966092343	units	Plague Bearer	368197	H	
u007	1966092343	units	Plague Bearer	368264	H	
u007	1966092343	units	Plague Bearer	368290	H	
u007	1966092343	units	Plague Bearer	368312	H	
u007	1966092343	units	Plague Bearer	368379	H	
u007	1966092343	units	Plague Bearer	368405	H	
u007	1966092343	units	Plague Bearer	368427	H	
u007	1966092343	units	Plague Bearer	368506	H	
u007	1966092343	units	Plague Bearer	368532	H	
u007	1966092343	units	Plague Bearer	368554	H	
u007	1966092343	units	Plague Bearer	368633	H	
u007	1966092343	units	Plague Bearer	368659	H	
u007	1966092343	units	Plague Bearer	368681	H	
u007	1966092343	units	Plague Bearer	368748	H	
u007	1966092343	units	Plague Bearer	368774	H	
u007	1966092343	units	Plague Bearer	368796	H	
u009	1966092345	units	Mighty Necromancer	368865	H	
u009	1966092345	units	Mighty Necromancer	368891	H	
u009	1966092345	units	Mighty Necromancer	368913	H	
u009	1966092345	units	Mighty Necromancer	368980	H	
u009	1966092345	units	Mighty Necromancer	369006	H	
u009	1966092345	units	Mighty Necromancer	369028	H	
u009	1966092345	units	Mighty Necromancer	369095	H	
u009	1966092345	units	Mighty Necromancer	369121	H	
u009	1966092345	units	Mighty Necromancer	369143	H	
u009	1966092345	units	Mighty Necromancer	369222	H	
u009	1966092345	units	Mighty Necromancer	369248	H	
u009	1966092345	units	Mighty Necromancer	369270	H	
u00D	1966092356	units	Lich King	369339	H	
u00D	1966092356	units	Lich King	369365	H	
u00D	1966092356	units	Lich King	369387	H	
u00D	1966092356	units	Lich King	369454	H	
u00D	1966092356	units	Lich King	369480	H	
u00D	1966092356	units	Lich King	369502	H	
u00D	1966092356	units	Lich King	369569	H	
u00D	1966092356	units	Lich King	369595	H	
u00D	1966092356	units	Lich King	369617	H	
u00D	1966092356	units	Lich King	369696	H	
u00D	1966092356	units	Lich King	369722	H	
u00D	1966092356	units	Lich King	369744	H	
u00D	1966092356	units	Lich King	369823	H	
u00D	1966092356	units	Lich King	369849	H	
u00D	1966092356	units	Lich King	369871	H	
u00D	1966092356	units	Lich King	369938	H	
u00D	1966092356	units	Lich King	369964	H	
u00D	1966092356	units	Lich King	369986	H	
X018	1479553336	units	Undead Builder	370055	H	
X018	1479553336	units	Undead Builder	370081	H	
X018	1479553336	units	Undead Builder	370103	H	
X018	1479553336	units	Undead Builder	370170	H	
X018	1479553336	units	Undead Builder	370196	H	
X018	1479553336	units	Undead Builder	370218	H	
X018	1479553336	units	Undead Builder	370285	H	
X018	1479553336	units	Undead Builder	370311	H	
X018	1479553336	units	Undead Builder	370333	H	
x003	2016423987	units	Dummy Caster	370402	H	
x003	2016423987	units	Dummy Caster	370428	H	
x003	2016423987	units	Dummy Caster	370450	H	
x003	2016423987	units	Dummy Caster	370517	H	
x003	2016423987	units	Dummy Caster	370543	H	
x003	2016423987	units	Dummy Caster	370565	H	
AM01	1095577649	abilities	Leave Detect	370634	H	
AM01	1095577649	abilities	Leave Detect	370660	H	
AM01	1095577649	abilities	Leave Detect	370682	H	
AM02	1095577650	abilities		370706	H	
AM02	1095577650	abilities		370732	H	
AM02	1095577650	abilities		370754	H	
AM03	1095577651	abilities		370778	H	
AM03	1095577651	abilities		370804	H	
AM03	1095577651	abilities		370826	H	
AcfS	1097033299	abilities		370850	H	
AcfS	1097033299	abilities		370876	H	
AcfS	1097033299	abilities		370898	H	
A0-1	1093676337	abilities	Blink	370922	H	
A0-1	1093676337	abilities	Blink	370948	H	
A0-1	1093676337	abilities	Blink	370970	H	
AM04	1095577652	abilities		370994	H	
AM04	1095577652	abilities		371020	H	
AM04	1095577652	abilities		371042	H	
AM05	1095577653	abilities	Multi Shot	371066	H	
AM05	1095577653	abilities	Multi Shot	371092	H	
AM05	1095577653	abilities	Multi Shot	371114	H	
AM06	1095577654	abilities	Combat Stance: Execute	371138	H	
AM06	1095577654	abilities	Combat Stance: Execute	371164	H	
AM06	1095577654	abilities	Combat Stance: Execute	371186	H	
AM07	1095577655	abilities	Combat Stance: Open Fire	371210	H	
AM07	1095577655	abilities	Combat Stance: Open Fire	371236	H	
AM07	1095577655	abilities	Combat Stance: Open Fire	371258	H	
AM08	1095577656	abilities		371282	H	
AM08	1095577656	abilities		371308	H	
AM08	1095577656	abilities		371330	H	
AM09	1095577657	abilities		371354	H	
AM09	1095577657	abilities		371380	H	
AM09	1095577657	abilities		371402	H	
AM0a	1095577697	abilities	Production Enchantment	371426	H	
AM0a	1095577697	abilities	Production Enchantment	371452	H	
AM0a	1095577697	abilities	Production Enchantment	371474	H	
AM0d	1095577700	abilities	Spell Enchantment	371498	H	
AM0d	1095577700	abilities	Spell Enchantment	371524	H	
AM0d	1095577700	abilities	Spell Enchantment	371546	H	
AM0b	1095577698	abilities		371570	H	
AM0b	1095577698	abilities		371596	H	
AM0b	1095577698	abilities		371618	H	
AM0c	1095577699	abilities		371642	H	
AM0c	1095577699	abilities		371668	H	
AM0c	1095577699	abilities		371690	H	
AM0e	1095577701	abilities		371714	H	
AM0e	1095577701	abilities		371740	H	
AM0e	1095577701	abilities		371762	H	
AM0f	1095577702	abilities		371786	H	
AM0f	1095577702	abilities		371812	H	
AM0f	1095577702	abilities		371834	H	
AM0g	1095577703	abilities		371858	H	
AM0g	1095577703	abilities		371884	H	
AM0g	1095577703	abilities		371906	H	
AM0h	1095577704	abilities		371930	H	
AM0h	1095577704	abilities		371956	H	
AM0h	1095577704	abilities		371978	H	
AM0i	1095577705	abilities		372002	H	
AM0i	1095577705	abilities		372028	H	
AM0i	1095577705	abilities		372050	H	
AM0j	1095577706	abilities		372074	H	
AM0j	1095577706	abilities		372100	H	
AM0j	1095577706	abilities		372122	H	
AM0k	1095577707	abilities		372146	H	
AM0k	1095577707	abilities		372172	H	
AM0k	1095577707	abilities		372194	H	
AM0l	1095577708	abilities		372218	H	
AM0l	1095577708	abilities		372244	H	
AM0l	1095577708	abilities		372266	H	
AM0m	1095577709	abilities		372290	H	
AM0m	1095577709	abilities		372316	H	
AM0m	1095577709	abilities		372338	H	
AM0o	1095577711	abilities		372362	H	
AM0o	1095577711	abilities		372388	H	
AM0o	1095577711	abilities		372410	H	
AM0p	1095577712	abilities		372434	H	
AM0p	1095577712	abilities		372460	H	
AM0p	1095577712	abilities		372482	H	
AM0q	1095577713	abilities		372506	H	
AM0q	1095577713	abilities		372532	H	
AM0q	1095577713	abilities		372554	H	
AM0r	1095577714	abilities		372578	H	
AM0r	1095577714	abilities		372604	H	
AM0r	1095577714	abilities		372626	H	
AM0t	1095577716	abilities		372650	H	
AM0t	1095577716	abilities		372676	H	
AM0t	1095577716	abilities		372698	H	
AM0u	1095577717	abilities		372722	H	
AM0u	1095577717	abilities		372748	H	
AM0u	1095577717	abilities		372770	H	
AM0w	1095577719	abilities		372794	H	
AM0w	1095577719	abilities		372820	H	
AM0w	1095577719	abilities		372842	H	
AM0x	1095577720	abilities		372866	H	
AM0x	1095577720	abilities		372892	H	
AM0x	1095577720	abilities		372914	H	
ZE2E	1514484293	abilities		372938	H	
ZE2E	1514484293	abilities		372964	H	
ZE2E	1514484293	abilities		372986	H	
cfOL	1667649356	abilities		373010	H	
cfOL	1667649356	abilities		373036	H	
cfOL	1667649356	abilities		373058	H	
A000	1093677104	abilities	HEL: Obelisk of Light	373082	H	
A000	1093677104	abilities	HEL: Obelisk of Light	373108	H	
A000	1093677104	abilities	HEL: Obelisk of Light	373130	H	
A001	1093677105	abilities		373154	H	
A001	1093677105	abilities		373180	H	
A001	1093677105	abilities		373202	H	
A002	1093677106	abilities	Death	373226	H	
A002	1093677106	abilities	Death	373252	H	
A002	1093677106	abilities	Death	373274	H	
A003	1093677107	abilities		373298	H	
A003	1093677107	abilities		373324	H	
A003	1093677107	abilities		373346	H	
A004	1093677108	abilities	NAT: Dryad (natures touch)	373370	H	
A004	1093677108	abilities	NAT: Dryad (natures touch)	373396	H	
A004	1093677108	abilities	NAT: Dryad (natures touch)	373418	H	
A005	1093677109	abilities	Rescue Strike	373442	H	
A005	1093677109	abilities	Rescue Strike	373468	H	
A005	1093677109	abilities	Rescue Strike	373490	H	
A006	1093677110	abilities		373514	H	
A006	1093677110	abilities		373540	H	
A006	1093677110	abilities		373562	H	
A007	1093677111	abilities		373586	H	
A007	1093677111	abilities		373612	H	
A007	1093677111	abilities		373634	H	
A008	1093677112	abilities		373658	H	
A008	1093677112	abilities		373684	H	
A008	1093677112	abilities		373706	H	
A009	1093677113	abilities		373730	H	
A009	1093677113	abilities		373756	H	
A009	1093677113	abilities		373778	H	
A00A	1093677121	abilities		373802	H	
A00A	1093677121	abilities		373828	H	
A00A	1093677121	abilities		373850	H	
A00B	1093677122	abilities		373874	H	
A00B	1093677122	abilities		373900	H	
A00B	1093677122	abilities		373922	H	
A00C	1093677123	abilities		373946	H	
A00C	1093677123	abilities		373972	H	
A00C	1093677123	abilities		373994	H	
A00D	1093677124	abilities		374018	H	
A00D	1093677124	abilities		374044	H	
A00D	1093677124	abilities		374066	H	
A00E	1093677125	abilities	Kills	374090	H	
A00E	1093677125	abilities	Kills	374116	H	
A00E	1093677125	abilities	Kills	374138	H	
A00F	1093677126	abilities		374162	H	
A00F	1093677126	abilities		374188	H	
A00F	1093677126	abilities		374210	H	
A00G	1093677127	abilities		374234	H	
A00G	1093677127	abilities		374260	H	
A00G	1093677127	abilities		374282	H	
A00H	1093677128	abilities	TriggerAttack	374306	H	
A00H	1093677128	abilities	TriggerAttack	374332	H	
A00H	1093677128	abilities	TriggerAttack	374354	H	
A00I	1093677129	abilities		374378	H	
A00I	1093677129	abilities		374404	H	
A00I	1093677129	abilities		374426	H	
A00J	1093677130	abilities		374450	H	
A00J	1093677130	abilities		374476	H	
A00J	1093677130	abilities		374498	H	
A00K	1093677131	abilities		374522	H	
A00K	1093677131	abilities		374548	H	
A00K	1093677131	abilities		374570	H	
A00L	1093677132	abilities		374594	H	
A00L	1093677132	abilities		374620	H	
A00L	1093677132	abilities		374642	H	
A00M	1093677133	abilities		374666	H	
A00M	1093677133	abilities		374692	H	
A00M	1093677133	abilities		374714	H	
A00N	1093677134	abilities		374738	H	
A00N	1093677134	abilities		374764	H	
A00N	1093677134	abilities		374786	H	
A00O	1093677135	abilities	NAG: Oracle	374810	H	
A00O	1093677135	abilities	NAG: Oracle	374836	H	
A00O	1093677135	abilities	NAG: Oracle	374858	H	
A00P	1093677136	abilities		374882	H	
A00P	1093677136	abilities		374908	H	
A00P	1093677136	abilities		374930	H	
A00Q	1093677137	abilities		374954	H	
A00Q	1093677137	abilities		374980	H	
A00Q	1093677137	abilities		375002	H	
A00R	1093677138	abilities		375026	H	
A00R	1093677138	abilities		375052	H	
A00R	1093677138	abilities		375074	H	
A00S	1093677139	abilities	Killer Strike	375098	H	
A00S	1093677139	abilities	Killer Strike	375124	H	
A00S	1093677139	abilities	Killer Strike	375146	H	
A00T	1093677140	abilities		375170	H	
A00T	1093677140	abilities		375196	H	
A00T	1093677140	abilities		375218	H	
A00U	1093677141	abilities		375242	H	
A00U	1093677141	abilities		375268	H	
A00U	1093677141	abilities		375290	H	
A00V	1093677142	abilities		375314	H	
A00V	1093677142	abilities		375340	H	
A00V	1093677142	abilities		375362	H	
A00W	1093677143	abilities		375386	H	
A00W	1093677143	abilities		375412	H	
A00W	1093677143	abilities		375434	H	
A00X	1093677144	abilities	HEL: Wizard (Heal (dummy))	375458	H	
A00X	1093677144	abilities	HEL: Wizard (Heal (dummy))	375484	H	
A00X	1093677144	abilities	HEL: Wizard (Heal (dummy))	375506	H	
A00Y	1093677145	abilities	HEL: Wizard (Heal)	375530	H	
A00Y	1093677145	abilities	HEL: Wizard (Heal)	375556	H	
A00Y	1093677145	abilities	HEL: Wizard (Heal)	375578	H	
A00Z	1093677146	abilities	HEL: Wizard (Lightning)	375602	H	
A00Z	1093677146	abilities	HEL: Wizard (Lightning)	375628	H	
A00Z	1093677146	abilities	HEL: Wizard (Lightning)	375650	H	
A010	1093677360	abilities		375674	H	
A010	1093677360	abilities		375700	H	
A010	1093677360	abilities		375722	H	
A011	1093677361	abilities		375746	H	
A011	1093677361	abilities		375772	H	
A011	1093677361	abilities		375794	H	
A012	1093677362	abilities		375818	H	
A012	1093677362	abilities		375844	H	
A012	1093677362	abilities		375866	H	
A013	1093677363	abilities		375890	H	
A013	1093677363	abilities		375916	H	
A013	1093677363	abilities		375938	H	
A014	1093677364	abilities		375962	H	
A014	1093677364	abilities		375988	H	
A014	1093677364	abilities		376010	H	
A015	1093677365	abilities		376034	H	
A015	1093677365	abilities		376060	H	
A015	1093677365	abilities		376082	H	
A016	1093677366	abilities	Gjall Horn Buff	376106	H	
A016	1093677366	abilities	Gjall Horn Buff	376132	H	
A016	1093677366	abilities	Gjall Horn Buff	376154	H	
A017	1093677367	abilities		376178	H	
A017	1093677367	abilities		376204	H	
A017	1093677367	abilities		376226	H	
A018	1093677368	abilities		376250	H	
A018	1093677368	abilities		376276	H	
A018	1093677368	abilities		376298	H	
A019	1093677369	abilities		376322	H	
A019	1093677369	abilities		376348	H	
A019	1093677369	abilities		376370	H	
A01A	1093677377	abilities		376394	H	
A01A	1093677377	abilities		376420	H	
A01A	1093677377	abilities		376442	H	
A01B	1093677378	abilities		376466	H	
A01B	1093677378	abilities		376492	H	
A01B	1093677378	abilities		376514	H	
A01C	1093677379	abilities	NAG: Dragon Turtle (spiked shell)	376538	H	
A01C	1093677379	abilities	NAG: Dragon Turtle (spiked shell)	376564	H	
A01C	1093677379	abilities	NAG: Dragon Turtle (spiked shell)	376586	H	
A01D	1093677380	abilities		376610	H	
A01D	1093677380	abilities		376636	H	
A01D	1093677380	abilities		376658	H	
A01E	1093677381	abilities		376682	H	
A01E	1093677381	abilities		376708	H	
A01E	1093677381	abilities		376730	H	
A01F	1093677382	abilities		376754	H	
A01F	1093677382	abilities		376780	H	
A01F	1093677382	abilities		376802	H	
A01G	1093677383	abilities		376826	H	
A01G	1093677383	abilities		376852	H	
A01G	1093677383	abilities		376874	H	
A01H	1093677384	abilities		376898	H	
A01H	1093677384	abilities		376924	H	
A01H	1093677384	abilities		376946	H	
A01I	1093677385	abilities		376970	H	
A01I	1093677385	abilities		376996	H	
A01I	1093677385	abilities		377018	H	
A01J	1093677386	abilities		377042	H	
A01J	1093677386	abilities		377068	H	
A01J	1093677386	abilities		377090	H	
A01K	1093677387	abilities		377114	H	
A01K	1093677387	abilities		377140	H	
A01K	1093677387	abilities		377162	H	
A01L	1093677388	abilities		377186	H	
A01L	1093677388	abilities		377212	H	
A01L	1093677388	abilities		377234	H	
A01M	1093677389	abilities		377258	H	
A01M	1093677389	abilities		377284	H	
A01M	1093677389	abilities		377306	H	
A01N	1093677390	abilities		377330	H	
A01N	1093677390	abilities		377356	H	
A01N	1093677390	abilities		377378	H	
A01O	1093677391	abilities		377402	H	
A01O	1093677391	abilities		377428	H	
A01O	1093677391	abilities		377450	H	
A01P	1093677392	abilities		377474	H	
A01P	1093677392	abilities		377500	H	
A01P	1093677392	abilities		377522	H	
A01Q	1093677393	abilities		377546	H	
A01Q	1093677393	abilities		377572	H	
A01Q	1093677393	abilities		377594	H	
A01R	1093677394	abilities		377618	H	
A01R	1093677394	abilities		377644	H	
A01R	1093677394	abilities		377666	H	
A01S	1093677395	abilities		377690	H	
A01S	1093677395	abilities		377716	H	
A01S	1093677395	abilities		377738	H	
A01T	1093677396	abilities	UND: City Of Decay	377762	H	
A01T	1093677396	abilities	UND: City Of Decay	377788	H	
A01T	1093677396	abilities	UND: City Of Decay	377810	H	
A01U	1093677397	abilities		377834	H	
A01U	1093677397	abilities		377860	H	
A01U	1093677397	abilities		377882	H	
A01V	1093677398	abilities		377906	H	
A01V	1093677398	abilities		377932	H	
A01V	1093677398	abilities		377954	H	
A01W	1093677399	abilities		377978	H	
A01W	1093677399	abilities		378004	H	
A01W	1093677399	abilities		378026	H	
A01X	1093677400	abilities		378050	H	
A01X	1093677400	abilities		378076	H	
A01X	1093677400	abilities		378098	H	
A01Y	1093677401	abilities		378122	H	
A01Y	1093677401	abilities		378148	H	
A01Y	1093677401	abilities		378170	H	
A01Z	1093677402	abilities	NAG Winged Snake: Dispel	378194	H	
A01Z	1093677402	abilities	NAG Winged Snake: Dispel	378220	H	
A01Z	1093677402	abilities	NAG Winged Snake: Dispel	378242	H	
A020	1093677616	abilities		378266	H	
A020	1093677616	abilities		378292	H	
A020	1093677616	abilities		378314	H	
A021	1093677617	abilities		378338	H	
A021	1093677617	abilities		378364	H	
A021	1093677617	abilities		378386	H	
A022	1093677618	abilities		378410	H	
A022	1093677618	abilities		378436	H	
A022	1093677618	abilities		378458	H	
A023	1093677619	abilities		378482	H	
A023	1093677619	abilities		378508	H	
A023	1093677619	abilities		378530	H	
A024	1093677620	abilities		378554	H	
A024	1093677620	abilities		378580	H	
A024	1093677620	abilities		378602	H	
A025	1093677621	abilities		378626	H	
A025	1093677621	abilities		378652	H	
A025	1093677621	abilities		378674	H	
A026	1093677622	abilities		378698	H	
A026	1093677622	abilities		378724	H	
A026	1093677622	abilities		378746	H	
A027	1093677623	abilities		378770	H	
A027	1093677623	abilities		378796	H	
A027	1093677623	abilities		378818	H	
A028	1093677624	abilities		378842	H	
A028	1093677624	abilities		378868	H	
A028	1093677624	abilities		378890	H	
A029	1093677625	abilities		378914	H	
A029	1093677625	abilities		378940	H	
A029	1093677625	abilities		378962	H	
A02A	1093677633	abilities		378986	H	
A02A	1093677633	abilities		379012	H	
A02A	1093677633	abilities		379034	H	
A02B	1093677634	abilities		379058	H	
A02B	1093677634	abilities		379084	H	
A02B	1093677634	abilities		379106	H	
A02C	1093677635	abilities	COR: Eey Of Corruption (permanent)	379130	H	
A02C	1093677635	abilities	COR: Eey Of Corruption (permanent)	379156	H	
A02C	1093677635	abilities	COR: Eey Of Corruption (permanent)	379178	H	
A02D	1093677636	abilities	Blast	379202	H	
A02D	1093677636	abilities	Blast	379228	H	
A02D	1093677636	abilities	Blast	379250	H	
A02E	1093677637	abilities		379274	H	
A02E	1093677637	abilities		379300	H	
A02E	1093677637	abilities		379322	H	
A02F	1093677638	abilities	Damage Add	379346	H	
A02F	1093677638	abilities	Damage Add	379372	H	
A02F	1093677638	abilities	Damage Add	379394	H	
A02G	1093677639	abilities	Scroll Heal	379418	H	
A02G	1093677639	abilities	Scroll Heal	379444	H	
A02G	1093677639	abilities	Scroll Heal	379466	H	
A02H	1093677640	abilities		379490	H	
A02H	1093677640	abilities		379516	H	
A02H	1093677640	abilities		379538	H	
A02I	1093677641	abilities		379562	H	
A02I	1093677641	abilities		379588	H	
A02I	1093677641	abilities		379610	H	
A02J	1093677642	abilities		379634	H	
A02J	1093677642	abilities		379660	H	
A02J	1093677642	abilities		379682	H	
A02K	1093677643	abilities		379706	H	
A02K	1093677643	abilities		379732	H	
A02K	1093677643	abilities		379754	H	
A02L	1093677644	abilities		379778	H	
A02L	1093677644	abilities		379804	H	
A02L	1093677644	abilities		379826	H	
A02M	1093677645	abilities		379850	H	
A02M	1093677645	abilities		379876	H	
A02M	1093677645	abilities		379898	H	
A02N	1093677646	abilities		379922	H	
A02N	1093677646	abilities		379948	H	
A02N	1093677646	abilities		379970	H	
A02O	1093677647	abilities		379994	H	
A02O	1093677647	abilities		380020	H	
A02O	1093677647	abilities		380042	H	
A02P	1093677648	abilities		380066	H	
A02P	1093677648	abilities		380092	H	
A02P	1093677648	abilities		380114	H	
A02Q	1093677649	abilities		380138	H	
A02Q	1093677649	abilities		380164	H	
A02Q	1093677649	abilities		380186	H	
A02R	1093677650	abilities		380210	H	
A02R	1093677650	abilities		380236	H	
A02R	1093677650	abilities		380258	H	
A02S	1093677651	abilities		380282	H	
A02S	1093677651	abilities		380308	H	
A02S	1093677651	abilities		380330	H	
A02T	1093677652	abilities	NAG: Siren (Purge)	380354	H	
A02T	1093677652	abilities	NAG: Siren (Purge)	380380	H	
A02T	1093677652	abilities	NAG: Siren (Purge)	380402	H	
A02U	1093677653	abilities	NAG: Siren (Purge (cd))	380426	H	
A02U	1093677653	abilities	NAG: Siren (Purge (cd))	380452	H	
A02U	1093677653	abilities	NAG: Siren (Purge (cd))	380474	H	
A02V	1093677654	abilities		380498	H	
A02V	1093677654	abilities		380524	H	
A02V	1093677654	abilities		380546	H	
A02W	1093677655	abilities		380570	H	
A02W	1093677655	abilities		380596	H	
A02W	1093677655	abilities		380618	H	
A02X	1093677656	abilities	NAG: RG (Cleaving Attack)	380642	H	
A02X	1093677656	abilities	NAG: RG (Cleaving Attack)	380668	H	
A02X	1093677656	abilities	NAG: RG (Cleaving Attack)	380690	H	
A02Y	1093677657	abilities		380714	H	
A02Y	1093677657	abilities		380740	H	
A02Y	1093677657	abilities		380762	H	
A02Z	1093677658	abilities	ORC: Serpent Rock	380786	H	
A02Z	1093677658	abilities	ORC: Serpent Rock	380812	H	
A02Z	1093677658	abilities	ORC: Serpent Rock	380834	H	
A030	1093677872	abilities	ORC: Serpent Rock	380858	H	
A030	1093677872	abilities	ORC: Serpent Rock	380884	H	
A030	1093677872	abilities	ORC: Serpent Rock	380906	H	
A031	1093677873	abilities		380930	H	
A031	1093677873	abilities		380956	H	
A031	1093677873	abilities		380978	H	
A032	1093677874	abilities		381002	H	
A032	1093677874	abilities		381028	H	
A032	1093677874	abilities		381050	H	
A033	1093677875	abilities	UND: Death Pit	381074	H	
A033	1093677875	abilities	UND: Death Pit	381100	H	
A033	1093677875	abilities	UND: Death Pit	381122	H	
A034	1093677876	abilities	ORC: Defensive Kodo (defensive aura)	381146	H	
A034	1093677876	abilities	ORC: Defensive Kodo (defensive aura)	381172	H	
A034	1093677876	abilities	ORC: Defensive Kodo (defensive aura)	381194	H	
A035	1093677877	abilities	ORC: Offensive Kodo (damage aura)	381218	H	
A035	1093677877	abilities	ORC: Offensive Kodo (damage aura)	381244	H	
A035	1093677877	abilities	ORC: Offensive Kodo (damage aura)	381266	H	
A036	1093677878	abilities		381290	H	
A036	1093677878	abilities		381316	H	
A036	1093677878	abilities		381338	H	
A037	1093677879	abilities		381362	H	
A037	1093677879	abilities		381388	H	
A037	1093677879	abilities		381410	H	
A038	1093677880	abilities		381434	H	
A038	1093677880	abilities		381460	H	
A038	1093677880	abilities		381482	H	
A039	1093677881	abilities	ORC: Ceremonial Totem	381506	H	
A039	1093677881	abilities	ORC: Ceremonial Totem	381532	H	
A039	1093677881	abilities	ORC: Ceremonial Totem	381554	H	
A03A	1093677889	abilities		381578	H	
A03A	1093677889	abilities		381604	H	
A03A	1093677889	abilities		381626	H	
A03B	1093677890	abilities		381650	H	
A03B	1093677890	abilities		381676	H	
A03B	1093677890	abilities		381698	H	
A03C	1093677891	abilities		381722	H	
A03C	1093677891	abilities		381748	H	
A03C	1093677891	abilities		381770	H	
A03D	1093677892	abilities		381794	H	
A03D	1093677892	abilities		381820	H	
A03D	1093677892	abilities		381842	H	
A03E	1093677893	abilities	Quad Damage	381866	H	
A03E	1093677893	abilities	Quad Damage	381892	H	
A03E	1093677893	abilities	Quad Damage	381914	H	
A03F	1093677894	abilities	Double Damage	381938	H	
A03F	1093677894	abilities	Double Damage	381964	H	
A03F	1093677894	abilities	Double Damage	381986	H	
A03G	1093677895	abilities		382010	H	
A03G	1093677895	abilities		382036	H	
A03G	1093677895	abilities		382058	H	
A03H	1093677896	abilities		382082	H	
A03H	1093677896	abilities		382108	H	
A03H	1093677896	abilities		382130	H	
A03I	1093677897	abilities	HUM: Inner Fire (paladin)	382154	H	
A03I	1093677897	abilities	HUM: Inner Fire (paladin)	382180	H	
A03I	1093677897	abilities	HUM: Inner Fire (paladin)	382202	H	
A03J	1093677898	abilities		382226	H	
A03J	1093677898	abilities		382252	H	
A03J	1093677898	abilities		382274	H	
A03K	1093677899	abilities	HUM: Crusader/Paladin Heal	382298	H	
A03K	1093677899	abilities	HUM: Crusader/Paladin Heal	382324	H	
A03K	1093677899	abilities	HUM: Crusader/Paladin Heal	382346	H	
A03L	1093677900	abilities		382370	H	
A03L	1093677900	abilities		382396	H	
A03L	1093677900	abilities		382418	H	
A03M	1093677901	abilities	HUM: Crusader (inner fire)	382442	H	
A03M	1093677901	abilities	HUM: Crusader (inner fire)	382468	H	
A03M	1093677901	abilities	HUM: Crusader (inner fire)	382490	H	
A03N	1093677902	abilities		382514	H	
A03N	1093677902	abilities		382540	H	
A03N	1093677902	abilities		382562	H	
A03O	1093677903	abilities		382586	H	
A03O	1093677903	abilities		382612	H	
A03O	1093677903	abilities		382634	H	
A03P	1093677904	abilities		382658	H	
A03P	1093677904	abilities		382684	H	
A03P	1093677904	abilities		382706	H	
A03Q	1093677905	abilities		382730	H	
A03Q	1093677905	abilities		382756	H	
A03Q	1093677905	abilities		382778	H	
A03R	1093677906	abilities		382802	H	
A03R	1093677906	abilities		382828	H	
A03R	1093677906	abilities		382850	H	
A03S	1093677907	abilities		382874	H	
A03S	1093677907	abilities		382900	H	
A03S	1093677907	abilities		382922	H	
A03T	1093677908	abilities		382946	H	
A03T	1093677908	abilities		382972	H	
A03T	1093677908	abilities		382994	H	
A03U	1093677909	abilities		383018	H	
A03U	1093677909	abilities		383044	H	
A03U	1093677909	abilities		383066	H	
A03V	1093677910	abilities		383090	H	
A03V	1093677910	abilities		383116	H	
A03V	1093677910	abilities		383138	H	
A03W	1093677911	abilities		383162	H	
A03W	1093677911	abilities		383188	H	
A03W	1093677911	abilities		383210	H	
A03X	1093677912	abilities		383234	H	
A03X	1093677912	abilities		383260	H	
A03X	1093677912	abilities		383282	H	
A03Y	1093677913	abilities		383306	H	
A03Y	1093677913	abilities		383332	H	
A03Y	1093677913	abilities		383354	H	
A03Z	1093677914	abilities		383378	H	
A03Z	1093677914	abilities		383404	H	
A03Z	1093677914	abilities		383426	H	
A040	1093678128	abilities		383450	H	
A040	1093678128	abilities		383476	H	
A040	1093678128	abilities		383498	H	
A041	1093678129	abilities		383522	H	
A041	1093678129	abilities		383548	H	
A041	1093678129	abilities		383570	H	
A042	1093678130	abilities		383594	H	
A042	1093678130	abilities		383620	H	
A042	1093678130	abilities		383642	H	
A043	1093678131	abilities	NOR: Ice Queen (frost nova)	383666	H	
A043	1093678131	abilities	NOR: Ice Queen (frost nova)	383692	H	
A043	1093678131	abilities	NOR: Ice Queen (frost nova)	383714	H	
A044	1093678132	abilities		383738	H	
A044	1093678132	abilities		383764	H	
A044	1093678132	abilities		383786	H	
A045	1093678133	abilities		383810	H	
A045	1093678133	abilities		383836	H	
A045	1093678133	abilities		383858	H	
A046	1093678134	abilities		383882	H	
A046	1093678134	abilities		383908	H	
A046	1093678134	abilities		383930	H	
A047	1093678135	abilities		383954	H	
A047	1093678135	abilities		383980	H	
A047	1093678135	abilities		384002	H	
A048	1093678136	abilities		384026	H	
A048	1093678136	abilities		384052	H	
A048	1093678136	abilities		384074	H	
A049	1093678137	abilities		384098	H	
A049	1093678137	abilities		384124	H	
A049	1093678137	abilities		384146	H	
A04A	1093678145	abilities		384170	H	
A04A	1093678145	abilities		384196	H	
A04A	1093678145	abilities		384218	H	
A04B	1093678146	abilities		384242	H	
A04B	1093678146	abilities		384268	H	
A04B	1093678146	abilities		384290	H	
A04C	1093678147	abilities		384314	H	
A04C	1093678147	abilities		384340	H	
A04C	1093678147	abilities		384362	H	
A04D	1093678148	abilities		384386	H	
A04D	1093678148	abilities		384412	H	
A04D	1093678148	abilities		384434	H	
A04E	1093678149	abilities		384458	H	
A04E	1093678149	abilities		384484	H	
A04E	1093678149	abilities		384506	H	
A04F	1093678150	abilities		384530	H	
A04F	1093678150	abilities		384556	H	
A04F	1093678150	abilities		384578	H	
A04G	1093678151	abilities		384602	H	
A04G	1093678151	abilities		384628	H	
A04G	1093678151	abilities		384650	H	
A04H	1093678152	abilities		384674	H	
A04H	1093678152	abilities		384700	H	
A04H	1093678152	abilities		384722	H	
A04I	1093678153	abilities		384746	H	
A04I	1093678153	abilities		384772	H	
A04I	1093678153	abilities		384794	H	
A04J	1093678154	abilities		384818	H	
A04J	1093678154	abilities		384844	H	
A04J	1093678154	abilities		384866	H	
A04K	1093678155	abilities		384890	H	
A04K	1093678155	abilities		384916	H	
A04K	1093678155	abilities		384938	H	
A04L	1093678156	abilities		384962	H	
A04L	1093678156	abilities		384988	H	
A04L	1093678156	abilities		385010	H	
A04M	1093678157	abilities		385034	H	
A04M	1093678157	abilities		385060	H	
A04M	1093678157	abilities		385082	H	
A04N	1093678158	abilities		385106	H	
A04N	1093678158	abilities		385132	H	
A04N	1093678158	abilities		385154	H	
A04O	1093678159	abilities		385178	H	
A04O	1093678159	abilities		385204	H	
A04O	1093678159	abilities		385226	H	
A04P	1093678160	abilities		385250	H	
A04P	1093678160	abilities		385276	H	
A04P	1093678160	abilities		385298	H	
A04Q	1093678161	abilities		385322	H	
A04Q	1093678161	abilities		385348	H	
A04Q	1093678161	abilities		385370	H	
A04R	1093678162	abilities		385394	H	
A04R	1093678162	abilities		385420	H	
A04R	1093678162	abilities		385442	H	
A04S	1093678163	abilities	COR: Eye of Corruption	385466	H	
A04S	1093678163	abilities	COR: Eye of Corruption	385492	H	
A04S	1093678163	abilities	COR: Eye of Corruption	385514	H	
A04T	1093678164	abilities		385538	H	
A04T	1093678164	abilities		385564	H	
A04T	1093678164	abilities		385586	H	
A04U	1093678165	abilities		385610	H	
A04U	1093678165	abilities		385636	H	
A04U	1093678165	abilities		385658	H	
A04V	1093678166	abilities		385682	H	
A04V	1093678166	abilities		385708	H	
A04V	1093678166	abilities		385730	H	
A04W	1093678167	abilities		385754	H	
A04W	1093678167	abilities		385780	H	
A04W	1093678167	abilities		385802	H	
A04X	1093678168	abilities		385826	H	
A04X	1093678168	abilities		385852	H	
A04X	1093678168	abilities		385874	H	
A04Y	1093678169	abilities		385898	H	
A04Y	1093678169	abilities		385924	H	
A04Y	1093678169	abilities		385946	H	
A04Z	1093678170	abilities		385970	H	
A04Z	1093678170	abilities		385996	H	
A04Z	1093678170	abilities		386018	H	
A050	1093678384	abilities		386042	H	
A050	1093678384	abilities		386068	H	
A050	1093678384	abilities		386090	H	
A051	1093678385	abilities		386114	H	
A051	1093678385	abilities		386140	H	
A051	1093678385	abilities		386162	H	
A052	1093678386	abilities	COR: Shadow Dragon (Damage Reflect)	386186	H	
A052	1093678386	abilities	COR: Shadow Dragon (Damage Reflect)	386212	H	
A052	1093678386	abilities	COR: Shadow Dragon (Damage Reflect)	386234	H	
A053	1093678387	abilities		386258	H	
A053	1093678387	abilities		386284	H	
A053	1093678387	abilities		386306	H	
A054	1093678388	abilities		386330	H	
A054	1093678388	abilities		386356	H	
A054	1093678388	abilities		386378	H	
A055	1093678389	abilities		386402	H	
A055	1093678389	abilities		386428	H	
A055	1093678389	abilities		386450	H	
A056	1093678390	abilities	Corrupted: Void Walker	386474	H	
A056	1093678390	abilities	Corrupted: Void Walker	386500	H	
A056	1093678390	abilities	Corrupted: Void Walker	386522	H	
A057	1093678391	abilities	COR: Well Of Pain	386546	H	
A057	1093678391	abilities	COR: Well Of Pain	386572	H	
A057	1093678391	abilities	COR: Well Of Pain	386594	H	
A058	1093678392	abilities		386618	H	
A058	1093678392	abilities		386644	H	
A058	1093678392	abilities		386666	H	
A059	1093678393	abilities		386690	H	
A059	1093678393	abilities		386716	H	
A059	1093678393	abilities		386738	H	
A05A	1093678401	abilities		386762	H	
A05A	1093678401	abilities		386788	H	
A05A	1093678401	abilities		386810	H	
A05B	1093678402	abilities		386834	H	
A05B	1093678402	abilities		386860	H	
A05B	1093678402	abilities		386882	H	
A05C	1093678403	abilities		386906	H	
A05C	1093678403	abilities		386932	H	
A05C	1093678403	abilities		386954	H	
A05D	1093678404	abilities		386978	H	
A05D	1093678404	abilities		387004	H	
A05D	1093678404	abilities		387026	H	
A05E	1093678405	abilities		387050	H	
A05E	1093678405	abilities		387076	H	
A05E	1093678405	abilities		387098	H	
A05F	1093678406	abilities		387122	H	
A05F	1093678406	abilities		387148	H	
A05F	1093678406	abilities		387170	H	
A05G	1093678407	abilities		387194	H	
A05G	1093678407	abilities		387220	H	
A05G	1093678407	abilities		387242	H	
A05H	1093678408	abilities		387266	H	
A05H	1093678408	abilities		387292	H	
A05H	1093678408	abilities		387314	H	
A05I	1093678409	abilities		387338	H	
A05I	1093678409	abilities		387364	H	
A05I	1093678409	abilities		387386	H	
A05J	1093678410	abilities		387410	H	
A05J	1093678410	abilities		387436	H	
A05J	1093678410	abilities		387458	H	
A05K	1093678411	abilities		387482	H	
A05K	1093678411	abilities		387508	H	
A05K	1093678411	abilities		387530	H	
A05L	1093678412	abilities		387554	H	
A05L	1093678412	abilities		387580	H	
A05L	1093678412	abilities		387602	H	
A05M	1093678413	abilities		387626	H	
A05M	1093678413	abilities		387652	H	
A05M	1093678413	abilities		387674	H	
A05N	1093678414	abilities	UND: Mighty Necromancer (carrion swarm)	387698	H	
A05N	1093678414	abilities	UND: Mighty Necromancer (carrion swarm)	387724	H	
A05N	1093678414	abilities	UND: Mighty Necromancer (carrion swarm)	387746	H	
A05O	1093678415	abilities		387770	H	
A05O	1093678415	abilities		387796	H	
A05O	1093678415	abilities		387818	H	
A05P	1093678416	abilities		387842	H	
A05P	1093678416	abilities		387868	H	
A05P	1093678416	abilities		387890	H	
A05Q	1093678417	abilities		387914	H	
A05Q	1093678417	abilities		387940	H	
A05Q	1093678417	abilities		387962	H	
A05R	1093678418	abilities		387986	H	
A05R	1093678418	abilities		388012	H	
A05R	1093678418	abilities		388034	H	
A05S	1093678419	abilities		388058	H	
A05S	1093678419	abilities		388084	H	
A05S	1093678419	abilities		388106	H	
A05T	1093678420	abilities		388130	H	
A05T	1093678420	abilities		388156	H	
A05T	1093678420	abilities		388178	H	
A05U	1093678421	abilities		388202	H	
A05U	1093678421	abilities		388228	H	
A05U	1093678421	abilities		388250	H	
A05V	1093678422	abilities	CHA: Quill Demon (thorns aura)	388274	H	
A05V	1093678422	abilities	CHA: Quill Demon (thorns aura)	388300	H	
A05V	1093678422	abilities	CHA: Quill Demon (thorns aura)	388322	H	
A05W	1093678423	abilities		388346	H	
A05W	1093678423	abilities		388372	H	
A05W	1093678423	abilities		388394	H	
A05X	1093678424	abilities		388418	H	
A05X	1093678424	abilities		388444	H	
A05X	1093678424	abilities		388466	H	
A05Y	1093678425	abilities		388490	H	
A05Y	1093678425	abilities		388516	H	
A05Y	1093678425	abilities		388538	H	
A05Z	1093678426	abilities		388562	H	
A05Z	1093678426	abilities		388588	H	
A05Z	1093678426	abilities		388610	H	
A060	1093678640	abilities		388634	H	
A060	1093678640	abilities		388660	H	
A060	1093678640	abilities		388682	H	
A061	1093678641	abilities		388706	H	
A061	1093678641	abilities		388732	H	
A061	1093678641	abilities		388754	H	
A062	1093678642	abilities		388778	H	
A062	1093678642	abilities		388804	H	
A062	1093678642	abilities		388826	H	
A063	1093678643	abilities		388850	H	
A063	1093678643	abilities		388876	H	
A063	1093678643	abilities		388898	H	
A064	1093678644	abilities		388922	H	
A064	1093678644	abilities		388948	H	
A064	1093678644	abilities		388970	H	
A065	1093678645	abilities		388994	H	
A065	1093678645	abilities		389020	H	
A065	1093678645	abilities		389042	H	
A066	1093678646	abilities		389066	H	
A066	1093678646	abilities		389092	H	
A066	1093678646	abilities		389114	H	
A067	1093678647	abilities		389138	H	
A067	1093678647	abilities		389164	H	
A067	1093678647	abilities		389186	H	
A068	1093678648	abilities		389210	H	
A068	1093678648	abilities		389236	H	
A068	1093678648	abilities		389258	H	
A069	1093678649	abilities		389282	H	
A069	1093678649	abilities		389308	H	
A069	1093678649	abilities		389330	H	
A06A	1093678657	abilities		389354	H	
A06A	1093678657	abilities		389380	H	
A06A	1093678657	abilities		389402	H	
A06B	1093678658	abilities		389426	H	
A06B	1093678658	abilities		389452	H	
A06B	1093678658	abilities		389474	H	
A06C	1093678659	abilities	QuadDamageAura	389498	H	
A06C	1093678659	abilities	QuadDamageAura	389524	H	
A06C	1093678659	abilities	QuadDamageAura	389546	H	
A06D	1093678660	abilities	DoubleDamageAura	389570	H	
A06D	1093678660	abilities	DoubleDamageAura	389596	H	
A06D	1093678660	abilities	DoubleDamageAura	389618	H	
A06E	1093678661	abilities	Rescue Strike Effect	389642	H	
A06E	1093678661	abilities	Rescue Strike Effect	389668	H	
A06E	1093678661	abilities	Rescue Strike Effect	389690	H	
A06F	1093678662	abilities		389714	H	
A06F	1093678662	abilities		389740	H	
A06F	1093678662	abilities		389762	H	
A06G	1093678663	abilities		389786	H	
A06G	1093678663	abilities		389812	H	
A06G	1093678663	abilities		389834	H	
A06H	1093678664	abilities		389858	H	
A06H	1093678664	abilities		389884	H	
A06H	1093678664	abilities		389906	H	
A06I	1093678665	abilities		389930	H	
A06I	1093678665	abilities		389956	H	
A06I	1093678665	abilities		389978	H	
A06J	1093678666	abilities		390002	H	
A06J	1093678666	abilities		390028	H	
A06J	1093678666	abilities		390050	H	
A06K	1093678667	abilities		390074	H	
A06K	1093678667	abilities		390100	H	
A06K	1093678667	abilities		390122	H	
A06L	1093678668	abilities		390146	H	
A06L	1093678668	abilities		390172	H	
A06L	1093678668	abilities		390194	H	
A06M	1093678669	abilities		390218	H	
A06M	1093678669	abilities		390244	H	
A06M	1093678669	abilities		390266	H	
A06N	1093678670	abilities	UND: Greater Vampir (vampiric aura)	390290	H	
A06N	1093678670	abilities	UND: Greater Vampir (vampiric aura)	390316	H	
A06N	1093678670	abilities	UND: Greater Vampir (vampiric aura)	390338	H	
A06O	1093678671	abilities		390362	H	
A06O	1093678671	abilities		390388	H	
A06O	1093678671	abilities		390410	H	
A06P	1093678672	abilities	NOR: Chilling Mushroom	390434	H	
A06P	1093678672	abilities	NOR: Chilling Mushroom	390460	H	
A06P	1093678672	abilities	NOR: Chilling Mushroom	390482	H	
A06Q	1093678673	abilities		390506	H	
A06Q	1093678673	abilities		390532	H	
A06Q	1093678673	abilities		390554	H	
A06R	1093678674	abilities		390578	H	
A06R	1093678674	abilities		390604	H	
A06R	1093678674	abilities		390626	H	
A06S	1093678675	abilities		390650	H	
A06S	1093678675	abilities		390676	H	
A06S	1093678675	abilities		390698	H	
A06T	1093678676	abilities		390722	H	
A06T	1093678676	abilities		390748	H	
A06T	1093678676	abilities		390770	H	
A06U	1093678677	abilities		390794	H	
A06U	1093678677	abilities		390820	H	
A06U	1093678677	abilities		390842	H	
A06V	1093678678	abilities	Legendary Unit	390866	H	
A06V	1093678678	abilities	Legendary Unit	390892	H	
A06V	1093678678	abilities	Legendary Unit	390914	H	
A06W	1093678679	abilities		390938	H	
A06W	1093678679	abilities		390964	H	
A06W	1093678679	abilities		390986	H	
A06X	1093678680	abilities		391010	H	
A06X	1093678680	abilities		391036	H	
A06X	1093678680	abilities		391058	H	
A06Y	1093678681	abilities		391082	H	
A06Y	1093678681	abilities		391108	H	
A06Y	1093678681	abilities		391130	H	
A06Z	1093678682	abilities		391154	H	
A06Z	1093678682	abilities		391180	H	
A06Z	1093678682	abilities		391202	H	
A070	1093678896	abilities	Leg-anti-hex	391226	H	
A070	1093678896	abilities	Leg-anti-hex	391252	H	
A070	1093678896	abilities	Leg-anti-hex	391274	H	
A071	1093678897	abilities		391298	H	
A071	1093678897	abilities		391324	H	
A071	1093678897	abilities		391346	H	
A073	1093678899	abilities		391370	H	
A073	1093678899	abilities		391396	H	
A073	1093678899	abilities		391418	H	
A074	1093678900	abilities		391442	H	
A074	1093678900	abilities		391468	H	
A074	1093678900	abilities		391490	H	
A075	1093678901	abilities		391514	H	
A075	1093678901	abilities		391540	H	
A075	1093678901	abilities		391562	H	
A076	1093678902	abilities		391586	H	
A076	1093678902	abilities		391612	H	
A076	1093678902	abilities		391634	H	
A077	1093678903	abilities		391658	H	
A077	1093678903	abilities		391684	H	
A077	1093678903	abilities		391706	H	
A078	1093678904	abilities		391730	H	
A078	1093678904	abilities		391756	H	
A078	1093678904	abilities		391778	H	
A079	1093678905	abilities	NEL: Druid (Heal Rain)	391802	H	
A079	1093678905	abilities	NEL: Druid (Heal Rain)	391828	H	
A079	1093678905	abilities	NEL: Druid (Heal Rain)	391850	H	
A07A	1093678913	abilities		391874	H	
A07A	1093678913	abilities		391900	H	
A07A	1093678913	abilities		391922	H	
A07B	1093678914	abilities		391946	H	
A07B	1093678914	abilities		391972	H	
A07B	1093678914	abilities		391994	H	
A07C	1093678915	abilities		392018	H	
A07C	1093678915	abilities		392044	H	
A07C	1093678915	abilities		392066	H	
A07D	1093678916	abilities		392090	H	
A07D	1093678916	abilities		392116	H	
A07D	1093678916	abilities		392138	H	
A07E	1093678917	abilities		392162	H	
A07E	1093678917	abilities		392188	H	
A07E	1093678917	abilities		392210	H	
A07F	1093678918	abilities		392234	H	
A07F	1093678918	abilities		392260	H	
A07F	1093678918	abilities		392282	H	
A07G	1093678919	abilities	Summoned Unit	392306	H	
A07G	1093678919	abilities	Summoned Unit	392332	H	
A07G	1093678919	abilities	Summoned Unit	392354	H	
A07H	1093678920	abilities	TypeLegendary	392378	H	
A07H	1093678920	abilities	TypeLegendary	392404	H	
A07H	1093678920	abilities	TypeLegendary	392426	H	
A07I	1093678921	abilities		392450	H	
A07I	1093678921	abilities		392476	H	
A07I	1093678921	abilities		392498	H	
A07J	1093678922	abilities		392522	H	
A07J	1093678922	abilities		392548	H	
A07J	1093678922	abilities		392570	H	
A07K	1093678923	abilities	Channel(troll)	392594	H	
A07K	1093678923	abilities	Channel(troll)	392620	H	
A07K	1093678923	abilities	Channel(troll)	392642	H	
A07L	1093678924	abilities		392666	H	
A07L	1093678924	abilities		392692	H	
A07L	1093678924	abilities		392714	H	
A07M	1093678925	abilities		392738	H	
A07M	1093678925	abilities		392764	H	
A07M	1093678925	abilities		392786	H	
A07N	1093678926	abilities		392810	H	
A07N	1093678926	abilities		392836	H	
A07N	1093678926	abilities		392858	H	
A07O	1093678927	abilities		392882	H	
A07O	1093678927	abilities		392908	H	
A07O	1093678927	abilities		392930	H	
A07P	1093678928	abilities		392954	H	
A07P	1093678928	abilities		392980	H	
A07P	1093678928	abilities		393002	H	
A07Q	1093678929	abilities		393026	H	
A07Q	1093678929	abilities		393052	H	
A07Q	1093678929	abilities		393074	H	
A07R	1093678930	abilities		393098	H	
A07R	1093678930	abilities		393124	H	
A07R	1093678930	abilities		393146	H	
A07T	1093678932	abilities	NEL: Starfall	393170	H	
A07T	1093678932	abilities	NEL: Starfall	393196	H	
A07T	1093678932	abilities	NEL: Starfall	393218	H	
A07U	1093678933	abilities		393242	H	
A07U	1093678933	abilities		393268	H	
A07U	1093678933	abilities		393290	H	
A07V	1093678934	abilities		393314	H	
A07V	1093678934	abilities		393340	H	
A07V	1093678934	abilities		393362	H	
A07W	1093678935	abilities		393386	H	
A07W	1093678935	abilities		393412	H	
A07W	1093678935	abilities		393434	H	
A07X	1093678936	abilities	Killzor	393458	H	
A07X	1093678936	abilities	Killzor	393484	H	
A07X	1093678936	abilities	Killzor	393506	H	
A07Y	1093678937	abilities		393530	H	
A07Y	1093678937	abilities		393556	H	
A07Y	1093678937	abilities		393578	H	
A07Z	1093678938	abilities		393602	H	
A07Z	1093678938	abilities		393628	H	
A07Z	1093678938	abilities		393650	H	
A080	1093679152	abilities	World Freezer Phoenix Fire	393674	H	
A080	1093679152	abilities	World Freezer Phoenix Fire	393700	H	
A080	1093679152	abilities	World Freezer Phoenix Fire	393722	H	
A081	1093679153	abilities	freezer orb slow	393746	H	
A081	1093679153	abilities	freezer orb slow	393772	H	
A081	1093679153	abilities	freezer orb slow	393794	H	
A082	1093679154	abilities		393818	H	
A082	1093679154	abilities		393844	H	
A082	1093679154	abilities		393866	H	
A083	1093679155	abilities		393890	H	
A083	1093679155	abilities		393916	H	
A083	1093679155	abilities		393938	H	
A084	1093679156	abilities	World Freezer Phoenix Fire -na	393962	H	
A084	1093679156	abilities	World Freezer Phoenix Fire -na	393988	H	
A084	1093679156	abilities	World Freezer Phoenix Fire -na	394010	H	
A085	1093679157	abilities		394034	H	
A085	1093679157	abilities		394060	H	
A085	1093679157	abilities		394082	H	
A086	1093679158	abilities		394106	H	
A086	1093679158	abilities		394132	H	
A086	1093679158	abilities		394154	H	
A087	1093679159	abilities	UND Lich King: Death Pact	394178	H	
A087	1093679159	abilities	UND Lich King: Death Pact	394204	H	
A087	1093679159	abilities	UND Lich King: Death Pact	394226	H	
A088	1093679160	abilities		394250	H	
A088	1093679160	abilities		394276	H	
A088	1093679160	abilities		394298	H	
A089	1093679161	abilities		394322	H	
A089	1093679161	abilities		394348	H	
A089	1093679161	abilities		394370	H	
A08A	1093679169	abilities		394394	H	
A08A	1093679169	abilities		394420	H	
A08A	1093679169	abilities		394442	H	
A08B	1093679170	abilities		394466	H	
A08B	1093679170	abilities		394492	H	
A08B	1093679170	abilities		394514	H	
A08C	1093679171	abilities	NEL: Obelisk Of Wilderness (spell resist)	394538	H	
A08C	1093679171	abilities	NEL: Obelisk Of Wilderness (spell resist)	394564	H	
A08C	1093679171	abilities	NEL: Obelisk Of Wilderness (spell resist)	394586	H	
A08D	1093679172	abilities		394610	H	
A08D	1093679172	abilities		394636	H	
A08D	1093679172	abilities		394658	H	
A08E	1093679173	abilities	NEL: Obelisk of Wilderness	394682	H	
A08E	1093679173	abilities	NEL: Obelisk of Wilderness	394708	H	
A08E	1093679173	abilities	NEL: Obelisk of Wilderness	394730	H	
A08F	1093679174	abilities		394754	H	
A08F	1093679174	abilities		394780	H	
A08F	1093679174	abilities		394802	H	
A08G	1093679175	abilities		394826	H	
A08G	1093679175	abilities		394852	H	
A08G	1093679175	abilities		394874	H	
A08H	1093679176	abilities		394898	H	
A08H	1093679176	abilities		394924	H	
A08H	1093679176	abilities		394946	H	
A08I	1093679177	abilities		394970	H	
A08I	1093679177	abilities		394996	H	
A08I	1093679177	abilities		395018	H	
A08J	1093679178	abilities		395042	H	
A08J	1093679178	abilities		395068	H	
A08J	1093679178	abilities		395090	H	
A08K	1093679179	abilities	ZZZauberschaden-Reduzierung	395114	H	
A08K	1093679179	abilities	ZZZauberschaden-Reduzierung	395140	H	
A08K	1093679179	abilities	ZZZauberschaden-Reduzierung	395162	H	
A08L	1093679180	abilities		395186	H	
A08L	1093679180	abilities		395212	H	
A08L	1093679180	abilities		395234	H	
A08M	1093679181	abilities		395258	H	
A08M	1093679181	abilities		395284	H	
A08M	1093679181	abilities		395306	H	
A08N	1093679182	abilities		395330	H	
A08N	1093679182	abilities		395356	H	
A08N	1093679182	abilities		395378	H	
A08O	1093679183	abilities		395402	H	
A08O	1093679183	abilities		395428	H	
A08O	1093679183	abilities		395450	H	
A08P	1093679184	abilities		395474	H	
A08P	1093679184	abilities		395500	H	
A08P	1093679184	abilities		395522	H	
A08Q	1093679185	abilities	Damage 200	395546	H	
A08Q	1093679185	abilities	Damage 200	395572	H	
A08Q	1093679185	abilities	Damage 200	395594	H	
A08R	1093679186	abilities		395618	H	
A08R	1093679186	abilities		395644	H	
A08R	1093679186	abilities		395666	H	
A08S	1093679187	abilities		395690	H	
A08S	1093679187	abilities		395716	H	
A08S	1093679187	abilities		395738	H	
A08T	1093679188	abilities	NEL: Starfall (-na)	395762	H	
A08T	1093679188	abilities	NEL: Starfall (-na)	395788	H	
A08T	1093679188	abilities	NEL: Starfall (-na)	395810	H	
A08U	1093679189	abilities	HEL: Dragonhawk (SolarStrike)	395834	H	
A08U	1093679189	abilities	HEL: Dragonhawk (SolarStrike)	395860	H	
A08U	1093679189	abilities	HEL: Dragonhawk (SolarStrike)	395882	H	
A08V	1093679190	abilities		395906	H	
A08V	1093679190	abilities		395932	H	
A08V	1093679190	abilities		395954	H	
A08W	1093679191	abilities		395978	H	
A08W	1093679191	abilities		396004	H	
A08W	1093679191	abilities		396026	H	
A08X	1093679192	abilities		396050	H	
A08X	1093679192	abilities		396076	H	
A08X	1093679192	abilities		396098	H	
A08Y	1093679193	abilities	Scroll of Stone Trigger	396122	H	
A08Y	1093679193	abilities	Scroll of Stone Trigger	396148	H	
A08Y	1093679193	abilities	Scroll of Stone Trigger	396170	H	
A08Z	1093679194	abilities	MEH: Iron Golem (bash)	396194	H	
A08Z	1093679194	abilities	MEH: Iron Golem (bash)	396220	H	
A08Z	1093679194	abilities	MEH: Iron Golem (bash)	396242	H	
A090	1093679408	abilities	Bash 2	396266	H	
A090	1093679408	abilities	Bash 2	396292	H	
A090	1093679408	abilities	Bash 2	396314	H	
A091	1093679409	abilities		396338	H	
A091	1093679409	abilities		396364	H	
A091	1093679409	abilities		396386	H	
A092	1093679410	abilities		396410	H	
A092	1093679410	abilities		396436	H	
A092	1093679410	abilities		396458	H	
A093	1093679411	abilities		396482	H	
A093	1093679411	abilities		396508	H	
A093	1093679411	abilities		396530	H	
A094	1093679412	abilities		396554	H	
A094	1093679412	abilities		396580	H	
A094	1093679412	abilities		396602	H	
A095	1093679413	abilities		396626	H	
A095	1093679413	abilities		396652	H	
A095	1093679413	abilities		396674	H	
A096	1093679414	abilities	MECCCC	396698	H	
A096	1093679414	abilities	MECCCC	396724	H	
A096	1093679414	abilities	MECCCC	396746	H	
A097	1093679415	abilities		396770	H	
A097	1093679415	abilities		396796	H	
A097	1093679415	abilities		396818	H	
A098	1093679416	abilities		396842	H	
A098	1093679416	abilities		396868	H	
A098	1093679416	abilities		396890	H	
A099	1093679417	abilities		396914	H	
A099	1093679417	abilities		396940	H	
A099	1093679417	abilities		396962	H	
A09A	1093679425	abilities	Check Range	396986	H	
A09A	1093679425	abilities	Check Range	397012	H	
A09A	1093679425	abilities	Check Range	397034	H	
A09B	1093679426	abilities		397058	H	
A09B	1093679426	abilities		397084	H	
A09B	1093679426	abilities		397106	H	
A09C	1093679427	abilities		397130	H	
A09C	1093679427	abilities		397156	H	
A09C	1093679427	abilities		397178	H	
A09D	1093679428	abilities		397202	H	
A09D	1093679428	abilities		397228	H	
A09D	1093679428	abilities		397250	H	
A09F	1093679430	abilities	MEH: Rocket Tank (rockets)	397274	H	
A09F	1093679430	abilities	MEH: Rocket Tank (rockets)	397300	H	
A09F	1093679430	abilities	MEH: Rocket Tank (rockets)	397322	H	
A09G	1093679431	abilities	Gold Coin Trigger	397346	H	
A09G	1093679431	abilities	Gold Coin Trigger	397372	H	
A09G	1093679431	abilities	Gold Coin Trigger	397394	H	
A09H	1093679432	abilities	TypeMurloc	397418	H	
A09H	1093679432	abilities	TypeMurloc	397444	H	
A09H	1093679432	abilities	TypeMurloc	397466	H	
A09I	1093679433	abilities		397490	H	
A09I	1093679433	abilities		397516	H	
A09I	1093679433	abilities		397538	H	
A09J	1093679434	abilities		397562	H	
A09J	1093679434	abilities		397588	H	
A09J	1093679434	abilities		397610	H	
A09K	1093679435	abilities	MEH: Gobbo Machinist (repair)	397634	H	
A09K	1093679435	abilities	MEH: Gobbo Machinist (repair)	397660	H	
A09K	1093679435	abilities	MEH: Gobbo Machinist (repair)	397682	H	
A09L	1093679436	abilities		397706	H	
A09L	1093679436	abilities		397732	H	
A09L	1093679436	abilities		397754	H	
A09M	1093679437	abilities	Stacking Life Bonus	397778	H	
A09M	1093679437	abilities	Stacking Life Bonus	397804	H	
A09M	1093679437	abilities	Stacking Life Bonus	397826	H	
A09N	1093679438	abilities		397850	H	
A09N	1093679438	abilities		397876	H	
A09N	1093679438	abilities		397898	H	
A09O	1093679439	abilities		397922	H	
A09O	1093679439	abilities		397948	H	
A09O	1093679439	abilities		397970	H	
A09P	1093679440	abilities		397994	H	
A09P	1093679440	abilities		398020	H	
A09P	1093679440	abilities		398042	H	
A09Q	1093679441	abilities		398066	H	
A09Q	1093679441	abilities		398092	H	
A09Q	1093679441	abilities		398114	H	
A09R	1093679442	abilities		398138	H	
A09R	1093679442	abilities		398164	H	
A09R	1093679442	abilities		398186	H	
A09S	1093679443	abilities	Power Armor	398210	H	
A09S	1093679443	abilities	Power Armor	398236	H	
A09S	1093679443	abilities	Power Armor	398258	H	
A09T	1093679444	abilities		398282	H	
A09T	1093679444	abilities		398308	H	
A09T	1093679444	abilities		398330	H	
A09U	1093679445	abilities		398354	H	
A09U	1093679445	abilities		398380	H	
A09U	1093679445	abilities		398402	H	
A09V	1093679446	abilities		398426	H	
A09V	1093679446	abilities		398452	H	
A09V	1093679446	abilities		398474	H	
A09W	1093679447	abilities		398498	H	
A09W	1093679447	abilities		398524	H	
A09W	1093679447	abilities		398546	H	
A09X	1093679448	abilities		398570	H	
A09X	1093679448	abilities		398596	H	
A09X	1093679448	abilities		398618	H	
A09Y	1093679449	abilities		398642	H	
A09Y	1093679449	abilities		398668	H	
A09Y	1093679449	abilities		398690	H	
A09Z	1093679450	abilities		398714	H	
A09Z	1093679450	abilities		398740	H	
A09Z	1093679450	abilities		398762	H	
A0A0	1093681456	abilities		398786	H	
A0A0	1093681456	abilities		398812	H	
A0A0	1093681456	abilities		398834	H	
A0A1	1093681457	abilities		398858	H	
A0A1	1093681457	abilities		398884	H	
A0A1	1093681457	abilities		398906	H	
A0A2	1093681458	abilities		398930	H	
A0A2	1093681458	abilities		398956	H	
A0A2	1093681458	abilities		398978	H	
A0A3	1093681459	abilities		399002	H	
A0A3	1093681459	abilities		399028	H	
A0A3	1093681459	abilities		399050	H	
A0A4	1093681460	abilities		399074	H	
A0A4	1093681460	abilities		399100	H	
A0A4	1093681460	abilities		399122	H	
A0A5	1093681461	abilities	Issue buy order	399146	H	
A0A5	1093681461	abilities	Issue buy order	399172	H	
A0A5	1093681461	abilities	Issue buy order	399194	H	
A0A6	1093681462	abilities	Infostealer's (spell steal)	399218	H	
A0A6	1093681462	abilities	Infostealer's (spell steal)	399244	H	
A0A6	1093681462	abilities	Infostealer's (spell steal)	399266	H	
A0A7	1093681463	abilities		399290	H	
A0A7	1093681463	abilities		399316	H	
A0A7	1093681463	abilities		399338	H	
A0A8	1093681464	abilities	HEL: Sorceress (healing wave)	399362	H	
A0A8	1093681464	abilities	HEL: Sorceress (healing wave)	399388	H	
A0A8	1093681464	abilities	HEL: Sorceress (healing wave)	399410	H	
A0A9	1093681465	abilities		399434	H	
A0A9	1093681465	abilities		399460	H	
A0A9	1093681465	abilities		399482	H	
A0AA	1093681473	abilities		399506	H	
A0AA	1093681473	abilities		399532	H	
A0AA	1093681473	abilities		399554	H	
A0AB	1093681474	abilities		399578	H	
A0AB	1093681474	abilities		399604	H	
A0AB	1093681474	abilities		399626	H	
A0AC	1093681475	abilities		399650	H	
A0AC	1093681475	abilities		399676	H	
A0AC	1093681475	abilities		399698	H	
A0AD	1093681476	abilities		399722	H	
A0AD	1093681476	abilities		399748	H	
A0AD	1093681476	abilities		399770	H	
A0AE	1093681477	abilities		399794	H	
A0AE	1093681477	abilities		399820	H	
A0AE	1093681477	abilities		399842	H	
A0AF	1093681478	abilities		399866	H	
A0AF	1093681478	abilities		399892	H	
A0AF	1093681478	abilities		399914	H	
A0AG	1093681479	abilities		399938	H	
A0AG	1093681479	abilities		399964	H	
A0AG	1093681479	abilities		399986	H	
A0AH	1093681480	abilities	Spell Resist (legendary)	400010	H	
A0AH	1093681480	abilities	Spell Resist (legendary)	400036	H	
A0AH	1093681480	abilities	Spell Resist (legendary)	400058	H	
A0AI	1093681481	abilities		400082	H	
A0AI	1093681481	abilities		400108	H	
A0AI	1093681481	abilities		400130	H	
A0AJ	1093681482	abilities		400154	H	
A0AJ	1093681482	abilities		400180	H	
A0AJ	1093681482	abilities		400202	H	
A0AK	1093681483	abilities	NOR: Chilling Mushroom	400226	H	
A0AK	1093681483	abilities	NOR: Chilling Mushroom	400252	H	
A0AK	1093681483	abilities	NOR: Chilling Mushroom	400274	H	
A0AL	1093681484	abilities	HEL: Blademaster (spell resist)	400298	H	
A0AL	1093681484	abilities	HEL: Blademaster (spell resist)	400324	H	
A0AL	1093681484	abilities	HEL: Blademaster (spell resist)	400346	H	
A0AN	1093681486	abilities	HEL: Elder Blademaster (spell resist)	400370	H	
A0AN	1093681486	abilities	HEL: Elder Blademaster (spell resist)	400396	H	
A0AN	1093681486	abilities	HEL: Elder Blademaster (spell resist)	400418	H	
A0AO	1093681487	abilities	NAT: Black Spider (slow poison)	400442	H	
A0AO	1093681487	abilities	NAT: Black Spider (slow poison)	400468	H	
A0AO	1093681487	abilities	NAT: Black Spider (slow poison)	400490	H	
A0AP	1093681488	abilities	NAT: Giant Spider (slow poison)	400514	H	
A0AP	1093681488	abilities	NAT: Giant Spider (slow poison)	400540	H	
A0AP	1093681488	abilities	NAT: Giant Spider (slow poison)	400562	H	
A0AQ	1093681489	abilities	NAT: Giant Spider (spawn forest spiders)	400586	H	
A0AQ	1093681489	abilities	NAT: Giant Spider (spawn forest spiders)	400612	H	
A0AQ	1093681489	abilities	NAT: Giant Spider (spawn forest spiders)	400634	H	
A0AR	1093681490	abilities	NAT: Giant Spider (Web)	400658	H	
A0AR	1093681490	abilities	NAT: Giant Spider (Web)	400684	H	
A0AR	1093681490	abilities	NAT: Giant Spider (Web)	400706	H	
A0AS	1093681491	abilities	NAT: Brood Mother (Web)	400730	H	
A0AS	1093681491	abilities	NAT: Brood Mother (Web)	400756	H	
A0AS	1093681491	abilities	NAT: Brood Mother (Web)	400778	H	
A0AT	1093681492	abilities	NAT: Brood Mother (slow poison)	400802	H	
A0AT	1093681492	abilities	NAT: Brood Mother (slow poison)	400828	H	
A0AT	1093681492	abilities	NAT: Brood Mother (slow poison)	400850	H	
A0AU	1093681493	abilities	NAT: Brood Mother (spawn giant spiders)	400874	H	
A0AU	1093681493	abilities	NAT: Brood Mother (spawn giant spiders)	400900	H	
A0AU	1093681493	abilities	NAT: Brood Mother (spawn giant spiders)	400922	H	
A0AV	1093681494	abilities	NAT: Brood Mother (infest)	400946	H	
A0AV	1093681494	abilities	NAT: Brood Mother (infest)	400972	H	
A0AV	1093681494	abilities	NAT: Brood Mother (infest)	400994	H	
A0AW	1093681495	abilities	NAT: Furbolg Shaman (rejuvenation)	401018	H	
A0AW	1093681495	abilities	NAT: Furbolg Shaman (rejuvenation)	401044	H	
A0AW	1093681495	abilities	NAT: Furbolg Shaman (rejuvenation)	401066	H	
A0AX	1093681496	abilities	NAT: Furbolg Elder Shaman (rejuvenation)	401090	H	
A0AX	1093681496	abilities	NAT: Furbolg Elder Shaman (rejuvenation)	401116	H	
A0AX	1093681496	abilities	NAT: Furbolg Elder Shaman (rejuvenation)	401138	H	
A0AY	1093681497	abilities	NAT: Dryad (spell resist)	401162	H	
A0AY	1093681497	abilities	NAT: Dryad (spell resist)	401188	H	
A0AY	1093681497	abilities	NAT: Dryad (spell resist)	401210	H	
A0AZ	1093681498	abilities	NAT: Keeper of the Groove (spell resist)	401234	H	
A0AZ	1093681498	abilities	NAT: Keeper of the Groove (spell resist)	401260	H	
A0AZ	1093681498	abilities	NAT: Keeper of the Groove (spell resist)	401282	H	
A0B0	1093681712	abilities	NAT: Ancient Keeper (natures aura)	401306	H	
A0B0	1093681712	abilities	NAT: Ancient Keeper (natures aura)	401332	H	
A0B0	1093681712	abilities	NAT: Ancient Keeper (natures aura)	401354	H	
A0B1	1093681713	abilities	NAT: Bear (bash)	401378	H	
A0B1	1093681713	abilities	NAT: Bear (bash)	401404	H	
A0B1	1093681713	abilities	NAT: Bear (bash)	401426	H	
A0B2	1093681714	abilities	NAT: Ancient Bear (bash)	401450	H	
A0B2	1093681714	abilities	NAT: Ancient Bear (bash)	401476	H	
A0B2	1093681714	abilities	NAT: Ancient Bear (bash)	401498	H	
A0B3	1093681715	abilities	NAT: Bear (critical strike)	401522	H	
A0B3	1093681715	abilities	NAT: Bear (critical strike)	401548	H	
A0B3	1093681715	abilities	NAT: Bear (critical strike)	401570	H	
A0B4	1093681716	abilities	NAT: Ancient Bear (critical strike)	401594	H	
A0B4	1093681716	abilities	NAT: Ancient Bear (critical strike)	401620	H	
A0B4	1093681716	abilities	NAT: Ancient Bear (critical strike)	401642	H	
A0B5	1093681717	abilities		401666	H	
A0B5	1093681717	abilities		401692	H	
A0B5	1093681717	abilities		401714	H	
A0B6	1093681718	abilities		401738	H	
A0B6	1093681718	abilities		401764	H	
A0B6	1093681718	abilities		401786	H	
A0B7	1093681719	abilities	NAT: Bear (feral rage)	401810	H	
A0B7	1093681719	abilities	NAT: Bear (feral rage)	401836	H	
A0B7	1093681719	abilities	NAT: Bear (feral rage)	401858	H	
A0B8	1093681720	abilities	NAT: Ancient Bear (feral rage)	401882	H	
A0B8	1093681720	abilities	NAT: Ancient Bear (feral rage)	401908	H	
A0B8	1093681720	abilities	NAT: Ancient Bear (feral rage)	401930	H	
A0B9	1093681721	abilities	COR: Void Keeper (Incinerate)	401954	H	
A0B9	1093681721	abilities	COR: Void Keeper (Incinerate)	401980	H	
A0B9	1093681721	abilities	COR: Void Keeper (Incinerate)	402002	H	
A0BA	1093681729	abilities	NAT: Emerald Dragon (corrosive breath (poison))	402026	H	
A0BA	1093681729	abilities	NAT: Emerald Dragon (corrosive breath (poison))	402052	H	
A0BA	1093681729	abilities	NAT: Emerald Dragon (corrosive breath (poison))	402074	H	
A0BB	1093681730	abilities	NAT: Emerald Dragon (armor reduce)	402098	H	
A0BB	1093681730	abilities	NAT: Emerald Dragon (armor reduce)	402124	H	
A0BB	1093681730	abilities	NAT: Emerald Dragon (armor reduce)	402146	H	
A0BC	1093681731	abilities	NAT: Mounatin Giant (Grab Tree)	402170	H	
A0BC	1093681731	abilities	NAT: Mounatin Giant (Grab Tree)	402196	H	
A0BC	1093681731	abilities	NAT: Mounatin Giant (Grab Tree)	402218	H	
A0BD	1093681732	abilities	NAT: Ancient of Gale	402242	H	
A0BD	1093681732	abilities	NAT: Ancient of Gale	402268	H	
A0BD	1093681732	abilities	NAT: Ancient of Gale	402290	H	
A0BE	1093681733	abilities	NAT: Mountain Giant (hardened skin)	402314	H	
A0BE	1093681733	abilities	NAT: Mountain Giant (hardened skin)	402340	H	
A0BE	1093681733	abilities	NAT: Mountain Giant (hardened skin)	402362	H	
A0BF	1093681734	abilities	NAT: Mountain Giant (damage reduce %)	402386	H	
A0BF	1093681734	abilities	NAT: Mountain Giant (damage reduce %)	402412	H	
A0BF	1093681734	abilities	NAT: Mountain Giant (damage reduce %)	402434	H	
A0BG	1093681735	abilities		402458	H	
A0BG	1093681735	abilities		402484	H	
A0BG	1093681735	abilities		402506	H	
A0BH	1093681736	abilities	NAT: Mountain Giant (pulverize)	402530	H	
A0BH	1093681736	abilities	NAT: Mountain Giant (pulverize)	402556	H	
A0BH	1093681736	abilities	NAT: Mountain Giant (pulverize)	402578	H	
A0BI	1093681737	abilities	NAT: Mountain Giant (taunt)	402602	H	
A0BI	1093681737	abilities	NAT: Mountain Giant (taunt)	402628	H	
A0BI	1093681737	abilities	NAT: Mountain Giant (taunt)	402650	H	
A0BJ	1093681738	abilities	NAT: Mountain Giant (taunt dummy)	402674	H	
A0BJ	1093681738	abilities	NAT: Mountain Giant (taunt dummy)	402700	H	
A0BJ	1093681738	abilities	NAT: Mountain Giant (taunt dummy)	402722	H	
A0BK	1093681739	abilities	NAT: Treant (thorns)	402746	H	
A0BK	1093681739	abilities	NAT: Treant (thorns)	402772	H	
A0BK	1093681739	abilities	NAT: Treant (thorns)	402794	H	
A0BL	1093681740	abilities	NAT: Banish	402818	H	
A0BL	1093681740	abilities	NAT: Banish	402844	H	
A0BL	1093681740	abilities	NAT: Banish	402866	H	
A0BM	1093681741	abilities	NAT: Banish (dummy)	402890	H	
A0BM	1093681741	abilities	NAT: Banish (dummy)	402916	H	
A0BM	1093681741	abilities	NAT: Banish (dummy)	402938	H	
A0BN	1093681742	abilities	NAT: Ancient protector (bash)	402962	H	
A0BN	1093681742	abilities	NAT: Ancient protector (bash)	402988	H	
A0BN	1093681742	abilities	NAT: Ancient protector (bash)	403010	H	
A0BO	1093681743	abilities	NAT: Ancient of Gale (dummy)	403034	H	
A0BO	1093681743	abilities	NAT: Ancient of Gale (dummy)	403060	H	
A0BO	1093681743	abilities	NAT: Ancient of Gale (dummy)	403082	H	
A0BP	1093681744	abilities	NAT: Ancient of Gale (dummy, -na)	403106	H	
A0BP	1093681744	abilities	NAT: Ancient of Gale (dummy, -na)	403132	H	
A0BP	1093681744	abilities	NAT: Ancient of Gale (dummy, -na)	403154	H	
A0BQ	1093681745	abilities	NAT: Ancient of Gale (-na)	403178	H	
A0BQ	1093681745	abilities	NAT: Ancient of Gale (-na)	403204	H	
A0BQ	1093681745	abilities	NAT: Ancient of Gale (-na)	403226	H	
A0BR	1093681746	abilities	NAT: Curse of Nature	403250	H	
A0BR	1093681746	abilities	NAT: Curse of Nature	403276	H	
A0BR	1093681746	abilities	NAT: Curse of Nature	403298	H	
A0BS	1093681747	abilities	NAT: Ancient of Wonders (dummy)	403322	H	
A0BS	1093681747	abilities	NAT: Ancient of Wonders (dummy)	403348	H	
A0BS	1093681747	abilities	NAT: Ancient of Wonders (dummy)	403370	H	
A0BT	1093681748	abilities	NAT: Keeper of the Groove (natures touch)	403394	H	
A0BT	1093681748	abilities	NAT: Keeper of the Groove (natures touch)	403420	H	
A0BT	1093681748	abilities	NAT: Keeper of the Groove (natures touch)	403442	H	
A0BU	1093681749	abilities	NAT: Keeper of the Grove (summon treants)	403466	H	
A0BU	1093681749	abilities	NAT: Keeper of the Grove (summon treants)	403492	H	
A0BU	1093681749	abilities	NAT: Keeper of the Grove (summon treants)	403514	H	
A0BV	1093681750	abilities	NAT: Ancient Keeper (spell immune)	403538	H	
A0BV	1093681750	abilities	NAT: Ancient Keeper (spell immune)	403564	H	
A0BV	1093681750	abilities	NAT: Ancient Keeper (spell immune)	403586	H	
A0BW	1093681751	abilities	NAT: Ancient Keeper (incorporeal)	403610	H	
A0BW	1093681751	abilities	NAT: Ancient Keeper (incorporeal)	403636	H	
A0BW	1093681751	abilities	NAT: Ancient Keeper (incorporeal)	403658	H	
A0BX	1093681752	abilities	NAT: Ancient Keeper (treants sprout)	403682	H	
A0BX	1093681752	abilities	NAT: Ancient Keeper (treants sprout)	403708	H	
A0BX	1093681752	abilities	NAT: Ancient Keeper (treants sprout)	403730	H	
A0BY	1093681753	abilities	NAT: Bear (cleaving attack)	403754	H	
A0BY	1093681753	abilities	NAT: Bear (cleaving attack)	403780	H	
A0BY	1093681753	abilities	NAT: Bear (cleaving attack)	403802	H	
A0BZ	1093681754	abilities	NAT: Ancient Bear (cleaving attack)	403826	H	
A0BZ	1093681754	abilities	NAT: Ancient Bear (cleaving attack)	403852	H	
A0BZ	1093681754	abilities	NAT: Ancient Bear (cleaving attack)	403874	H	
A0C0	1093681968	abilities	NAT: Furbolg Shaman (rejuvenation (dummy))	403898	H	
A0C0	1093681968	abilities	NAT: Furbolg Shaman (rejuvenation (dummy))	403924	H	
A0C0	1093681968	abilities	NAT: Furbolg Shaman (rejuvenation (dummy))	403946	H	
A0C1	1093681969	abilities	NAT: Furbolg Elder Shaman (rejuvenation (dummy))	403970	H	
A0C1	1093681969	abilities	NAT: Furbolg Elder Shaman (rejuvenation (dummy))	403996	H	
A0C1	1093681969	abilities	NAT: Furbolg Elder Shaman (rejuvenation (dummy))	404018	H	
A0C2	1093681970	abilities	NAT: Furbolg Elder Shaman (manaburn orb)	404042	H	
A0C2	1093681970	abilities	NAT: Furbolg Elder Shaman (manaburn orb)	404068	H	
A0C2	1093681970	abilities	NAT: Furbolg Elder Shaman (manaburn orb)	404090	H	
A0C3	1093681971	abilities	NAT: Furbolg Elder Shaman (manaburn)	404114	H	
A0C3	1093681971	abilities	NAT: Furbolg Elder Shaman (manaburn)	404140	H	
A0C3	1093681971	abilities	NAT: Furbolg Elder Shaman (manaburn)	404162	H	
A0C4	1093681972	abilities		404186	H	
A0C4	1093681972	abilities		404212	H	
A0C4	1093681972	abilities		404234	H	
A0C5	1093681973	abilities		404258	H	
A0C5	1093681973	abilities		404284	H	
A0C5	1093681973	abilities		404306	H	
A0C6	1093681974	abilities		404330	H	
A0C6	1093681974	abilities		404356	H	
A0C6	1093681974	abilities		404378	H	
A0C7	1093681975	abilities		404402	H	
A0C7	1093681975	abilities		404428	H	
A0C7	1093681975	abilities		404450	H	
A0C8	1093681976	abilities		404474	H	
A0C8	1093681976	abilities		404500	H	
A0C8	1093681976	abilities		404522	H	
A0C9	1093681977	abilities		404546	H	
A0C9	1093681977	abilities		404572	H	
A0C9	1093681977	abilities		404594	H	
A0CA	1093681985	abilities		404618	H	
A0CA	1093681985	abilities		404644	H	
A0CA	1093681985	abilities		404666	H	
A0CB	1093681986	abilities		404690	H	
A0CB	1093681986	abilities		404716	H	
A0CB	1093681986	abilities		404738	H	
A0CC	1093681987	abilities		404762	H	
A0CC	1093681987	abilities		404788	H	
A0CC	1093681987	abilities		404810	H	
A0CD	1093681988	abilities		404834	H	
A0CD	1093681988	abilities		404860	H	
A0CD	1093681988	abilities		404882	H	
A0CE	1093681989	abilities	Tornado (Unit Damage Aura)	404906	H	
A0CE	1093681989	abilities	Tornado (Unit Damage Aura)	404932	H	
A0CE	1093681989	abilities	Tornado (Unit Damage Aura)	404954	H	
A0CF	1093681990	abilities	NAT: Mountain Giant (spell resist)	404978	H	
A0CF	1093681990	abilities	NAT: Mountain Giant (spell resist)	405004	H	
A0CF	1093681990	abilities	NAT: Mountain Giant (spell resist)	405026	H	
A0CG	1093681991	abilities	NEL: Faerie Dragon (heal)	405050	H	
A0CG	1093681991	abilities	NEL: Faerie Dragon (heal)	405076	H	
A0CG	1093681991	abilities	NEL: Faerie Dragon (heal)	405098	H	
A0CH	1093681992	abilities	ELE: Elemental Of Lightning (orb)	405122	H	
A0CH	1093681992	abilities	ELE: Elemental Of Lightning (orb)	405148	H	
A0CH	1093681992	abilities	ELE: Elemental Of Lightning (orb)	405170	H	
A0CI	1093681993	abilities	ELE: Greater Elemental Of Lightning (orb)	405194	H	
A0CI	1093681993	abilities	ELE: Greater Elemental Of Lightning (orb)	405220	H	
A0CI	1093681993	abilities	ELE: Greater Elemental Of Lightning (orb)	405242	H	
A0CJ	1093681994	abilities	ELE: Elemental Of Lightning (forked lightning)	405266	H	
A0CJ	1093681994	abilities	ELE: Elemental Of Lightning (forked lightning)	405292	H	
A0CJ	1093681994	abilities	ELE: Elemental Of Lightning (forked lightning)	405314	H	
A0CK	1093681995	abilities	ELE: Greater Elemental Of Lightning (forked lightning)	405338	H	
A0CK	1093681995	abilities	ELE: Greater Elemental Of Lightning (forked lightning)	405364	H	
A0CK	1093681995	abilities	ELE: Greater Elemental Of Lightning (forked lightning)	405386	H	
A0CL	1093681996	abilities	ELE: Elemental Of Fire (split)	405410	H	
A0CL	1093681996	abilities	ELE: Elemental Of Fire (split)	405436	H	
A0CL	1093681996	abilities	ELE: Elemental Of Fire (split)	405458	H	
A0CM	1093681997	abilities	ELE: Greater Elemental Of Fire (firebreath orb)	405482	H	
A0CM	1093681997	abilities	ELE: Greater Elemental Of Fire (firebreath orb)	405508	H	
A0CM	1093681997	abilities	ELE: Greater Elemental Of Fire (firebreath orb)	405530	H	
A0CN	1093681998	abilities	ELE: Greater Elemental Of Fire (firebreath)	405554	H	
A0CN	1093681998	abilities	ELE: Greater Elemental Of Fire (firebreath)	405580	H	
A0CN	1093681998	abilities	ELE: Greater Elemental Of Fire (firebreath)	405602	H	
A0CO	1093681999	abilities	ELE: Elemental Of Earth	405626	H	
A0CO	1093681999	abilities	ELE: Elemental Of Earth	405652	H	
A0CO	1093681999	abilities	ELE: Elemental Of Earth	405674	H	
A0CP	1093682000	abilities	ELE: Greater Elemental Of Earth	405698	H	
A0CP	1093682000	abilities	ELE: Greater Elemental Of Earth	405724	H	
A0CP	1093682000	abilities	ELE: Greater Elemental Of Earth	405746	H	
A0CQ	1093682001	abilities	ELE: Elemental Of Wind (slow aura)	405770	H	
A0CQ	1093682001	abilities	ELE: Elemental Of Wind (slow aura)	405796	H	
A0CQ	1093682001	abilities	ELE: Elemental Of Wind (slow aura)	405818	H	
A0CR	1093682002	abilities	ELE: Greater Elemental Of Wind (slow aura)	405842	H	
A0CR	1093682002	abilities	ELE: Greater Elemental Of Wind (slow aura)	405868	H	
A0CR	1093682002	abilities	ELE: Greater Elemental Of Wind (slow aura)	405890	H	
A0CS	1093682003	abilities	ELE: Lesser Elemental Of Water (evasion)	405914	H	
A0CS	1093682003	abilities	ELE: Lesser Elemental Of Water (evasion)	405940	H	
A0CS	1093682003	abilities	ELE: Lesser Elemental Of Water (evasion)	405962	H	
A0CT	1093682004	abilities	ELE: Elemental Of Water (evasion)	405986	H	
A0CT	1093682004	abilities	ELE: Elemental Of Water (evasion)	406012	H	
A0CT	1093682004	abilities	ELE: Elemental Of Water (evasion)	406034	H	
A0CU	1093682005	abilities	ELE: Greater Elemental Of Water (illusions)	406058	H	
A0CU	1093682005	abilities	ELE: Greater Elemental Of Water (illusions)	406084	H	
A0CU	1093682005	abilities	ELE: Greater Elemental Of Water (illusions)	406106	H	
A0CV	1093682006	abilities	Channel ( Assasin Target )	406130	H	
A0CV	1093682006	abilities	Channel ( Assasin Target )	406156	H	
A0CV	1093682006	abilities	Channel ( Assasin Target )	406178	H	
A0CW	1093682007	abilities	ELE: Onis Alis	406202	H	
A0CW	1093682007	abilities	ELE: Onis Alis	406228	H	
A0CW	1093682007	abilities	ELE: Onis Alis	406250	H	
A0CX	1093682008	abilities	ELE: Onis Coruscus	406274	H	
A0CX	1093682008	abilities	ELE: Onis Coruscus	406300	H	
A0CX	1093682008	abilities	ELE: Onis Coruscus	406322	H	
A0CY	1093682009	abilities	ELE: Elemental Rain	406346	H	
A0CY	1093682009	abilities	ELE: Elemental Rain	406372	H	
A0CY	1093682009	abilities	ELE: Elemental Rain	406394	H	
A0CZ	1093682010	abilities	ELE: Enchant	406418	H	
A0CZ	1093682010	abilities	ELE: Enchant	406444	H	
A0CZ	1093682010	abilities	ELE: Enchant	406466	H	
A0D0	1093682224	abilities	ELE: Elemental Rain (Meteor Shower)	406490	H	
A0D0	1093682224	abilities	ELE: Elemental Rain (Meteor Shower)	406516	H	
A0D0	1093682224	abilities	ELE: Elemental Rain (Meteor Shower)	406538	H	
A0D1	1093682225	abilities	ELE: Elemental Rain (Blizzard)	406562	H	
A0D1	1093682225	abilities	ELE: Elemental Rain (Blizzard)	406588	H	
A0D1	1093682225	abilities	ELE: Elemental Rain (Blizzard)	406610	H	
A0D2	1093682226	abilities	ELE: Elemental Rain (Blizzard) (-na)	406634	H	
A0D2	1093682226	abilities	ELE: Elemental Rain (Blizzard) (-na)	406660	H	
A0D2	1093682226	abilities	ELE: Elemental Rain (Blizzard) (-na)	406682	H	
A0D3	1093682227	abilities	ELE: Elemental Rain (Meteor Shower)	406706	H	
A0D3	1093682227	abilities	ELE: Elemental Rain (Meteor Shower)	406732	H	
A0D3	1093682227	abilities	ELE: Elemental Rain (Meteor Shower)	406754	H	
A0D4	1093682228	abilities	ELE: Enchant(Forge Weapon)	406778	H	
A0D4	1093682228	abilities	ELE: Enchant(Forge Weapon)	406804	H	
A0D4	1093682228	abilities	ELE: Enchant(Forge Weapon)	406826	H	
A0D5	1093682229	abilities	ELE: ElectroShieldElemental	406850	H	
A0D5	1093682229	abilities	ELE: ElectroShieldElemental	406876	H	
A0D5	1093682229	abilities	ELE: ElectroShieldElemental	406898	H	
A0D6	1093682230	abilities	ELE: Enchant(Rock Shield)	406922	H	
A0D6	1093682230	abilities	ELE: Enchant(Rock Shield)	406948	H	
A0D6	1093682230	abilities	ELE: Enchant(Rock Shield)	406970	H	
A0D7	1093682231	abilities	ELE: Enchant(Haste)	406994	H	
A0D7	1093682231	abilities	ELE: Enchant(Haste)	407020	H	
A0D7	1093682231	abilities	ELE: Enchant(Haste)	407042	H	
A0D8	1093682232	abilities	ELE: Elemental Guard Tower (Immolation)	407066	H	
A0D8	1093682232	abilities	ELE: Elemental Guard Tower (Immolation)	407092	H	
A0D8	1093682232	abilities	ELE: Elemental Guard Tower (Immolation)	407114	H	
A0D9	1093682233	abilities	ELE: Elemental Guard Tower (Discharge)	407138	H	
A0D9	1093682233	abilities	ELE: Elemental Guard Tower (Discharge)	407164	H	
A0D9	1093682233	abilities	ELE: Elemental Guard Tower (Discharge)	407186	H	
A0DA	1093682241	abilities	ELE: Elemental Guard Tower (Shield of Mist)	407210	H	
A0DA	1093682241	abilities	ELE: Elemental Guard Tower (Shield of Mist)	407236	H	
A0DA	1093682241	abilities	ELE: Elemental Guard Tower (Shield of Mist)	407258	H	
A0DB	1093682242	abilities	ELE: Elemental Guard Tower	407282	H	
A0DB	1093682242	abilities	ELE: Elemental Guard Tower	407308	H	
A0DB	1093682242	abilities	ELE: Elemental Guard Tower	407330	H	
A0DC	1093682243	abilities	ELE: Elemental Guard Tower (Boulder)	407354	H	
A0DC	1093682243	abilities	ELE: Elemental Guard Tower (Boulder)	407380	H	
A0DC	1093682243	abilities	ELE: Elemental Guard Tower (Boulder)	407402	H	
A0DD	1093682244	abilities		407426	H	
A0DD	1093682244	abilities		407452	H	
A0DD	1093682244	abilities		407474	H	
A0DE	1093682245	abilities		407498	H	
A0DE	1093682245	abilities		407524	H	
A0DE	1093682245	abilities		407546	H	
A0DF	1093682246	abilities		407570	H	
A0DF	1093682246	abilities		407596	H	
A0DF	1093682246	abilities		407618	H	
A0DG	1093682247	abilities		407642	H	
A0DG	1093682247	abilities		407668	H	
A0DG	1093682247	abilities		407690	H	
A0DH	1093682248	abilities		407714	H	
A0DH	1093682248	abilities		407740	H	
A0DH	1093682248	abilities		407762	H	
A0DI	1093682249	abilities		407786	H	
A0DI	1093682249	abilities		407812	H	
A0DI	1093682249	abilities		407834	H	
A0DJ	1093682250	abilities		407858	H	
A0DJ	1093682250	abilities		407884	H	
A0DJ	1093682250	abilities		407906	H	
A0DK	1093682251	abilities		407930	H	
A0DK	1093682251	abilities		407956	H	
A0DK	1093682251	abilities		407978	H	
A0DL	1093682252	abilities		408002	H	
A0DL	1093682252	abilities		408028	H	
A0DL	1093682252	abilities		408050	H	
A0DM	1093682253	abilities		408074	H	
A0DM	1093682253	abilities		408100	H	
A0DM	1093682253	abilities		408122	H	
A0DN	1093682254	abilities		408146	H	
A0DN	1093682254	abilities		408172	H	
A0DN	1093682254	abilities		408194	H	
A0DO	1093682255	abilities		408218	H	
A0DO	1093682255	abilities		408244	H	
A0DO	1093682255	abilities		408266	H	
A0DP	1093682256	abilities		408290	H	
A0DP	1093682256	abilities		408316	H	
A0DP	1093682256	abilities		408338	H	
A0DQ	1093682257	abilities		408362	H	
A0DQ	1093682257	abilities		408388	H	
A0DQ	1093682257	abilities		408410	H	
A0DR	1093682258	abilities		408434	H	
A0DR	1093682258	abilities		408460	H	
A0DR	1093682258	abilities		408482	H	
A0DS	1093682259	abilities	Elemental Building	408506	H	
A0DS	1093682259	abilities	Elemental Building	408532	H	
A0DS	1093682259	abilities	Elemental Building	408554	H	
A0DT	1093682260	abilities	Lesser Water Elemental	408578	H	
A0DT	1093682260	abilities	Lesser Water Elemental	408604	H	
A0DT	1093682260	abilities	Lesser Water Elemental	408626	H	
A0DU	1093682261	abilities	NAT: Force of Nature	408650	H	
A0DU	1093682261	abilities	NAT: Force of Nature	408676	H	
A0DU	1093682261	abilities	NAT: Force of Nature	408698	H	
A0DV	1093682262	abilities	ELE: ObeliskOfElements (dummy)	408722	H	
A0DV	1093682262	abilities	ELE: ObeliskOfElements (dummy)	408748	H	
A0DV	1093682262	abilities	ELE: ObeliskOfElements (dummy)	408770	H	
A0DW	1093682263	abilities		408794	H	
A0DW	1093682263	abilities		408820	H	
A0DW	1093682263	abilities		408842	H	
A0DX	1093682264	abilities		408866	H	
A0DX	1093682264	abilities		408892	H	
A0DX	1093682264	abilities		408914	H	
A0DY	1093682265	abilities	ELE: Greater Elemental Of Fire (split)	408938	H	
A0DY	1093682265	abilities	ELE: Greater Elemental Of Fire (split)	408964	H	
A0DY	1093682265	abilities	ELE: Greater Elemental Of Fire (split)	408986	H	
A0DZ	1093682266	abilities		409010	H	
A0DZ	1093682266	abilities		409036	H	
A0DZ	1093682266	abilities		409058	H	
A0E0	1093682480	abilities		409082	H	
A0E0	1093682480	abilities		409108	H	
A0E0	1093682480	abilities		409130	H	
A0E1	1093682481	abilities		409154	H	
A0E1	1093682481	abilities		409180	H	
A0E1	1093682481	abilities		409202	H	
A0E2	1093682482	abilities		409226	H	
A0E2	1093682482	abilities		409252	H	
A0E2	1093682482	abilities		409274	H	
A0E3	1093682483	abilities	ELE: monsoon	409298	H	
A0E3	1093682483	abilities	ELE: monsoon	409324	H	
A0E3	1093682483	abilities	ELE: monsoon	409346	H	
A0E4	1093682484	abilities	ELE: monsoon (-na)	409370	H	
A0E4	1093682484	abilities	ELE: monsoon (-na)	409396	H	
A0E4	1093682484	abilities	ELE: monsoon (-na)	409418	H	
A0E5	1093682485	abilities	ELE: Elemental of Wind (effect)	409442	H	
A0E5	1093682485	abilities	ELE: Elemental of Wind (effect)	409468	H	
A0E5	1093682485	abilities	ELE: Elemental of Wind (effect)	409490	H	
A0E6	1093682486	abilities	ELE: Greater Elemental of Wind (effect)	409514	H	
A0E6	1093682486	abilities	ELE: Greater Elemental of Wind (effect)	409540	H	
A0E6	1093682486	abilities	ELE: Greater Elemental of Wind (effect)	409562	H	
A0E7	1093682487	abilities	Water Elemental	409586	H	
A0E7	1093682487	abilities	Water Elemental	409612	H	
A0E7	1093682487	abilities	Water Elemental	409634	H	
A0E8	1093682488	abilities	Greater Water Elemental	409658	H	
A0E8	1093682488	abilities	Greater Water Elemental	409684	H	
A0E8	1093682488	abilities	Greater Water Elemental	409706	H	
A0E9	1093682489	abilities	Elemental Of Earth	409730	H	
A0E9	1093682489	abilities	Elemental Of Earth	409756	H	
A0E9	1093682489	abilities	Elemental Of Earth	409778	H	
A0EA	1093682497	abilities	Greater Elemental Of Earth	409802	H	
A0EA	1093682497	abilities	Greater Elemental Of Earth	409828	H	
A0EA	1093682497	abilities	Greater Elemental Of Earth	409850	H	
A0EB	1093682498	abilities	Elemental Of Lightning	409874	H	
A0EB	1093682498	abilities	Elemental Of Lightning	409900	H	
A0EB	1093682498	abilities	Elemental Of Lightning	409922	H	
A0EC	1093682499	abilities	Greater Elemental Of Lightning	409946	H	
A0EC	1093682499	abilities	Greater Elemental Of Lightning	409972	H	
A0EC	1093682499	abilities	Greater Elemental Of Lightning	409994	H	
A0ED	1093682500	abilities	Elemental Of Fire	410018	H	
A0ED	1093682500	abilities	Elemental Of Fire	410044	H	
A0ED	1093682500	abilities	Elemental Of Fire	410066	H	
A0EE	1093682501	abilities	Greater Elemental Of Fire	410090	H	
A0EE	1093682501	abilities	Greater Elemental Of Fire	410116	H	
A0EE	1093682501	abilities	Greater Elemental Of Fire	410138	H	
A0EF	1093682502	abilities	Lesser Elemental Of Wind	410162	H	
A0EF	1093682502	abilities	Lesser Elemental Of Wind	410188	H	
A0EF	1093682502	abilities	Lesser Elemental Of Wind	410210	H	
A0EG	1093682503	abilities	Elemental Of Wind	410234	H	
A0EG	1093682503	abilities	Elemental Of Wind	410260	H	
A0EG	1093682503	abilities	Elemental Of Wind	410282	H	
A0EH	1093682504	abilities	Greater Elemental Of Wind	410306	H	
A0EH	1093682504	abilities	Greater Elemental Of Wind	410332	H	
A0EH	1093682504	abilities	Greater Elemental Of Wind	410354	H	
A0EI	1093682505	abilities	ELE: Book of Conjuration	410378	H	
A0EI	1093682505	abilities	ELE: Book of Conjuration	410404	H	
A0EI	1093682505	abilities	ELE: Book of Conjuration	410426	H	
A0EJ	1093682506	abilities	NAT: Wisp explosion	410450	H	
A0EJ	1093682506	abilities	NAT: Wisp explosion	410476	H	
A0EJ	1093682506	abilities	NAT: Wisp explosion	410498	H	
A0EK	1093682507	abilities		410522	H	
A0EK	1093682507	abilities		410548	H	
A0EK	1093682507	abilities		410570	H	
A0EL	1093682508	abilities		410594	H	
A0EL	1093682508	abilities		410620	H	
A0EL	1093682508	abilities		410642	H	
A0EM	1093682509	abilities	NAT: Wisp (stun)	410666	H	
A0EM	1093682509	abilities	NAT: Wisp (stun)	410692	H	
A0EM	1093682509	abilities	NAT: Wisp (stun)	410714	H	
A0EN	1093682510	abilities		410738	H	
A0EN	1093682510	abilities		410764	H	
A0EN	1093682510	abilities		410786	H	
A0EO	1093682511	abilities		410810	H	
A0EO	1093682511	abilities		410836	H	
A0EO	1093682511	abilities		410858	H	
A0EP	1093682512	abilities	ELE: Enchant (forged weapon)	410882	H	
A0EP	1093682512	abilities	ELE: Enchant (forged weapon)	410908	H	
A0EP	1093682512	abilities	ELE: Enchant (forged weapon)	410930	H	
A0EQ	1093682513	abilities	NOT WORKING	410954	H	
A0EQ	1093682513	abilities	NOT WORKING	410980	H	
A0EQ	1093682513	abilities	NOT WORKING	411002	H	
A0ER	1093682514	abilities		411026	H	
A0ER	1093682514	abilities		411052	H	
A0ER	1093682514	abilities		411074	H	
A0ES	1093682515	abilities		411098	H	
A0ES	1093682515	abilities		411124	H	
A0ES	1093682515	abilities		411146	H	
A0ET	1093682516	abilities	ELE: Linker	411170	H	
A0ET	1093682516	abilities	ELE: Linker	411196	H	
A0ET	1093682516	abilities	ELE: Linker	411218	H	
A0EU	1093682517	abilities	(Sod) Freezing Breath	411242	H	
A0EU	1093682517	abilities	(Sod) Freezing Breath	411268	H	
A0EU	1093682517	abilities	(Sod) Freezing Breath	411290	H	
A0EV	1093682518	abilities	ELE: Boulder	411314	H	
A0EV	1093682518	abilities	ELE: Boulder	411340	H	
A0EV	1093682518	abilities	ELE: Boulder	411362	H	
A0EW	1093682519	abilities	ELE: Shield of Mist	411386	H	
A0EW	1093682519	abilities	ELE: Shield of Mist	411412	H	
A0EW	1093682519	abilities	ELE: Shield of Mist	411434	H	
A0EX	1093682520	abilities	ELE: Discharge	411458	H	
A0EX	1093682520	abilities	ELE: Discharge	411484	H	
A0EX	1093682520	abilities	ELE: Discharge	411506	H	
A0EY	1093682521	abilities		411530	H	
A0EY	1093682521	abilities		411556	H	
A0EY	1093682521	abilities		411578	H	
A0EZ	1093682522	abilities		411602	H	
A0EZ	1093682522	abilities		411628	H	
A0EZ	1093682522	abilities		411650	H	
A0F0	1093682736	abilities	ELE: Greater Elemental Of Lightning (orb)buildings	411674	H	
A0F0	1093682736	abilities	ELE: Greater Elemental Of Lightning (orb)buildings	411700	H	
A0F0	1093682736	abilities	ELE: Greater Elemental Of Lightning (orb)buildings	411722	H	
A0F1	1093682737	abilities		411746	H	
A0F1	1093682737	abilities		411772	H	
A0F1	1093682737	abilities		411794	H	
A0F2	1093682738	abilities		411818	H	
A0F2	1093682738	abilities		411844	H	
A0F2	1093682738	abilities		411866	H	
A0F3	1093682739	abilities		411890	H	
A0F3	1093682739	abilities		411916	H	
A0F3	1093682739	abilities		411938	H	
A0F4	1093682740	abilities		411962	H	
A0F4	1093682740	abilities		411988	H	
A0F4	1093682740	abilities		412010	H	
A0F5	1093682741	abilities	Elemental Unit	412034	H	
A0F5	1093682741	abilities	Elemental Unit	412060	H	
A0F5	1093682741	abilities	Elemental Unit	412082	H	
A0F6	1093682742	abilities	ELE: Greater Elemental Of Lightning (forked lightning) buildings	412106	H	
A0F6	1093682742	abilities	ELE: Greater Elemental Of Lightning (forked lightning) buildings	412132	H	
A0F6	1093682742	abilities	ELE: Greater Elemental Of Lightning (forked lightning) buildings	412154	H	
A0F7	1093682743	abilities	ELE: Elemental Of Lightning (orb)buildings	412178	H	
A0F7	1093682743	abilities	ELE: Elemental Of Lightning (orb)buildings	412204	H	
A0F7	1093682743	abilities	ELE: Elemental Of Lightning (orb)buildings	412226	H	
A0F8	1093682744	abilities	ELE: Elemental Of Lightning (forked lightning)buildgins	412250	H	
A0F8	1093682744	abilities	ELE: Elemental Of Lightning (forked lightning)buildgins	412276	H	
A0F8	1093682744	abilities	ELE: Elemental Of Lightning (forked lightning)buildgins	412298	H	
A0F9	1093682745	abilities	NOR: Ice Queen (frost nova) warlock	412322	H	
A0F9	1093682745	abilities	NOR: Ice Queen (frost nova) warlock	412348	H	
A0F9	1093682745	abilities	NOR: Ice Queen (frost nova) warlock	412370	H	
A0FA	1093682753	abilities	ELE: Elemental Of Water Greater (evasion)	412394	H	
A0FA	1093682753	abilities	ELE: Elemental Of Water Greater (evasion)	412420	H	
A0FA	1093682753	abilities	ELE: Elemental Of Water Greater (evasion)	412442	H	
A0FB	1093682754	abilities	Parasite(leg troll)	412466	H	
A0FB	1093682754	abilities	Parasite(leg troll)	412492	H	
A0FB	1093682754	abilities	Parasite(leg troll)	412514	H	
A0FC	1093682755	abilities	Ensnare (Leg Troll)	412538	H	
A0FC	1093682755	abilities	Ensnare (Leg Troll)	412564	H	
A0FC	1093682755	abilities	Ensnare (Leg Troll)	412586	H	
A0FD	1093682756	abilities	Liquid Fire ( Sod )	412610	H	
A0FD	1093682756	abilities	Liquid Fire ( Sod )	412636	H	
A0FD	1093682756	abilities	Liquid Fire ( Sod )	412658	H	
A0FE	1093682757	abilities	( SOD ) damage overtime	412682	H	
A0FE	1093682757	abilities	( SOD ) damage overtime	412708	H	
A0FE	1093682757	abilities	( SOD ) damage overtime	412730	H	
A0FF	1093682758	abilities	(Sod ) Burning Oil	412754	H	
A0FF	1093682758	abilities	(Sod ) Burning Oil	412780	H	
A0FF	1093682758	abilities	(Sod ) Burning Oil	412802	H	
A0FG	1093682759	abilities	ELE: Meteor Shower	412826	H	
A0FG	1093682759	abilities	ELE: Meteor Shower	412852	H	
A0FG	1093682759	abilities	ELE: Meteor Shower	412874	H	
A0FH	1093682760	abilities	water lesser(spell resist)	412898	H	
A0FH	1093682760	abilities	water lesser(spell resist)	412924	H	
A0FH	1093682760	abilities	water lesser(spell resist)	412946	H	
A0FI	1093682761	abilities	water (spell resist)	412970	H	
A0FI	1093682761	abilities	water (spell resist)	412996	H	
A0FI	1093682761	abilities	water (spell resist)	413018	H	
A0FJ	1093682762	abilities	water greater (spell resist)	413042	H	
A0FJ	1093682762	abilities	water greater (spell resist)	413068	H	
A0FJ	1093682762	abilities	water greater (spell resist)	413090	H	
A0FK	1093682763	abilities	Channel ( Assasin NotTarget )	413114	H	
A0FK	1093682763	abilities	Channel ( Assasin NotTarget )	413140	H	
A0FK	1093682763	abilities	Channel ( Assasin NotTarget )	413162	H	
A0FL	1093682764	abilities	Barrage Igloo	413186	H	
A0FL	1093682764	abilities	Barrage Igloo	413212	H	
A0FL	1093682764	abilities	Barrage Igloo	413234	H	
A0FM	1093682765	abilities	Igloo frost chance	413258	H	
A0FM	1093682765	abilities	Igloo frost chance	413284	H	
A0FM	1093682765	abilities	Igloo frost chance	413306	H	
A0FN	1093682766	abilities	spell resist 50%	413330	H	
A0FN	1093682766	abilities	spell resist 50%	413356	H	
A0FN	1093682766	abilities	spell resist 50%	413378	H	
A0FO	1093682767	abilities	TypeTwins	413402	H	
A0FO	1093682767	abilities	TypeTwins	413428	H	
A0FO	1093682767	abilities	TypeTwins	413450	H	
A0FP	1093682768	abilities	Critical Strike(twins)	413474	H	
A0FP	1093682768	abilities	Critical Strike(twins)	413500	H	
A0FP	1093682768	abilities	Critical Strike(twins)	413522	H	
A0FQ	1093682769	abilities	Cleaving Attack Twins	413546	H	
A0FQ	1093682769	abilities	Cleaving Attack Twins	413572	H	
A0FQ	1093682769	abilities	Cleaving Attack Twins	413594	H	
A0FR	1093682770	abilities	Twin: Smile and Cry	413618	H	
A0FR	1093682770	abilities	Twin: Smile and Cry	413644	H	
A0FR	1093682770	abilities	Twin: Smile and Cry	413666	H	
A0FS	1093682771	abilities	Twins:Thunder Clap	413690	H	
A0FS	1093682771	abilities	Twins:Thunder Clap	413716	H	
A0FS	1093682771	abilities	Twins:Thunder Clap	413738	H	
A0FT	1093682772	abilities	Twins:Shockwave	413762	H	
A0FT	1093682772	abilities	Twins:Shockwave	413788	H	
A0FT	1093682772	abilities	Twins:Shockwave	413810	H	
A0FU	1093682773	abilities	Parasite(twins)	413834	H	
A0FU	1093682773	abilities	Parasite(twins)	413860	H	
A0FU	1093682773	abilities	Parasite(twins)	413882	H	
A0FV	1093682774	abilities	Demolisher	413906	H	
A0FV	1093682774	abilities	Demolisher	413932	H	
A0FV	1093682774	abilities	Demolisher	413954	H	
A0FW	1093682775	abilities	Life Drain Visioneer	413978	H	
A0FW	1093682775	abilities	Life Drain Visioneer	414004	H	
A0FW	1093682775	abilities	Life Drain Visioneer	414026	H	
A0FX	1093682776	abilities	Parasite( life drain)	414050	H	
A0FX	1093682776	abilities	Parasite( life drain)	414076	H	
A0FX	1093682776	abilities	Parasite( life drain)	414098	H	
A0FY	1093682777	abilities		414122	H	
A0FY	1093682777	abilities		414148	H	
A0FY	1093682777	abilities		414170	H	
A0HZ	1093683290	abilities	+9arm 400aoe	414194	H	
A0HZ	1093683290	abilities	+9arm 400aoe	414220	H	
A0HZ	1093683290	abilities	+9arm 400aoe	414242	H	
A0I0	1093683504	abilities	Prayer	414266	H	
A0I0	1093683504	abilities	Prayer	414292	H	
A0I0	1093683504	abilities	Prayer	414314	H	
A0I1	1093683505	abilities	Prayer: heal+mana	414338	H	
A0I1	1093683505	abilities	Prayer: heal+mana	414364	H	
A0I1	1093683505	abilities	Prayer: heal+mana	414386	H	
A0I2	1093683506	abilities	Prayer: +dmg +armor	414410	H	
A0I2	1093683506	abilities	Prayer: +dmg +armor	414436	H	
A0I2	1093683506	abilities	Prayer: +dmg +armor	414458	H	
A0I3	1093683507	abilities		414482	H	
A0I3	1093683507	abilities		414508	H	
A0I3	1093683507	abilities		414530	H	
A0I4	1093683508	abilities	Prayer: resurrection	414554	H	
A0I4	1093683508	abilities	Prayer: resurrection	414580	H	
A0I4	1093683508	abilities	Prayer: resurrection	414602	H	
IBA0	1229078832	abilities		414626	H	
IBA0	1229078832	abilities		414652	H	
IBA0	1229078832	abilities		414674	H	
IBA1	1229078833	abilities		414698	H	
IBA1	1229078833	abilities		414724	H	
IBA1	1229078833	abilities		414746	H	
IBA2	1229078834	abilities		414770	H	
IBA2	1229078834	abilities		414796	H	
IBA2	1229078834	abilities		414818	H	
IBA3	1229078835	abilities		414842	H	
IBA3	1229078835	abilities		414868	H	
IBA3	1229078835	abilities		414890	H	
IBA4	1229078836	abilities		414914	H	
IBA4	1229078836	abilities		414940	H	
IBA4	1229078836	abilities		414962	H	
IBA5	1229078837	abilities		414986	H	
IBA5	1229078837	abilities		415012	H	
IBA5	1229078837	abilities		415034	H	
IBA6	1229078838	abilities		415058	H	
IBA6	1229078838	abilities		415084	H	
IBA6	1229078838	abilities		415106	H	
IBA7	1229078839	abilities		415130	H	
IBA7	1229078839	abilities		415156	H	
IBA7	1229078839	abilities		415178	H	
IBA8	1229078840	abilities		415202	H	
IBA8	1229078840	abilities		415228	H	
IBA8	1229078840	abilities		415250	H	
A0FZ	1093682778	abilities		415274	H	
A0FZ	1093682778	abilities		415300	H	
A0FZ	1093682778	abilities		415322	H	
A0G0	1093682992	abilities		415346	H	
A0G0	1093682992	abilities		415372	H	
A0G0	1093682992	abilities		415394	H	
A0G6	1093682998	abilities	DST: Thorns	415418	H	
A0G6	1093682998	abilities	DST: Thorns	415444	H	
A0G6	1093682998	abilities	DST: Thorns	415466	H	
A0HL	1093683276	abilities	Fowlhunter 3x	415490	H	
A0HL	1093683276	abilities	Fowlhunter 3x	415516	H	
A0HL	1093683276	abilities	Fowlhunter 3x	415538	H	
A0HK	1093683275	abilities	DST: Gnolls auto	415562	H	
A0HK	1093683275	abilities	DST: Gnolls auto	415588	H	
A0HK	1093683275	abilities	DST: Gnolls auto	415610	H	
A0G2	1093682994	abilities	Heavy Bolt	415634	H	
A0G2	1093682994	abilities	Heavy Bolt	415660	H	
A0G2	1093682994	abilities	Heavy Bolt	415682	H	
A0G1	1093682993	abilities	Ambush	415706	H	
A0G1	1093682993	abilities	Ambush	415732	H	
A0G1	1093682993	abilities	Ambush	415754	H	
A0G3	1093682995	abilities		415778	H	
A0G3	1093682995	abilities		415804	H	
A0G3	1093682995	abilities		415826	H	
A0HM	1093683277	abilities	Fowlhunter 2x	415850	H	
A0HM	1093683277	abilities	Fowlhunter 2x	415876	H	
A0HM	1093683277	abilities	Fowlhunter 2x	415898	H	
A0H3	1093683251	abilities	Matriarchs visual	415922	H	
A0H3	1093683251	abilities	Matriarchs visual	415948	H	
A0H3	1093683251	abilities	Matriarchs visual	415970	H	
A0H1	1093683249	abilities	DST: Matriarch auto	415994	H	
A0H1	1093683249	abilities	DST: Matriarch auto	416020	H	
A0H1	1093683249	abilities	DST: Matriarch auto	416042	H	
A0G9	1093683001	abilities	DST: Harpy auto	416066	H	
A0G9	1093683001	abilities	DST: Harpy auto	416092	H	
A0G9	1093683001	abilities	DST: Harpy auto	416114	H	
A0G5	1093682997	abilities	DST: Blind 16%	416138	H	
A0G5	1093682997	abilities	DST: Blind 16%	416164	H	
A0G5	1093682997	abilities	DST: Blind 16%	416186	H	
A0KB	1093684034	abilities	Life Steal	416210	H	
A0KB	1093684034	abilities	Life Steal	416236	H	
A0KB	1093684034	abilities	Life Steal	416258	H	
A0J6	1093683766	abilities	DST: Pulverize	416282	H	
A0J6	1093683766	abilities	DST: Pulverize	416308	H	
A0J6	1093683766	abilities	DST: Pulverize	416330	H	
A0J7	1093683767	abilities	DST: Pulverize2	416354	H	
A0J7	1093683767	abilities	DST: Pulverize2	416380	H	
A0J7	1093683767	abilities	DST: Pulverize2	416402	H	
A0GR	1093683026	abilities	OgreLords rage	416426	H	
A0GR	1093683026	abilities	OgreLords rage	416452	H	
A0GR	1093683026	abilities	OgreLords rage	416474	H	
A0GB	1093683010	abilities	DST: Ogre auto	416498	H	
A0GB	1093683010	abilities	DST: Ogre auto	416524	H	
A0GB	1093683010	abilities	DST: Ogre auto	416546	H	
A0GU	1093683029	abilities		416570	H	
A0GU	1093683029	abilities		416596	H	
A0GU	1093683029	abilities		416618	H	
A0HQ	1093683281	abilities	Sandshield	416642	H	
A0HQ	1093683281	abilities	Sandshield	416668	H	
A0HQ	1093683281	abilities	Sandshield	416690	H	
A0G8	1093683000	abilities	DST: Sandkin abil	416714	H	
A0G8	1093683000	abilities	DST: Sandkin abil	416740	H	
A0G8	1093683000	abilities	DST: Sandkin abil	416762	H	
A0G7	1093682999	abilities	DST: Thorns 70%	416786	H	
A0G7	1093682999	abilities	DST: Thorns 70%	416812	H	
A0G7	1093682999	abilities	DST: Thorns 70%	416834	H	
A0HX	1093683288	abilities	DST: salamanders	416858	H	
A0HX	1093683288	abilities	DST: salamanders	416884	H	
A0HX	1093683288	abilities	DST: salamanders	416906	H	
A0GE	1093683013	abilities	Oasis Ability	416930	H	
A0GE	1093683013	abilities	Oasis Ability	416956	H	
A0GE	1093683013	abilities	Oasis Ability	416978	H	
A0GF	1093683014	abilities	Peyote abil	417002	H	
A0GF	1093683014	abilities	Peyote abil	417028	H	
A0GF	1093683014	abilities	Peyote abil	417050	H	
A0H5	1093683253	abilities	QuickSand L	417074	H	
A0H5	1093683253	abilities	QuickSand L	417100	H	
A0H5	1093683253	abilities	QuickSand L	417122	H	
A0IL	1093683532	abilities	succomb	417146	H	
A0IL	1093683532	abilities	succomb	417172	H	
A0IL	1093683532	abilities	succomb	417194	H	
A0JD	1093683780	abilities	Peyote	417218	H	
A0JD	1093683780	abilities	Peyote	417244	H	
A0JD	1093683780	abilities	Peyote	417266	H	
A0G4	1093682996	abilities	Sandstorm	417290	H	
A0G4	1093682996	abilities	Sandstorm	417316	H	
A0G4	1093682996	abilities	Sandstorm	417338	H	
A0GC	1093683011	abilities	SandStorm	417362	H	
A0GC	1093683011	abilities	SandStorm	417388	H	
A0GC	1093683011	abilities	SandStorm	417410	H	
A0HP	1093683280	abilities	Sandcloud2x	417434	H	
A0HP	1093683280	abilities	Sandcloud2x	417460	H	
A0HP	1093683280	abilities	Sandcloud2x	417482	H	
A0GA	1093683009	abilities	Sandcloud	417506	H	
A0GA	1093683009	abilities	Sandcloud	417532	H	
A0GA	1093683009	abilities	Sandcloud	417554	H	
A0HW	1093683287	abilities	DST: salam burn	417578	H	
A0HW	1093683287	abilities	DST: salam burn	417604	H	
A0HW	1093683287	abilities	DST: salam burn	417626	H	
A0GD	1093683012	abilities	DST: Blind	417650	H	
A0GD	1093683012	abilities	DST: Blind	417676	H	
A0GD	1093683012	abilities	DST: Blind	417698	H	
A0GK	1093683019	abilities	SandStorm abil	417722	H	
A0GK	1093683019	abilities	SandStorm abil	417748	H	
A0GK	1093683019	abilities	SandStorm abil	417770	H	
A0GG	1093683015	abilities		417794	H	
A0GG	1093683015	abilities		417820	H	
A0GG	1093683015	abilities		417842	H	
A0GH	1093683016	abilities	Quick Sand M	417866	H	
A0GH	1093683016	abilities	Quick Sand M	417892	H	
A0GH	1093683016	abilities	Quick Sand M	417914	H	
A0GI	1093683017	abilities	Quick Sand S	417938	H	
A0GI	1093683017	abilities	Quick Sand S	417964	H	
A0GI	1093683017	abilities	Quick Sand S	417986	H	
A0GJ	1093683018	abilities	Sand Replenish	418010	H	
A0GJ	1093683018	abilities	Sand Replenish	418036	H	
A0GJ	1093683018	abilities	Sand Replenish	418058	H	
A0GL	1093683020	abilities	Razor Spray	418082	H	
A0GL	1093683020	abilities	Razor Spray	418108	H	
A0GL	1093683020	abilities	Razor Spray	418130	H	
A0GM	1093683021	abilities	Harpy Swarm	418154	H	
A0GM	1093683021	abilities	Harpy Swarm	418180	H	
A0GM	1093683021	abilities	Harpy Swarm	418202	H	
A0GN	1093683022	abilities	PAN: Panda Monk Heal	418226	H	
A0GN	1093683022	abilities	PAN: Panda Monk Heal	418252	H	
A0GN	1093683022	abilities	PAN: Panda Monk Heal	418274	H	
A0GO	1093683023	abilities		418298	H	
A0GO	1093683023	abilities		418324	H	
A0GO	1093683023	abilities		418346	H	
A0GP	1093683024	abilities	PAN: Healing Spray	418370	H	
A0GP	1093683024	abilities	PAN: Healing Spray	418396	H	
A0GP	1093683024	abilities	PAN: Healing Spray	418418	H	
A0GQ	1093683025	abilities	PAN: Drunk	418442	H	
A0GQ	1093683025	abilities	PAN: Drunk	418468	H	
A0GQ	1093683025	abilities	PAN: Drunk	418490	H	
A0GS	1093683027	abilities	PAN: Drunk resistance	418514	H	
A0GS	1093683027	abilities	PAN: Drunk resistance	418540	H	
A0GS	1093683027	abilities	PAN: Drunk resistance	418562	H	
A0GT	1093683028	abilities		418586	H	
A0GT	1093683028	abilities		418612	H	
A0GT	1093683028	abilities		418634	H	
A0GW	1093683031	abilities	Thunderpaw Spire Ability	418658	H	
A0GW	1093683031	abilities	Thunderpaw Spire Ability	418684	H	
A0GW	1093683031	abilities	Thunderpaw Spire Ability	418706	H	
A0GX	1093683032	abilities	Blood Corrosion	418730	H	
A0GX	1093683032	abilities	Blood Corrosion	418756	H	
A0GX	1093683032	abilities	Blood Corrosion	418778	H	
A0GY	1093683033	abilities	Blood Corrosion	418802	H	
A0GY	1093683033	abilities	Blood Corrosion	418828	H	
A0GY	1093683033	abilities	Blood Corrosion	418850	H	
A0GZ	1093683034	abilities	Cloud Ship Multishot	418874	H	
A0GZ	1093683034	abilities	Cloud Ship Multishot	418900	H	
A0GZ	1093683034	abilities	Cloud Ship Multishot	418922	H	
A0H2	1093683250	abilities	PAN: Zen Field Aura	418946	H	
A0H2	1093683250	abilities	PAN: Zen Field Aura	418972	H	
A0H2	1093683250	abilities	PAN: Zen Field Aura	418994	H	
A0H4	1093683252	abilities	Echo Blink	419018	H	
A0H4	1093683252	abilities	Echo Blink	419044	H	
A0H4	1093683252	abilities	Echo Blink	419066	H	
A0H6	1093683254	abilities	PAN: Withering Touch	419090	H	
A0H6	1093683254	abilities	PAN: Withering Touch	419116	H	
A0H6	1093683254	abilities	PAN: Withering Touch	419138	H	
A0H7	1093683255	abilities	PAN: Drunk resistance 2	419162	H	
A0H7	1093683255	abilities	PAN: Drunk resistance 2	419188	H	
A0H7	1093683255	abilities	PAN: Drunk resistance 2	419210	H	
A0H8	1093683256	abilities	PAN: Drunk 2	419234	H	
A0H8	1093683256	abilities	PAN: Drunk 2	419260	H	
A0H8	1093683256	abilities	PAN: Drunk 2	419282	H	
A0H9	1093683257	abilities	Whirlstone Brew	419306	H	
A0H9	1093683257	abilities	Whirlstone Brew	419332	H	
A0H9	1093683257	abilities	Whirlstone Brew	419354	H	
A0HA	1093683265	abilities	PAN: Drunk 3	419378	H	
A0HA	1093683265	abilities	PAN: Drunk 3	419404	H	
A0HA	1093683265	abilities	PAN: Drunk 3	419426	H	
A0HC	1093683267	abilities	PAN: Drunk resistance 3	419450	H	
A0HC	1093683267	abilities	PAN: Drunk resistance 3	419476	H	
A0HC	1093683267	abilities	PAN: Drunk resistance 3	419498	H	
S000	1395666992	abilities	PAN: Breath Aura	419522	H	
S000	1395666992	abilities	PAN: Breath Aura	419548	H	
S000	1395666992	abilities	PAN: Breath Aura	419570	H	
A0HD	1093683268	abilities	Static Remnant Explosion	419594	H	
A0HD	1093683268	abilities	Static Remnant Explosion	419620	H	
A0HD	1093683268	abilities	Static Remnant Explosion	419642	H	
A0HE	1093683269	abilities	AOE damage upon death remnant	419666	H	
A0HE	1093683269	abilities	AOE damage upon death remnant	419692	H	
A0HE	1093683269	abilities	AOE damage upon death remnant	419714	H	
A0HF	1093683270	abilities		419738	H	
A0HF	1093683270	abilities		419764	H	
A0HF	1093683270	abilities		419786	H	
A0HG	1093683271	abilities	PAN: Whirlwind	419810	H	
A0HG	1093683271	abilities	PAN: Whirlwind	419836	H	
A0HG	1093683271	abilities	PAN: Whirlwind	419858	H	
A0HH	1093683272	abilities	PAN: Brewcommand Aura	419882	H	
A0HH	1093683272	abilities	PAN: Brewcommand Aura	419908	H	
A0HH	1093683272	abilities	PAN: Brewcommand Aura	419930	H	
A0HI	1093683273	abilities	PAN: Healing Spray 2	419954	H	
A0HI	1093683273	abilities	PAN: Healing Spray 2	419980	H	
A0HI	1093683273	abilities	PAN: Healing Spray 2	420002	H	
A0GV	1093683030	abilities		420026	H	
A0GV	1093683030	abilities		420052	H	
A0GV	1093683030	abilities		420074	H	
A0H0	1093683248	abilities	spell resist 20%	420098	H	
A0H0	1093683248	abilities	spell resist 20%	420124	H	
A0H0	1093683248	abilities	spell resist 20%	420146	H	
A0HB	1093683266	abilities	Scroll of Speed	420170	H	
A0HB	1093683266	abilities	Scroll of Speed	420196	H	
A0HB	1093683266	abilities	Scroll of Speed	420218	H	
A0HJ	1093683274	abilities	Scroll of Speed Trigger	420242	H	
A0HJ	1093683274	abilities	Scroll of Speed Trigger	420268	H	
A0HJ	1093683274	abilities	Scroll of Speed Trigger	420290	H	
IBA9	1229078841	abilities	Buy Speedscroll	420314	H	
IBA9	1229078841	abilities	Buy Speedscroll	420340	H	
IBA9	1229078841	abilities	Buy Speedscroll	420362	H	
A0HN	1093683278	abilities		420386	H	
A0HN	1093683278	abilities		420412	H	
A0HN	1093683278	abilities		420434	H	
A0HO	1093683279	abilities		420458	H	
A0HO	1093683279	abilities		420484	H	
A0HO	1093683279	abilities		420506	H	
A0HR	1093683282	abilities	Troll Damage Bonus	420530	H	
A0HR	1093683282	abilities	Troll Damage Bonus	420556	H	
A0HR	1093683282	abilities	Troll Damage Bonus	420578	H	
A0HS	1093683283	abilities	Global Endurance	420602	H	
A0HS	1093683283	abilities	Global Endurance	420628	H	
A0HS	1093683283	abilities	Global Endurance	420650	H	
A0HT	1093683284	abilities	Global Healing	420674	H	
A0HT	1093683284	abilities	Global Healing	420700	H	
A0HT	1093683284	abilities	Global Healing	420722	H	
A0HU	1093683285	abilities	GlobalHealWard	420746	H	
A0HU	1093683285	abilities	GlobalHealWard	420772	H	
A0HU	1093683285	abilities	GlobalHealWard	420794	H	
A0HV	1093683286	abilities	pp spell resist	420818	H	
A0HV	1093683286	abilities	pp spell resist	420844	H	
A0HV	1093683286	abilities	pp spell resist	420866	H	
A0HY	1093683289	abilities	Coral Armor Aura	420890	H	
A0HY	1093683289	abilities	Coral Armor Aura	420916	H	
A0HY	1093683289	abilities	Coral Armor Aura	420938	H	
A0I5	1093683509	abilities	AA Crit 1.45x	420962	H	
A0I5	1093683509	abilities	AA Crit 1.45x	420988	H	
A0I5	1093683509	abilities	AA Crit 1.45x	421010	H	
A0Z1	1093687857	abilities	Carapace Aura	421034	H	
A0Z1	1093687857	abilities	Carapace Aura	421060	H	
A0Z1	1093687857	abilities	Carapace Aura	421082	H	
AM0y	1095577721	abilities		421106	H	
AM0y	1095577721	abilities		421132	H	
AM0y	1095577721	abilities		421154	H	
AM0z	1095577722	abilities		421178	H	
AM0z	1095577722	abilities		421204	H	
AM0z	1095577722	abilities		421226	H	
A9FS	1094272595	abilities		421250	H	
A9FS	1094272595	abilities		421276	H	
A9FS	1094272595	abilities		421298	H	
A09E	1093679429	abilities		421322	H	
A09E	1093679429	abilities		421348	H	
A09E	1093679429	abilities		421370	H	
AM0{	1095577723	abilities	Explode Snow	421394	H	
AM0{	1095577723	abilities	Explode Snow	421420	H	
AM0{	1095577723	abilities	Explode Snow	421442	H	
Ast9	1098085433	abilities		421466	H	
Ast9	1098085433	abilities		421492	H	
Ast9	1098085433	abilities		421514	H	
AstB	1098085442	abilities		421538	H	
AstB	1098085442	abilities		421564	H	
AstB	1098085442	abilities		421586	H	
AstC	1098085443	abilities		421610	H	
AstC	1098085443	abilities		421636	H	
AstC	1098085443	abilities		421658	H	
I004	1227894836	items	Cheese	519138	CallbackSingle_doAfter_BuildingCatalogE2E_call_doAfter_BuildingCatalogE2E	itemRuntimeCheck
I003	1227894835	items	Drum'n'Bass Bass Drums	519380	CallbackSingle_doAfter_BuildingCatalogE2E_call_doAfter_BuildingCatalogE2E	itemRuntimeCheck
B008	1110454328	buffs,destructables	BWALL | Drum'n'Bass Beats	519446	CallbackSingle_doAfter_BuildingCatalogE2E_call_doAfter_BuildingCatalogE2E	unit_getAbilityLevel
B008	1110454328	buffs,destructables	BWALL | Drum'n'Bass Beats	519545	CallbackSingle_doAfter_BuildingCatalogE2E_call_doAfter_BuildingCatalogE2E	unit_getAbilityLevel
I00A	1227894849	items	Drum'n'Bass Bassline Generator	519576	CallbackSingle_doAfter_BuildingCatalogE2E_call_doAfter_BuildingCatalogE2E	itemRuntimeCheck
B00L	1110454348	buffs,destructables	Drum'n'Bass Bassline | LWALL	519646	CallbackSingle_doAfter_BuildingCatalogE2E_call_doAfter_BuildingCatalogE2E	unit_getAbilityLevel
B00L	1110454348	buffs,destructables	Drum'n'Bass Bassline | LWALL	519745	CallbackSingle_doAfter_BuildingCatalogE2E_call_doAfter_BuildingCatalogE2E	unit_getAbilityLevel
I007	1227894839	items	Quad Damage	519776	CallbackSingle_doAfter_BuildingCatalogE2E_call_doAfter_BuildingCatalogE2E	itemRuntimeCheck
I007	1227894839	items	Quad Damage	519817	CallbackSingle_doAfter_BuildingCatalogE2E_call_doAfter_BuildingCatalogE2E	unit_getItemById
B00I	1110454345	buffs,destructables	LARCHWAY | Quad Damage	519868	CallbackSingle_doAfter_BuildingCatalogE2E_call_doAfter_BuildingCatalogE2E	unit_getAbilityLevel
B00I	1110454345	buffs,destructables	LARCHWAY | Quad Damage	519981	CallbackSingle_doAfter_BuildingCatalogE2E_call_doAfter_BuildingCatalogE2E	unit_getAbilityLevel
I008	1227894840	items	Double Damage	520012	CallbackSingle_doAfter_BuildingCatalogE2E_call_doAfter_BuildingCatalogE2E	itemRuntimeCheck
I008	1227894840	items	Double Damage	520053	CallbackSingle_doAfter_BuildingCatalogE2E_call_doAfter_BuildingCatalogE2E	unit_getItemById
B00H	1110454344	buffs,destructables	Double Damage | LWALL	520104	CallbackSingle_doAfter_BuildingCatalogE2E_call_doAfter_BuildingCatalogE2E	unit_getAbilityLevel
B00H	1110454344	buffs,destructables	Double Damage | LWALL	520217	CallbackSingle_doAfter_BuildingCatalogE2E_call_doAfter_BuildingCatalogE2E	unit_getAbilityLevel
I009	1227894841	items	Rune of Repair	520248	CallbackSingle_doAfter_BuildingCatalogE2E_call_doAfter_BuildingCatalogE2E	itemRuntimeCheck
I00C	1227894851	items	Explode Mine	520754	CallbackSingle_doAfter_BuildingCatalogE2E_call_doAfter_BuildingCatalogE2E	itemRuntimeCheck
e008	1697656888	units	dummy	521229	CallbackSingle_doAfter_BuildingCatalogE2E_call_doAfter_BuildingCatalogE2E	cleanupBuildingCatalogOwnedUnitsOfType
h004	1747988532	units	Weapon Lab	527503	CallbackSingle_doAfter_BuildingCatalogE2E_call_doAfter_BuildingCatalogE2E5	createUnit
hmtm	1752003693	units	Mortar	527923	CallbackSingle_doAfter_BuildingCatalogE2E_call_doAfter_BuildingCatalogE2E5	prepareSmokeUnit
hfoo	1751543663	units	Footman	529186	CallbackSingle_doAfter_BuildingCatalogE2E_call_doAfter_BuildingCatalogE2E6	prepareSmokeUnit
hfoo	1751543663	units	Footman	529239	CallbackSingle_doAfter_BuildingCatalogE2E_call_doAfter_BuildingCatalogE2E6	prepareSmokeUnit
hfoo	1751543663	units	Footman	530988	CallbackSingle_doAfter_BuildingCatalogE2E_call_doAfter_BuildingCatalogE2E7	prepareSmokeUnit
h004	1747988532	units	Weapon Lab	538999	CallbackSingle_doAfter_doAfter_doAfter_doAfter_BuildingCatalogE2E_call_doAfter_doAfter_doAfter_doAfter_BuildingCatalogE2E	createUnit
hmtm	1752003693	units	Mortar	539057	CallbackSingle_doAfter_doAfter_doAfter_doAfter_BuildingCatalogE2E_call_doAfter_doAfter_doAfter_doAfter_BuildingCatalogE2E	prepareSmokeUnit
h02W	1747989079	units	Lesser Elemental Of Water	540619	CallbackSingle_doAfter_doAfter_BuildingCatalogE2E_call_doAfter_doAfter_BuildingCatalogE2E3	createUnit
h060	1747990064	units	Obelisk of Elements	542150	CallbackSingle_doAfter_doAfter_doAfter_BuildingCatalogE2E_call_doAfter_doAfter_doAfter_BuildingCatalogE2E1	createUnit
h05Z	1747989850	units	Books of Conjuration	542202	CallbackSingle_doAfter_doAfter_doAfter_BuildingCatalogE2E_call_doAfter_doAfter_doAfter_BuildingCatalogE2E1	createUnit
h03X	1747989336	units	Water Spring	545832	CallbackSingle_doAfter_doAfter_doAfter_doAfter_BuildingCatalogE2E_call_doAfter_doAfter_doAfter_doAfter_BuildingCatalogE2E1	createUnit
hfoo	1751543663	units	Footman	546461	CallbackSingle_doAfter_BuildingCatalogE2E_call_doAfter_BuildingCatalogE2E13	prepareSmokeUnit
I006	1227894838	items	Orb of Lightning	547238	CallbackSingle_doAfter_BuildingCatalogE2E_call_doAfter_BuildingCatalogE2E13	itemRuntimeCheck
I001	1227894833	items	Blast Staff	549364	CallbackSingle_doAfter_BuildingCatalogE2E_call_doAfter_BuildingCatalogE2E15	itemRuntimeCheck
I002	1227894834	items	Multi Blast Staff	549487	CallbackSingle_doAfter_BuildingCatalogE2E_call_doAfter_BuildingCatalogE2E15	itemRuntimeCheck
A02D	1093677636	abilities	Blast	549714	CallbackSingle_doAfter_BuildingCatalogE2E_call_doAfter_BuildingCatalogE2E15	countItemAbilities
h00L	1747988556	units	Flower of life	553319	CallbackSingle_doAfter_BuildingCatalogE2E_call_doAfter_BuildingCatalogE2E18	
h060	1747990064	units	Obelisk of Elements	554526	CallbackSingle_doAfter_BuildingCatalogE2E_call_doAfter_BuildingCatalogE2E18	
h079	1747990329	units	Beacon of the Oasis	554552	CallbackSingle_doAfter_BuildingCatalogE2E_call_doAfter_BuildingCatalogE2E18	
n02G	1848652359	units	Forest Troll Trapper	557395	CallbackSingle_doAfter_BuildingCatalogE2E_call_doAfter_BuildingCatalogE2E19	
A0EL	1093682508	abilities		558371	CallbackSingle_doAfter_BuildingCatalogE2E_call_doAfter_BuildingCatalogE2E19	unit_getAbilityLevel
I001	1227894833	items	Blast Staff	584510	EventListener_add_BuildingCatalogE2E_onEvent_add_BuildingCatalogE2E8	
A08Y	1093679193	abilities	Scroll of Stone Trigger	586264	EventListener_add_BuildingCatalogE2E_onEvent_add_BuildingCatalogE2E11	
A0HJ	1093683274	abilities	Scroll of Speed Trigger	586328	EventListener_add_BuildingCatalogE2E_onEvent_add_BuildingCatalogE2E11	
B001	1110454321	buffs,destructables	Rot	655814	ForGroupCallbackD_forDestructablesInRect_CampaignEnvironment_callback_forDestructablesInRect_CampaignEnvironment	
B000	1110454320	buffs,destructables	Holy Power	655834	ForGroupCallbackD_forDestructablesInRect_CampaignEnvironment_callback_forDestructablesInRect_CampaignEnvironment	
hfoo	1751543663	units	Footman	990050	ArgHandler_addCommand_Commands_handleArgs_addCommand_Commands35	createUnit1
A09H	1093679432	abilities	TypeMurloc	996032	EventListener_add_CompanionSpawning_onEvent_add_CompanionSpawning	unit_getAbilityLevel
A0FO	1093682767	abilities	TypeTwins	996194	EventListener_add_CompanionSpawning_onEvent_add_CompanionSpawning	unit_getAbilityLevel
n02K	1848652363	units	Twin Weeper	996253	EventListener_add_CompanionSpawning_onEvent_add_CompanionSpawning	__wurst_safe_CreateUnit
n02L	1848652364	units	Twin Smiley	996355	EventListener_add_CompanionSpawning_onEvent_add_CompanionSpawning	__wurst_safe_CreateUnit
h09T	1747990868	units	Power Plant	1044561	AiExecutor_AiExecutor_hasReadyPowerPlant434Center	
h030	1747989296	units	Greater Elemental Of Fire	1196861	EventListener_add_FireElemental_onEvent_add_FireElemental	
h030	1747989296	units	Greater Elemental Of Fire	1196952	EventListener_add_FireElemental_onEvent_add_FireElemental	
h02Z	1747989082	units	Elemental Of Fire	1197011	EventListener_add_FireElemental_onEvent_add_FireElemental	__wurst_safe_ReplaceUnitBJ
u00F	1966092358	units	Greater Elemental Of Fire	1197101	EventListener_add_FireElemental_onEvent_add_FireElemental	
A09R	1093679442	abilities		1197447	CallbackSingle_doAfter_add_FireElemental_call_doAfter_add_FireElemental	unit_getAbilityLevel
h03A	1747989313	units	Defender	1198160	EventListener_add_doAfter_FixDefend_onEvent_add_doAfter_FixDefend	
A016	1093677366	abilities	Gjall Horn Buff	1199958	ForGroupCallback_forUnitsInRange_GjallarHorn_callback_forUnitsInRange_GjallarHorn	DummyCaster_DummyCaster_castTarget
h010	1747988784	units	Gjallarhorn	1201468	EventListener_add_GjallarHorn_onEvent_add_GjallarHorn	
A005	1093677109	abilities	Rescue Strike	1288172	CallbackSingle_doAfter_MMDData_call_doAfter_MMDData3	EventListener_addSpellInternal
A06E	1093678661	abilities	Rescue Strike Effect	1288329	CallbackSingle_doAfter_MMDData_call_doAfter_MMDData3	EventListener_addSpellInternal
A0GP	1093683024	abilities	PAN: Healing Spray	1323336	UnitSpellClosure_registerUnitSpellWithTargetOrder_MonkHeal_cast_registerUnitSpellWithTargetOrder_MonkHeal	dummyCastPointFrom
A0HI	1093683273	abilities	PAN: Healing Spray 2	1323788	UnitSpellClosure_registerUnitSpellWithTargetOrder_MonkHeal_cast_registerUnitSpellWithTargetOrder_MonkHeal1	dummyCastPointFrom
A005	1093677109	abilities	Rescue Strike	1345918	Action_batch_MultiboardEventHooks_run_batch_MultiboardEventHooks2	unit_getAbilityLevel
h069	1747990073	units	Spare Part Heap	1354801	EventListener_add_doAfter_ObeliskOfLight_onEvent_add_doAfter_ObeliskOfLight	
n01U	1848652117	units	Gobbo Machinist	1354848	EventListener_add_doAfter_ObeliskOfLight_onEvent_add_doAfter_ObeliskOfLight	createUnit1
A08C	1093679171	abilities	NEL: Obelisk Of Wilderness (spell resist)	1355870	DamageListener_addListener_doAfter_ObeliskOfLight_onEvent_addListener_doAfter_ObeliskOfLight	unit_removeAbility
A08D	1093679172	abilities		1355904	DamageListener_addListener_doAfter_ObeliskOfLight_onEvent_addListener_doAfter_ObeliskOfLight	unit_removeAbility
A08F	1093679174	abilities		1355938	DamageListener_addListener_doAfter_ObeliskOfLight_onEvent_addListener_doAfter_ObeliskOfLight	unit_removeAbility
A03B	1093677890	abilities		1355972	DamageListener_addListener_doAfter_ObeliskOfLight_onEvent_addListener_doAfter_ObeliskOfLight	unit_removeAbility
A03A	1093677889	abilities		1356006	DamageListener_addListener_doAfter_ObeliskOfLight_onEvent_addListener_doAfter_ObeliskOfLight	unit_removeAbility
A03D	1093677892	abilities		1356040	DamageListener_addListener_doAfter_ObeliskOfLight_onEvent_addListener_doAfter_ObeliskOfLight	unit_removeAbility
A08L	1093679180	abilities		1356074	DamageListener_addListener_doAfter_ObeliskOfLight_onEvent_addListener_doAfter_ObeliskOfLight	unit_removeAbility
A05I	1093678409	abilities		1356108	DamageListener_addListener_doAfter_ObeliskOfLight_onEvent_addListener_doAfter_ObeliskOfLight	unit_removeAbility
A06W	1093678679	abilities		1356142	DamageListener_addListener_doAfter_ObeliskOfLight_onEvent_addListener_doAfter_ObeliskOfLight	unit_removeAbility
A08M	1093679181	abilities		1356176	DamageListener_addListener_doAfter_ObeliskOfLight_onEvent_addListener_doAfter_ObeliskOfLight	unit_removeAbility
A06Y	1093678681	abilities		1356210	DamageListener_addListener_doAfter_ObeliskOfLight_onEvent_addListener_doAfter_ObeliskOfLight	unit_removeAbility
A08R	1093679186	abilities		1356244	DamageListener_addListener_doAfter_ObeliskOfLight_onEvent_addListener_doAfter_ObeliskOfLight	unit_removeAbility
A06X	1093678680	abilities		1356278	DamageListener_addListener_doAfter_ObeliskOfLight_onEvent_addListener_doAfter_ObeliskOfLight	unit_removeAbility
A09Q	1093679441	abilities		1356312	DamageListener_addListener_doAfter_ObeliskOfLight_onEvent_addListener_doAfter_ObeliskOfLight	unit_removeAbility
A09R	1093679442	abilities		1356346	DamageListener_addListener_doAfter_ObeliskOfLight_onEvent_addListener_doAfter_ObeliskOfLight	unit_removeAbility
A0HV	1093683286	abilities	pp spell resist	1356380	DamageListener_addListener_doAfter_ObeliskOfLight_onEvent_addListener_doAfter_ObeliskOfLight	unit_removeAbility
A0D7	1093682231	abilities	ELE: Enchant(Haste)	1356414	DamageListener_addListener_doAfter_ObeliskOfLight_onEvent_addListener_doAfter_ObeliskOfLight	unit_removeAbility
A0F3	1093682739	abilities		1356448	DamageListener_addListener_doAfter_ObeliskOfLight_onEvent_addListener_doAfter_ObeliskOfLight	unit_removeAbility
A0F1	1093682737	abilities		1356482	DamageListener_addListener_doAfter_ObeliskOfLight_onEvent_addListener_doAfter_ObeliskOfLight	unit_removeAbility
A03Q	1093677905	abilities		1356516	DamageListener_addListener_doAfter_ObeliskOfLight_onEvent_addListener_doAfter_ObeliskOfLight	unit_removeAbility
A0F4	1093682740	abilities		1356550	DamageListener_addListener_doAfter_ObeliskOfLight_onEvent_addListener_doAfter_ObeliskOfLight	unit_removeAbility
A09L	1093679436	abilities		1356584	DamageListener_addListener_doAfter_ObeliskOfLight_onEvent_addListener_doAfter_ObeliskOfLight	unit_removeAbility
A06T	1093678676	abilities		1356618	DamageListener_addListener_doAfter_ObeliskOfLight_onEvent_addListener_doAfter_ObeliskOfLight	unit_removeAbility
A06U	1093678677	abilities		1356652	DamageListener_addListener_doAfter_ObeliskOfLight_onEvent_addListener_doAfter_ObeliskOfLight	unit_removeAbility
A0GY	1093683033	abilities	Blood Corrosion	1356686	DamageListener_addListener_doAfter_ObeliskOfLight_onEvent_addListener_doAfter_ObeliskOfLight	unit_removeAbility
h030	1747989296	units	Greater Elemental Of Fire	1407941	EventListener_add_PerkUtils_onEvent_add_PerkUtils	
u00F	1966092358	units	Greater Elemental Of Fire	1407977	EventListener_add_PerkUtils_onEvent_add_PerkUtils	
B00M	1110454349	buffs,destructables	Frozen | IWALL	1416210	ForGroupCallback_forUnitsInRange_PowerPlantRuntime_callback_forUnitsInRange_PowerPlantRuntime	unit_getAbilityLevel
B00M	1110454349	buffs,destructables	Frozen | IWALL	1416288	ForGroupCallback_forUnitsInRange_PowerPlantRuntime_callback_forUnitsInRange_PowerPlantRuntime	unit_removeAbility
A070	1093678896	abilities	Leg-anti-hex	1419422	ForGroupCallback_forUnitsInRect_RaceChaosAbilities_callback_forUnitsInRect_RaceChaosAbilities	unit_getAbilityLevel
hcas	1751343475	units	Main Castle	1420054	ForGroupCallback_forUnitsInRect_RaceChaosAbilities_callback_forUnitsInRect_RaceChaosAbilities1	
h06M	1747990093	units	Main Castle	1420096	ForGroupCallback_forUnitsInRect_RaceChaosAbilities_callback_forUnitsInRect_RaceChaosAbilities1	
h07J	1747990346	units	Main Castle	1420138	ForGroupCallback_forUnitsInRect_RaceChaosAbilities_callback_forUnitsInRect_RaceChaosAbilities1	
h07K	1747990347	units	Main Castle	1420180	ForGroupCallback_forUnitsInRect_RaceChaosAbilities_callback_forUnitsInRect_RaceChaosAbilities1	
A06V	1093678678	abilities	Legendary Unit	1420222	ForGroupCallback_forUnitsInRect_RaceChaosAbilities_callback_forUnitsInRect_RaceChaosAbilities1	unit_getAbilityLevel
A0FS	1093682771	abilities	Twins:Thunder Clap	1421063	CallbackSingle_doAfter_RaceChaosAbilities_call_doAfter_RaceChaosAbilities1	dummyCarrierCastImmediate
A08H	1093679176	abilities		1422179	ForGroupCallback_forUnitsInRange_doAfter_RaceChaosAbilities_callback_forUnitsInRange_doAfter_RaceChaosAbilities	unit_getAbilityLevel
A03R	1093677906	abilities		1424056	UnitSpellClosure_registerUnitSpellWithTargetOrder_RaceChaosAbilities_cast_registerUnitSpellWithTargetOrder_RaceChaosAbilities	dummyCastImmediateFrom
h06N	1747990094	units	ClapDummy	1424534	UnitSpellClosure_registerUnitSpellWithTargetOrder_RaceChaosAbilities_cast_registerUnitSpellWithTargetOrder_RaceChaosAbilities1	createUnit
A08H	1093679176	abilities		1425843	ForGroupCallback_forUnitsInRect_RaceCorruptedAbilities_callback_forUnitsInRect_RaceCorruptedAbilities	unit_getAbilityLevel
h06B	1747990082	units	Wisp	1425888	ForGroupCallback_forUnitsInRect_RaceCorruptedAbilities_callback_forUnitsInRect_RaceCorruptedAbilities	
A06V	1093678678	abilities	Legendary Unit	1425930	ForGroupCallback_forUnitsInRect_RaceCorruptedAbilities_callback_forUnitsInRect_RaceCorruptedAbilities	unit_getAbilityLevel
A0G4	1093682996	abilities	Sandstorm	1431624	BuildingSpellClosure_registerBuildingSpell_RaceDesertAbilities_cast_registerBuildingSpell_RaceDesertAbilities2	dummyCarrierWithAbilities
A0GC	1093683011	abilities	SandStorm	1431635	BuildingSpellClosure_registerBuildingSpell_RaceDesertAbilities_cast_registerBuildingSpell_RaceDesertAbilities2	dummyCarrierWithAbilities
A0GM	1093683021	abilities	Harpy Swarm	1433054	UnitSpellClosure_registerUnitSpellWithTargetOrder_RaceDesertAbilities_cast_registerUnitSpellWithTargetOrder_RaceDesertAbilities3	dummyCastImmediateFrom1
A08H	1093679176	abilities		1435139	ForGroupCallback_forUnitsInRange_RaceElementalAbilities_callback_forUnitsInRange_RaceElementalAbilities	unit_getAbilityLevel
h06B	1747990082	units	Wisp	1435184	ForGroupCallback_forUnitsInRange_RaceElementalAbilities_callback_forUnitsInRange_RaceElementalAbilities	
A0A8	1093681464	abilities	HEL: Sorceress (healing wave)	1447045	UnitSpellClosure_registerUnitSpellWithTargetOrder_RaceElvenAbilities_cast_registerUnitSpellWithTargetOrder_RaceElvenAbilities1	dummyCastTargetFrom
A00Y	1093677145	abilities	HEL: Wizard (Heal)	1447440	UnitSpellClosure_registerUnitSpellWithTargetOrder_RaceElvenAbilities_cast_registerUnitSpellWithTargetOrder_RaceElvenAbilities2	dummyCastTargetFrom
A00F	1093677126	abilities		1450787	CallbackSingle_doAfter_doAfter_RaceHumanAbilities_call_doAfter_doAfter_RaceHumanAbilities1	unit_getAbilityLevel
A00F	1093677126	abilities		1451218	CallbackSingle_doAfter_doAfter_doAfter_RaceHumanAbilities_call_doAfter_doAfter_doAfter_RaceHumanAbilities	unit_getAbilityLevel
A00F	1093677126	abilities		1451318	CallbackSingle_doAfter_doAfter_doAfter_RaceHumanAbilities_call_doAfter_doAfter_doAfter_RaceHumanAbilities	addProtectedAbility
A07I	1093678921	abilities		1451363	CallbackSingle_doAfter_doAfter_doAfter_RaceHumanAbilities_call_doAfter_doAfter_doAfter_RaceHumanAbilities	unit_removeAbility
A0EZ	1093682522	abilities		1451454	CallbackSingle_doAfter_doAfter_doAfter_RaceHumanAbilities_call_doAfter_doAfter_doAfter_RaceHumanAbilities	addProtectedAbility
A0I1	1093683505	abilities	Prayer: heal+mana	1454394	UnitSpellClosure_registerUnitSpellWithTargetOrder_RaceHumanAbilities_cast_registerUnitSpellWithTargetOrder_RaceHumanAbilities3	dummyCarrierWithAbilities1
A0I2	1093683506	abilities	Prayer: +dmg +armor	1454405	UnitSpellClosure_registerUnitSpellWithTargetOrder_RaceHumanAbilities_cast_registerUnitSpellWithTargetOrder_RaceHumanAbilities3	dummyCarrierWithAbilities1
A0I4	1093683508	abilities	Prayer: resurrection	1454416	UnitSpellClosure_registerUnitSpellWithTargetOrder_RaceHumanAbilities_cast_registerUnitSpellWithTargetOrder_RaceHumanAbilities3	dummyCarrierWithAbilities1
A09L	1093679436	abilities		1455604	ForGroupCallback_forUnitsInRect_RaceMechAbilities_callback_forUnitsInRect_RaceMechAbilities	unit_getAbilityLevel
A09E	1093679429	abilities		1456767	CallbackSingle_doAfter_RaceMechAbilities_call_doAfter_RaceMechAbilities2	dummyCarrierCastImmediate
A08H	1093679176	abilities		1457881	ForGroupCallback_forUnitsInRange_doAfter_RaceMechAbilities_callback_forUnitsInRange_doAfter_RaceMechAbilities	unit_getAbilityLevel
n025	1848652341	units	Landmine	1458162	CallbackSingle_doAfter_RaceMechAbilities_call_doAfter_RaceMechAbilities3	createUnit
h09Q	1747990865	units	GrenadeDummy	1459112	UnitSpellClosure_registerUnitSpellWithTargetOrder_RaceMechAbilities_cast_registerUnitSpellWithTargetOrder_RaceMechAbilities	createUnit
A02T	1093677652	abilities	NAG: Siren (Purge)	1466475	UnitSpellClosure_registerUnitSpellWithTargetOrder_RaceNagaAbilities_cast_registerUnitSpellWithTargetOrder_RaceNagaAbilities	dummyCastTargetFrom
Awha	1098344545	abilities		1467376	CallbackPeriodic_doPeriodically_RaceNatureAbilities_call_doPeriodically_RaceNatureAbilities	unit_removeAbility
A0BS	1093681747	abilities	NAT: Ancient of Wonders (dummy)	1467619	CallbackPeriodic_doPeriodically_RaceNatureAbilities_call_doPeriodically_RaceNatureAbilities	noteBuildingSpellEffectForE2e
A0AW	1093681495	abilities	NAT: Furbolg Shaman (rejuvenation)	1472817	UnitSpellClosure_registerUnitSpellWithTargetOrder_RaceNatureAbilities_cast_registerUnitSpellWithTargetOrder_RaceNatureAbilities	dummyCastTargetFrom1
A0AX	1093681496	abilities	NAT: Furbolg Elder Shaman (rejuvenation)	1473312	UnitSpellClosure_registerUnitSpellWithTargetOrder_RaceNatureAbilities_cast_registerUnitSpellWithTargetOrder_RaceNatureAbilities1	dummyCastTargetFrom1
A08H	1093679176	abilities		1478989	ForGroupCallback_forUnitsInRange_RaceNelfAbilities_callback_forUnitsInRange_RaceNelfAbilities	unit_getAbilityLevel
B00M	1110454349	buffs,destructables	Frozen | IWALL	1479083	ForGroupCallback_forUnitsInRange_RaceNelfAbilities_callback_forUnitsInRange_RaceNelfAbilities	unit_getAbilityLevel
A07A	1093678913	abilities		1481162	UnitSpellClosure_registerUnitSpellWithTargetOrder_RaceNelfAbilities_cast_registerUnitSpellWithTargetOrder_RaceNelfAbilities	dummyCastTargetFrom1
hcas	1751343475	units	Main Castle	1485950	ForGroupCallback_forUnitsInRect_RaceNorthernAbilities_callback_forUnitsInRect_RaceNorthernAbilities1	
h06M	1747990093	units	Main Castle	1485992	ForGroupCallback_forUnitsInRect_RaceNorthernAbilities_callback_forUnitsInRect_RaceNorthernAbilities1	
B01K	1110454603	buffs	Power Armor	1486034	ForGroupCallback_forUnitsInRect_RaceNorthernAbilities_callback_forUnitsInRect_RaceNorthernAbilities1	unit_getAbilityLevel
A08H	1093679176	abilities		1486686	ForGroupCallback_forUnitsInRange_RaceNorthernAbilities_callback_forUnitsInRange_RaceNorthernAbilities	unit_getAbilityLevel
h06B	1747990082	units	Wisp	1486731	ForGroupCallback_forUnitsInRange_RaceNorthernAbilities_callback_forUnitsInRange_RaceNorthernAbilities	
h08U	1747990613	units	FrostOrbDummy	1487334	CallbackSingle_doAfter_RaceNorthernAbilities_call_doAfter_RaceNorthernAbilities1	createUnit
A080	1093679152	abilities	World Freezer Phoenix Fire	1487412	CallbackSingle_doAfter_RaceNorthernAbilities_call_doAfter_RaceNorthernAbilities1	unit_removeAbility
A084	1093679156	abilities	World Freezer Phoenix Fire -na	1487455	CallbackSingle_doAfter_RaceNorthernAbilities_call_doAfter_RaceNorthernAbilities1	addProtectedAbility
A04I	1093678153	abilities		1487555	CallbackSingle_doAfter_RaceNorthernAbilities_call_doAfter_RaceNorthernAbilities1	noteBuildingSpellEffectForE2e
h04G	1747989575	units	FreezeDummy	1488825	BuildingSpellClosure_registerBuildingSpellWithEffect_RaceNorthernAbilities_cast_registerBuildingSpellWithEffect_RaceNorthernAbilities1	frostLauncherSpell
h04H	1747989576	units	AdvancedFreezeDummy	1489102	BuildingSpellClosure_registerBuildingSpellWithEffect_RaceNorthernAbilities_cast_registerBuildingSpellWithEffect_RaceNorthernAbilities2	frostLauncherSpell
A05D	1093678404	abilities		1490036	UnitSpellClosure_registerUnitSpellWithTargetOrder_RaceNorthernAbilities_cast_registerUnitSpellWithTargetOrder_RaceNorthernAbilities	dummyCastImmediateFrom
A05B	1093678402	abilities		1490351	UnitSpellClosure_registerUnitSpellWithTargetOrder_RaceNorthernAbilities_cast_registerUnitSpellWithTargetOrder_RaceNorthernAbilities1	dummyCastImmediateFrom
A043	1093678131	abilities	NOR: Ice Queen (frost nova)	1490685	UnitSpellClosure_registerUnitSpellWithTargetOrder_RaceNorthernAbilities_cast_registerUnitSpellWithTargetOrder_RaceNorthernAbilities2	dummyCastTargetFrom
Ast9	1098085433	abilities		1493715	BuildingSpellClosure_registerBuildingSpell_RaceOrcAbilities_cast_registerBuildingSpell_RaceOrcAbilities1	dummyCastPointFrom
AstB	1098085442	abilities		1494101	BuildingSpellClosure_registerBuildingSpell_RaceOrcAbilities_cast_registerBuildingSpell_RaceOrcAbilities2	dummyCarrierWithAbility
AstC	1098085443	abilities		1494474	BuildingSpellClosure_registerBuildingSpell_RaceOrcAbilities_cast_registerBuildingSpell_RaceOrcAbilities3	dummyCarrierWithAbility
A06H	1093678664	abilities		1495091	UnitSpellClosure_registerUnitSpellWithTargetOrder_RaceOrcAbilities_cast_registerUnitSpellWithTargetOrder_RaceOrcAbilities	dummyCastTargetFrom
n00C	1848651843	units	Skeletal Hero	1496588	BuildingSpellClosure_registerBuildingSpell_RaceUndeadAbilities_cast_registerBuildingSpell_RaceUndeadAbilities	raiseFromCorpse
u002	1966092338	units	Skeleton Warrior	1496599	BuildingSpellClosure_registerBuildingSpell_RaceUndeadAbilities_cast_registerBuildingSpell_RaceUndeadAbilities	raiseFromCorpse
n00D	1848651844	units	Skeleton Archer	1496610	BuildingSpellClosure_registerBuildingSpell_RaceUndeadAbilities_cast_registerBuildingSpell_RaceUndeadAbilities	raiseFromCorpse
u00A	1966092353	units	Skeletal Mage	1496621	BuildingSpellClosure_registerBuildingSpell_RaceUndeadAbilities_cast_registerBuildingSpell_RaceUndeadAbilities	raiseFromCorpse
n01M	1848652109	units	Skeletal General	1496893	BuildingSpellClosure_registerBuildingSpell_RaceUndeadAbilities_cast_registerBuildingSpell_RaceUndeadAbilities1	raiseFromCorpse
u00B	1966092354	units	Greater Skeleton Warrior	1496904	BuildingSpellClosure_registerBuildingSpell_RaceUndeadAbilities_cast_registerBuildingSpell_RaceUndeadAbilities1	raiseFromCorpse
n01L	1848652108	units	Greater Skeleton Archer	1496915	BuildingSpellClosure_registerBuildingSpell_RaceUndeadAbilities_cast_registerBuildingSpell_RaceUndeadAbilities1	raiseFromCorpse
u003	1966092339	units	Greater Skeletal Mage	1496926	BuildingSpellClosure_registerBuildingSpell_RaceUndeadAbilities_cast_registerBuildingSpell_RaceUndeadAbilities1	raiseFromCorpse
h03A	1747989313	units	Defender	1504022	CallbackSingle_doAfter_ReengageRuntime_call_doAfter_ReengageRuntime	
h04X	1747989592	units	RescueDummy	1507182	OnPointCast_onPointCast_RescueStrikeRuntime_fireEx_onPointCast_RescueStrikeRuntime	createUnit
A005	1093677109	abilities	Rescue Strike	1507277	OnPointCast_onPointCast_RescueStrikeRuntime_fireEx_onPointCast_RescueStrikeRuntime	unit_removeAbility
A06E	1093678661	abilities	Rescue Strike Effect	1507311	OnPointCast_onPointCast_RescueStrikeRuntime_fireEx_onPointCast_RescueStrikeRuntime	unit_removeAbility
e008	1697656888	units	dummy	1508211	OnPointCast_onPointCast_RescueStrikeRuntime_fireEx_onPointCast_RescueStrikeRuntime1	createUnit
A02G	1093677639	abilities	Scroll Heal	1508263	OnPointCast_onPointCast_RescueStrikeRuntime_fireEx_onPointCast_RescueStrikeRuntime1	addProtectedAbility
e008	1697656888	units	dummy	1508781	OnPointCast_onPointCast_RescueStrikeRuntime_fireEx_onPointCast_RescueStrikeRuntime2	createUnit
A0HB	1093683266	abilities	Scroll of Speed	1508833	OnPointCast_onPointCast_RescueStrikeRuntime_fireEx_onPointCast_RescueStrikeRuntime2	addProtectedAbility
A08H	1093679176	abilities		1564632	ForGroupCallback_forUnitsInRect_SpellHelpers_callback_forUnitsInRect_SpellHelpers	unit_getAbilityLevel
h06B	1747990082	units	Wisp	1564677	ForGroupCallback_forUnitsInRect_SpellHelpers_callback_forUnitsInRect_SpellHelpers	
A08H	1093679176	abilities		1565094	ForGroupCallback_forUnitsInRect_SpellHelpers_callback_forUnitsInRect_SpellHelpers1	unit_getAbilityLevel
h07X	1747990360	units	Stasis Totem	1567930	CallbackSingle_doAfter_StasisTrap_call_doAfter_StasisTrap	__wurst_safe_SetPlayerTechMaxAllowed
h07Y	1747990361	units	Healing Totem	1567988	CallbackSingle_doAfter_StasisTrap_call_doAfter_StasisTrap	__wurst_safe_SetPlayerTechMaxAllowed
h07Z	1747990362	units	Endurance Totem	1568046	CallbackSingle_doAfter_StasisTrap_call_doAfter_StasisTrap	__wurst_safe_SetPlayerTechMaxAllowed
n02S	1848652371	units	Gnoll	1643405	DamageListener_addListener_doAfter_ThunderpawSpire_onEvent_addListener_doAfter_ThunderpawSpire	
n02T	1848652372	units	Fire Gnoll	1643440	DamageListener_addListener_doAfter_ThunderpawSpire_onEvent_addListener_doAfter_ThunderpawSpire	
A07M	1093678925	abilities		1644580	DamageListener_addListener_doAfter_ThunderpawSpire_onEvent_addListener_doAfter_ThunderpawSpire	unit_hasAbility
n03I	1848652617	units	Echofoot Mystic	1644824	DamageListener_addListener_doAfter_ThunderpawSpire_onEvent_addListener_doAfter_ThunderpawSpire	
A0H4	1093683252	abilities	Echo Blink	1644937	DamageListener_addListener_doAfter_ThunderpawSpire_onEvent_addListener_doAfter_ThunderpawSpire	__wurst_safe_BlzGetUnitAbilityCooldownRemaining
n03R	1848652626	units	Echo Remnant	1645416	DamageListener_addListener_doAfter_ThunderpawSpire_onEvent_addListener_doAfter_ThunderpawSpire	createUnit
A0H4	1093683252	abilities	Echo Blink	1646138	DamageListener_addListener_doAfter_ThunderpawSpire_onEvent_addListener_doAfter_ThunderpawSpire	__wurst_safe_BlzStartUnitAbilityCooldown
u00G	1966092359	units	Locust Harpy	1646520	DamageListener_addListener_doAfter_ThunderpawSpire_onEvent_addListener_doAfter_ThunderpawSpire	
h07V	1747990358	units	Celestial Chi Tower	1646686	DamageListener_addListener_doAfter_ThunderpawSpire_onEvent_addListener_doAfter_ThunderpawSpire	
n02G	1848652359	units	Forest Troll Trapper	1651048	DamageListener_addListener_TrollBlood_onEvent_addListener_TrollBlood	
A0DP	1093682256	abilities		1676623	BC	
A0DQ	1093682257	abilities		1676711	BC	
A0DR	1093682258	abilities		1676799	BC	
X089	1479555129	units	Night Elf Builder	1687216	Dd	
X06P	1479554640	units	Mechanical Builder	1687259	Dd	
X075	1479554869	units	Ultimate Builder	1687303	Dd	
ncp2	1852010546	units		1689119	setupDominationMode	__wurst_safe_CreateUnit
ncp2	1852010546	units		1689204	setupDominationMode	__wurst_safe_CreateUnit
A08H	1093679176	abilities		1694747	isNotTentacle	__wurst_safe_GetUnitAbilityLevel
A09L	1093679436	abilities		1697406	hasShield	__wurst_safe_GetUnitAbilityLevel
n01T	1848652116	units	Goblin Shredder	1697484	hasShield	
A070	1093678896	abilities	Leg-anti-hex	1697619	hasShield	__wurst_safe_GetUnitAbilityLevel
A0BG	1093681735	abilities		1699101	EC	__wurst_safe_GetUnitAbilityLevel
A005	1093677109	abilities	Rescue Strike	1699319	applyProtectedAbilityFieldsForJassAdd	
A010	1093677360	abilities		1699493	applyProtectedAbilityFieldsForJassAdd	
A086	1093679158	abilities		1699592	applyProtectedAbilityFieldsForJassAdd	
A09T	1093679444	abilities		1699765	applyProtectedAbilityFieldsForJassAdd	
A0B5	1093681717	abilities		1699938	applyProtectedAbilityFieldsForJassAdd	
A0B6	1093681718	abilities		1700040	applyProtectedAbilityFieldsForJassAdd	
A0B7	1093681719	abilities	NAT: Bear (feral rage)	1700142	applyProtectedAbilityFieldsForJassAdd	
A0B8	1093681720	abilities	NAT: Ancient Bear (feral rage)	1700316	applyProtectedAbilityFieldsForJassAdd	
A0DA	1093682241	abilities	ELE: Elemental Guard Tower (Shield of Mist)	1700490	applyProtectedAbilityFieldsForJassAdd	
A0DC	1093682243	abilities	ELE: Elemental Guard Tower (Boulder)	1700664	applyProtectedAbilityFieldsForJassAdd	
I000	1227894832	items	Gold	1704288	createCoins	CreateItem
I000	1227894832	items	Gold	1704634	createCoins	CreateItem
h008	1747988536	units	Treasure Box	1706048	JC	buildingTypeIndex
h06B	1747990082	units	Wisp	1707641	MC	__wurst_safe_CreateUnit
B001	1110454321	buffs,destructables	Rot	1708424	TA	
B000	1110454320	buffs,destructables	Holy Power	1708444	TA	
A0DP	1093682256	abilities		1709167	vN	safeUnitAddAbility
A0DQ	1093682257	abilities		1709201	vN	safeUnitAddAbility
A0DR	1093682258	abilities		1709235	vN	safeUnitAddAbility
A0DP	1093682256	abilities		1709912	aN	__wurst_safe_SetPlayerAbilityAvailable
A0DQ	1093682257	abilities		1709976	aN	__wurst_safe_SetPlayerAbilityAvailable
B001	1110454321	buffs,destructables	Rot	1714361	KN	
B000	1110454320	buffs,destructables	Holy Power	1714381	KN	
n01Z	1848652122	units	Assassin	1715901	YN	
n020	1848652336	units	Royal Assassin	1715955	YN	
n01Z	1848652122	units	Assassin	1716962	zN	
n020	1848652336	units	Royal Assassin	1717016	zN	
e008	1697656888	units	dummy	1717851	PC	__wurst_safe_CreateUnit
A0DA	1093682241	abilities	ELE: Elemental Guard Tower (Shield of Mist)	1717894	PC	safeUnitAddAbility
B012	1110454578	buffs	Stealth	1718427	QC	__wurst_safe_GetUnitAbilityLevel
A09L	1093679436	abilities		1720479	nd	__wurst_safe_GetUnitAbilityLevel
A09L	1093679436	abilities		1720540	nd	__wurst_safe_UnitRemoveAbility
A09L	1093679436	abilities		1720591	nd	__wurst_safe_UnitRemoveAbility
A09L	1093679436	abilities		1720798	Vd	__wurst_safe_GetUnitAbilityLevel
A09L	1093679436	abilities		1720900	Vd	__wurst_safe_SetUnitAbilityLevel
A09L	1093679436	abilities		1721054	Vd	__wurst_safe_UnitRemoveAbility
A09C	1093679427	abilities		1721262	Ed	__wurst_safe_GetUnitAbilityLevel
A09C	1093679427	abilities		1721339	Ed	__wurst_safe_SetUnitAbilityLevel
A09B	1093679426	abilities		1721391	Ed	__wurst_safe_SetUnitAbilityLevel
A00J	1093677130	abilities		1721443	Ed	__wurst_safe_SetUnitAbilityLevel
A09L	1093679436	abilities		1721639	Od	__wurst_safe_GetUnitAbilityLevel
h06B	1747990082	units	Wisp	1722304	UC	
h00L	1747988556	units	Flower of life	1729004	XC	__wurst_safe_CreateUnit
h00L	1747988556	units	Flower of life	1729290	XC	__wurst_safe_CreateUnit
X075	1479554869	units	Ultimate Builder	1731378	aD	
nfbr	1852203634	units		1732905	bD	
X075	1479554869	units	Ultimate Builder	1732997	bD	
h02D	1747989060	units	Ancient of Wonders	1736920	iD	
h00G	1747988551	units	Coral Statue	1737759	iD	
A0HY	1093683289	abilities	Coral Armor Aura	1737798	iD	safeUnitAddAbility
A007	1093677111	abilities		1737832	iD	safeUnitAddAbility
h061	1747990065	units	Elemental Guard Tower	1737855	iD	
A03Q	1093677905	abilities		1737894	iD	safeUnitAddAbility
A0EV	1093682518	abilities	ELE: Boulder	1737928	iD	safeUnitAddAbility
h056	1747989814	units	Skull Shrine	1737960	iD	
h03L	1747989324	units	Greater Frost Launcher	1737979	iD	
h01W	1747988823	units	Eraser (Level 2)	1737999	iD	
h01X	1747988824	units	Eraser (Level 3)	1738019	iD	
h05R	1747989842	units	Red Shield Generator	1738039	iD	
h06F	1747990086	units	Elemental Rain	1738059	iD	
h06E	1747990085	units	Meteor Shower	1738079	iD	
h07X	1747990360	units	Stasis Totem	1738099	iD	
h07Y	1747990361	units	Healing Totem	1738119	iD	
h07Z	1747990362	units	Endurance Totem	1738139	iD	
h01O	1747988815	units	Turret of Souls	1739258	iD	
A01V	1093677398	abilities		1739297	iD	safeUnitAddAbility
A0A5	1093681461	abilities	Issue buy order	1752835	main	
A0A5	1093681461	abilities	Issue buy order	1752922	main	
A005	1093677109	abilities	Rescue Strike	1753009	main	
A005	1093677109	abilities	Rescue Strike	1753096	main	
I006	1227894838	items	Orb of Lightning	2005889	itemTypeHasProtectedAbilityFields	
A001	1093677105	abilities		2010269	xD	AbilityLevelFields_AbilityLevelFields_cd
A001	1093677105	abilities		2010424	xD	AbilityLevelFields_AbilityLevelFields_mana
A004	1093677108	abilities	NAT: Dryad (natures touch)	2010574	xD	AbilityLevelFields_AbilityLevelFields_cd
A004	1093677108	abilities	NAT: Dryad (natures touch)	2010729	xD	AbilityLevelFields_AbilityLevelFields_mana
A005	1093677109	abilities	Rescue Strike	2010881	xD	AbilityLevelFields_AbilityLevelFields_cd
A005	1093677109	abilities	Rescue Strike	2011037	xD	AbilityLevelFields_AbilityLevelFields_mana
A00B	1093677122	abilities		2011188	xD	AbilityLevelFields_AbilityLevelFields_cd
A00B	1093677122	abilities		2011343	xD	AbilityLevelFields_AbilityLevelFields_mana
A00G	1093677127	abilities		2011494	xD	AbilityLevelFields_AbilityLevelFields_cd
A00G	1093677127	abilities		2011649	xD	AbilityLevelFields_AbilityLevelFields_mana
A00H	1093677128	abilities	TriggerAttack	2011800	xD	AbilityLevelFields_AbilityLevelFields_cd
A00H	1093677128	abilities	TriggerAttack	2011955	xD	AbilityLevelFields_AbilityLevelFields_mana
A00I	1093677129	abilities		2012106	xD	AbilityLevelFields_AbilityLevelFields_cd
A00I	1093677129	abilities		2012261	xD	AbilityLevelFields_AbilityLevelFields_mana
A00K	1093677131	abilities		2012412	xD	AbilityLevelFields_AbilityLevelFields_cd
A00K	1093677131	abilities		2012568	xD	AbilityLevelFields_AbilityLevelFields_mana
A00L	1093677132	abilities		2012720	xD	AbilityLevelFields_AbilityLevelFields_cd
A00L	1093677132	abilities		2012874	xD	AbilityLevelFields_AbilityLevelFields_mana
A00M	1093677133	abilities		2013025	xD	AbilityLevelFields_AbilityLevelFields_cd
A00M	1093677133	abilities		2013180	xD	AbilityLevelFields_AbilityLevelFields_mana
A00N	1093677134	abilities		2013334	xD	AbilityLevelFields_AbilityLevelFields_mana
A00O	1093677135	abilities	NAG: Oracle	2013485	xD	AbilityLevelFields_AbilityLevelFields_cd
A00O	1093677135	abilities	NAG: Oracle	2013640	xD	AbilityLevelFields_AbilityLevelFields_mana
A00P	1093677136	abilities		2013792	xD	AbilityLevelFields_AbilityLevelFields_cd
A00P	1093677136	abilities		2013947	xD	AbilityLevelFields_AbilityLevelFields_mana
A00W	1093677143	abilities		2014098	xD	AbilityLevelFields_AbilityLevelFields_cd
A00W	1093677143	abilities		2014253	xD	AbilityLevelFields_AbilityLevelFields_mana
A00X	1093677144	abilities	HEL: Wizard (Heal (dummy))	2014405	xD	AbilityLevelFields_AbilityLevelFields_cd
A00X	1093677144	abilities	HEL: Wizard (Heal (dummy))	2014561	xD	AbilityLevelFields_AbilityLevelFields_mana
A00Y	1093677145	abilities	HEL: Wizard (Heal)	2014713	xD	AbilityLevelFields_AbilityLevelFields_cd
A00Y	1093677145	abilities	HEL: Wizard (Heal)	2014868	xD	AbilityLevelFields_AbilityLevelFields_mana
A015	1093677365	abilities		2015019	xD	AbilityLevelFields_AbilityLevelFields_cd
A016	1093677366	abilities	Gjall Horn Buff	2015172	xD	AbilityLevelFields_AbilityLevelFields_cd
A016	1093677366	abilities	Gjall Horn Buff	2015327	xD	AbilityLevelFields_AbilityLevelFields_mana
A017	1093677367	abilities		2015478	xD	AbilityLevelFields_AbilityLevelFields_cd
A017	1093677367	abilities		2015633	xD	AbilityLevelFields_AbilityLevelFields_mana
A018	1093677368	abilities		2015785	xD	AbilityLevelFields_AbilityLevelFields_cd
A018	1093677368	abilities		2015940	xD	AbilityLevelFields_AbilityLevelFields_mana
A01D	1093677380	abilities		2016091	xD	AbilityLevelFields_AbilityLevelFields_cd
A01D	1093677380	abilities		2016246	xD	AbilityLevelFields_AbilityLevelFields_mana
A01E	1093677381	abilities		2016397	xD	AbilityLevelFields_AbilityLevelFields_cd
A01E	1093677381	abilities		2016552	xD	AbilityLevelFields_AbilityLevelFields_mana
A01G	1093677383	abilities		2016704	xD	AbilityLevelFields_AbilityLevelFields_cd
A01G	1093677383	abilities		2016859	xD	AbilityLevelFields_AbilityLevelFields_mana
A01H	1093677384	abilities		2017011	xD	AbilityLevelFields_AbilityLevelFields_cd
A01H	1093677384	abilities		2017165	xD	AbilityLevelFields_AbilityLevelFields_mana
A01I	1093677385	abilities		2017316	xD	AbilityLevelFields_AbilityLevelFields_cd
A01I	1093677385	abilities		2017470	xD	AbilityLevelFields_AbilityLevelFields_mana
A01J	1093677386	abilities		2017621	xD	AbilityLevelFields_AbilityLevelFields_cd
A01J	1093677386	abilities		2017776	xD	AbilityLevelFields_AbilityLevelFields_mana
A01K	1093677387	abilities		2017928	xD	AbilityLevelFields_AbilityLevelFields_cd
A01K	1093677387	abilities		2018082	xD	AbilityLevelFields_AbilityLevelFields_mana
A01M	1093677389	abilities		2018232	xD	AbilityLevelFields_AbilityLevelFields_cd
A01M	1093677389	abilities		2018388	xD	AbilityLevelFields_AbilityLevelFields_mana
A01Q	1093677393	abilities		2018540	xD	AbilityLevelFields_AbilityLevelFields_cd
A01Q	1093677393	abilities		2018695	xD	AbilityLevelFields_AbilityLevelFields_mana
A01W	1093677399	abilities		2018847	xD	AbilityLevelFields_AbilityLevelFields_cd
A01W	1093677399	abilities		2019002	xD	AbilityLevelFields_AbilityLevelFields_mana
A01X	1093677400	abilities		2019154	xD	AbilityLevelFields_AbilityLevelFields_cd
A01X	1093677400	abilities		2019309	xD	AbilityLevelFields_AbilityLevelFields_mana
A01Y	1093677401	abilities		2019460	xD	AbilityLevelFields_AbilityLevelFields_cd
A01Z	1093677402	abilities	NAG Winged Snake: Dispel	2019616	xD	AbilityLevelFields_AbilityLevelFields_mana
A02G	1093677639	abilities	Scroll Heal	2019768	xD	AbilityLevelFields_AbilityLevelFields_cd
A02H	1093677640	abilities		2019922	xD	AbilityLevelFields_AbilityLevelFields_cd
A02I	1093677641	abilities		2020076	xD	AbilityLevelFields_AbilityLevelFields_cd
A02M	1093677645	abilities		2020229	xD	AbilityLevelFields_AbilityLevelFields_cd
A02S	1093677651	abilities		2020382	xD	AbilityLevelFields_AbilityLevelFields_cd
A02S	1093677651	abilities		2020538	xD	AbilityLevelFields_AbilityLevelFields_mana
A02T	1093677652	abilities	NAG: Siren (Purge)	2020690	xD	AbilityLevelFields_AbilityLevelFields_cd
A02T	1093677652	abilities	NAG: Siren (Purge)	2020845	xD	AbilityLevelFields_AbilityLevelFields_mana
A02U	1093677653	abilities	NAG: Siren (Purge (cd))	2020996	xD	AbilityLevelFields_AbilityLevelFields_cd
A02Z	1093677658	abilities	ORC: Serpent Rock	2021150	xD	AbilityLevelFields_AbilityLevelFields_cd
A02Z	1093677658	abilities	ORC: Serpent Rock	2021305	xD	AbilityLevelFields_AbilityLevelFields_mana
A030	1093677872	abilities	ORC: Serpent Rock	2021457	xD	AbilityLevelFields_AbilityLevelFields_cd
A030	1093677872	abilities	ORC: Serpent Rock	2021611	xD	AbilityLevelFields_AbilityLevelFields_mana
A031	1093677873	abilities		2021762	xD	AbilityLevelFields_AbilityLevelFields_cd
A031	1093677873	abilities		2021917	xD	AbilityLevelFields_AbilityLevelFields_mana
A032	1093677874	abilities		2022068	xD	AbilityLevelFields_AbilityLevelFields_cd
A032	1093677874	abilities		2022223	xD	AbilityLevelFields_AbilityLevelFields_mana
A033	1093677875	abilities	UND: Death Pit	2022375	xD	AbilityLevelFields_AbilityLevelFields_cd
A033	1093677875	abilities	UND: Death Pit	2022530	xD	AbilityLevelFields_AbilityLevelFields_mana
A039	1093677881	abilities	ORC: Ceremonial Totem	2022682	xD	AbilityLevelFields_AbilityLevelFields_cd
A039	1093677881	abilities	ORC: Ceremonial Totem	2022837	xD	AbilityLevelFields_AbilityLevelFields_mana
A03H	1093677896	abilities		2022989	xD	AbilityLevelFields_AbilityLevelFields_cd
A03H	1093677896	abilities		2023145	xD	AbilityLevelFields_AbilityLevelFields_mana
A03I	1093677897	abilities	HUM: Inner Fire (paladin)	2023297	xD	AbilityLevelFields_AbilityLevelFields_cd
A03I	1093677897	abilities	HUM: Inner Fire (paladin)	2023452	xD	AbilityLevelFields_AbilityLevelFields_mana
A03K	1093677899	abilities	HUM: Crusader/Paladin Heal	2023603	xD	AbilityLevelFields_AbilityLevelFields_cd
A03K	1093677899	abilities	HUM: Crusader/Paladin Heal	2023758	xD	AbilityLevelFields_AbilityLevelFields_mana
A03M	1093677901	abilities	HUM: Crusader (inner fire)	2023910	xD	AbilityLevelFields_AbilityLevelFields_cd
A03M	1093677901	abilities	HUM: Crusader (inner fire)	2024065	xD	AbilityLevelFields_AbilityLevelFields_mana
A03N	1093677902	abilities		2024216	xD	AbilityLevelFields_AbilityLevelFields_cd
A03O	1093677903	abilities		2024369	xD	AbilityLevelFields_AbilityLevelFields_cd
A03R	1093677906	abilities		2024524	xD	AbilityLevelFields_AbilityLevelFields_mana
A03S	1093677907	abilities		2024674	xD	AbilityLevelFields_AbilityLevelFields_cd
A03S	1093677907	abilities		2024830	xD	AbilityLevelFields_AbilityLevelFields_mana
A03W	1093677911	abilities		2024981	xD	AbilityLevelFields_AbilityLevelFields_cd
A03W	1093677911	abilities		2025136	xD	AbilityLevelFields_AbilityLevelFields_mana
A03Z	1093677914	abilities		2025287	xD	AbilityLevelFields_AbilityLevelFields_cd
A03Z	1093677914	abilities		2025442	xD	AbilityLevelFields_AbilityLevelFields_mana
A040	1093678128	abilities		2025594	xD	AbilityLevelFields_AbilityLevelFields_cd
A040	1093678128	abilities		2025749	xD	AbilityLevelFields_AbilityLevelFields_mana
A043	1093678131	abilities	NOR: Ice Queen (frost nova)	2025901	xD	AbilityLevelFields_AbilityLevelFields_cd
A043	1093678131	abilities	NOR: Ice Queen (frost nova)	2026056	xD	AbilityLevelFields_AbilityLevelFields_mana
A044	1093678132	abilities		2026207	xD	AbilityLevelFields_AbilityLevelFields_cd
A044	1093678132	abilities		2026363	xD	AbilityLevelFields_AbilityLevelFields_mana
A045	1093678133	abilities		2026515	xD	AbilityLevelFields_AbilityLevelFields_cd
A045	1093678133	abilities		2026670	xD	AbilityLevelFields_AbilityLevelFields_mana
A047	1093678135	abilities		2026821	xD	AbilityLevelFields_AbilityLevelFields_cd
A047	1093678135	abilities		2026976	xD	AbilityLevelFields_AbilityLevelFields_mana
A04G	1093678151	abilities		2027127	xD	AbilityLevelFields_AbilityLevelFields_cd
A04G	1093678151	abilities		2027281	xD	AbilityLevelFields_AbilityLevelFields_mana
A04H	1093678152	abilities		2027432	xD	AbilityLevelFields_AbilityLevelFields_cd
A04H	1093678152	abilities		2027587	xD	AbilityLevelFields_AbilityLevelFields_mana
A04I	1093678153	abilities		2027738	xD	AbilityLevelFields_AbilityLevelFields_cd
A04I	1093678153	abilities		2027893	xD	AbilityLevelFields_AbilityLevelFields_mana
A04J	1093678154	abilities		2028045	xD	AbilityLevelFields_AbilityLevelFields_cd
A04J	1093678154	abilities		2028200	xD	AbilityLevelFields_AbilityLevelFields_mana
A04L	1093678156	abilities		2028352	xD	AbilityLevelFields_AbilityLevelFields_cd
A04L	1093678156	abilities		2028507	xD	AbilityLevelFields_AbilityLevelFields_mana
A04M	1093678157	abilities		2028659	xD	AbilityLevelFields_AbilityLevelFields_cd
A04O	1093678159	abilities		2028812	xD	AbilityLevelFields_AbilityLevelFields_cd
A04O	1093678159	abilities		2028966	xD	AbilityLevelFields_AbilityLevelFields_mana
A04Q	1093678161	abilities		2029117	xD	AbilityLevelFields_AbilityLevelFields_cd
A04Q	1093678161	abilities		2029272	xD	AbilityLevelFields_AbilityLevelFields_mana
A04R	1093678162	abilities		2029423	xD	AbilityLevelFields_AbilityLevelFields_cd
A04U	1093678165	abilities		2029575	xD	AbilityLevelFields_AbilityLevelFields_cd
A04U	1093678165	abilities		2029730	xD	AbilityLevelFields_AbilityLevelFields_mana
A04X	1093678168	abilities		2029882	xD	AbilityLevelFields_AbilityLevelFields_cd
A04X	1093678168	abilities		2030038	xD	AbilityLevelFields_AbilityLevelFields_mana
A04Z	1093678170	abilities		2030191	xD	AbilityLevelFields_AbilityLevelFields_mana
A055	1093678389	abilities		2030343	xD	AbilityLevelFields_AbilityLevelFields_cd
A055	1093678389	abilities		2030498	xD	AbilityLevelFields_AbilityLevelFields_mana
A057	1093678391	abilities	COR: Well Of Pain	2030648	xD	AbilityLevelFields_AbilityLevelFields_cd
A057	1093678391	abilities	COR: Well Of Pain	2030803	xD	AbilityLevelFields_AbilityLevelFields_mana
A05B	1093678402	abilities		2030953	xD	AbilityLevelFields_AbilityLevelFields_cd
A05B	1093678402	abilities		2031108	xD	AbilityLevelFields_AbilityLevelFields_mana
A05C	1093678403	abilities		2031258	xD	AbilityLevelFields_AbilityLevelFields_cd
A05C	1093678403	abilities		2031413	xD	AbilityLevelFields_AbilityLevelFields_mana
A05D	1093678404	abilities		2031565	xD	AbilityLevelFields_AbilityLevelFields_cd
A05D	1093678404	abilities		2031719	xD	AbilityLevelFields_AbilityLevelFields_mana
A05E	1093678405	abilities		2031870	xD	AbilityLevelFields_AbilityLevelFields_cd
A05E	1093678405	abilities		2032026	xD	AbilityLevelFields_AbilityLevelFields_mana
A05H	1093678408	abilities		2032177	xD	AbilityLevelFields_AbilityLevelFields_cd
A05H	1093678408	abilities		2032332	xD	AbilityLevelFields_AbilityLevelFields_mana
A05L	1093678412	abilities		2032483	xD	AbilityLevelFields_AbilityLevelFields_cd
A05M	1093678413	abilities		2032637	xD	AbilityLevelFields_AbilityLevelFields_cd
A05M	1093678413	abilities		2032792	xD	AbilityLevelFields_AbilityLevelFields_mana
A05U	1093678421	abilities		2032943	xD	AbilityLevelFields_AbilityLevelFields_cd
A05U	1093678421	abilities		2033098	xD	AbilityLevelFields_AbilityLevelFields_mana
A05X	1093678424	abilities		2033250	xD	AbilityLevelFields_AbilityLevelFields_cd
A05X	1093678424	abilities		2033405	xD	AbilityLevelFields_AbilityLevelFields_mana
A069	1093678649	abilities		2033558	xD	AbilityLevelFields_AbilityLevelFields_mana
A06H	1093678664	abilities		2033710	xD	AbilityLevelFields_AbilityLevelFields_cd
A06I	1093678665	abilities		2033863	xD	AbilityLevelFields_AbilityLevelFields_cd
A06I	1093678665	abilities		2034017	xD	AbilityLevelFields_AbilityLevelFields_mana
A06P	1093678672	abilities	NOR: Chilling Mushroom	2034168	xD	AbilityLevelFields_AbilityLevelFields_cd
A06P	1093678672	abilities	NOR: Chilling Mushroom	2034323	xD	AbilityLevelFields_AbilityLevelFields_mana
A06Q	1093678673	abilities		2034474	xD	AbilityLevelFields_AbilityLevelFields_cd
A06R	1093678674	abilities		2034627	xD	AbilityLevelFields_AbilityLevelFields_cd
A06R	1093678674	abilities		2034782	xD	AbilityLevelFields_AbilityLevelFields_mana
A06S	1093678675	abilities		2034934	xD	AbilityLevelFields_AbilityLevelFields_cd
A06S	1093678675	abilities		2035089	xD	AbilityLevelFields_AbilityLevelFields_mana
A06Z	1093678682	abilities		2035240	xD	AbilityLevelFields_AbilityLevelFields_cd
A077	1093678903	abilities		2035394	xD	AbilityLevelFields_AbilityLevelFields_cd
A077	1093678903	abilities		2035549	xD	AbilityLevelFields_AbilityLevelFields_mana
A078	1093678904	abilities		2035701	xD	AbilityLevelFields_AbilityLevelFields_cd
A078	1093678904	abilities		2035856	xD	AbilityLevelFields_AbilityLevelFields_mana
A07A	1093678913	abilities		2036008	xD	AbilityLevelFields_AbilityLevelFields_cd
A07A	1093678913	abilities		2036163	xD	AbilityLevelFields_AbilityLevelFields_mana
A07P	1093678928	abilities		2036314	xD	AbilityLevelFields_AbilityLevelFields_cd
A07P	1093678928	abilities		2036470	xD	AbilityLevelFields_AbilityLevelFields_mana
A07Q	1093678929	abilities		2036622	xD	AbilityLevelFields_AbilityLevelFields_cd
A07Q	1093678929	abilities		2036777	xD	AbilityLevelFields_AbilityLevelFields_mana
A07R	1093678930	abilities		2036928	xD	AbilityLevelFields_AbilityLevelFields_cd
A07R	1093678930	abilities		2037084	xD	AbilityLevelFields_AbilityLevelFields_mana
A07T	1093678932	abilities	NEL: Starfall	2037238	xD	AbilityLevelFields_AbilityLevelFields_mana
A07U	1093678933	abilities		2037389	xD	AbilityLevelFields_AbilityLevelFields_cd
A07U	1093678933	abilities		2037544	xD	AbilityLevelFields_AbilityLevelFields_mana
A07X	1093678936	abilities	Killzor	2037696	xD	AbilityLevelFields_AbilityLevelFields_cd
A07X	1093678936	abilities	Killzor	2037851	xD	AbilityLevelFields_AbilityLevelFields_mana
A082	1093679154	abilities		2038002	xD	AbilityLevelFields_AbilityLevelFields_cd
A082	1093679154	abilities		2038157	xD	AbilityLevelFields_AbilityLevelFields_mana
A083	1093679155	abilities		2038308	xD	AbilityLevelFields_AbilityLevelFields_cd
A083	1093679155	abilities		2038463	xD	AbilityLevelFields_AbilityLevelFields_mana
A085	1093679157	abilities		2038614	xD	AbilityLevelFields_AbilityLevelFields_cd
A085	1093679157	abilities		2038770	xD	AbilityLevelFields_AbilityLevelFields_mana
A086	1093679158	abilities		2038923	xD	AbilityLevelFields_AbilityLevelFields_cd
A086	1093679158	abilities		2039078	xD	AbilityLevelFields_AbilityLevelFields_mana
A08B	1093679170	abilities		2039229	xD	AbilityLevelFields_AbilityLevelFields_cd
A08B	1093679170	abilities		2039384	xD	AbilityLevelFields_AbilityLevelFields_mana
A08E	1093679173	abilities	NEL: Obelisk of Wilderness	2039536	xD	AbilityLevelFields_AbilityLevelFields_cd
A08E	1093679173	abilities	NEL: Obelisk of Wilderness	2039690	xD	AbilityLevelFields_AbilityLevelFields_mana
A08Q	1093679185	abilities	Damage 200	2039840	xD	AbilityLevelFields_AbilityLevelFields_cd
A08Q	1093679185	abilities	Damage 200	2039995	xD	AbilityLevelFields_AbilityLevelFields_mana
A08S	1093679187	abilities		2040146	xD	AbilityLevelFields_AbilityLevelFields_cd
A08S	1093679187	abilities		2040301	xD	AbilityLevelFields_AbilityLevelFields_mana
A08T	1093679188	abilities	NEL: Starfall (-na)	2040453	xD	AbilityLevelFields_AbilityLevelFields_mana
A08U	1093679189	abilities	HEL: Dragonhawk (SolarStrike)	2040605	xD	AbilityLevelFields_AbilityLevelFields_cd
A08U	1093679189	abilities	HEL: Dragonhawk (SolarStrike)	2040760	xD	AbilityLevelFields_AbilityLevelFields_mana
A08V	1093679190	abilities		2040911	xD	AbilityLevelFields_AbilityLevelFields_cd
A08W	1093679191	abilities		2041065	xD	AbilityLevelFields_AbilityLevelFields_cd
A08W	1093679191	abilities		2041220	xD	AbilityLevelFields_AbilityLevelFields_mana
A095	1093679413	abilities		2041371	xD	AbilityLevelFields_AbilityLevelFields_cd
A095	1093679413	abilities		2041526	xD	AbilityLevelFields_AbilityLevelFields_mana
A096	1093679414	abilities	MECCCC	2041680	xD	AbilityLevelFields_AbilityLevelFields_mana
A09A	1093679425	abilities	Check Range	2041831	xD	AbilityLevelFields_AbilityLevelFields_cd
A09D	1093679428	abilities		2041985	xD	AbilityLevelFields_AbilityLevelFields_cd
A09D	1093679428	abilities		2042141	xD	AbilityLevelFields_AbilityLevelFields_mana
A09E	1093679429	abilities		2042292	xD	AbilityLevelFields_AbilityLevelFields_cd
A09E	1093679429	abilities		2042447	xD	AbilityLevelFields_AbilityLevelFields_mana
A09N	1093679438	abilities		2042598	xD	AbilityLevelFields_AbilityLevelFields_cd
A09N	1093679438	abilities		2042753	xD	AbilityLevelFields_AbilityLevelFields_mana
A09O	1093679439	abilities		2042904	xD	AbilityLevelFields_AbilityLevelFields_cd
A09O	1093679439	abilities		2043059	xD	AbilityLevelFields_AbilityLevelFields_mana
A09T	1093679444	abilities		2043209	xD	AbilityLevelFields_AbilityLevelFields_cd
A09T	1093679444	abilities		2043364	xD	AbilityLevelFields_AbilityLevelFields_mana
A09X	1093679448	abilities		2043514	xD	AbilityLevelFields_AbilityLevelFields_cd
A09X	1093679448	abilities		2043670	xD	AbilityLevelFields_AbilityLevelFields_mana
A0A6	1093681462	abilities	Infostealer's (spell steal)	2043821	xD	AbilityLevelFields_AbilityLevelFields_cd
A0A6	1093681462	abilities	Infostealer's (spell steal)	2043977	xD	AbilityLevelFields_AbilityLevelFields_mana
A0A7	1093681463	abilities		2044129	xD	AbilityLevelFields_AbilityLevelFields_cd
A0A7	1093681463	abilities		2044284	xD	AbilityLevelFields_AbilityLevelFields_mana
A0A8	1093681464	abilities	HEL: Sorceress (healing wave)	2044435	xD	AbilityLevelFields_AbilityLevelFields_cd
A0A8	1093681464	abilities	HEL: Sorceress (healing wave)	2044590	xD	AbilityLevelFields_AbilityLevelFields_mana
A0AA	1093681473	abilities		2044741	xD	AbilityLevelFields_AbilityLevelFields_cd
A0AA	1093681473	abilities		2044896	xD	AbilityLevelFields_AbilityLevelFields_mana
A0AB	1093681474	abilities		2045047	xD	AbilityLevelFields_AbilityLevelFields_cd
A0AB	1093681474	abilities		2045201	xD	AbilityLevelFields_AbilityLevelFields_mana
A0AE	1093681477	abilities		2045352	xD	AbilityLevelFields_AbilityLevelFields_cd
A0AE	1093681477	abilities		2045508	xD	AbilityLevelFields_AbilityLevelFields_mana
A0AF	1093681478	abilities		2045662	xD	AbilityLevelFields_AbilityLevelFields_mana
A0AK	1093681483	abilities	NOR: Chilling Mushroom	2045813	xD	AbilityLevelFields_AbilityLevelFields_cd
A0AK	1093681483	abilities	NOR: Chilling Mushroom	2045968	xD	AbilityLevelFields_AbilityLevelFields_mana
A0AR	1093681490	abilities	NAT: Giant Spider (Web)	2046119	xD	AbilityLevelFields_AbilityLevelFields_cd
A0AS	1093681491	abilities	NAT: Brood Mother (Web)	2046273	xD	AbilityLevelFields_AbilityLevelFields_cd
A0AV	1093681494	abilities	NAT: Brood Mother (infest)	2046427	xD	AbilityLevelFields_AbilityLevelFields_cd
A0AW	1093681495	abilities	NAT: Furbolg Shaman (rejuvenation)	2046580	xD	AbilityLevelFields_AbilityLevelFields_cd
A0AW	1093681495	abilities	NAT: Furbolg Shaman (rejuvenation)	2046735	xD	AbilityLevelFields_AbilityLevelFields_mana
A0AX	1093681496	abilities	NAT: Furbolg Elder Shaman (rejuvenation)	2046886	xD	AbilityLevelFields_AbilityLevelFields_cd
A0AX	1093681496	abilities	NAT: Furbolg Elder Shaman (rejuvenation)	2047040	xD	AbilityLevelFields_AbilityLevelFields_mana
A0B5	1093681717	abilities		2047193	xD	AbilityLevelFields_AbilityLevelFields_mana
A0B6	1093681718	abilities		2047346	xD	AbilityLevelFields_AbilityLevelFields_mana
A0B7	1093681719	abilities	NAT: Bear (feral rage)	2047497	xD	AbilityLevelFields_AbilityLevelFields_cd
A0B7	1093681719	abilities	NAT: Bear (feral rage)	2047653	xD	AbilityLevelFields_AbilityLevelFields_mana
A0B8	1093681720	abilities	NAT: Ancient Bear (feral rage)	2047804	xD	AbilityLevelFields_AbilityLevelFields_cd
A0B8	1093681720	abilities	NAT: Ancient Bear (feral rage)	2047960	xD	AbilityLevelFields_AbilityLevelFields_mana
A0BC	1093681731	abilities	NAT: Mounatin Giant (Grab Tree)	2048111	xD	AbilityLevelFields_AbilityLevelFields_cd
A0BD	1093681732	abilities	NAT: Ancient of Gale	2048264	xD	AbilityLevelFields_AbilityLevelFields_cd
A0BD	1093681732	abilities	NAT: Ancient of Gale	2048419	xD	AbilityLevelFields_AbilityLevelFields_mana
A0BI	1093681737	abilities	NAT: Mountain Giant (taunt)	2048570	xD	AbilityLevelFields_AbilityLevelFields_cd
A0BJ	1093681738	abilities	NAT: Mountain Giant (taunt dummy)	2048723	xD	AbilityLevelFields_AbilityLevelFields_cd
A0BJ	1093681738	abilities	NAT: Mountain Giant (taunt dummy)	2048879	xD	AbilityLevelFields_AbilityLevelFields_mana
A0BL	1093681740	abilities	NAT: Banish	2049032	xD	AbilityLevelFields_AbilityLevelFields_mana
A0BM	1093681741	abilities	NAT: Banish (dummy)	2049183	xD	AbilityLevelFields_AbilityLevelFields_cd
A0BM	1093681741	abilities	NAT: Banish (dummy)	2049338	xD	AbilityLevelFields_AbilityLevelFields_mana
A0BO	1093681743	abilities	NAT: Ancient of Gale (dummy)	2049490	xD	AbilityLevelFields_AbilityLevelFields_cd
A0BO	1093681743	abilities	NAT: Ancient of Gale (dummy)	2049645	xD	AbilityLevelFields_AbilityLevelFields_mana
A0BP	1093681744	abilities	NAT: Ancient of Gale (dummy, -na)	2049797	xD	AbilityLevelFields_AbilityLevelFields_cd
A0BP	1093681744	abilities	NAT: Ancient of Gale (dummy, -na)	2049952	xD	AbilityLevelFields_AbilityLevelFields_mana
A0BQ	1093681745	abilities	NAT: Ancient of Gale (-na)	2050104	xD	AbilityLevelFields_AbilityLevelFields_cd
A0BQ	1093681745	abilities	NAT: Ancient of Gale (-na)	2050259	xD	AbilityLevelFields_AbilityLevelFields_mana
A0BS	1093681747	abilities	NAT: Ancient of Wonders (dummy)	2050410	xD	AbilityLevelFields_AbilityLevelFields_cd
A0BS	1093681747	abilities	NAT: Ancient of Wonders (dummy)	2050565	xD	AbilityLevelFields_AbilityLevelFields_mana
A0BT	1093681748	abilities	NAT: Keeper of the Groove (natures touch)	2050717	xD	AbilityLevelFields_AbilityLevelFields_cd
A0BT	1093681748	abilities	NAT: Keeper of the Groove (natures touch)	2050872	xD	AbilityLevelFields_AbilityLevelFields_mana
A0BU	1093681749	abilities	NAT: Keeper of the Grove (summon treants)	2051024	xD	AbilityLevelFields_AbilityLevelFields_cd
A0BU	1093681749	abilities	NAT: Keeper of the Grove (summon treants)	2051180	xD	AbilityLevelFields_AbilityLevelFields_mana
A0BX	1093681752	abilities	NAT: Ancient Keeper (treants sprout)	2051333	xD	AbilityLevelFields_AbilityLevelFields_cd
A0BX	1093681752	abilities	NAT: Ancient Keeper (treants sprout)	2051489	xD	AbilityLevelFields_AbilityLevelFields_mana
A0C0	1093681968	abilities	NAT: Furbolg Shaman (rejuvenation (dummy))	2051642	xD	AbilityLevelFields_AbilityLevelFields_cd
A0C0	1093681968	abilities	NAT: Furbolg Shaman (rejuvenation (dummy))	2051798	xD	AbilityLevelFields_AbilityLevelFields_mana
A0C1	1093681969	abilities	NAT: Furbolg Elder Shaman (rejuvenation (dummy))	2051949	xD	AbilityLevelFields_AbilityLevelFields_cd
A0C1	1093681969	abilities	NAT: Furbolg Elder Shaman (rejuvenation (dummy))	2052105	xD	AbilityLevelFields_AbilityLevelFields_mana
A0C3	1093681971	abilities	NAT: Furbolg Elder Shaman (manaburn)	2052257	xD	AbilityLevelFields_AbilityLevelFields_cd
A0C3	1093681971	abilities	NAT: Furbolg Elder Shaman (manaburn)	2052412	xD	AbilityLevelFields_AbilityLevelFields_mana
A0CG	1093681991	abilities	NEL: Faerie Dragon (heal)	2052563	xD	AbilityLevelFields_AbilityLevelFields_cd
A0CG	1093681991	abilities	NEL: Faerie Dragon (heal)	2052718	xD	AbilityLevelFields_AbilityLevelFields_mana
A0CJ	1093681994	abilities	ELE: Elemental Of Lightning (forked lightning)	2052870	xD	AbilityLevelFields_AbilityLevelFields_cd
A0CJ	1093681994	abilities	ELE: Elemental Of Lightning (forked lightning)	2053025	xD	AbilityLevelFields_AbilityLevelFields_mana
A0CK	1093681995	abilities	ELE: Greater Elemental Of Lightning (forked lightning)	2053176	xD	AbilityLevelFields_AbilityLevelFields_cd
A0CK	1093681995	abilities	ELE: Greater Elemental Of Lightning (forked lightning)	2053331	xD	AbilityLevelFields_AbilityLevelFields_mana
A0CL	1093681996	abilities	ELE: Elemental Of Fire (split)	2053484	xD	AbilityLevelFields_AbilityLevelFields_mana
A0CN	1093681998	abilities	ELE: Greater Elemental Of Fire (firebreath)	2053635	xD	AbilityLevelFields_AbilityLevelFields_cd
A0CN	1093681998	abilities	ELE: Greater Elemental Of Fire (firebreath)	2053791	xD	AbilityLevelFields_AbilityLevelFields_mana
A0CU	1093682005	abilities	ELE: Greater Elemental Of Water (illusions)	2053944	xD	AbilityLevelFields_AbilityLevelFields_mana
A0CY	1093682009	abilities	ELE: Elemental Rain	2054095	xD	AbilityLevelFields_AbilityLevelFields_cd
A0CY	1093682009	abilities	ELE: Elemental Rain	2054250	xD	AbilityLevelFields_AbilityLevelFields_mana
A0CZ	1093682010	abilities	ELE: Enchant	2054402	xD	AbilityLevelFields_AbilityLevelFields_cd
A0CZ	1093682010	abilities	ELE: Enchant	2054557	xD	AbilityLevelFields_AbilityLevelFields_mana
A0D0	1093682224	abilities	ELE: Elemental Rain (Meteor Shower)	2054708	xD	AbilityLevelFields_AbilityLevelFields_cd
A0D0	1093682224	abilities	ELE: Elemental Rain (Meteor Shower)	2054863	xD	AbilityLevelFields_AbilityLevelFields_mana
A0D1	1093682225	abilities	ELE: Elemental Rain (Blizzard)	2055014	xD	AbilityLevelFields_AbilityLevelFields_cd
A0D1	1093682225	abilities	ELE: Elemental Rain (Blizzard)	2055169	xD	AbilityLevelFields_AbilityLevelFields_mana
A0D2	1093682226	abilities	ELE: Elemental Rain (Blizzard) (-na)	2055320	xD	AbilityLevelFields_AbilityLevelFields_cd
A0D2	1093682226	abilities	ELE: Elemental Rain (Blizzard) (-na)	2055475	xD	AbilityLevelFields_AbilityLevelFields_mana
A0D3	1093682227	abilities	ELE: Elemental Rain (Meteor Shower)	2055626	xD	AbilityLevelFields_AbilityLevelFields_cd
A0D3	1093682227	abilities	ELE: Elemental Rain (Meteor Shower)	2055781	xD	AbilityLevelFields_AbilityLevelFields_mana
A0D5	1093682229	abilities	ELE: ElectroShieldElemental	2055934	xD	AbilityLevelFields_AbilityLevelFields_mana
A0D5	1093682229	abilities	ELE: ElectroShieldElemental	2056086	xD	AbilityLevelFields_AbilityLevelFields_mana
A0DA	1093682241	abilities	ELE: Elemental Guard Tower (Shield of Mist)	2056237	xD	AbilityLevelFields_AbilityLevelFields_cd
A0DA	1093682241	abilities	ELE: Elemental Guard Tower (Shield of Mist)	2056393	xD	AbilityLevelFields_AbilityLevelFields_mana
A0DC	1093682243	abilities	ELE: Elemental Guard Tower (Boulder)	2056544	xD	AbilityLevelFields_AbilityLevelFields_cd
A0DC	1093682243	abilities	ELE: Elemental Guard Tower (Boulder)	2056699	xD	AbilityLevelFields_AbilityLevelFields_mana
A0DT	1093682260	abilities	Lesser Water Elemental	2056850	xD	AbilityLevelFields_AbilityLevelFields_cd
A0DT	1093682260	abilities	Lesser Water Elemental	2057005	xD	AbilityLevelFields_AbilityLevelFields_mana
A0DU	1093682261	abilities	NAT: Force of Nature	2057157	xD	AbilityLevelFields_AbilityLevelFields_cd
A0DU	1093682261	abilities	NAT: Force of Nature	2057313	xD	AbilityLevelFields_AbilityLevelFields_mana
A0DV	1093682262	abilities	ELE: ObeliskOfElements (dummy)	2057464	xD	AbilityLevelFields_AbilityLevelFields_cd
A0DV	1093682262	abilities	ELE: ObeliskOfElements (dummy)	2057619	xD	AbilityLevelFields_AbilityLevelFields_mana
A0DY	1093682265	abilities	ELE: Greater Elemental Of Fire (split)	2057771	xD	AbilityLevelFields_AbilityLevelFields_cd
A0DY	1093682265	abilities	ELE: Greater Elemental Of Fire (split)	2057926	xD	AbilityLevelFields_AbilityLevelFields_mana
A0E1	1093682481	abilities		2058076	xD	AbilityLevelFields_AbilityLevelFields_cd
A0E1	1093682481	abilities		2058231	xD	AbilityLevelFields_AbilityLevelFields_mana
A0E2	1093682482	abilities		2058382	xD	AbilityLevelFields_AbilityLevelFields_cd
A0E2	1093682482	abilities		2058535	xD	AbilityLevelFields_AbilityLevelFields_cd
A0E2	1093682482	abilities		2058688	xD	AbilityLevelFields_AbilityLevelFields_cd
A0E2	1093682482	abilities		2058843	xD	AbilityLevelFields_AbilityLevelFields_mana
A0E2	1093682482	abilities		2058996	xD	AbilityLevelFields_AbilityLevelFields_mana
A0E2	1093682482	abilities		2059149	xD	AbilityLevelFields_AbilityLevelFields_mana
A0E3	1093682483	abilities	ELE: monsoon	2059302	xD	AbilityLevelFields_AbilityLevelFields_mana
A0E4	1093682484	abilities	ELE: monsoon (-na)	2059455	xD	AbilityLevelFields_AbilityLevelFields_mana
A0E5	1093682485	abilities	ELE: Elemental of Wind (effect)	2059605	xD	AbilityLevelFields_AbilityLevelFields_cd
A0E6	1093682486	abilities	ELE: Greater Elemental of Wind (effect)	2059758	xD	AbilityLevelFields_AbilityLevelFields_cd
A0E7	1093682487	abilities	Water Elemental	2059911	xD	AbilityLevelFields_AbilityLevelFields_cd
A0E7	1093682487	abilities	Water Elemental	2060066	xD	AbilityLevelFields_AbilityLevelFields_mana
A0E8	1093682488	abilities	Greater Water Elemental	2060218	xD	AbilityLevelFields_AbilityLevelFields_cd
A0E8	1093682488	abilities	Greater Water Elemental	2060373	xD	AbilityLevelFields_AbilityLevelFields_mana
A0E9	1093682489	abilities	Elemental Of Earth	2060525	xD	AbilityLevelFields_AbilityLevelFields_cd
A0E9	1093682489	abilities	Elemental Of Earth	2060680	xD	AbilityLevelFields_AbilityLevelFields_mana
A0EA	1093682497	abilities	Greater Elemental Of Earth	2060832	xD	AbilityLevelFields_AbilityLevelFields_cd
A0EA	1093682497	abilities	Greater Elemental Of Earth	2060987	xD	AbilityLevelFields_AbilityLevelFields_mana
A0EB	1093682498	abilities	Elemental Of Lightning	2061137	xD	AbilityLevelFields_AbilityLevelFields_cd
A0EB	1093682498	abilities	Elemental Of Lightning	2061292	xD	AbilityLevelFields_AbilityLevelFields_mana
A0EC	1093682499	abilities	Greater Elemental Of Lightning	2061444	xD	AbilityLevelFields_AbilityLevelFields_cd
A0EC	1093682499	abilities	Greater Elemental Of Lightning	2061599	xD	AbilityLevelFields_AbilityLevelFields_mana
A0ED	1093682500	abilities	Elemental Of Fire	2061751	xD	AbilityLevelFields_AbilityLevelFields_cd
A0ED	1093682500	abilities	Elemental Of Fire	2061906	xD	AbilityLevelFields_AbilityLevelFields_mana
A0EE	1093682501	abilities	Greater Elemental Of Fire	2062058	xD	AbilityLevelFields_AbilityLevelFields_cd
A0EE	1093682501	abilities	Greater Elemental Of Fire	2062212	xD	AbilityLevelFields_AbilityLevelFields_mana
A0EF	1093682502	abilities	Lesser Elemental Of Wind	2062364	xD	AbilityLevelFields_AbilityLevelFields_cd
A0EF	1093682502	abilities	Lesser Elemental Of Wind	2062519	xD	AbilityLevelFields_AbilityLevelFields_mana
A0EG	1093682503	abilities	Elemental Of Wind	2062671	xD	AbilityLevelFields_AbilityLevelFields_cd
A0EG	1093682503	abilities	Elemental Of Wind	2062825	xD	AbilityLevelFields_AbilityLevelFields_mana
A0EH	1093682504	abilities	Greater Elemental Of Wind	2062975	xD	AbilityLevelFields_AbilityLevelFields_cd
A0EH	1093682504	abilities	Greater Elemental Of Wind	2063130	xD	AbilityLevelFields_AbilityLevelFields_mana
A0EI	1093682505	abilities	ELE: Book of Conjuration	2063282	xD	AbilityLevelFields_AbilityLevelFields_cd
A0EI	1093682505	abilities	ELE: Book of Conjuration	2063437	xD	AbilityLevelFields_AbilityLevelFields_mana
A0EO	1093682511	abilities		2063589	xD	AbilityLevelFields_AbilityLevelFields_cd
A0EP	1093682512	abilities	ELE: Enchant (forged weapon)	2063744	xD	AbilityLevelFields_AbilityLevelFields_mana
A0EY	1093682521	abilities		2063897	xD	AbilityLevelFields_AbilityLevelFields_mana
A0F6	1093682742	abilities	ELE: Greater Elemental Of Lightning (forked lightning) buildings	2064047	xD	AbilityLevelFields_AbilityLevelFields_cd
A0F6	1093682742	abilities	ELE: Greater Elemental Of Lightning (forked lightning) buildings	2064202	xD	AbilityLevelFields_AbilityLevelFields_mana
A0F8	1093682744	abilities	ELE: Elemental Of Lightning (forked lightning)buildgins	2064353	xD	AbilityLevelFields_AbilityLevelFields_cd
A0F8	1093682744	abilities	ELE: Elemental Of Lightning (forked lightning)buildgins	2064508	xD	AbilityLevelFields_AbilityLevelFields_mana
A0F9	1093682745	abilities	NOR: Ice Queen (frost nova) warlock	2064659	xD	AbilityLevelFields_AbilityLevelFields_cd
A0F9	1093682745	abilities	NOR: Ice Queen (frost nova) warlock	2064814	xD	AbilityLevelFields_AbilityLevelFields_mana
A0FB	1093682754	abilities	Parasite(leg troll)	2064965	xD	AbilityLevelFields_AbilityLevelFields_cd
A0FB	1093682754	abilities	Parasite(leg troll)	2065120	xD	AbilityLevelFields_AbilityLevelFields_mana
A0FC	1093682755	abilities	Ensnare (Leg Troll)	2065271	xD	AbilityLevelFields_AbilityLevelFields_cd
A0FF	1093682758	abilities	(Sod ) Burning Oil	2065424	xD	AbilityLevelFields_AbilityLevelFields_cd
A0FF	1093682758	abilities	(Sod ) Burning Oil	2065579	xD	AbilityLevelFields_AbilityLevelFields_mana
A0FG	1093682759	abilities	ELE: Meteor Shower	2065730	xD	AbilityLevelFields_AbilityLevelFields_cd
A0FG	1093682759	abilities	ELE: Meteor Shower	2065885	xD	AbilityLevelFields_AbilityLevelFields_mana
A0FL	1093682764	abilities	Barrage Igloo	2066037	xD	AbilityLevelFields_AbilityLevelFields_cd
A0FS	1093682771	abilities	Twins:Thunder Clap	2066190	xD	AbilityLevelFields_AbilityLevelFields_cd
A0FS	1093682771	abilities	Twins:Thunder Clap	2066345	xD	AbilityLevelFields_AbilityLevelFields_mana
A0FT	1093682772	abilities	Twins:Shockwave	2066496	xD	AbilityLevelFields_AbilityLevelFields_cd
A0FT	1093682772	abilities	Twins:Shockwave	2066652	xD	AbilityLevelFields_AbilityLevelFields_mana
A0FU	1093682773	abilities	Parasite(twins)	2066803	xD	AbilityLevelFields_AbilityLevelFields_cd
A0FU	1093682773	abilities	Parasite(twins)	2066959	xD	AbilityLevelFields_AbilityLevelFields_mana
A0FW	1093682775	abilities	Life Drain Visioneer	2067110	xD	AbilityLevelFields_AbilityLevelFields_cd
A0FW	1093682775	abilities	Life Drain Visioneer	2067265	xD	AbilityLevelFields_AbilityLevelFields_mana
A0FX	1093682776	abilities	Parasite( life drain)	2067416	xD	AbilityLevelFields_AbilityLevelFields_cd
A0FX	1093682776	abilities	Parasite( life drain)	2067571	xD	AbilityLevelFields_AbilityLevelFields_mana
A0I0	1093683504	abilities	Prayer	2067722	xD	AbilityLevelFields_AbilityLevelFields_cd
A0I0	1093683504	abilities	Prayer	2067878	xD	AbilityLevelFields_AbilityLevelFields_mana
A0I1	1093683505	abilities	Prayer: heal+mana	2068030	xD	AbilityLevelFields_AbilityLevelFields_cd
A0I4	1093683508	abilities	Prayer: resurrection	2068183	xD	AbilityLevelFields_AbilityLevelFields_cd
A0I4	1093683508	abilities	Prayer: resurrection	2068335	xD	AbilityLevelFields_AbilityLevelFields_cd
A0I4	1093683508	abilities	Prayer: resurrection	2068488	xD	AbilityLevelFields_AbilityLevelFields_cd
A0I4	1093683508	abilities	Prayer: resurrection	2068643	xD	AbilityLevelFields_AbilityLevelFields_mana
A0I4	1093683508	abilities	Prayer: resurrection	2068796	xD	AbilityLevelFields_AbilityLevelFields_mana
A0I4	1093683508	abilities	Prayer: resurrection	2068949	xD	AbilityLevelFields_AbilityLevelFields_mana
IBA0	1229078832	abilities		2069099	xD	AbilityLevelFields_AbilityLevelFields_cd
IBA1	1229078833	abilities		2069252	xD	AbilityLevelFields_AbilityLevelFields_cd
IBA2	1229078834	abilities		2069405	xD	AbilityLevelFields_AbilityLevelFields_cd
IBA3	1229078835	abilities		2069558	xD	AbilityLevelFields_AbilityLevelFields_cd
IBA4	1229078836	abilities		2069711	xD	AbilityLevelFields_AbilityLevelFields_cd
IBA5	1229078837	abilities		2069864	xD	AbilityLevelFields_AbilityLevelFields_cd
IBA6	1229078838	abilities		2070017	xD	AbilityLevelFields_AbilityLevelFields_cd
IBA7	1229078839	abilities		2070170	xD	AbilityLevelFields_AbilityLevelFields_cd
IBA8	1229078840	abilities		2070322	xD	AbilityLevelFields_AbilityLevelFields_cd
A0HK	1093683275	abilities	DST: Gnolls auto	2070475	xD	AbilityLevelFields_AbilityLevelFields_cd
A0HK	1093683275	abilities	DST: Gnolls auto	2070630	xD	AbilityLevelFields_AbilityLevelFields_mana
A0G1	1093682993	abilities	Ambush	2070781	xD	AbilityLevelFields_AbilityLevelFields_cd
A0G1	1093682993	abilities	Ambush	2070937	xD	AbilityLevelFields_AbilityLevelFields_mana
A0H1	1093683249	abilities	DST: Matriarch auto	2071088	xD	AbilityLevelFields_AbilityLevelFields_cd
A0H1	1093683249	abilities	DST: Matriarch auto	2071244	xD	AbilityLevelFields_AbilityLevelFields_mana
A0G9	1093683001	abilities	DST: Harpy auto	2071395	xD	AbilityLevelFields_AbilityLevelFields_cd
A0G9	1093683001	abilities	DST: Harpy auto	2071551	xD	AbilityLevelFields_AbilityLevelFields_mana
A0GR	1093683026	abilities	OgreLords rage	2071703	xD	AbilityLevelFields_AbilityLevelFields_cd
A0GB	1093683010	abilities	DST: Ogre auto	2071857	xD	AbilityLevelFields_AbilityLevelFields_cd
A0GB	1093683010	abilities	DST: Ogre auto	2072013	xD	AbilityLevelFields_AbilityLevelFields_mana
A0G8	1093683000	abilities	DST: Sandkin abil	2072164	xD	AbilityLevelFields_AbilityLevelFields_cd
A0G8	1093683000	abilities	DST: Sandkin abil	2072320	xD	AbilityLevelFields_AbilityLevelFields_mana
A0GE	1093683013	abilities	Oasis Ability	2072472	xD	AbilityLevelFields_AbilityLevelFields_cd
A0GE	1093683013	abilities	Oasis Ability	2072627	xD	AbilityLevelFields_AbilityLevelFields_mana
A0GF	1093683014	abilities	Peyote abil	2072778	xD	AbilityLevelFields_AbilityLevelFields_cd
A0GF	1093683014	abilities	Peyote abil	2072933	xD	AbilityLevelFields_AbilityLevelFields_mana
A0IL	1093683532	abilities	succomb	2073085	xD	AbilityLevelFields_AbilityLevelFields_cd
A0IL	1093683532	abilities	succomb	2073240	xD	AbilityLevelFields_AbilityLevelFields_mana
A0JD	1093683780	abilities	Peyote	2073391	xD	AbilityLevelFields_AbilityLevelFields_cd
A0JD	1093683780	abilities	Peyote	2073545	xD	AbilityLevelFields_AbilityLevelFields_mana
A0G4	1093682996	abilities	Sandstorm	2073695	xD	AbilityLevelFields_AbilityLevelFields_cd
A0G4	1093682996	abilities	Sandstorm	2073850	xD	AbilityLevelFields_AbilityLevelFields_mana
A0HP	1093683280	abilities	Sandcloud2x	2074001	xD	AbilityLevelFields_AbilityLevelFields_cd
A0HP	1093683280	abilities	Sandcloud2x	2074156	xD	AbilityLevelFields_AbilityLevelFields_mana
A0GA	1093683009	abilities	Sandcloud	2074307	xD	AbilityLevelFields_AbilityLevelFields_cd
A0GA	1093683009	abilities	Sandcloud	2074462	xD	AbilityLevelFields_AbilityLevelFields_mana
A0HW	1093683287	abilities	DST: salam burn	2074613	xD	AbilityLevelFields_AbilityLevelFields_cd
A0HW	1093683287	abilities	DST: salam burn	2074768	xD	AbilityLevelFields_AbilityLevelFields_mana
A0GD	1093683012	abilities	DST: Blind	2074919	xD	AbilityLevelFields_AbilityLevelFields_cd
A0GD	1093683012	abilities	DST: Blind	2075074	xD	AbilityLevelFields_AbilityLevelFields_mana
A0GK	1093683019	abilities	SandStorm abil	2075225	xD	AbilityLevelFields_AbilityLevelFields_cd
A0GK	1093683019	abilities	SandStorm abil	2075380	xD	AbilityLevelFields_AbilityLevelFields_mana
A0GG	1093683015	abilities		2075534	xD	AbilityLevelFields_AbilityLevelFields_mana
A0GL	1093683020	abilities	Razor Spray	2075688	xD	AbilityLevelFields_AbilityLevelFields_mana
A0GL	1093683020	abilities	Razor Spray	2075840	xD	AbilityLevelFields_AbilityLevelFields_cd
A0GM	1093683021	abilities	Harpy Swarm	2075993	xD	AbilityLevelFields_AbilityLevelFields_cd
A0GM	1093683021	abilities	Harpy Swarm	2076149	xD	AbilityLevelFields_AbilityLevelFields_mana
A0GN	1093683022	abilities	PAN: Panda Monk Heal	2076300	xD	AbilityLevelFields_AbilityLevelFields_cd
A0GN	1093683022	abilities	PAN: Panda Monk Heal	2076456	xD	AbilityLevelFields_AbilityLevelFields_mana
A0GP	1093683024	abilities	PAN: Healing Spray	2076609	xD	AbilityLevelFields_AbilityLevelFields_mana
A0GT	1093683028	abilities		2076760	xD	AbilityLevelFields_AbilityLevelFields_cd
A0GW	1093683031	abilities	Thunderpaw Spire Ability	2076911	xD	AbilityLevelFields_AbilityLevelFields_cd
A0GW	1093683031	abilities	Thunderpaw Spire Ability	2077066	xD	AbilityLevelFields_AbilityLevelFields_mana
A0H4	1093683252	abilities	Echo Blink	2077218	xD	AbilityLevelFields_AbilityLevelFields_cd
A0H6	1093683254	abilities	PAN: Withering Touch	2077372	xD	AbilityLevelFields_AbilityLevelFields_cd
A0H6	1093683254	abilities	PAN: Withering Touch	2077527	xD	AbilityLevelFields_AbilityLevelFields_mana
A0H9	1093683257	abilities	Whirlstone Brew	2077681	xD	AbilityLevelFields_AbilityLevelFields_mana
A0HI	1093683273	abilities	PAN: Healing Spray 2	2077835	xD	AbilityLevelFields_AbilityLevelFields_mana
IBA9	1229078841	abilities	Buy Speedscroll	2077986	xD	AbilityLevelFields_AbilityLevelFields_cd
A0HN	1093683278	abilities		2078139	xD	AbilityLevelFields_AbilityLevelFields_cd
A0HN	1093683278	abilities		2078294	xD	AbilityLevelFields_AbilityLevelFields_mana
A0HO	1093683279	abilities		2078446	xD	AbilityLevelFields_AbilityLevelFields_cd
A0HO	1093683279	abilities		2078601	xD	AbilityLevelFields_AbilityLevelFields_mana
A0HS	1093683283	abilities	Global Endurance	2078753	xD	AbilityLevelFields_AbilityLevelFields_cd
A0HS	1093683283	abilities	Global Endurance	2078908	xD	AbilityLevelFields_AbilityLevelFields_mana
A0HT	1093683284	abilities	Global Healing	2079060	xD	AbilityLevelFields_AbilityLevelFields_cd
A0HT	1093683284	abilities	Global Healing	2079215	xD	AbilityLevelFields_AbilityLevelFields_mana
Agra	1097298529	abilities		2079367	xD	AbilityLevelFields_AbilityLevelFields_cd
A0A5	1093681461	abilities	Issue buy order	2079725	BD	
h008	1747988536	units	Treasure Box	2126020	chooseBestBuildingInternal	
h008	1747988536	units	Treasure Box	2130476	updateAiChoiceInfoFrame	
X00O	1479553103	units	Chaos Builder	2215345	TD	
X006	1479553078	units	Corrupted Builder	2215363	TD	
X078	1479554872	units	Desert Builder	2215381	TD	
X051	1479554353	units	Elemental Builder	2215399	TD	
X00P	1479553104	units	Elf Builder	2215417	TD	
X00C	1479553091	units	Human Builder	2215435	TD	
X06P	1479554640	units	Mechanical Builder	2215453	TD	
X00E	1479553093	units	Naga Builder	2215471	TD	
X01A	1479553345	units	Nature Builder	2215489	TD	
X089	1479555129	units	Night Elf Builder	2215507	TD	
X017	1479553335	units	Northern Builder	2215526	TD	
X019	1479553337	units	Orc Builder	2215545	TD	
X07P	1479554896	units	Pandaren Builder	2215564	TD	
X018	1479553336	units	Undead Builder	2215583	TD	
X078	1479554872	units	Desert Builder	2227745	applyWestRaces	setPresetRaceAssignment
X006	1479553078	units	Corrupted Builder	2227786	applyWestRaces	setPresetRaceAssignment
X01A	1479553345	units	Nature Builder	2227827	applyWestRaces	setPresetRaceAssignment
X051	1479554353	units	Elemental Builder	2228038	applyWestRaces	setPresetRaceAssignment
X00C	1479553091	units	Human Builder	2228079	applyWestRaces	setPresetRaceAssignment
X00E	1479553093	units	Naga Builder	2228120	applyWestRaces	setPresetRaceAssignment
X051	1479554353	units	Elemental Builder	2229407	runAi3v3E2eWithMode	setPresetRaceAssignment
X017	1479553335	units	Northern Builder	2229448	runAi3v3E2eWithMode	setPresetRaceAssignment
X019	1479553337	units	Orc Builder	2229489	runAi3v3E2eWithMode	setPresetRaceAssignment
X018	1479553336	units	Undead Builder	2229530	runAi3v3E2eWithMode	setPresetRaceAssignment
X00C	1479553091	units	Human Builder	2229571	runAi3v3E2eWithMode	setPresetRaceAssignment
X00E	1479553093	units	Naga Builder	2229612	runAi3v3E2eWithMode	setPresetRaceAssignment
X017	1479553335	units	Northern Builder	2229916	runAi3v3E2eWithMode	setPresetRaceAssignment
X006	1479553078	units	Corrupted Builder	2229957	runAi3v3E2eWithMode	setPresetRaceAssignment
X00P	1479553104	units	Elf Builder	2229998	runAi3v3E2eWithMode	setPresetRaceAssignment
X017	1479553335	units	Northern Builder	2230256	runAi3v3E2eWithMode	setCagedLinePreset
X006	1479553078	units	Corrupted Builder	2230292	runAi3v3E2eWithMode	setCagedLinePreset
X00P	1479553104	units	Elf Builder	2230328	runAi3v3E2eWithMode	setCagedLinePreset
I00A	1227894849	items	Drum'n'Bass Bassline Generator	2230362	runAi3v3E2eWithMode	setPresetAuraBuy
I003	1227894835	items	Drum'n'Bass Bass Drums	2230397	runAi3v3E2eWithMode	setPresetAuraBuy
X06P	1479554640	units	Mechanical Builder	2230464	runAi3v3E2eWithMode	setPresetRaceAssignment
X089	1479555129	units	Night Elf Builder	2230505	runAi3v3E2eWithMode	setPresetRaceAssignment
X019	1479553337	units	Orc Builder	2230546	runAi3v3E2eWithMode	setPresetRaceAssignment
X089	1479555129	units	Night Elf Builder	2230587	runAi3v3E2eWithMode	setPresetRaceAssignment
X019	1479553337	units	Orc Builder	2230628	runAi3v3E2eWithMode	setPresetRaceAssignment
X089	1479555129	units	Night Elf Builder	2230669	runAi3v3E2eWithMode	setPresetRaceAssignment
I00A	1227894849	items	Drum'n'Bass Bassline Generator	2233521	getStrategicAuraItemIndex	
I003	1227894835	items	Drum'n'Bass Bass Drums	2233558	getStrategicAuraItemIndex	
A09H	1093679432	abilities	TypeMurloc	2272420	dE	
n01C	1848652099	units	Raised Tentacle	2284337	kE	
A07T	1093678932	abilities	NEL: Starfall	2284352	kE	
A01I	1093677385	abilities		2284367	kE	
A0BD	1093681732	abilities	NAT: Ancient of Gale	2284382	kE	
A0D1	1093682225	abilities	ELE: Elemental Rain (Blizzard)	2284397	kE	
A0E3	1093682483	abilities	ELE: monsoon	2284412	kE	
n01C	1848652099	units	Raised Tentacle	2284554	setArtilleryModeAbilityIds	
A07T	1093678932	abilities	NEL: Starfall	2284569	setArtilleryModeAbilityIds	
A01I	1093677385	abilities		2284584	setArtilleryModeAbilityIds	
A0BD	1093681732	abilities	NAT: Ancient of Gale	2284599	setArtilleryModeAbilityIds	
A0D1	1093682225	abilities	ELE: Elemental Rain (Blizzard)	2284614	setArtilleryModeAbilityIds	
A0E3	1093682483	abilities	ELE: monsoon	2284629	setArtilleryModeAbilityIds	
n021	1848652337	units	Raised Tentacle	2284649	setArtilleryModeAbilityIds	
A08T	1093679188	abilities	NEL: Starfall (-na)	2284664	setArtilleryModeAbilityIds	
A05H	1093678408	abilities		2284679	setArtilleryModeAbilityIds	
A0BQ	1093681745	abilities	NAT: Ancient of Gale (-na)	2284694	setArtilleryModeAbilityIds	
A0D2	1093682226	abilities	ELE: Elemental Rain (Blizzard) (-na)	2284709	setArtilleryModeAbilityIds	
A0E4	1093682484	abilities	ELE: monsoon (-na)	2284724	setArtilleryModeAbilityIds	
n01Z	1848652122	units	Assassin	2284760	lE	
n020	1848652336	units	Royal Assassin	2284775	lE	
B012	1110454578	buffs	Stealth	2288236	isValidAssassinTarget	unit_getAbilityLevel
A07M	1093678925	abilities		2301018	orderCodeAttackIfAllowed	unit_getAbilityLevel
n00M	1848651853	units	Blood Fiend	2303561	EE	
n00R	1848651858	units	Blood Fiend	2303576	EE	
n00Q	1848651857	units	Blood Fiend	2303594	EE	
n00N	1848651854	units	Blood Fiend	2303612	EE	
n00O	1848651855	units	Blood Fiend	2303630	EE	
n00P	1848651856	units	Blood Fiend	2303648	EE	
A009	1093677113	abilities		2304710	randomizeBloodFiend	addProtectedAbility
A01F	1093677382	abilities		2304772	randomizeBloodFiend	addProtectedAbility
A02B	1093677634	abilities		2304856	randomizeBloodFiend	addProtectedAbility
A01B	1093677378	abilities		2304918	randomizeBloodFiend	addProtectedAbility
A00Z	1093677146	abilities	HEL: Wizard (Lightning)	2304980	randomizeBloodFiend	addProtectedAbility
A07L	1093678924	abilities		2305042	randomizeBloodFiend	addProtectedAbility
A00U	1093677141	abilities		2305126	randomizeBloodFiend	addProtectedAbility
A00T	1093677140	abilities		2305188	randomizeBloodFiend	addProtectedAbility
A05J	1093678410	abilities		2305250	randomizeBloodFiend	addProtectedAbility
A01A	1093677377	abilities		2305327	randomizeBloodFiend	addProtectedAbility
A00V	1093677142	abilities		2305411	randomizeBloodFiend	addProtectedAbility
A00D	1093677124	abilities		2305473	randomizeBloodFiend	addProtectedAbility
A01U	1093677397	abilities		2305556	randomizeBloodFiend	addProtectedAbility
A010	1093677360	abilities		2305618	randomizeBloodFiend	addProtectedAbility
A01P	1093677392	abilities		2305680	randomizeBloodFiend	addProtectedAbility
A006	1093677110	abilities		2305742	randomizeBloodFiend	addProtectedAbility
A01R	1093677394	abilities		2305804	randomizeBloodFiend	addProtectedAbility
A012	1093677362	abilities		2305866	randomizeBloodFiend	addProtectedAbility
h010	1747988784	units	Gjallarhorn	2332759	KE	
B000	1110454320	buffs,destructables	Holy Power	2332774	KE	
h063	1747990067	units	Linker	2332855	KE	
A0DS	1093682259	abilities	Elemental Building	2332870	KE	
h03X	1747989336	units	Water Spring	2332885	KE	
h000	1747988528	units	Barracks	2332917	KE	
hfoo	1751543663	units	Footman	2332932	KE	
X00C	1479553091	units	Human Builder	2332947	KE	
h05G	1747989831	units	Heroic Shrine	2332962	KE	
h059	1747989817	units	Golden Shrine of Justice	2332977	KE	
h045	1747989557	units	Altar of Fire	2332992	KE	
h046	1747989558	units	Altar of Blaze	2333007	KE	
h04E	1747989573	units	Tower of Elder Knowledge	2333022	KE	
h02Z	1747989082	units	Elemental Of Fire	2333044	KE	
h034	1747989300	units	Elemental Of Earth	2333059	KE	
hfoo	1751543663	units	Footman	2333204	KE	
X00C	1479553091	units	Human Builder	2333249	KE	
h09T	1747990868	units	Power Plant	2333270	KE	
B01K	1110454603	buffs	Power Armor	2333285	KE	
B01L	1110454604	buffs	Power Ammo	2333300	KE	
B01I	1110454601	buffs	Powered	2333315	KE	
A09Q	1093679441	abilities		2333330	KE	
A09R	1093679442	abilities		2333345	KE	
h00N	1747988558	units	Tidal Guardian	2333360	KE	
A07J	1093678922	abilities		2333398	KE	
A0DZ	1093682266	abilities		2333413	KE	
n02D	1848652356	units	Ancient Protector	2333428	KE	
I000	1227894832	items	Gold	2335741	buildingCatalogItemId	
I001	1227894833	items	Blast Staff	2335778	buildingCatalogItemId	
I002	1227894834	items	Multi Blast Staff	2335815	buildingCatalogItemId	
I003	1227894835	items	Drum'n'Bass Bass Drums	2335852	buildingCatalogItemId	
I004	1227894836	items	Cheese	2335889	buildingCatalogItemId	
I005	1227894837	items	Scroll of Stone	2335926	buildingCatalogItemId	
I006	1227894838	items	Orb of Lightning	2335963	buildingCatalogItemId	
I007	1227894839	items	Quad Damage	2336000	buildingCatalogItemId	
I008	1227894840	items	Double Damage	2336037	buildingCatalogItemId	
I009	1227894841	items	Rune of Repair	2336074	buildingCatalogItemId	
I00A	1227894849	items	Drum'n'Bass Bassline Generator	2336112	buildingCatalogItemId	
I00C	1227894851	items	Explode Mine	2336150	buildingCatalogItemId	
I00F	1227894854	items	Scroll of Speed	2336188	buildingCatalogItemId	
I005	1227894837	items	Scroll of Stone	2336360	buildingCatalogPointItemId	
I00F	1227894854	items	Scroll of Speed	2336397	buildingCatalogPointItemId	
A08Y	1093679193	abilities	Scroll of Stone Trigger	2336574	buildingCatalogPointItemAbilityId	
A0HJ	1093683274	abilities	Scroll of Speed Trigger	2336611	buildingCatalogPointItemAbilityId	
A018	1093677368	abilities		2346867	checkAllMigratedVisionDummyOrders	checkFogTargetDummyOrder
A0BL	1093681740	abilities	NAT: Banish	2346933	checkAllMigratedVisionDummyOrders	checkFogTargetDummyOrder
A06S	1093678675	abilities		2347000	checkAllMigratedVisionDummyOrders	checkFogTargetDummyOrder
A00P	1093677136	abilities		2347067	checkAllMigratedVisionDummyOrders	checkFogTargetDummyOrder
A00N	1093677134	abilities		2347134	checkAllMigratedVisionDummyOrders	checkFogTargetDummyOrder
A07Q	1093678929	abilities		2347201	checkAllMigratedVisionDummyOrders	checkFogTargetDummyOrder
A082	1093679154	abilities		2347268	checkAllMigratedVisionDummyOrders	checkFogTargetDummyOrder
A083	1093679155	abilities		2347335	checkAllMigratedVisionDummyOrders	checkFogTargetDummyOrder
A04H	1093678152	abilities		2347402	checkAllMigratedVisionDummyOrders	checkFogTargetDummyOrder
A08U	1093679189	abilities	HEL: Dragonhawk (SolarStrike)	2347469	checkAllMigratedVisionDummyOrders	checkFogTargetDummyOrder
A030	1093677872	abilities	ORC: Serpent Rock	2347536	checkAllMigratedVisionDummyOrders	checkFogTargetDummyOrder
A0FC	1093682755	abilities	Ensnare (Leg Troll)	2347604	checkAllMigratedVisionDummyOrders	checkFogTargetDummyOrder
A043	1093678131	abilities	NOR: Ice Queen (frost nova)	2347672	checkAllMigratedVisionDummyOrders	checkFogTargetDummyOrder
hfoo	1751543663	units	Footman	2347963	checkRuntimeProtectedAbilityAdd	createUnit
A005	1093677109	abilities	Rescue Strike	2348110	checkRuntimeProtectedAbilityAdd	addProtectedAbility
A005	1093677109	abilities	Rescue Strike	2348160	checkRuntimeProtectedAbilityAdd	__wurst_safe_BlzGetUnitAbility
X00C	1479553091	units	Human Builder	2349018	checkProtectedItemAbilityFields	createUnit
I001	1227894833	items	Blast Staff	2349163	checkProtectedItemAbilityFields	unit_addProtectedItemById
A02D	1093677636	abilities	Blast	2349333	checkProtectedItemAbilityFields	item_getAbility
I006	1227894838	items	Orb of Lightning	2349835	checkProtectedItemAbilityFields	unit_addProtectedItemById
A02H	1093677640	abilities		2350011	checkProtectedItemAbilityFields	item_getAbility
hfoo	1751543663	units	Footman	2350961	checkAllProtectedAbilityAdds	createUnit
h05G	1747989831	units	Heroic Shrine	2357819	expectsDeathRelease	
h059	1747989817	units	Golden Shrine of Justice	2357838	expectsDeathRelease	
h063	1747990067	units	Linker	2357858	expectsDeathRelease	
h008	1747988536	units	Treasure Box	2357878	expectsDeathRelease	
e00E	1697656901	units	Twins	2366822	checkBuilding	
n02L	1848652364	units	Twin Smiley	2366863	checkBuilding	prepareSmokeUnit
X00C	1479553091	units	Human Builder	2375438	runPickupAndPassiveItemProbes	createUnit
X00C	1479553091	units	Human Builder	2375477	runPickupAndPassiveItemProbes	createUnit
hfoo	1751543663	units	Footman	2375549	runPickupAndPassiveItemProbes	prepareSmokeUnit
hcas	1751343475	units	Main Castle	2375607	runPickupAndPassiveItemProbes	createUnit
I000	1227894832	items	Gold	2376210	runPickupAndPassiveItemProbes	unit_addProtectedItemById
I000	1227894832	items	Gold	2376390	runPickupAndPassiveItemProbes	unit_getItemById
I000	1227894832	items	Gold	2376425	runPickupAndPassiveItemProbes	itemRuntimeCheck
I004	1227894836	items	Cheese	2376985	runPickupAndPassiveItemProbes	unit_addProtectedItemById
I003	1227894835	items	Drum'n'Bass Bass Drums	2377085	runPickupAndPassiveItemProbes	unit_addProtectedItemById
I00A	1227894849	items	Drum'n'Bass Bassline Generator	2377130	runPickupAndPassiveItemProbes	unit_addProtectedItemById
I009	1227894841	items	Rune of Repair	2377205	runPickupAndPassiveItemProbes	unit_addProtectedItemById
I00C	1227894851	items	Explode Mine	2377280	runPickupAndPassiveItemProbes	unit_addProtectedItemById
I007	1227894839	items	Quad Damage	2377321	runPickupAndPassiveItemProbes	unit_addProtectedItemById
I008	1227894840	items	Double Damage	2377362	runPickupAndPassiveItemProbes	unit_addProtectedItemById
X00C	1479553091	units	Human Builder	2380057	runSequentialPointItemProbe	createUnit
hfoo	1751543663	units	Footman	2380157	runSequentialPointItemProbe	prepareSmokeUnit
h001	1747988529	units	Artillery	2380359	runSequentialPointItemProbe	prepareNativeSpellUnit
h00L	1747988556	units	Flower of life	2382682	runSequentialBuildingSpellProbe	
hfoo	1751543663	units	Footman	2382702	runSequentialBuildingSpellProbe	
hfoo	1751543663	units	Footman	2382858	runSequentialBuildingSpellProbe	prepareSmokeUnit
h010	1747988784	units	Gjallarhorn	2382993	runSequentialBuildingSpellProbe	prepareNativeSpellUnit
e000	1697656880	units	Faerie Dragon	2383057	runSequentialBuildingSpellProbe	
hfoo	1751543663	units	Footman	2383077	runSequentialBuildingSpellProbe	
hfoo	1751543663	units	Footman	2383185	runSequentialBuildingSpellProbe	prepareSmokeUnit
h03O	1747989327	units	World Freezer	2385507	runSequentialBuildingSpellProbe	
hfoo	1751543663	units	Footman	2395767	runObeliskPhoenixFireBehaviorProbe	createUnit
h005	1747988533	units	Obelisk of Light	2395982	runObeliskPhoenixFireBehaviorProbe	createUnit
A000	1093677104	abilities	HEL: Obelisk of Light	2396070	runObeliskPhoenixFireBehaviorProbe	unit_hasAbility
n022	1848652338	units	Archer	2396871	runRestoredAttackBehaviorProbe	prepareSmokeUnit
hfoo	1751543663	units	Footman	2396924	runRestoredAttackBehaviorProbe	prepareSmokeUnit
X00C	1479553091	units	Human Builder	2398793	replacePerkProbeBuilder	createUnit
I001	1227894833	items	Blast Staff	2400285	finishPerkAbilityProbes	countPerkProbeItem
I001	1227894833	items	Blast Staff	2400367	finishPerkAbilityProbes	countPerkProbeItem
hfoo	1751543663	units	Footman	2401227	runPerkDamageProbes	prepareSmokeUnit
hfoo	1751543663	units	Footman	2401279	runPerkDamageProbes	prepareSmokeUnit
hcas	1751343475	units	Main Castle	2401377	runPerkDamageProbes	createUnit
hfoo	1751543663	units	Footman	2404345	runCurrentUnitPerkProbes	prepareSmokeUnit
hfoo	1751543663	units	Footman	2405206	runCurrentUnitPerkProbes	prepareSmokeUnit
hrif	1752328550	units	Sniper	2405905	runCurrentUnitPerkProbes	prepareSmokeUnit
hfoo	1751543663	units	Footman	2406890	runCurrentUnitPerkProbes	prepareSmokeUnit
hfoo	1751543663	units	Footman	2406936	runCurrentUnitPerkProbes	prepareSmokeUnit
h00W	1747988567	units	Wizard	2408115	runCurrentUnitPerkProbes	prepareSmokeUnit
h060	1747990064	units	Obelisk of Elements	2408246	runCurrentUnitPerkProbes	createUnit
h00W	1747988567	units	Wizard	2408456	runCurrentUnitPerkProbes	prepareSmokeUnit
h060	1747990064	units	Obelisk of Elements	2408576	runCurrentUnitPerkProbes	createUnit
hfoo	1751543663	units	Footman	2409751	runFeatheredFriendGrantProbe	prepareSmokeUnit
X00C	1479553091	units	Human Builder	2411938	runPerkAbilityProbes	createUnit
hcas	1751343475	units	Main Castle	2411990	runPerkAbilityProbes	createUnit
X00C	1479553091	units	Human Builder	2413510	runOrbOfLightningBehaviorProbe	createUnit
hfoo	1751543663	units	Footman	2413568	runOrbOfLightningBehaviorProbe	prepareSmokeUnit
I006	1227894838	items	Orb of Lightning	2413630	runOrbOfLightningBehaviorProbe	unit_addProtectedItemById
X00C	1479553091	units	Human Builder	2414676	runBlastStaffPhoenixFireBehaviorProbe	createUnit
hfoo	1751543663	units	Footman	2414715	runBlastStaffPhoenixFireBehaviorProbe	createUnit
X00C	1479553091	units	Human Builder	2414756	runBlastStaffPhoenixFireBehaviorProbe	createUnit
hfoo	1751543663	units	Footman	2414795	runBlastStaffPhoenixFireBehaviorProbe	createUnit
I001	1227894833	items	Blast Staff	2415149	runBlastStaffPhoenixFireBehaviorProbe	unit_addProtectedItemById
I001	1227894833	items	Blast Staff	2415206	runBlastStaffPhoenixFireBehaviorProbe	unit_getItemById
A02D	1093677636	abilities	Blast	2415252	runBlastStaffPhoenixFireBehaviorProbe	item_getAbility
I001	1227894833	items	Blast Staff	2415345	runBlastStaffPhoenixFireBehaviorProbe	unit_addProtectedItemById
I002	1227894834	items	Multi Blast Staff	2415396	runBlastStaffPhoenixFireBehaviorProbe	unit_getItemById
A02D	1093677636	abilities	Blast	2415454	runBlastStaffPhoenixFireBehaviorProbe	countItemAbilities
A02D	1093677636	abilities	Blast	2415749	runBlastStaffPhoenixFireBehaviorProbe	countItemAbilities
hfoo	1751543663	units	Footman	2416650	createNativeSpellTarget	prepareSmokeUnit
h010	1747988784	units	Gjallarhorn	2416813	createNativeSpellTarget	createUnit
h010	1747988784	units	Gjallarhorn	2417007	createNativeSpellTarget	createUnit
h06U	1747990101	units	Mine Layer	2417210	createNativeSpellTarget	prepareSmokeUnit
h00L	1747988556	units	Flower of life	2417268	createNativeSpellTarget	createUnit
hfoo	1751543663	units	Footman	2417320	createNativeSpellTarget	prepareSmokeUnit
h00L	1747988556	units	Flower of life	2417520	registeredUnitSpellTargetMatchesForE2e	
n02G	1848652359	units	Forest Troll Trapper	2420113	runSequentialUnitSpellProbe	
h06R	1747990098	units	Gyrocopter	2420154	runSequentialUnitSpellProbe	prepareSmokeUnit
hfoo	1751543663	units	Footman	2420283	runSequentialUnitSpellProbe	prepareSmokeUnit
n02G	1848652359	units	Forest Troll Trapper	2421801	runSequentialUnitSpellProbe	
hfoo	1751543663	units	Footman	2431149	runLinkerHealProbe	prepareSmokeUnit
hfoo	1751543663	units	Footman	2438000	runTeammateLinkerHealProbe	prepareSmokeUnit
h05G	1747989831	units	Heroic Shrine	2439043	statefulProbeId	
h059	1747989817	units	Golden Shrine of Justice	2439080	statefulProbeId	
h008	1747988536	units	Treasure Box	2439102	statefulProbeId	
I000	1227894832	items	Gold	2441879	runTreasureBoxConsumer	unit_addProtectedItemById
h09T	1747990868	units	Power Plant	2454876	isSweepCriticalPath	
h001	1747988529	units	Artillery	2454895	isSweepCriticalPath	
h005	1747988533	units	Obelisk of Light	2454915	isSweepCriticalPath	
h069	1747990073	units	Spare Part Heap	2454935	isSweepCriticalPath	
h000	1747988528	units	Barracks	2484821	LE	
h039	1747989305	units	Stronghold	2484836	LE	
h003	1747988531	units	Sniper Nest	2484851	LE	
h037	1747989303	units	Chapel	2484866	LE	
h015	1747988789	units	Gryphon Rock	2484881	LE	
h00K	1747988555	units	Hjordhejmen	2484896	LE	
h001	1747988529	units	Artillery	2484911	LE	
h006	1747988534	units	Watch Tower	2484926	LE	
h00Z	1747988570	units	City of Magic	2484941	LE	
h014	1747988788	units	Arcane Tower	2484956	LE	
h01N	1747988814	units	Crypt	2484971	LE	
h01O	1747988815	units	Turret of Souls	2484986	LE	
h002	1747988530	units	Spider Egg Clutch	2485001	LE	
h00Y	1747988569	units	Furbolg Hut	2485016	LE	
h012	1747988786	units	Furbolg Abode	2485031	LE	
h071	1747990321	units	Enigma	2485046	LE	
h013	1747988787	units	Ancient of Growth	2485061	LE	
h023	1747989043	units	Ancient of Slumber	2485076	LE	
h024	1747989044	units	Ancient of Hibernation	2485091	LE	
n02D	1848652356	units	Ancient Protector	2485106	LE	
h02D	1747989060	units	Ancient of Wonders	2485121	LE	
h00S	1747988563	units	Hunter's Hall	2485136	LE	
h03D	1747989316	units	Ranger's Hall	2485151	LE	
h088	1747990584	units	Moon Shrine	2485166	LE	
h07D	1747990340	units	Moon Altar	2485181	LE	
h07M	1747990349	units	House of Shadows	2485196	LE	
h08P	1747990608	units	Silver Glade	2485211	LE	
h07H	1747990344	units	Obelisk of Wilderness	2485226	LE	
h073	1747990323	units	Elune's Lantern	2485241	LE	
h00F	1747988550	units	Spawning Grounds	2485256	LE	
h01B	1747988802	units	Reptile Pool	2485271	LE	
h01Z	1747988826	units	Naga Spring	2485286	LE	
h00M	1747988557	units	Oracle of Sirens	2485301	LE	
h05X	1747989848	units	Tank Factory	2485316	LE	
h09J	1747990858	units	Mine Layer Factory	2485331	LE	
h05M	1747989837	units	Demolition Lab	2485346	LE	
h077	1747990327	units	Rocket Lab	2485361	LE	
h05V	1747989846	units	Golem Factory	2485376	LE	
h05U	1747989845	units	Lumber Mill	2485391	LE	
h069	1747990073	units	Spare Part Heap	2485406	LE	
h05L	1747989836	units	Energy Tower	2485421	LE	
h09T	1747990868	units	Power Plant	2485436	LE	
h029	1747989049	units	Fighters' Hall	2485451	LE	
h02U	1747989077	units	Advanced Fighters' Hall	2485466	LE	
h031	1747989297	units	Superior Fighters' Hall	2485481	LE	
h02P	1747989072	units	Falcon-Clan Encampment	2485496	LE	
h035	1747989301	units	Melee Kodo Farm	2485511	LE	
h036	1747989302	units	Defensive Kodo Farm	2485526	LE	
o000	1865429040	units	Anti Air Tower	2485541	LE	
n037	1848652599	units	Razormane Abode	2485556	LE	
n02Q	1848652369	units	Harpy Nest	2485571	LE	
n039	1848652601	units	Sandkin Burrow	2485586	LE	
n02R	1848652370	units	Monstrous Sandkin Burrow	2485601	LE	
n033	1848652595	units	Ogre Den	2485616	LE	
n02O	1848652367	units	Den of the Ogre Lord	2485631	LE	
h07E	1747990341	units	Ballista Tower	2485646	LE	
n03D	1848652612	units	Bamboo Dojo	2485661	LE	
n03F	1848652614	units	Brew Hut	2485676	LE	
h07R	1747990354	units	Thunderpaw Spire	2485691	LE	
h07P	1747990352	units	Poof Tower	2485706	LE	
h03X	1747989336	units	Water Spring	2485721	LE	
h045	1747989557	units	Altar of Fire	2485736	LE	
h042	1747989554	units	Pillar of Globe-Lightning	2485751	LE	
h05Z	1747989850	units	Books of Conjuration	2485766	LE	
h06F	1747990086	units	Elemental Rain	2485781	LE	
h06E	1747990085	units	Meteor Shower	2485796	LE	
h061	1747990065	units	Elemental Guard Tower	2485811	LE	
X051	1479554353	units	Elemental Builder	2489342	hasEleBuildingAccess	
X075	1479554869	units	Ultimate Builder	2489386	hasEleBuildingAccess	
A0DS	1093682259	abilities	Elemental Building	2497756	onBuildingFinished	unit_getAbilityLevel
h05G	1747989831	units	Heroic Shrine	2497845	onBuildingFinished	
h059	1747989817	units	Golden Shrine of Justice	2497897	onBuildingFinished	
h063	1747990067	units	Linker	2497948	onBuildingFinished	
h008	1747988536	units	Treasure Box	2497998	onBuildingFinished	
h07X	1747990360	units	Stasis Totem	2502157	isSingleLimitBuilding	
h07Y	1747990361	units	Healing Totem	2502176	isSingleLimitBuilding	
h07Z	1747990362	units	Endurance Totem	2502196	isSingleLimitBuilding	
h008	1747988536	units	Treasure Box	2502323	isBuildingAllowedForCurrentModes	
h008	1747988536	units	Treasure Box	2502576	isBuildingAllowedForCurrentModes	
X075	1479554869	units	Ultimate Builder	2517850	cF	
I00A	1227894849	items	Drum'n'Bass Bassline Generator	2536479	ensureCFItems	CFItem_new_CFItem
I003	1227894835	items	Drum'n'Bass Bass Drums	2536589	ensureCFItems	CFItem_new_CFItem
h03Q	1747989329	units	Icy Tower	2708795	xF	
h049	1747989561	units	Snowy Rocks	2708810	xF	
h06L	1747990092	units	Modern Igloo	2708825	xF	
h048	1747989560	units	Frost Launcher	2708840	xF	
h03I	1747989321	units	Azure Nest	2708855	xF	
h04O	1747989583	units	Nether Ancient	2708870	xF	
h00B	1747988546	units	Fountain of Wonders	2708885	xF	
h01D	1747988804	units	Chaos Citadel	2708900	xF	
h01I	1747988809	units	Lesser Demon Cage	2708915	xF	
h01C	1747988803	units	Altar of Greed	2708930	xF	
h009	1747988537	units	Dragon Nest	2708945	xF	
h01M	1747988813	units	Eraser (Level 1)	2708960	xF	
B001	1110454321	buffs,destructables	Rot	2783055	getTreeReplacement	
B000	1110454320	buffs,destructables	Holy Power	2783075	getTreeReplacement	
X00C	1479553091	units	Human Builder	2799301	applyCampaignHumanRaces__w3p_vmProtect	getSelectedRace
X00C	1479553091	units	Human Builder	2803181	getCampaignTowerIdForBuilder	
X01A	1479553345	units	Nature Builder	2803220	getCampaignTowerIdForBuilder	
X018	1479553336	units	Undead Builder	2803259	getCampaignTowerIdForBuilder	
X051	1479554353	units	Elemental Builder	2803298	getCampaignTowerIdForBuilder	
X078	1479554872	units	Desert Builder	2803337	getCampaignTowerIdForBuilder	
X089	1479555129	units	Night Elf Builder	2803376	getCampaignTowerIdForBuilder	
X019	1479553337	units	Orc Builder	2803415	getCampaignTowerIdForBuilder	
X00P	1479553104	units	Elf Builder	2803454	getCampaignTowerIdForBuilder	
X006	1479553078	units	Corrupted Builder	2803493	getCampaignTowerIdForBuilder	
n01J	1848652106	units	Corrupted Protector	2803516	getCampaignTowerIdForBuilder	
X017	1479553335	units	Northern Builder	2803539	getCampaignTowerIdForBuilder	
h03Q	1747989329	units	Icy Tower	2803562	getCampaignTowerIdForBuilder	
X06P	1479554640	units	Mechanical Builder	2803585	getCampaignTowerIdForBuilder	
X07P	1479554896	units	Pandaren Builder	2803624	getCampaignTowerIdForBuilder	
A005	1093677109	abilities	Rescue Strike	2810704	applyCampaignEnemyRescueStrikes	unit_removeAbility
A06E	1093678661	abilities	Rescue Strike Effect	2810738	applyCampaignEnemyRescueStrikes	unit_removeAbility
X00C	1479553091	units	Human Builder	2866751	buildSmokeFixture	
X018	1479553336	units	Undead Builder	2867925	buildChapterTwoSmokeFixture	
u002	1966092338	units	Skeleton Warrior	2948595	cG	
n00D	1848651844	units	Skeleton Archer	2948613	cG	
u00A	1966092353	units	Skeletal Mage	2948631	cG	
n00C	1848651843	units	Skeletal Hero	2948649	cG	
u00B	1966092354	units	Greater Skeleton Warrior	2948667	cG	
n01L	1848652108	units	Greater Skeleton Archer	2948685	cG	
u003	1966092339	units	Greater Skeletal Mage	2948703	cG	
n01M	1848652109	units	Skeletal General	2948721	cG	
u004	1966092340	units	Ghoul	2949258	onChaosPortalUnitSummoned	
u008	1966092344	units	Greater Ghoul	2949357	onChaosPortalUnitSummoned	
u00E	1966092357	units	Lich Ghoul	2949456	onChaosPortalUnitSummoned	
A088	1093679160	abilities		2949637	onChaosPortalUnitSummoned	addProtectedAbility
A089	1093679161	abilities		2949680	onChaosPortalUnitSummoned	addProtectedAbility
A005	1093677109	abilities	Rescue Strike	3011163	hasAvailableAiRescueStrikeCaster	unit_hasAbility
A005	1093677109	abilities	Rescue Strike	3014026	onAttackStrikeCheck	unit_hasAbility
A08H	1093679176	abilities		3020699	isDispellableEnemyOf	unit_getAbilityLevel
h06B	1747990082	units	Wisp	3020744	isDispellableEnemyOf	
A070	1093678896	abilities	Leg-anti-hex	3020987	devourAttackProc	unit_getAbilityLevel
A086	1093679158	abilities		3021614	devourAttackProc	addProtectedAbility
A09T	1093679444	abilities		3021982	h05LAttackProc	addProtectedAbility
A0DC	1093682243	abilities	ELE: Elemental Guard Tower (Boulder)	3022354	boulderAttackProc	addProtectedAbility
A0C9	1093681977	abilities		3022551	tornadoStackProc	unit_getAbilityLevel
A0C9	1093681977	abilities		3022601	tornadoStackProc	addProtectedAbility
A0C9	1093681977	abilities		3022678	tornadoStackProc	__wurst_safe_SetUnitAbilityLevel
e008	1697656888	units	dummy	3024937	castLightningShield	__wurst_safe_CreateUnit
A0D5	1093682229	abilities	ELE: ElectroShieldElemental	3025013	castLightningShield	addProtectedAbility
A0D5	1093682229	abilities	ELE: ElectroShieldElemental	3025077	castLightningShield	__wurst_safe_SetUnitAbilityLevel
A0C5	1093681973	abilities		3025480	vampireCharge	unit_removeAbility
A0EN	1093682510	abilities		3025554	vampireCharge	addProtectedAbility
A0EZ	1093682522	abilities		3025986	deathPactEmergency	unit_removeAbility
Asla	1098083425	abilities		3026093	finishBearHibernate	unit_removeAbility
A0C7	1093681975	abilities		3026142	finishBearHibernate	unit_removeAbility
A0C6	1093681974	abilities		3026181	finishBearHibernate	unit_removeAbility
Asla	1098083425	abilities		3026565	startBearSleep	addProtectedAbility
A0C7	1093681975	abilities		3026623	startBearSleep	addProtectedAbility
A0C8	1093681976	abilities		3026666	startBearSleep	addProtectedAbility
A0C6	1093681974	abilities		3026714	startBearSleep	addProtectedAbility
A0C4	1093681972	abilities		3026892	startBearHibernate	unit_removeAbility
A03Q	1093677905	abilities		3027292	handleSourceDamageEffects	unit_getAbilityLevel
A0F1	1093682737	abilities		3027351	handleSourceDamageEffects	unit_getAbilityLevel
e008	1697656888	units	dummy	3027568	handleSourceDamageEffects	__wurst_safe_CreateUnit
u00D	1966092356	units	Lich King	3027850	handleSourceDamageEffects	
h05L	1747989836	units	Energy Tower	3027903	handleSourceDamageEffects	
h061	1747990065	units	Elemental Guard Tower	3027954	handleSourceDamageEffects	
n02A	1848652353	units	Emerald Dragon	3028008	handleSourceDamageEffects	
n02B	1848652354	units	Ancient Bear	3028057	handleSourceDamageEffects	
A0C8	1093681976	abilities		3028096	handleSourceDamageEffects	unit_removeAbility
e006	1697656886	units	Dryad	3028119	handleSourceDamageEffects	
e009	1697656889	units	Keeper of the Grove	3028167	handleSourceDamageEffects	
e00C	1697656899	units	Ancient Keeper	3028216	handleSourceDamageEffects	
A0DW	1093682263	abilities		3028296	handleSourceDamageEffects	unit_getAbilityLevel
h02Y	1747989081	units	Greater Elemental Of Water	3028585	handleSourceDamageEffects	
A0C5	1093681973	abilities		3028744	handleTargetDamageEffects	unit_getAbilityLevel
n029	1848652345	units	Bear	3028807	handleTargetDamageEffects	
A0B7	1093681719	abilities	NAT: Bear (feral rage)	3028840	handleTargetDamageEffects	feralRage
A0B5	1093681717	abilities		3028851	handleTargetDamageEffects	feralRage
A0C4	1093681972	abilities		3028891	handleTargetDamageEffects	unit_getAbilityLevel
Asla	1098083425	abilities		3028993	handleTargetDamageEffects	unit_removeAbility
A0C6	1093681974	abilities		3029027	handleTargetDamageEffects	unit_removeAbility
n02B	1848652354	units	Ancient Bear	3029054	handleTargetDamageEffects	
A0B8	1093681720	abilities	NAT: Ancient Bear (feral rage)	3029087	handleTargetDamageEffects	feralRage
A0B6	1093681718	abilities		3029098	handleTargetDamageEffects	feralRage
A0C4	1093681972	abilities		3029138	handleTargetDamageEffects	unit_getAbilityLevel
Asla	1098083425	abilities		3029240	handleTargetDamageEffects	unit_removeAbility
A0C7	1093681975	abilities		3029274	handleTargetDamageEffects	unit_removeAbility
A0DX	1093682264	abilities		3029321	handleTargetDamageEffects	unit_getAbilityLevel
A0EZ	1093682522	abilities		3029400	handleTargetDamageEffects	unit_getAbilityLevel
o00E	1865429061	units	Greater Elemental Of Wind	3029454	handleTargetDamageEffects	
n02U	1848652373	units	Razormane	3029586	handleFanOfKnives	
A0GL	1093683020	abilities	Razor Spray	3029643	handleFanOfKnives	unit_getAbilityLevel
A0GL	1093683020	abilities	Razor Spray	3029771	handleFanOfKnives	__wurst_safe_BlzGetUnitAbilityCooldownRemaining
A0GL	1093683020	abilities	Razor Spray	3029882	handleFanOfKnives	__wurst_safe_BlzGetUnitAbilityManaCost
h05H	1747989832	units	Vampire Lord	3030097	applyVampireArmorReduction	
A0GY	1093683033	abilities	Blood Corrosion	3030194	applyVampireArmorReduction	unit_getAbilityLevel
A0GY	1093683033	abilities	Blood Corrosion	3030244	applyVampireArmorReduction	addProtectedAbility
A0GY	1093683033	abilities	Blood Corrosion	3030321	applyVampireArmorReduction	__wurst_safe_SetUnitAbilityLevel
n036	1848652598	units	Quillboar Yard	3031727	EG	Dzb:HashMap_put
n037	1848652599	units	Razormane Abode	3031776	EG	Dzb:HashMap_put
n02P	1848652368	units	Gnoll Tent	3031825	EG	Dzb:HashMap_put
n03A	1848652609	units	Temple of Storm	3031874	EG	Dzb:HashMap_put
n02N	1848652366	units	Fire Gnoll Hut	3031923	EG	Dzb:HashMap_put
n02Q	1848652369	units	Harpy Nest	3031972	EG	Dzb:HashMap_put
n03B	1848652610	units	Nest of Harpy Witch	3032021	EG	Dzb:HashMap_put
n031	1848652593	units	Nest of Harpy Matriarch	3032070	EG	Dzb:HashMap_put
n039	1848652601	units	Sandkin Burrow	3032119	EG	Dzb:HashMap_put
n02R	1848652370	units	Monstrous Sandkin Burrow	3032168	EG	Dzb:HashMap_put
n033	1848652595	units	Ogre Den	3032217	EG	Dzb:HashMap_put
n02O	1848652367	units	Den of the Ogre Lord	3032266	EG	Dzb:HashMap_put
n038	1848652600	units	Salamander Hatchery	3032315	EG	Dzb:HashMap_put
h07A	1747990337	units	Sacred Peyote	3032364	EG	Dzb:HashMap_put
h079	1747990329	units	Beacon of the Oasis	3032413	EG	Dzb:HashMap_put
h07E	1747990341	units	Ballista Tower	3032462	EG	Dzb:HashMap_put
AM0f	1095577702	abilities		3063577	LG	__wurst_ensureInt
AM0g	1095577703	abilities		3063610	LG	__wurst_ensureInt
AM0h	1095577704	abilities		3063643	LG	__wurst_ensureInt
AM0i	1095577705	abilities		3063676	LG	__wurst_ensureInt
AM0j	1095577706	abilities		3063709	LG	__wurst_ensureInt
AM0k	1095577707	abilities		3063742	LG	__wurst_ensureInt
AM0l	1095577708	abilities		3063775	LG	__wurst_ensureInt
AM0m	1095577709	abilities		3063808	LG	__wurst_ensureInt
AM0o	1095577711	abilities		3063870	LG	__wurst_ensureInt
AM0p	1095577712	abilities		3063903	LG	__wurst_ensureInt
AM0q	1095577713	abilities		3063936	LG	__wurst_ensureInt
AM0r	1095577714	abilities		3063969	LG	__wurst_ensureInt
AM0t	1095577716	abilities		3064031	LG	__wurst_ensureInt
AM0u	1095577717	abilities		3064064	LG	__wurst_ensureInt
AM0w	1095577719	abilities		3064126	LG	__wurst_ensureInt
AM0x	1095577720	abilities		3064159	LG	__wurst_ensureInt
x001	2016423985	units	Effect Dummy Unit	3143412	QG	__wurst_ensureInt
AM02	1095577650	abilities		3143445	QG	__wurst_ensureInt
AM03	1095577651	abilities		3143474	QG	__wurst_ensureInt
ZE2E	1514484293	abilities		3163067	dH	
hfoo	1751543663	units	Footman	3169399	jH	__wurst_safe_CreateUnit
h010	1747988784	units	Gjallarhorn	3171216	mH	
A01K	1093677387	abilities		3171236	mH	
A01K	1093677387	abilities		3171377	mH	
h010	1747988784	units	Gjallarhorn	3171403	mH	
n01U	1848652117	units	Gobbo Machinist	3171946	nH	
A07M	1093678925	abilities		3176546	isSupportOrderUnit	unit_getAbilityLevel
n01U	1848652117	units	Gobbo Machinist	3181361	sH	
A07M	1093678925	abilities		3182642	shouldApplyGobboTimedLife	unit_getAbilityLevel
h001	1747988529	units	Artillery	3199539	AH	
A07I	1093678921	abilities		3213901	isIdleAttackUnit	unit_getAbilityLevel
A07M	1093678925	abilities		3213946	isIdleAttackUnit	unit_getAbilityLevel
x003	2016423987	units	Dummy Caster	3232251	MH	__wurst_ensureInt
AM0z	1095577722	abilities		3232284	MH	__wurst_ensureInt
I000	1227894832	items	Gold	3237411	TH	
I004	1227894836	items	Cheese	3237426	TH	
I001	1227894833	items	Blast Staff	3237441	TH	
I002	1227894834	items	Multi Blast Staff	3237456	TH	
I008	1227894840	items	Double Damage	3238768	UH	
I007	1227894839	items	Quad Damage	3238807	UH	
I005	1227894837	items	Scroll of Stone	3238879	UH	
I003	1227894835	items	Drum'n'Bass Bass Drums	3238918	UH	
I00A	1227894849	items	Drum'n'Bass Bassline Generator	3238957	UH	
I009	1227894841	items	Rune of Repair	3238996	UH	
I008	1227894840	items	Double Damage	3243723	ZH	
e008	1697656888	units	dummy	3243784	ZH	__wurst_safe_CreateUnitAtLoc
A06D	1093678660	abilities	DoubleDamageAura	3243825	ZH	safeUnitAddAbility
I007	1227894839	items	Quad Damage	3243899	ZH	
e008	1697656888	units	dummy	3243960	ZH	__wurst_safe_CreateUnitAtLoc
A06C	1093678659	abilities	QuadDamageAura	3244001	ZH	safeUnitAddAbility
h03V	1747989334	units	Master Of Elements	3281458	CI	
A0E1	1093682481	abilities		3281469	CI	
h03H	1747989320	units		3283830	processMasterLightningBolts	createUnit
A043	1093678131	abilities	NOR: Ice Queen (frost nova)	3285930	processSnowMissiles	dummyCastTargetWithVision
A043	1093678131	abilities	NOR: Ice Queen (frost nova)	3286024	processSnowMissiles	__wurst_safe_SetUnitAbilityLevel
h068	1747990072	units		3286763	spawnSnowMissileFanStep	createUnit
h03H	1747989320	units		3287965	onLightningBolt	createUnit
h001	1747988529	units	Artillery	3293100	syncArtilleryModeAvailability	__wurst_safe_SetPlayerUnitAvailableBJ
h048	1747989560	units	Frost Launcher	3293161	syncArtilleryModeAvailability	__wurst_safe_SetPlayerUnitAvailableBJ
h01E	1747988805	units	Shrine of Destruction	3293222	syncArtilleryModeAvailability	__wurst_safe_SetPlayerUnitAvailableBJ
h07U	1747990357	units	Vessel of Purity	3293283	syncArtilleryModeAvailability	__wurst_safe_SetPlayerUnitAvailableBJ
h07W	1747990359	units	Snowveil Fountain	3293350	syncArtilleryModeAvailability	__wurst_safe_SetPlayerUnitAvailableBJ
h008	1747988536	units	Treasure Box	3295367	applyTreasureBoxModeEnabled	__wurst_safe_SetPlayerUnitAvailableBJ
X00C	1479553091	units	Human Builder	3348778	resolveControlledSlotBuilderId	
h09W	1747990871	units	Race Ban	3358348	advanceManualRaceBan	__wurst_safe_CreateUnit
X00C	1479553091	units	Human Builder	3360978	applyConfiguredRaces	
X075	1479554869	units	Ultimate Builder	3363992	applyUltimateRaces	
h033	1747989299	units	Race Chooser	3365874	advanceDraftRaceSelection	__wurst_safe_CreateUnit
h033	1747989299	units	Race Chooser	3368930	runPickRaceSelection	__wurst_safe_CreateUnit
X00C	1479553091	units	Human Builder	3370676	completeRoundStart	
X00C	1479553091	units	Human Builder	3371050	completeRoundStart	
A001	1093677105	abilities		3371895	completeRoundStart	unit_removeAbility
A005	1093677109	abilities	Rescue Strike	3371987	completeRoundStart	unit_removeAbility
A06E	1093678661	abilities	Rescue Strike Effect	3372021	completeRoundStart	unit_removeAbility
A0A5	1093681461	abilities	Issue buy order	3372663	completeRoundStart	addProtectedAbility
h07J	1747990346	units	Main Castle	3376806	createRoundCastlesAndContinue	__wurst_safe_CreateUnit
hcas	1751343475	units	Main Castle	3376915	createRoundCastlesAndContinue	__wurst_safe_CreateUnit
h07K	1747990347	units	Main Castle	3377039	createRoundCastlesAndContinue	__wurst_safe_CreateUnit
h06M	1747990093	units	Main Castle	3377148	createRoundCastlesAndContinue	__wurst_safe_CreateUnit
Aall	1096903788	abilities		3377449	createRoundCastlesAndContinue	unit_removeAbility
h07J	1747990346	units	Main Castle	3377605	createRoundCastlesAndContinue	__wurst_safe_CreateUnit
hcas	1751343475	units	Main Castle	3377714	createRoundCastlesAndContinue	__wurst_safe_CreateUnit
h07K	1747990347	units	Main Castle	3377838	createRoundCastlesAndContinue	__wurst_safe_CreateUnit
h06M	1747990093	units	Main Castle	3377947	createRoundCastlesAndContinue	__wurst_safe_CreateUnit
Aall	1096903788	abilities		3378250	createRoundCastlesAndContinue	unit_removeAbility
X00C	1479553091	units	Human Builder	3386108	runModeRuntimeRoundtripE2e	setPresetRaceAssignment
X00C	1479553091	units	Human Builder	3386149	runModeRuntimeRoundtripE2e	setPresetRaceAssignment
n03E	1848652613	units	Sagepaw Monk	3389902	NI	
A0GN	1093683022	abilities	PAN: Panda Monk Heal	3389913	NI	
n03T	1848652628	units	Sagepaw Soulkeeper	3390169	NI	
A0GN	1093683022	abilities	PAN: Panda Monk Heal	3390180	NI	
h005	1747988533	units	Obelisk of Light	3403098	TI	
A000	1093677104	abilities	HEL: Obelisk of Light	3403112	TI	
n02M	1848652365	units	Goblin Rocketeer	3422745	fJ	
n03R	1848652626	units	Echo Remnant	3422913	fJ	
A07M	1093678925	abilities		3423922	fJ	unit_getAbilityLevel
h06B	1747990082	units	Wisp	3424016	fJ	
A0ES	1093682515	abilities		3424297	fJ	addProtectedAbility
e00A	1697656897	units	Avatar of Vengeance	3424546	fJ	
n00V	1848651862	units	Troll Berserker	3424711	fJ	
n01O	1848652111	units	Troll Trapper	3424730	fJ	
n02G	1848652359	units	Forest Troll Trapper	3424750	fJ	
e00B	1697656898	units	Avenging Spirit	3424839	fJ	
e00A	1697656897	units	Avatar of Vengeance	3425020	fJ	
h01U	1747988821	units	Vampire	3425204	fJ	
h01V	1747988822	units	Lesser Vampire	3425411	fJ	createUnit
h05H	1747989832	units	Vampire Lord	3425664	fJ	
h01U	1747988821	units	Vampire	3425871	fJ	createUnit
A07M	1093678925	abilities		3426141	fJ	unit_getAbilityLevel
A07G	1093678919	abilities	Summoned Unit	3426227	fJ	unit_getAbilityLevel
A07H	1093678920	abilities	TypeLegendary	3426271	fJ	unit_getAbilityLevel
A0F5	1093682741	abilities	Elemental Unit	3426513	fJ	unit_getAbilityLevel
A0EL	1093682508	abilities		3427476	fJ	unit_getAbilityLevel
h05G	1747989831	units	Heroic Shrine	3427628	fJ	
h059	1747989817	units	Golden Shrine of Justice	3427738	fJ	
h063	1747990067	units	Linker	3427846	fJ	
h008	1747988536	units	Treasure Box	3427944	fJ	
A0DS	1093682259	abilities	Elemental Building	3428073	fJ	unit_getAbilityLevel
AM01	1095577649	abilities	Leave Detect	3429117	hJ	__wurst_ensureInt
A02H	1093677640	abilities		3429985	iJ	
cfOL	1667649356	abilities		3429999	iJ	
A07H	1093678920	abilities	TypeLegendary	3432442	mJ	unit_getAbilityLevel
h03A	1747989313	units	Defender	3432970	mJ	
h07T	1747990356	units	Withering Hall	3436114	pJ	
A0H6	1093683254	abilities	PAN: Withering Touch	3436134	pJ	
A0H6	1093683254	abilities	PAN: Withering Touch	3436275	pJ	
h07T	1747990356	units	Withering Hall	3436301	pJ	
h07R	1747990354	units	Thunderpaw Spire	3436400	pJ	Dzb:HashMap_put
AM0a	1095577697	abilities	Production Enchantment	3440866	vJ	__wurst_ensureInt
AM0b	1095577698	abilities		3440898	vJ	__wurst_ensureInt
AM0c	1095577699	abilities		3440930	vJ	__wurst_ensureInt
AM0d	1095577700	abilities	Spell Enchantment	3441095	vJ	__wurst_ensureInt
AM0e	1095577701	abilities		3441127	vJ	__wurst_ensureInt
AM06	1095577654	abilities	Combat Stance: Execute	3457851	AJ	__wurst_ensureInt
AM07	1095577655	abilities	Combat Stance: Open Fire	3457883	AJ	__wurst_ensureInt
x002	2016423986	units	Feathered Friend	3461584	BJ	__wurst_ensureInt
IM01	1229795377	items	Bird Food	3461616	BJ	__wurst_ensureInt
IM02	1229795378	items	Towerless Token	3469964	CJ	__wurst_ensureInt
AM04	1095577652	abilities		3469993	CJ	__wurst_ensureInt
AM05	1095577653	abilities	Multi Shot	3470022	CJ	__wurst_ensureInt
h081	1747990577	units	Tiny Watch Tower	3470036	CJ	
AM08	1095577656	abilities		3473846	HJ	__wurst_ensureInt
AM09	1095577657	abilities		3473878	HJ	__wurst_ensureInt
AcfS	1097033299	abilities		3490785	OJ	
IcfS	1231251027	items	Portable Cloud Machine	3490799	OJ	
A005	1093677109	abilities	Rescue Strike	3500472	removeLeavingBuilder	unit_getAbilityLevel
A0A5	1093681461	abilities	Issue buy order	3504166	markBuilderSharedControl	unit_getAbilityLevel
A0A5	1093681461	abilities	Issue buy order	3504218	markBuilderSharedControl	addProtectedAbility
h09T	1747990868	units	Power Plant	3513189	dK	
A09S	1093679443	abilities	Power Armor	3514515	registerPowerPlant	addProtectedAbility
A09P	1093679440	abilities		3514558	registerPowerPlant	addProtectedAbility
A09V	1093679446	abilities		3514601	registerPowerPlant	addProtectedAbility
X00O	1479553103	units	Chaos Builder	3516659	kK	
h01I	1747988809	units	Lesser Demon Cage	3516898	kK	CFBuilding_CFBuilding_incomeFactor
n00A	1848651841	units	Satyr	3516909	kK	CFBuilding_CFBuilding_incomeFactor
h026	1747989046	units	Greater Demon Cage	3517167	kK	CFBuilding_CFBuilding_incomeFactor
z000	2049978416	units	Quill Demon	3517178	kK	CFBuilding_CFBuilding_incomeFactor
h06O	1747990095	units	Serenity	3517400	kK	CFBuilding_CFBuilding_incomeFactor
e00E	1697656901	units	Twins	3517411	kK	CFBuilding_CFBuilding_incomeFactor
h01D	1747988804	units	Chaos Citadel	3517627	kK	CFBuilding_CFBuilding_incomeFactor
n009	1848651833	units	Chaos Warrior	3517638	kK	CFBuilding_CFBuilding_incomeFactor
h03G	1747989319	units	Greater Chaos Citadel	3517895	kK	CFBuilding_CFBuilding_incomeFactor
n00Z	1848651866	units	Chaos Champion	3517906	kK	CFBuilding_CFBuilding_incomeFactor
h01E	1747988805	units	Shrine of Destruction	3518162	kK	CFBuilding_CFBuilding_incomeFactor
h01C	1747988803	units	Altar of Greed	3518376	kK	CFBuilding_CFBuilding_incomeFactor
n008	1848651832	units	Succubus	3518387	kK	CFBuilding_CFBuilding_incomeFactor
h025	1747989045	units	Fountain of Blood	3518598	kK	CFBuilding_CFBuilding_incomeFactor
n00L	1848651852	units	Blood Fiend	3518609	kK	CFBuilding_CFBuilding_incomeFactor
h009	1747988537	units	Dragon Nest	3518855	kK	CFBuilding_CFBuilding_incomeFactor
n001	1848651825	units	Red Dragon	3518866	kK	CFBuilding_CFBuilding_incomeFactor
h007	1747988535	units	Demon Gate	3519115	kK	CFBuilding_CFBuilding_incomeFactor
n000	1848651824	units	Infernal	3519126	kK	CFBuilding_CFBuilding_incomeFactor
h01F	1747988806	units	Volcano	3519376	kK	CFBuilding_CFBuilding_incomeFactor
h05I	1747989833	units	Magic Ruin	3519661	kK	CFBuilding_CFBuilding_incomeFactor
h01M	1747988813	units	Eraser (Level 1)	3519917	kK	CFBuilding_CFBuilding_incomeFactor
h01W	1747988823	units	Eraser (Level 2)	3520175	kK	CFBuilding_CFBuilding_incomeFactor
h01X	1747988824	units	Eraser (Level 3)	3520397	kK	CFBuilding_CFBuilding_incomeFactor
h03G	1747989319	units	Greater Chaos Citadel	3520567	kK	Dzb:HashMap_put
h05I	1747989833	units	Magic Ruin	3520875	lK	
A06R	1093678674	abilities		3520895	lK	
A06R	1093678674	abilities		3521036	lK	
h05I	1747989833	units	Magic Ruin	3521062	lK	
h01M	1747988813	units	Eraser (Level 1)	3521186	lK	
A01W	1093677399	abilities		3521206	lK	
A01W	1093677399	abilities		3521347	lK	
h01M	1747988813	units	Eraser (Level 1)	3521373	lK	
h01W	1747988823	units	Eraser (Level 2)	3521497	lK	
A01W	1093677399	abilities		3521517	lK	
A01W	1093677399	abilities		3521658	lK	
h01W	1747988823	units	Eraser (Level 2)	3521684	lK	
h01X	1747988824	units	Eraser (Level 3)	3521808	lK	
A01W	1093677399	abilities		3521828	lK	
A01W	1093677399	abilities		3521969	lK	
h01X	1747988824	units	Eraser (Level 3)	3521995	lK	
h01F	1747988806	units	Volcano	3522119	lK	
A01J	1093677386	abilities		3522139	lK	
A01J	1093677386	abilities		3522280	lK	
h01F	1747988806	units	Volcano	3522306	lK	
h01E	1747988805	units	Shrine of Destruction	3522430	lK	
A01E	1093677381	abilities		3522450	lK	
A01E	1093677381	abilities		3522591	lK	
h01E	1747988805	units	Shrine of Destruction	3522617	lK	
n00Z	1848651866	units	Chaos Champion	3522923	lK	
A03S	1093677907	abilities		3522934	lK	
n02L	1848652364	units	Twin Smiley	3523198	lK	
A0FU	1093682773	abilities	Parasite(twins)	3523209	lK	
A06T	1093678676	abilities		3525000	magicRuinSpell	addProtectedAbility
A06U	1093678677	abilities		3525043	magicRuinSpell	addProtectedAbility
A018	1093677368	abilities		3525186	magicRuinSpell	chaosControlDummy
A0BL	1093681740	abilities	NAT: Banish	3525257	magicRuinSpell	chaosControlDummy
A06S	1093678675	abilities		3525501	magicRuinSpell	chaosControlDummy
n01S	1848652115	units	Mutation	3525800	magicRuinSpell	createUnit
h06C	1747990083	units	SodDummy	3527469	shrineOfDestructionSpell	createUnit
A0EU	1093682517	abilities	(Sod) Freezing Breath	3527562	shrineOfDestructionSpell	__wurst_safe_SetUnitAbilityLevel
A0FE	1093682757	abilities	( SOD ) damage overtime	3527620	shrineOfDestructionSpell	__wurst_safe_SetUnitAbilityLevel
A0EU	1093682517	abilities	(Sod) Freezing Breath	3527697	shrineOfDestructionSpell	__wurst_safe_SetUnitAbilityLevel
A0FE	1093682757	abilities	( SOD ) damage overtime	3527755	shrineOfDestructionSpell	__wurst_safe_SetUnitAbilityLevel
A0EU	1093682517	abilities	(Sod) Freezing Breath	3527832	shrineOfDestructionSpell	__wurst_safe_SetUnitAbilityLevel
A0FE	1093682757	abilities	( SOD ) damage overtime	3527890	shrineOfDestructionSpell	__wurst_safe_SetUnitAbilityLevel
h033	1747989299	units	Race Chooser	3528400	mK	
A0DP	1093682256	abilities		3528414	mK	
A0DQ	1093682257	abilities		3528428	mK	
A0DR	1093682258	abilities		3528442	mK	
A0FY	1093682777	abilities		3528456	mK	
A0DD	1093682244	abilities		3528652	raceChooserAbilityIdAt	
A0DE	1093682245	abilities		3528689	raceChooserAbilityIdAt	
A0DF	1093682246	abilities		3528726	raceChooserAbilityIdAt	
A0DG	1093682247	abilities		3528763	raceChooserAbilityIdAt	
A0DH	1093682248	abilities		3528800	raceChooserAbilityIdAt	
A0DI	1093682249	abilities		3528837	raceChooserAbilityIdAt	
A0DJ	1093682250	abilities		3528874	raceChooserAbilityIdAt	
A0DK	1093682251	abilities		3528911	raceChooserAbilityIdAt	
A0DL	1093682252	abilities		3528948	raceChooserAbilityIdAt	
A0DM	1093682253	abilities		3528985	raceChooserAbilityIdAt	
A0DN	1093682254	abilities		3529023	raceChooserAbilityIdAt	
A0DO	1093682255	abilities		3529061	raceChooserAbilityIdAt	
A0G0	1093682992	abilities		3529099	raceChooserAbilityIdAt	
A0GO	1093683023	abilities		3529137	raceChooserAbilityIdAt	
B00Q	1110454353	buffs	|c00ff0000Corrupt Armor|r	3530784	nK	
X006	1479553078	units	Corrupted Builder	3530947	nK	
h04V	1747989590	units	Ancient of Battle	3531186	nK	CFBuilding_CFBuilding_incomeFactor
n01I	1848652105	units	Corrupted Ent	3531197	nK	CFBuilding_CFBuilding_incomeFactor
h04W	1747989591	units	Corrupted Ancient of War	3531455	nK	CFBuilding_CFBuilding_incomeFactor
n01H	1848652104	units	Corrupted Treant	3531466	nK	CFBuilding_CFBuilding_incomeFactor
h09Y	1747990873	units	Corrupted Ancient of Annihilation	3531688	nK	CFBuilding_CFBuilding_incomeFactor
n027	1848652343	units	Corrupted Annihilator	3531699	nK	CFBuilding_CFBuilding_incomeFactor
h04L	1747989580	units	Void Portal	3531880	nK	CFBuilding_CFBuilding_incomeFactor
n019	1848652089	units	Void Walker	3531891	nK	CFBuilding_CFBuilding_incomeFactor
h04N	1747989582	units	Portal of the Abyss	3532108	nK	CFBuilding_CFBuilding_incomeFactor
n01A	1848652097	units	Void Keeper	3532119	nK	CFBuilding_CFBuilding_incomeFactor
h04O	1747989583	units	Nether Ancient	3532295	nK	CFBuilding_CFBuilding_incomeFactor
n01D	1848652100	units	Nether Drake	3532306	nK	CFBuilding_CFBuilding_incomeFactor
h04M	1747989581	units	Shadow Ancient	3532522	nK	CFBuilding_CFBuilding_incomeFactor
n01B	1848652098	units	Shadow Drake	3532533	nK	CFBuilding_CFBuilding_incomeFactor
h04Q	1747989585	units	Hell's Gate	3532740	nK	CFBuilding_CFBuilding_incomeFactor
n01F	1848652102	units		3532751	nK	CFBuilding_CFBuilding_incomeFactor
h04P	1747989584	units	Hell's Portal	3532999	nK	CFBuilding_CFBuilding_incomeFactor
n01E	1848652101	units	Infernal Tank	3533010	nK	CFBuilding_CFBuilding_incomeFactor
h04S	1747989587	units	Felhound Shrine	3533188	nK	CFBuilding_CFBuilding_incomeFactor
n01G	1848652103	units	Felhound	3533199	nK	CFBuilding_CFBuilding_incomeFactor
h04U	1747989589	units	Demonic Statue	3533445	nK	CFBuilding_CFBuilding_incomeFactor
h04I	1747989577	units	Incubus	3533456	nK	CFBuilding_CFBuilding_incomeFactor
h04K	1747989579	units	Well of Pain	3533710	nK	CFBuilding_CFBuilding_incomeFactor
h04R	1747989586	units	Forgotten One	3533962	nK	CFBuilding_CFBuilding_incomeFactor
n01J	1848652106	units	Corrupted Protector	3534217	nK	CFBuilding_CFBuilding_incomeFactor
h04T	1747989588	units	Eye of Corruption	3534499	nK	CFBuilding_CFBuilding_incomeFactor
h09Y	1747990873	units	Corrupted Ancient of Annihilation	3534702	nK	Dzb:HashMap_put
h04U	1747989589	units	Demonic Statue	3534751	nK	Dzb:HashMap_put
h04M	1747989581	units	Shadow Ancient	3534800	nK	Dzb:HashMap_put
h04K	1747989579	units	Well of Pain	3534849	nK	Dzb:HashMap_put
h04R	1747989586	units	Forgotten One	3535298	oK	
A04U	1093678165	abilities		3535318	oK	
A04U	1093678165	abilities		3535459	oK	
h04R	1747989586	units	Forgotten One	3535485	oK	
h04K	1747989579	units	Well of Pain	3535609	oK	
A057	1093678391	abilities	COR: Well Of Pain	3535629	oK	
A057	1093678391	abilities	COR: Well Of Pain	3535770	oK	
h04K	1747989579	units	Well of Pain	3535796	oK	
n027	1848652343	units	Corrupted Annihilator	3536101	oK	
A0AE	1093681477	abilities		3536112	oK	
n03C	1848652611	units	Ghost of Sorrow	3537873	wellOfPainSpell	createUnit
A0AF	1093681478	abilities		3538332	annihilatorSpell	dummyCastPointFrom
X0Z0	1479563824	units	Critter Builder	3538675	pK	
h0Z1	1747999281	units	Mudcrab Burrow	3538910	pK	CFBuilding_CFBuilding_incomeFactor
n0Z1	1848662577	units	Mudcrab	3538921	pK	CFBuilding_CFBuilding_incomeFactor
h0Z2	1747999282	units	Rockcrab Burrow	3539144	pK	CFBuilding_CFBuilding_incomeFactor
n0Z2	1848662578	units	Rock Crab	3539155	pK	CFBuilding_CFBuilding_incomeFactor
h0Z3	1747999283	units	Spinecrab Tidepool	3539364	pK	CFBuilding_CFBuilding_incomeFactor
n0Z3	1848662579	units	Spiny Crab	3539375	pK	CFBuilding_CFBuilding_incomeFactor
h0Z4	1747999284	units	Hermit Mound	3539588	pK	CFBuilding_CFBuilding_incomeFactor
n0Z4	1848662580	units	Hermit Crab	3539599	pK	CFBuilding_CFBuilding_incomeFactor
h0Z5	1747999285	units	Tidal Cairn	3539813	pK	CFBuilding_CFBuilding_incomeFactor
h0Z6	1747999286	units	Coral Spire	3540068	pK	CFBuilding_CFBuilding_incomeFactor
h0Z7	1747999287	units	Reef Guardian	3540318	pK	CFBuilding_CFBuilding_incomeFactor
n0Z7	1848662583	units	Giant Reef Crab	3540329	pK	CFBuilding_CFBuilding_incomeFactor
X078	1479554872	units	Desert Builder	3540966	qK	
n036	1848652598	units	Quillboar Yard	3541167	qK	CFBuilding_CFBuilding_incomeFactor
n02V	1848652374	units	Quillboar	3541178	qK	CFBuilding_CFBuilding_incomeFactor
n037	1848652599	units	Razormane Abode	3541401	qK	CFBuilding_CFBuilding_incomeFactor
n02U	1848652373	units	Razormane	3541412	qK	CFBuilding_CFBuilding_incomeFactor
n02P	1848652368	units	Gnoll Tent	3541621	qK	CFBuilding_CFBuilding_incomeFactor
n02S	1848652371	units	Gnoll	3541632	qK	CFBuilding_CFBuilding_incomeFactor
n02N	1848652366	units	Fire Gnoll Hut	3541882	qK	CFBuilding_CFBuilding_incomeFactor
n02T	1848652372	units	Fire Gnoll	3541893	qK	CFBuilding_CFBuilding_incomeFactor
n02Q	1848652369	units	Harpy Nest	3542109	qK	CFBuilding_CFBuilding_incomeFactor
n02W	1848652375	units	Harpy	3542120	qK	CFBuilding_CFBuilding_incomeFactor
n03B	1848652610	units	Nest of Harpy Witch	3542338	qK	CFBuilding_CFBuilding_incomeFactor
n032	1848652594	units	Harpy Witch	3542349	qK	CFBuilding_CFBuilding_incomeFactor
n031	1848652593	units	Nest of Harpy Matriarch	3542531	qK	CFBuilding_CFBuilding_incomeFactor
n034	1848652596	units	Harpies' Matriarch	3542542	qK	CFBuilding_CFBuilding_incomeFactor
n039	1848652601	units	Sandkin Burrow	3542719	qK	CFBuilding_CFBuilding_incomeFactor
n030	1848652592	units	Sandkin	3542730	qK	CFBuilding_CFBuilding_incomeFactor
n02R	1848652370	units	Monstrous Sandkin Burrow	3542947	qK	CFBuilding_CFBuilding_incomeFactor
n035	1848652597	units	Monstrous Sandkin	3542958	qK	CFBuilding_CFBuilding_incomeFactor
n033	1848652595	units	Ogre Den	3543165	qK	CFBuilding_CFBuilding_incomeFactor
n02X	1848652376	units	Ogre	3543176	qK	CFBuilding_CFBuilding_incomeFactor
n02O	1848652367	units	Den of the Ogre Lord	3543424	qK	CFBuilding_CFBuilding_incomeFactor
n02Y	1848652377	units	Ogre Lord	3543435	qK	CFBuilding_CFBuilding_incomeFactor
n038	1848652600	units	Salamander Hatchery	3543613	qK	CFBuilding_CFBuilding_incomeFactor
n02Z	1848652378	units	Salamander	3543624	qK	CFBuilding_CFBuilding_incomeFactor
h07A	1747990337	units	Sacred Peyote	3543873	qK	CFBuilding_CFBuilding_incomeFactor
h079	1747990329	units	Beacon of the Oasis	3544122	qK	CFBuilding_CFBuilding_incomeFactor
h07E	1747990341	units	Ballista Tower	3544377	qK	CFBuilding_CFBuilding_incomeFactor
n03A	1848652609	units	Temple of Storm	3544659	qK	CFBuilding_CFBuilding_incomeFactor
AM0y	1095577721	abilities		3545105	rK	__wurst_ensureInt
h079	1747990329	units	Beacon of the Oasis	3545203	rK	
A0GE	1093683013	abilities	Oasis Ability	3545223	rK	
A0GE	1093683013	abilities	Oasis Ability	3545364	rK	
h079	1747990329	units	Beacon of the Oasis	3545390	rK	
h07A	1747990337	units	Sacred Peyote	3545514	rK	
A0GF	1093683014	abilities	Peyote abil	3545534	rK	
A0GF	1093683014	abilities	Peyote abil	3545675	rK	
h07A	1747990337	units	Sacred Peyote	3545701	rK	
n03A	1848652609	units	Temple of Storm	3545825	rK	
A0GK	1093683019	abilities	SandStorm abil	3545845	rK	
A0GK	1093683019	abilities	SandStorm abil	3545986	rK	
n03A	1848652609	units	Temple of Storm	3546012	rK	
n030	1848652592	units	Sandkin	3546318	rK	
A0G8	1093683000	abilities	DST: Sandkin abil	3546329	rK	
n035	1848652597	units	Monstrous Sandkin	3546593	rK	
A0G8	1093683000	abilities	DST: Sandkin abil	3546604	rK	
n02Y	1848652377	units	Ogre Lord	3546868	rK	
A0GB	1093683010	abilities	DST: Ogre auto	3546879	rK	
n034	1848652596	units	Harpies' Matriarch	3547143	rK	
A0H1	1093683249	abilities	DST: Matriarch auto	3547154	rK	
n032	1848652594	units	Harpy Witch	3547418	rK	
A0G9	1093683001	abilities	DST: Harpy auto	3547429	rK	
A0GA	1093683009	abilities	Sandcloud	3553985	spellSandCloud	
n035	1848652597	units	Monstrous Sandkin	3554020	spellSandCloud	
A0HP	1093683280	abilities	Sandcloud2x	3554040	spellSandCloud	
X051	1479554353	units	Elemental Builder	3554940	wK	
h04A	1747989569	units	Trapped Gale	3555173	wK	CFBuilding_CFBuilding_incomeFactor
o00C	1865429059	units	Lesser Elemental Of Wind	3555184	wK	CFBuilding_CFBuilding_incomeFactor
h04C	1747989571	units	Monument of Wind Stream	3555474	wK	CFBuilding_CFBuilding_incomeFactor
o00D	1865429060	units	Elemental Of Wind	3555485	wK	CFBuilding_CFBuilding_incomeFactor
h04D	1747989572	units	Zephyros Memorial	3555734	wK	CFBuilding_CFBuilding_incomeFactor
o00E	1865429061	units	Greater Elemental Of Wind	3555745	wK	CFBuilding_CFBuilding_incomeFactor
h03X	1747989336	units	Water Spring	3555957	wK	CFBuilding_CFBuilding_incomeFactor
h02W	1747989079	units	Lesser Elemental Of Water	3555968	wK	CFBuilding_CFBuilding_incomeFactor
h03Y	1747989337	units	Golden Fountain	3556185	wK	CFBuilding_CFBuilding_incomeFactor
h02X	1747989080	units	Elemental Of Water	3556196	wK	CFBuilding_CFBuilding_incomeFactor
h03Z	1747989338	units	Spellbound Fountain	3556378	wK	CFBuilding_CFBuilding_incomeFactor
h02Y	1747989081	units	Greater Elemental Of Water	3556389	wK	CFBuilding_CFBuilding_incomeFactor
h045	1747989557	units	Altar of Fire	3556604	wK	CFBuilding_CFBuilding_incomeFactor
h02Z	1747989082	units	Elemental Of Fire	3556615	wK	CFBuilding_CFBuilding_incomeFactor
h046	1747989558	units	Altar of Blaze	3556833	wK	CFBuilding_CFBuilding_incomeFactor
u00F	1966092358	units	Greater Elemental Of Fire	3556844	wK	CFBuilding_CFBuilding_incomeFactor
h04E	1747989573	units	Tower of Elder Knowledge	3557026	wK	CFBuilding_CFBuilding_incomeFactor
h03V	1747989334	units	Master Of Elements	3557037	wK	CFBuilding_CFBuilding_incomeFactor
h042	1747989554	units	Pillar of Globe-Lightning	3557245	wK	CFBuilding_CFBuilding_incomeFactor
h03P	1747989328	units	Elemental Of Lightning	3557256	wK	CFBuilding_CFBuilding_incomeFactor
h044	1747989556	units	Pillar of St. Elmo's Fire	3557509	wK	CFBuilding_CFBuilding_incomeFactor
h03R	1747989330	units	Greater Elemental Of Lightning	3557520	wK	CFBuilding_CFBuilding_incomeFactor
h040	1747989552	units	Rock Pile	3557733	wK	CFBuilding_CFBuilding_incomeFactor
h034	1747989300	units	Elemental Of Earth	3557744	wK	CFBuilding_CFBuilding_incomeFactor
h041	1747989553	units	Greater Fissure	3557992	wK	CFBuilding_CFBuilding_incomeFactor
h03N	1747989326	units	Greater Elemental Of Earth	3558003	wK	CFBuilding_CFBuilding_incomeFactor
h062	1747990066	units	Mana Generator	3558221	wK	CFBuilding_CFBuilding_incomeFactor
h060	1747990064	units	Obelisk of Elements	3558468	wK	CFBuilding_CFBuilding_incomeFactor
h05Z	1747989850	units	Books of Conjuration	3558688	wK	CFBuilding_CFBuilding_incomeFactor
h06F	1747990086	units	Elemental Rain	3558973	wK	CFBuilding_CFBuilding_incomeFactor
h06E	1747990085	units	Meteor Shower	3559226	wK	CFBuilding_CFBuilding_incomeFactor
h061	1747990065	units	Elemental Guard Tower	3559444	wK	CFBuilding_CFBuilding_incomeFactor
h076	1747990326	units	Discharge Tower	3559698	wK	CFBuilding_CFBuilding_incomeFactor
h063	1747990067	units	Linker	3559978	wK	CFBuilding_CFBuilding_incomeFactor
h03X	1747989336	units	Water Spring	3560205	wK	Dzb:HashMap_put
h03Y	1747989337	units	Golden Fountain	3560254	wK	Dzb:HashMap_put
h03Z	1747989338	units	Spellbound Fountain	3560303	wK	Dzb:HashMap_put
h040	1747989552	units	Rock Pile	3560352	wK	Dzb:HashMap_put
h041	1747989553	units	Greater Fissure	3560401	wK	Dzb:HashMap_put
h042	1747989554	units	Pillar of Globe-Lightning	3560450	wK	Dzb:HashMap_put
h044	1747989556	units	Pillar of St. Elmo's Fire	3560499	wK	Dzb:HashMap_put
h045	1747989557	units	Altar of Fire	3560548	wK	Dzb:HashMap_put
h046	1747989558	units	Altar of Blaze	3560597	wK	Dzb:HashMap_put
h04A	1747989569	units	Trapped Gale	3560646	wK	Dzb:HashMap_put
h04C	1747989571	units	Monument of Wind Stream	3560695	wK	Dzb:HashMap_put
h04D	1747989572	units	Zephyros Memorial	3560744	wK	Dzb:HashMap_put
h04E	1747989573	units	Tower of Elder Knowledge	3560793	wK	Dzb:HashMap_put
h06E	1747990085	units	Meteor Shower	3560842	wK	Dzb:HashMap_put
h06F	1747990086	units	Elemental Rain	3560891	wK	Dzb:HashMap_put
h060	1747990064	units	Obelisk of Elements	3560940	wK	Dzb:HashMap_put
h061	1747990065	units	Elemental Guard Tower	3560989	wK	Dzb:HashMap_put
h063	1747990067	units	Linker	3561038	wK	Dzb:HashMap_put
h03X	1747989336	units	Water Spring	3561075	wK	buildingTypeIndex
h03Y	1747989337	units	Golden Fountain	3561112	wK	buildingTypeIndex
h03Z	1747989338	units	Spellbound Fountain	3561149	wK	buildingTypeIndex
h040	1747989552	units	Rock Pile	3561186	wK	buildingTypeIndex
h041	1747989553	units	Greater Fissure	3561223	wK	buildingTypeIndex
h042	1747989554	units	Pillar of Globe-Lightning	3561260	wK	buildingTypeIndex
h044	1747989556	units	Pillar of St. Elmo's Fire	3561297	wK	buildingTypeIndex
h045	1747989557	units	Altar of Fire	3561334	wK	buildingTypeIndex
h046	1747989558	units	Altar of Blaze	3561371	wK	buildingTypeIndex
h04A	1747989569	units	Trapped Gale	3561408	wK	buildingTypeIndex
h04C	1747989571	units	Monument of Wind Stream	3561445	wK	buildingTypeIndex
h04D	1747989572	units	Zephyros Memorial	3561482	wK	buildingTypeIndex
h062	1747990066	units	Mana Generator	3561920	xK	
A0EK	1093682507	abilities		3561931	xK	
h060	1747990064	units	Obelisk of Elements	3562013	xK	
A0DV	1093682262	abilities	ELE: ObeliskOfElements (dummy)	3562033	xK	
A0DV	1093682262	abilities	ELE: ObeliskOfElements (dummy)	3562174	xK	
h060	1747990064	units	Obelisk of Elements	3562200	xK	
h06F	1747990086	units	Elemental Rain	3562324	xK	
A0EI	1093682505	abilities	ELE: Book of Conjuration	3562344	xK	
A0EI	1093682505	abilities	ELE: Book of Conjuration	3562485	xK	
h06F	1747990086	units	Elemental Rain	3562511	xK	
h06E	1747990085	units	Meteor Shower	3562635	xK	
A0FG	1093682759	abilities	ELE: Meteor Shower	3562655	xK	
A0FG	1093682759	abilities	ELE: Meteor Shower	3562796	xK	
h06E	1747990085	units	Meteor Shower	3562822	xK	
A0EK	1093682507	abilities		3564253	yK	addProtectedAbility
A0EK	1093682507	abilities		3564645	improveSpecialBuilding	unit_removeAbility
A0EK	1093682507	abilities		3564705	improveSpecialBuilding	addProtectedAbility
A0EL	1093682508	abilities		3564755	improveSpecialBuilding	unit_getAbilityLevel
A0EK	1093682507	abilities		3564806	improveSpecialBuilding	addProtectedAbility
A0EK	1093682507	abilities		3565042	improveSpecialBuilding	addProtectedAbility
A0EK	1093682507	abilities		3565233	improveSpecialBuilding	addProtectedAbility
A0EL	1093682508	abilities		3565287	improveSpecialBuilding	addProtectedAbility
A0EL	1093682508	abilities		3565345	improveSpecialBuilding	__wurst_safe_UnitMakeAbilityPermanent
A0DS	1093682259	abilities	Elemental Building	3565421	improveSpecialBuilding	unit_getAbilityLevel
A0EL	1093682508	abilities		3565485	improveSpecialBuilding	__wurst_safe_SetUnitAbilityLevel
A0D0	1093682224	abilities	ELE: Elemental Rain (Meteor Shower)	3566583	frostSpell	dummyCastPointFrom
A0F4	1093682740	abilities		3566841	isHolyShrineTarget	unit_getAbilityLevel
A0D7	1093682231	abilities	ELE: Enchant(Haste)	3568003	holyShrineSpell	
A0F3	1093682739	abilities		3568021	holyShrineSpell	
A0F1	1093682737	abilities		3568039	holyShrineSpell	
A03Q	1093677905	abilities		3568474	holyShrineSpell	addProtectedAbility
A0F4	1093682740	abilities		3568521	holyShrineSpell	addProtectedAbility
X00P	1479553104	units	Elf Builder	3569196	AK	
h08X	1747990616	units	Archery Range	3569397	AK	CFBuilding_CFBuilding_incomeFactor
n022	1848652338	units	Archer	3569408	AK	CFBuilding_CFBuilding_incomeFactor
h08Y	1747990617	units	Archery Tower	3569631	AK	CFBuilding_CFBuilding_incomeFactor
n023	1848652339	units	Master Archer	3569642	AK	CFBuilding_CFBuilding_incomeFactor
h00T	1747988564	units	Hall of Honor	3569819	AK	CFBuilding_CFBuilding_incomeFactor
n006	1848651830	units	Blademaster	3569830	AK	CFBuilding_CFBuilding_incomeFactor
h03F	1747989318	units	Hall of the Eldest	3570047	AK	CFBuilding_CFBuilding_incomeFactor
n00Y	1848651865	units	Elder Blademaster	3570058	AK	CFBuilding_CFBuilding_incomeFactor
h09X	1747990872	units	School of Wizardry	3570273	AK	CFBuilding_CFBuilding_incomeFactor
h07B	1747990338	units	Sorceress	3570284	AK	CFBuilding_CFBuilding_incomeFactor
h00X	1747988568	units	Tower of Supreme Magic	3570502	AK	CFBuilding_CFBuilding_incomeFactor
h00W	1747988567	units	Wizard	3570513	AK	CFBuilding_CFBuilding_incomeFactor
h00V	1747988566	units	Bloodelf War Academy	3570724	AK	CFBuilding_CFBuilding_incomeFactor
h00U	1747988565	units	Bloodthirster	3570735	AK	CFBuilding_CFBuilding_incomeFactor
h06Y	1747990105	units	Dragonhawk Portal	3570985	AK	CFBuilding_CFBuilding_incomeFactor
n01Y	1848652121	units	Dragonhawk Rider	3570996	AK	CFBuilding_CFBuilding_incomeFactor
h070	1747990320	units	Highelf Siege Factory	3571239	AK	CFBuilding_CFBuilding_incomeFactor
e005	1697656885	units	Ballista	3571250	AK	CFBuilding_CFBuilding_incomeFactor
h00Z	1747988570	units	City of Magic	3571531	AK	CFBuilding_CFBuilding_incomeFactor
h005	1747988533	units	Obelisk of Light	3571779	AK	CFBuilding_CFBuilding_noPP
h014	1747988788	units	Arcane Tower	3572030	AK	CFBuilding_CFBuilding_incomeFactor
h059	1747989817	units	Golden Shrine of Justice	3572311	AK	CFBuilding_CFBuilding_noPP
h08X	1747990616	units	Archery Range	3572506	AK	Dzb:HashMap_put
h08Y	1747990617	units	Archery Tower	3572555	AK	Dzb:HashMap_put
h00Z	1747988570	units	City of Magic	3572807	BK	
A017	1093677367	abilities		3572827	BK	
A017	1093677367	abilities		3572968	BK	
h00Z	1747988570	units	City of Magic	3572994	BK	
n01Y	1848652121	units	Dragonhawk Rider	3573300	BK	
A08V	1093679190	abilities		3573311	BK	
h07B	1747990338	units	Sorceress	3573567	BK	
A0A7	1093681463	abilities		3573578	BK	
h00W	1747988567	units	Wizard	3573834	BK	
A00X	1093677144	abilities	HEL: Wizard (Heal (dummy))	3573845	BK	
A018	1093677368	abilities		3574146	hexSpell	dummyCastTargetWithVision
A08U	1093679189	abilities	HEL: Dragonhawk (SolarStrike)	3574797	solarStrikeSpell	dummyCastTargetWithVision
X00C	1479553091	units	Human Builder	3575309	CK	
h000	1747988528	units	Barracks	3575510	CK	CFBuilding_CFBuilding_incomeFactor
hfoo	1751543663	units	Footman	3575521	CK	CFBuilding_CFBuilding_incomeFactor
h039	1747989305	units	Stronghold	3575744	CK	CFBuilding_CFBuilding_incomeFactor
h03A	1747989313	units	Defender	3575755	CK	CFBuilding_CFBuilding_incomeFactor
h003	1747988531	units	Sniper Nest	3575932	CK	CFBuilding_CFBuilding_incomeFactor
hrif	1752328550	units	Sniper	3575943	CK	CFBuilding_CFBuilding_incomeFactor
h0A1	1747992881	units	Marksmen's Encampment	3576192	CK	CFBuilding_CFBuilding_incomeFactor
h05C	1747989827	units	Marksman	3576203	CK	CFBuilding_CFBuilding_incomeFactor
h05D	1747989828	units	Gunner's Hall	3576454	CK	CFBuilding_CFBuilding_incomeFactor
h0A2	1747992882	units	Heavy Gunner	3576465	CK	CFBuilding_CFBuilding_incomeFactor
h037	1747989303	units	Chapel	3576751	CK	CFBuilding_CFBuilding_incomeFactor
h03B	1747989314	units	Crusader	3576762	CK	CFBuilding_CFBuilding_incomeFactor
h038	1747989304	units	Church	3577055	CK	CFBuilding_CFBuilding_incomeFactor
h03C	1747989315	units	Paladin	3577066	CK	CFBuilding_CFBuilding_incomeFactor
h072	1747990322	units	Holy Altar	3577290	CK	CFBuilding_CFBuilding_incomeFactor
h074	1747990324	units	Holy Warrior	3577301	CK	CFBuilding_CFBuilding_incomeFactor
h004	1747988532	units	Weapon Lab	3577512	CK	CFBuilding_CFBuilding_incomeFactor
hmtm	1752003693	units	Mortar	3577523	CK	CFBuilding_CFBuilding_incomeFactor
h015	1747988789	units	Gryphon Rock	3577733	CK	CFBuilding_CFBuilding_incomeFactor
h016	1747988790	units	Gryphon Rider	3577744	CK	CFBuilding_CFBuilding_incomeFactor
h00K	1747988555	units	Hjordhejmen	3577987	CK	CFBuilding_CFBuilding_incomeFactor
n005	1848651829	units	Warlock	3577998	CK	CFBuilding_CFBuilding_incomeFactor
h010	1747988784	units	Gjallarhorn	3578285	CK	CFBuilding_CFBuilding_incomeFactor
h001	1747988529	units	Artillery	3578542	CK	CFBuilding_CFBuilding_incomeFactor
h07U	1747990357	units	Vessel of Purity	3578820	CK	CFBuilding_CFBuilding_incomeFactor
h006	1747988534	units	Watch Tower	3579078	CK	CFBuilding_CFBuilding_incomeFactor
h081	1747990577	units	Tiny Watch Tower	3579344	CK	CFBuilding_CFBuilding_incomeFactor
h082	1747990578	units	Tiny Multishot Tower	3579495	CK	CFBuilding_CFBuilding_incomeFactor
h05G	1747989831	units	Heroic Shrine	3579861	CK	CFBuilding_CFBuilding_incomeFactor
h0A1	1747992881	units	Marksmen's Encampment	3580076	CK	Dzb:HashMap_put
h010	1747988784	units	Gjallarhorn	3580106	CK	lS:HashMap_put
h03B	1747989314	units	Crusader	3580518	DK	
A03K	1093677899	abilities	HUM: Crusader/Paladin Heal	3580529	DK	
h03C	1747989315	units	Paladin	3580785	DK	
A03K	1093677899	abilities	HUM: Crusader/Paladin Heal	3580796	DK	
n005	1848651829	units	Warlock	3581060	DK	
A00K	1093677131	abilities		3581071	DK	
h074	1747990324	units	Holy Warrior	3581327	DK	
A0I0	1093683504	abilities	Prayer	3581338	DK	
A03L	1093677900	abilities		3581596	churchSpell	addProtectedAbility
A0F9	1093682745	abilities	NOR: Ice Queen (frost nova) warlock	3581745	warlockSpell	dummyCastTargetFrom
A00F	1093677126	abilities		3581793	warlockSpell	unit_removeAbility
A07I	1093678921	abilities		3581870	warlockSpell	addProtectedAbility
X06P	1479554640	units	Mechanical Builder	3582529	EK	
h05J	1747989834	units	Aircraft Factory	3582762	EK	CFBuilding_CFBuilding_incomeFactor
h06Q	1747990097	units	Roterothopter	3582773	EK	CFBuilding_CFBuilding_incomeFactor
h09L	1747990860	units	Bomber Factory	3583091	EK	CFBuilding_CFBuilding_incomeFactor
h06R	1747990098	units	Gyrocopter	3583102	EK	CFBuilding_CFBuilding_incomeFactor
h05X	1747989848	units	Tank Factory	3583314	EK	CFBuilding_CFBuilding_incomeFactor
h06T	1747990100	units	Light Tank	3583325	EK	CFBuilding_CFBuilding_incomeFactor
h09J	1747990858	units	Mine Layer Factory	3583542	EK	CFBuilding_CFBuilding_incomeFactor
h06U	1747990101	units	Mine Layer	3583553	EK	CFBuilding_CFBuilding_incomeFactor
h09I	1747990857	units	Assault Tank Factory	3583769	EK	CFBuilding_CFBuilding_incomeFactor
h099	1747990841	units	Assault Tank	3583780	EK	CFBuilding_CFBuilding_incomeFactor
h09B	1747990850	units	Heavy Tank Factory	3583967	EK	CFBuilding_CFBuilding_incomeFactor
h06S	1747990099	units	Heavy Tank	3583978	EK	CFBuilding_CFBuilding_incomeFactor
h09H	1747990856	units	Rocket Tank Factory	3584191	EK	CFBuilding_CFBuilding_incomeFactor
h098	1747990840	units	Rocket Tank	3584202	EK	CFBuilding_CFBuilding_incomeFactor
h05M	1747989837	units	Demolition Lab	3584380	EK	CFBuilding_CFBuilding_incomeFactor
n01V	1848652118	units	Lunatic Goblin	3584391	EK	CFBuilding_CFBuilding_incomeFactor
h077	1747990327	units	Rocket Lab	3584637	EK	CFBuilding_CFBuilding_incomeFactor
n02M	1848652365	units	Goblin Rocketeer	3584648	EK	CFBuilding_CFBuilding_incomeFactor
h05T	1747989844	units	Gun Smith	3584826	EK	CFBuilding_CFBuilding_incomeFactor
z002	2049978418	units	Flamegunner	3584837	EK	CFBuilding_CFBuilding_incomeFactor
h09P	1747990864	units	Arsenal	3585054	EK	CFBuilding_CFBuilding_incomeFactor
z003	2049978419	units	Flamegunner Sergeant	3585065	EK	CFBuilding_CFBuilding_incomeFactor
h05V	1747989846	units	Golem Factory	3585280	EK	CFBuilding_CFBuilding_incomeFactor
n01X	1848652120	units	Iron Golem	3585291	EK	CFBuilding_CFBuilding_incomeFactor
h097	1747990839	units	Precious Golem Factory	3585509	EK	CFBuilding_CFBuilding_incomeFactor
n024	1848652340	units	Adamant Golem	3585520	EK	CFBuilding_CFBuilding_incomeFactor
h05U	1747989845	units	Lumber Mill	3585735	EK	CFBuilding_CFBuilding_incomeFactor
n01T	1848652116	units	Goblin Shredder	3585746	EK	CFBuilding_CFBuilding_incomeFactor
h06Z	1747990106	units	Protection Center	3585995	EK	CFBuilding_CFBuilding_incomeFactor
n02J	1848652362	units	Goliath	3586006	EK	CFBuilding_CFBuilding_incomeFactor
h06J	1747990090	units	Blue Shield Generator	3586309	EK	CFBuilding_CFBuilding_cagePressure
h05R	1747989842	units	Red Shield Generator	3586661	EK	CFBuilding_CFBuilding_cagePressure
h069	1747990073	units	Spare Part Heap	3586911	EK	CFBuilding_CFBuilding_incomeFactor
n01U	1848652117	units	Gobbo Machinist	3586922	EK	CFBuilding_CFBuilding_incomeFactor
h05L	1747989836	units	Energy Tower	3587215	EK	CFBuilding_CFBuilding_incomeFactor
h09T	1747990868	units	Power Plant	3587507	EK	CFBuilding_CFBuilding_incomeFactor
h09T	1747990868	units	Power Plant	3587734	EK	Dzb:HashMap_put
h069	1747990073	units	Spare Part Heap	3587783	EK	Dzb:HashMap_put
h09P	1747990864	units	Arsenal	3587832	EK	Dzb:HashMap_put
h09L	1747990860	units	Bomber Factory	3587881	EK	Dzb:HashMap_put
h097	1747990839	units	Precious Golem Factory	3587930	EK	Dzb:HashMap_put
h09J	1747990858	units	Mine Layer Factory	3587979	EK	Dzb:HashMap_put
h09I	1747990857	units	Assault Tank Factory	3588028	EK	Dzb:HashMap_put
h09B	1747990850	units	Heavy Tank Factory	3588077	EK	Dzb:HashMap_put
h09H	1747990856	units	Rocket Tank Factory	3588126	EK	Dzb:HashMap_put
h05L	1747989836	units	Energy Tower	3588175	EK	Dzb:HashMap_put
h09T	1747990868	units	Power Plant	3588205	EK	lS:HashMap_put
h06J	1747990090	units	Blue Shield Generator	3588482	FK	
A09N	1093679438	abilities		3588502	FK	
A09N	1093679438	abilities		3588643	FK	
h06J	1747990090	units	Blue Shield Generator	3588669	FK	
h05R	1747989842	units	Red Shield Generator	3588793	FK	
A09O	1093679439	abilities		3588813	FK	
A09O	1093679439	abilities		3588954	FK	
h05R	1747989842	units	Red Shield Generator	3588980	FK	
z003	2049978419	units	Flamegunner Sergeant	3589286	FK	
A09D	1093679428	abilities		3589297	FK	
h06U	1747990101	units	Mine Layer	3589379	FK	
A095	1093679413	abilities		3589399	FK	
h09M	1747990861	units	MineDummy	3589443	FK	
h06U	1747990101	units	Mine Layer	3589587	FK	
A095	1093679413	abilities		3589622	FK	
A095	1093679413	abilities		3589679	FK	EventListener_addSpellInternal
A09L	1093679436	abilities		3590470	blueShieldSpell	addProtectedAbility
A09L	1093679436	abilities		3590937	redShieldSpell	addProtectedAbility
A09L	1093679436	abilities		3590997	redShieldSpell	__wurst_safe_SetUnitAbilityLevel
h09M	1747990861	units	MineDummy	3591501	mineLayerSpell	createUnit
h09M	1747990861	units	MineDummy	3591635	mineLayerSpell	noteSpellDebugEffect
X00E	1479553093	units	Naga Builder	3592251	GK	
h020	1747989040	units	Murloc Camp	3592452	GK	CFBuilding_CFBuilding_incomeFactor
n00I	1848651849	units	Murloc Warrior	3592463	GK	CFBuilding_CFBuilding_incomeFactor
h021	1747989041	units	Murloc Village	3592720	GK	CFBuilding_CFBuilding_incomeFactor
n00J	1848651850	units	Murloc Champion	3592731	GK	CFBuilding_CFBuilding_incomeFactor
h022	1747989042	units	Murloc Fortress	3592953	GK	CFBuilding_CFBuilding_incomeFactor
n00K	1848651851	units	Murloc Assassin	3592964	GK	CFBuilding_CFBuilding_incomeFactor
h00J	1747988554	units	Swamp Well	3593184	GK	CFBuilding_CFBuilding_incomeFactor
n004	1848651828	units	Suumpmolk	3593195	GK	CFBuilding_CFBuilding_incomeFactor
h05F	1747989830	units	Lernaean Fountain	3593447	GK	CFBuilding_CFBuilding_incomeFactor
n01P	1848652112	units	Ancient Hydra	3593458	GK	CFBuilding_CFBuilding_incomeFactor
h01Y	1747988825	units	Temple of Snakes	3593674	GK	CFBuilding_CFBuilding_incomeFactor
n00H	1848651848	units	Winged Serpent	3593685	GK	CFBuilding_CFBuilding_incomeFactor
h080	1747990576	units	Temple of Riptide	3593939	GK	CFBuilding_CFBuilding_incomeFactor
n03U	1848652629	units	Winged Riptide Serpent	3593950	GK	CFBuilding_CFBuilding_incomeFactor
h00F	1747988550	units	Spawning Grounds	3594161	GK	CFBuilding_CFBuilding_incomeFactor
n002	1848651826	units	Naga Guardian	3594172	GK	CFBuilding_CFBuilding_incomeFactor
h032	1747989298	units	Royal Spawning Grounds	3594429	GK	CFBuilding_CFBuilding_incomeFactor
n00X	1848651864	units	Naga Royal Guard	3594440	GK	CFBuilding_CFBuilding_incomeFactor
h01B	1747988802	units	Reptile Pool	3594652	GK	CFBuilding_CFBuilding_incomeFactor
n007	1848651831	units	Dragon Turtle	3594663	GK	CFBuilding_CFBuilding_incomeFactor
h01Z	1747988826	units	Naga Spring	3594876	GK	CFBuilding_CFBuilding_incomeFactor
n00S	1848651859	units	Naga Siren	3594887	GK	CFBuilding_CFBuilding_incomeFactor
h00I	1747988553	units	Ancient Pyramide	3595136	GK	CFBuilding_CFBuilding_incomeFactor
h00M	1747988557	units	Oracle of Sirens	3595421	GK	CFBuilding_CFBuilding_incomeFactor
h00N	1747988558	units	Tidal Guardian	3595752	GK	CFBuilding_CFBuilding_incomeFactor
h00G	1747988551	units	Coral Statue	3596040	GK	CFBuilding_CFBuilding_incomeFactor
h00G	1747988551	units	Coral Statue	3596224	GK	lS:HashMap_put
h00N	1747988558	units	Tidal Guardian	3596502	HK	
A09X	1093679448	abilities		3596522	HK	
A09X	1093679448	abilities		3596663	HK	
h00N	1747988558	units	Tidal Guardian	3596689	HK	
h00M	1747988557	units	Oracle of Sirens	3596813	HK	
A00O	1093677135	abilities	NAG: Oracle	3596833	HK	
A00O	1093677135	abilities	NAG: Oracle	3596974	HK	
h00M	1747988557	units	Oracle of Sirens	3597000	HK	
h00I	1747988553	units	Ancient Pyramide	3597124	HK	
A00M	1093677133	abilities		3597144	HK	
A00M	1093677133	abilities		3597285	HK	
h00I	1747988553	units	Ancient Pyramide	3597311	HK	
n00S	1848651859	units	Naga Siren	3597617	HK	
A02U	1093677653	abilities	NAG: Siren (Purge (cd))	3597628	HK	
A00P	1093677136	abilities		3598158	tidalSpell	dummyCastTargetWithVision
A00N	1093677134	abilities		3598469	oracleSpell	dummyCastTargetWithVision
A00B	1093677122	abilities		3598761	pyramidSpell	dummyCastImmediateFrom1
X01A	1479553345	units	Nature Builder	3599296	IK	
h002	1747988530	units	Spider Egg Clutch	3599496	IK	CFBuilding_CFBuilding_incomeFactor
n00U	1848651861	units	Black Spider	3599507	IK	CFBuilding_CFBuilding_incomeFactor
h00Q	1747988561	units	Spider Egg Nest	3599762	IK	CFBuilding_CFBuilding_incomeFactor
n01N	1848652110	units	Giant Spider	3599773	IK	CFBuilding_CFBuilding_incomeFactor
h00R	1747988562	units	Spider Egg Hatchery	3599956	IK	CFBuilding_CFBuilding_incomeFactor
n01W	1848652119	units	Brood Mother	3599967	IK	CFBuilding_CFBuilding_incomeFactor
h00Y	1747988569	units	Furbolg Hut	3600144	IK	CFBuilding_CFBuilding_incomeFactor
n026	1848652342	units	Furbolg Shaman	3600155	IK	CFBuilding_CFBuilding_incomeFactor
h012	1747988786	units	Furbolg Abode	3600372	IK	CFBuilding_CFBuilding_incomeFactor
n028	1848652344	units	Furbolg Elder Shaman	3600383	IK	CFBuilding_CFBuilding_incomeFactor
h071	1747990321	units	Enigma	3600565	IK	CFBuilding_CFBuilding_incomeFactor
e00G	1697656903	units	Visioneer	3600576	IK	CFBuilding_CFBuilding_incomeFactor
h013	1747988787	units	Ancient of Growth	3600791	IK	CFBuilding_CFBuilding_incomeFactor
e006	1697656886	units	Dryad	3600802	IK	CFBuilding_CFBuilding_incomeFactor
h01H	1747988808	units	Ancient of Life	3601020	IK	CFBuilding_CFBuilding_incomeFactor
e009	1697656889	units	Keeper of the Grove	3601031	IK	CFBuilding_CFBuilding_incomeFactor
h01J	1747988810	units	Ancient of Eternity	3601213	IK	CFBuilding_CFBuilding_incomeFactor
e00C	1697656899	units	Ancient Keeper	3601224	IK	CFBuilding_CFBuilding_incomeFactor
h023	1747989043	units	Ancient of Slumber	3601435	IK	CFBuilding_CFBuilding_incomeFactor
n029	1848652345	units	Bear	3601446	IK	CFBuilding_CFBuilding_incomeFactor
h024	1747989044	units	Ancient of Hibernation	3601702	IK	CFBuilding_CFBuilding_incomeFactor
n02B	1848652354	units	Ancient Bear	3601713	IK	CFBuilding_CFBuilding_incomeFactor
h027	1747989047	units	Emerald Dragon Roost	3601896	IK	CFBuilding_CFBuilding_incomeFactor
n02A	1848652353	units	Emerald Dragon	3601907	IK	CFBuilding_CFBuilding_incomeFactor
h028	1747989048	units	Monolith	3602118	IK	CFBuilding_CFBuilding_incomeFactor
e00F	1697656902	units	Mountain Giant	3602129	IK	CFBuilding_CFBuilding_incomeFactor
h02C	1747989059	units	Ancient Guardian	3602410	IK	CFBuilding_CFBuilding_incomeFactor
h02A	1747989057	units	Ancient of Gale	3602666	IK	CFBuilding_CFBuilding_incomeFactor
n02D	1848652356	units	Ancient Protector	3602921	IK	CFBuilding_CFBuilding_incomeFactor
h02D	1747989060	units	Ancient of Wonders	3603175	IK	CFBuilding_CFBuilding_incomeFactor
h002	1747988530	units	Spider Egg Clutch	3603385	IK	Dzb:HashMap_put
h00Q	1747988561	units	Spider Egg Nest	3603434	IK	Dzb:HashMap_put
h00R	1747988562	units	Spider Egg Hatchery	3603483	IK	Dzb:HashMap_put
h012	1747988786	units	Furbolg Abode	3603532	IK	Dzb:HashMap_put
h024	1747989044	units	Ancient of Hibernation	3603581	IK	Dzb:HashMap_put
h028	1747989048	units	Monolith	3603630	IK	Dzb:HashMap_put
h02D	1747989060	units	Ancient of Wonders	3603968	JK	
A0BS	1093681747	abilities	NAT: Ancient of Wonders (dummy)	3603988	JK	
A0BS	1093681747	abilities	NAT: Ancient of Wonders (dummy)	3604129	JK	
h02D	1747989060	units	Ancient of Wonders	3604155	JK	
h02C	1747989059	units	Ancient Guardian	3604279	JK	
A0BM	1093681741	abilities	NAT: Banish (dummy)	3604299	JK	
A0BM	1093681741	abilities	NAT: Banish (dummy)	3604440	JK	
h02C	1747989059	units	Ancient Guardian	3604466	JK	
h02A	1747989057	units	Ancient of Gale	3604590	JK	
A0BO	1093681743	abilities	NAT: Ancient of Gale (dummy)	3604610	JK	
A0BO	1093681743	abilities	NAT: Ancient of Gale (dummy)	3604751	JK	
h02A	1747989057	units	Ancient of Gale	3604777	JK	
n026	1848652342	units	Furbolg Shaman	3605075	JK	
A0C0	1093681968	abilities	NAT: Furbolg Shaman (rejuvenation (dummy))	3605086	JK	
n028	1848652344	units	Furbolg Elder Shaman	3605342	JK	
A0C1	1093681969	abilities	NAT: Furbolg Elder Shaman (rejuvenation (dummy))	3605353	JK	
e006	1697656886	units	Dryad	3605609	JK	
A004	1093677108	abilities	NAT: Dryad (natures touch)	3605620	JK	
e009	1697656889	units	Keeper of the Grove	3605876	JK	
A0BT	1093681748	abilities	NAT: Keeper of the Groove (natures touch)	3605887	JK	
e00C	1697656899	units	Ancient Keeper	3606151	JK	
A0BX	1093681752	abilities	NAT: Ancient Keeper (treants sprout)	3606162	JK	
n01W	1848652119	units	Brood Mother	3606425	JK	
A0AV	1093681494	abilities	NAT: Brood Mother (infest)	3606436	JK	
e00F	1697656902	units	Mountain Giant	3606700	JK	
A0BJ	1093681738	abilities	NAT: Mountain Giant (taunt dummy)	3606711	JK	
A0BL	1093681740	abilities	NAT: Banish	3607266	banishGuardianSpell	dummyCastTargetWithVision
e00D	1697656900	units	Treant	3609584	spawnTreantFromWall	createUnit
B021	1110454833	buffs	Summoned Treant	3609660	spawnTreantFromWall	__wurst_safe_UnitApplyTimedLife
X089	1479555129	units	Night Elf Builder	3610308	KK	
h00S	1747988563	units	Hunter's Hall	3610546	KK	CFBuilding_CFBuilding_incomeFactor
e001	1697656881	units	Huntress	3610557	KK	CFBuilding_CFBuilding_incomeFactor
h03D	1747989316	units	Ranger's Hall	3610846	KK	CFBuilding_CFBuilding_incomeFactor
e003	1697656883	units	Ranger	3610857	KK	CFBuilding_CFBuilding_incomeFactor
h03E	1747989317	units	Amazon's Hall	3611111	KK	CFBuilding_CFBuilding_incomeFactor
e004	1697656884	units	Amazon	3611122	KK	CFBuilding_CFBuilding_incomeFactor
h088	1747990584	units	Moon Shrine	3611305	KK	CFBuilding_CFBuilding_incomeFactor
e007	1697656887	units	Druid	3611316	KK	CFBuilding_CFBuilding_incomeFactor
h07D	1747990340	units	Moon Altar	3611533	KK	CFBuilding_CFBuilding_incomeFactor
e00J	1697656906	units	Sage Druid	3611544	KK	CFBuilding_CFBuilding_incomeFactor
h07M	1747990349	units	House of Shadows	3611721	KK	CFBuilding_CFBuilding_incomeFactor
n01Z	1848652122	units	Assassin	3611732	KK	CFBuilding_CFBuilding_incomeFactor
h07L	1747990348	units	Guild of Shadows	3611949	KK	CFBuilding_CFBuilding_incomeFactor
n020	1848652336	units	Royal Assassin	3611960	KK	CFBuilding_CFBuilding_incomeFactor
h07O	1747990351	units	Pillaged Hut	3612137	KK	CFBuilding_CFBuilding_incomeFactor
e00B	1697656898	units	Avenging Spirit	3612148	KK	CFBuilding_CFBuilding_incomeFactor
h07N	1747990350	units	Scorched Mansion	3612364	KK	CFBuilding_CFBuilding_incomeFactor
e00A	1697656897	units	Avatar of Vengeance	3612375	KK	CFBuilding_CFBuilding_incomeFactor
h00B	1747988546	units	Fountain of Wonders	3612552	KK	CFBuilding_CFBuilding_incomeFactor
e000	1697656880	units	Faerie Dragon	3612563	KK	CFBuilding_CFBuilding_incomeFactor
h011	1747988785	units	Nightelf Siege Factory	3612839	KK	CFBuilding_CFBuilding_incomeFactor
e002	1697656882	units	Glaive Thrower	3612850	KK	CFBuilding_CFBuilding_incomeFactor
h08P	1747990608	units	Silver Glade	3613103	KK	CFBuilding_CFBuilding_incomeFactor
h07H	1747990344	units	Obelisk of Wilderness	3613352	KK	CFBuilding_CFBuilding_incomeFactor
h073	1747990323	units	Elune's Lantern	3613606	KK	CFBuilding_CFBuilding_incomeFactor
h07I	1747990345	units	Starfall Obelisk	3613896	KK	CFBuilding_CFBuilding_incomeFactor
h07H	1747990344	units	Obelisk of Wilderness	3614102	KK	Dzb:HashMap_put
h08P	1747990608	units	Silver Glade	3614151	KK	Dzb:HashMap_put
h07I	1747990345	units	Starfall Obelisk	3614200	KK	Dzb:HashMap_put
h088	1747990584	units	Moon Shrine	3614249	KK	Dzb:HashMap_put
h07D	1747990340	units	Moon Altar	3614298	KK	Dzb:HashMap_put
h07M	1747990349	units	House of Shadows	3614347	KK	Dzb:HashMap_put
h07L	1747990348	units	Guild of Shadows	3614396	KK	Dzb:HashMap_put
h07O	1747990351	units	Pillaged Hut	3614445	KK	Dzb:HashMap_put
h07N	1747990350	units	Scorched Mansion	3614494	KK	Dzb:HashMap_put
h07H	1747990344	units	Obelisk of Wilderness	3614906	LK	
A08E	1093679173	abilities	NEL: Obelisk of Wilderness	3614926	LK	
A08E	1093679173	abilities	NEL: Obelisk of Wilderness	3615067	LK	
h07H	1747990344	units	Obelisk of Wilderness	3615093	LK	
h08P	1747990608	units	Silver Glade	3615217	LK	
A08B	1093679170	abilities		3615237	LK	
A08B	1093679170	abilities		3615378	LK	
h08P	1747990608	units	Silver Glade	3615404	LK	
h07I	1747990345	units	Starfall Obelisk	3615528	LK	
A07U	1093678933	abilities		3615548	LK	
A07U	1093678933	abilities		3615689	LK	
h07I	1747990345	units	Starfall Obelisk	3615715	LK	
e007	1697656887	units	Druid	3616021	LK	
A07P	1093678928	abilities		3616032	LK	
e00J	1697656906	units	Sage Druid	3616296	LK	
A07R	1093678930	abilities		3616307	LK	
e000	1697656880	units	Faerie Dragon	3616563	LK	
A0CG	1093681991	abilities	NEL: Faerie Dragon (heal)	3616574	LK	
A08C	1093679171	abilities	NEL: Obelisk Of Wilderness (spell resist)	3617334	hasWildernessObeliskBuff	unit_getAbilityLevel
A08D	1093679172	abilities		3617376	hasWildernessObeliskBuff	unit_getAbilityLevel
A08K	1093679179	abilities	ZZZauberschaden-Reduzierung	3617765	applyWildernessObeliskBuff	unit_getAbilityLevel
A0AH	1093681480	abilities	Spell Resist (legendary)	3617809	applyWildernessObeliskBuff	unit_getAbilityLevel
A0AI	1093681481	abilities		3617854	applyWildernessObeliskBuff	unit_getAbilityLevel
A0BV	1093681750	abilities	NAT: Ancient Keeper (spell immune)	3617899	applyWildernessObeliskBuff	unit_getAbilityLevel
A08C	1093679171	abilities	NEL: Obelisk Of Wilderness (spell resist)	3617952	applyWildernessObeliskBuff	addProtectedAbility
A08D	1093679172	abilities		3617999	applyWildernessObeliskBuff	addProtectedAbility
A08F	1093679174	abilities		3618042	applyWildernessObeliskBuff	addProtectedAbility
A07Q	1093678929	abilities		3620594	assassinSpell	dummyCastTargetWithVision
A08H	1093679176	abilities		3622160	PK	unit_getAbilityLevel
A08A	1093679169	abilities		3622652	PK	dummyCastImmediateFrom1
X017	1479553335	units	Northern Builder	3623567	QK	
h049	1747989561	units	Snowy Rocks	3623768	QK	CFBuilding_CFBuilding_incomeFactor
n017	1848652087	units	Frost Wolf	3623779	QK	CFBuilding_CFBuilding_incomeFactor
h04F	1747989574	units	Icy Rocks	3624036	QK	CFBuilding_CFBuilding_incomeFactor
n018	1848652088	units	Polar Bear	3624047	QK	CFBuilding_CFBuilding_incomeFactor
h03W	1747989335	units	Glacier	3624269	QK	CFBuilding_CFBuilding_incomeFactor
n016	1848652086	units	Magnataur	3624280	QK	CFBuilding_CFBuilding_incomeFactor
h03U	1747989333	units	Igloo	3624500	QK	CFBuilding_CFBuilding_incomeFactor
n011	1848652081	units	Hrimthrusa	3624511	QK	CFBuilding_CFBuilding_incomeFactor
h06L	1747990092	units	Modern Igloo	3624761	QK	CFBuilding_CFBuilding_incomeFactor
n02I	1848652361	units	Angry Hrimthrusa	3624772	QK	CFBuilding_CFBuilding_incomeFactor
h03K	1747989323	units	Ice Troll Hut	3624950	QK	CFBuilding_CFBuilding_incomeFactor
n015	1848652085	units	Ice Troll Shadow Priest	3624961	QK	CFBuilding_CFBuilding_incomeFactor
h03J	1747989322	units	Ice Troll Voodoo Lounge	3625178	QK	CFBuilding_CFBuilding_incomeFactor
o00A	1865429057	units	Ice Troll Witch Doctor	3625189	QK	CFBuilding_CFBuilding_incomeFactor
h03T	1747989332	units	Ice Claws	3625366	QK	CFBuilding_CFBuilding_incomeFactor
n012	1848652082	units	Wandigoo	3625377	QK	CFBuilding_CFBuilding_incomeFactor
h043	1747989555	units	Frost Claws	3625594	QK	CFBuilding_CFBuilding_incomeFactor
n013	1848652083	units	Ancient Wandigoo	3625605	QK	CFBuilding_CFBuilding_incomeFactor
h07W	1747990359	units	Snowveil Fountain	3625847	QK	CFBuilding_CFBuilding_incomeFactor
h048	1747989560	units	Frost Launcher	3626099	QK	CFBuilding_CFBuilding_incomeFactor
h03L	1747989324	units	Greater Frost Launcher	3626319	QK	CFBuilding_CFBuilding_incomeFactor
h03I	1747989321	units	Azure Nest	3626530	QK	CFBuilding_CFBuilding_incomeFactor
n010	1848652080	units	Azure Drake	3626541	QK	CFBuilding_CFBuilding_incomeFactor
h03S	1747989331	units	Crystal Palace	3626758	QK	CFBuilding_CFBuilding_incomeFactor
n014	1848652084	units	Ice Queen	3626769	QK	CFBuilding_CFBuilding_incomeFactor
h047	1747989559	units	Chilling Mushroom	3627015	QK	CFBuilding_CFBuilding_incomeFactor
h03Q	1747989329	units	Icy Tower	3627267	QK	CFBuilding_CFBuilding_incomeFactor
h03O	1747989327	units	World Freezer	3627559	QK	CFBuilding_CFBuilding_incomeFactor
h03S	1747989331	units	Crystal Palace	3627772	QK	Dzb:HashMap_put
h047	1747989559	units	Chilling Mushroom	3628465	RK	
A06P	1093678672	abilities	NOR: Chilling Mushroom	3628476	RK	
h048	1747989560	units	Frost Launcher	3628627	RK	
A04J	1093678154	abilities		3628638	RK	
h03L	1747989324	units	Greater Frost Launcher	3628789	RK	
A04L	1093678156	abilities		3628800	RK	
h03O	1747989327	units	World Freezer	3628951	RK	
A04I	1093678153	abilities		3628962	RK	
n016	1848652086	units	Magnataur	3629217	RK	
A05E	1093678405	abilities		3629228	RK	
n013	1848652083	units	Ancient Wandigoo	3629491	RK	
A05C	1093678403	abilities		3629502	RK	
n014	1848652084	units	Ice Queen	3629766	RK	
A044	1093678132	abilities		3629777	RK	
A0AK	1093681483	abilities	NOR: Chilling Mushroom	3632741	mushroomSpell	dummyCastTargetWithVision
A082	1093679154	abilities		3635025	processWorldFreezerMissiles	dummyCastTargetWithVision
A083	1093679155	abilities		3635118	processWorldFreezerMissiles	dummyCastTargetWithVision
A04H	1093678152	abilities		3635206	processWorldFreezerMissiles	dummyCastTargetWithVision
X019	1479553337	units	Orc Builder	3637077	UK	
h029	1747989049	units	Fighters' Hall	3637278	UK	CFBuilding_CFBuilding_incomeFactor
o002	1865429042	units	Grunt	3637289	UK	CFBuilding_CFBuilding_incomeFactor
h02U	1747989077	units	Advanced Fighters' Hall	3637512	UK	CFBuilding_CFBuilding_incomeFactor
o004	1865429044	units	Veteran Grunt	3637523	UK	CFBuilding_CFBuilding_incomeFactor
h031	1747989297	units	Superior Fighters' Hall	3637705	UK	CFBuilding_CFBuilding_incomeFactor
o005	1865429045	units	Axemaster	3637716	UK	CFBuilding_CFBuilding_incomeFactor
h02B	1747989058	units	Shamanic Tent	3637925	UK	CFBuilding_CFBuilding_incomeFactor
o003	1865429043	units	Shaman	3637936	UK	CFBuilding_CFBuilding_incomeFactor
h06I	1747990089	units	Infostealer's Place	3638155	UK	CFBuilding_CFBuilding_incomeFactor
o00F	1865429062	units	Infostealer	3638166	UK	CFBuilding_CFBuilding_incomeFactor
h07Q	1747990353	units	Blood Shaman Tent	3638348	UK	CFBuilding_CFBuilding_incomeFactor
o00G	1865429063	units	Blood Shaman	3638359	UK	CFBuilding_CFBuilding_incomeFactor
h02H	1747989064	units	Troll Hut	3638574	UK	CFBuilding_CFBuilding_incomeFactor
n00V	1848651862	units	Troll Berserker	3638585	UK	CFBuilding_CFBuilding_incomeFactor
h05E	1747989829	units	Trapper's Hut	3638835	UK	CFBuilding_CFBuilding_incomeFactor
n01O	1848652111	units	Troll Trapper	3638846	UK	CFBuilding_CFBuilding_incomeFactor
h06D	1747990084	units	Forest Trapper's Hole	3639061	UK	CFBuilding_CFBuilding_incomeFactor
n02G	1848652359	units	Forest Troll Trapper	3639072	UK	CFBuilding_CFBuilding_incomeFactor
h02P	1747989072	units	Falcon-Clan Encampment	3639250	UK	CFBuilding_CFBuilding_incomeFactor
o009	1865429049	units	Wyvern Rider	3639261	UK	CFBuilding_CFBuilding_incomeFactor
h02K	1747989067	units	Kodo Farm	3639472	UK	CFBuilding_CFBuilding_incomeFactor
o007	1865429047	units	Kodo	3639483	UK	CFBuilding_CFBuilding_incomeFactor
h092	1747990834	units	Spellbreaker Kodo Farm	3639700	UK	CFBuilding_CFBuilding_incomeFactor
o00B	1865429058	units	Spellbreaker Kodo Rider	3639711	UK	CFBuilding_CFBuilding_incomeFactor
h035	1747989301	units	Melee Kodo Farm	3639920	UK	CFBuilding_CFBuilding_incomeFactor
o008	1865429048	units	Melee Kodo Rider	3639931	UK	CFBuilding_CFBuilding_incomeFactor
h036	1747989302	units	Defensive Kodo Farm	3640144	UK	CFBuilding_CFBuilding_incomeFactor
o006	1865429046	units	Defensive Kodo Rider	3640155	UK	CFBuilding_CFBuilding_incomeFactor
h02I	1747989065	units	Orcish Siege Factory	3640400	UK	CFBuilding_CFBuilding_incomeFactor
o001	1865429041	units	Catapult	3640411	UK	CFBuilding_CFBuilding_incomeFactor
h02N	1747989070	units	Serpent Rock	3640666	UK	CFBuilding_CFBuilding_incomeFactor
h02R	1747989074	units	Ceremonial Totem	3640916	UK	CFBuilding_CFBuilding_incomeFactor
o000	1865429040	units	Anti Air Tower	3641243	UK	CFBuilding_CFBuilding_incomeFactor
h02O	1747989071	units	Legendary Totem	3641505	UK	CFBuilding_CFBuilding_incomeFactor
h07X	1747990360	units	Stasis Totem	3641725	UK	CFBuilding_CFBuilding_incomeFactor
h07Y	1747990361	units	Healing Totem	3641909	UK	CFBuilding_CFBuilding_incomeFactor
h07Z	1747990362	units	Endurance Totem	3642093	UK	CFBuilding_CFBuilding_incomeFactor
h06I	1747990089	units	Infostealer's Place	3642287	UK	Dzb:HashMap_put
h02R	1747989074	units	Ceremonial Totem	3642590	VK	
A039	1093677881	abilities	ORC: Ceremonial Totem	3642601	VK	
h07X	1747990360	units	Stasis Totem	3642716	VK	
A032	1093677874	abilities		3642727	VK	
h07Y	1747990361	units	Healing Totem	3642842	VK	
A0HT	1093683284	abilities	Global Healing	3642853	VK	
h07Z	1747990362	units	Endurance Totem	3642967	VK	
A0HS	1093683283	abilities	Global Endurance	3642978	VK	
h02N	1747989070	units	Serpent Rock	3643093	VK	
A02Z	1093677658	abilities	ORC: Serpent Rock	3643104	VK	
n01O	1848652111	units	Troll Trapper	3643360	VK	
A06I	1093678665	abilities		3643371	VK	
n02G	1848652359	units	Forest Troll Trapper	3643635	VK	
A0FB	1093682754	abilities	Parasite(leg troll)	3643646	VK	
A0F1	1093682737	abilities		3643939	isCeremonialTotemTarget	unit_getAbilityLevel
A03B	1093677890	abilities		3644863	ceremonialTotemSpell	addProtectedAbility
A03A	1093677889	abilities		3644906	ceremonialTotemSpell	addProtectedAbility
A03D	1093677892	abilities		3644949	ceremonialTotemSpell	addProtectedAbility
A08L	1093679180	abilities		3644992	ceremonialTotemSpell	addProtectedAbility
A05I	1093678409	abilities		3645050	ceremonialTotemSpell	addProtectedAbility
A06W	1093678679	abilities		3645093	ceremonialTotemSpell	addProtectedAbility
A08M	1093679181	abilities		3645155	ceremonialTotemSpell	addProtectedAbility
A06Y	1093678681	abilities		3645198	ceremonialTotemSpell	addProtectedAbility
A08R	1093679186	abilities		3645246	ceremonialTotemSpell	addProtectedAbility
A06X	1093678680	abilities		3645289	ceremonialTotemSpell	addProtectedAbility
A030	1093677872	abilities	ORC: Serpent Rock	3645792	serpentRockShoot	dummyCastTargetWithVision
A0FC	1093682755	abilities	Ensnare (Leg Troll)	3646451	forestTrollTrapperSpell	dummyCastTargetWithVision
X07P	1479554896	units	Pandaren Builder	3646879	WK	
n03D	1848652612	units	Bamboo Dojo	3647080	WK	CFBuilding_CFBuilding_incomeFactor
n03E	1848652613	units	Sagepaw Monk	3647091	WK	CFBuilding_CFBuilding_incomeFactor
n03S	1848652627	units	Sagepaw Sanctum	3647314	WK	CFBuilding_CFBuilding_incomeFactor
n03T	1848652628	units	Sagepaw Soulkeeper	3647325	WK	CFBuilding_CFBuilding_incomeFactor
n03F	1848652614	units	Brew Hut	3647502	WK	CFBuilding_CFBuilding_incomeFactor
n03G	1848652615	units	Ironpaw Militia	3647513	WK	CFBuilding_CFBuilding_incomeFactor
n03K	1848652619	units	Fighting Tavern	3647730	WK	CFBuilding_CFBuilding_incomeFactor
n03J	1848652618	units	Ironpaw Guardian	3647741	WK	CFBuilding_CFBuilding_incomeFactor
n03P	1848652624	units	Temple of Ten Thousand Drinks	3647923	WK	CFBuilding_CFBuilding_incomeFactor
n03O	1848652623	units	Drunken Brewmaster	3647934	WK	CFBuilding_CFBuilding_incomeFactor
n03H	1848652616	units	Temple of the Wandering Spark	3648111	WK	CFBuilding_CFBuilding_incomeFactor
n03I	1848652617	units	Echofoot Mystic	3648122	WK	CFBuilding_CFBuilding_incomeFactor
n03N	1848652622	units	Pandaren Siege Workshop	3648398	WK	CFBuilding_CFBuilding_incomeFactor
o00H	1865429064	units	Brewshock Catapult	3648409	WK	CFBuilding_CFBuilding_incomeFactor
n03Q	1848652625	units	Cloud Hangar	3648661	WK	CFBuilding_CFBuilding_incomeFactor
h07S	1747990355	units	Cloud Ship	3648672	WK	CFBuilding_CFBuilding_incomeFactor
n03L	1848652620	units	Jade Shrine	3648923	WK	CFBuilding_CFBuilding_incomeFactor
n03M	1848652621	units	Jade Elder	3648934	WK	CFBuilding_CFBuilding_incomeFactor
h07T	1747990356	units	Withering Hall	3649189	WK	CFBuilding_CFBuilding_incomeFactor
h07R	1747990354	units	Thunderpaw Spire	3649438	WK	CFBuilding_CFBuilding_incomeFactor
h07P	1747990352	units	Poof Tower	3649692	WK	CFBuilding_CFBuilding_incomeFactor
h07V	1747990358	units	Celestial Chi Tower	3649983	WK	CFBuilding_CFBuilding_isLegendaryLine
X00O	1479553103	units	Chaos Builder	3652184	ZK	
A0DD	1093682244	abilities		3652195	ZK	
X00P	1479553104	units	Elf Builder	3652534	ZK	
A0DE	1093682245	abilities		3652545	ZK	
X006	1479553078	units	Corrupted Builder	3652931	ZK	
A0DF	1093682246	abilities		3652942	ZK	
X00C	1479553091	units	Human Builder	3653277	ZK	
A0DG	1093682247	abilities		3653288	ZK	
X019	1479553337	units	Orc Builder	3653686	ZK	
A0DH	1093682248	abilities		3653697	ZK	
X00E	1479553093	units	Naga Builder	3654029	ZK	
A0DI	1093682249	abilities		3654040	ZK	
X017	1479553335	units	Northern Builder	3654400	ZK	
A0DJ	1093682250	abilities		3654411	ZK	
X089	1479555129	units	Night Elf Builder	3654726	ZK	
A0DK	1093682251	abilities		3654737	ZK	
X018	1479553336	units	Undead Builder	3655071	ZK	
A0DL	1093682252	abilities		3655082	ZK	
X06P	1479554640	units	Mechanical Builder	3655438	ZK	
A0DM	1093682253	abilities		3655449	ZK	
X01A	1479553345	units	Nature Builder	3655807	ZK	
A0DN	1093682254	abilities		3655818	ZK	
X051	1479554353	units	Elemental Builder	3656188	ZK	
A0DO	1093682255	abilities		3656199	ZK	
X078	1479554872	units	Desert Builder	3656599	ZK	
A0G0	1093682992	abilities		3656610	ZK	
X07P	1479554896	units	Pandaren Builder	3656936	ZK	
A0GO	1093683023	abilities		3656947	ZK	
X075	1479554869	units	Ultimate Builder	3657334	ZK	
A0FY	1093682777	abilities		3657345	ZK	
X018	1479553336	units	Undead Builder	3658978	aL	
h01R	1747988818	units	Rotting Hay Cart	3659177	aL	CFBuilding_CFBuilding_incomeFactor
n00B	1848651842	units	Zombie	3659188	aL	CFBuilding_CFBuilding_incomeFactor
h04Z	1747989594	units	Tainted Farm	3659411	aL	CFBuilding_CFBuilding_incomeFactor
n01K	1848652107	units	Suffocated Zombie	3659422	aL	CFBuilding_CFBuilding_incomeFactor
h03M	1747989325	units	Defiled Granary	3659604	aL	CFBuilding_CFBuilding_incomeFactor
u007	1966092343	units	Plague Bearer	3659615	aL	CFBuilding_CFBuilding_incomeFactor
h01K	1747988811	units	Temple of Bone	3659830	aL	CFBuilding_CFBuilding_incomeFactor
u005	1966092341	units	Necromancer	3659841	aL	CFBuilding_CFBuilding_incomeFactor
h04B	1747989570	units	Temple of Necromancy	3660059	aL	CFBuilding_CFBuilding_incomeFactor
u009	1966092345	units	Mighty Necromancer	3660070	aL	CFBuilding_CFBuilding_incomeFactor
h055	1747989813	units	High Citadel of Necromancy	3660252	aL	CFBuilding_CFBuilding_incomeFactor
u00D	1966092356	units	Lich King	3660263	aL	CFBuilding_CFBuilding_incomeFactor
h01N	1747988814	units	Crypt	3660440	aL	CFBuilding_CFBuilding_incomeFactor
h01U	1747988821	units	Vampire	3660451	aL	CFBuilding_CFBuilding_incomeFactor
h054	1747989812	units	Graveyard	3660668	aL	CFBuilding_CFBuilding_incomeFactor
h05H	1747989832	units	Vampire Lord	3660679	aL	CFBuilding_CFBuilding_incomeFactor
h01P	1747988816	units	Skull Pile	3660858	aL	CFBuilding_CFBuilding_incomeFactor
h056	1747989814	units	Skull Shrine	3661077	aL	CFBuilding_CFBuilding_incomeFactor
h01L	1747988812	units	Haunted Mine	3661254	aL	CFBuilding_CFBuilding_incomeFactor
u001	1966092337	units	Banshee	3661265	aL	CFBuilding_CFBuilding_incomeFactor
h01T	1747988820	units	Slaughter House	3661507	aL	CFBuilding_CFBuilding_incomeFactor
n00E	1848651845	units	Flesh Golem	3661518	aL	CFBuilding_CFBuilding_incomeFactor
h01S	1747988819	units	Dragon Cemetery	3661765	aL	CFBuilding_CFBuilding_incomeFactor
u000	1966092336	units	Frost Wyrm	3661776	aL	CFBuilding_CFBuilding_incomeFactor
h00A	1747988545	units	Death Pit	3662030	aL	CFBuilding_CFBuilding_incomeFactor
h01O	1747988815	units	Turret of Souls	3662285	aL	CFBuilding_CFBuilding_incomeFactor
h01Q	1747988817	units	City of Decay	3662609	aL	CFBuilding_CFBuilding_incomeFactor
h01P	1747988816	units	Skull Pile	3662997	bL	
A01Q	1093677393	abilities		3663008	bL	
h056	1747989814	units	Skull Shrine	3663122	bL	
A05U	1093678421	abilities		3663133	bL	
h00A	1747988545	units	Death Pit	3663248	bL	
A033	1093677875	abilities	UND: Death Pit	3663259	bL	
A005	1093677109	abilities	Rescue Strike	3669991	gL	EventListener_addSpellInternal
A08Y	1093679193	abilities	Scroll of Stone Trigger	3670149	gL	EventListener_addSpellInternal
A0HJ	1093683274	abilities	Scroll of Speed Trigger	3670307	gL	EventListener_addSpellInternal
IBA0	1229078832	abilities		3670476	gL	EventListener_addSpellInternal
IBA1	1229078833	abilities		3670645	gL	EventListener_addSpellInternal
IBA2	1229078834	abilities		3670814	gL	EventListener_addSpellInternal
IBA3	1229078835	abilities		3670983	gL	EventListener_addSpellInternal
IBA4	1229078836	abilities		3671152	gL	EventListener_addSpellInternal
IBA5	1229078837	abilities		3671321	gL	EventListener_addSpellInternal
IBA6	1229078838	abilities		3671490	gL	EventListener_addSpellInternal
IBA7	1229078839	abilities		3671659	gL	EventListener_addSpellInternal
IBA8	1229078840	abilities		3671828	gL	EventListener_addSpellInternal
IBA9	1229078841	abilities	Buy Speedscroll	3671997	gL	EventListener_addSpellInternal
A005	1093677109	abilities	Rescue Strike	3672211	startRescueStrikeCooldown	unit_getAbilityLevel
A005	1093677109	abilities	Rescue Strike	3672273	startRescueStrikeCooldown	__wurst_safe_BlzGetUnitAbilityCooldown
A005	1093677109	abilities	Rescue Strike	3672342	startRescueStrikeCooldown	__wurst_safe_BlzStartUnitAbilityCooldown
A005	1093677109	abilities	Rescue Strike	3673535	finishRescueStrike	addProtectedAbility
A06E	1093678661	abilities	Rescue Strike Effect	3673578	finishRescueStrike	addProtectedAbility
A005	1093677109	abilities	Rescue Strike	3673634	finishRescueStrike	__wurst_safe_BlzStartUnitAbilityCooldown
I008	1227894840	items	Double Damage	3675707	castleItemIdForSlot	
I007	1227894839	items	Quad Damage	3675744	castleItemIdForSlot	
I006	1227894838	items	Orb of Lightning	3675781	castleItemIdForSlot	
I003	1227894835	items	Drum'n'Bass Bass Drums	3675818	castleItemIdForSlot	
I004	1227894836	items	Cheese	3675855	castleItemIdForSlot	
I005	1227894837	items	Scroll of Stone	3675892	castleItemIdForSlot	
I00A	1227894849	items	Drum'n'Bass Bassline Generator	3675929	castleItemIdForSlot	
I001	1227894833	items	Blast Staff	3675966	castleItemIdForSlot	
I009	1227894841	items	Rune of Repair	3676003	castleItemIdForSlot	
I00F	1227894854	items	Scroll of Speed	3676040	castleItemIdForSlot	
n03U	1848652629	units	Winged Riptide Serpent	3676333	hL	
A02E	1093677637	abilities		3682000	pL	unit_getAbilityLevel
x002	2016423986	units	Feathered Friend	3682044	pL	
A0-1	1093676337	abilities	Blink	3699403	uL	
AM0{	1095577723	abilities	Explode Snow	3736446	FL	__wurst_ensureInt
h07W	1747990359	units	Snowveil Fountain	3736460	FL	
A0HO	1093683279	abilities		3736474	FL	
A07M	1093678925	abilities		3746869	isAssassinSupportUnit	unit_getAbilityLevel
A07M	1093678925	abilities		3747240	restoreExpectedOrderAfterExternalOrder	unit_getAbilityLevel
A07M	1093678925	abilities		3747673	checkForWrongOrder	unit_getAbilityLevel
n02S	1848652371	units	Gnoll	3747860	checkForWrongOrder	
n02T	1848652372	units	Fire Gnoll	3747895	checkForWrongOrder	
A07M	1093678925	abilities		3747976	checkForWrongOrder	unit_getAbilityLevel
e00F	1697656902	units	Mountain Giant	3748051	checkForWrongOrder	
A0EZ	1093682522	abilities		3749926	NL	unit_getAbilityLevel
A0EZ	1093682522	abilities		3749990	NL	unit_removeAbility
e008	1697656888	units	dummy	3752884	QL	
h03C	1747989315	units	Paladin	3777367	onSummonedUnit	
h03A	1747989313	units	Defender	3777490	onSummonedUnit	
A07M	1093678925	abilities		3777590	onSummonedUnit	unit_getAbilityLevel
A09K	1093679435	abilities	MEH: Gobbo Machinist (repair)	3777637	onSummonedUnit	unit_getAbilityLevel
A07M	1093678925	abilities		3808362	wM	unit_getAbilityLevel
A07M	1093678925	abilities		3812814	xM	unit_getAbilityLevel
h07R	1747990354	units	Thunderpaw Spire	3854327	wN	
A0GW	1093683031	abilities	Thunderpaw Spire Ability	3854338	wN	
A09A	1093679425	abilities	Check Range	3855978	AN	EventListener_addSpellInternal
A0HR	1093683282	abilities	Troll Damage Bonus	3860235	IN	
h008	1747988536	units	Treasure Box	3864350	pO	
hfoo	1751543663	units	Footman	3872273	xO	
h000	1747988528	units	Barracks	3872610	xO	ZR:HashMap_put
n00U	1848651861	units	Black Spider	3872673	xO	
h002	1747988530	units	Spider Egg Clutch	3873011	xO	ZR:HashMap_put
hrif	1752328550	units	Sniper	3873074	xO	
h003	1747988531	units	Sniper Nest	3873409	xO	ZR:HashMap_put
hmtm	1752003693	units	Mortar	3873472	xO	
h004	1747988532	units	Weapon Lab	3873809	xO	ZR:HashMap_put
n000	1848651824	units	Infernal	3873872	xO	
h007	1747988535	units	Demon Gate	3874210	xO	ZR:HashMap_put
n001	1848651825	units	Red Dragon	3874273	xO	
h009	1747988537	units	Dragon Nest	3874610	xO	ZR:HashMap_put
e000	1697656880	units	Faerie Dragon	3874673	xO	
h00B	1747988546	units	Fountain of Wonders	3875010	xO	ZR:HashMap_put
n002	1848651826	units	Naga Guardian	3875073	xO	
h00F	1747988550	units	Spawning Grounds	3875411	xO	ZR:HashMap_put
n004	1848651828	units	Suumpmolk	3875474	xO	
h00J	1747988554	units	Swamp Well	3875811	xO	ZR:HashMap_put
n005	1848651829	units	Warlock	3875874	xO	
h00K	1747988555	units	Hjordhejmen	3876211	xO	ZR:HashMap_put
n01N	1848652110	units	Giant Spider	3876274	xO	
h00Q	1747988561	units	Spider Egg Nest	3876612	xO	ZR:HashMap_put
n01W	1848652119	units	Brood Mother	3876675	xO	
h00R	1747988562	units	Spider Egg Hatchery	3877013	xO	ZR:HashMap_put
e001	1697656881	units	Huntress	3877076	xO	
h00S	1747988563	units	Hunter's Hall	3877413	xO	ZR:HashMap_put
n006	1848651830	units	Blademaster	3877476	xO	
h00T	1747988564	units	Hall of Honor	3877814	xO	ZR:HashMap_put
h00U	1747988565	units	Bloodthirster	3877877	xO	
h00V	1747988566	units	Bloodelf War Academy	3878214	xO	ZR:HashMap_put
h00W	1747988567	units	Wizard	3878277	xO	
h00X	1747988568	units	Tower of Supreme Magic	3878614	xO	ZR:HashMap_put
n026	1848652342	units	Furbolg Shaman	3878677	xO	
h00Y	1747988569	units	Furbolg Hut	3879014	xO	ZR:HashMap_put
e002	1697656882	units	Glaive Thrower	3879077	xO	
h011	1747988785	units	Nightelf Siege Factory	3879416	xO	ZR:HashMap_put
n028	1848652344	units	Furbolg Elder Shaman	3879479	xO	
h012	1747988786	units	Furbolg Abode	3879816	xO	ZR:HashMap_put
e006	1697656886	units	Dryad	3879879	xO	
h013	1747988787	units	Ancient of Growth	3880216	xO	ZR:HashMap_put
h016	1747988790	units	Gryphon Rider	3880279	xO	
h015	1747988789	units	Gryphon Rock	3880616	xO	ZR:HashMap_put
n007	1848651831	units	Dragon Turtle	3880679	xO	
h01B	1747988802	units	Reptile Pool	3881016	xO	ZR:HashMap_put
n008	1848651832	units	Succubus	3881079	xO	
h01C	1747988803	units	Altar of Greed	3881416	xO	ZR:HashMap_put
n009	1848651833	units	Chaos Warrior	3881479	xO	
h01D	1747988804	units	Chaos Citadel	3881817	xO	ZR:HashMap_put
e009	1697656889	units	Keeper of the Grove	3881880	xO	
h01H	1747988808	units	Ancient of Life	3882217	xO	ZR:HashMap_put
n00A	1848651841	units	Satyr	3882280	xO	
h01I	1747988809	units	Lesser Demon Cage	3882617	xO	ZR:HashMap_put
e00C	1697656899	units	Ancient Keeper	3882680	xO	
h01J	1747988810	units	Ancient of Eternity	3883018	xO	ZR:HashMap_put
u005	1966092341	units	Necromancer	3883081	xO	
h01K	1747988811	units	Temple of Bone	3883418	xO	ZR:HashMap_put
u001	1966092337	units	Banshee	3883481	xO	
h01L	1747988812	units	Haunted Mine	3883818	xO	ZR:HashMap_put
h01U	1747988821	units	Vampire	3883881	xO	
h01N	1747988814	units	Crypt	3884219	xO	ZR:HashMap_put
n00B	1848651842	units	Zombie	3884282	xO	
h01R	1747988818	units	Rotting Hay Cart	3884620	xO	ZR:HashMap_put
u000	1966092336	units	Frost Wyrm	3884683	xO	
h01S	1747988819	units	Dragon Cemetery	3885021	xO	ZR:HashMap_put
n00E	1848651845	units	Flesh Golem	3885084	xO	
h01T	1747988820	units	Slaughter House	3885424	xO	ZR:HashMap_put
n00H	1848651848	units	Winged Serpent	3885487	xO	
h01Y	1747988825	units	Temple of Snakes	3885824	xO	ZR:HashMap_put
n00S	1848651859	units	Naga Siren	3885887	xO	
h01Z	1747988826	units	Naga Spring	3886224	xO	ZR:HashMap_put
n00I	1848651849	units	Murloc Warrior	3886287	xO	
h020	1747989040	units	Murloc Camp	3886624	xO	ZR:HashMap_put
n00J	1848651850	units	Murloc Champion	3886687	xO	
h021	1747989041	units	Murloc Village	3887024	xO	ZR:HashMap_put
n00K	1848651851	units	Murloc Assassin	3887087	xO	
h022	1747989042	units	Murloc Fortress	3887424	xO	ZR:HashMap_put
n029	1848652345	units	Bear	3887487	xO	
h023	1747989043	units	Ancient of Slumber	3887825	xO	ZR:HashMap_put
n02B	1848652354	units	Ancient Bear	3887888	xO	
h024	1747989044	units	Ancient of Hibernation	3888227	xO	ZR:HashMap_put
n00L	1848651852	units	Blood Fiend	3888290	xO	
h025	1747989045	units	Fountain of Blood	3888628	xO	ZR:HashMap_put
z000	2049978416	units	Quill Demon	3888691	xO	
h026	1747989046	units	Greater Demon Cage	3889028	xO	ZR:HashMap_put
n02A	1848652353	units	Emerald Dragon	3889091	xO	
h027	1747989047	units	Emerald Dragon Roost	3889428	xO	ZR:HashMap_put
e00F	1697656902	units	Mountain Giant	3889491	xO	
h028	1747989048	units	Monolith	3889829	xO	ZR:HashMap_put
o002	1865429042	units	Grunt	3889892	xO	
h029	1747989049	units	Fighters' Hall	3890230	xO	ZR:HashMap_put
o003	1865429043	units	Shaman	3890293	xO	
h02B	1747989058	units	Shamanic Tent	3890630	xO	ZR:HashMap_put
n00V	1848651862	units	Troll Berserker	3890693	xO	
h02H	1747989064	units	Troll Hut	3891030	xO	ZR:HashMap_put
o001	1865429041	units	Catapult	3891093	xO	
h02I	1747989065	units	Orcish Siege Factory	3891432	xO	ZR:HashMap_put
o007	1865429047	units	Kodo	3891495	xO	
h02K	1747989067	units	Kodo Farm	3891834	xO	ZR:HashMap_put
o009	1865429049	units	Wyvern Rider	3891897	xO	
h02P	1747989072	units	Falcon-Clan Encampment	3892234	xO	ZR:HashMap_put
o004	1865429044	units	Veteran Grunt	3892297	xO	
h02U	1747989077	units	Advanced Fighters' Hall	3892635	xO	ZR:HashMap_put
o005	1865429045	units	Axemaster	3892698	xO	
h031	1747989297	units	Superior Fighters' Hall	3893038	xO	ZR:HashMap_put
n00X	1848651864	units	Naga Royal Guard	3893101	xO	
h032	1747989298	units	Royal Spawning Grounds	3893440	xO	ZR:HashMap_put
o008	1865429048	units	Melee Kodo Rider	3893503	xO	
h035	1747989301	units	Melee Kodo Farm	3893841	xO	ZR:HashMap_put
o006	1865429046	units	Defensive Kodo Rider	3893904	xO	
h036	1747989302	units	Defensive Kodo Farm	3894242	xO	ZR:HashMap_put
h03B	1747989314	units	Crusader	3894305	xO	
h037	1747989303	units	Chapel	3894643	xO	ZR:HashMap_put
h03C	1747989315	units	Paladin	3894706	xO	
h038	1747989304	units	Church	3895044	xO	ZR:HashMap_put
h03A	1747989313	units	Defender	3895107	xO	
h039	1747989305	units	Stronghold	3895444	xO	ZR:HashMap_put
e003	1697656883	units	Ranger	3895507	xO	
h03D	1747989316	units	Ranger's Hall	3895844	xO	ZR:HashMap_put
e004	1697656884	units	Amazon	3895907	xO	
h03E	1747989317	units	Amazon's Hall	3896245	xO	ZR:HashMap_put
n00Y	1848651865	units	Elder Blademaster	3896308	xO	
h03F	1747989318	units	Hall of the Eldest	3896647	xO	ZR:HashMap_put
n00Z	1848651866	units	Chaos Champion	3896710	xO	
h03G	1747989319	units	Greater Chaos Citadel	3897048	xO	ZR:HashMap_put
n010	1848652080	units	Azure Drake	3897111	xO	
h03I	1747989321	units	Azure Nest	3897448	xO	ZR:HashMap_put
o00A	1865429057	units	Ice Troll Witch Doctor	3897511	xO	
h03J	1747989322	units	Ice Troll Voodoo Lounge	3897848	xO	ZR:HashMap_put
n015	1848652085	units	Ice Troll Shadow Priest	3897911	xO	
h03K	1747989323	units	Ice Troll Hut	3898248	xO	ZR:HashMap_put
u007	1966092343	units	Plague Bearer	3898311	xO	
h03M	1747989325	units	Defiled Granary	3898650	xO	ZR:HashMap_put
n014	1848652084	units	Ice Queen	3898713	xO	
h03S	1747989331	units	Crystal Palace	3899050	xO	ZR:HashMap_put
n012	1848652082	units	Wandigoo	3899113	xO	
h03T	1747989332	units	Ice Claws	3899451	xO	ZR:HashMap_put
n011	1848652081	units	Hrimthrusa	3899514	xO	
h03U	1747989333	units	Igloo	3899851	xO	ZR:HashMap_put
n016	1848652086	units	Magnataur	3899914	xO	
h03W	1747989335	units	Glacier	3900253	xO	ZR:HashMap_put
h02W	1747989079	units	Lesser Elemental Of Water	3900316	xO	
h03X	1747989336	units	Water Spring	3900652	xO	ZR:HashMap_put
h02X	1747989080	units	Elemental Of Water	3900715	xO	
h03Y	1747989337	units	Golden Fountain	3901051	xO	ZR:HashMap_put
h02Y	1747989081	units	Greater Elemental Of Water	3901114	xO	
h03Z	1747989338	units	Spellbound Fountain	3901450	xO	ZR:HashMap_put
h034	1747989300	units	Elemental Of Earth	3901513	xO	
h040	1747989552	units	Rock Pile	3901850	xO	ZR:HashMap_put
h03N	1747989326	units	Greater Elemental Of Earth	3901913	xO	
h041	1747989553	units	Greater Fissure	3902250	xO	ZR:HashMap_put
h03P	1747989328	units	Elemental Of Lightning	3902313	xO	
h042	1747989554	units	Pillar of Globe-Lightning	3902648	xO	ZR:HashMap_put
n013	1848652083	units	Ancient Wandigoo	3902711	xO	
h043	1747989555	units	Frost Claws	3903050	xO	ZR:HashMap_put
h03R	1747989330	units	Greater Elemental Of Lightning	3903113	xO	
h044	1747989556	units	Pillar of St. Elmo's Fire	3903448	xO	ZR:HashMap_put
h02Z	1747989082	units	Elemental Of Fire	3903511	xO	
h045	1747989557	units	Altar of Fire	3903848	xO	ZR:HashMap_put
u00F	1966092358	units	Greater Elemental Of Fire	3903911	xO	
h046	1747989558	units	Altar of Blaze	3904245	xO	ZR:HashMap_put
n017	1848652087	units	Frost Wolf	3904308	xO	
h049	1747989561	units	Snowy Rocks	3904646	xO	ZR:HashMap_put
o00C	1865429059	units	Lesser Elemental Of Wind	3904709	xO	
h04A	1747989569	units	Trapped Gale	3905046	xO	ZR:HashMap_put
u009	1966092345	units	Mighty Necromancer	3905109	xO	
h04B	1747989570	units	Temple of Necromancy	3905446	xO	ZR:HashMap_put
o00D	1865429060	units	Elemental Of Wind	3905509	xO	
h04C	1747989571	units	Monument of Wind Stream	3905846	xO	ZR:HashMap_put
o00E	1865429061	units	Greater Elemental Of Wind	3905909	xO	
h04D	1747989572	units	Zephyros Memorial	3906247	xO	ZR:HashMap_put
h03V	1747989334	units	Master Of Elements	3906310	xO	
h04E	1747989573	units	Tower of Elder Knowledge	3906648	xO	ZR:HashMap_put
n018	1848652088	units	Polar Bear	3906711	xO	
h04F	1747989574	units	Icy Rocks	3907049	xO	ZR:HashMap_put
n019	1848652089	units	Void Walker	3907112	xO	
h04L	1747989580	units	Void Portal	3907449	xO	ZR:HashMap_put
n01B	1848652098	units	Shadow Drake	3907512	xO	
h04M	1747989581	units	Shadow Ancient	3907849	xO	ZR:HashMap_put
n01A	1848652097	units	Void Keeper	3907912	xO	
h04N	1747989582	units	Portal of the Abyss	3908249	xO	ZR:HashMap_put
n01D	1848652100	units	Nether Drake	3908312	xO	
h04O	1747989583	units	Nether Ancient	3908649	xO	ZR:HashMap_put
n01E	1848652101	units	Infernal Tank	3908712	xO	
h04P	1747989584	units	Hell's Portal	3909050	xO	ZR:HashMap_put
n01F	1848652102	units		3909113	xO	
h04Q	1747989585	units	Hell's Gate	3909451	xO	ZR:HashMap_put
n01G	1848652103	units	Felhound	3909514	xO	
h04S	1747989587	units	Felhound Shrine	3909852	xO	ZR:HashMap_put
h04I	1747989577	units	Incubus	3909915	xO	
h04U	1747989589	units	Demonic Statue	3910253	xO	ZR:HashMap_put
n01I	1848652105	units	Corrupted Ent	3910316	xO	
h04V	1747989590	units	Ancient of Battle	3910654	xO	ZR:HashMap_put
n01H	1848652104	units	Corrupted Treant	3910717	xO	
h04W	1747989591	units	Corrupted Ancient of War	3911055	xO	ZR:HashMap_put
n01K	1848652107	units	Suffocated Zombie	3911118	xO	
h04Z	1747989594	units	Tainted Farm	3911456	xO	ZR:HashMap_put
h05H	1747989832	units	Vampire Lord	3911519	xO	
h054	1747989812	units	Graveyard	3911857	xO	ZR:HashMap_put
u00D	1966092356	units	Lich King	3911920	xO	
h055	1747989813	units	High Citadel of Necromancy	3912257	xO	ZR:HashMap_put
h0A2	1747992882	units	Heavy Gunner	3912320	xO	
h05D	1747989828	units	Gunner's Hall	3912658	xO	ZR:HashMap_put
n01O	1848652111	units	Troll Trapper	3912721	xO	
h05E	1747989829	units	Trapper's Hut	3913058	xO	ZR:HashMap_put
n01P	1848652112	units	Ancient Hydra	3913121	xO	
h05F	1747989830	units	Lernaean Fountain	3913460	xO	ZR:HashMap_put
h06Q	1747990097	units	Roterothopter	3913523	xO	
h05J	1747989834	units	Aircraft Factory	3913860	xO	ZR:HashMap_put
n01V	1848652118	units	Lunatic Goblin	3913923	xO	
h05M	1747989837	units	Demolition Lab	3914257	xO	ZR:HashMap_put
z002	2049978418	units	Flamegunner	3914320	xO	
h05T	1747989844	units	Gun Smith	3914657	xO	ZR:HashMap_put
n01T	1848652116	units	Goblin Shredder	3914720	xO	
h05U	1747989845	units	Lumber Mill	3915058	xO	ZR:HashMap_put
n01X	1848652120	units	Iron Golem	3915121	xO	
h05V	1747989846	units	Golem Factory	3915459	xO	ZR:HashMap_put
h06T	1747990100	units	Light Tank	3915522	xO	
h05X	1747989848	units	Tank Factory	3915860	xO	ZR:HashMap_put
n01U	1848652117	units	Gobbo Machinist	3915923	xO	
h069	1747990073	units	Spare Part Heap	3916260	xO	ZR:HashMap_put
n02G	1848652359	units	Forest Troll Trapper	3916323	xO	
h06D	1747990084	units	Forest Trapper's Hole	3916663	xO	ZR:HashMap_put
o00F	1865429062	units	Infostealer	3916726	xO	
h06I	1747990089	units	Infostealer's Place	3917063	xO	ZR:HashMap_put
n02I	1848652361	units	Angry Hrimthrusa	3917126	xO	
h06L	1747990092	units	Modern Igloo	3917466	xO	ZR:HashMap_put
e00E	1697656901	units	Twins	3917529	xO	
h06O	1747990095	units	Serenity	3917858	xO	ZR:HashMap_put
n01Y	1848652121	units	Dragonhawk Rider	3917921	xO	
h06Y	1747990105	units	Dragonhawk Portal	3918258	xO	ZR:HashMap_put
n02J	1848652362	units	Goliath	3918321	xO	
h06Z	1747990106	units	Protection Center	3918660	xO	ZR:HashMap_put
e005	1697656885	units	Ballista	3918723	xO	
h070	1747990320	units	Highelf Siege Factory	3919061	xO	ZR:HashMap_put
e00G	1697656903	units	Visioneer	3919124	xO	
h071	1747990321	units	Enigma	3919462	xO	ZR:HashMap_put
h074	1747990324	units	Holy Warrior	3919525	xO	
h072	1747990322	units	Holy Altar	3919865	xO	ZR:HashMap_put
n02M	1848652365	units	Goblin Rocketeer	3919928	xO	
h077	1747990327	units	Rocket Lab	3920267	xO	ZR:HashMap_put
e00J	1697656906	units	Sage Druid	3920330	xO	
h07D	1747990340	units	Moon Altar	3920667	xO	ZR:HashMap_put
n020	1848652336	units	Royal Assassin	3920730	xO	
h07L	1747990348	units	Guild of Shadows	3921068	xO	ZR:HashMap_put
n01Z	1848652122	units	Assassin	3921131	xO	
h07M	1747990349	units	House of Shadows	3921469	xO	ZR:HashMap_put
e00A	1697656897	units	Avatar of Vengeance	3921532	xO	
h07N	1747990350	units	Scorched Mansion	3921869	xO	ZR:HashMap_put
e00B	1697656898	units	Avenging Spirit	3921932	xO	
h07O	1747990351	units	Pillaged Hut	3922270	xO	ZR:HashMap_put
o00G	1865429063	units	Blood Shaman	3922333	xO	
h07Q	1747990353	units	Blood Shaman Tent	3922670	xO	ZR:HashMap_put
n03U	1848652629	units	Winged Riptide Serpent	3922733	xO	
h080	1747990576	units	Temple of Riptide	3923070	xO	ZR:HashMap_put
e007	1697656887	units	Druid	3923133	xO	
h088	1747990584	units	Moon Shrine	3923470	xO	ZR:HashMap_put
n022	1848652338	units	Archer	3923533	xO	
h08X	1747990616	units	Archery Range	3923870	xO	ZR:HashMap_put
n023	1848652339	units	Master Archer	3923933	xO	
h08Y	1747990617	units	Archery Tower	3924270	xO	ZR:HashMap_put
o00B	1865429058	units	Spellbreaker Kodo Rider	3924333	xO	
h092	1747990834	units	Spellbreaker Kodo Farm	3924671	xO	ZR:HashMap_put
n024	1848652340	units	Adamant Golem	3924734	xO	
h097	1747990839	units	Precious Golem Factory	3925073	xO	ZR:HashMap_put
h06S	1747990099	units	Heavy Tank	3925136	xO	
h09B	1747990850	units	Heavy Tank Factory	3925475	xO	ZR:HashMap_put
h098	1747990840	units	Rocket Tank	3925538	xO	
h09H	1747990856	units	Rocket Tank Factory	3925877	xO	ZR:HashMap_put
h099	1747990841	units	Assault Tank	3925940	xO	
h09I	1747990857	units	Assault Tank Factory	3926278	xO	ZR:HashMap_put
h06U	1747990101	units	Mine Layer	3926341	xO	
h09J	1747990858	units	Mine Layer Factory	3926679	xO	ZR:HashMap_put
h06R	1747990098	units	Gyrocopter	3926742	xO	
h09L	1747990860	units	Bomber Factory	3927079	xO	ZR:HashMap_put
z003	2049978419	units	Flamegunner Sergeant	3927142	xO	
h09P	1747990864	units	Arsenal	3927479	xO	ZR:HashMap_put
h07B	1747990338	units	Sorceress	3927542	xO	
h09X	1747990872	units	School of Wizardry	3927879	xO	ZR:HashMap_put
n027	1848652343	units	Corrupted Annihilator	3927942	xO	
h09Y	1747990873	units	Corrupted Ancient of Annihilation	3928282	xO	ZR:HashMap_put
h05C	1747989827	units	Marksman	3928345	xO	
h0A1	1747992881	units	Marksmen's Encampment	3928682	xO	ZR:HashMap_put
n02T	1848652372	units	Fire Gnoll	3928745	xO	
n02N	1848652366	units	Fire Gnoll Hut	3929082	xO	ZR:HashMap_put
n02Y	1848652377	units	Ogre Lord	3929145	xO	
n02O	1848652367	units	Den of the Ogre Lord	3929483	xO	ZR:HashMap_put
n02S	1848652371	units	Gnoll	3929546	xO	
n02P	1848652368	units	Gnoll Tent	3929883	xO	ZR:HashMap_put
n02W	1848652375	units	Harpy	3929946	xO	
n02Q	1848652369	units	Harpy Nest	3930283	xO	ZR:HashMap_put
n035	1848652597	units	Monstrous Sandkin	3930346	xO	
n02R	1848652370	units	Monstrous Sandkin Burrow	3930684	xO	ZR:HashMap_put
n034	1848652596	units	Harpies' Matriarch	3930747	xO	
n031	1848652593	units	Nest of Harpy Matriarch	3931085	xO	ZR:HashMap_put
n02X	1848652376	units	Ogre	3931148	xO	
n033	1848652595	units	Ogre Den	3931485	xO	ZR:HashMap_put
n02V	1848652374	units	Quillboar	3931548	xO	
n036	1848652598	units	Quillboar Yard	3931885	xO	ZR:HashMap_put
n02U	1848652373	units	Razormane	3931948	xO	
n037	1848652599	units	Razormane Abode	3932285	xO	ZR:HashMap_put
n02Z	1848652378	units	Salamander	3932348	xO	
n038	1848652600	units	Salamander Hatchery	3932685	xO	ZR:HashMap_put
n030	1848652592	units	Sandkin	3932748	xO	
n039	1848652601	units	Sandkin Burrow	3933086	xO	ZR:HashMap_put
n032	1848652594	units	Harpy Witch	3933149	xO	
n03B	1848652610	units	Nest of Harpy Witch	3933486	xO	ZR:HashMap_put
n03E	1848652613	units	Sagepaw Monk	3933549	xO	
n03D	1848652612	units	Bamboo Dojo	3933886	xO	ZR:HashMap_put
n03G	1848652615	units	Ironpaw Militia	3933949	xO	
n03F	1848652614	units	Brew Hut	3934286	xO	ZR:HashMap_put
n03I	1848652617	units	Echofoot Mystic	3934349	xO	
n03H	1848652616	units	Temple of the Wandering Spark	3934686	xO	ZR:HashMap_put
n03J	1848652618	units	Ironpaw Guardian	3934749	xO	
n03K	1848652619	units	Fighting Tavern	3935086	xO	ZR:HashMap_put
n03M	1848652621	units	Jade Elder	3935149	xO	
n03L	1848652620	units	Jade Shrine	3935486	xO	ZR:HashMap_put
o00H	1865429064	units	Brewshock Catapult	3935549	xO	
n03N	1848652622	units	Pandaren Siege Workshop	3935888	xO	ZR:HashMap_put
n03O	1848652623	units	Drunken Brewmaster	3935951	xO	
n03P	1848652624	units	Temple of Ten Thousand Drinks	3936290	xO	ZR:HashMap_put
h07S	1747990355	units	Cloud Ship	3936353	xO	
n03Q	1848652625	units	Cloud Hangar	3936690	xO	ZR:HashMap_put
n03T	1848652628	units	Sagepaw Soulkeeper	3936753	xO	
n03S	1848652627	units	Sagepaw Sanctum	3937090	xO	ZR:HashMap_put
n01B	1848652098	units	Shadow Drake	3939088	onUnitEnteredMap	
e00F	1697656902	units	Mountain Giant	3939165	onUnitEnteredMap	
A0E5	1093682485	abilities	ELE: Elemental of Wind (effect)	3939245	onUnitEnteredMap	unit_getAbilityLevel
otot	1869901684	units		3939482	BO	
h000	1747988528	units	Barracks	3942997	ensureUnitObjectMetadataRegistered	PR:HashMap_put
hfoo	1751543663	units	Footman	3943042	ensureUnitObjectMetadataRegistered	UnitObjectMeta_new_UnitObjectMeta
h000	1747988528	units	Barracks	3943533	ensureUnitObjectMetadataRegistered	unitObjectMetaMix
hfoo	1751543663	units	Footman	3943568	ensureUnitObjectMetadataRegistered	unitObjectMetaMix
h001	1747988529	units	Artillery	3943952	ensureUnitObjectMetadataRegistered	PR:HashMap_put
h001	1747988529	units	Artillery	3944456	ensureUnitObjectMetadataRegistered	unitObjectMetaMix
h002	1747988530	units	Spider Egg Clutch	3944871	ensureUnitObjectMetadataRegistered	PR:HashMap_put
n00U	1848651861	units	Black Spider	3944916	ensureUnitObjectMetadataRegistered	UnitObjectMeta_new_UnitObjectMeta
h002	1747988530	units	Spider Egg Clutch	3945564	ensureUnitObjectMetadataRegistered	unitObjectMetaMix
n00U	1848651861	units	Black Spider	3945599	ensureUnitObjectMetadataRegistered	unitObjectMetaMix
h003	1747988531	units	Sniper Nest	3945983	ensureUnitObjectMetadataRegistered	PR:HashMap_put
hrif	1752328550	units	Sniper	3946028	ensureUnitObjectMetadataRegistered	UnitObjectMeta_new_UnitObjectMeta
h003	1747988531	units	Sniper Nest	3946622	ensureUnitObjectMetadataRegistered	unitObjectMetaMix
hrif	1752328550	units	Sniper	3946657	ensureUnitObjectMetadataRegistered	unitObjectMetaMix
h004	1747988532	units	Weapon Lab	3947042	ensureUnitObjectMetadataRegistered	PR:HashMap_put
hmtm	1752003693	units	Mortar	3947087	ensureUnitObjectMetadataRegistered	UnitObjectMeta_new_UnitObjectMeta
h004	1747988532	units	Weapon Lab	3947699	ensureUnitObjectMetadataRegistered	unitObjectMetaMix
hmtm	1752003693	units	Mortar	3947734	ensureUnitObjectMetadataRegistered	unitObjectMetaMix
h005	1747988533	units	Obelisk of Light	3948119	ensureUnitObjectMetadataRegistered	PR:HashMap_put
h005	1747988533	units	Obelisk of Light	3948550	ensureUnitObjectMetadataRegistered	unitObjectMetaMix
h006	1747988534	units	Watch Tower	3948968	ensureUnitObjectMetadataRegistered	PR:HashMap_put
h006	1747988534	units	Watch Tower	3949345	ensureUnitObjectMetadataRegistered	unitObjectMetaMix
h007	1747988535	units	Demon Gate	3949760	ensureUnitObjectMetadataRegistered	PR:HashMap_put
n000	1848651824	units	Infernal	3949805	ensureUnitObjectMetadataRegistered	UnitObjectMeta_new_UnitObjectMeta
h007	1747988535	units	Demon Gate	3950399	ensureUnitObjectMetadataRegistered	unitObjectMetaMix
n000	1848651824	units	Infernal	3950434	ensureUnitObjectMetadataRegistered	unitObjectMetaMix
h009	1747988537	units	Dragon Nest	3950818	ensureUnitObjectMetadataRegistered	PR:HashMap_put
n001	1848651825	units	Red Dragon	3950863	ensureUnitObjectMetadataRegistered	UnitObjectMeta_new_UnitObjectMeta
h009	1747988537	units	Dragon Nest	3951468	ensureUnitObjectMetadataRegistered	unitObjectMetaMix
n001	1848651825	units	Red Dragon	3951503	ensureUnitObjectMetadataRegistered	unitObjectMetaMix
h00A	1747988545	units	Death Pit	3951887	ensureUnitObjectMetadataRegistered	PR:HashMap_put
h00A	1747988545	units	Death Pit	3952215	ensureUnitObjectMetadataRegistered	unitObjectMetaMix
h00B	1747988546	units	Fountain of Wonders	3952633	ensureUnitObjectMetadataRegistered	PR:HashMap_put
e000	1697656880	units	Faerie Dragon	3952678	ensureUnitObjectMetadataRegistered	UnitObjectMeta_new_UnitObjectMeta
h00B	1747988546	units	Fountain of Wonders	3953447	ensureUnitObjectMetadataRegistered	unitObjectMetaMix
e000	1697656880	units	Faerie Dragon	3953482	ensureUnitObjectMetadataRegistered	unitObjectMetaMix
h00F	1747988550	units	Spawning Grounds	3953865	ensureUnitObjectMetadataRegistered	PR:HashMap_put
n002	1848651826	units	Naga Guardian	3953910	ensureUnitObjectMetadataRegistered	UnitObjectMeta_new_UnitObjectMeta
h00F	1747988550	units	Spawning Grounds	3954588	ensureUnitObjectMetadataRegistered	unitObjectMetaMix
n002	1848651826	units	Naga Guardian	3954623	ensureUnitObjectMetadataRegistered	unitObjectMetaMix
h00G	1747988551	units	Coral Statue	3955006	ensureUnitObjectMetadataRegistered	PR:HashMap_put
h00G	1747988551	units	Coral Statue	3955475	ensureUnitObjectMetadataRegistered	unitObjectMetaMix
h00I	1747988553	units	Ancient Pyramide	3955893	ensureUnitObjectMetadataRegistered	PR:HashMap_put
h00I	1747988553	units	Ancient Pyramide	3956347	ensureUnitObjectMetadataRegistered	unitObjectMetaMix
h00J	1747988554	units	Swamp Well	3956765	ensureUnitObjectMetadataRegistered	PR:HashMap_put
n004	1848651828	units	Suumpmolk	3956810	ensureUnitObjectMetadataRegistered	UnitObjectMeta_new_UnitObjectMeta
h00J	1747988554	units	Swamp Well	3957459	ensureUnitObjectMetadataRegistered	unitObjectMetaMix
n004	1848651828	units	Suumpmolk	3957494	ensureUnitObjectMetadataRegistered	unitObjectMetaMix
h00K	1747988555	units	Hjordhejmen	3957879	ensureUnitObjectMetadataRegistered	PR:HashMap_put
n005	1848651829	units	Warlock	3957924	ensureUnitObjectMetadataRegistered	UnitObjectMeta_new_UnitObjectMeta
h00K	1747988555	units	Hjordhejmen	3958749	ensureUnitObjectMetadataRegistered	unitObjectMetaMix
n005	1848651829	units	Warlock	3958784	ensureUnitObjectMetadataRegistered	unitObjectMetaMix
h00M	1747988557	units	Oracle of Sirens	3959168	ensureUnitObjectMetadataRegistered	PR:HashMap_put
h00M	1747988557	units	Oracle of Sirens	3959504	ensureUnitObjectMetadataRegistered	unitObjectMetaMix
h00N	1747988558	units	Tidal Guardian	3959922	ensureUnitObjectMetadataRegistered	PR:HashMap_put
h00N	1747988558	units	Tidal Guardian	3960342	ensureUnitObjectMetadataRegistered	unitObjectMetaMix
h00Q	1747988561	units	Spider Egg Nest	3960758	ensureUnitObjectMetadataRegistered	PR:HashMap_put
n01N	1848652110	units	Giant Spider	3960803	ensureUnitObjectMetadataRegistered	UnitObjectMeta_new_UnitObjectMeta
h00Q	1747988561	units	Spider Egg Nest	3961600	ensureUnitObjectMetadataRegistered	unitObjectMetaMix
n01N	1848652110	units	Giant Spider	3961635	ensureUnitObjectMetadataRegistered	unitObjectMetaMix
h00R	1747988562	units	Spider Egg Hatchery	3962019	ensureUnitObjectMetadataRegistered	PR:HashMap_put
n01W	1848652119	units	Brood Mother	3962064	ensureUnitObjectMetadataRegistered	UnitObjectMeta_new_UnitObjectMeta
h00R	1747988562	units	Spider Egg Hatchery	3963103	ensureUnitObjectMetadataRegistered	unitObjectMetaMix
n01W	1848652119	units	Brood Mother	3963138	ensureUnitObjectMetadataRegistered	unitObjectMetaMix
h00S	1747988563	units	Hunter's Hall	3963521	ensureUnitObjectMetadataRegistered	PR:HashMap_put
e001	1697656881	units	Huntress	3963566	ensureUnitObjectMetadataRegistered	UnitObjectMeta_new_UnitObjectMeta
h00S	1747988563	units	Hunter's Hall	3964214	ensureUnitObjectMetadataRegistered	unitObjectMetaMix
e001	1697656881	units	Huntress	3964249	ensureUnitObjectMetadataRegistered	unitObjectMetaMix
h00T	1747988564	units	Hall of Honor	3964634	ensureUnitObjectMetadataRegistered	PR:HashMap_put
n006	1848651830	units	Blademaster	3964679	ensureUnitObjectMetadataRegistered	UnitObjectMeta_new_UnitObjectMeta
h00T	1747988564	units	Hall of Honor	3965487	ensureUnitObjectMetadataRegistered	unitObjectMetaMix
n006	1848651830	units	Blademaster	3965522	ensureUnitObjectMetadataRegistered	unitObjectMetaMix
h00V	1747988566	units	Bloodelf War Academy	3965906	ensureUnitObjectMetadataRegistered	PR:HashMap_put
h00U	1747988565	units	Bloodthirster	3965951	ensureUnitObjectMetadataRegistered	UnitObjectMeta_new_UnitObjectMeta
h00V	1747988566	units	Bloodelf War Academy	3966808	ensureUnitObjectMetadataRegistered	unitObjectMetaMix
h00U	1747988565	units	Bloodthirster	3966843	ensureUnitObjectMetadataRegistered	unitObjectMetaMix
h00X	1747988568	units	Tower of Supreme Magic	3967227	ensureUnitObjectMetadataRegistered	PR:HashMap_put
h00W	1747988567	units	Wizard	3967272	ensureUnitObjectMetadataRegistered	UnitObjectMeta_new_UnitObjectMeta
h00X	1747988568	units	Tower of Supreme Magic	3968621	ensureUnitObjectMetadataRegistered	unitObjectMetaMix
h00W	1747988567	units	Wizard	3968656	ensureUnitObjectMetadataRegistered	unitObjectMetaMix
h00Y	1747988569	units	Furbolg Hut	3969042	ensureUnitObjectMetadataRegistered	PR:HashMap_put
n026	1848652342	units	Furbolg Shaman	3969087	ensureUnitObjectMetadataRegistered	UnitObjectMeta_new_UnitObjectMeta
h00Y	1747988569	units	Furbolg Hut	3969800	ensureUnitObjectMetadataRegistered	unitObjectMetaMix
n026	1848652342	units	Furbolg Shaman	3969835	ensureUnitObjectMetadataRegistered	unitObjectMetaMix
h00Z	1747988570	units	City of Magic	3970219	ensureUnitObjectMetadataRegistered	PR:HashMap_put
h00Z	1747988570	units	City of Magic	3970575	ensureUnitObjectMetadataRegistered	unitObjectMetaMix
h010	1747988784	units	Gjallarhorn	3970993	ensureUnitObjectMetadataRegistered	PR:HashMap_put
h010	1747988784	units	Gjallarhorn	3971477	ensureUnitObjectMetadataRegistered	unitObjectMetaMix
h011	1747988785	units	Nightelf Siege Factory	3971895	ensureUnitObjectMetadataRegistered	PR:HashMap_put
e002	1697656882	units	Glaive Thrower	3971940	ensureUnitObjectMetadataRegistered	UnitObjectMeta_new_UnitObjectMeta
h011	1747988785	units	Nightelf Siege Factory	3972628	ensureUnitObjectMetadataRegistered	unitObjectMetaMix
e002	1697656882	units	Glaive Thrower	3972663	ensureUnitObjectMetadataRegistered	unitObjectMetaMix
h012	1747988786	units	Furbolg Abode	3973047	ensureUnitObjectMetadataRegistered	PR:HashMap_put
n028	1848652344	units	Furbolg Elder Shaman	3973092	ensureUnitObjectMetadataRegistered	UnitObjectMeta_new_UnitObjectMeta
h012	1747988786	units	Furbolg Abode	3973938	ensureUnitObjectMetadataRegistered	unitObjectMetaMix
n028	1848652344	units	Furbolg Elder Shaman	3973973	ensureUnitObjectMetadataRegistered	unitObjectMetaMix
h013	1747988787	units	Ancient of Growth	3974357	ensureUnitObjectMetadataRegistered	PR:HashMap_put
e006	1697656886	units	Dryad	3974402	ensureUnitObjectMetadataRegistered	UnitObjectMeta_new_UnitObjectMeta
h013	1747988787	units	Ancient of Growth	3975292	ensureUnitObjectMetadataRegistered	unitObjectMetaMix
e006	1697656886	units	Dryad	3975327	ensureUnitObjectMetadataRegistered	unitObjectMetaMix
h014	1747988788	units	Arcane Tower	3975711	ensureUnitObjectMetadataRegistered	PR:HashMap_put
h014	1747988788	units	Arcane Tower	3976176	ensureUnitObjectMetadataRegistered	unitObjectMetaMix
h015	1747988789	units	Gryphon Rock	3976591	ensureUnitObjectMetadataRegistered	PR:HashMap_put
h016	1747988790	units	Gryphon Rider	3976636	ensureUnitObjectMetadataRegistered	UnitObjectMeta_new_UnitObjectMeta
h015	1747988789	units	Gryphon Rock	3977570	ensureUnitObjectMetadataRegistered	unitObjectMetaMix
h016	1747988790	units	Gryphon Rider	3977605	ensureUnitObjectMetadataRegistered	unitObjectMetaMix
h01B	1747988802	units	Reptile Pool	3977989	ensureUnitObjectMetadataRegistered	PR:HashMap_put
n007	1848651831	units	Dragon Turtle	3978034	ensureUnitObjectMetadataRegistered	UnitObjectMeta_new_UnitObjectMeta
h01B	1747988802	units	Reptile Pool	3978786	ensureUnitObjectMetadataRegistered	unitObjectMetaMix
n007	1848651831	units	Dragon Turtle	3978821	ensureUnitObjectMetadataRegistered	unitObjectMetaMix
h01C	1747988803	units	Altar of Greed	3979206	ensureUnitObjectMetadataRegistered	PR:HashMap_put
n008	1848651832	units	Succubus	3979251	ensureUnitObjectMetadataRegistered	UnitObjectMeta_new_UnitObjectMeta
h01C	1747988803	units	Altar of Greed	3979976	ensureUnitObjectMetadataRegistered	unitObjectMetaMix
n008	1848651832	units	Succubus	3980011	ensureUnitObjectMetadataRegistered	unitObjectMetaMix
h01D	1747988804	units	Chaos Citadel	3980395	ensureUnitObjectMetadataRegistered	PR:HashMap_put
n009	1848651833	units	Chaos Warrior	3980440	ensureUnitObjectMetadataRegistered	UnitObjectMeta_new_UnitObjectMeta
h01D	1747988804	units	Chaos Citadel	3981048	ensureUnitObjectMetadataRegistered	unitObjectMetaMix
n009	1848651833	units	Chaos Warrior	3981083	ensureUnitObjectMetadataRegistered	unitObjectMetaMix
h01E	1747988805	units	Shrine of Destruction	3981467	ensureUnitObjectMetadataRegistered	PR:HashMap_put
h01E	1747988805	units	Shrine of Destruction	3982083	ensureUnitObjectMetadataRegistered	unitObjectMetaMix
h01F	1747988806	units	Volcano	3982502	ensureUnitObjectMetadataRegistered	PR:HashMap_put
h01F	1747988806	units	Volcano	3982953	ensureUnitObjectMetadataRegistered	unitObjectMetaMix
h01H	1747988808	units	Ancient of Life	3983371	ensureUnitObjectMetadataRegistered	PR:HashMap_put
e009	1697656889	units	Keeper of the Grove	3983416	ensureUnitObjectMetadataRegistered	UnitObjectMeta_new_UnitObjectMeta
h01H	1747988808	units	Ancient of Life	3984535	ensureUnitObjectMetadataRegistered	unitObjectMetaMix
e009	1697656889	units	Keeper of the Grove	3984570	ensureUnitObjectMetadataRegistered	unitObjectMetaMix
h01I	1747988809	units	Lesser Demon Cage	3984954	ensureUnitObjectMetadataRegistered	PR:HashMap_put
n00A	1848651841	units	Satyr	3984999	ensureUnitObjectMetadataRegistered	UnitObjectMeta_new_UnitObjectMeta
h01I	1747988809	units	Lesser Demon Cage	3985510	ensureUnitObjectMetadataRegistered	unitObjectMetaMix
n00A	1848651841	units	Satyr	3985545	ensureUnitObjectMetadataRegistered	unitObjectMetaMix
h01J	1747988810	units	Ancient of Eternity	3985930	ensureUnitObjectMetadataRegistered	PR:HashMap_put
e00C	1697656899	units	Ancient Keeper	3985975	ensureUnitObjectMetadataRegistered	UnitObjectMeta_new_UnitObjectMeta
h01J	1747988810	units	Ancient of Eternity	3987306	ensureUnitObjectMetadataRegistered	unitObjectMetaMix
e00C	1697656899	units	Ancient Keeper	3987341	ensureUnitObjectMetadataRegistered	unitObjectMetaMix
h01K	1747988811	units	Temple of Bone	3987727	ensureUnitObjectMetadataRegistered	PR:HashMap_put
u005	1966092341	units	Necromancer	3987772	ensureUnitObjectMetadataRegistered	UnitObjectMeta_new_UnitObjectMeta
h01K	1747988811	units	Temple of Bone	3988495	ensureUnitObjectMetadataRegistered	unitObjectMetaMix
u005	1966092341	units	Necromancer	3988530	ensureUnitObjectMetadataRegistered	unitObjectMetaMix
h01L	1747988812	units	Haunted Mine	3988914	ensureUnitObjectMetadataRegistered	PR:HashMap_put
u001	1966092337	units	Banshee	3988959	ensureUnitObjectMetadataRegistered	UnitObjectMeta_new_UnitObjectMeta
h01L	1747988812	units	Haunted Mine	3989783	ensureUnitObjectMetadataRegistered	unitObjectMetaMix
u001	1966092337	units	Banshee	3989818	ensureUnitObjectMetadataRegistered	unitObjectMetaMix
h01M	1747988813	units	Eraser (Level 1)	3990202	ensureUnitObjectMetadataRegistered	PR:HashMap_put
h01M	1747988813	units	Eraser (Level 1)	3990641	ensureUnitObjectMetadataRegistered	unitObjectMetaMix
h01N	1747988814	units	Crypt	3991060	ensureUnitObjectMetadataRegistered	PR:HashMap_put
h01U	1747988821	units	Vampire	3991105	ensureUnitObjectMetadataRegistered	UnitObjectMeta_new_UnitObjectMeta
h01N	1747988814	units	Crypt	3991913	ensureUnitObjectMetadataRegistered	unitObjectMetaMix
h01U	1747988821	units	Vampire	3991948	ensureUnitObjectMetadataRegistered	unitObjectMetaMix
h01O	1747988815	units	Turret of Souls	3992332	ensureUnitObjectMetadataRegistered	PR:HashMap_put
h01O	1747988815	units	Turret of Souls	3992929	ensureUnitObjectMetadataRegistered	unitObjectMetaMix
h01P	1747988816	units	Skull Pile	3993344	ensureUnitObjectMetadataRegistered	PR:HashMap_put
h01P	1747988816	units	Skull Pile	3993768	ensureUnitObjectMetadataRegistered	unitObjectMetaMix
h01Q	1747988817	units	City of Decay	3994184	ensureUnitObjectMetadataRegistered	PR:HashMap_put
h01Q	1747988817	units	City of Decay	3994642	ensureUnitObjectMetadataRegistered	unitObjectMetaMix
h01R	1747988818	units	Rotting Hay Cart	3995061	ensureUnitObjectMetadataRegistered	PR:HashMap_put
n00B	1848651842	units	Zombie	3995106	ensureUnitObjectMetadataRegistered	UnitObjectMeta_new_UnitObjectMeta
h01R	1747988818	units	Rotting Hay Cart	3995755	ensureUnitObjectMetadataRegistered	unitObjectMetaMix
n00B	1848651842	units	Zombie	3995790	ensureUnitObjectMetadataRegistered	unitObjectMetaMix
h01S	1747988819	units	Dragon Cemetery	3996174	ensureUnitObjectMetadataRegistered	PR:HashMap_put
u000	1966092336	units	Frost Wyrm	3996219	ensureUnitObjectMetadataRegistered	UnitObjectMeta_new_UnitObjectMeta
h01S	1747988819	units	Dragon Cemetery	3996928	ensureUnitObjectMetadataRegistered	unitObjectMetaMix
u000	1966092336	units	Frost Wyrm	3996963	ensureUnitObjectMetadataRegistered	unitObjectMetaMix
h01T	1747988820	units	Slaughter House	3997347	ensureUnitObjectMetadataRegistered	PR:HashMap_put
n00E	1848651845	units	Flesh Golem	3997392	ensureUnitObjectMetadataRegistered	UnitObjectMeta_new_UnitObjectMeta
h01T	1747988820	units	Slaughter House	3998095	ensureUnitObjectMetadataRegistered	unitObjectMetaMix
n00E	1848651845	units	Flesh Golem	3998130	ensureUnitObjectMetadataRegistered	unitObjectMetaMix
h01W	1747988823	units	Eraser (Level 2)	3998514	ensureUnitObjectMetadataRegistered	PR:HashMap_put
h01W	1747988823	units	Eraser (Level 2)	3998952	ensureUnitObjectMetadataRegistered	unitObjectMetaMix
h01X	1747988824	units	Eraser (Level 3)	3999370	ensureUnitObjectMetadataRegistered	PR:HashMap_put
h01X	1747988824	units	Eraser (Level 3)	3999816	ensureUnitObjectMetadataRegistered	unitObjectMetaMix
h01Y	1747988825	units	Temple of Snakes	4000234	ensureUnitObjectMetadataRegistered	PR:HashMap_put
n00H	1848651848	units	Winged Serpent	4000279	ensureUnitObjectMetadataRegistered	UnitObjectMeta_new_UnitObjectMeta
h01Y	1747988825	units	Temple of Snakes	4000914	ensureUnitObjectMetadataRegistered	unitObjectMetaMix
n00H	1848651848	units	Winged Serpent	4000949	ensureUnitObjectMetadataRegistered	unitObjectMetaMix
h01Z	1747988826	units	Naga Spring	4001333	ensureUnitObjectMetadataRegistered	PR:HashMap_put
n00S	1848651859	units	Naga Siren	4001378	ensureUnitObjectMetadataRegistered	UnitObjectMeta_new_UnitObjectMeta
h01Z	1747988826	units	Naga Spring	4002402	ensureUnitObjectMetadataRegistered	unitObjectMetaMix
n00S	1848651859	units	Naga Siren	4002437	ensureUnitObjectMetadataRegistered	unitObjectMetaMix
h020	1747989040	units	Murloc Camp	4002821	ensureUnitObjectMetadataRegistered	PR:HashMap_put
n00I	1848651849	units	Murloc Warrior	4002866	ensureUnitObjectMetadataRegistered	UnitObjectMeta_new_UnitObjectMeta
h020	1747989040	units	Murloc Camp	4003486	ensureUnitObjectMetadataRegistered	unitObjectMetaMix
n00I	1848651849	units	Murloc Warrior	4003521	ensureUnitObjectMetadataRegistered	unitObjectMetaMix
h021	1747989041	units	Murloc Village	4003905	ensureUnitObjectMetadataRegistered	PR:HashMap_put
n00J	1848651850	units	Murloc Champion	4003950	ensureUnitObjectMetadataRegistered	UnitObjectMeta_new_UnitObjectMeta
h021	1747989041	units	Murloc Village	4004827	ensureUnitObjectMetadataRegistered	unitObjectMetaMix
n00J	1848651850	units	Murloc Champion	4004862	ensureUnitObjectMetadataRegistered	unitObjectMetaMix
h022	1747989042	units	Murloc Fortress	4005246	ensureUnitObjectMetadataRegistered	PR:HashMap_put
n00K	1848651851	units	Murloc Assassin	4005291	ensureUnitObjectMetadataRegistered	UnitObjectMeta_new_UnitObjectMeta
h022	1747989042	units	Murloc Fortress	4006326	ensureUnitObjectMetadataRegistered	unitObjectMetaMix
n00K	1848651851	units	Murloc Assassin	4006361	ensureUnitObjectMetadataRegistered	unitObjectMetaMix
h023	1747989043	units	Ancient of Slumber	4006745	ensureUnitObjectMetadataRegistered	PR:HashMap_put
n029	1848652345	units	Bear	4006790	ensureUnitObjectMetadataRegistered	UnitObjectMeta_new_UnitObjectMeta
h023	1747989043	units	Ancient of Slumber	4007837	ensureUnitObjectMetadataRegistered	unitObjectMetaMix
n029	1848652345	units	Bear	4007872	ensureUnitObjectMetadataRegistered	unitObjectMetaMix
h024	1747989044	units	Ancient of Hibernation	4008256	ensureUnitObjectMetadataRegistered	PR:HashMap_put
n02B	1848652354	units	Ancient Bear	4008301	ensureUnitObjectMetadataRegistered	UnitObjectMeta_new_UnitObjectMeta
h024	1747989044	units	Ancient of Hibernation	4009453	ensureUnitObjectMetadataRegistered	unitObjectMetaMix
n02B	1848652354	units	Ancient Bear	4009488	ensureUnitObjectMetadataRegistered	unitObjectMetaMix
h025	1747989045	units	Fountain of Blood	4009872	ensureUnitObjectMetadataRegistered	PR:HashMap_put
n00L	1848651852	units	Blood Fiend	4009917	ensureUnitObjectMetadataRegistered	UnitObjectMeta_new_UnitObjectMeta
h025	1747989045	units	Fountain of Blood	4010580	ensureUnitObjectMetadataRegistered	unitObjectMetaMix
n00L	1848651852	units	Blood Fiend	4010615	ensureUnitObjectMetadataRegistered	unitObjectMetaMix
h026	1747989046	units	Greater Demon Cage	4010999	ensureUnitObjectMetadataRegistered	PR:HashMap_put
z000	2049978416	units	Quill Demon	4011044	ensureUnitObjectMetadataRegistered	UnitObjectMeta_new_UnitObjectMeta
h026	1747989046	units	Greater Demon Cage	4011823	ensureUnitObjectMetadataRegistered	unitObjectMetaMix
z000	2049978416	units	Quill Demon	4011858	ensureUnitObjectMetadataRegistered	unitObjectMetaMix
h027	1747989047	units	Emerald Dragon Roost	4012243	ensureUnitObjectMetadataRegistered	PR:HashMap_put
n02A	1848652353	units	Emerald Dragon	4012288	ensureUnitObjectMetadataRegistered	UnitObjectMeta_new_UnitObjectMeta
h027	1747989047	units	Emerald Dragon Roost	4012966	ensureUnitObjectMetadataRegistered	unitObjectMetaMix
n02A	1848652353	units	Emerald Dragon	4013001	ensureUnitObjectMetadataRegistered	unitObjectMetaMix
h028	1747989048	units	Monolith	4013385	ensureUnitObjectMetadataRegistered	PR:HashMap_put
e00F	1697656902	units	Mountain Giant	4013430	ensureUnitObjectMetadataRegistered	UnitObjectMeta_new_UnitObjectMeta
h028	1747989048	units	Monolith	4014515	ensureUnitObjectMetadataRegistered	unitObjectMetaMix
e00F	1697656902	units	Mountain Giant	4014550	ensureUnitObjectMetadataRegistered	unitObjectMetaMix
h029	1747989049	units	Fighters' Hall	4014934	ensureUnitObjectMetadataRegistered	PR:HashMap_put
o002	1865429042	units	Grunt	4014979	ensureUnitObjectMetadataRegistered	UnitObjectMeta_new_UnitObjectMeta
h029	1747989049	units	Fighters' Hall	4015488	ensureUnitObjectMetadataRegistered	unitObjectMetaMix
o002	1865429042	units	Grunt	4015523	ensureUnitObjectMetadataRegistered	unitObjectMetaMix
h02A	1747989057	units	Ancient of Gale	4015907	ensureUnitObjectMetadataRegistered	PR:HashMap_put
h02A	1747989057	units	Ancient of Gale	4016372	ensureUnitObjectMetadataRegistered	unitObjectMetaMix
h02B	1747989058	units	Shamanic Tent	4016790	ensureUnitObjectMetadataRegistered	PR:HashMap_put
o003	1865429043	units	Shaman	4016835	ensureUnitObjectMetadataRegistered	UnitObjectMeta_new_UnitObjectMeta
h02B	1747989058	units	Shamanic Tent	4017560	ensureUnitObjectMetadataRegistered	unitObjectMetaMix
o003	1865429043	units	Shaman	4017595	ensureUnitObjectMetadataRegistered	unitObjectMetaMix
h02C	1747989059	units	Ancient Guardian	4017979	ensureUnitObjectMetadataRegistered	PR:HashMap_put
h02C	1747989059	units	Ancient Guardian	4018437	ensureUnitObjectMetadataRegistered	unitObjectMetaMix
h02D	1747989060	units	Ancient of Wonders	4018855	ensureUnitObjectMetadataRegistered	PR:HashMap_put
h02D	1747989060	units	Ancient of Wonders	4019346	ensureUnitObjectMetadataRegistered	unitObjectMetaMix
h02H	1747989064	units	Troll Hut	4019765	ensureUnitObjectMetadataRegistered	PR:HashMap_put
n00V	1848651862	units	Troll Berserker	4019810	ensureUnitObjectMetadataRegistered	UnitObjectMeta_new_UnitObjectMeta
h02H	1747989064	units	Troll Hut	4020520	ensureUnitObjectMetadataRegistered	unitObjectMetaMix
n00V	1848651862	units	Troll Berserker	4020555	ensureUnitObjectMetadataRegistered	unitObjectMetaMix
h02I	1747989065	units	Orcish Siege Factory	4020940	ensureUnitObjectMetadataRegistered	PR:HashMap_put
o001	1865429041	units	Catapult	4020985	ensureUnitObjectMetadataRegistered	UnitObjectMeta_new_UnitObjectMeta
h02I	1747989065	units	Orcish Siege Factory	4021725	ensureUnitObjectMetadataRegistered	unitObjectMetaMix
o001	1865429041	units	Catapult	4021760	ensureUnitObjectMetadataRegistered	unitObjectMetaMix
h02K	1747989067	units	Kodo Farm	4022144	ensureUnitObjectMetadataRegistered	PR:HashMap_put
o007	1865429047	units	Kodo	4022189	ensureUnitObjectMetadataRegistered	UnitObjectMeta_new_UnitObjectMeta
h02K	1747989067	units	Kodo Farm	4022696	ensureUnitObjectMetadataRegistered	unitObjectMetaMix
o007	1865429047	units	Kodo	4022731	ensureUnitObjectMetadataRegistered	unitObjectMetaMix
h02N	1747989070	units	Serpent Rock	4023115	ensureUnitObjectMetadataRegistered	PR:HashMap_put
h02N	1747989070	units	Serpent Rock	4023640	ensureUnitObjectMetadataRegistered	unitObjectMetaMix
h02O	1747989071	units	Legendary Totem	4024058	ensureUnitObjectMetadataRegistered	PR:HashMap_put
h02O	1747989071	units	Legendary Totem	4024846	ensureUnitObjectMetadataRegistered	unitObjectMetaMix
h02P	1747989072	units	Falcon-Clan Encampment	4025265	ensureUnitObjectMetadataRegistered	PR:HashMap_put
o009	1865429049	units	Wyvern Rider	4025310	ensureUnitObjectMetadataRegistered	UnitObjectMeta_new_UnitObjectMeta
h02P	1747989072	units	Falcon-Clan Encampment	4026061	ensureUnitObjectMetadataRegistered	unitObjectMetaMix
o009	1865429049	units	Wyvern Rider	4026096	ensureUnitObjectMetadataRegistered	unitObjectMetaMix
h02R	1747989074	units	Ceremonial Totem	4026480	ensureUnitObjectMetadataRegistered	PR:HashMap_put
h02R	1747989074	units	Ceremonial Totem	4027275	ensureUnitObjectMetadataRegistered	unitObjectMetaMix
h02U	1747989077	units	Advanced Fighters' Hall	4027693	ensureUnitObjectMetadataRegistered	PR:HashMap_put
o004	1865429044	units	Veteran Grunt	4027738	ensureUnitObjectMetadataRegistered	UnitObjectMeta_new_UnitObjectMeta
h02U	1747989077	units	Advanced Fighters' Hall	4028387	ensureUnitObjectMetadataRegistered	unitObjectMetaMix
o004	1865429044	units	Veteran Grunt	4028422	ensureUnitObjectMetadataRegistered	unitObjectMetaMix
h031	1747989297	units	Superior Fighters' Hall	4028806	ensureUnitObjectMetadataRegistered	PR:HashMap_put
o005	1865429045	units	Axemaster	4028851	ensureUnitObjectMetadataRegistered	UnitObjectMeta_new_UnitObjectMeta
h031	1747989297	units	Superior Fighters' Hall	4029636	ensureUnitObjectMetadataRegistered	unitObjectMetaMix
o005	1865429045	units	Axemaster	4029671	ensureUnitObjectMetadataRegistered	unitObjectMetaMix
h032	1747989298	units	Royal Spawning Grounds	4030055	ensureUnitObjectMetadataRegistered	PR:HashMap_put
n00X	1848651864	units	Naga Royal Guard	4030100	ensureUnitObjectMetadataRegistered	UnitObjectMeta_new_UnitObjectMeta
h032	1747989298	units	Royal Spawning Grounds	4030867	ensureUnitObjectMetadataRegistered	unitObjectMetaMix
n00X	1848651864	units	Naga Royal Guard	4030902	ensureUnitObjectMetadataRegistered	unitObjectMetaMix
h035	1747989301	units	Melee Kodo Farm	4031285	ensureUnitObjectMetadataRegistered	PR:HashMap_put
o008	1865429048	units	Melee Kodo Rider	4031330	ensureUnitObjectMetadataRegistered	UnitObjectMeta_new_UnitObjectMeta
h035	1747989301	units	Melee Kodo Farm	4032002	ensureUnitObjectMetadataRegistered	unitObjectMetaMix
o008	1865429048	units	Melee Kodo Rider	4032037	ensureUnitObjectMetadataRegistered	unitObjectMetaMix
h036	1747989302	units	Defensive Kodo Farm	4032422	ensureUnitObjectMetadataRegistered	PR:HashMap_put
o006	1865429046	units	Defensive Kodo Rider	4032467	ensureUnitObjectMetadataRegistered	UnitObjectMeta_new_UnitObjectMeta
h036	1747989302	units	Defensive Kodo Farm	4033135	ensureUnitObjectMetadataRegistered	unitObjectMetaMix
o006	1865429046	units	Defensive Kodo Rider	4033170	ensureUnitObjectMetadataRegistered	unitObjectMetaMix
h037	1747989303	units	Chapel	4033555	ensureUnitObjectMetadataRegistered	PR:HashMap_put
h03B	1747989314	units	Crusader	4033600	ensureUnitObjectMetadataRegistered	UnitObjectMeta_new_UnitObjectMeta
h037	1747989303	units	Chapel	4034553	ensureUnitObjectMetadataRegistered	unitObjectMetaMix
h03B	1747989314	units	Crusader	4034588	ensureUnitObjectMetadataRegistered	unitObjectMetaMix
h038	1747989304	units	Church	4034971	ensureUnitObjectMetadataRegistered	PR:HashMap_put
h03C	1747989315	units	Paladin	4035016	ensureUnitObjectMetadataRegistered	UnitObjectMeta_new_UnitObjectMeta
h038	1747989304	units	Church	4036232	ensureUnitObjectMetadataRegistered	unitObjectMetaMix
h03C	1747989315	units	Paladin	4036267	ensureUnitObjectMetadataRegistered	unitObjectMetaMix
h039	1747989305	units	Stronghold	4036650	ensureUnitObjectMetadataRegistered	PR:HashMap_put
h03A	1747989313	units	Defender	4036695	ensureUnitObjectMetadataRegistered	UnitObjectMeta_new_UnitObjectMeta
h039	1747989305	units	Stronghold	4037556	ensureUnitObjectMetadataRegistered	unitObjectMetaMix
h03A	1747989313	units	Defender	4037591	ensureUnitObjectMetadataRegistered	unitObjectMetaMix
h03D	1747989316	units	Ranger's Hall	4037975	ensureUnitObjectMetadataRegistered	PR:HashMap_put
e003	1697656883	units	Ranger	4038020	ensureUnitObjectMetadataRegistered	UnitObjectMeta_new_UnitObjectMeta
h03D	1747989316	units	Ranger's Hall	4038735	ensureUnitObjectMetadataRegistered	unitObjectMetaMix
e003	1697656883	units	Ranger	4038770	ensureUnitObjectMetadataRegistered	unitObjectMetaMix
h03E	1747989317	units	Amazon's Hall	4039155	ensureUnitObjectMetadataRegistered	PR:HashMap_put
e004	1697656884	units	Amazon	4039200	ensureUnitObjectMetadataRegistered	UnitObjectMeta_new_UnitObjectMeta
h03E	1747989317	units	Amazon's Hall	4040087	ensureUnitObjectMetadataRegistered	unitObjectMetaMix
e004	1697656884	units	Amazon	4040122	ensureUnitObjectMetadataRegistered	unitObjectMetaMix
h03F	1747989318	units	Hall of the Eldest	4040509	ensureUnitObjectMetadataRegistered	PR:HashMap_put
n00Y	1848651865	units	Elder Blademaster	4040554	ensureUnitObjectMetadataRegistered	UnitObjectMeta_new_UnitObjectMeta
h03F	1747989318	units	Hall of the Eldest	4041472	ensureUnitObjectMetadataRegistered	unitObjectMetaMix
n00Y	1848651865	units	Elder Blademaster	4041507	ensureUnitObjectMetadataRegistered	unitObjectMetaMix
h03G	1747989319	units	Greater Chaos Citadel	4041891	ensureUnitObjectMetadataRegistered	PR:HashMap_put
n00Z	1848651866	units	Chaos Champion	4041936	ensureUnitObjectMetadataRegistered	UnitObjectMeta_new_UnitObjectMeta
h03G	1747989319	units	Greater Chaos Citadel	4042776	ensureUnitObjectMetadataRegistered	unitObjectMetaMix
n00Z	1848651866	units	Chaos Champion	4042811	ensureUnitObjectMetadataRegistered	unitObjectMetaMix
h03I	1747989321	units	Azure Nest	4043195	ensureUnitObjectMetadataRegistered	PR:HashMap_put
n010	1848652080	units	Azure Drake	4043240	ensureUnitObjectMetadataRegistered	UnitObjectMeta_new_UnitObjectMeta
h03I	1747989321	units	Azure Nest	4043973	ensureUnitObjectMetadataRegistered	unitObjectMetaMix
n010	1848652080	units	Azure Drake	4044008	ensureUnitObjectMetadataRegistered	unitObjectMetaMix
h03J	1747989322	units	Ice Troll Voodoo Lounge	4044392	ensureUnitObjectMetadataRegistered	PR:HashMap_put
o00A	1865429057	units	Ice Troll Witch Doctor	4044437	ensureUnitObjectMetadataRegistered	UnitObjectMeta_new_UnitObjectMeta
h03J	1747989322	units	Ice Troll Voodoo Lounge	4045565	ensureUnitObjectMetadataRegistered	unitObjectMetaMix
o00A	1865429057	units	Ice Troll Witch Doctor	4045600	ensureUnitObjectMetadataRegistered	unitObjectMetaMix
h03K	1747989323	units	Ice Troll Hut	4045984	ensureUnitObjectMetadataRegistered	PR:HashMap_put
n015	1848652085	units	Ice Troll Shadow Priest	4046029	ensureUnitObjectMetadataRegistered	UnitObjectMeta_new_UnitObjectMeta
h03K	1747989323	units	Ice Troll Hut	4047161	ensureUnitObjectMetadataRegistered	unitObjectMetaMix
n015	1848652085	units	Ice Troll Shadow Priest	4047196	ensureUnitObjectMetadataRegistered	unitObjectMetaMix
h03L	1747989324	units	Greater Frost Launcher	4047580	ensureUnitObjectMetadataRegistered	PR:HashMap_put
h03L	1747989324	units	Greater Frost Launcher	4048099	ensureUnitObjectMetadataRegistered	unitObjectMetaMix
h03M	1747989325	units	Defiled Granary	4048517	ensureUnitObjectMetadataRegistered	PR:HashMap_put
u007	1966092343	units	Plague Bearer	4048562	ensureUnitObjectMetadataRegistered	UnitObjectMeta_new_UnitObjectMeta
h03M	1747989325	units	Defiled Granary	4049601	ensureUnitObjectMetadataRegistered	unitObjectMetaMix
u007	1966092343	units	Plague Bearer	4049636	ensureUnitObjectMetadataRegistered	unitObjectMetaMix
h03O	1747989327	units	World Freezer	4050020	ensureUnitObjectMetadataRegistered	PR:HashMap_put
h03O	1747989327	units	World Freezer	4050791	ensureUnitObjectMetadataRegistered	unitObjectMetaMix
h03Q	1747989329	units	Icy Tower	4051210	ensureUnitObjectMetadataRegistered	PR:HashMap_put
h03Q	1747989329	units	Icy Tower	4051797	ensureUnitObjectMetadataRegistered	unitObjectMetaMix
h03S	1747989331	units	Crystal Palace	4052212	ensureUnitObjectMetadataRegistered	PR:HashMap_put
n014	1848652084	units	Ice Queen	4052257	ensureUnitObjectMetadataRegistered	UnitObjectMeta_new_UnitObjectMeta
h03S	1747989331	units	Crystal Palace	4053474	ensureUnitObjectMetadataRegistered	unitObjectMetaMix
n014	1848652084	units	Ice Queen	4053509	ensureUnitObjectMetadataRegistered	unitObjectMetaMix
h03T	1747989332	units	Ice Claws	4053893	ensureUnitObjectMetadataRegistered	PR:HashMap_put
n012	1848652082	units	Wandigoo	4053938	ensureUnitObjectMetadataRegistered	UnitObjectMeta_new_UnitObjectMeta
h03T	1747989332	units	Ice Claws	4054596	ensureUnitObjectMetadataRegistered	unitObjectMetaMix
n012	1848652082	units	Wandigoo	4054631	ensureUnitObjectMetadataRegistered	unitObjectMetaMix
h03U	1747989333	units	Igloo	4055015	ensureUnitObjectMetadataRegistered	PR:HashMap_put
n011	1848652081	units	Hrimthrusa	4055060	ensureUnitObjectMetadataRegistered	UnitObjectMeta_new_UnitObjectMeta
h03U	1747989333	units	Igloo	4055830	ensureUnitObjectMetadataRegistered	unitObjectMetaMix
n011	1848652081	units	Hrimthrusa	4055865	ensureUnitObjectMetadataRegistered	unitObjectMetaMix
h03W	1747989335	units	Glacier	4056250	ensureUnitObjectMetadataRegistered	PR:HashMap_put
n016	1848652086	units	Magnataur	4056295	ensureUnitObjectMetadataRegistered	UnitObjectMeta_new_UnitObjectMeta
h03W	1747989335	units	Glacier	4057237	ensureUnitObjectMetadataRegistered	unitObjectMetaMix
n016	1848652086	units	Magnataur	4057272	ensureUnitObjectMetadataRegistered	unitObjectMetaMix
h03X	1747989336	units	Water Spring	4057655	ensureUnitObjectMetadataRegistered	PR:HashMap_put
h02W	1747989079	units	Lesser Elemental Of Water	4057700	ensureUnitObjectMetadataRegistered	UnitObjectMeta_new_UnitObjectMeta
h03X	1747989336	units	Water Spring	4058532	ensureUnitObjectMetadataRegistered	unitObjectMetaMix
h02W	1747989079	units	Lesser Elemental Of Water	4058567	ensureUnitObjectMetadataRegistered	unitObjectMetaMix
h03Y	1747989337	units	Golden Fountain	4058952	ensureUnitObjectMetadataRegistered	PR:HashMap_put
h02X	1747989080	units	Elemental Of Water	4058997	ensureUnitObjectMetadataRegistered	UnitObjectMeta_new_UnitObjectMeta
h03Y	1747989337	units	Golden Fountain	4059816	ensureUnitObjectMetadataRegistered	unitObjectMetaMix
h02X	1747989080	units	Elemental Of Water	4059851	ensureUnitObjectMetadataRegistered	unitObjectMetaMix
h03Z	1747989338	units	Spellbound Fountain	4060236	ensureUnitObjectMetadataRegistered	PR:HashMap_put
h02Y	1747989081	units	Greater Elemental Of Water	4060281	ensureUnitObjectMetadataRegistered	UnitObjectMeta_new_UnitObjectMeta
h03Z	1747989338	units	Spellbound Fountain	4061303	ensureUnitObjectMetadataRegistered	unitObjectMetaMix
h02Y	1747989081	units	Greater Elemental Of Water	4061338	ensureUnitObjectMetadataRegistered	unitObjectMetaMix
h040	1747989552	units	Rock Pile	4061723	ensureUnitObjectMetadataRegistered	PR:HashMap_put
h034	1747989300	units	Elemental Of Earth	4061768	ensureUnitObjectMetadataRegistered	UnitObjectMeta_new_UnitObjectMeta
h040	1747989552	units	Rock Pile	4062630	ensureUnitObjectMetadataRegistered	unitObjectMetaMix
h034	1747989300	units	Elemental Of Earth	4062665	ensureUnitObjectMetadataRegistered	unitObjectMetaMix
h041	1747989553	units	Greater Fissure	4063049	ensureUnitObjectMetadataRegistered	PR:HashMap_put
h03N	1747989326	units	Greater Elemental Of Earth	4063094	ensureUnitObjectMetadataRegistered	UnitObjectMeta_new_UnitObjectMeta
h041	1747989553	units	Greater Fissure	4063979	ensureUnitObjectMetadataRegistered	unitObjectMetaMix
h03N	1747989326	units	Greater Elemental Of Earth	4064014	ensureUnitObjectMetadataRegistered	unitObjectMetaMix
h042	1747989554	units	Pillar of Globe-Lightning	4064398	ensureUnitObjectMetadataRegistered	PR:HashMap_put
h03P	1747989328	units	Elemental Of Lightning	4064443	ensureUnitObjectMetadataRegistered	UnitObjectMeta_new_UnitObjectMeta
h042	1747989554	units	Pillar of Globe-Lightning	4065407	ensureUnitObjectMetadataRegistered	unitObjectMetaMix
h03P	1747989328	units	Elemental Of Lightning	4065442	ensureUnitObjectMetadataRegistered	unitObjectMetaMix
h043	1747989555	units	Frost Claws	4065827	ensureUnitObjectMetadataRegistered	PR:HashMap_put
n013	1848652083	units	Ancient Wandigoo	4065872	ensureUnitObjectMetadataRegistered	UnitObjectMeta_new_UnitObjectMeta
h043	1747989555	units	Frost Claws	4066832	ensureUnitObjectMetadataRegistered	unitObjectMetaMix
n013	1848652083	units	Ancient Wandigoo	4066867	ensureUnitObjectMetadataRegistered	unitObjectMetaMix
h044	1747989556	units	Pillar of St. Elmo's Fire	4067250	ensureUnitObjectMetadataRegistered	PR:HashMap_put
h03R	1747989330	units	Greater Elemental Of Lightning	4067295	ensureUnitObjectMetadataRegistered	UnitObjectMeta_new_UnitObjectMeta
h044	1747989556	units	Pillar of St. Elmo's Fire	4068269	ensureUnitObjectMetadataRegistered	unitObjectMetaMix
h03R	1747989330	units	Greater Elemental Of Lightning	4068304	ensureUnitObjectMetadataRegistered	unitObjectMetaMix
h045	1747989557	units	Altar of Fire	4068689	ensureUnitObjectMetadataRegistered	PR:HashMap_put
h02Z	1747989082	units	Elemental Of Fire	4068734	ensureUnitObjectMetadataRegistered	UnitObjectMeta_new_UnitObjectMeta
h045	1747989557	units	Altar of Fire	4069289	ensureUnitObjectMetadataRegistered	unitObjectMetaMix
h02Z	1747989082	units	Elemental Of Fire	4069324	ensureUnitObjectMetadataRegistered	unitObjectMetaMix
h046	1747989558	units	Altar of Blaze	4069709	ensureUnitObjectMetadataRegistered	PR:HashMap_put
u00F	1966092358	units	Greater Elemental Of Fire	4069754	ensureUnitObjectMetadataRegistered	UnitObjectMeta_new_UnitObjectMeta
h046	1747989558	units	Altar of Blaze	4070609	ensureUnitObjectMetadataRegistered	unitObjectMetaMix
u00F	1966092358	units	Greater Elemental Of Fire	4070644	ensureUnitObjectMetadataRegistered	unitObjectMetaMix
h047	1747989559	units	Chilling Mushroom	4071028	ensureUnitObjectMetadataRegistered	PR:HashMap_put
h047	1747989559	units	Chilling Mushroom	4071455	ensureUnitObjectMetadataRegistered	unitObjectMetaMix
h048	1747989560	units	Frost Launcher	4071873	ensureUnitObjectMetadataRegistered	PR:HashMap_put
h048	1747989560	units	Frost Launcher	4072371	ensureUnitObjectMetadataRegistered	unitObjectMetaMix
h049	1747989561	units	Snowy Rocks	4072789	ensureUnitObjectMetadataRegistered	PR:HashMap_put
n017	1848652087	units	Frost Wolf	4072834	ensureUnitObjectMetadataRegistered	UnitObjectMeta_new_UnitObjectMeta
h049	1747989561	units	Snowy Rocks	4073420	ensureUnitObjectMetadataRegistered	unitObjectMetaMix
n017	1848652087	units	Frost Wolf	4073455	ensureUnitObjectMetadataRegistered	unitObjectMetaMix
h04A	1747989569	units	Trapped Gale	4073839	ensureUnitObjectMetadataRegistered	PR:HashMap_put
o00C	1865429059	units	Lesser Elemental Of Wind	4073884	ensureUnitObjectMetadataRegistered	UnitObjectMeta_new_UnitObjectMeta
h04A	1747989569	units	Trapped Gale	4074430	ensureUnitObjectMetadataRegistered	unitObjectMetaMix
o00C	1865429059	units	Lesser Elemental Of Wind	4074465	ensureUnitObjectMetadataRegistered	unitObjectMetaMix
h04B	1747989570	units	Temple of Necromancy	4074849	ensureUnitObjectMetadataRegistered	PR:HashMap_put
u009	1966092345	units	Mighty Necromancer	4074894	ensureUnitObjectMetadataRegistered	UnitObjectMeta_new_UnitObjectMeta
h04B	1747989570	units	Temple of Necromancy	4075830	ensureUnitObjectMetadataRegistered	unitObjectMetaMix
u009	1966092345	units	Mighty Necromancer	4075865	ensureUnitObjectMetadataRegistered	unitObjectMetaMix
h04C	1747989571	units	Monument of Wind Stream	4076249	ensureUnitObjectMetadataRegistered	PR:HashMap_put
o00D	1865429060	units	Elemental Of Wind	4076294	ensureUnitObjectMetadataRegistered	UnitObjectMeta_new_UnitObjectMeta
h04C	1747989571	units	Monument of Wind Stream	4077081	ensureUnitObjectMetadataRegistered	unitObjectMetaMix
o00D	1865429060	units	Elemental Of Wind	4077116	ensureUnitObjectMetadataRegistered	unitObjectMetaMix
h04D	1747989572	units	Zephyros Memorial	4077500	ensureUnitObjectMetadataRegistered	PR:HashMap_put
o00E	1865429061	units	Greater Elemental Of Wind	4077545	ensureUnitObjectMetadataRegistered	UnitObjectMeta_new_UnitObjectMeta
h04D	1747989572	units	Zephyros Memorial	4078675	ensureUnitObjectMetadataRegistered	unitObjectMetaMix
o00E	1865429061	units	Greater Elemental Of Wind	4078710	ensureUnitObjectMetadataRegistered	unitObjectMetaMix
h04E	1747989573	units	Tower of Elder Knowledge	4079093	ensureUnitObjectMetadataRegistered	PR:HashMap_put
h03V	1747989334	units	Master Of Elements	4079138	ensureUnitObjectMetadataRegistered	UnitObjectMeta_new_UnitObjectMeta
h04E	1747989573	units	Tower of Elder Knowledge	4080471	ensureUnitObjectMetadataRegistered	unitObjectMetaMix
h03V	1747989334	units	Master Of Elements	4080506	ensureUnitObjectMetadataRegistered	unitObjectMetaMix
h04F	1747989574	units	Icy Rocks	4080893	ensureUnitObjectMetadataRegistered	PR:HashMap_put
n018	1848652088	units	Polar Bear	4080938	ensureUnitObjectMetadataRegistered	UnitObjectMeta_new_UnitObjectMeta
h04F	1747989574	units	Icy Rocks	4081659	ensureUnitObjectMetadataRegistered	unitObjectMetaMix
n018	1848652088	units	Polar Bear	4081694	ensureUnitObjectMetadataRegistered	unitObjectMetaMix
h04K	1747989579	units	Well of Pain	4082078	ensureUnitObjectMetadataRegistered	PR:HashMap_put
h04K	1747989579	units	Well of Pain	4082604	ensureUnitObjectMetadataRegistered	unitObjectMetaMix
h04L	1747989580	units	Void Portal	4083022	ensureUnitObjectMetadataRegistered	PR:HashMap_put
n019	1848652089	units	Void Walker	4083067	ensureUnitObjectMetadataRegistered	UnitObjectMeta_new_UnitObjectMeta
h04L	1747989580	units	Void Portal	4083879	ensureUnitObjectMetadataRegistered	unitObjectMetaMix
n019	1848652089	units	Void Walker	4083914	ensureUnitObjectMetadataRegistered	unitObjectMetaMix
h04M	1747989581	units	Shadow Ancient	4084299	ensureUnitObjectMetadataRegistered	PR:HashMap_put
n01B	1848652098	units	Shadow Drake	4084344	ensureUnitObjectMetadataRegistered	UnitObjectMeta_new_UnitObjectMeta
h04M	1747989581	units	Shadow Ancient	4085119	ensureUnitObjectMetadataRegistered	unitObjectMetaMix
n01B	1848652098	units	Shadow Drake	4085154	ensureUnitObjectMetadataRegistered	unitObjectMetaMix
h04N	1747989582	units	Portal of the Abyss	4085537	ensureUnitObjectMetadataRegistered	PR:HashMap_put
n01A	1848652097	units	Void Keeper	4085582	ensureUnitObjectMetadataRegistered	UnitObjectMeta_new_UnitObjectMeta
h04N	1747989582	units	Portal of the Abyss	4086424	ensureUnitObjectMetadataRegistered	unitObjectMetaMix
n01A	1848652097	units	Void Keeper	4086459	ensureUnitObjectMetadataRegistered	unitObjectMetaMix
h04O	1747989583	units	Nether Ancient	4086844	ensureUnitObjectMetadataRegistered	PR:HashMap_put
n01D	1848652100	units	Nether Drake	4086889	ensureUnitObjectMetadataRegistered	UnitObjectMeta_new_UnitObjectMeta
h04O	1747989583	units	Nether Ancient	4087645	ensureUnitObjectMetadataRegistered	unitObjectMetaMix
n01D	1848652100	units	Nether Drake	4087680	ensureUnitObjectMetadataRegistered	unitObjectMetaMix
h04P	1747989584	units	Hell's Portal	4088063	ensureUnitObjectMetadataRegistered	PR:HashMap_put
n01E	1848652101	units	Infernal Tank	4088108	ensureUnitObjectMetadataRegistered	UnitObjectMeta_new_UnitObjectMeta
h04P	1747989584	units	Hell's Portal	4088894	ensureUnitObjectMetadataRegistered	unitObjectMetaMix
n01E	1848652101	units	Infernal Tank	4088929	ensureUnitObjectMetadataRegistered	unitObjectMetaMix
h04Q	1747989585	units	Hell's Gate	4089313	ensureUnitObjectMetadataRegistered	PR:HashMap_put
n01F	1848652102	units		4089358	ensureUnitObjectMetadataRegistered	UnitObjectMeta_new_UnitObjectMeta
h04Q	1747989585	units	Hell's Gate	4089972	ensureUnitObjectMetadataRegistered	unitObjectMetaMix
n01F	1848652102	units		4090007	ensureUnitObjectMetadataRegistered	unitObjectMetaMix
h04R	1747989586	units	Forgotten One	4090391	ensureUnitObjectMetadataRegistered	PR:HashMap_put
h04R	1747989586	units	Forgotten One	4090784	ensureUnitObjectMetadataRegistered	unitObjectMetaMix
h04S	1747989587	units	Felhound Shrine	4091202	ensureUnitObjectMetadataRegistered	PR:HashMap_put
n01G	1848652103	units	Felhound	4091247	ensureUnitObjectMetadataRegistered	UnitObjectMeta_new_UnitObjectMeta
h04S	1747989587	units	Felhound Shrine	4091894	ensureUnitObjectMetadataRegistered	unitObjectMetaMix
n01G	1848652103	units	Felhound	4091929	ensureUnitObjectMetadataRegistered	unitObjectMetaMix
h04T	1747989588	units	Eye of Corruption	4092313	ensureUnitObjectMetadataRegistered	PR:HashMap_put
h04T	1747989588	units	Eye of Corruption	4092768	ensureUnitObjectMetadataRegistered	unitObjectMetaMix
h04U	1747989589	units	Demonic Statue	4093187	ensureUnitObjectMetadataRegistered	PR:HashMap_put
h04I	1747989577	units	Incubus	4093232	ensureUnitObjectMetadataRegistered	UnitObjectMeta_new_UnitObjectMeta
h04U	1747989589	units	Demonic Statue	4093927	ensureUnitObjectMetadataRegistered	unitObjectMetaMix
h04I	1747989577	units	Incubus	4093962	ensureUnitObjectMetadataRegistered	unitObjectMetaMix
h04V	1747989590	units	Ancient of Battle	4094347	ensureUnitObjectMetadataRegistered	PR:HashMap_put
n01I	1848652105	units	Corrupted Ent	4094392	ensureUnitObjectMetadataRegistered	UnitObjectMeta_new_UnitObjectMeta
h04V	1747989590	units	Ancient of Battle	4095093	ensureUnitObjectMetadataRegistered	unitObjectMetaMix
n01I	1848652105	units	Corrupted Ent	4095128	ensureUnitObjectMetadataRegistered	unitObjectMetaMix
h04W	1747989591	units	Corrupted Ancient of War	4095512	ensureUnitObjectMetadataRegistered	PR:HashMap_put
n01H	1848652104	units	Corrupted Treant	4095557	ensureUnitObjectMetadataRegistered	UnitObjectMeta_new_UnitObjectMeta
h04W	1747989591	units	Corrupted Ancient of War	4096409	ensureUnitObjectMetadataRegistered	unitObjectMetaMix
n01H	1848652104	units	Corrupted Treant	4096444	ensureUnitObjectMetadataRegistered	unitObjectMetaMix
h04Z	1747989594	units	Tainted Farm	4096828	ensureUnitObjectMetadataRegistered	PR:HashMap_put
n01K	1848652107	units	Suffocated Zombie	4096873	ensureUnitObjectMetadataRegistered	UnitObjectMeta_new_UnitObjectMeta
h04Z	1747989594	units	Tainted Farm	4097733	ensureUnitObjectMetadataRegistered	unitObjectMetaMix
n01K	1848652107	units	Suffocated Zombie	4097768	ensureUnitObjectMetadataRegistered	unitObjectMetaMix
h054	1747989812	units	Graveyard	4098152	ensureUnitObjectMetadataRegistered	PR:HashMap_put
h05H	1747989832	units	Vampire Lord	4098197	ensureUnitObjectMetadataRegistered	UnitObjectMeta_new_UnitObjectMeta
h054	1747989812	units	Graveyard	4099153	ensureUnitObjectMetadataRegistered	unitObjectMetaMix
h05H	1747989832	units	Vampire Lord	4099188	ensureUnitObjectMetadataRegistered	unitObjectMetaMix
h055	1747989813	units	High Citadel of Necromancy	4099572	ensureUnitObjectMetadataRegistered	PR:HashMap_put
u00D	1966092356	units	Lich King	4099617	ensureUnitObjectMetadataRegistered	UnitObjectMeta_new_UnitObjectMeta
h055	1747989813	units	High Citadel of Necromancy	4100954	ensureUnitObjectMetadataRegistered	unitObjectMetaMix
u00D	1966092356	units	Lich King	4100989	ensureUnitObjectMetadataRegistered	unitObjectMetaMix
h056	1747989814	units	Skull Shrine	4101375	ensureUnitObjectMetadataRegistered	PR:HashMap_put
h056	1747989814	units	Skull Shrine	4101749	ensureUnitObjectMetadataRegistered	unitObjectMetaMix
h059	1747989817	units	Golden Shrine of Justice	4102167	ensureUnitObjectMetadataRegistered	PR:HashMap_put
h059	1747989817	units	Golden Shrine of Justice	4102666	ensureUnitObjectMetadataRegistered	unitObjectMetaMix
h05D	1747989828	units	Gunner's Hall	4103085	ensureUnitObjectMetadataRegistered	PR:HashMap_put
h0A2	1747992882	units	Heavy Gunner	4103130	ensureUnitObjectMetadataRegistered	UnitObjectMeta_new_UnitObjectMeta
h05D	1747989828	units	Gunner's Hall	4103857	ensureUnitObjectMetadataRegistered	unitObjectMetaMix
h0A2	1747992882	units	Heavy Gunner	4103892	ensureUnitObjectMetadataRegistered	unitObjectMetaMix
h05E	1747989829	units	Trapper's Hut	4104277	ensureUnitObjectMetadataRegistered	PR:HashMap_put
n01O	1848652111	units	Troll Trapper	4104322	ensureUnitObjectMetadataRegistered	UnitObjectMeta_new_UnitObjectMeta
h05E	1747989829	units	Trapper's Hut	4105150	ensureUnitObjectMetadataRegistered	unitObjectMetaMix
n01O	1848652111	units	Troll Trapper	4105185	ensureUnitObjectMetadataRegistered	unitObjectMetaMix
h05F	1747989830	units	Lernaean Fountain	4105569	ensureUnitObjectMetadataRegistered	PR:HashMap_put
n01P	1848652112	units	Ancient Hydra	4105614	ensureUnitObjectMetadataRegistered	UnitObjectMeta_new_UnitObjectMeta
h05F	1747989830	units	Lernaean Fountain	4106650	ensureUnitObjectMetadataRegistered	unitObjectMetaMix
n01P	1848652112	units	Ancient Hydra	4106685	ensureUnitObjectMetadataRegistered	unitObjectMetaMix
h05G	1747989831	units	Heroic Shrine	4107073	ensureUnitObjectMetadataRegistered	PR:HashMap_put
h05G	1747989831	units	Heroic Shrine	4107563	ensureUnitObjectMetadataRegistered	unitObjectMetaMix
h05I	1747989833	units	Magic Ruin	4107982	ensureUnitObjectMetadataRegistered	PR:HashMap_put
h05I	1747989833	units	Magic Ruin	4108733	ensureUnitObjectMetadataRegistered	unitObjectMetaMix
h05J	1747989834	units	Aircraft Factory	4109151	ensureUnitObjectMetadataRegistered	PR:HashMap_put
h06Q	1747990097	units	Roterothopter	4109196	ensureUnitObjectMetadataRegistered	UnitObjectMeta_new_UnitObjectMeta
h05J	1747989834	units	Aircraft Factory	4109969	ensureUnitObjectMetadataRegistered	unitObjectMetaMix
h06Q	1747990097	units	Roterothopter	4110004	ensureUnitObjectMetadataRegistered	unitObjectMetaMix
h05L	1747989836	units	Energy Tower	4110387	ensureUnitObjectMetadataRegistered	PR:HashMap_put
h05L	1747989836	units	Energy Tower	4111127	ensureUnitObjectMetadataRegistered	unitObjectMetaMix
h05M	1747989837	units	Demolition Lab	4111542	ensureUnitObjectMetadataRegistered	PR:HashMap_put
n01V	1848652118	units	Lunatic Goblin	4111587	ensureUnitObjectMetadataRegistered	UnitObjectMeta_new_UnitObjectMeta
h05M	1747989837	units	Demolition Lab	4112191	ensureUnitObjectMetadataRegistered	unitObjectMetaMix
n01V	1848652118	units	Lunatic Goblin	4112226	ensureUnitObjectMetadataRegistered	unitObjectMetaMix
h05R	1747989842	units	Red Shield Generator	4112609	ensureUnitObjectMetadataRegistered	PR:HashMap_put
h05R	1747989842	units	Red Shield Generator	4113258	ensureUnitObjectMetadataRegistered	unitObjectMetaMix
h05T	1747989844	units	Gun Smith	4113676	ensureUnitObjectMetadataRegistered	PR:HashMap_put
z002	2049978418	units	Flamegunner	4113721	ensureUnitObjectMetadataRegistered	UnitObjectMeta_new_UnitObjectMeta
h05T	1747989844	units	Gun Smith	4114372	ensureUnitObjectMetadataRegistered	unitObjectMetaMix
z002	2049978418	units	Flamegunner	4114407	ensureUnitObjectMetadataRegistered	unitObjectMetaMix
h05U	1747989845	units	Lumber Mill	4114792	ensureUnitObjectMetadataRegistered	PR:HashMap_put
n01T	1848652116	units	Goblin Shredder	4114837	ensureUnitObjectMetadataRegistered	UnitObjectMeta_new_UnitObjectMeta
h05U	1747989845	units	Lumber Mill	4115897	ensureUnitObjectMetadataRegistered	unitObjectMetaMix
n01T	1848652116	units	Goblin Shredder	4115932	ensureUnitObjectMetadataRegistered	unitObjectMetaMix
h05V	1747989846	units	Golem Factory	4116315	ensureUnitObjectMetadataRegistered	PR:HashMap_put
n01X	1848652120	units	Iron Golem	4116360	ensureUnitObjectMetadataRegistered	UnitObjectMeta_new_UnitObjectMeta
h05V	1747989846	units	Golem Factory	4117226	ensureUnitObjectMetadataRegistered	unitObjectMetaMix
n01X	1848652120	units	Iron Golem	4117261	ensureUnitObjectMetadataRegistered	unitObjectMetaMix
h05X	1747989848	units	Tank Factory	4117644	ensureUnitObjectMetadataRegistered	PR:HashMap_put
h06T	1747990100	units	Light Tank	4117689	ensureUnitObjectMetadataRegistered	UnitObjectMeta_new_UnitObjectMeta
h05X	1747989848	units	Tank Factory	4118307	ensureUnitObjectMetadataRegistered	unitObjectMetaMix
h06T	1747990100	units	Light Tank	4118342	ensureUnitObjectMetadataRegistered	unitObjectMetaMix
h05Z	1747989850	units	Books of Conjuration	4118726	ensureUnitObjectMetadataRegistered	PR:HashMap_put
h05Z	1747989850	units	Books of Conjuration	4119549	ensureUnitObjectMetadataRegistered	unitObjectMetaMix
h060	1747990064	units	Obelisk of Elements	4119967	ensureUnitObjectMetadataRegistered	PR:HashMap_put
h060	1747990064	units	Obelisk of Elements	4120773	ensureUnitObjectMetadataRegistered	unitObjectMetaMix
h061	1747990065	units	Elemental Guard Tower	4121191	ensureUnitObjectMetadataRegistered	PR:HashMap_put
h061	1747990065	units	Elemental Guard Tower	4121762	ensureUnitObjectMetadataRegistered	unitObjectMetaMix
h062	1747990066	units	Mana Generator	4122177	ensureUnitObjectMetadataRegistered	PR:HashMap_put
h062	1747990066	units	Mana Generator	4122645	ensureUnitObjectMetadataRegistered	unitObjectMetaMix
h063	1747990067	units	Linker	4123063	ensureUnitObjectMetadataRegistered	PR:HashMap_put
h063	1747990067	units	Linker	4123746	ensureUnitObjectMetadataRegistered	unitObjectMetaMix
h069	1747990073	units	Spare Part Heap	4124165	ensureUnitObjectMetadataRegistered	PR:HashMap_put
n01U	1848652117	units	Gobbo Machinist	4124210	ensureUnitObjectMetadataRegistered	UnitObjectMeta_new_UnitObjectMeta
h069	1747990073	units	Spare Part Heap	4124650	ensureUnitObjectMetadataRegistered	unitObjectMetaMix
n01U	1848652117	units	Gobbo Machinist	4124685	ensureUnitObjectMetadataRegistered	unitObjectMetaMix
h06D	1747990084	units	Forest Trapper's Hole	4125070	ensureUnitObjectMetadataRegistered	PR:HashMap_put
n02G	1848652359	units	Forest Troll Trapper	4125115	ensureUnitObjectMetadataRegistered	UnitObjectMeta_new_UnitObjectMeta
h06D	1747990084	units	Forest Trapper's Hole	4126267	ensureUnitObjectMetadataRegistered	unitObjectMetaMix
n02G	1848652359	units	Forest Troll Trapper	4126302	ensureUnitObjectMetadataRegistered	unitObjectMetaMix
h06E	1747990085	units	Meteor Shower	4126689	ensureUnitObjectMetadataRegistered	PR:HashMap_put
h06E	1747990085	units	Meteor Shower	4127164	ensureUnitObjectMetadataRegistered	unitObjectMetaMix
h06F	1747990086	units	Elemental Rain	4127578	ensureUnitObjectMetadataRegistered	PR:HashMap_put
h06F	1747990086	units	Elemental Rain	4128033	ensureUnitObjectMetadataRegistered	unitObjectMetaMix
h06I	1747990089	units	Infostealer's Place	4128447	ensureUnitObjectMetadataRegistered	PR:HashMap_put
o00F	1865429062	units	Infostealer	4128492	ensureUnitObjectMetadataRegistered	UnitObjectMeta_new_UnitObjectMeta
h06I	1747990089	units	Infostealer's Place	4129222	ensureUnitObjectMetadataRegistered	unitObjectMetaMix
o00F	1865429062	units	Infostealer	4129257	ensureUnitObjectMetadataRegistered	unitObjectMetaMix
h06J	1747990090	units	Blue Shield Generator	4129641	ensureUnitObjectMetadataRegistered	PR:HashMap_put
h06J	1747990090	units	Blue Shield Generator	4130104	ensureUnitObjectMetadataRegistered	unitObjectMetaMix
h06L	1747990092	units	Modern Igloo	4130522	ensureUnitObjectMetadataRegistered	PR:HashMap_put
n02I	1848652361	units	Angry Hrimthrusa	4130567	ensureUnitObjectMetadataRegistered	UnitObjectMeta_new_UnitObjectMeta
h06L	1747990092	units	Modern Igloo	4131592	ensureUnitObjectMetadataRegistered	unitObjectMetaMix
n02I	1848652361	units	Angry Hrimthrusa	4131627	ensureUnitObjectMetadataRegistered	unitObjectMetaMix
h06O	1747990095	units	Serenity	4132014	ensureUnitObjectMetadataRegistered	PR:HashMap_put
e00E	1697656901	units	Twins	4132059	ensureUnitObjectMetadataRegistered	UnitObjectMeta_new_UnitObjectMeta
h06O	1747990095	units	Serenity	4133319	ensureUnitObjectMetadataRegistered	unitObjectMetaMix
e00E	1697656901	units	Twins	4133354	ensureUnitObjectMetadataRegistered	unitObjectMetaMix
h06Y	1747990105	units	Dragonhawk Portal	4133740	ensureUnitObjectMetadataRegistered	PR:HashMap_put
n01Y	1848652121	units	Dragonhawk Rider	4133785	ensureUnitObjectMetadataRegistered	UnitObjectMeta_new_UnitObjectMeta
h06Y	1747990105	units	Dragonhawk Portal	4134543	ensureUnitObjectMetadataRegistered	unitObjectMetaMix
n01Y	1848652121	units	Dragonhawk Rider	4134578	ensureUnitObjectMetadataRegistered	unitObjectMetaMix
h06Z	1747990106	units	Protection Center	4134961	ensureUnitObjectMetadataRegistered	PR:HashMap_put
n02J	1848652362	units	Goliath	4135006	ensureUnitObjectMetadataRegistered	UnitObjectMeta_new_UnitObjectMeta
h06Z	1747990106	units	Protection Center	4135973	ensureUnitObjectMetadataRegistered	unitObjectMetaMix
n02J	1848652362	units	Goliath	4136008	ensureUnitObjectMetadataRegistered	unitObjectMetaMix
h070	1747990320	units	Highelf Siege Factory	4136394	ensureUnitObjectMetadataRegistered	PR:HashMap_put
e005	1697656885	units	Ballista	4136439	ensureUnitObjectMetadataRegistered	UnitObjectMeta_new_UnitObjectMeta
h070	1747990320	units	Highelf Siege Factory	4137119	ensureUnitObjectMetadataRegistered	unitObjectMetaMix
e005	1697656885	units	Ballista	4137154	ensureUnitObjectMetadataRegistered	unitObjectMetaMix
h071	1747990321	units	Enigma	4137538	ensureUnitObjectMetadataRegistered	PR:HashMap_put
e00G	1697656903	units	Visioneer	4137583	ensureUnitObjectMetadataRegistered	UnitObjectMeta_new_UnitObjectMeta
h071	1747990321	units	Enigma	4138376	ensureUnitObjectMetadataRegistered	unitObjectMetaMix
e00G	1697656903	units	Visioneer	4138411	ensureUnitObjectMetadataRegistered	unitObjectMetaMix
h072	1747990322	units	Holy Altar	4138795	ensureUnitObjectMetadataRegistered	PR:HashMap_put
h074	1747990324	units	Holy Warrior	4138840	ensureUnitObjectMetadataRegistered	UnitObjectMeta_new_UnitObjectMeta
h072	1747990322	units	Holy Altar	4140198	ensureUnitObjectMetadataRegistered	unitObjectMetaMix
h074	1747990324	units	Holy Warrior	4140233	ensureUnitObjectMetadataRegistered	unitObjectMetaMix
h073	1747990323	units	Elune's Lantern	4140618	ensureUnitObjectMetadataRegistered	PR:HashMap_put
h073	1747990323	units	Elune's Lantern	4141142	ensureUnitObjectMetadataRegistered	unitObjectMetaMix
h076	1747990326	units	Discharge Tower	4141557	ensureUnitObjectMetadataRegistered	PR:HashMap_put
h076	1747990326	units	Discharge Tower	4142072	ensureUnitObjectMetadataRegistered	unitObjectMetaMix
h077	1747990327	units	Rocket Lab	4142487	ensureUnitObjectMetadataRegistered	PR:HashMap_put
n02M	1848652365	units	Goblin Rocketeer	4142532	ensureUnitObjectMetadataRegistered	UnitObjectMeta_new_UnitObjectMeta
h077	1747990327	units	Rocket Lab	4143145	ensureUnitObjectMetadataRegistered	unitObjectMetaMix
n02M	1848652365	units	Goblin Rocketeer	4143180	ensureUnitObjectMetadataRegistered	unitObjectMetaMix
h079	1747990329	units	Beacon of the Oasis	4143565	ensureUnitObjectMetadataRegistered	PR:HashMap_put
h079	1747990329	units	Beacon of the Oasis	4144009	ensureUnitObjectMetadataRegistered	unitObjectMetaMix
h07A	1747990337	units	Sacred Peyote	4144427	ensureUnitObjectMetadataRegistered	PR:HashMap_put
h07A	1747990337	units	Sacred Peyote	4144830	ensureUnitObjectMetadataRegistered	unitObjectMetaMix
h07D	1747990340	units	Moon Altar	4145248	ensureUnitObjectMetadataRegistered	PR:HashMap_put
e00J	1697656906	units	Sage Druid	4145293	ensureUnitObjectMetadataRegistered	UnitObjectMeta_new_UnitObjectMeta
h07D	1747990340	units	Moon Altar	4146066	ensureUnitObjectMetadataRegistered	unitObjectMetaMix
e00J	1697656906	units	Sage Druid	4146101	ensureUnitObjectMetadataRegistered	unitObjectMetaMix
h07E	1747990341	units	Ballista Tower	4146485	ensureUnitObjectMetadataRegistered	PR:HashMap_put
h07E	1747990341	units	Ballista Tower	4146864	ensureUnitObjectMetadataRegistered	unitObjectMetaMix
h07H	1747990344	units	Obelisk of Wilderness	4147279	ensureUnitObjectMetadataRegistered	PR:HashMap_put
h07H	1747990344	units	Obelisk of Wilderness	4147769	ensureUnitObjectMetadataRegistered	unitObjectMetaMix
h07I	1747990345	units	Starfall Obelisk	4148187	ensureUnitObjectMetadataRegistered	PR:HashMap_put
h07I	1747990345	units	Starfall Obelisk	4148647	ensureUnitObjectMetadataRegistered	unitObjectMetaMix
h07L	1747990348	units	Guild of Shadows	4149066	ensureUnitObjectMetadataRegistered	PR:HashMap_put
n020	1848652336	units	Royal Assassin	4149111	ensureUnitObjectMetadataRegistered	UnitObjectMeta_new_UnitObjectMeta
h07L	1747990348	units	Guild of Shadows	4150142	ensureUnitObjectMetadataRegistered	unitObjectMetaMix
n020	1848652336	units	Royal Assassin	4150177	ensureUnitObjectMetadataRegistered	unitObjectMetaMix
h07M	1747990349	units	House of Shadows	4150560	ensureUnitObjectMetadataRegistered	PR:HashMap_put
n01Z	1848652122	units	Assassin	4150605	ensureUnitObjectMetadataRegistered	UnitObjectMeta_new_UnitObjectMeta
h07M	1747990349	units	House of Shadows	4151596	ensureUnitObjectMetadataRegistered	unitObjectMetaMix
n01Z	1848652122	units	Assassin	4151631	ensureUnitObjectMetadataRegistered	unitObjectMetaMix
h07N	1747990350	units	Scorched Mansion	4152014	ensureUnitObjectMetadataRegistered	PR:HashMap_put
e00A	1697656897	units	Avatar of Vengeance	4152059	ensureUnitObjectMetadataRegistered	UnitObjectMeta_new_UnitObjectMeta
h07N	1747990350	units	Scorched Mansion	4152997	ensureUnitObjectMetadataRegistered	unitObjectMetaMix
e00A	1697656897	units	Avatar of Vengeance	4153032	ensureUnitObjectMetadataRegistered	unitObjectMetaMix
h07O	1747990351	units	Pillaged Hut	4153416	ensureUnitObjectMetadataRegistered	PR:HashMap_put
e00B	1697656898	units	Avenging Spirit	4153461	ensureUnitObjectMetadataRegistered	UnitObjectMeta_new_UnitObjectMeta
h07O	1747990351	units	Pillaged Hut	4154299	ensureUnitObjectMetadataRegistered	unitObjectMetaMix
e00B	1697656898	units	Avenging Spirit	4154334	ensureUnitObjectMetadataRegistered	unitObjectMetaMix
h07P	1747990352	units	Poof Tower	4154718	ensureUnitObjectMetadataRegistered	PR:HashMap_put
h07P	1747990352	units	Poof Tower	4155105	ensureUnitObjectMetadataRegistered	unitObjectMetaMix
h07Q	1747990353	units	Blood Shaman Tent	4155523	ensureUnitObjectMetadataRegistered	PR:HashMap_put
o00G	1865429063	units	Blood Shaman	4155568	ensureUnitObjectMetadataRegistered	UnitObjectMeta_new_UnitObjectMeta
h07Q	1747990353	units	Blood Shaman Tent	4156303	ensureUnitObjectMetadataRegistered	unitObjectMetaMix
o00G	1865429063	units	Blood Shaman	4156338	ensureUnitObjectMetadataRegistered	unitObjectMetaMix
h07R	1747990354	units	Thunderpaw Spire	4156722	ensureUnitObjectMetadataRegistered	PR:HashMap_put
h07R	1747990354	units	Thunderpaw Spire	4157303	ensureUnitObjectMetadataRegistered	unitObjectMetaMix
h07T	1747990356	units	Withering Hall	4157721	ensureUnitObjectMetadataRegistered	PR:HashMap_put
h07T	1747990356	units	Withering Hall	4158251	ensureUnitObjectMetadataRegistered	unitObjectMetaMix
h07U	1747990357	units	Vessel of Purity	4158669	ensureUnitObjectMetadataRegistered	PR:HashMap_put
h07U	1747990357	units	Vessel of Purity	4159132	ensureUnitObjectMetadataRegistered	unitObjectMetaMix
h07V	1747990358	units	Celestial Chi Tower	4159550	ensureUnitObjectMetadataRegistered	PR:HashMap_put
h07V	1747990358	units	Celestial Chi Tower	4159970	ensureUnitObjectMetadataRegistered	unitObjectMetaMix
h07W	1747990359	units	Snowveil Fountain	4160386	ensureUnitObjectMetadataRegistered	PR:HashMap_put
h07W	1747990359	units	Snowveil Fountain	4161073	ensureUnitObjectMetadataRegistered	unitObjectMetaMix
h07X	1747990360	units	Stasis Totem	4161491	ensureUnitObjectMetadataRegistered	PR:HashMap_put
h07X	1747990360	units	Stasis Totem	4161844	ensureUnitObjectMetadataRegistered	unitObjectMetaMix
h07Y	1747990361	units	Healing Totem	4162258	ensureUnitObjectMetadataRegistered	PR:HashMap_put
h07Y	1747990361	units	Healing Totem	4162648	ensureUnitObjectMetadataRegistered	unitObjectMetaMix
h07Z	1747990362	units	Endurance Totem	4163062	ensureUnitObjectMetadataRegistered	PR:HashMap_put
h07Z	1747990362	units	Endurance Totem	4163447	ensureUnitObjectMetadataRegistered	unitObjectMetaMix
h080	1747990576	units	Temple of Riptide	4163861	ensureUnitObjectMetadataRegistered	PR:HashMap_put
n03U	1848652629	units	Winged Riptide Serpent	4163906	ensureUnitObjectMetadataRegistered	UnitObjectMeta_new_UnitObjectMeta
h080	1747990576	units	Temple of Riptide	4164651	ensureUnitObjectMetadataRegistered	unitObjectMetaMix
n03U	1848652629	units	Winged Riptide Serpent	4164686	ensureUnitObjectMetadataRegistered	unitObjectMetaMix
h081	1747990577	units	Tiny Watch Tower	4165070	ensureUnitObjectMetadataRegistered	PR:HashMap_put
h081	1747990577	units	Tiny Watch Tower	4165449	ensureUnitObjectMetadataRegistered	unitObjectMetaMix
h082	1747990578	units	Tiny Multishot Tower	4165862	ensureUnitObjectMetadataRegistered	PR:HashMap_put
h082	1747990578	units	Tiny Multishot Tower	4166299	ensureUnitObjectMetadataRegistered	unitObjectMetaMix
h088	1747990584	units	Moon Shrine	4166714	ensureUnitObjectMetadataRegistered	PR:HashMap_put
e007	1697656887	units	Druid	4166759	ensureUnitObjectMetadataRegistered	UnitObjectMeta_new_UnitObjectMeta
h088	1747990584	units	Moon Shrine	4167495	ensureUnitObjectMetadataRegistered	unitObjectMetaMix
e007	1697656887	units	Druid	4167530	ensureUnitObjectMetadataRegistered	unitObjectMetaMix
h08P	1747990608	units	Silver Glade	4167914	ensureUnitObjectMetadataRegistered	PR:HashMap_put
h08P	1747990608	units	Silver Glade	4168476	ensureUnitObjectMetadataRegistered	unitObjectMetaMix
h08X	1747990616	units	Archery Range	4168894	ensureUnitObjectMetadataRegistered	PR:HashMap_put
n022	1848652338	units	Archer	4168939	ensureUnitObjectMetadataRegistered	UnitObjectMeta_new_UnitObjectMeta
h08X	1747990616	units	Archery Range	4169738	ensureUnitObjectMetadataRegistered	unitObjectMetaMix
n022	1848652338	units	Archer	4169773	ensureUnitObjectMetadataRegistered	unitObjectMetaMix
h08Y	1747990617	units	Archery Tower	4170158	ensureUnitObjectMetadataRegistered	PR:HashMap_put
n023	1848652339	units	Master Archer	4170203	ensureUnitObjectMetadataRegistered	UnitObjectMeta_new_UnitObjectMeta
h08Y	1747990617	units	Archery Tower	4171020	ensureUnitObjectMetadataRegistered	unitObjectMetaMix
n023	1848652339	units	Master Archer	4171055	ensureUnitObjectMetadataRegistered	unitObjectMetaMix
h092	1747990834	units	Spellbreaker Kodo Farm	4171440	ensureUnitObjectMetadataRegistered	PR:HashMap_put
o00B	1865429058	units	Spellbreaker Kodo Rider	4171485	ensureUnitObjectMetadataRegistered	UnitObjectMeta_new_UnitObjectMeta
h092	1747990834	units	Spellbreaker Kodo Farm	4172127	ensureUnitObjectMetadataRegistered	unitObjectMetaMix
o00B	1865429058	units	Spellbreaker Kodo Rider	4172162	ensureUnitObjectMetadataRegistered	unitObjectMetaMix
h097	1747990839	units	Precious Golem Factory	4172547	ensureUnitObjectMetadataRegistered	PR:HashMap_put
n024	1848652340	units	Adamant Golem	4172592	ensureUnitObjectMetadataRegistered	UnitObjectMeta_new_UnitObjectMeta
h097	1747990839	units	Precious Golem Factory	4173541	ensureUnitObjectMetadataRegistered	unitObjectMetaMix
n024	1848652340	units	Adamant Golem	4173576	ensureUnitObjectMetadataRegistered	unitObjectMetaMix
h09B	1747990850	units	Heavy Tank Factory	4173961	ensureUnitObjectMetadataRegistered	PR:HashMap_put
h06S	1747990099	units	Heavy Tank	4174006	ensureUnitObjectMetadataRegistered	UnitObjectMeta_new_UnitObjectMeta
h09B	1747990850	units	Heavy Tank Factory	4174635	ensureUnitObjectMetadataRegistered	unitObjectMetaMix
h06S	1747990099	units	Heavy Tank	4174670	ensureUnitObjectMetadataRegistered	unitObjectMetaMix
h09H	1747990856	units	Rocket Tank Factory	4175054	ensureUnitObjectMetadataRegistered	PR:HashMap_put
h098	1747990840	units	Rocket Tank	4175099	ensureUnitObjectMetadataRegistered	UnitObjectMeta_new_UnitObjectMeta
h09H	1747990856	units	Rocket Tank Factory	4175881	ensureUnitObjectMetadataRegistered	unitObjectMetaMix
h098	1747990840	units	Rocket Tank	4175916	ensureUnitObjectMetadataRegistered	unitObjectMetaMix
h09I	1747990857	units	Assault Tank Factory	4176300	ensureUnitObjectMetadataRegistered	PR:HashMap_put
h099	1747990841	units	Assault Tank	4176345	ensureUnitObjectMetadataRegistered	UnitObjectMeta_new_UnitObjectMeta
h09I	1747990857	units	Assault Tank Factory	4177094	ensureUnitObjectMetadataRegistered	unitObjectMetaMix
h099	1747990841	units	Assault Tank	4177129	ensureUnitObjectMetadataRegistered	unitObjectMetaMix
h09J	1747990858	units	Mine Layer Factory	4177513	ensureUnitObjectMetadataRegistered	PR:HashMap_put
h06U	1747990101	units	Mine Layer	4177558	ensureUnitObjectMetadataRegistered	UnitObjectMeta_new_UnitObjectMeta
h09J	1747990858	units	Mine Layer Factory	4178357	ensureUnitObjectMetadataRegistered	unitObjectMetaMix
h06U	1747990101	units	Mine Layer	4178392	ensureUnitObjectMetadataRegistered	unitObjectMetaMix
h09L	1747990860	units	Bomber Factory	4178774	ensureUnitObjectMetadataRegistered	PR:HashMap_put
h06R	1747990098	units	Gyrocopter	4178819	ensureUnitObjectMetadataRegistered	UnitObjectMeta_new_UnitObjectMeta
h09L	1747990860	units	Bomber Factory	4179583	ensureUnitObjectMetadataRegistered	unitObjectMetaMix
h06R	1747990098	units	Gyrocopter	4179618	ensureUnitObjectMetadataRegistered	unitObjectMetaMix
h09P	1747990864	units	Arsenal	4180001	ensureUnitObjectMetadataRegistered	PR:HashMap_put
z003	2049978419	units	Flamegunner Sergeant	4180046	ensureUnitObjectMetadataRegistered	UnitObjectMeta_new_UnitObjectMeta
h09P	1747990864	units	Arsenal	4180965	ensureUnitObjectMetadataRegistered	unitObjectMetaMix
z003	2049978419	units	Flamegunner Sergeant	4181000	ensureUnitObjectMetadataRegistered	unitObjectMetaMix
h09T	1747990868	units	Power Plant	4181385	ensureUnitObjectMetadataRegistered	PR:HashMap_put
h09T	1747990868	units	Power Plant	4182091	ensureUnitObjectMetadataRegistered	unitObjectMetaMix
h09X	1747990872	units	School of Wizardry	4182509	ensureUnitObjectMetadataRegistered	PR:HashMap_put
h07B	1747990338	units	Sorceress	4182554	ensureUnitObjectMetadataRegistered	UnitObjectMeta_new_UnitObjectMeta
h09X	1747990872	units	School of Wizardry	4183538	ensureUnitObjectMetadataRegistered	unitObjectMetaMix
h07B	1747990338	units	Sorceress	4183573	ensureUnitObjectMetadataRegistered	unitObjectMetaMix
h09Y	1747990873	units	Corrupted Ancient of Annihilation	4183957	ensureUnitObjectMetadataRegistered	PR:HashMap_put
n027	1848652343	units	Corrupted Annihilator	4184002	ensureUnitObjectMetadataRegistered	UnitObjectMeta_new_UnitObjectMeta
h09Y	1747990873	units	Corrupted Ancient of Annihilation	4185296	ensureUnitObjectMetadataRegistered	unitObjectMetaMix
n027	1848652343	units	Corrupted Annihilator	4185331	ensureUnitObjectMetadataRegistered	unitObjectMetaMix
h0A1	1747992881	units	Marksmen's Encampment	4185716	ensureUnitObjectMetadataRegistered	PR:HashMap_put
h05C	1747989827	units	Marksman	4185761	ensureUnitObjectMetadataRegistered	UnitObjectMeta_new_UnitObjectMeta
h0A1	1747992881	units	Marksmen's Encampment	4186477	ensureUnitObjectMetadataRegistered	unitObjectMetaMix
h05C	1747989827	units	Marksman	4186512	ensureUnitObjectMetadataRegistered	unitObjectMetaMix
h0Z1	1747999281	units	Mudcrab Burrow	4186897	ensureUnitObjectMetadataRegistered	PR:HashMap_put
n0Z1	1848662577	units	Mudcrab	4186942	ensureUnitObjectMetadataRegistered	UnitObjectMeta_new_UnitObjectMeta
h0Z1	1747999281	units	Mudcrab Burrow	4187174	ensureUnitObjectMetadataRegistered	unitObjectMetaMix
n0Z1	1848662577	units	Mudcrab	4187209	ensureUnitObjectMetadataRegistered	unitObjectMetaMix
h0Z2	1747999282	units	Rockcrab Burrow	4187593	ensureUnitObjectMetadataRegistered	PR:HashMap_put
n0Z2	1848662578	units	Rock Crab	4187638	ensureUnitObjectMetadataRegistered	UnitObjectMeta_new_UnitObjectMeta
h0Z2	1747999282	units	Rockcrab Burrow	4187881	ensureUnitObjectMetadataRegistered	unitObjectMetaMix
n0Z2	1848662578	units	Rock Crab	4187916	ensureUnitObjectMetadataRegistered	unitObjectMetaMix
h0Z3	1747999283	units	Spinecrab Tidepool	4188300	ensureUnitObjectMetadataRegistered	PR:HashMap_put
n0Z3	1848662579	units	Spiny Crab	4188345	ensureUnitObjectMetadataRegistered	UnitObjectMeta_new_UnitObjectMeta
h0Z3	1747999283	units	Spinecrab Tidepool	4188578	ensureUnitObjectMetadataRegistered	unitObjectMetaMix
n0Z3	1848662579	units	Spiny Crab	4188613	ensureUnitObjectMetadataRegistered	unitObjectMetaMix
h0Z4	1747999284	units	Hermit Mound	4188998	ensureUnitObjectMetadataRegistered	PR:HashMap_put
n0Z4	1848662580	units	Hermit Crab	4189043	ensureUnitObjectMetadataRegistered	UnitObjectMeta_new_UnitObjectMeta
h0Z4	1747999284	units	Hermit Mound	4189272	ensureUnitObjectMetadataRegistered	unitObjectMetaMix
n0Z4	1848662580	units	Hermit Crab	4189307	ensureUnitObjectMetadataRegistered	unitObjectMetaMix
h0Z5	1747999285	units	Tidal Cairn	4189691	ensureUnitObjectMetadataRegistered	PR:HashMap_put
h0Z5	1747999285	units	Tidal Cairn	4189897	ensureUnitObjectMetadataRegistered	unitObjectMetaMix
h0Z6	1747999286	units	Coral Spire	4190313	ensureUnitObjectMetadataRegistered	PR:HashMap_put
h0Z6	1747999286	units	Coral Spire	4190518	ensureUnitObjectMetadataRegistered	unitObjectMetaMix
h0Z7	1747999287	units	Reef Guardian	4190934	ensureUnitObjectMetadataRegistered	PR:HashMap_put
n0Z7	1848662583	units	Giant Reef Crab	4190979	ensureUnitObjectMetadataRegistered	UnitObjectMeta_new_UnitObjectMeta
h0Z7	1747999287	units	Reef Guardian	4191224	ensureUnitObjectMetadataRegistered	unitObjectMetaMix
n0Z7	1848662583	units	Giant Reef Crab	4191259	ensureUnitObjectMetadataRegistered	unitObjectMetaMix
n01J	1848652106	units	Corrupted Protector	4191646	ensureUnitObjectMetadataRegistered	PR:HashMap_put
n01J	1848652106	units	Corrupted Protector	4192152	ensureUnitObjectMetadataRegistered	unitObjectMetaMix
n02D	1848652356	units	Ancient Protector	4192567	ensureUnitObjectMetadataRegistered	PR:HashMap_put
n02D	1848652356	units	Ancient Protector	4193150	ensureUnitObjectMetadataRegistered	unitObjectMetaMix
n02N	1848652366	units	Fire Gnoll Hut	4193565	ensureUnitObjectMetadataRegistered	PR:HashMap_put
n02T	1848652372	units	Fire Gnoll	4193610	ensureUnitObjectMetadataRegistered	UnitObjectMeta_new_UnitObjectMeta
n02N	1848652366	units	Fire Gnoll Hut	4194479	ensureUnitObjectMetadataRegistered	unitObjectMetaMix
n02T	1848652372	units	Fire Gnoll	4194514	ensureUnitObjectMetadataRegistered	unitObjectMetaMix
n02O	1848652367	units	Den of the Ogre Lord	4194898	ensureUnitObjectMetadataRegistered	PR:HashMap_put
n02Y	1848652377	units	Ogre Lord	4194943	ensureUnitObjectMetadataRegistered	UnitObjectMeta_new_UnitObjectMeta
n02O	1848652367	units	Den of the Ogre Lord	4195719	ensureUnitObjectMetadataRegistered	unitObjectMetaMix
n02Y	1848652377	units	Ogre Lord	4195754	ensureUnitObjectMetadataRegistered	unitObjectMetaMix
n02P	1848652368	units	Gnoll Tent	4196138	ensureUnitObjectMetadataRegistered	PR:HashMap_put
n02S	1848652371	units	Gnoll	4196183	ensureUnitObjectMetadataRegistered	UnitObjectMeta_new_UnitObjectMeta
n02P	1848652368	units	Gnoll Tent	4196852	ensureUnitObjectMetadataRegistered	unitObjectMetaMix
n02S	1848652371	units	Gnoll	4196887	ensureUnitObjectMetadataRegistered	unitObjectMetaMix
n02Q	1848652369	units	Harpy Nest	4197272	ensureUnitObjectMetadataRegistered	PR:HashMap_put
n02W	1848652375	units	Harpy	4197317	ensureUnitObjectMetadataRegistered	UnitObjectMeta_new_UnitObjectMeta
n02Q	1848652369	units	Harpy Nest	4197903	ensureUnitObjectMetadataRegistered	unitObjectMetaMix
n02W	1848652375	units	Harpy	4197938	ensureUnitObjectMetadataRegistered	unitObjectMetaMix
n02R	1848652370	units	Monstrous Sandkin Burrow	4198322	ensureUnitObjectMetadataRegistered	PR:HashMap_put
n035	1848652597	units	Monstrous Sandkin	4198367	ensureUnitObjectMetadataRegistered	UnitObjectMeta_new_UnitObjectMeta
n02R	1848652370	units	Monstrous Sandkin Burrow	4199271	ensureUnitObjectMetadataRegistered	unitObjectMetaMix
n035	1848652597	units	Monstrous Sandkin	4199306	ensureUnitObjectMetadataRegistered	unitObjectMetaMix
n031	1848652593	units	Nest of Harpy Matriarch	4199690	ensureUnitObjectMetadataRegistered	PR:HashMap_put
n034	1848652596	units	Harpies' Matriarch	4199735	ensureUnitObjectMetadataRegistered	UnitObjectMeta_new_UnitObjectMeta
n031	1848652593	units	Nest of Harpy Matriarch	4200769	ensureUnitObjectMetadataRegistered	unitObjectMetaMix
n034	1848652596	units	Harpies' Matriarch	4200804	ensureUnitObjectMetadataRegistered	unitObjectMetaMix
n033	1848652595	units	Ogre Den	4201190	ensureUnitObjectMetadataRegistered	PR:HashMap_put
n02X	1848652376	units	Ogre	4201235	ensureUnitObjectMetadataRegistered	UnitObjectMeta_new_UnitObjectMeta
n033	1848652595	units	Ogre Den	4201970	ensureUnitObjectMetadataRegistered	unitObjectMetaMix
n02X	1848652376	units	Ogre	4202005	ensureUnitObjectMetadataRegistered	unitObjectMetaMix
n036	1848652598	units	Quillboar Yard	4202389	ensureUnitObjectMetadataRegistered	PR:HashMap_put
n02V	1848652374	units	Quillboar	4202434	ensureUnitObjectMetadataRegistered	UnitObjectMeta_new_UnitObjectMeta
n036	1848652598	units	Quillboar Yard	4203058	ensureUnitObjectMetadataRegistered	unitObjectMetaMix
n02V	1848652374	units	Quillboar	4203093	ensureUnitObjectMetadataRegistered	unitObjectMetaMix
n037	1848652599	units	Razormane Abode	4203477	ensureUnitObjectMetadataRegistered	PR:HashMap_put
n02U	1848652373	units	Razormane	4203522	ensureUnitObjectMetadataRegistered	UnitObjectMeta_new_UnitObjectMeta
n037	1848652599	units	Razormane Abode	4204348	ensureUnitObjectMetadataRegistered	unitObjectMetaMix
n02U	1848652373	units	Razormane	4204383	ensureUnitObjectMetadataRegistered	unitObjectMetaMix
n038	1848652600	units	Salamander Hatchery	4204766	ensureUnitObjectMetadataRegistered	PR:HashMap_put
n02Z	1848652378	units	Salamander	4204811	ensureUnitObjectMetadataRegistered	UnitObjectMeta_new_UnitObjectMeta
n038	1848652600	units	Salamander Hatchery	4205636	ensureUnitObjectMetadataRegistered	unitObjectMetaMix
n02Z	1848652378	units	Salamander	4205671	ensureUnitObjectMetadataRegistered	unitObjectMetaMix
n039	1848652601	units	Sandkin Burrow	4206056	ensureUnitObjectMetadataRegistered	PR:HashMap_put
n030	1848652592	units	Sandkin	4206101	ensureUnitObjectMetadataRegistered	UnitObjectMeta_new_UnitObjectMeta
n039	1848652601	units	Sandkin Burrow	4206807	ensureUnitObjectMetadataRegistered	unitObjectMetaMix
n030	1848652592	units	Sandkin	4206842	ensureUnitObjectMetadataRegistered	unitObjectMetaMix
n03A	1848652609	units	Temple of Storm	4207226	ensureUnitObjectMetadataRegistered	PR:HashMap_put
n03A	1848652609	units	Temple of Storm	4207706	ensureUnitObjectMetadataRegistered	unitObjectMetaMix
n03B	1848652610	units	Nest of Harpy Witch	4208125	ensureUnitObjectMetadataRegistered	PR:HashMap_put
n032	1848652594	units	Harpy Witch	4208170	ensureUnitObjectMetadataRegistered	UnitObjectMeta_new_UnitObjectMeta
n03B	1848652610	units	Nest of Harpy Witch	4209088	ensureUnitObjectMetadataRegistered	unitObjectMetaMix
n032	1848652594	units	Harpy Witch	4209123	ensureUnitObjectMetadataRegistered	unitObjectMetaMix
n03D	1848652612	units	Bamboo Dojo	4209506	ensureUnitObjectMetadataRegistered	PR:HashMap_put
n03E	1848652613	units	Sagepaw Monk	4209551	ensureUnitObjectMetadataRegistered	UnitObjectMeta_new_UnitObjectMeta
n03D	1848652612	units	Bamboo Dojo	4210247	ensureUnitObjectMetadataRegistered	unitObjectMetaMix
n03E	1848652613	units	Sagepaw Monk	4210282	ensureUnitObjectMetadataRegistered	unitObjectMetaMix
n03F	1848652614	units	Brew Hut	4210666	ensureUnitObjectMetadataRegistered	PR:HashMap_put
n03G	1848652615	units	Ironpaw Militia	4210711	ensureUnitObjectMetadataRegistered	UnitObjectMeta_new_UnitObjectMeta
n03F	1848652614	units	Brew Hut	4211489	ensureUnitObjectMetadataRegistered	unitObjectMetaMix
n03G	1848652615	units	Ironpaw Militia	4211524	ensureUnitObjectMetadataRegistered	unitObjectMetaMix
n03H	1848652616	units	Temple of the Wandering Spark	4211908	ensureUnitObjectMetadataRegistered	PR:HashMap_put
n03I	1848652617	units	Echofoot Mystic	4211953	ensureUnitObjectMetadataRegistered	UnitObjectMeta_new_UnitObjectMeta
n03H	1848652616	units	Temple of the Wandering Spark	4212765	ensureUnitObjectMetadataRegistered	unitObjectMetaMix
n03I	1848652617	units	Echofoot Mystic	4212800	ensureUnitObjectMetadataRegistered	unitObjectMetaMix
n03K	1848652619	units	Fighting Tavern	4213185	ensureUnitObjectMetadataRegistered	PR:HashMap_put
n03J	1848652618	units	Ironpaw Guardian	4213230	ensureUnitObjectMetadataRegistered	UnitObjectMeta_new_UnitObjectMeta
n03K	1848652619	units	Fighting Tavern	4214160	ensureUnitObjectMetadataRegistered	unitObjectMetaMix
n03J	1848652618	units	Ironpaw Guardian	4214195	ensureUnitObjectMetadataRegistered	unitObjectMetaMix
n03L	1848652620	units	Jade Shrine	4214579	ensureUnitObjectMetadataRegistered	PR:HashMap_put
n03M	1848652621	units	Jade Elder	4214624	ensureUnitObjectMetadataRegistered	UnitObjectMeta_new_UnitObjectMeta
n03L	1848652620	units	Jade Shrine	4215392	ensureUnitObjectMetadataRegistered	unitObjectMetaMix
n03M	1848652621	units	Jade Elder	4215427	ensureUnitObjectMetadataRegistered	unitObjectMetaMix
n03N	1848652622	units	Pandaren Siege Workshop	4215812	ensureUnitObjectMetadataRegistered	PR:HashMap_put
o00H	1865429064	units	Brewshock Catapult	4215857	ensureUnitObjectMetadataRegistered	UnitObjectMeta_new_UnitObjectMeta
n03N	1848652622	units	Pandaren Siege Workshop	4216715	ensureUnitObjectMetadataRegistered	unitObjectMetaMix
o00H	1865429064	units	Brewshock Catapult	4216750	ensureUnitObjectMetadataRegistered	unitObjectMetaMix
n03P	1848652624	units	Temple of Ten Thousand Drinks	4217133	ensureUnitObjectMetadataRegistered	PR:HashMap_put
n03O	1848652623	units	Drunken Brewmaster	4217178	ensureUnitObjectMetadataRegistered	UnitObjectMeta_new_UnitObjectMeta
n03P	1848652624	units	Temple of Ten Thousand Drinks	4218297	ensureUnitObjectMetadataRegistered	unitObjectMetaMix
n03O	1848652623	units	Drunken Brewmaster	4218332	ensureUnitObjectMetadataRegistered	unitObjectMetaMix
n03Q	1848652625	units	Cloud Hangar	4218718	ensureUnitObjectMetadataRegistered	PR:HashMap_put
h07S	1747990355	units	Cloud Ship	4218763	ensureUnitObjectMetadataRegistered	UnitObjectMeta_new_UnitObjectMeta
n03Q	1848652625	units	Cloud Hangar	4219419	ensureUnitObjectMetadataRegistered	unitObjectMetaMix
h07S	1747990355	units	Cloud Ship	4219454	ensureUnitObjectMetadataRegistered	unitObjectMetaMix
n03S	1848652627	units	Sagepaw Sanctum	4219837	ensureUnitObjectMetadataRegistered	PR:HashMap_put
n03T	1848652628	units	Sagepaw Soulkeeper	4219882	ensureUnitObjectMetadataRegistered	UnitObjectMeta_new_UnitObjectMeta
n03S	1848652627	units	Sagepaw Sanctum	4220598	ensureUnitObjectMetadataRegistered	unitObjectMetaMix
n03T	1848652628	units	Sagepaw Soulkeeper	4220633	ensureUnitObjectMetadataRegistered	unitObjectMetaMix
o000	1865429040	units	Anti Air Tower	4221017	ensureUnitObjectMetadataRegistered	PR:HashMap_put
o000	1865429040	units	Anti Air Tower	4221706	ensureUnitObjectMetadataRegistered	unitObjectMetaMix
h000	1747988528	units	Barracks	4224602	ensureUnitObjectUpgradeMetadataRegistered	
h039	1747989305	units	Stronghold	4224620	ensureUnitObjectUpgradeMetadataRegistered	
h000	1747988528	units	Barracks	4224665	ensureUnitObjectUpgradeMetadataRegistered	authoredUpgradeMix
h039	1747989305	units	Stronghold	4224701	ensureUnitObjectUpgradeMetadataRegistered	authoredUpgradeMix
h002	1747988530	units	Spider Egg Clutch	4224719	ensureUnitObjectUpgradeMetadataRegistered	
h00Q	1747988561	units	Spider Egg Nest	4224737	ensureUnitObjectUpgradeMetadataRegistered	
h002	1747988530	units	Spider Egg Clutch	4224782	ensureUnitObjectUpgradeMetadataRegistered	authoredUpgradeMix
h00Q	1747988561	units	Spider Egg Nest	4224818	ensureUnitObjectUpgradeMetadataRegistered	authoredUpgradeMix
h003	1747988531	units	Sniper Nest	4224836	ensureUnitObjectUpgradeMetadataRegistered	
h05D	1747989828	units	Gunner's Hall	4224854	ensureUnitObjectUpgradeMetadataRegistered	
h003	1747988531	units	Sniper Nest	4224899	ensureUnitObjectUpgradeMetadataRegistered	authoredUpgradeMix
h05D	1747989828	units	Gunner's Hall	4224935	ensureUnitObjectUpgradeMetadataRegistered	authoredUpgradeMix
h003	1747988531	units	Sniper Nest	4224953	ensureUnitObjectUpgradeMetadataRegistered	
h0A1	1747992881	units	Marksmen's Encampment	4224971	ensureUnitObjectUpgradeMetadataRegistered	
h003	1747988531	units	Sniper Nest	4225016	ensureUnitObjectUpgradeMetadataRegistered	authoredUpgradeMix
h0A1	1747992881	units	Marksmen's Encampment	4225052	ensureUnitObjectUpgradeMetadataRegistered	authoredUpgradeMix
h00F	1747988550	units	Spawning Grounds	4225070	ensureUnitObjectUpgradeMetadataRegistered	
h032	1747989298	units	Royal Spawning Grounds	4225088	ensureUnitObjectUpgradeMetadataRegistered	
h00F	1747988550	units	Spawning Grounds	4225133	ensureUnitObjectUpgradeMetadataRegistered	authoredUpgradeMix
h032	1747989298	units	Royal Spawning Grounds	4225169	ensureUnitObjectUpgradeMetadataRegistered	authoredUpgradeMix
h00J	1747988554	units	Swamp Well	4225187	ensureUnitObjectUpgradeMetadataRegistered	
h05F	1747989830	units	Lernaean Fountain	4225205	ensureUnitObjectUpgradeMetadataRegistered	
h00J	1747988554	units	Swamp Well	4225250	ensureUnitObjectUpgradeMetadataRegistered	authoredUpgradeMix
h05F	1747989830	units	Lernaean Fountain	4225286	ensureUnitObjectUpgradeMetadataRegistered	authoredUpgradeMix
h00Q	1747988561	units	Spider Egg Nest	4225304	ensureUnitObjectUpgradeMetadataRegistered	
h00R	1747988562	units	Spider Egg Hatchery	4225322	ensureUnitObjectUpgradeMetadataRegistered	
h00Q	1747988561	units	Spider Egg Nest	4225367	ensureUnitObjectUpgradeMetadataRegistered	authoredUpgradeMix
h00R	1747988562	units	Spider Egg Hatchery	4225403	ensureUnitObjectUpgradeMetadataRegistered	authoredUpgradeMix
h00S	1747988563	units	Hunter's Hall	4225421	ensureUnitObjectUpgradeMetadataRegistered	
h03D	1747989316	units	Ranger's Hall	4225439	ensureUnitObjectUpgradeMetadataRegistered	
h00S	1747988563	units	Hunter's Hall	4225484	ensureUnitObjectUpgradeMetadataRegistered	authoredUpgradeMix
h03D	1747989316	units	Ranger's Hall	4225520	ensureUnitObjectUpgradeMetadataRegistered	authoredUpgradeMix
h00T	1747988564	units	Hall of Honor	4225538	ensureUnitObjectUpgradeMetadataRegistered	
h03F	1747989318	units	Hall of the Eldest	4225556	ensureUnitObjectUpgradeMetadataRegistered	
h00T	1747988564	units	Hall of Honor	4225601	ensureUnitObjectUpgradeMetadataRegistered	authoredUpgradeMix
h03F	1747989318	units	Hall of the Eldest	4225637	ensureUnitObjectUpgradeMetadataRegistered	authoredUpgradeMix
h00Y	1747988569	units	Furbolg Hut	4225655	ensureUnitObjectUpgradeMetadataRegistered	
h012	1747988786	units	Furbolg Abode	4225673	ensureUnitObjectUpgradeMetadataRegistered	
h00Y	1747988569	units	Furbolg Hut	4225718	ensureUnitObjectUpgradeMetadataRegistered	authoredUpgradeMix
h012	1747988786	units	Furbolg Abode	4225754	ensureUnitObjectUpgradeMetadataRegistered	authoredUpgradeMix
h00Y	1747988569	units	Furbolg Hut	4225772	ensureUnitObjectUpgradeMetadataRegistered	
h071	1747990321	units	Enigma	4225790	ensureUnitObjectUpgradeMetadataRegistered	
h00Y	1747988569	units	Furbolg Hut	4225835	ensureUnitObjectUpgradeMetadataRegistered	authoredUpgradeMix
h071	1747990321	units	Enigma	4225871	ensureUnitObjectUpgradeMetadataRegistered	authoredUpgradeMix
h013	1747988787	units	Ancient of Growth	4225889	ensureUnitObjectUpgradeMetadataRegistered	
h01H	1747988808	units	Ancient of Life	4225907	ensureUnitObjectUpgradeMetadataRegistered	
h013	1747988787	units	Ancient of Growth	4225952	ensureUnitObjectUpgradeMetadataRegistered	authoredUpgradeMix
h01H	1747988808	units	Ancient of Life	4225988	ensureUnitObjectUpgradeMetadataRegistered	authoredUpgradeMix
h01D	1747988804	units	Chaos Citadel	4226006	ensureUnitObjectUpgradeMetadataRegistered	
h03G	1747989319	units	Greater Chaos Citadel	4226024	ensureUnitObjectUpgradeMetadataRegistered	
h01D	1747988804	units	Chaos Citadel	4226069	ensureUnitObjectUpgradeMetadataRegistered	authoredUpgradeMix
h03G	1747989319	units	Greater Chaos Citadel	4226105	ensureUnitObjectUpgradeMetadataRegistered	authoredUpgradeMix
h01H	1747988808	units	Ancient of Life	4226123	ensureUnitObjectUpgradeMetadataRegistered	
h01J	1747988810	units	Ancient of Eternity	4226141	ensureUnitObjectUpgradeMetadataRegistered	
h01H	1747988808	units	Ancient of Life	4226186	ensureUnitObjectUpgradeMetadataRegistered	authoredUpgradeMix
h01J	1747988810	units	Ancient of Eternity	4226222	ensureUnitObjectUpgradeMetadataRegistered	authoredUpgradeMix
h01I	1747988809	units	Lesser Demon Cage	4226240	ensureUnitObjectUpgradeMetadataRegistered	
h026	1747989046	units	Greater Demon Cage	4226258	ensureUnitObjectUpgradeMetadataRegistered	
h01I	1747988809	units	Lesser Demon Cage	4226303	ensureUnitObjectUpgradeMetadataRegistered	authoredUpgradeMix
h026	1747989046	units	Greater Demon Cage	4226339	ensureUnitObjectUpgradeMetadataRegistered	authoredUpgradeMix
h01K	1747988811	units	Temple of Bone	4226357	ensureUnitObjectUpgradeMetadataRegistered	
h04B	1747989570	units	Temple of Necromancy	4226375	ensureUnitObjectUpgradeMetadataRegistered	
h01K	1747988811	units	Temple of Bone	4226420	ensureUnitObjectUpgradeMetadataRegistered	authoredUpgradeMix
h04B	1747989570	units	Temple of Necromancy	4226456	ensureUnitObjectUpgradeMetadataRegistered	authoredUpgradeMix
h01M	1747988813	units	Eraser (Level 1)	4226474	ensureUnitObjectUpgradeMetadataRegistered	
h01W	1747988823	units	Eraser (Level 2)	4226492	ensureUnitObjectUpgradeMetadataRegistered	
h01M	1747988813	units	Eraser (Level 1)	4226537	ensureUnitObjectUpgradeMetadataRegistered	authoredUpgradeMix
h01W	1747988823	units	Eraser (Level 2)	4226573	ensureUnitObjectUpgradeMetadataRegistered	authoredUpgradeMix
h01N	1747988814	units	Crypt	4226591	ensureUnitObjectUpgradeMetadataRegistered	
h054	1747989812	units	Graveyard	4226609	ensureUnitObjectUpgradeMetadataRegistered	
h01N	1747988814	units	Crypt	4226654	ensureUnitObjectUpgradeMetadataRegistered	authoredUpgradeMix
h054	1747989812	units	Graveyard	4226690	ensureUnitObjectUpgradeMetadataRegistered	authoredUpgradeMix
h01P	1747988816	units	Skull Pile	4226708	ensureUnitObjectUpgradeMetadataRegistered	
h056	1747989814	units	Skull Shrine	4226726	ensureUnitObjectUpgradeMetadataRegistered	
h01P	1747988816	units	Skull Pile	4226771	ensureUnitObjectUpgradeMetadataRegistered	authoredUpgradeMix
h056	1747989814	units	Skull Shrine	4226807	ensureUnitObjectUpgradeMetadataRegistered	authoredUpgradeMix
h01R	1747988818	units	Rotting Hay Cart	4226825	ensureUnitObjectUpgradeMetadataRegistered	
h04Z	1747989594	units	Tainted Farm	4226843	ensureUnitObjectUpgradeMetadataRegistered	
h01R	1747988818	units	Rotting Hay Cart	4226888	ensureUnitObjectUpgradeMetadataRegistered	authoredUpgradeMix
h04Z	1747989594	units	Tainted Farm	4226924	ensureUnitObjectUpgradeMetadataRegistered	authoredUpgradeMix
h01W	1747988823	units	Eraser (Level 2)	4226942	ensureUnitObjectUpgradeMetadataRegistered	
h01X	1747988824	units	Eraser (Level 3)	4226960	ensureUnitObjectUpgradeMetadataRegistered	
h01W	1747988823	units	Eraser (Level 2)	4227005	ensureUnitObjectUpgradeMetadataRegistered	authoredUpgradeMix
h01X	1747988824	units	Eraser (Level 3)	4227041	ensureUnitObjectUpgradeMetadataRegistered	authoredUpgradeMix
h01Y	1747988825	units	Temple of Snakes	4227059	ensureUnitObjectUpgradeMetadataRegistered	
h080	1747990576	units	Temple of Riptide	4227077	ensureUnitObjectUpgradeMetadataRegistered	
h01Y	1747988825	units	Temple of Snakes	4227122	ensureUnitObjectUpgradeMetadataRegistered	authoredUpgradeMix
h080	1747990576	units	Temple of Riptide	4227158	ensureUnitObjectUpgradeMetadataRegistered	authoredUpgradeMix
h020	1747989040	units	Murloc Camp	4227176	ensureUnitObjectUpgradeMetadataRegistered	
h021	1747989041	units	Murloc Village	4227194	ensureUnitObjectUpgradeMetadataRegistered	
h020	1747989040	units	Murloc Camp	4227239	ensureUnitObjectUpgradeMetadataRegistered	authoredUpgradeMix
h021	1747989041	units	Murloc Village	4227275	ensureUnitObjectUpgradeMetadataRegistered	authoredUpgradeMix
h021	1747989041	units	Murloc Village	4227293	ensureUnitObjectUpgradeMetadataRegistered	
h022	1747989042	units	Murloc Fortress	4227311	ensureUnitObjectUpgradeMetadataRegistered	
h021	1747989041	units	Murloc Village	4227356	ensureUnitObjectUpgradeMetadataRegistered	authoredUpgradeMix
h022	1747989042	units	Murloc Fortress	4227392	ensureUnitObjectUpgradeMetadataRegistered	authoredUpgradeMix
h023	1747989043	units	Ancient of Slumber	4227410	ensureUnitObjectUpgradeMetadataRegistered	
h024	1747989044	units	Ancient of Hibernation	4227428	ensureUnitObjectUpgradeMetadataRegistered	
h023	1747989043	units	Ancient of Slumber	4227473	ensureUnitObjectUpgradeMetadataRegistered	authoredUpgradeMix
h024	1747989044	units	Ancient of Hibernation	4227509	ensureUnitObjectUpgradeMetadataRegistered	authoredUpgradeMix
h026	1747989046	units	Greater Demon Cage	4227527	ensureUnitObjectUpgradeMetadataRegistered	
h06O	1747990095	units	Serenity	4227545	ensureUnitObjectUpgradeMetadataRegistered	
h026	1747989046	units	Greater Demon Cage	4227590	ensureUnitObjectUpgradeMetadataRegistered	authoredUpgradeMix
h06O	1747990095	units	Serenity	4227626	ensureUnitObjectUpgradeMetadataRegistered	authoredUpgradeMix
h029	1747989049	units	Fighters' Hall	4227644	ensureUnitObjectUpgradeMetadataRegistered	
h02U	1747989077	units	Advanced Fighters' Hall	4227662	ensureUnitObjectUpgradeMetadataRegistered	
h029	1747989049	units	Fighters' Hall	4227707	ensureUnitObjectUpgradeMetadataRegistered	authoredUpgradeMix
h02U	1747989077	units	Advanced Fighters' Hall	4227743	ensureUnitObjectUpgradeMetadataRegistered	authoredUpgradeMix
h02B	1747989058	units	Shamanic Tent	4227761	ensureUnitObjectUpgradeMetadataRegistered	
h06I	1747990089	units	Infostealer's Place	4227779	ensureUnitObjectUpgradeMetadataRegistered	
h02B	1747989058	units	Shamanic Tent	4227824	ensureUnitObjectUpgradeMetadataRegistered	authoredUpgradeMix
h06I	1747990089	units	Infostealer's Place	4227860	ensureUnitObjectUpgradeMetadataRegistered	authoredUpgradeMix
h02B	1747989058	units	Shamanic Tent	4227878	ensureUnitObjectUpgradeMetadataRegistered	
h07Q	1747990353	units	Blood Shaman Tent	4227896	ensureUnitObjectUpgradeMetadataRegistered	
h02B	1747989058	units	Shamanic Tent	4227941	ensureUnitObjectUpgradeMetadataRegistered	authoredUpgradeMix
h07Q	1747990353	units	Blood Shaman Tent	4227977	ensureUnitObjectUpgradeMetadataRegistered	authoredUpgradeMix
h02H	1747989064	units	Troll Hut	4227995	ensureUnitObjectUpgradeMetadataRegistered	
h05E	1747989829	units	Trapper's Hut	4228013	ensureUnitObjectUpgradeMetadataRegistered	
h02H	1747989064	units	Troll Hut	4228058	ensureUnitObjectUpgradeMetadataRegistered	authoredUpgradeMix
h05E	1747989829	units	Trapper's Hut	4228094	ensureUnitObjectUpgradeMetadataRegistered	authoredUpgradeMix
h02K	1747989067	units	Kodo Farm	4228112	ensureUnitObjectUpgradeMetadataRegistered	
h035	1747989301	units	Melee Kodo Farm	4228130	ensureUnitObjectUpgradeMetadataRegistered	
h02K	1747989067	units	Kodo Farm	4228175	ensureUnitObjectUpgradeMetadataRegistered	authoredUpgradeMix
h035	1747989301	units	Melee Kodo Farm	4228211	ensureUnitObjectUpgradeMetadataRegistered	authoredUpgradeMix
h02K	1747989067	units	Kodo Farm	4228229	ensureUnitObjectUpgradeMetadataRegistered	
h036	1747989302	units	Defensive Kodo Farm	4228247	ensureUnitObjectUpgradeMetadataRegistered	
h02K	1747989067	units	Kodo Farm	4228292	ensureUnitObjectUpgradeMetadataRegistered	authoredUpgradeMix
h036	1747989302	units	Defensive Kodo Farm	4228328	ensureUnitObjectUpgradeMetadataRegistered	authoredUpgradeMix
h02K	1747989067	units	Kodo Farm	4228346	ensureUnitObjectUpgradeMetadataRegistered	
h092	1747990834	units	Spellbreaker Kodo Farm	4228364	ensureUnitObjectUpgradeMetadataRegistered	
h02K	1747989067	units	Kodo Farm	4228409	ensureUnitObjectUpgradeMetadataRegistered	authoredUpgradeMix
h092	1747990834	units	Spellbreaker Kodo Farm	4228445	ensureUnitObjectUpgradeMetadataRegistered	authoredUpgradeMix
h02O	1747989071	units	Legendary Totem	4228463	ensureUnitObjectUpgradeMetadataRegistered	
h07X	1747990360	units	Stasis Totem	4228481	ensureUnitObjectUpgradeMetadataRegistered	
h02O	1747989071	units	Legendary Totem	4228526	ensureUnitObjectUpgradeMetadataRegistered	authoredUpgradeMix
h07X	1747990360	units	Stasis Totem	4228562	ensureUnitObjectUpgradeMetadataRegistered	authoredUpgradeMix
h02O	1747989071	units	Legendary Totem	4228580	ensureUnitObjectUpgradeMetadataRegistered	
h07Y	1747990361	units	Healing Totem	4228598	ensureUnitObjectUpgradeMetadataRegistered	
h02O	1747989071	units	Legendary Totem	4228643	ensureUnitObjectUpgradeMetadataRegistered	authoredUpgradeMix
h07Y	1747990361	units	Healing Totem	4228679	ensureUnitObjectUpgradeMetadataRegistered	authoredUpgradeMix
h02O	1747989071	units	Legendary Totem	4228697	ensureUnitObjectUpgradeMetadataRegistered	
h07Z	1747990362	units	Endurance Totem	4228715	ensureUnitObjectUpgradeMetadataRegistered	
h02O	1747989071	units	Legendary Totem	4228760	ensureUnitObjectUpgradeMetadataRegistered	authoredUpgradeMix
h07Z	1747990362	units	Endurance Totem	4228796	ensureUnitObjectUpgradeMetadataRegistered	authoredUpgradeMix
h02U	1747989077	units	Advanced Fighters' Hall	4228814	ensureUnitObjectUpgradeMetadataRegistered	
h031	1747989297	units	Superior Fighters' Hall	4228832	ensureUnitObjectUpgradeMetadataRegistered	
h02U	1747989077	units	Advanced Fighters' Hall	4228877	ensureUnitObjectUpgradeMetadataRegistered	authoredUpgradeMix
h031	1747989297	units	Superior Fighters' Hall	4228913	ensureUnitObjectUpgradeMetadataRegistered	authoredUpgradeMix
h037	1747989303	units	Chapel	4228931	ensureUnitObjectUpgradeMetadataRegistered	
h038	1747989304	units	Church	4228949	ensureUnitObjectUpgradeMetadataRegistered	
h037	1747989303	units	Chapel	4228994	ensureUnitObjectUpgradeMetadataRegistered	authoredUpgradeMix
h038	1747989304	units	Church	4229030	ensureUnitObjectUpgradeMetadataRegistered	authoredUpgradeMix
h038	1747989304	units	Church	4229048	ensureUnitObjectUpgradeMetadataRegistered	
h072	1747990322	units	Holy Altar	4229066	ensureUnitObjectUpgradeMetadataRegistered	
h038	1747989304	units	Church	4229111	ensureUnitObjectUpgradeMetadataRegistered	authoredUpgradeMix
h072	1747990322	units	Holy Altar	4229147	ensureUnitObjectUpgradeMetadataRegistered	authoredUpgradeMix
h03D	1747989316	units	Ranger's Hall	4229165	ensureUnitObjectUpgradeMetadataRegistered	
h03E	1747989317	units	Amazon's Hall	4229183	ensureUnitObjectUpgradeMetadataRegistered	
h03D	1747989316	units	Ranger's Hall	4229228	ensureUnitObjectUpgradeMetadataRegistered	authoredUpgradeMix
h03E	1747989317	units	Amazon's Hall	4229264	ensureUnitObjectUpgradeMetadataRegistered	authoredUpgradeMix
h03K	1747989323	units	Ice Troll Hut	4229282	ensureUnitObjectUpgradeMetadataRegistered	
h03J	1747989322	units	Ice Troll Voodoo Lounge	4229300	ensureUnitObjectUpgradeMetadataRegistered	
h03K	1747989323	units	Ice Troll Hut	4229345	ensureUnitObjectUpgradeMetadataRegistered	authoredUpgradeMix
h03J	1747989322	units	Ice Troll Voodoo Lounge	4229381	ensureUnitObjectUpgradeMetadataRegistered	authoredUpgradeMix
h03T	1747989332	units	Ice Claws	4229399	ensureUnitObjectUpgradeMetadataRegistered	
h043	1747989555	units	Frost Claws	4229417	ensureUnitObjectUpgradeMetadataRegistered	
h03T	1747989332	units	Ice Claws	4229462	ensureUnitObjectUpgradeMetadataRegistered	authoredUpgradeMix
h043	1747989555	units	Frost Claws	4229498	ensureUnitObjectUpgradeMetadataRegistered	authoredUpgradeMix
h03U	1747989333	units	Igloo	4229516	ensureUnitObjectUpgradeMetadataRegistered	
h06L	1747990092	units	Modern Igloo	4229534	ensureUnitObjectUpgradeMetadataRegistered	
h03U	1747989333	units	Igloo	4229579	ensureUnitObjectUpgradeMetadataRegistered	authoredUpgradeMix
h06L	1747990092	units	Modern Igloo	4229615	ensureUnitObjectUpgradeMetadataRegistered	authoredUpgradeMix
h03X	1747989336	units	Water Spring	4229633	ensureUnitObjectUpgradeMetadataRegistered	
h03Y	1747989337	units	Golden Fountain	4229651	ensureUnitObjectUpgradeMetadataRegistered	
h03X	1747989336	units	Water Spring	4229696	ensureUnitObjectUpgradeMetadataRegistered	authoredUpgradeMix
h03Y	1747989337	units	Golden Fountain	4229732	ensureUnitObjectUpgradeMetadataRegistered	authoredUpgradeMix
h03Y	1747989337	units	Golden Fountain	4229750	ensureUnitObjectUpgradeMetadataRegistered	
h03Z	1747989338	units	Spellbound Fountain	4229768	ensureUnitObjectUpgradeMetadataRegistered	
h03Y	1747989337	units	Golden Fountain	4229813	ensureUnitObjectUpgradeMetadataRegistered	authoredUpgradeMix
h03Z	1747989338	units	Spellbound Fountain	4229849	ensureUnitObjectUpgradeMetadataRegistered	authoredUpgradeMix
h040	1747989552	units	Rock Pile	4229867	ensureUnitObjectUpgradeMetadataRegistered	
h041	1747989553	units	Greater Fissure	4229885	ensureUnitObjectUpgradeMetadataRegistered	
h040	1747989552	units	Rock Pile	4229930	ensureUnitObjectUpgradeMetadataRegistered	authoredUpgradeMix
h041	1747989553	units	Greater Fissure	4229966	ensureUnitObjectUpgradeMetadataRegistered	authoredUpgradeMix
h042	1747989554	units	Pillar of Globe-Lightning	4229984	ensureUnitObjectUpgradeMetadataRegistered	
h044	1747989556	units	Pillar of St. Elmo's Fire	4230002	ensureUnitObjectUpgradeMetadataRegistered	
h042	1747989554	units	Pillar of Globe-Lightning	4230047	ensureUnitObjectUpgradeMetadataRegistered	authoredUpgradeMix
h044	1747989556	units	Pillar of St. Elmo's Fire	4230083	ensureUnitObjectUpgradeMetadataRegistered	authoredUpgradeMix
h045	1747989557	units	Altar of Fire	4230101	ensureUnitObjectUpgradeMetadataRegistered	
h046	1747989558	units	Altar of Blaze	4230119	ensureUnitObjectUpgradeMetadataRegistered	
h045	1747989557	units	Altar of Fire	4230164	ensureUnitObjectUpgradeMetadataRegistered	authoredUpgradeMix
h046	1747989558	units	Altar of Blaze	4230200	ensureUnitObjectUpgradeMetadataRegistered	authoredUpgradeMix
h046	1747989558	units	Altar of Blaze	4230218	ensureUnitObjectUpgradeMetadataRegistered	
h04E	1747989573	units	Tower of Elder Knowledge	4230236	ensureUnitObjectUpgradeMetadataRegistered	
h046	1747989558	units	Altar of Blaze	4230281	ensureUnitObjectUpgradeMetadataRegistered	authoredUpgradeMix
h04E	1747989573	units	Tower of Elder Knowledge	4230317	ensureUnitObjectUpgradeMetadataRegistered	authoredUpgradeMix
h048	1747989560	units	Frost Launcher	4230335	ensureUnitObjectUpgradeMetadataRegistered	
h03L	1747989324	units	Greater Frost Launcher	4230353	ensureUnitObjectUpgradeMetadataRegistered	
h048	1747989560	units	Frost Launcher	4230398	ensureUnitObjectUpgradeMetadataRegistered	authoredUpgradeMix
h03L	1747989324	units	Greater Frost Launcher	4230434	ensureUnitObjectUpgradeMetadataRegistered	authoredUpgradeMix
h049	1747989561	units	Snowy Rocks	4230452	ensureUnitObjectUpgradeMetadataRegistered	
h04F	1747989574	units	Icy Rocks	4230470	ensureUnitObjectUpgradeMetadataRegistered	
h049	1747989561	units	Snowy Rocks	4230515	ensureUnitObjectUpgradeMetadataRegistered	authoredUpgradeMix
h04F	1747989574	units	Icy Rocks	4230551	ensureUnitObjectUpgradeMetadataRegistered	authoredUpgradeMix
h04A	1747989569	units	Trapped Gale	4230569	ensureUnitObjectUpgradeMetadataRegistered	
h04C	1747989571	units	Monument of Wind Stream	4230587	ensureUnitObjectUpgradeMetadataRegistered	
h04A	1747989569	units	Trapped Gale	4230632	ensureUnitObjectUpgradeMetadataRegistered	authoredUpgradeMix
h04C	1747989571	units	Monument of Wind Stream	4230668	ensureUnitObjectUpgradeMetadataRegistered	authoredUpgradeMix
h04B	1747989570	units	Temple of Necromancy	4230686	ensureUnitObjectUpgradeMetadataRegistered	
h055	1747989813	units	High Citadel of Necromancy	4230704	ensureUnitObjectUpgradeMetadataRegistered	
h04B	1747989570	units	Temple of Necromancy	4230749	ensureUnitObjectUpgradeMetadataRegistered	authoredUpgradeMix
h055	1747989813	units	High Citadel of Necromancy	4230785	ensureUnitObjectUpgradeMetadataRegistered	authoredUpgradeMix
h04C	1747989571	units	Monument of Wind Stream	4230803	ensureUnitObjectUpgradeMetadataRegistered	
h04D	1747989572	units	Zephyros Memorial	4230821	ensureUnitObjectUpgradeMetadataRegistered	
h04C	1747989571	units	Monument of Wind Stream	4230866	ensureUnitObjectUpgradeMetadataRegistered	authoredUpgradeMix
h04D	1747989572	units	Zephyros Memorial	4230902	ensureUnitObjectUpgradeMetadataRegistered	authoredUpgradeMix
h04F	1747989574	units	Icy Rocks	4230920	ensureUnitObjectUpgradeMetadataRegistered	
h03W	1747989335	units	Glacier	4230938	ensureUnitObjectUpgradeMetadataRegistered	
h04F	1747989574	units	Icy Rocks	4230983	ensureUnitObjectUpgradeMetadataRegistered	authoredUpgradeMix
h03W	1747989335	units	Glacier	4231019	ensureUnitObjectUpgradeMetadataRegistered	authoredUpgradeMix
h04L	1747989580	units	Void Portal	4231037	ensureUnitObjectUpgradeMetadataRegistered	
h04N	1747989582	units	Portal of the Abyss	4231055	ensureUnitObjectUpgradeMetadataRegistered	
h04L	1747989580	units	Void Portal	4231100	ensureUnitObjectUpgradeMetadataRegistered	authoredUpgradeMix
h04N	1747989582	units	Portal of the Abyss	4231136	ensureUnitObjectUpgradeMetadataRegistered	authoredUpgradeMix
h04O	1747989583	units	Nether Ancient	4231154	ensureUnitObjectUpgradeMetadataRegistered	
h04M	1747989581	units	Shadow Ancient	4231172	ensureUnitObjectUpgradeMetadataRegistered	
h04O	1747989583	units	Nether Ancient	4231217	ensureUnitObjectUpgradeMetadataRegistered	authoredUpgradeMix
h04M	1747989581	units	Shadow Ancient	4231253	ensureUnitObjectUpgradeMetadataRegistered	authoredUpgradeMix
h04Q	1747989585	units	Hell's Gate	4231271	ensureUnitObjectUpgradeMetadataRegistered	
h04P	1747989584	units	Hell's Portal	4231289	ensureUnitObjectUpgradeMetadataRegistered	
h04Q	1747989585	units	Hell's Gate	4231334	ensureUnitObjectUpgradeMetadataRegistered	authoredUpgradeMix
h04P	1747989584	units	Hell's Portal	4231370	ensureUnitObjectUpgradeMetadataRegistered	authoredUpgradeMix
h04V	1747989590	units	Ancient of Battle	4231388	ensureUnitObjectUpgradeMetadataRegistered	
h04W	1747989591	units	Corrupted Ancient of War	4231406	ensureUnitObjectUpgradeMetadataRegistered	
h04V	1747989590	units	Ancient of Battle	4231451	ensureUnitObjectUpgradeMetadataRegistered	authoredUpgradeMix
h04W	1747989591	units	Corrupted Ancient of War	4231487	ensureUnitObjectUpgradeMetadataRegistered	authoredUpgradeMix
h04W	1747989591	units	Corrupted Ancient of War	4231505	ensureUnitObjectUpgradeMetadataRegistered	
h09Y	1747990873	units	Corrupted Ancient of Annihilation	4231523	ensureUnitObjectUpgradeMetadataRegistered	
h04W	1747989591	units	Corrupted Ancient of War	4231568	ensureUnitObjectUpgradeMetadataRegistered	authoredUpgradeMix
h09Y	1747990873	units	Corrupted Ancient of Annihilation	4231604	ensureUnitObjectUpgradeMetadataRegistered	authoredUpgradeMix
h04Z	1747989594	units	Tainted Farm	4231622	ensureUnitObjectUpgradeMetadataRegistered	
h03M	1747989325	units	Defiled Granary	4231640	ensureUnitObjectUpgradeMetadataRegistered	
h04Z	1747989594	units	Tainted Farm	4231685	ensureUnitObjectUpgradeMetadataRegistered	authoredUpgradeMix
h03M	1747989325	units	Defiled Granary	4231721	ensureUnitObjectUpgradeMetadataRegistered	authoredUpgradeMix
h05E	1747989829	units	Trapper's Hut	4231739	ensureUnitObjectUpgradeMetadataRegistered	
h06D	1747990084	units	Forest Trapper's Hole	4231757	ensureUnitObjectUpgradeMetadataRegistered	
h05E	1747989829	units	Trapper's Hut	4231802	ensureUnitObjectUpgradeMetadataRegistered	authoredUpgradeMix
h06D	1747990084	units	Forest Trapper's Hole	4231838	ensureUnitObjectUpgradeMetadataRegistered	authoredUpgradeMix
h05J	1747989834	units	Aircraft Factory	4231856	ensureUnitObjectUpgradeMetadataRegistered	
h09L	1747990860	units	Bomber Factory	4231874	ensureUnitObjectUpgradeMetadataRegistered	
h05J	1747989834	units	Aircraft Factory	4231919	ensureUnitObjectUpgradeMetadataRegistered	authoredUpgradeMix
h09L	1747990860	units	Bomber Factory	4231955	ensureUnitObjectUpgradeMetadataRegistered	authoredUpgradeMix
h05M	1747989837	units	Demolition Lab	4231973	ensureUnitObjectUpgradeMetadataRegistered	
h077	1747990327	units	Rocket Lab	4231991	ensureUnitObjectUpgradeMetadataRegistered	
h05M	1747989837	units	Demolition Lab	4232036	ensureUnitObjectUpgradeMetadataRegistered	authoredUpgradeMix
h077	1747990327	units	Rocket Lab	4232072	ensureUnitObjectUpgradeMetadataRegistered	authoredUpgradeMix
h05T	1747989844	units	Gun Smith	4232090	ensureUnitObjectUpgradeMetadataRegistered	
h09P	1747990864	units	Arsenal	4232108	ensureUnitObjectUpgradeMetadataRegistered	
h05T	1747989844	units	Gun Smith	4232153	ensureUnitObjectUpgradeMetadataRegistered	authoredUpgradeMix
h09P	1747990864	units	Arsenal	4232189	ensureUnitObjectUpgradeMetadataRegistered	authoredUpgradeMix
h05U	1747989845	units	Lumber Mill	4232207	ensureUnitObjectUpgradeMetadataRegistered	
h06Z	1747990106	units	Protection Center	4232225	ensureUnitObjectUpgradeMetadataRegistered	
h05U	1747989845	units	Lumber Mill	4232270	ensureUnitObjectUpgradeMetadataRegistered	authoredUpgradeMix
h06Z	1747990106	units	Protection Center	4232306	ensureUnitObjectUpgradeMetadataRegistered	authoredUpgradeMix
h05V	1747989846	units	Golem Factory	4232324	ensureUnitObjectUpgradeMetadataRegistered	
h097	1747990839	units	Precious Golem Factory	4232342	ensureUnitObjectUpgradeMetadataRegistered	
h05V	1747989846	units	Golem Factory	4232387	ensureUnitObjectUpgradeMetadataRegistered	authoredUpgradeMix
h097	1747990839	units	Precious Golem Factory	4232423	ensureUnitObjectUpgradeMetadataRegistered	authoredUpgradeMix
h05X	1747989848	units	Tank Factory	4232441	ensureUnitObjectUpgradeMetadataRegistered	
h09B	1747990850	units	Heavy Tank Factory	4232459	ensureUnitObjectUpgradeMetadataRegistered	
h05X	1747989848	units	Tank Factory	4232504	ensureUnitObjectUpgradeMetadataRegistered	authoredUpgradeMix
h09B	1747990850	units	Heavy Tank Factory	4232540	ensureUnitObjectUpgradeMetadataRegistered	authoredUpgradeMix
h05X	1747989848	units	Tank Factory	4232558	ensureUnitObjectUpgradeMetadataRegistered	
h09I	1747990857	units	Assault Tank Factory	4232576	ensureUnitObjectUpgradeMetadataRegistered	
h05X	1747989848	units	Tank Factory	4232621	ensureUnitObjectUpgradeMetadataRegistered	authoredUpgradeMix
h09I	1747990857	units	Assault Tank Factory	4232657	ensureUnitObjectUpgradeMetadataRegistered	authoredUpgradeMix
h05X	1747989848	units	Tank Factory	4232675	ensureUnitObjectUpgradeMetadataRegistered	
h09J	1747990858	units	Mine Layer Factory	4232693	ensureUnitObjectUpgradeMetadataRegistered	
h05X	1747989848	units	Tank Factory	4232738	ensureUnitObjectUpgradeMetadataRegistered	authoredUpgradeMix
h09J	1747990858	units	Mine Layer Factory	4232774	ensureUnitObjectUpgradeMetadataRegistered	authoredUpgradeMix
h05Z	1747989850	units	Books of Conjuration	4232792	ensureUnitObjectUpgradeMetadataRegistered	
h06E	1747990085	units	Meteor Shower	4232810	ensureUnitObjectUpgradeMetadataRegistered	
h05Z	1747989850	units	Books of Conjuration	4232855	ensureUnitObjectUpgradeMetadataRegistered	authoredUpgradeMix
h06E	1747990085	units	Meteor Shower	4232891	ensureUnitObjectUpgradeMetadataRegistered	authoredUpgradeMix
h05Z	1747989850	units	Books of Conjuration	4232909	ensureUnitObjectUpgradeMetadataRegistered	
h06F	1747990086	units	Elemental Rain	4232927	ensureUnitObjectUpgradeMetadataRegistered	
h05Z	1747989850	units	Books of Conjuration	4232972	ensureUnitObjectUpgradeMetadataRegistered	authoredUpgradeMix
h06F	1747990086	units	Elemental Rain	4233008	ensureUnitObjectUpgradeMetadataRegistered	authoredUpgradeMix
h06J	1747990090	units	Blue Shield Generator	4233026	ensureUnitObjectUpgradeMetadataRegistered	
h05R	1747989842	units	Red Shield Generator	4233044	ensureUnitObjectUpgradeMetadataRegistered	
h06J	1747990090	units	Blue Shield Generator	4233089	ensureUnitObjectUpgradeMetadataRegistered	authoredUpgradeMix
h05R	1747989842	units	Red Shield Generator	4233125	ensureUnitObjectUpgradeMetadataRegistered	authoredUpgradeMix
h07M	1747990349	units	House of Shadows	4233143	ensureUnitObjectUpgradeMetadataRegistered	
h07L	1747990348	units	Guild of Shadows	4233161	ensureUnitObjectUpgradeMetadataRegistered	
h07M	1747990349	units	House of Shadows	4233206	ensureUnitObjectUpgradeMetadataRegistered	authoredUpgradeMix
h07L	1747990348	units	Guild of Shadows	4233242	ensureUnitObjectUpgradeMetadataRegistered	authoredUpgradeMix
h07O	1747990351	units	Pillaged Hut	4233260	ensureUnitObjectUpgradeMetadataRegistered	
h07N	1747990350	units	Scorched Mansion	4233278	ensureUnitObjectUpgradeMetadataRegistered	
h07O	1747990351	units	Pillaged Hut	4233323	ensureUnitObjectUpgradeMetadataRegistered	authoredUpgradeMix
h07N	1747990350	units	Scorched Mansion	4233359	ensureUnitObjectUpgradeMetadataRegistered	authoredUpgradeMix
h081	1747990577	units	Tiny Watch Tower	4233377	ensureUnitObjectUpgradeMetadataRegistered	
h082	1747990578	units	Tiny Multishot Tower	4233395	ensureUnitObjectUpgradeMetadataRegistered	
h081	1747990577	units	Tiny Watch Tower	4233440	ensureUnitObjectUpgradeMetadataRegistered	authoredUpgradeMix
h082	1747990578	units	Tiny Multishot Tower	4233476	ensureUnitObjectUpgradeMetadataRegistered	authoredUpgradeMix
h088	1747990584	units	Moon Shrine	4233494	ensureUnitObjectUpgradeMetadataRegistered	
h07D	1747990340	units	Moon Altar	4233512	ensureUnitObjectUpgradeMetadataRegistered	
h088	1747990584	units	Moon Shrine	4233557	ensureUnitObjectUpgradeMetadataRegistered	authoredUpgradeMix
h07D	1747990340	units	Moon Altar	4233593	ensureUnitObjectUpgradeMetadataRegistered	authoredUpgradeMix
h08X	1747990616	units	Archery Range	4233611	ensureUnitObjectUpgradeMetadataRegistered	
h08Y	1747990617	units	Archery Tower	4233629	ensureUnitObjectUpgradeMetadataRegistered	
h08X	1747990616	units	Archery Range	4233674	ensureUnitObjectUpgradeMetadataRegistered	authoredUpgradeMix
h08Y	1747990617	units	Archery Tower	4233710	ensureUnitObjectUpgradeMetadataRegistered	authoredUpgradeMix
h09B	1747990850	units	Heavy Tank Factory	4233728	ensureUnitObjectUpgradeMetadataRegistered	
h09H	1747990856	units	Rocket Tank Factory	4233746	ensureUnitObjectUpgradeMetadataRegistered	
h09B	1747990850	units	Heavy Tank Factory	4233791	ensureUnitObjectUpgradeMetadataRegistered	authoredUpgradeMix
h09H	1747990856	units	Rocket Tank Factory	4233827	ensureUnitObjectUpgradeMetadataRegistered	authoredUpgradeMix
h09X	1747990872	units	School of Wizardry	4233845	ensureUnitObjectUpgradeMetadataRegistered	
h00X	1747988568	units	Tower of Supreme Magic	4233863	ensureUnitObjectUpgradeMetadataRegistered	
h09X	1747990872	units	School of Wizardry	4233908	ensureUnitObjectUpgradeMetadataRegistered	authoredUpgradeMix
h00X	1747988568	units	Tower of Supreme Magic	4233944	ensureUnitObjectUpgradeMetadataRegistered	authoredUpgradeMix
h0Z1	1747999281	units	Mudcrab Burrow	4233962	ensureUnitObjectUpgradeMetadataRegistered	
h0Z2	1747999282	units	Rockcrab Burrow	4233980	ensureUnitObjectUpgradeMetadataRegistered	
h0Z1	1747999281	units	Mudcrab Burrow	4234025	ensureUnitObjectUpgradeMetadataRegistered	authoredUpgradeMix
h0Z2	1747999282	units	Rockcrab Burrow	4234061	ensureUnitObjectUpgradeMetadataRegistered	authoredUpgradeMix
n02P	1848652368	units	Gnoll Tent	4234079	ensureUnitObjectUpgradeMetadataRegistered	
n02N	1848652366	units	Fire Gnoll Hut	4234097	ensureUnitObjectUpgradeMetadataRegistered	
n02P	1848652368	units	Gnoll Tent	4234142	ensureUnitObjectUpgradeMetadataRegistered	authoredUpgradeMix
n02N	1848652366	units	Fire Gnoll Hut	4234178	ensureUnitObjectUpgradeMetadataRegistered	authoredUpgradeMix
n02Q	1848652369	units	Harpy Nest	4234196	ensureUnitObjectUpgradeMetadataRegistered	
n03B	1848652610	units	Nest of Harpy Witch	4234214	ensureUnitObjectUpgradeMetadataRegistered	
n02Q	1848652369	units	Harpy Nest	4234259	ensureUnitObjectUpgradeMetadataRegistered	authoredUpgradeMix
n03B	1848652610	units	Nest of Harpy Witch	4234295	ensureUnitObjectUpgradeMetadataRegistered	authoredUpgradeMix
n033	1848652595	units	Ogre Den	4234313	ensureUnitObjectUpgradeMetadataRegistered	
n02O	1848652367	units	Den of the Ogre Lord	4234331	ensureUnitObjectUpgradeMetadataRegistered	
n033	1848652595	units	Ogre Den	4234376	ensureUnitObjectUpgradeMetadataRegistered	authoredUpgradeMix
n02O	1848652367	units	Den of the Ogre Lord	4234412	ensureUnitObjectUpgradeMetadataRegistered	authoredUpgradeMix
n036	1848652598	units	Quillboar Yard	4234430	ensureUnitObjectUpgradeMetadataRegistered	
n037	1848652599	units	Razormane Abode	4234448	ensureUnitObjectUpgradeMetadataRegistered	
n036	1848652598	units	Quillboar Yard	4234493	ensureUnitObjectUpgradeMetadataRegistered	authoredUpgradeMix
n037	1848652599	units	Razormane Abode	4234529	ensureUnitObjectUpgradeMetadataRegistered	authoredUpgradeMix
n039	1848652601	units	Sandkin Burrow	4234547	ensureUnitObjectUpgradeMetadataRegistered	
n02R	1848652370	units	Monstrous Sandkin Burrow	4234565	ensureUnitObjectUpgradeMetadataRegistered	
n039	1848652601	units	Sandkin Burrow	4234610	ensureUnitObjectUpgradeMetadataRegistered	authoredUpgradeMix
n02R	1848652370	units	Monstrous Sandkin Burrow	4234646	ensureUnitObjectUpgradeMetadataRegistered	authoredUpgradeMix
n03B	1848652610	units	Nest of Harpy Witch	4234664	ensureUnitObjectUpgradeMetadataRegistered	
n031	1848652593	units	Nest of Harpy Matriarch	4234682	ensureUnitObjectUpgradeMetadataRegistered	
n03B	1848652610	units	Nest of Harpy Witch	4234727	ensureUnitObjectUpgradeMetadataRegistered	authoredUpgradeMix
n031	1848652593	units	Nest of Harpy Matriarch	4234763	ensureUnitObjectUpgradeMetadataRegistered	authoredUpgradeMix
n03D	1848652612	units	Bamboo Dojo	4234781	ensureUnitObjectUpgradeMetadataRegistered	
n03S	1848652627	units	Sagepaw Sanctum	4234799	ensureUnitObjectUpgradeMetadataRegistered	
n03D	1848652612	units	Bamboo Dojo	4234844	ensureUnitObjectUpgradeMetadataRegistered	authoredUpgradeMix
n03S	1848652627	units	Sagepaw Sanctum	4234880	ensureUnitObjectUpgradeMetadataRegistered	authoredUpgradeMix
n03F	1848652614	units	Brew Hut	4234898	ensureUnitObjectUpgradeMetadataRegistered	
n03K	1848652619	units	Fighting Tavern	4234916	ensureUnitObjectUpgradeMetadataRegistered	
n03F	1848652614	units	Brew Hut	4234961	ensureUnitObjectUpgradeMetadataRegistered	authoredUpgradeMix
n03K	1848652619	units	Fighting Tavern	4234997	ensureUnitObjectUpgradeMetadataRegistered	authoredUpgradeMix
n03K	1848652619	units	Fighting Tavern	4235015	ensureUnitObjectUpgradeMetadataRegistered	
n03P	1848652624	units	Temple of Ten Thousand Drinks	4235033	ensureUnitObjectUpgradeMetadataRegistered	
n03K	1848652619	units	Fighting Tavern	4235078	ensureUnitObjectUpgradeMetadataRegistered	authoredUpgradeMix
n03P	1848652624	units	Temple of Ten Thousand Drinks	4235114	ensureUnitObjectUpgradeMetadataRegistered	authoredUpgradeMix
B012	1110454578	buffs	Stealth	4238209	isCloaked	unit_getAbilityLevel
e000	1697656880	units	Faerie Dragon	4261444	jP	
e001	1697656881	units	Huntress	4261669	jP	
e002	1697656882	units	Glaive Thrower	4261881	jP	
e003	1697656883	units	Ranger	4262100	jP	
e004	1697656884	units	Amazon	4262309	jP	
e007	1697656887	units	Druid	4262518	jP	
e00A	1697656897	units	Avatar of Vengeance	4262737	jP	
e00B	1697656898	units	Avenging Spirit	4262945	jP	
e00J	1697656906	units	Sage Druid	4263160	jP	
h00B	1747988546	units	Fountain of Wonders	4263378	jP	
h011	1747988785	units	Nightelf Siege Factory	4263628	jP	
h03D	1747989316	units	Ranger's Hall	4263878	jP	
h03E	1747989317	units	Amazon's Hall	4264128	jP	
h073	1747990323	units	Elune's Lantern	4264378	jP	
h07D	1747990340	units	Moon Altar	4264599	jP	
h07H	1747990344	units	Obelisk of Wilderness	4264849	jP	
h07L	1747990348	units	Guild of Shadows	4265099	jP	
h07M	1747990349	units	House of Shadows	4265348	jP	
h07N	1747990350	units	Scorched Mansion	4265598	jP	
h07O	1747990351	units	Pillaged Hut	4265848	jP	
h08P	1747990608	units	Silver Glade	4266098	jP	
n01Z	1848652122	units	Assassin	4266348	jP	
n020	1848652336	units	Royal Assassin	4266570	jP	
X089	1479555129	units	Night Elf Builder	4266785	jP	
e005	1697656885	units	Ballista	4267035	jP	
h005	1747988533	units	Obelisk of Light	4267238	jP	
h00T	1747988564	units	Hall of Honor	4267488	jP	
h00U	1747988565	units	Bloodthirster	4267738	jP	
h00V	1747988566	units	Bloodelf War Academy	4267960	jP	
h00W	1747988567	units	Wizard	4268209	jP	
h00X	1747988568	units	Tower of Supreme Magic	4268426	jP	
h00Z	1747988570	units	City of Magic	4268676	jP	
h014	1747988788	units	Arcane Tower	4268926	jP	
h03F	1747989318	units	Hall of the Eldest	4269149	jP	
h059	1747989817	units	Golden Shrine of Justice	4269399	jP	
h069	1747990073	units	Spare Part Heap	4269649	jP	
h06Y	1747990105	units	Dragonhawk Portal	4269899	jP	
h070	1747990320	units	Highelf Siege Factory	4270149	jP	
h07B	1747990338	units	Sorceress	4270398	jP	
h08Y	1747990617	units	Archery Tower	4270613	jP	
h09X	1747990872	units	School of Wizardry	4270863	jP	
n006	1848651830	units	Blademaster	4271113	jP	
n00Y	1848651865	units	Elder Blademaster	4271322	jP	
n01U	1848652117	units	Gobbo Machinist	4271531	jP	
n01Y	1848652121	units	Dragonhawk Rider	4271769	jP	
n022	1848652338	units	Archer	4271979	jP	
n023	1848652339	units	Master Archer	4272188	jP	
X00P	1479553104	units	Elf Builder	4272403	jP	
e006	1697656886	units	Dryad	4272652	jP	
e009	1697656889	units	Keeper of the Grove	4272861	jP	
e00C	1697656899	units	Ancient Keeper	4273070	jP	
e00D	1697656900	units	Treant	4273279	jP	
e00F	1697656902	units	Mountain Giant	4273501	jP	
e00G	1697656903	units	Visioneer	4273682	jP	
h002	1747988530	units	Spider Egg Clutch	4273870	jP	
h00Q	1747988561	units	Spider Egg Nest	4274120	jP	
h00R	1747988562	units	Spider Egg Hatchery	4274370	jP	
h012	1747988786	units	Furbolg Abode	4274620	jP	
h013	1747988787	units	Ancient of Growth	4274870	jP	
h01H	1747988808	units	Ancient of Life	4275120	jP	
h01J	1747988810	units	Ancient of Eternity	4275370	jP	
h023	1747989043	units	Ancient of Slumber	4275619	jP	
h024	1747989044	units	Ancient of Hibernation	4275869	jP	
h027	1747989047	units	Emerald Dragon Roost	4276119	jP	
h028	1747989048	units	Monolith	4276369	jP	
h02A	1747989057	units	Ancient of Gale	4276619	jP	
h02C	1747989059	units	Ancient Guardian	4276869	jP	
h02D	1747989060	units	Ancient of Wonders	4277119	jP	
h071	1747990321	units	Enigma	4277368	jP	
n00U	1848651861	units	Black Spider	4277618	jP	
n01N	1848652110	units	Giant Spider	4277832	jP	
n01W	1848652119	units	Brood Mother	4278048	jP	
n026	1848652342	units	Furbolg Shaman	4278264	jP	
n028	1848652344	units	Furbolg Elder Shaman	4278473	jP	
n029	1848652345	units	Bear	4278689	jP	
n02A	1848652353	units	Emerald Dragon	4278904	jP	
n02B	1848652354	units	Ancient Bear	4279119	jP	
n02D	1848652356	units	Ancient Protector	4279334	jP	
X01A	1479553345	units	Nature Builder	4279552	jP	
e00E	1697656901	units	Twins	4279801	jP	
h007	1747988535	units	Demon Gate	4280043	jP	
h009	1747988537	units	Dragon Nest	4280292	jP	
h01C	1747988803	units	Altar of Greed	4280542	jP	
h01E	1747988805	units	Shrine of Destruction	4280792	jP	
h01F	1747988806	units	Volcano	4281042	jP	
h01M	1747988813	units	Eraser (Level 1)	4281292	jP	
h01W	1747988823	units	Eraser (Level 2)	4281542	jP	
h01X	1747988824	units	Eraser (Level 3)	4281792	jP	
h025	1747989045	units	Fountain of Blood	4282042	jP	
h026	1747989046	units	Greater Demon Cage	4282291	jP	
h03G	1747989319	units	Greater Chaos Citadel	4282541	jP	
h05I	1747989833	units	Magic Ruin	4282791	jP	
h06C	1747990083	units	SodDummy	4283041	jP	
h06M	1747990093	units	Main Castle	4283273	jP	
h06N	1747990094	units	ClapDummy	4283523	jP	
h06O	1747990095	units	Serenity	4283752	jP	
n000	1848651824	units	Infernal	4284001	jP	
n001	1848651825	units	Red Dragon	4284226	jP	
n008	1848651832	units	Succubus	4284442	jP	
n009	1848651833	units	Chaos Warrior	4284660	jP	
n00A	1848651841	units	Satyr	4284878	jP	
n00C	1848651843	units	Skeletal Hero	4285089	jP	
n00D	1848651844	units	Skeleton Archer	4285321	jP	
n00L	1848651852	units	Blood Fiend	4285541	jP	
n00M	1848651853	units	Blood Fiend	4285754	jP	
n00N	1848651854	units	Blood Fiend	4285969	jP	
n00O	1848651855	units	Blood Fiend	4286184	jP	
n00P	1848651856	units	Blood Fiend	4286399	jP	
n00Q	1848651857	units	Blood Fiend	4286621	jP	
n00R	1848651858	units	Blood Fiend	4286836	jP	
n00Z	1848651866	units	Chaos Champion	4287051	jP	
n01L	1848652108	units	Greater Skeleton Archer	4287269	jP	
n01M	1848652109	units	Skeletal General	4287491	jP	
n01S	1848652115	units	Mutation	4287718	jP	
n02L	1848652364	units	Twin Smiley	4287949	jP	
u002	1966092338	units	Skeleton Warrior	4288151	jP	
u003	1966092339	units	Greater Skeletal Mage	4288379	jP	
u00A	1966092353	units	Skeletal Mage	4288602	jP	
u00B	1966092354	units	Greater Skeleton Warrior	4288825	jP	
z000	2049978416	units	Quill Demon	4289054	jP	
X00O	1479553103	units	Chaos Builder	4289262	jP	
h07J	1747990346	units	Main Castle	4289512	jP	
h07K	1747990347	units	Main Castle	4289761	jP	
hcas	1751343475	units	Main Castle	4290011	jP	
h001	1747988529	units	Artillery	4290261	jP	
h004	1747988532	units	Weapon Lab	4290487	jP	
h006	1747988534	units	Watch Tower	4290737	jP	
h00K	1747988555	units	Hjordhejmen	4290958	jP	
h010	1747988784	units	Gjallarhorn	4291208	jP	
h015	1747988789	units	Gryphon Rock	4291458	jP	
h016	1747988790	units	Gryphon Rider	4291708	jP	
h037	1747989303	units	Chapel	4291937	jP	
h038	1747989304	units	Church	4292185	jP	
h039	1747989305	units	Stronghold	4292435	jP	
h03A	1747989313	units	Defender	4292685	jP	
h03B	1747989314	units	Crusader	4292909	jP	
h03C	1747989315	units	Paladin	4293125	jP	
h05C	1747989827	units	Marksman	4293341	jP	
h05D	1747989828	units	Gunner's Hall	4293523	jP	
h05G	1747989831	units	Heroic Shrine	4293773	jP	
h072	1747990322	units	Holy Altar	4294022	jP	
h074	1747990324	units	Holy Warrior	4294265	jP	
h0A1	1747992881	units	Marksmen's Encampment	4294480	jP	
h0A2	1747992882	units	Heavy Gunner	4294730	jP	
n005	1848651829	units	Warlock	4294945	jP	
X00C	1479553091	units	Human Builder	4295163	jP	
h07U	1747990357	units	Vessel of Purity	4295413	jP	
hfoo	1751543663	units	Footman	4295663	jP	
hmtm	1752003693	units	Mortar	4295900	jP	
hrif	1752328550	units	Sniper	4296131	jP	
h00A	1747988545	units	Death Pit	4296357	jP	
h01K	1747988811	units	Temple of Bone	4296607	jP	
h01L	1747988812	units	Haunted Mine	4296857	jP	
h01N	1747988814	units	Crypt	4297107	jP	
h01O	1747988815	units	Turret of Souls	4297355	jP	
h01Q	1747988817	units	City of Decay	4297578	jP	
h01S	1747988819	units	Dragon Cemetery	4297828	jP	
h01T	1747988820	units	Slaughter House	4298078	jP	
h01U	1747988821	units	Vampire	4298328	jP	
h03M	1747989325	units	Defiled Granary	4298548	jP	
h04B	1747989570	units	Temple of Necromancy	4298798	jP	
h04Z	1747989594	units	Tainted Farm	4299048	jP	
h054	1747989812	units	Graveyard	4299298	jP	
h055	1747989813	units	High Citadel of Necromancy	4299548	jP	
h056	1747989814	units	Skull Shrine	4299798	jP	
h05H	1747989832	units	Vampire Lord	4300047	jP	
n00B	1848651842	units	Zombie	4300257	jP	
n00E	1848651845	units	Flesh Golem	4300479	jP	
n01K	1848652107	units	Suffocated Zombie	4300695	jP	
u000	1966092336	units	Frost Wyrm	4300916	jP	
u001	1966092337	units	Banshee	4301132	jP	
u005	1966092341	units	Necromancer	4301352	jP	
u007	1966092343	units	Plague Bearer	4301578	jP	
u009	1966092345	units	Mighty Necromancer	4301795	jP	
u00D	1966092356	units	Lich King	4301999	jP	
X018	1479553336	units	Undead Builder	4302219	jP	
h00F	1747988550	units	Spawning Grounds	4302469	jP	
h00G	1747988551	units	Coral Statue	4302719	jP	
h00I	1747988553	units	Ancient Pyramide	4302969	jP	
h00M	1747988557	units	Oracle of Sirens	4303218	jP	
h00N	1747988558	units	Tidal Guardian	4303468	jP	
h01B	1747988802	units	Reptile Pool	4303693	jP	
h01Y	1747988825	units	Temple of Snakes	4303941	jP	
h01Z	1747988826	units	Naga Spring	4304191	jP	
h020	1747989040	units	Murloc Camp	4304441	jP	
h021	1747989041	units	Murloc Village	4304689	jP	
h022	1747989042	units	Murloc Fortress	4304939	jP	
h032	1747989298	units	Royal Spawning Grounds	4305189	jP	
h05F	1747989830	units	Lernaean Fountain	4305439	jP	
n002	1848651826	units	Naga Guardian	4305689	jP	
n004	1848651828	units	Suumpmolk	4305905	jP	
n007	1848651831	units	Dragon Turtle	4306108	jP	
n00H	1848651848	units	Winged Serpent	4306333	jP	
n00I	1848651849	units	Murloc Warrior	4306549	jP	
n00J	1848651850	units	Murloc Champion	4306771	jP	
n00K	1848651851	units	Murloc Assassin	4306991	jP	
n00S	1848651859	units	Naga Siren	4307212	jP	
n00X	1848651864	units	Naga Royal Guard	4307428	jP	
n01P	1848652112	units	Ancient Hydra	4307644	jP	
X00E	1479553093	units	Naga Builder	4307857	jP	
n03U	1848652629	units	Winged Riptide Serpent	4308107	jP	
h080	1747990576	units	Temple of Riptide	4308322	jP	
h02H	1747989064	units	Troll Hut	4308572	jP	
h02I	1747989065	units	Orcish Siege Factory	4308821	jP	
h02K	1747989067	units	Kodo Farm	4309071	jP	
h02N	1747989070	units	Serpent Rock	4309321	jP	
h02O	1747989071	units	Legendary Totem	4309571	jP	
h02P	1747989072	units	Falcon-Clan Encampment	4309821	jP	
h02R	1747989074	units	Ceremonial Totem	4310071	jP	
h02U	1747989077	units	Advanced Fighters' Hall	4310321	jP	
h031	1747989297	units	Superior Fighters' Hall	4310571	jP	
h035	1747989301	units	Melee Kodo Farm	4310821	jP	
h036	1747989302	units	Defensive Kodo Farm	4311071	jP	
h05E	1747989829	units	Trapper's Hut	4311321	jP	
h06D	1747990084	units	Forest Trapper's Hole	4311571	jP	
h06I	1747990089	units	Infostealer's Place	4311821	jP	
h092	1747990834	units	Spellbreaker Kodo Farm	4312071	jP	
n00V	1848651862	units	Troll Berserker	4312321	jP	
n01O	1848652111	units	Troll Trapper	4312549	jP	
n02G	1848652359	units	Forest Troll Trapper	4312771	jP	
o000	1865429040	units	Anti Air Tower	4312992	jP	
o001	1865429041	units	Catapult	4313179	jP	
o002	1865429042	units	Grunt	4313396	jP	
o003	1865429043	units	Shaman	4313625	jP	
o004	1865429044	units	Veteran Grunt	4313848	jP	
o005	1865429045	units	Axemaster	4314071	jP	
o006	1865429046	units	Defensive Kodo Rider	4314294	jP	
o007	1865429047	units	Kodo	4314511	jP	
o008	1865429048	units	Melee Kodo Rider	4314736	jP	
o009	1865429049	units	Wyvern Rider	4314953	jP	
o00B	1865429058	units	Spellbreaker Kodo Rider	4315157	jP	
o00F	1865429062	units	Infostealer	4315373	jP	
X019	1479553337	units	Orc Builder	4315590	jP	
o00G	1865429063	units	Blood Shaman	4315840	jP	
h07Q	1747990353	units	Blood Shaman Tent	4316062	jP	
h07X	1747990360	units	Stasis Totem	4316311	jP	
h07Y	1747990361	units	Healing Totem	4316561	jP	
h07Z	1747990362	units	Endurance Totem	4316811	jP	
h02W	1747989079	units	Lesser Elemental Of Water	4317060	jP	
h02X	1747989080	units	Elemental Of Water	4317244	jP	
h02Y	1747989081	units	Greater Elemental Of Water	4317427	jP	
h02Z	1747989082	units	Elemental Of Fire	4317603	jP	
h034	1747989300	units	Elemental Of Earth	4317813	jP	
h03N	1747989326	units	Greater Elemental Of Earth	4318026	jP	
h03P	1747989328	units	Elemental Of Lightning	4318230	jP	
h03R	1747989330	units	Greater Elemental Of Lightning	4318440	jP	
h03V	1747989334	units	Master Of Elements	4318644	jP	
h03Y	1747989337	units	Golden Fountain	4318854	jP	
h03Z	1747989338	units	Spellbound Fountain	4319104	jP	
h040	1747989552	units	Rock Pile	4319354	jP	
h041	1747989553	units	Greater Fissure	4319604	jP	
h042	1747989554	units	Pillar of Globe-Lightning	4319854	jP	
h044	1747989556	units	Pillar of St. Elmo's Fire	4320104	jP	
h046	1747989558	units	Altar of Blaze	4320353	jP	
h04C	1747989571	units	Monument of Wind Stream	4320603	jP	
h04D	1747989572	units	Zephyros Memorial	4320853	jP	
h04E	1747989573	units	Tower of Elder Knowledge	4321103	jP	
h05Z	1747989850	units	Books of Conjuration	4321353	jP	
h060	1747990064	units	Obelisk of Elements	4321603	jP	
h061	1747990065	units	Elemental Guard Tower	4321852	jP	
h062	1747990066	units	Mana Generator	4322073	jP	
h063	1747990067	units	Linker	4322323	jP	
h06E	1747990085	units	Meteor Shower	4322573	jP	
h06F	1747990086	units	Elemental Rain	4322823	jP	
h076	1747990326	units	Discharge Tower	4323072	jP	
o00C	1865429059	units	Lesser Elemental Of Wind	4323294	jP	
o00D	1865429060	units	Elemental Of Wind	4323498	jP	
o00E	1865429061	units	Greater Elemental Of Wind	4323674	jP	
u00F	1966092358	units	Greater Elemental Of Fire	4323850	jP	
X051	1479554353	units	Elemental Builder	4324100	jP	
h03I	1747989321	units	Azure Nest	4324350	jP	
h03J	1747989322	units	Ice Troll Voodoo Lounge	4324599	jP	
h03O	1747989327	units	World Freezer	4324848	jP	
h03Q	1747989329	units	Icy Tower	4325098	jP	
h03S	1747989331	units	Crystal Palace	4325320	jP	
h03T	1747989332	units	Ice Claws	4325570	jP	
h03W	1747989335	units	Glacier	4325820	jP	
h043	1747989555	units	Frost Claws	4326070	jP	
h047	1747989559	units	Chilling Mushroom	4326320	jP	
h048	1747989560	units	Frost Launcher	4326570	jP	
h04F	1747989574	units	Icy Rocks	4326820	jP	
h04G	1747989575	units	FreezeDummy	4327070	jP	
h04H	1747989576	units	AdvancedFreezeDummy	4327301	jP	
h06L	1747990092	units	Modern Igloo	4327532	jP	
h08U	1747990613	units	FrostOrbDummy	4327782	jP	
n010	1848652080	units	Azure Drake	4328030	jP	
n011	1848652081	units	Hrimthrusa	4328255	jP	
n012	1848652082	units	Wandigoo	4328468	jP	
n013	1848652083	units	Ancient Wandigoo	4328690	jP	
n014	1848652084	units	Ice Queen	4328912	jP	
n015	1848652085	units	Ice Troll Shadow Priest	4329125	jP	
n016	1848652086	units	Magnataur	4329342	jP	
n017	1848652087	units	Frost Wolf	4329549	jP	
n018	1848652088	units	Polar Bear	4329764	jP	
n02I	1848652361	units	Angry Hrimthrusa	4329980	jP	
o00A	1865429057	units	Ice Troll Witch Doctor	4330199	jP	
X017	1479553335	units	Northern Builder	4330416	jP	
h04I	1747989577	units	Incubus	4330666	jP	
h04K	1747989579	units	Well of Pain	4330876	jP	
h04M	1747989581	units	Shadow Ancient	4331126	jP	
h04N	1747989582	units	Portal of the Abyss	4331376	jP	
h04O	1747989583	units	Nether Ancient	4331626	jP	
h04P	1747989584	units	Hell's Portal	4331876	jP	
h04Q	1747989585	units	Hell's Gate	4332125	jP	
h04R	1747989586	units	Forgotten One	4332375	jP	
h04S	1747989587	units	Felhound Shrine	4332625	jP	
h04T	1747989588	units	Eye of Corruption	4332875	jP	
h04U	1747989589	units	Demonic Statue	4333124	jP	
h04W	1747989591	units	Corrupted Ancient of War	4333374	jP	
h06B	1747990082	units	Wisp	4333624	jP	
h09Y	1747990873	units	Corrupted Ancient of Annihilation	4333834	jP	
n019	1848652089	units	Void Walker	4334083	jP	
n01A	1848652097	units	Void Keeper	4334302	jP	
n01B	1848652098	units	Shadow Drake	4334521	jP	
n01D	1848652100	units	Nether Drake	4334709	jP	
n01E	1848652101	units	Infernal Tank	4334903	jP	
n01F	1848652102	units		4335124	jP	
n01G	1848652103	units	Felhound	4335348	jP	
n01H	1848652104	units	Corrupted Treant	4335567	jP	
n01I	1848652105	units	Corrupted Ent	4335792	jP	
n01J	1848652106	units	Corrupted Protector	4336021	jP	
n027	1848652343	units	Corrupted Annihilator	4336240	jP	
X006	1479553078	units	Corrupted Builder	4336464	jP	
n03C	1848652611	units	Ghost of Sorrow	4336714	jP	
h05L	1747989836	units	Energy Tower	4336934	jP	
h05M	1747989837	units	Demolition Lab	4337156	jP	
h05R	1747989842	units	Red Shield Generator	4337404	jP	
h05T	1747989844	units	Gun Smith	4337654	jP	
h05U	1747989845	units	Lumber Mill	4337902	jP	
h05V	1747989846	units	Golem Factory	4338151	jP	
h06J	1747990090	units	Blue Shield Generator	4338401	jP	
h06Q	1747990097	units	Roterothopter	4338651	jP	
h06R	1747990098	units	Gyrocopter	4338852	jP	
h06S	1747990099	units	Heavy Tank	4339062	jP	
h06T	1747990100	units	Light Tank	4339275	jP	
h06U	1747990101	units	Mine Layer	4339494	jP	
h06Z	1747990106	units	Protection Center	4339706	jP	
h097	1747990839	units	Precious Golem Factory	4339956	jP	
h098	1747990840	units	Rocket Tank	4340206	jP	
h099	1747990841	units	Assault Tank	4340419	jP	
h09B	1747990850	units	Heavy Tank Factory	4340636	jP	
h09H	1747990856	units	Rocket Tank Factory	4340886	jP	
h09I	1747990857	units	Assault Tank Factory	4341135	jP	
h09J	1747990858	units	Mine Layer Factory	4341385	jP	
h09L	1747990860	units	Bomber Factory	4341635	jP	
h09M	1747990861	units	MineDummy	4341885	jP	
h09P	1747990864	units	Arsenal	4342113	jP	
h09Q	1747990865	units	GrenadeDummy	4342363	jP	
h09T	1747990868	units	Power Plant	4342591	jP	
n01T	1848652116	units	Goblin Shredder	4342841	jP	
n01V	1848652118	units	Lunatic Goblin	4343045	jP	
n01X	1848652120	units	Iron Golem	4343261	jP	
n024	1848652340	units	Adamant Golem	4343481	jP	
n02J	1848652362	units	Goliath	4343705	jP	
z002	2049978418	units	Flamegunner	4343885	jP	
z003	2049978419	units	Flamegunner Sergeant	4344096	jP	
n02M	1848652365	units	Goblin Rocketeer	4344308	jP	
h077	1747990327	units	Rocket Lab	4344511	jP	
X06P	1479554640	units	Mechanical Builder	4344761	jP	
n02V	1848652374	units	Quillboar	4345011	jP	
n02U	1848652373	units	Razormane	4345225	jP	
n02S	1848652371	units	Gnoll	4345440	jP	
n02T	1848652372	units	Fire Gnoll	4345652	jP	
n034	1848652596	units	Harpies' Matriarch	4345866	jP	
n02W	1848652375	units	Harpy	4346074	jP	
n032	1848652594	units	Harpy Witch	4346267	jP	
n02X	1848652376	units	Ogre	4346452	jP	
n02Y	1848652377	units	Ogre Lord	4346673	jP	
n035	1848652597	units	Monstrous Sandkin	4346888	jP	
n030	1848652592	units	Sandkin	4347103	jP	
n02Z	1848652378	units	Salamander	4347318	jP	
h079	1747990329	units	Beacon of the Oasis	4347540	jP	
h07A	1747990337	units	Sacred Peyote	4347790	jP	
h07E	1747990341	units	Ballista Tower	4348038	jP	
n02N	1848652366	units	Fire Gnoll Hut	4348261	jP	
n02O	1848652367	units	Den of the Ogre Lord	4348504	jP	
n02P	1848652368	units	Gnoll Tent	4348747	jP	
n02Q	1848652369	units	Harpy Nest	4348990	jP	
n02R	1848652370	units	Monstrous Sandkin Burrow	4349233	jP	
n031	1848652593	units	Nest of Harpy Matriarch	4349476	jP	
n033	1848652595	units	Ogre Den	4349719	jP	
n036	1848652598	units	Quillboar Yard	4349962	jP	
n037	1848652599	units	Razormane Abode	4350205	jP	
n038	1848652600	units	Salamander Hatchery	4350447	jP	
n039	1848652601	units	Sandkin Burrow	4350690	jP	
n03A	1848652609	units	Temple of Storm	4350933	jP	
n03B	1848652610	units	Nest of Harpy Witch	4351176	jP	
X078	1479554872	units	Desert Builder	4351419	jP	
u00G	1966092359	units	Locust Harpy	4351669	jP	
n03D	1848652612	units	Bamboo Dojo	4351894	jP	
n03E	1848652613	units	Sagepaw Monk	4352137	jP	
X07P	1479554896	units	Pandaren Builder	4352345	jP	
n03F	1848652614	units	Brew Hut	4352595	jP	
n03G	1848652615	units	Ironpaw Militia	4352838	jP	
n03H	1848652616	units	Temple of the Wandering Spark	4353040	jP	
n03I	1848652617	units	Echofoot Mystic	4353283	jP	
n03J	1848652618	units	Ironpaw Guardian	4353491	jP	
n03K	1848652619	units	Fighting Tavern	4353699	jP	
n03L	1848652620	units	Jade Shrine	4353942	jP	
n03M	1848652621	units	Jade Elder	4354185	jP	
h07P	1747990352	units	Poof Tower	4354392	jP	
o00H	1865429064	units	Brewshock Catapult	4354615	jP	
n03N	1848652622	units	Pandaren Siege Workshop	4354832	jP	
n03O	1848652623	units	Drunken Brewmaster	4355075	jP	
n03P	1848652624	units	Temple of Ten Thousand Drinks	4355283	jP	
h07R	1747990354	units	Thunderpaw Spire	4355525	jP	
n03Q	1848652625	units	Cloud Hangar	4355775	jP	
h07S	1747990355	units	Cloud Ship	4356018	jP	
h07T	1747990356	units	Withering Hall	4356227	jP	
h07V	1747990358	units	Celestial Chi Tower	4356477	jP	
n03S	1848652627	units	Sagepaw Sanctum	4356694	jP	
n03T	1848652628	units	Sagepaw Soulkeeper	4356937	jP	
X0Z0	1479563824	units	Critter Builder	4357144	jP	
h0Z1	1747999281	units	Mudcrab Burrow	4357393	jP	
n0Z1	1848662577	units	Mudcrab	4357643	jP	
h0Z2	1747999282	units	Rockcrab Burrow	4357872	jP	
n0Z2	1848662578	units	Rock Crab	4358122	jP	
h0Z3	1747999283	units	Spinecrab Tidepool	4358353	jP	
n0Z3	1848662579	units	Spiny Crab	4358602	jP	
h0Z4	1747999284	units	Hermit Mound	4358812	jP	
n0Z4	1848662580	units	Hermit Crab	4359062	jP	
h0Z5	1747999285	units	Tidal Cairn	4359278	jP	
h0Z6	1747999286	units	Coral Spire	4359528	jP	
h0Z7	1747999287	units	Reef Guardian	4359765	jP	
n0Z7	1848662583	units	Giant Reef Crab	4360014	jP	
e008	1697656888	units	dummy	4360245	jP	
e00M	1697656909	units	PROGR dummy	4360487	jP	
h008	1747988536	units	Treasure Box	4360725	jP	
h00C	1747988547	units	Human Builder	4360975	jP	
h00D	1747988548	units	Dummy	4361225	jP	
h00E	1747988549	units	Naga Builder	4361475	jP	
h00O	1747988559	units	Chaos Builder	4361725	jP	
h00P	1747988560	units	Elf Builder	4361974	jP	
h017	1747988791	units	Northern Builder	4362224	jP	
h018	1747988792	units	Undead Builder	4362474	jP	
h019	1747988793	units	Orc Builder	4362723	jP	
h01A	1747988801	units	Nature Builder	4362972	jP	
h01G	1747988807	units	DemolishDummy	4363222	jP	
h01V	1747988822	units	Lesser Vampire	4363472	jP	
h02E	1747989061	units	Spider Egg Sack: Web	4363698	jP	
h02F	1747989062	units	Spider Egg Nest: Bones	4363948	jP	
h02G	1747989063	units	Spider Egg Nest: Wood	4364196	jP	
h02J	1747989066	units	Spider Egg: Rock Base	4364445	jP	
h02L	1747989068	units	Ancient of Hibernation: Roots	4364695	jP	
h02M	1747989069	units	Ancient of Hibernation: Owl	4364945	jP	
h02Q	1747989073	units	Furbolg Hut	4365195	jP	
h02S	1747989075	units	Monolith: Bush	4365445	jP	
h02T	1747989076	units	Monolith: Rocks	4365695	jP	
h02V	1747989078	units		4365945	jP	
h030	1747989296	units	Greater Elemental Of Fire	4366195	jP	
h033	1747989299	units	Race Chooser	4366405	jP	
h04J	1747989578	units	Demonic Statue	4366653	jP	
h04X	1747989592	units	RescueDummy	4366903	jP	
h04Y	1747989593	units	Column	4367153	jP	
h050	1747989808	units	Column Ruined	4367403	jP	
h051	1747989809	units	Elemental Builder	4367652	jP	
h052	1747989810	units	Lightning (Alis)	4367901	jP	
h053	1747989811	units	Lightning (Coruscus)	4368149	jP	
h057	1747989815	units	Fire Pillar (Coruscus)	4368399	jP	
h058	1747989816	units	Fissure (Coruscus)	4368649	jP	
h05A	1747989825	units	HandOfJusticeDummy	4368899	jP	
h05B	1747989826	units	Tornado (Atrium)	4369149	jP	
h05K	1747989835	units	Tornado (Thalamus)	4369399	jP	
h05N	1747989838	units	Anima	4369648	jP	
h05O	1747989839	units	Fontis Oris	4369897	jP	
h05P	1747989840	units	Ignis-fluus	4370147	jP	
h05Q	1747989841	units	FireOrb	4370397	jP	
h05S	1747989843	units	LightningOrb	4370646	jP	
h05W	1747989847	units	LandEffect	4370896	jP	
h05Y	1747989849	units	WindOrb	4371146	jP	
h064	1747990068	units	Linker	4371395	jP	
h065	1747990069	units	Obelisk of Elements	4371645	jP	
h066	1747990070	units	Book of Conjuration	4371895	jP	
h067	1747990071	units	Elemental Guard Tower	4372145	jP	
h06G	1747990087	units	Book of Conjuration 2	4372395	jP	
h06H	1747990088	units	Skull Shrine2	4372645	jP	
h06P	1747990096	units	Mechanical Builder	4372895	jP	
h06V	1747990102	units	Nuke Dummy	4373145	jP	
h06W	1747990103	units	Nuke Explosion Dummy	4373389	jP	
h06X	1747990104	units	Nuke Start Dummy	4373638	jP	
h075	1747990325	units	Ultimate Builder	4373888	jP	
h07C	1747990339	units	Bloodmage	4374138	jP	
h089	1747990585	units	Night Elf Builder	4374353	jP	
h08A	1747990593	units	Teleport	4374603	jP	
h08B	1747990594	units	Luna Beam	4374852	jP	
h08C	1747990595	units	Star Fall	4375102	jP	
h08D	1747990596	units	Orb1	4375352	jP	
h08E	1747990597	units	Orb2	4375601	jP	
h08F	1747990598	units	Orb3	4375851	jP	
h08G	1747990599	units	Orb4	4376101	jP	
h08H	1747990600	units	Orb5	4376350	jP	
h08I	1747990601	units	Orb6	4376600	jP	
h08J	1747990602	units	Orb7	4376850	jP	
h08K	1747990603	units	Orb8	4377100	jP	
h08L	1747990604	units	Entangle	4377349	jP	
h08M	1747990605	units	Orb2High	4377598	jP	
h08N	1747990606	units	plant	4377848	jP	
h08O	1747990607	units	plant2	4378098	jP	
h08Q	1747990609	units	Fire	4378348	jP	
h08R	1747990610	units	Fire Small	4378598	jP	
h08S	1747990611	units	Orb3 BIG	4378846	jP	
h08T	1747990612	units	Orb9	4379095	jP	
h08V	1747990614	units	Orb18	4379344	jP	
h08W	1747990615	units	Tower	4379594	jP	
h08Z	1747990618	units	Archery Target	4379844	jP	
h090	1747990832	units	Elf Build	4380094	jP	
h091	1747990833	units	Elf Build2	4380344	jP	
h093	1747990835	units	Citadel Effect	4380594	jP	
h094	1747990836	units	Citadel Effect 2	4380844	jP	
h096	1747990838	units	Golem Factory: Gold	4381094	jP	
h09A	1747990849	units	Tank Factory: Big Mine	4381344	jP	
h09C	1747990851	units	Tank Factory: Brazier	4381594	jP	
h09D	1747990852	units	Tank Factory: Runes1	4381844	jP	
h09E	1747990853	units	Tank Factory: Furnace Fire	4382093	jP	
h09F	1747990854	units	Tank Factory: Mine	4382343	jP	
h09G	1747990855	units	Tank Factory: Runes2	4382593	jP	
h09K	1747990859	units	Aircraft: Fence	4382843	jP	
h09N	1747990862	units	Arsenal: Trash1	4383093	jP	
h09O	1747990863	units	Arsenal: Trash2	4383343	jP	
h09R	1747990866	units	Spare Part Heap: Gobbo	4383593	jP	
h09U	1747990869	units	Power Plant: Fence	4383843	jP	
h09V	1747990870	units	Power Plant: Teleport	4384092	jP	
h09W	1747990871	units	Race Ban	4384342	jP	
h09Z	1747990874	units	Corrupted	4384592	jP	
h0A0	1747992880	units	Human BUild	4384842	jP	
n003	1848651827	units	Murloc	4385092	jP	
n00F	1848651846	units	Sheep	4385320	jP	
n00T	1848651860	units	Forest Spider	4385569	jP	
n00W	1848651863	units	Summoned Lobster	4385795	jP	
n01C	1848652099	units	Raised Tentacle	4386008	jP	
n01Q	1848652113	units	Hydra	4386230	jP	
n01R	1848652114	units	Lesser Hydra	4386442	jP	
n021	1848652337	units	Raised Tentacle	4386655	jP	
n02E	1848652357	units	Tornado	4386877	jP	
n02F	1848652358	units	Tornado (-na)	4387127	jP	
n02K	1848652363	units	Twin Weeper	4387377	jP	
tec1	1952801585	units	Tech Level 1	4387592	jP	
tec2	1952801586	units	Tech Level 2	4387841	jP	
tec3	1952801587	units	Tech Level 3	4388091	jP	
u006	1966092342	units	Corrupted Builder	4388341	jP	
z001	2049978417	units	Flamegunner Sergeant	4388591	jP	
h078	1747990328	units	Desert Builder	4388802	jP	
h07F	1747990342	units	Matriarchs	4389052	jP	
h07G	1747990343	units	AltarOfSand: Cloud	4389302	jP	
e00I	1697656905	units	quicksand	4389552	jP	
X075	1479554869	units	Ultimate Builder	4389795	jP	
otot	1869901684	units		4390045	jP	
h07W	1747990359	units	Snowveil Fountain	4390297	jP	
h081	1747990577	units	Tiny Watch Tower	4390547	jP	
A08K	1093679179	abilities	ZZZauberschaden-Reduzierung	4391509	hasNoPowerArmorExclusion	unit_getAbilityLevel
A08O	1093679183	abilities		4391553	hasNoPowerArmorExclusion	unit_getAbilityLevel
A093	1093679411	abilities		4391598	hasNoPowerArmorExclusion	unit_getAbilityLevel
A0AH	1093681480	abilities	Spell Resist (legendary)	4391643	hasNoPowerArmorExclusion	unit_getAbilityLevel
A0AI	1093681481	abilities		4391688	hasNoPowerArmorExclusion	unit_getAbilityLevel
A0AL	1093681484	abilities	HEL: Blademaster (spell resist)	4391733	hasNoPowerArmorExclusion	unit_getAbilityLevel
A0AN	1093681486	abilities	HEL: Elder Blademaster (spell resist)	4391778	hasNoPowerArmorExclusion	unit_getAbilityLevel
A0AY	1093681497	abilities	NAT: Dryad (spell resist)	4391823	hasNoPowerArmorExclusion	unit_getAbilityLevel
A0AZ	1093681498	abilities	NAT: Keeper of the Groove (spell resist)	4391868	hasNoPowerArmorExclusion	unit_getAbilityLevel
A0BV	1093681750	abilities	NAT: Ancient Keeper (spell immune)	4391913	hasNoPowerArmorExclusion	unit_getAbilityLevel
A0CF	1093681990	abilities	NAT: Mountain Giant (spell resist)	4391958	hasNoPowerArmorExclusion	unit_getAbilityLevel
A0FH	1093682760	abilities	water lesser(spell resist)	4392003	hasNoPowerArmorExclusion	unit_getAbilityLevel
A0FI	1093682761	abilities	water (spell resist)	4392048	hasNoPowerArmorExclusion	unit_getAbilityLevel
A0FJ	1093682762	abilities	water greater (spell resist)	4392093	hasNoPowerArmorExclusion	unit_getAbilityLevel
A0FN	1093682766	abilities	spell resist 50%	4392138	hasNoPowerArmorExclusion	unit_getAbilityLevel
A0GV	1093683030	abilities		4392183	hasNoPowerArmorExclusion	unit_getAbilityLevel
A0H0	1093683248	abilities	spell resist 20%	4392228	hasNoPowerArmorExclusion	unit_getAbilityLevel
A0BG	1093681735	abilities		4393220	checkUncagedPathingPulse	unit_removeAbility
A0BG	1093681735	abilities		4393421	checkCagedPathingMarker	unit_removeAbility
A0BG	1093681735	abilities		4393551	trackTrainedUnitPathing	addProtectedAbility
A09M	1093679437	abilities	Stacking Life Bonus	4393821	applyPowerArmor	addProtectedAbility
A09M	1093679437	abilities	Stacking Life Bonus	4393877	applyPowerArmor	__wurst_safe_SetUnitAbilityLevel
A09M	1093679437	abilities	Stacking Life Bonus	4393913	applyPowerArmor	unit_removeAbility
A09Q	1093679441	abilities		4393956	applyPowerArmor	addProtectedAbility
A09R	1093679442	abilities		4393999	applyPowerArmor	addProtectedAbility
A0HV	1093683286	abilities	pp spell resist	4394079	applyPowerArmor	addProtectedAbility
B01K	1110454603	buffs	Power Armor	4394324	setupUnit	unit_getAbilityLevel
A0DZ	1093682266	abilities		4394374	setupUnit	unit_getAbilityLevel
A0EL	1093682508	abilities		4394676	setupUnit	unit_getAbilityLevel
A0EZ	1093682522	abilities		4394754	setupUnit	addProtectedAbility
A0C5	1093681973	abilities		4394797	setupUnit	addProtectedAbility
A09H	1093679432	abilities	TypeMurloc	4395393	spawnSyncedCompanions	unit_getAbilityLevel
A07J	1093678922	abilities		4395817	onUnitTrained	unit_getAbilityLevel
h06U	1747990101	units	Mine Layer	4395892	onUnitTrained	
n02M	1848652365	units	Goblin Rocketeer	4396028	onUnitTrained	
A0DZ	1093682266	abilities		4396114	onUnitTrained	unit_getAbilityLevel
B01K	1110454603	buffs	Power Armor	4396303	onUnitTrained	unit_getAbilityLevel
A07M	1093678925	abilities		4396544	onUnitTrained	unit_getAbilityLevel
A09K	1093679435	abilities	MEH: Gobbo Machinist (repair)	4396588	onUnitTrained	unit_getAbilityLevel
A070	1093678896	abilities	Leg-anti-hex	4396692	onUnitTrained	unit_getAbilityLevel
A0HN	1093683278	abilities		4402868	mP	
A9FS	1094272595	abilities		4402882	mP	
h07U	1747990357	units	Vessel of Purity	4403041	mP	
n025	1848652341	units	Landmine	4409921	explodeNukeSpecialUnit	
A0HG	1093683271	abilities	PAN: Whirlwind	4413554	qP	
