table	rawcode	base_rawcode	anam	alev	amcs	acdn	aran	aare	atar	abuf	aeff	atp1	aub1	all_fields_json
original	ACrj													"{""Rej2"":[{""level"":1,""column"":2,""type"":""unreal"",""value"":100}]}"
original	ANic		COR: Void Walker (Incinerate)	1								Incinerate	Each attack onto the same target deals 7 damage more than the one before. If the target dies, it explodes dealing 40 spell damage to enemies in 90 AoE and half of the damage to units in 180 AoE	"{""Nic1"":[{""level"":1,""column"":1,""type"":""unreal"",""value"":7}],""Nic2"":[{""level"":1,""column"":2,""type"":""unreal"",""value"":80}],""Nic3"":[{""level"":1,""column"":3,""type"":""unreal"",""value"":150}],""Nic4"":[{""level"":1,""column"":4,""type"":""unreal"",""value"":40}],""Nic5"":[{""level"":1,""column"":5,""type"":""unreal"",""value"":200}],""aher"":[{""level"":0,""column"":0,""type"":""int"",""value"":0}],""alev"":[{""level"":0,""column"":0,""type"":""int"",""value"":1}],""amac"":[{""level"":0,""column"":0,""type"":""unreal"",""value"":0}],""amat"":[{""level"":0,""column"":0,""type"":""string"",""value"":""Abilities\\Weapons\\VoidWalkerMissile\\VoidWalkerMissile.mdl""}],""anam"":[{""level"":0,""column"":0,""type"":""string"",""value"":""COR: Void Walker (Incinerate)""}],""atp1"":[{""level"":1,""column"":0,""type"":""string"",""value"":""Incinerate""}],""aub1"":[{""level"":1,""column"":0,""type"":""string"",""value"":""Each attack onto the same target deals 7 damage more than the one before. If the target dies, it explodes dealing 40 spell damage to enemies in 90 AoE and half of the damage to units in 180 AoE""}]}"
original	AUbu													"{""aart"":[{""level"":0,""column"":0,""type"":""string"",""value"":""ReplaceableTextures\\CommandButtons\\BTNAdvStruct.blp""}]}"
original	Aall						4500							"{""Neu1"":[{""level"":1,""column"":1,""type"":""unreal"",""value"":4500}],""aran"":[{""level"":1,""column"":0,""type"":""unreal"",""value"":4500}]}"
original	Aasl							350	air,enemies,ground,invulnerable,sapper,vulnerable,ward					"{""aare"":[{""level"":1,""column"":0,""type"":""unreal"",""value"":350}],""Slo1"":[{""level"":1,""column"":1,""type"":""unreal"",""value"":-0.25}],""Slo2"":[{""level"":1,""column"":2,""type"":""unreal"",""value"":-0.25}],""atar"":[{""level"":1,""column"":0,""type"":""string"",""value"":""air,enemies,ground,invulnerable,sapper,vulnerable,ward""}]}"
original	Agra					99	800							"{""acdn"":[{""level"":1,""column"":0,""type"":""unreal"",""value"":99}],""gra2"":[{""level"":1,""column"":2,""type"":""unreal"",""value"":1.5}],""gra5"":[{""level"":1,""column"":5,""type"":""int"",""value"":20}],""aran"":[{""level"":1,""column"":0,""type"":""unreal"",""value"":800}]}"
original	Ahrp													"{""ahky"":[{""level"":0,""column"":0,""type"":""string"",""value"":""F""}],""auhk"":[{""level"":0,""column"":0,""type"":""string"",""value"":""F""}]}"
original	Ane2						4500							"{""Neu1"":[{""level"":1,""column"":1,""type"":""unreal"",""value"":4500}],""aran"":[{""level"":1,""column"":0,""type"":""unreal"",""value"":4500}]}"
original	Asla													"{""sla1"":[{""level"":1,""column"":1,""type"":""int"",""value"":1}],""sla2"":[{""level"":1,""column"":2,""type"":""int"",""value"":1}]}"
original	Atdg							250	enemies,mechanical,structure					"{""aare"":[{""level"":1,""column"":0,""type"":""unreal"",""value"":250}],""Tdg1"":[{""level"":1,""column"":1,""type"":""unreal"",""value"":15}],""Tdg2"":[{""level"":1,""column"":2,""type"":""unreal"",""value"":100}],""Tdg3"":[{""level"":1,""column"":3,""type"":""unreal"",""value"":15}],""atar"":[{""level"":1,""column"":0,""type"":""string"",""value"":""enemies,mechanical,structure""}]}"
original	Awha								alive,dead,invulnerable,tree					"{""adur"":[{""level"":1,""column"":0,""type"":""unreal"",""value"":65536}],""ahdu"":[{""level"":1,""column"":0,""type"":""unreal"",""value"":65536}],""atar"":[{""level"":1,""column"":0,""type"":""string"",""value"":""alive,dead,invulnerable,tree""}]}"
original	ARal		Sync											"{""anam"":[{""level"":0,""column"":0,""type"":""string"",""value"":""Sync""}],""aart"":[{""level"":0,""column"":0,""type"":""string"",""value"":""ReplaceableTextures\\CommandButtons\\BTNRallyPoint2.blp""}]}"
original	Adtg						1200							"{""aran"":[{""level"":1,""column"":0,""type"":""unreal"",""value"":1200}],""ansf"":[{""level"":0,""column"":0,""type"":""string"",""value"":""(Neutral 1, Enigma)""}]}"
original	Ahsb													"{""Hsb3"":[{""level"":1,""column"":3,""type"":""int"",""value"":5}]}"
custom	AM01	Adef	Leave Detect											"{""wurs"":[{""level"":0,""column"":0,""type"":""int"",""value"":42}],""anam"":[{""level"":0,""column"":0,""type"":""string"",""value"":""Leave Detect""}],""ansf"":[{""level"":0,""column"":0,""type"":""string"",""value"":""(OnUnitEnterLeave)""}],""acat"":[{""level"":0,""column"":0,""type"":""string"",""value"":""""}],""aart"":[{""level"":0,""column"":0,""type"":""string"",""value"":""""}],""arac"":[{""level"":0,""column"":0,""type"":""string"",""value"":""unknown""}]}"
custom	AM02	Aro1												"{""wurs"":[{""level"":0,""column"":0,""type"":""int"",""value"":42}]}"
custom	AM03	Apiv												"{""wurs"":[{""level"":0,""column"":0,""type"":""int"",""value"":42}],""Gho1"":[{""level"":1,""column"":1,""type"":""int"",""value"":0}],""adur"":[{""level"":1,""column"":0,""type"":""unreal"",""value"":-1}],""ahdu"":[{""level"":1,""column"":0,""type"":""unreal"",""value"":-1}]}"
custom	AcfS	AIfg		1	0	60	99999	225				Portable Cloud Machine	Disables tower attacks in the target area for 12 seconds.	"{""wurs"":[{""level"":0,""column"":0,""type"":""int"",""value"":42}],""alev"":[{""level"":0,""column"":0,""type"":""int"",""value"":1}],""aite"":[{""level"":0,""column"":0,""type"":""int"",""value"":1}],""aher"":[{""level"":0,""column"":0,""type"":""int"",""value"":0}],""amcs"":[{""level"":1,""column"":0,""type"":""int"",""value"":0}],""acdn"":[{""level"":1,""column"":0,""type"":""unreal"",""value"":60}],""adur"":[{""level"":1,""column"":0,""type"":""unreal"",""value"":12}],""ahdu"":[{""level"":1,""column"":0,""type"":""unreal"",""value"":12}],""aare"":[{""level"":1,""column"":0,""type"":""unreal"",""value"":225}],""aran"":[{""level"":1,""column"":0,""type"":""unreal"",""value"":99999}],""atp1"":[{""level"":1,""column"":0,""type"":""string"",""value"":""Portable Cloud Machine""}],""aub1"":[{""level"":1,""column"":0,""type"":""string"",""value"":""Disables tower attacks in the target area for 12 seconds.""}]}"
custom	A0-1	ANcl	Blink	1	0	0	10000					Blink	Teleports the worker anywhere in your castle.	"{""wurs"":[{""level"":0,""column"":0,""type"":""int"",""value"":42}],""alev"":[{""level"":0,""column"":0,""type"":""int"",""value"":1}],""Ncl5"":[{""level"":1,""column"":5,""type"":""int"",""value"":0}],""Ncl1"":[{""level"":1,""column"":1,""type"":""unreal"",""value"":0}],""Ncl4"":[{""level"":1,""column"":4,""type"":""unreal"",""value"":0}],""Ncl3"":[{""level"":1,""column"":3,""type"":""int"",""value"":1}],""acat"":[{""level"":0,""column"":0,""type"":""string"",""value"":""""}],""aeat"":[{""level"":0,""column"":0,""type"":""string"",""value"":""""}],""asat"":[{""level"":0,""column"":0,""type"":""string"",""value"":""""}],""atat"":[{""level"":0,""column"":0,""type"":""string"",""value"":""""}],""anam"":[{""level"":0,""column"":0,""type"":""string"",""value"":""Blink""}],""arar"":[{""level"":0,""column"":0,""type"":""string"",""value"":""ReplaceableTextures\\CommandButtons\\BTNBlink.blp""}],""aart"":[{""level"":0,""column"":0,""type"":""string"",""value"":""ReplaceableTextures\\CommandButtons\\BTNBlink.blp""}],""amcs"":[{""level"":1,""column"":0,""type"":""int"",""value"":0}],""acdn"":[{""level"":1,""column"":0,""type"":""unreal"",""value"":0}],""aran"":[{""level"":1,""column"":0,""type"":""unreal"",""value"":10000}],""atp1"":[{""level"":1,""column"":0,""type"":""string"",""value"":""Blink""}],""aub1"":[{""level"":1,""column"":0,""type"":""string"",""value"":""Teleports the worker anywhere in your castle.""}],""acas"":[{""level"":1,""column"":0,""type"":""unreal"",""value"":0}],""ahky"":[{""level"":0,""column"":0,""type"":""string"",""value"":""D""}],""arhk"":[{""level"":0,""column"":0,""type"":""string"",""value"":""D""}],""auhk"":[{""level"":0,""column"":0,""type"":""string"",""value"":""D""}],""abpx"":[{""level"":0,""column"":0,""type"":""int"",""value"":1}],""abpy"":[{""level"":0,""column"":0,""type"":""int"",""value"":2}],""Ncl6"":[{""level"":1,""column"":6,""type"":""string"",""value"":""blink""}],""Ncl2"":[{""level"":1,""column"":2,""type"":""int"",""value"":2}]}"
custom	AM04	AIbt		1								Build Tiny Guard Tower	"Constructs a tiny guard tower at the target location.
|cffFFFF80Attack Type:|cffFFFF00 Pierce|n|cffFFFF80Range:|cffFFFF00 900|n|cffFFFF80Average DPS:|cffFFFF00 45|r"	"{""wurs"":[{""level"":0,""column"":0,""type"":""int"",""value"":42}],""alev"":[{""level"":0,""column"":0,""type"":""int"",""value"":1}],""aite"":[{""level"":0,""column"":0,""type"":""int"",""value"":1}],""aher"":[{""level"":0,""column"":0,""type"":""int"",""value"":0}],""Ibl1"":[{""level"":1,""column"":0,""type"":""string"",""value"":""h081,h081,h081,h081""}],""atp1"":[{""level"":1,""column"":0,""type"":""string"",""value"":""Build Tiny Guard Tower""}],""aub1"":[{""level"":1,""column"":0,""type"":""string"",""value"":""Constructs a tiny guard tower at the target location.\n|cffFFFF80Attack Type:|cffFFFF00 Pierce|n|cffFFFF80Range:|cffFFFF00 900|n|cffFFFF80Average DPS:|cffFFFF00 45|r""}]}"
custom	AM05	Aroc	Multi Shot	1		0		900	air,enemies,ground			Multi Shot	Shoots at 3 targets simultaneously.	"{""wurs"":[{""level"":0,""column"":0,""type"":""int"",""value"":42}],""alev"":[{""level"":0,""column"":0,""type"":""int"",""value"":1}],""aher"":[{""level"":0,""column"":0,""type"":""int"",""value"":0}],""aite"":[{""level"":0,""column"":0,""type"":""int"",""value"":0}],""Efk3"":[{""level"":1,""column"":3,""type"":""int"",""value"":1}],""Efk1"":[{""level"":1,""column"":1,""type"":""unreal"",""value"":0}],""Efk2"":[{""level"":1,""column"":2,""type"":""unreal"",""value"":99999}],""aare"":[{""level"":1,""column"":0,""type"":""unreal"",""value"":900}],""acdn"":[{""level"":1,""column"":0,""type"":""unreal"",""value"":0}],""atar"":[{""level"":1,""column"":0,""type"":""string"",""value"":""air,enemies,ground""}],""amat"":[{""level"":0,""column"":0,""type"":""string"",""value"":""Abilities\\Weapons\\GuardTowerMissile\\GuardTowerMissile.mdl""}],""amsp"":[{""level"":0,""column"":0,""type"":""int"",""value"":1100}],""amac"":[{""level"":0,""column"":0,""type"":""unreal"",""value"":0}],""areq"":[{""level"":0,""column"":0,""type"":""string"",""value"":""""}],""anam"":[{""level"":0,""column"":0,""type"":""string"",""value"":""Multi Shot""}],""atp1"":[{""level"":1,""column"":0,""type"":""string"",""value"":""Multi Shot""}],""aub1"":[{""level"":1,""column"":0,""type"":""string"",""value"":""Shoots at 3 targets simultaneously.""}]}"
custom	AM06	ANcl	Combat Stance: Execute	1	0	10						Combat Stance: Execute (switch to Open Fire)	"Currently in Execute stance. Activate to switch to Open Fire.

Execute (+25% attack damage below 35% HP, -15% above 70%).
Open Fire (+18% attack damage above 70% HP, -15% below 35%)."	"{""wurs"":[{""level"":0,""column"":0,""type"":""int"",""value"":42}],""alev"":[{""level"":0,""column"":0,""type"":""int"",""value"":1}],""Ncl5"":[{""level"":1,""column"":5,""type"":""int"",""value"":0}],""Ncl1"":[{""level"":1,""column"":1,""type"":""unreal"",""value"":0}],""Ncl4"":[{""level"":1,""column"":4,""type"":""unreal"",""value"":0}],""Ncl3"":[{""level"":1,""column"":3,""type"":""int"",""value"":1}],""acat"":[{""level"":0,""column"":0,""type"":""string"",""value"":""""}],""aeat"":[{""level"":0,""column"":0,""type"":""string"",""value"":""""}],""asat"":[{""level"":0,""column"":0,""type"":""string"",""value"":""""}],""atat"":[{""level"":0,""column"":0,""type"":""string"",""value"":""""}],""Ncl6"":[{""level"":1,""column"":6,""type"":""string"",""value"":""acidbomb""}],""anam"":[{""level"":0,""column"":0,""type"":""string"",""value"":""Combat Stance: Execute""}],""arar"":[{""level"":0,""column"":0,""type"":""string"",""value"":""ReplaceableTextures\\CommandButtons\\BTNCriticalStrike.blp""}],""aart"":[{""level"":0,""column"":0,""type"":""string"",""value"":""ReplaceableTextures\\CommandButtons\\BTNCriticalStrike.blp""}],""amcs"":[{""level"":1,""column"":0,""type"":""int"",""value"":0}],""acdn"":[{""level"":1,""column"":0,""type"":""unreal"",""value"":10}],""atp1"":[{""level"":1,""column"":0,""type"":""string"",""value"":""Combat Stance: Execute (switch to Open Fire)""}],""aub1"":[{""level"":1,""column"":0,""type"":""string"",""value"":""Currently in Execute stance. Activate to switch to Open Fire.\n\nExecute (+25% attack damage below 35% HP, -15% above 70%).\nOpen Fire (+18% attack damage above 70% HP, -15% below 35%).""}],""acas"":[{""level"":1,""column"":0,""type"":""unreal"",""value"":0}],""ahky"":[{""level"":0,""column"":0,""type"":""string"",""value"":""T""}],""arhk"":[{""level"":0,""column"":0,""type"":""string"",""value"":""T""}],""auhk"":[{""level"":0,""column"":0,""type"":""string"",""value"":""T""}],""abpx"":[{""level"":0,""column"":0,""type"":""int"",""value"":2}],""abpy"":[{""level"":0,""column"":0,""type"":""int"",""value"":2}],""Ncl2"":[{""level"":1,""column"":2,""type"":""int"",""value"":0}]}"
custom	AM07	ANcl	Combat Stance: Open Fire	1	0	10						Combat Stance: Open Fire (switch to Execute)	"Currently in Open Fire stance. Activate to switch to Execute.

Open Fire (+18% attack damage above 70% HP, -15% below 35%).
Execute (+25% attack damage below 35% HP, -15% above 70%)."	"{""wurs"":[{""level"":0,""column"":0,""type"":""int"",""value"":42}],""alev"":[{""level"":0,""column"":0,""type"":""int"",""value"":1}],""Ncl5"":[{""level"":1,""column"":5,""type"":""int"",""value"":0}],""Ncl1"":[{""level"":1,""column"":1,""type"":""unreal"",""value"":0}],""Ncl4"":[{""level"":1,""column"":4,""type"":""unreal"",""value"":0}],""Ncl3"":[{""level"":1,""column"":3,""type"":""int"",""value"":1}],""acat"":[{""level"":0,""column"":0,""type"":""string"",""value"":""""}],""aeat"":[{""level"":0,""column"":0,""type"":""string"",""value"":""""}],""asat"":[{""level"":0,""column"":0,""type"":""string"",""value"":""""}],""atat"":[{""level"":0,""column"":0,""type"":""string"",""value"":""""}],""Ncl6"":[{""level"":1,""column"":6,""type"":""string"",""value"":""charm""}],""anam"":[{""level"":0,""column"":0,""type"":""string"",""value"":""Combat Stance: Open Fire""}],""arar"":[{""level"":0,""column"":0,""type"":""string"",""value"":""ReplaceableTextures\\CommandButtons\\BTNTrueShot.blp""}],""aart"":[{""level"":0,""column"":0,""type"":""string"",""value"":""ReplaceableTextures\\CommandButtons\\BTNTrueShot.blp""}],""amcs"":[{""level"":1,""column"":0,""type"":""int"",""value"":0}],""acdn"":[{""level"":1,""column"":0,""type"":""unreal"",""value"":10}],""atp1"":[{""level"":1,""column"":0,""type"":""string"",""value"":""Combat Stance: Open Fire (switch to Execute)""}],""aub1"":[{""level"":1,""column"":0,""type"":""string"",""value"":""Currently in Open Fire stance. Activate to switch to Execute.\n\nOpen Fire (+18% attack damage above 70% HP, -15% below 35%).\nExecute (+25% attack damage below 35% HP, -15% above 70%).""}],""acas"":[{""level"":1,""column"":0,""type"":""unreal"",""value"":0}],""ahky"":[{""level"":0,""column"":0,""type"":""string"",""value"":""T""}],""arhk"":[{""level"":0,""column"":0,""type"":""string"",""value"":""T""}],""auhk"":[{""level"":0,""column"":0,""type"":""string"",""value"":""T""}],""abpx"":[{""level"":0,""column"":0,""type"":""int"",""value"":2}],""abpy"":[{""level"":0,""column"":0,""type"":""int"",""value"":2}],""Ncl2"":[{""level"":1,""column"":2,""type"":""int"",""value"":0}]}"
custom	AM08	AId4		1								Forward Line	Provides armor while fighting outside your castle.	"{""wurs"":[{""level"":0,""column"":0,""type"":""int"",""value"":42}],""alev"":[{""level"":0,""column"":0,""type"":""int"",""value"":1}],""aher"":[{""level"":0,""column"":0,""type"":""int"",""value"":0}],""aite"":[{""level"":0,""column"":0,""type"":""int"",""value"":0}],""Idef"":[{""level"":1,""column"":1,""type"":""int"",""value"":3}],""atp1"":[{""level"":1,""column"":0,""type"":""string"",""value"":""Forward Line""}],""aub1"":[{""level"":1,""column"":0,""type"":""string"",""value"":""Provides armor while fighting outside your castle.""}],""aart"":[{""level"":0,""column"":0,""type"":""string"",""value"":""ReplaceableTextures\\CommandButtons\\BTNHumanArmorUpOne.blp""}]}"
custom	AM09	AId4		1								Forward Line	Reduced armor while fighting inside your castle.	"{""wurs"":[{""level"":0,""column"":0,""type"":""int"",""value"":42}],""alev"":[{""level"":0,""column"":0,""type"":""int"",""value"":1}],""aher"":[{""level"":0,""column"":0,""type"":""int"",""value"":0}],""aite"":[{""level"":0,""column"":0,""type"":""int"",""value"":0}],""Idef"":[{""level"":1,""column"":1,""type"":""int"",""value"":-2}],""atp1"":[{""level"":1,""column"":0,""type"":""string"",""value"":""Forward Line""}],""aub1"":[{""level"":1,""column"":0,""type"":""string"",""value"":""Reduced armor while fighting inside your castle.""}],""aart"":[{""level"":0,""column"":0,""type"":""string"",""value"":""ReplaceableTextures\\CommandButtons\\BTNHumanArmorUpOne.blp""}]}"
custom	AM0a	ANcl	Production Enchantment	1	0	90	99999		friend,structure			Production Enchantment	Mark one allied production building. Units trained there gain +14% damage and +14% max HP.	"{""wurs"":[{""level"":0,""column"":0,""type"":""int"",""value"":42}],""alev"":[{""level"":0,""column"":0,""type"":""int"",""value"":1}],""Ncl5"":[{""level"":1,""column"":5,""type"":""int"",""value"":0}],""Ncl1"":[{""level"":1,""column"":1,""type"":""unreal"",""value"":0}],""Ncl4"":[{""level"":1,""column"":4,""type"":""unreal"",""value"":0}],""Ncl3"":[{""level"":1,""column"":3,""type"":""int"",""value"":1}],""acat"":[{""level"":0,""column"":0,""type"":""string"",""value"":""""}],""aeat"":[{""level"":0,""column"":0,""type"":""string"",""value"":""""}],""asat"":[{""level"":0,""column"":0,""type"":""string"",""value"":""""}],""atat"":[{""level"":0,""column"":0,""type"":""string"",""value"":""""}],""Ncl6"":[{""level"":1,""column"":6,""type"":""string"",""value"":""cripple""}],""anam"":[{""level"":0,""column"":0,""type"":""string"",""value"":""Production Enchantment""}],""arar"":[{""level"":0,""column"":0,""type"":""string"",""value"":""ReplaceableTextures\\CommandButtons\\BTNImprovedMoonArmor.blp""}],""aart"":[{""level"":0,""column"":0,""type"":""string"",""value"":""ReplaceableTextures\\CommandButtons\\BTNImprovedMoonArmor.blp""}],""amcs"":[{""level"":1,""column"":0,""type"":""int"",""value"":0}],""acdn"":[{""level"":1,""column"":0,""type"":""unreal"",""value"":90}],""aran"":[{""level"":1,""column"":0,""type"":""unreal"",""value"":99999}],""atp1"":[{""level"":1,""column"":0,""type"":""string"",""value"":""Production Enchantment""}],""aub1"":[{""level"":1,""column"":0,""type"":""string"",""value"":""Mark one allied production building. Units trained there gain +14% damage and +14% max HP.""}],""acas"":[{""level"":1,""column"":0,""type"":""unreal"",""value"":0}],""ahky"":[{""level"":0,""column"":0,""type"":""string"",""value"":""T""}],""arhk"":[{""level"":0,""column"":0,""type"":""string"",""value"":""T""}],""auhk"":[{""level"":0,""column"":0,""type"":""string"",""value"":""T""}],""abpx"":[{""level"":0,""column"":0,""type"":""int"",""value"":2}],""abpy"":[{""level"":0,""column"":0,""type"":""int"",""value"":2}],""Ncl2"":[{""level"":1,""column"":2,""type"":""int"",""value"":1}],""atar"":[{""level"":1,""column"":0,""type"":""string"",""value"":""friend,structure""}]}"
custom	AM0d	ANcl	Spell Enchantment	1	0	90	99999		friend,structure			Spell Enchantment	Mark one allied spell building for +0.20 mana regen. Other spell buildings have -0.05 mana regen.	"{""wurs"":[{""level"":0,""column"":0,""type"":""int"",""value"":42}],""alev"":[{""level"":0,""column"":0,""type"":""int"",""value"":1}],""Ncl5"":[{""level"":1,""column"":5,""type"":""int"",""value"":0}],""Ncl1"":[{""level"":1,""column"":1,""type"":""unreal"",""value"":0}],""Ncl4"":[{""level"":1,""column"":4,""type"":""unreal"",""value"":0}],""Ncl3"":[{""level"":1,""column"":3,""type"":""int"",""value"":1}],""acat"":[{""level"":0,""column"":0,""type"":""string"",""value"":""""}],""aeat"":[{""level"":0,""column"":0,""type"":""string"",""value"":""""}],""asat"":[{""level"":0,""column"":0,""type"":""string"",""value"":""""}],""atat"":[{""level"":0,""column"":0,""type"":""string"",""value"":""""}],""Ncl6"":[{""level"":1,""column"":6,""type"":""string"",""value"":""faeriefire""}],""anam"":[{""level"":0,""column"":0,""type"":""string"",""value"":""Spell Enchantment""}],""arar"":[{""level"":0,""column"":0,""type"":""string"",""value"":""ReplaceableTextures\\CommandButtons\\BTNBronzeBowlFull.blp""}],""aart"":[{""level"":0,""column"":0,""type"":""string"",""value"":""ReplaceableTextures\\CommandButtons\\BTNBronzeBowlFull.blp""}],""amcs"":[{""level"":1,""column"":0,""type"":""int"",""value"":0}],""acdn"":[{""level"":1,""column"":0,""type"":""unreal"",""value"":90}],""aran"":[{""level"":1,""column"":0,""type"":""unreal"",""value"":99999}],""atp1"":[{""level"":1,""column"":0,""type"":""string"",""value"":""Spell Enchantment""}],""aub1"":[{""level"":1,""column"":0,""type"":""string"",""value"":""Mark one allied spell building for +0.20 mana regen. Other spell buildings have -0.05 mana regen.""}],""acas"":[{""level"":1,""column"":0,""type"":""unreal"",""value"":0}],""ahky"":[{""level"":0,""column"":0,""type"":""string"",""value"":""T""}],""arhk"":[{""level"":0,""column"":0,""type"":""string"",""value"":""T""}],""auhk"":[{""level"":0,""column"":0,""type"":""string"",""value"":""T""}],""abpx"":[{""level"":0,""column"":0,""type"":""int"",""value"":3}],""abpy"":[{""level"":0,""column"":0,""type"":""int"",""value"":2}],""Ncl2"":[{""level"":1,""column"":2,""type"":""int"",""value"":1}],""atar"":[{""level"":1,""column"":0,""type"":""string"",""value"":""friend,structure""}]}"
custom	AM0b	AId4		1								Production Enchantment	This production building is enchanted. Units trained here receive the Production Enchantment bonus.	"{""wurs"":[{""level"":0,""column"":0,""type"":""int"",""value"":42}],""alev"":[{""level"":0,""column"":0,""type"":""int"",""value"":1}],""aher"":[{""level"":0,""column"":0,""type"":""int"",""value"":0}],""aite"":[{""level"":0,""column"":0,""type"":""int"",""value"":0}],""Idef"":[{""level"":1,""column"":1,""type"":""int"",""value"":0}],""atp1"":[{""level"":1,""column"":0,""type"":""string"",""value"":""Production Enchantment""}],""aub1"":[{""level"":1,""column"":0,""type"":""string"",""value"":""This production building is enchanted. Units trained here receive the Production Enchantment bonus.""}],""aart"":[{""level"":0,""column"":0,""type"":""string"",""value"":""ReplaceableTextures\\CommandButtons\\BTNImprovedMoonArmor.blp""}]}"
custom	AM0c	ACct		1								Production Enchantment	Trained from an enchanted production building.	"{""wurs"":[{""level"":0,""column"":0,""type"":""int"",""value"":42}],""alev"":[{""level"":0,""column"":0,""type"":""int"",""value"":1}],""aher"":[{""level"":0,""column"":0,""type"":""int"",""value"":0}],""aite"":[{""level"":0,""column"":0,""type"":""int"",""value"":0}],""Ocr1"":[{""level"":1,""column"":1,""type"":""unreal"",""value"":0}],""Ocr2"":[{""level"":1,""column"":2,""type"":""unreal"",""value"":1}],""Ocr3"":[{""level"":1,""column"":3,""type"":""unreal"",""value"":0}],""atp1"":[{""level"":1,""column"":0,""type"":""string"",""value"":""Production Enchantment""}],""aub1"":[{""level"":1,""column"":0,""type"":""string"",""value"":""Trained from an enchanted production building.""}],""aart"":[{""level"":0,""column"":0,""type"":""string"",""value"":""ReplaceableTextures\\CommandButtons\\BTNImprovedMoonArmor.blp""}]}"
custom	AM0e	ACct		1								Spell Enchantment	This spell building is enchanted for +0.20 mana regen.	"{""wurs"":[{""level"":0,""column"":0,""type"":""int"",""value"":42}],""alev"":[{""level"":0,""column"":0,""type"":""int"",""value"":1}],""aher"":[{""level"":0,""column"":0,""type"":""int"",""value"":0}],""aite"":[{""level"":0,""column"":0,""type"":""int"",""value"":0}],""Ocr1"":[{""level"":1,""column"":1,""type"":""unreal"",""value"":0}],""Ocr2"":[{""level"":1,""column"":2,""type"":""unreal"",""value"":1}],""Ocr3"":[{""level"":1,""column"":3,""type"":""unreal"",""value"":0}],""atp1"":[{""level"":1,""column"":0,""type"":""string"",""value"":""Spell Enchantment""}],""aub1"":[{""level"":1,""column"":0,""type"":""string"",""value"":""This spell building is enchanted for +0.20 mana regen.""}],""aart"":[{""level"":0,""column"":0,""type"":""string"",""value"":""ReplaceableTextures\\CommandButtons\\BTNBronzeBowlFull.blp""}]}"
custom	AM0f	ACct												"{""wurs"":[{""level"":0,""column"":0,""type"":""int"",""value"":42}],""abpx"":[{""level"":0,""column"":0,""type"":""int"",""value"":3}],""abpy"":[{""level"":0,""column"":0,""type"":""int"",""value"":0}]}"
custom	AM0g	ACct												"{""wurs"":[{""level"":0,""column"":0,""type"":""int"",""value"":42}],""abpx"":[{""level"":0,""column"":0,""type"":""int"",""value"":3}],""abpy"":[{""level"":0,""column"":0,""type"":""int"",""value"":0}]}"
custom	AM0h	ACct												"{""wurs"":[{""level"":0,""column"":0,""type"":""int"",""value"":42}],""abpx"":[{""level"":0,""column"":0,""type"":""int"",""value"":3}],""abpy"":[{""level"":0,""column"":0,""type"":""int"",""value"":0}]}"
custom	AM0i	ACct												"{""wurs"":[{""level"":0,""column"":0,""type"":""int"",""value"":42}],""abpx"":[{""level"":0,""column"":0,""type"":""int"",""value"":3}],""abpy"":[{""level"":0,""column"":0,""type"":""int"",""value"":0}]}"
custom	AM0j	ACct												"{""wurs"":[{""level"":0,""column"":0,""type"":""int"",""value"":42}],""abpx"":[{""level"":0,""column"":0,""type"":""int"",""value"":3}],""abpy"":[{""level"":0,""column"":0,""type"":""int"",""value"":0}]}"
custom	AM0k	ACct												"{""wurs"":[{""level"":0,""column"":0,""type"":""int"",""value"":42}],""abpx"":[{""level"":0,""column"":0,""type"":""int"",""value"":3}],""abpy"":[{""level"":0,""column"":0,""type"":""int"",""value"":0}]}"
custom	AM0l	ACct												"{""wurs"":[{""level"":0,""column"":0,""type"":""int"",""value"":42}],""abpx"":[{""level"":0,""column"":0,""type"":""int"",""value"":3}],""abpy"":[{""level"":0,""column"":0,""type"":""int"",""value"":0}]}"
custom	AM0m	ACct												"{""wurs"":[{""level"":0,""column"":0,""type"":""int"",""value"":42}],""abpx"":[{""level"":0,""column"":0,""type"":""int"",""value"":3}],""abpy"":[{""level"":0,""column"":0,""type"":""int"",""value"":0}]}"
custom	AM0o	ACct												"{""wurs"":[{""level"":0,""column"":0,""type"":""int"",""value"":42}],""abpx"":[{""level"":0,""column"":0,""type"":""int"",""value"":3}],""abpy"":[{""level"":0,""column"":0,""type"":""int"",""value"":0}]}"
custom	AM0p	ACct												"{""wurs"":[{""level"":0,""column"":0,""type"":""int"",""value"":42}],""abpx"":[{""level"":0,""column"":0,""type"":""int"",""value"":3}],""abpy"":[{""level"":0,""column"":0,""type"":""int"",""value"":0}]}"
custom	AM0q	ACct												"{""wurs"":[{""level"":0,""column"":0,""type"":""int"",""value"":42}],""abpx"":[{""level"":0,""column"":0,""type"":""int"",""value"":3}],""abpy"":[{""level"":0,""column"":0,""type"":""int"",""value"":0}]}"
custom	AM0r	ACct												"{""wurs"":[{""level"":0,""column"":0,""type"":""int"",""value"":42}],""abpx"":[{""level"":0,""column"":0,""type"":""int"",""value"":3}],""abpy"":[{""level"":0,""column"":0,""type"":""int"",""value"":0}]}"
custom	AM0t	ACct												"{""wurs"":[{""level"":0,""column"":0,""type"":""int"",""value"":42}],""abpx"":[{""level"":0,""column"":0,""type"":""int"",""value"":3}],""abpy"":[{""level"":0,""column"":0,""type"":""int"",""value"":0}]}"
custom	AM0u	ACct												"{""wurs"":[{""level"":0,""column"":0,""type"":""int"",""value"":42}],""abpx"":[{""level"":0,""column"":0,""type"":""int"",""value"":3}],""abpy"":[{""level"":0,""column"":0,""type"":""int"",""value"":0}]}"
custom	AM0w	ACct												"{""wurs"":[{""level"":0,""column"":0,""type"":""int"",""value"":42}],""abpx"":[{""level"":0,""column"":0,""type"":""int"",""value"":3}],""abpy"":[{""level"":0,""column"":0,""type"":""int"",""value"":0}]}"
custom	AM0x	ACct												"{""wurs"":[{""level"":0,""column"":0,""type"":""int"",""value"":42}],""abpx"":[{""level"":0,""column"":0,""type"":""int"",""value"":3}],""abpy"":[{""level"":0,""column"":0,""type"":""int"",""value"":0}]}"
custom	ZE2E	ANcl		64								"[{""level"":1,""column"":0,""type"":""string"",""value"":"" ""},{""level"":2,""column"":0,""type"":""string"",""value"":"" ""},{""level"":3,""column"":0,""type"":""string"",""value"":"" ""},{""level"":4,""column"":0,""type"":""string"",""value"":"" ""},{""level"":5,""column"":0,""type"":""string"",""value"":"" ""},{""level"":6,""column"":0,""type"":""string"",""value"":"" ""},{""level"":7,""column"":0,""type"":""string"",""value"":"" ""},{""level"":8,""column"":0,""type"":""string"",""value"":"" ""},{""level"":9,""column"":0,""type"":""string"",""value"":"" ""},{""level"":10,""column"":0,""type"":""string"",""value"":"" ""},{""level"":11,""column"":0,""type"":""string"",""value"":"" ""},{""level"":12,""column"":0,""type"":""string"",""value"":"" ""},{""level"":13,""column"":0,""type"":""string"",""value"":"" ""},{""level"":14,""column"":0,""type"":""string"",""value"":"" ""},{""level"":15,""column"":0,""type"":""string"",""value"":"" ""},{""level"":16,""column"":0,""type"":""string"",""value"":"" ""},{""level"":17,""column"":0,""type"":""string"",""value"":"" ""},{""level"":18,""column"":0,""type"":""string"",""value"":"" ""},{""level"":19,""column"":0,""type"":""string"",""value"":"" ""},{""level"":20,""column"":0,""type"":""string"",""value"":"" ""},{""level"":21,""column"":0,""type"":""string"",""value"":"" ""},{""level"":22,""column"":0,""type"":""string"",""value"":"" ""},{""level"":23,""column"":0,""type"":""string"",""value"":"" ""},{""level"":24,""column"":0,""type"":""string"",""value"":"" ""},{""level"":25,""column"":0,""type"":""string"",""value"":"" ""},{""level"":26,""column"":0,""type"":""string"",""value"":"" ""},{""level"":27,""column"":0,""type"":""string"",""value"":"" ""},{""level"":28,""column"":0,""type"":""string"",""value"":"" ""},{""level"":29,""column"":0,""type"":""string"",""value"":"" ""},{""level"":30,""column"":0,""type"":""string"",""value"":"" ""},{""level"":31,""column"":0,""type"":""string"",""value"":"" ""},{""level"":32,""column"":0,""type"":""string"",""value"":"" ""},{""level"":33,""column"":0,""type"":""string"",""value"":"" ""},{""level"":34,""column"":0,""type"":""string"",""value"":"" ""},{""level"":35,""column"":0,""type"":""string"",""value"":"" ""},{""level"":36,""column"":0,""type"":""string"",""value"":"" ""},{""level"":37,""column"":0,""type"":""string"",""value"":"" ""},{""level"":38,""column"":0,""type"":""string"",""value"":"" ""},{""level"":39,""column"":0,""type"":""string"",""value"":"" ""},{""level"":40,""column"":0,""type"":""string"",""value"":"" ""},{""level"":41,""column"":0,""type"":""string"",""value"":"" ""},{""level"":42,""column"":0,""type"":""string"",""value"":"" ""},{""level"":43,""column"":0,""type"":""string"",""value"":"" ""},{""level"":44,""column"":0,""type"":""string"",""value"":"" ""},{""level"":45,""column"":0,""type"":""string"",""value"":"" ""},{""level"":46,""column"":0,""type"":""string"",""value"":"" ""},{""level"":47,""column"":0,""type"":""string"",""value"":"" ""},{""level"":48,""column"":0,""type"":""string"",""value"":"" ""},{""level"":49,""column"":0,""type"":""string"",""value"":"" ""},{""level"":50,""column"":0,""type"":""string"",""value"":"" ""},{""level"":51,""column"":0,""type"":""string"",""value"":"" ""},{""level"":52,""column"":0,""type"":""string"",""value"":"" ""},{""level"":53,""column"":0,""type"":""string"",""value"":"" ""},{""level"":54,""column"":0,""type"":""string"",""value"":"" ""},{""level"":55,""column"":0,""type"":""string"",""value"":"" ""},{""level"":56,""column"":0,""type"":""string"",""value"":"" ""},{""level"":57,""column"":0,""type"":""string"",""value"":"" ""},{""level"":58,""column"":0,""type"":""string"",""value"":"" ""},{""level"":59,""column"":0,""type"":""string"",""value"":"" ""},{""level"":60,""column"":0,""type"":""string"",""value"":"" ""},{""level"":61,""column"":0,""type"":""string"",""value"":"" ""},{""level"":62,""column"":0,""type"":""string"",""value"":"" ""},{""level"":63,""column"":0,""type"":""string"",""value"":"" ""},{""level"":64,""column"":0,""type"":""string"",""value"":"" ""}]"		"{""wurs"":[{""level"":0,""column"":0,""type"":""int"",""value"":42}],""alev"":[{""level"":0,""column"":0,""type"":""int"",""value"":64}],""atp1"":[{""level"":1,""column"":0,""type"":""string"",""value"":"" ""},{""level"":2,""column"":0,""type"":""string"",""value"":"" ""},{""level"":3,""column"":0,""type"":""string"",""value"":"" ""},{""level"":4,""column"":0,""type"":""string"",""value"":"" ""},{""level"":5,""column"":0,""type"":""string"",""value"":"" ""},{""level"":6,""column"":0,""type"":""string"",""value"":"" ""},{""level"":7,""column"":0,""type"":""string"",""value"":"" ""},{""level"":8,""column"":0,""type"":""string"",""value"":"" ""},{""level"":9,""column"":0,""type"":""string"",""value"":"" ""},{""level"":10,""column"":0,""type"":""string"",""value"":"" ""},{""level"":11,""column"":0,""type"":""string"",""value"":"" ""},{""level"":12,""column"":0,""type"":""string"",""value"":"" ""},{""level"":13,""column"":0,""type"":""string"",""value"":"" ""},{""level"":14,""column"":0,""type"":""string"",""value"":"" ""},{""level"":15,""column"":0,""type"":""string"",""value"":"" ""},{""level"":16,""column"":0,""type"":""string"",""value"":"" ""},{""level"":17,""column"":0,""type"":""string"",""value"":"" ""},{""level"":18,""column"":0,""type"":""string"",""value"":"" ""},{""level"":19,""column"":0,""type"":""string"",""value"":"" ""},{""level"":20,""column"":0,""type"":""string"",""value"":"" ""},{""level"":21,""column"":0,""type"":""string"",""value"":"" ""},{""level"":22,""column"":0,""type"":""string"",""value"":"" ""},{""level"":23,""column"":0,""type"":""string"",""value"":"" ""},{""level"":24,""column"":0,""type"":""string"",""value"":"" ""},{""level"":25,""column"":0,""type"":""string"",""value"":"" ""},{""level"":26,""column"":0,""type"":""string"",""value"":"" ""},{""level"":27,""column"":0,""type"":""string"",""value"":"" ""},{""level"":28,""column"":0,""type"":""string"",""value"":"" ""},{""level"":29,""column"":0,""type"":""string"",""value"":"" ""},{""level"":30,""column"":0,""type"":""string"",""value"":"" ""},{""level"":31,""column"":0,""type"":""string"",""value"":"" ""},{""level"":32,""column"":0,""type"":""string"",""value"":"" ""},{""level"":33,""column"":0,""type"":""string"",""value"":"" ""},{""level"":34,""column"":0,""type"":""string"",""value"":"" ""},{""level"":35,""column"":0,""type"":""string"",""value"":"" ""},{""level"":36,""column"":0,""type"":""string"",""value"":"" ""},{""level"":37,""column"":0,""type"":""string"",""value"":"" ""},{""level"":38,""column"":0,""type"":""string"",""value"":"" ""},{""level"":39,""column"":0,""type"":""string"",""value"":"" ""},{""level"":40,""column"":0,""type"":""string"",""value"":"" ""},{""level"":41,""column"":0,""type"":""string"",""value"":"" ""},{""level"":42,""column"":0,""type"":""string"",""value"":"" ""},{""level"":43,""column"":0,""type"":""string"",""value"":"" ""},{""level"":44,""column"":0,""type"":""string"",""value"":"" ""},{""level"":45,""column"":0,""type"":""string"",""value"":"" ""},{""level"":46,""column"":0,""type"":""string"",""value"":"" ""},{""level"":47,""column"":0,""type"":""string"",""value"":"" ""},{""level"":48,""column"":0,""type"":""string"",""value"":"" ""},{""level"":49,""column"":0,""type"":""string"",""value"":"" ""},{""level"":50,""column"":0,""type"":""string"",""value"":"" ""},{""level"":51,""column"":0,""type"":""string"",""value"":"" ""},{""level"":52,""column"":0,""type"":""string"",""value"":"" ""},{""level"":53,""column"":0,""type"":""string"",""value"":"" ""},{""level"":54,""column"":0,""type"":""string"",""value"":"" ""},{""level"":55,""column"":0,""type"":""string"",""value"":"" ""},{""level"":56,""column"":0,""type"":""string"",""value"":"" ""},{""level"":57,""column"":0,""type"":""string"",""value"":"" ""},{""level"":58,""column"":0,""type"":""string"",""value"":"" ""},{""level"":59,""column"":0,""type"":""string"",""value"":"" ""},{""level"":60,""column"":0,""type"":""string"",""value"":"" ""},{""level"":61,""column"":0,""type"":""string"",""value"":"" ""},{""level"":62,""column"":0,""type"":""string"",""value"":"" ""},{""level"":63,""column"":0,""type"":""string"",""value"":"" ""},{""level"":64,""column"":0,""type"":""string"",""value"":"" ""}]}"
custom	cfOL	ACcl		5	"[{""level"":1,""column"":0,""type"":""int"",""value"":0},{""level"":2,""column"":0,""type"":""int"",""value"":0},{""level"":3,""column"":0,""type"":""int"",""value"":0},{""level"":4,""column"":0,""type"":""int"",""value"":0},{""level"":5,""column"":0,""type"":""int"",""value"":0}]"	"[{""level"":1,""column"":0,""type"":""unreal"",""value"":0},{""level"":2,""column"":0,""type"":""unreal"",""value"":0},{""level"":3,""column"":0,""type"":""unreal"",""value"":0},{""level"":4,""column"":0,""type"":""unreal"",""value"":0},{""level"":5,""column"":0,""type"":""unreal"",""value"":0}]"	"[{""level"":1,""column"":0,""type"":""unreal"",""value"":99999},{""level"":2,""column"":0,""type"":""unreal"",""value"":99999},{""level"":3,""column"":0,""type"":""unreal"",""value"":99999},{""level"":4,""column"":0,""type"":""unreal"",""value"":99999},{""level"":5,""column"":0,""type"":""unreal"",""value"":99999}]"	"[{""level"":1,""column"":0,""type"":""unreal"",""value"":600},{""level"":2,""column"":0,""type"":""unreal"",""value"":600},{""level"":3,""column"":0,""type"":""unreal"",""value"":600},{""level"":4,""column"":0,""type"":""unreal"",""value"":600},{""level"":5,""column"":0,""type"":""unreal"",""value"":600}]"	"[{""level"":1,""column"":0,""type"":""string"",""value"":""air,enemies,ground,neutral""},{""level"":2,""column"":0,""type"":""string"",""value"":""air,enemies,ground,neutral""},{""level"":3,""column"":0,""type"":""string"",""value"":""air,enemies,ground,neutral""},{""level"":4,""column"":0,""type"":""string"",""value"":""air,enemies,ground,neutral""},{""level"":5,""column"":0,""type"":""string"",""value"":""air,enemies,ground,neutral""}]"					"{""wurs"":[{""level"":0,""column"":0,""type"":""int"",""value"":42}],""alev"":[{""level"":0,""column"":0,""type"":""int"",""value"":5}],""aare"":[{""level"":1,""column"":0,""type"":""unreal"",""value"":600},{""level"":2,""column"":0,""type"":""unreal"",""value"":600},{""level"":3,""column"":0,""type"":""unreal"",""value"":600},{""level"":4,""column"":0,""type"":""unreal"",""value"":600},{""level"":5,""column"":0,""type"":""unreal"",""value"":600}],""atar"":[{""level"":1,""column"":0,""type"":""string"",""value"":""air,enemies,ground,neutral""},{""level"":2,""column"":0,""type"":""string"",""value"":""air,enemies,ground,neutral""},{""level"":3,""column"":0,""type"":""string"",""value"":""air,enemies,ground,neutral""},{""level"":4,""column"":0,""type"":""string"",""value"":""air,enemies,ground,neutral""},{""level"":5,""column"":0,""type"":""string"",""value"":""air,enemies,ground,neutral""}],""Ocl1"":[{""level"":1,""column"":1,""type"":""unreal"",""value"":1000},{""level"":2,""column"":1,""type"":""unreal"",""value"":1000},{""level"":3,""column"":1,""type"":""unreal"",""value"":1000},{""level"":4,""column"":1,""type"":""unreal"",""value"":1000},{""level"":5,""column"":1,""type"":""unreal"",""value"":1000}],""Ocl2"":[{""level"":1,""column"":2,""type"":""int"",""value"":4},{""level"":2,""column"":2,""type"":""int"",""value"":6},{""level"":3,""column"":2,""type"":""int"",""value"":8},{""level"":4,""column"":2,""type"":""int"",""value"":10},{""level"":5,""column"":2,""type"":""int"",""value"":12}],""Ocl3"":[{""level"":1,""column"":3,""type"":""unreal"",""value"":0.1},{""level"":2,""column"":3,""type"":""unreal"",""value"":0.1},{""level"":3,""column"":3,""type"":""unreal"",""value"":0.1},{""level"":4,""column"":3,""type"":""unreal"",""value"":0.1},{""level"":5,""column"":3,""type"":""unreal"",""value"":0.1}],""aher"":[{""level"":0,""column"":0,""type"":""int"",""value"":0}],""amcs"":[{""level"":1,""column"":0,""type"":""int"",""value"":0},{""level"":2,""column"":0,""type"":""int"",""value"":0},{""level"":3,""column"":0,""type"":""int"",""value"":0},{""level"":4,""column"":0,""type"":""int"",""value"":0},{""level"":5,""column"":0,""type"":""int"",""value"":0}],""acdn"":[{""level"":1,""column"":0,""type"":""unreal"",""value"":0},{""level"":2,""column"":0,""type"":""unreal"",""value"":0},{""level"":3,""column"":0,""type"":""unreal"",""value"":0},{""level"":4,""column"":0,""type"":""unreal"",""value"":0},{""level"":5,""column"":0,""type"":""unreal"",""value"":0}],""aran"":[{""level"":1,""column"":0,""type"":""unreal"",""value"":99999},{""level"":2,""column"":0,""type"":""unreal"",""value"":99999},{""level"":3,""column"":0,""type"":""unreal"",""value"":99999},{""level"":4,""column"":0,""type"":""unreal"",""value"":99999},{""level"":5,""column"":0,""type"":""unreal"",""value"":99999}],""achd"":[{""level"":0,""column"":0,""type"":""int"",""value"":0}]}"
custom	A000	Apxf	HEL: Obelisk of Light			5		99999		B01M				"{""wurs"":[{""level"":0,""column"":0,""type"":""int"",""value"":42}],""aare"":[{""level"":1,""column"":0,""type"":""unreal"",""value"":99999}],""abuf"":[{""level"":1,""column"":0,""type"":""string"",""value"":""B01M""}],""acdn"":[{""level"":1,""column"":0,""type"":""unreal"",""value"":5}],""pxf1"":[{""level"":1,""column"":1,""type"":""unreal"",""value"":180}],""pxf2"":[{""level"":1,""column"":2,""type"":""unreal"",""value"":0}],""adur"":[{""level"":1,""column"":0,""type"":""unreal"",""value"":0.01}],""ahdu"":[{""level"":1,""column"":0,""type"":""unreal"",""value"":0.01}],""amsp"":[{""level"":0,""column"":0,""type"":""int"",""value"":6500}],""arac"":[{""level"":0,""column"":0,""type"":""string"",""value"":""orc""}],""amat"":[{""level"":0,""column"":0,""type"":""string"",""value"":""Abilities\\Weapons\\FaerieDragonMissile\\FaerieDragonMissile.mdl""}],""anam"":[{""level"":0,""column"":0,""type"":""string"",""value"":""HEL: Obelisk of Light""}]}"
custom	A001	AEbl		1	9999	99						Blink [|cffffcc00D|r]	Teleports the worker a short distance	"{""wurs"":[{""level"":0,""column"":0,""type"":""int"",""value"":42}],""acdn"":[{""level"":1,""column"":0,""type"":""unreal"",""value"":99}],""amcs"":[{""level"":1,""column"":0,""type"":""int"",""value"":9999}],""Ebl1"":[{""level"":1,""column"":1,""type"":""unreal"",""value"":30000}],""Ebl2"":[{""level"":1,""column"":2,""type"":""unreal"",""value"":100}],""adur"":[{""level"":1,""column"":0,""type"":""unreal"",""value"":0}],""aher"":[{""level"":0,""column"":0,""type"":""int"",""value"":0}],""alev"":[{""level"":0,""column"":0,""type"":""int"",""value"":1}],""arac"":[{""level"":0,""column"":0,""type"":""string"",""value"":""naga""}],""ahky"":[{""level"":0,""column"":0,""type"":""string"",""value"":""D""}],""atp1"":[{""level"":1,""column"":0,""type"":""string"",""value"":""Blink [|cffffcc00D|r]""}],""aub1"":[{""level"":1,""column"":0,""type"":""string"",""value"":""Teleports the worker a short distance""}]}"
custom	A002	Apxf	Death			10		99999						"{""wurs"":[{""level"":0,""column"":0,""type"":""int"",""value"":42}],""aare"":[{""level"":1,""column"":0,""type"":""unreal"",""value"":99999}],""acdn"":[{""level"":1,""column"":0,""type"":""unreal"",""value"":10}],""pxf1"":[{""level"":1,""column"":1,""type"":""unreal"",""value"":9999}],""pxf2"":[{""level"":1,""column"":2,""type"":""unreal"",""value"":0}],""adur"":[{""level"":1,""column"":0,""type"":""unreal"",""value"":0.01}],""ahdu"":[{""level"":1,""column"":0,""type"":""unreal"",""value"":0.01}],""amsp"":[{""level"":0,""column"":0,""type"":""int"",""value"":20000}],""arac"":[{""level"":0,""column"":0,""type"":""string"",""value"":""other""}],""acat"":[{""level"":0,""column"":0,""type"":""string"",""value"":""Abilities\\Spells\\Items\\TomeOfRetraining\\TomeOfRetrainingCaster.mdl""}],""acap"":[{""level"":0,""column"":0,""type"":""string"",""value"":""origin""}],""aeat"":[{""level"":0,""column"":0,""type"":""string"",""value"":""Abilities\\Spells\\Human\\Thunderclap\\ThunderClapCaster.mdl""}],""amat"":[{""level"":0,""column"":0,""type"":""string"",""value"":""""}],""anam"":[{""level"":0,""column"":0,""type"":""string"",""value"":""Death""}],""asat"":[{""level"":0,""column"":0,""type"":""string"",""value"":""Objects\\Spawnmodels\\Human\\HumanLargeDeathExplode\\HumanLargeDeathExplode.mdl""}],""aspt"":[{""level"":0,""column"":0,""type"":""string"",""value"":""chest""}],""atat"":[{""level"":0,""column"":0,""type"":""string"",""value"":""Abilities\\Spells\\Items\\AIil\\AIilTarget.mdl""}],""ata0"":[{""level"":0,""column"":0,""type"":""string"",""value"":""chest""}],""atac"":[{""level"":0,""column"":0,""type"":""int"",""value"":1}]}"
custom	A003	Afbt												"{""wurs"":[{""level"":0,""column"":0,""type"":""int"",""value"":42}],""fbk1"":[{""level"":1,""column"":1,""type"":""unreal"",""value"":25}],""fbk3"":[{""level"":1,""column"":3,""type"":""unreal"",""value"":25}],""fbk5"":[{""level"":1,""column"":5,""type"":""unreal"",""value"":10}]}"
custom	A004	Ahea	NAT: Dryad (natures touch)		9999	99			air,friend,ground,invulnerable,neutral,nonancient,organic,self,vulnerable					"{""wurs"":[{""level"":0,""column"":0,""type"":""int"",""value"":42}],""acdn"":[{""level"":1,""column"":0,""type"":""unreal"",""value"":99}],""amcs"":[{""level"":1,""column"":0,""type"":""int"",""value"":9999}],""Hea1"":[{""level"":1,""column"":1,""type"":""unreal"",""value"":75}],""atar"":[{""level"":1,""column"":0,""type"":""string"",""value"":""air,friend,ground,invulnerable,neutral,nonancient,organic,self,vulnerable""}],""anam"":[{""level"":0,""column"":0,""type"":""string"",""value"":""NAT: Dryad (natures touch)""}]}"
custom	A005	ANfs	Rescue Strike		9999	99	1000	700	air,enemies,ground,sapper			Rescue Strike [|cffffcc00V|r]	Kills all enemies in the target area and reveals stealthed enemies in a larger area.|n|n |cffFF0000WARNING: You can use this spell only once per round. Use it wisely, it decides most matches!|r	"{""wurs"":[{""level"":0,""column"":0,""type"":""int"",""value"":42}],""aare"":[{""level"":1,""column"":0,""type"":""unreal"",""value"":700}],""acas"":[{""level"":1,""column"":0,""type"":""unreal"",""value"":0}],""acdn"":[{""level"":1,""column"":0,""type"":""unreal"",""value"":99}],""amcs"":[{""level"":1,""column"":0,""type"":""int"",""value"":9999}],""Hfs1"":[{""level"":1,""column"":1,""type"":""unreal"",""value"":0}],""Hfs3"":[{""level"":1,""column"":3,""type"":""unreal"",""value"":0}],""Hfs5"":[{""level"":1,""column"":5,""type"":""unreal"",""value"":1}],""adur"":[{""level"":1,""column"":0,""type"":""unreal"",""value"":1}],""ahdu"":[{""level"":1,""column"":0,""type"":""unreal"",""value"":1}],""arac"":[{""level"":0,""column"":0,""type"":""string"",""value"":""naga""}],""aran"":[{""level"":1,""column"":0,""type"":""unreal"",""value"":1000}],""atar"":[{""level"":1,""column"":0,""type"":""string"",""value"":""air,enemies,ground,sapper""}],""aart"":[{""level"":0,""column"":0,""type"":""string"",""value"":""ReplaceableTextures\\CommandButtons\\BTNHolyBolt.blp""}],""abpx"":[{""level"":0,""column"":0,""type"":""int"",""value"":3}],""aeat"":[{""level"":0,""column"":0,""type"":""string"",""value"":""""}],""ahky"":[{""level"":0,""column"":0,""type"":""string"",""value"":""V""}],""anam"":[{""level"":0,""column"":0,""type"":""string"",""value"":""Rescue Strike""}],""asat"":[{""level"":0,""column"":0,""type"":""string"",""value"":""""}],""atp1"":[{""level"":1,""column"":0,""type"":""string"",""value"":""Rescue Strike [|cffffcc00V|r]""}],""aub1"":[{""level"":1,""column"":0,""type"":""string"",""value"":""Kills all enemies in the target area and reveals stealthed enemies in a larger area.|n|n |cffFF0000WARNING: You can use this spell only once per round. Use it wisely, it decides most matches!|r""}]}"
custom	A006	ACpv												"{""wurs"":[{""level"":0,""column"":0,""type"":""int"",""value"":42}],""War1"":[{""level"":1,""column"":1,""type"":""unreal"",""value"":30}],""War2"":[{""level"":1,""column"":2,""type"":""unreal"",""value"":100}],""arac"":[{""level"":0,""column"":0,""type"":""string"",""value"":""human""}]}"
custom	A007	ACnr						700	air,friend,ground,invulnerable,vulnerable					"{""wurs"":[{""level"":0,""column"":0,""type"":""int"",""value"":42}],""aare"":[{""level"":1,""column"":0,""type"":""unreal"",""value"":700}],""Oar1"":[{""level"":1,""column"":1,""type"":""unreal"",""value"":7.5}],""Oar2"":[{""level"":1,""column"":2,""type"":""int"",""value"":0}],""arac"":[{""level"":0,""column"":0,""type"":""string"",""value"":""orc""}],""atar"":[{""level"":1,""column"":0,""type"":""string"",""value"":""air,friend,ground,invulnerable,vulnerable""}]}"
custom	A008	ACnr						700	air,friend,ground,invulnerable,nonsapper,self,structure,vulnerable					"{""wurs"":[{""level"":0,""column"":0,""type"":""int"",""value"":42}],""aare"":[{""level"":1,""column"":0,""type"":""unreal"",""value"":700}],""Oar1"":[{""level"":1,""column"":1,""type"":""unreal"",""value"":2.5}],""Oar2"":[{""level"":1,""column"":2,""type"":""int"",""value"":0}],""arac"":[{""level"":0,""column"":0,""type"":""string"",""value"":""orc""}],""atar"":[{""level"":1,""column"":0,""type"":""string"",""value"":""air,friend,ground,invulnerable,nonsapper,self,structure,vulnerable""}]}"
custom	A009	ACce						230						"{""wurs"":[{""level"":0,""column"":0,""type"":""int"",""value"":42}],""aare"":[{""level"":1,""column"":0,""type"":""unreal"",""value"":230}],""nca1"":[{""level"":1,""column"":1,""type"":""unreal"",""value"":0.35}],""arac"":[{""level"":0,""column"":0,""type"":""string"",""value"":""human""}]}"
custom	A00A	Ahrp										Repair	Repairs buildings.	"{""wurs"":[{""level"":0,""column"":0,""type"":""int"",""value"":42}],""arac"":[{""level"":0,""column"":0,""type"":""string"",""value"":""naga""}],""aani"":[{""level"":0,""column"":0,""type"":""string"",""value"":""stand,4""}],""ahky"":[{""level"":0,""column"":0,""type"":""string"",""value"":""F""}],""atp1"":[{""level"":1,""column"":0,""type"":""string"",""value"":""Repair""}],""aub1"":[{""level"":1,""column"":0,""type"":""string"",""value"":""Repairs buildings.""}],""auhk"":[{""level"":0,""column"":0,""type"":""string"",""value"":""F""}],""aut1"":[{""level"":1,""column"":0,""type"":""string"",""value"":""|cffc3dbffRightclick enables auto repair.|r""}],""auu1"":[{""level"":1,""column"":0,""type"":""string"",""value"":""|cffc3dbffRightclick disables auto repair.|r""}]}"
custom	A00B	AHtc		1	9999	99		375	enemies,ground	B01W				"{""wurs"":[{""level"":0,""column"":0,""type"":""int"",""value"":42}],""aare"":[{""level"":1,""column"":0,""type"":""unreal"",""value"":375}],""abuf"":[{""level"":1,""column"":0,""type"":""string"",""value"":""B01W""}],""acdn"":[{""level"":1,""column"":0,""type"":""unreal"",""value"":99}],""amcs"":[{""level"":1,""column"":0,""type"":""int"",""value"":9999}],""Htc1"":[{""level"":1,""column"":1,""type"":""unreal"",""value"":40}],""adur"":[{""level"":1,""column"":0,""type"":""unreal"",""value"":10}],""aher"":[{""level"":0,""column"":0,""type"":""int"",""value"":0}],""ahdu"":[{""level"":1,""column"":0,""type"":""unreal"",""value"":2.5}],""alev"":[{""level"":0,""column"":0,""type"":""int"",""value"":1}],""arac"":[{""level"":0,""column"":0,""type"":""string"",""value"":""orc""}],""atar"":[{""level"":1,""column"":0,""type"":""string"",""value"":""enemies,ground""}],""aeat"":[{""level"":0,""column"":0,""type"":""string"",""value"":""Abilities\\Spells\\Human\\Thunderclap\\ThunderClapCaster.mdl""}],""atat"":[{""level"":0,""column"":0,""type"":""string"",""value"":""Objects\\Spawnmodels\\Naga\\NagaDeath\\NagaDeath.mdl,Abilities\\Spells\\Human\\Thunderclap\\ThunderClapCaster.mdl""}]}"
custom	A00C	Aspo												"{""wurs"":[{""level"":0,""column"":0,""type"":""int"",""value"":42}],""Spo2"":[{""level"":1,""column"":2,""type"":""unreal"",""value"":0.35}],""Spo3"":[{""level"":1,""column"":3,""type"":""unreal"",""value"":0.35}],""ahdu"":[{""level"":1,""column"":0,""type"":""unreal"",""value"":5}],""arac"":[{""level"":0,""column"":0,""type"":""string"",""value"":""human""}]}"
custom	A00D	ACct												"{""wurs"":[{""level"":0,""column"":0,""type"":""int"",""value"":42}],""Ocr1"":[{""level"":1,""column"":1,""type"":""unreal"",""value"":10}],""arac"":[{""level"":0,""column"":0,""type"":""string"",""value"":""human""}]}"
custom	A00E	Apxf	Kills					900						"{""wurs"":[{""level"":0,""column"":0,""type"":""int"",""value"":42}],""aare"":[{""level"":1,""column"":0,""type"":""unreal"",""value"":900}],""pxf1"":[{""level"":1,""column"":1,""type"":""unreal"",""value"":75}],""pxf2"":[{""level"":1,""column"":2,""type"":""unreal"",""value"":0}],""adur"":[{""level"":1,""column"":0,""type"":""unreal"",""value"":0.01}],""ahdu"":[{""level"":1,""column"":0,""type"":""unreal"",""value"":0.01}],""amsp"":[{""level"":0,""column"":0,""type"":""int"",""value"":1000}],""arac"":[{""level"":0,""column"":0,""type"":""string"",""value"":""other""}],""acat"":[{""level"":0,""column"":0,""type"":""string"",""value"":""Abilities\\Spells\\Items\\TomeOfRetraining\\TomeOfRetrainingCaster.mdl""}],""acap"":[{""level"":0,""column"":0,""type"":""string"",""value"":""origin""}],""aeat"":[{""level"":0,""column"":0,""type"":""string"",""value"":""Abilities\\Spells\\Human\\Thunderclap\\ThunderClapCaster.mdl""}],""amat"":[{""level"":0,""column"":0,""type"":""string"",""value"":""Abilities\\Weapons\\RexxarMissile\\RexxarMissile.mdl""}],""anam"":[{""level"":0,""column"":0,""type"":""string"",""value"":""Kills""}],""asat"":[{""level"":0,""column"":0,""type"":""string"",""value"":""Objects\\Spawnmodels\\Human\\HumanLargeDeathExplode\\HumanLargeDeathExplode.mdl""}],""aspt"":[{""level"":0,""column"":0,""type"":""string"",""value"":""chest""}],""atat"":[{""level"":0,""column"":0,""type"":""string"",""value"":""Abilities\\Spells\\Items\\AIil\\AIilTarget.mdl""}],""ata0"":[{""level"":0,""column"":0,""type"":""string"",""value"":""chest""}],""atac"":[{""level"":0,""column"":0,""type"":""int"",""value"":1}]}"
custom	A00F	AHab		1				0	self	B011				"{""wurs"":[{""level"":0,""column"":0,""type"":""int"",""value"":42}],""aare"":[{""level"":1,""column"":0,""type"":""unreal"",""value"":0}],""abuf"":[{""level"":1,""column"":0,""type"":""string"",""value"":""B011""}],""Hab1"":[{""level"":1,""column"":1,""type"":""unreal"",""value"":1}],""aher"":[{""level"":0,""column"":0,""type"":""int"",""value"":0}],""alev"":[{""level"":0,""column"":0,""type"":""int"",""value"":1}],""atar"":[{""level"":1,""column"":0,""type"":""string"",""value"":""self""}],""atat"":[{""level"":0,""column"":0,""type"":""string"",""value"":""Abilities\\Spells\\Items\\OrbDarkness\\OrbDarkness.mdl""}],""ata0"":[{""level"":0,""column"":0,""type"":""string"",""value"":""overhead""}],""atac"":[{""level"":0,""column"":0,""type"":""int"",""value"":1}]}"
custom	A00G	Apsh			9999	99								"{""wurs"":[{""level"":0,""column"":0,""type"":""int"",""value"":42}],""acdn"":[{""level"":1,""column"":0,""type"":""unreal"",""value"":99}],""amcs"":[{""level"":1,""column"":0,""type"":""int"",""value"":9999}],""adur"":[{""level"":1,""column"":0,""type"":""unreal"",""value"":0.01}],""ahdu"":[{""level"":1,""column"":0,""type"":""unreal"",""value"":0.01}],""arac"":[{""level"":0,""column"":0,""type"":""string"",""value"":""other""}]}"
custom	A00H	AHfa	TriggerAttack	1	9999	99			air,enemies,ground,neutral					"{""wurs"":[{""level"":0,""column"":0,""type"":""int"",""value"":42}],""acdn"":[{""level"":1,""column"":0,""type"":""unreal"",""value"":99}],""amcs"":[{""level"":1,""column"":0,""type"":""int"",""value"":9999}],""Hfa1"":[{""level"":1,""column"":1,""type"":""unreal"",""value"":0}],""aher"":[{""level"":0,""column"":0,""type"":""int"",""value"":0}],""alev"":[{""level"":0,""column"":0,""type"":""int"",""value"":1}],""amsp"":[{""level"":0,""column"":0,""type"":""int"",""value"":4000}],""arac"":[{""level"":0,""column"":0,""type"":""string"",""value"":""other""}],""atar"":[{""level"":1,""column"":0,""type"":""string"",""value"":""air,enemies,ground,neutral""}],""amat"":[{""level"":0,""column"":0,""type"":""string"",""value"":""Abilities\\Weapons\\DragonHawkMissile\\DragonHawkMissile.mdl""}],""anam"":[{""level"":0,""column"":0,""type"":""string"",""value"":""TriggerAttack""}]}"
custom	A00I	AEfk		1	9999	99		370	air,enemies,ground					"{""wurs"":[{""level"":0,""column"":0,""type"":""int"",""value"":42}],""aare"":[{""level"":1,""column"":0,""type"":""unreal"",""value"":370}],""acdn"":[{""level"":1,""column"":0,""type"":""unreal"",""value"":99}],""amcs"":[{""level"":1,""column"":0,""type"":""int"",""value"":9999}],""Efk1"":[{""level"":1,""column"":1,""type"":""unreal"",""value"":270}],""Efk2"":[{""level"":1,""column"":2,""type"":""unreal"",""value"":99999}],""aher"":[{""level"":0,""column"":0,""type"":""int"",""value"":0}],""alev"":[{""level"":0,""column"":0,""type"":""int"",""value"":1}],""amsp"":[{""level"":0,""column"":0,""type"":""int"",""value"":5000}],""arac"":[{""level"":0,""column"":0,""type"":""string"",""value"":""human""}],""atar"":[{""level"":1,""column"":0,""type"":""string"",""value"":""air,enemies,ground""}],""aeat"":[{""level"":0,""column"":0,""type"":""string"",""value"":""Units\\NightElf\\Wisp\\WispExplode.mdl""}],""amat"":[{""level"":0,""column"":0,""type"":""string"",""value"":""Abilities\\Spells\\Orc\\TrollBerserk\\TrollBeserkerTarget.mdl""}]}"
custom	A00J	Aspb		5										"{""wurs"":[{""level"":0,""column"":0,""type"":""int"",""value"":42}],""spb1"":[{""level"":1,""column"":1,""type"":""string"",""value"":""""},{""level"":2,""column"":1,""type"":""string"",""value"":""A027""},{""level"":3,""column"":1,""type"":""string"",""value"":""A027,A0A1""},{""level"":4,""column"":1,""type"":""string"",""value"":""A027,A0A1,A0A2""},{""level"":5,""column"":1,""type"":""string"",""value"":""A027,A0A1,A0A2,A0A4""}],""spb3"":[{""level"":1,""column"":3,""type"":""int"",""value"":0},{""level"":2,""column"":3,""type"":""int"",""value"":1},{""level"":3,""column"":3,""type"":""int"",""value"":2},{""level"":4,""column"":3,""type"":""int"",""value"":3},{""level"":5,""column"":3,""type"":""int"",""value"":4}],""spb4"":[{""level"":1,""column"":4,""type"":""int"",""value"":0},{""level"":2,""column"":4,""type"":""int"",""value"":1},{""level"":3,""column"":4,""type"":""int"",""value"":2},{""level"":4,""column"":4,""type"":""int"",""value"":3},{""level"":5,""column"":4,""type"":""int"",""value"":4}],""alev"":[{""level"":0,""column"":0,""type"":""int"",""value"":5}]}"
custom	A00K	ACpa			9999	99	90		air,enemies,ground,neutral,nonhero	B019				"{""wurs"":[{""level"":0,""column"":0,""type"":""int"",""value"":42}],""abuf"":[{""level"":1,""column"":0,""type"":""string"",""value"":""B019""}],""Npa6"":[{""level"":1,""column"":0,""type"":""unreal"",""value"":0.01}],""acdn"":[{""level"":1,""column"":0,""type"":""unreal"",""value"":99}],""amcs"":[{""level"":1,""column"":0,""type"":""int"",""value"":9999}],""Poi1"":[{""level"":1,""column"":1,""type"":""unreal"",""value"":0}],""Poi4"":[{""level"":1,""column"":4,""type"":""int"",""value"":0}],""adur"":[{""level"":1,""column"":0,""type"":""unreal"",""value"":0.01}],""ahdu"":[{""level"":1,""column"":0,""type"":""unreal"",""value"":0.01}],""arac"":[{""level"":0,""column"":0,""type"":""string"",""value"":""human""}],""aran"":[{""level"":1,""column"":0,""type"":""unreal"",""value"":90}],""atar"":[{""level"":1,""column"":0,""type"":""string"",""value"":""air,enemies,ground,neutral,nonhero""}],""ipmu"":[{""level"":1,""column"":0,""type"":""string"",""value"":""nfbr""}],""amat"":[{""level"":0,""column"":0,""type"":""string"",""value"":""""}]}"
custom	A00L	ACcl			9999	99	800	600	air,enemies,ground,neutral					"{""wurs"":[{""level"":0,""column"":0,""type"":""int"",""value"":42}],""aare"":[{""level"":1,""column"":0,""type"":""unreal"",""value"":600}],""acdn"":[{""level"":1,""column"":0,""type"":""unreal"",""value"":99}],""amcs"":[{""level"":1,""column"":0,""type"":""int"",""value"":9999}],""Ocl1"":[{""level"":1,""column"":1,""type"":""unreal"",""value"":230}],""Ocl2"":[{""level"":1,""column"":2,""type"":""int"",""value"":7}],""Ocl3"":[{""level"":1,""column"":3,""type"":""unreal"",""value"":0.2}],""arac"":[{""level"":0,""column"":0,""type"":""string"",""value"":""human""}],""aran"":[{""level"":1,""column"":0,""type"":""unreal"",""value"":800}],""atar"":[{""level"":1,""column"":0,""type"":""string"",""value"":""air,enemies,ground,neutral""}]}"
custom	A00M	ACpa			9999	99	99999		enemies,ground,invulnerable,mechanical,neutral,structure			Earthquake	Splits the earth below a random enemy unit, damaging and slowing all enemy ground units in that region. Deals 40 spell damage, slows by 50% for 10 seconds.|n|n|cffFFFF80Cooldown:|cffFFFF00 10 |rseconds	"{""wurs"":[{""level"":0,""column"":0,""type"":""int"",""value"":42}],""abuf"":[{""level"":1,""column"":0,""type"":""string"",""value"":""""}],""Npa6"":[{""level"":1,""column"":0,""type"":""unreal"",""value"":0.01}],""acdn"":[{""level"":1,""column"":0,""type"":""unreal"",""value"":99}],""amcs"":[{""level"":1,""column"":0,""type"":""int"",""value"":9999}],""Poi1"":[{""level"":1,""column"":1,""type"":""unreal"",""value"":0}],""Poi4"":[{""level"":1,""column"":4,""type"":""int"",""value"":0}],""adur"":[{""level"":1,""column"":0,""type"":""unreal"",""value"":0.01}],""arac"":[{""level"":0,""column"":0,""type"":""string"",""value"":""orc""}],""aran"":[{""level"":1,""column"":0,""type"":""unreal"",""value"":99999}],""atar"":[{""level"":1,""column"":0,""type"":""string"",""value"":""enemies,ground,invulnerable,mechanical,neutral,structure""}],""ipmu"":[{""level"":1,""column"":0,""type"":""string"",""value"":""nfbr""}],""aart"":[{""level"":0,""column"":0,""type"":""string"",""value"":""ReplaceableTextures\\CommandButtons\\BTNEarthquake.blp""}],""amat"":[{""level"":0,""column"":0,""type"":""string"",""value"":""""}],""atp1"":[{""level"":1,""column"":0,""type"":""string"",""value"":""Earthquake""}],""aub1"":[{""level"":1,""column"":0,""type"":""string"",""value"":""Splits the earth below a random enemy unit, damaging and slowing all enemy ground units in that region. Deals 40 spell damage, slows by 50% for 10 seconds.|n|n|cffFFFF80Cooldown:|cffFFFF00 10 |rseconds""}],""auar"":[{""level"":0,""column"":0,""type"":""string"",""value"":""ReplaceableTextures\\CommandButtons\\BTNEarthquake.blp""}]}"
custom	A00N	ACch			9999		99999							"{""wurs"":[{""level"":0,""column"":0,""type"":""int"",""value"":42}],""amcs"":[{""level"":1,""column"":0,""type"":""int"",""value"":9999}],""Nch1"":[{""level"":1,""column"":1,""type"":""int"",""value"":5}],""arac"":[{""level"":0,""column"":0,""type"":""string"",""value"":""orc""}],""aran"":[{""level"":1,""column"":0,""type"":""unreal"",""value"":99999}],""atat"":[{""level"":0,""column"":0,""type"":""string"",""value"":""Objects\\Spawnmodels\\Naga\\NagaDeath\\NagaDeath.mdl""}],""ata0"":[{""level"":0,""column"":0,""type"":""string"",""value"":""origin""}]}"
custom	A00O	ACpa	NAG: Oracle		9999	99	99999		enemies,ground,invulnerable,mechanical,neutral,structure			Control Enemy	Gains control of a random enemy unit.|n|n|cffFFFF80Cooldown:|cffFFFF00 16 |rseconds	"{""wurs"":[{""level"":0,""column"":0,""type"":""int"",""value"":42}],""abuf"":[{""level"":1,""column"":0,""type"":""string"",""value"":""""}],""Npa6"":[{""level"":1,""column"":0,""type"":""unreal"",""value"":0.01}],""acdn"":[{""level"":1,""column"":0,""type"":""unreal"",""value"":99}],""amcs"":[{""level"":1,""column"":0,""type"":""int"",""value"":9999}],""Poi1"":[{""level"":1,""column"":1,""type"":""unreal"",""value"":0}],""Poi4"":[{""level"":1,""column"":4,""type"":""int"",""value"":0}],""adur"":[{""level"":1,""column"":0,""type"":""unreal"",""value"":0.01}],""arac"":[{""level"":0,""column"":0,""type"":""string"",""value"":""orc""}],""aran"":[{""level"":1,""column"":0,""type"":""unreal"",""value"":99999}],""atar"":[{""level"":1,""column"":0,""type"":""string"",""value"":""enemies,ground,invulnerable,mechanical,neutral,structure""}],""ipmu"":[{""level"":1,""column"":0,""type"":""string"",""value"":""nfbr""}],""aart"":[{""level"":0,""column"":0,""type"":""string"",""value"":""ReplaceableTextures\\CommandButtons\\BTNCharm.blp""}],""amat"":[{""level"":0,""column"":0,""type"":""string"",""value"":""""}],""anam"":[{""level"":0,""column"":0,""type"":""string"",""value"":""NAG: Oracle""}],""atp1"":[{""level"":1,""column"":0,""type"":""string"",""value"":""Control Enemy""}],""aub1"":[{""level"":1,""column"":0,""type"":""string"",""value"":""Gains control of a random enemy unit.|n|n|cffFFFF80Cooldown:|cffFFFF00 16 |rseconds""}],""auar"":[{""level"":0,""column"":0,""type"":""string"",""value"":""ReplaceableTextures\\CommandButtons\\BTNCharm.blp""}]}"
custom	A00P	ACcv			9999	99	99999	200	enemies,ground,neutral			Tidal Wave	Hurls a gigantic wave that deals 200 damage to ground units in a line.	"{""wurs"":[{""level"":0,""column"":0,""type"":""int"",""value"":42}],""aare"":[{""level"":1,""column"":0,""type"":""unreal"",""value"":200}],""acdn"":[{""level"":1,""column"":0,""type"":""unreal"",""value"":99}],""amcs"":[{""level"":1,""column"":0,""type"":""int"",""value"":9999}],""Ucs1"":[{""level"":1,""column"":1,""type"":""unreal"",""value"":270}],""Ucs2"":[{""level"":1,""column"":2,""type"":""unreal"",""value"":99999}],""Ucs3"":[{""level"":1,""column"":3,""type"":""unreal"",""value"":12000}],""Ucs4"":[{""level"":1,""column"":4,""type"":""unreal"",""value"":200}],""amsp"":[{""level"":0,""column"":0,""type"":""int"",""value"":1500}],""arac"":[{""level"":0,""column"":0,""type"":""string"",""value"":""orc""}],""aran"":[{""level"":1,""column"":0,""type"":""unreal"",""value"":99999}],""atar"":[{""level"":1,""column"":0,""type"":""string"",""value"":""enemies,ground,neutral""}],""atp1"":[{""level"":1,""column"":0,""type"":""string"",""value"":""Tidal Wave""}],""aub1"":[{""level"":1,""column"":0,""type"":""string"",""value"":""Hurls a gigantic wave that deals 200 damage to ground units in a line.""}]}"
custom	A00Q	ACpv												"{""wurs"":[{""level"":0,""column"":0,""type"":""int"",""value"":42}],""War1"":[{""level"":1,""column"":1,""type"":""unreal"",""value"":30}],""War2"":[{""level"":1,""column"":2,""type"":""unreal"",""value"":300}],""arac"":[{""level"":0,""column"":0,""type"":""string"",""value"":""other""}],""aani"":[{""level"":0,""column"":0,""type"":""string"",""value"":""second""}]}"
custom	A00R	ANde												"{""wurs"":[{""level"":0,""column"":0,""type"":""int"",""value"":42}],""aher"":[{""level"":0,""column"":0,""type"":""int"",""value"":0}],""arac"":[{""level"":0,""column"":0,""type"":""string"",""value"":""other""}]}"
custom	A00S	AOcr	Killer Strike	1										"{""wurs"":[{""level"":0,""column"":0,""type"":""int"",""value"":42}],""Ocr1"":[{""level"":1,""column"":1,""type"":""unreal"",""value"":30}],""Ocr2"":[{""level"":1,""column"":2,""type"":""unreal"",""value"":20}],""aher"":[{""level"":0,""column"":0,""type"":""int"",""value"":0}],""alev"":[{""level"":0,""column"":0,""type"":""int"",""value"":1}],""arac"":[{""level"":0,""column"":0,""type"":""string"",""value"":""other""}],""anam"":[{""level"":0,""column"":0,""type"":""string"",""value"":""Killer Strike""}]}"
custom	A00T	ACes												"{""wurs"":[{""level"":0,""column"":0,""type"":""int"",""value"":42}],""Eev1"":[{""level"":1,""column"":1,""type"":""unreal"",""value"":0.08}],""arac"":[{""level"":0,""column"":0,""type"":""string"",""value"":""human""}]}"
custom	A00U	ACev												"{""wurs"":[{""level"":0,""column"":0,""type"":""int"",""value"":42}],""arac"":[{""level"":0,""column"":0,""type"":""string"",""value"":""human""}]}"
custom	A00V	ACct												"{""wurs"":[{""level"":0,""column"":0,""type"":""int"",""value"":42}],""Ocr1"":[{""level"":1,""column"":1,""type"":""unreal"",""value"":25}],""Ocr2"":[{""level"":1,""column"":2,""type"":""unreal"",""value"":2.5}],""arac"":[{""level"":0,""column"":0,""type"":""string"",""value"":""human""}]}"
custom	A00W	ACff			9999	99	900							"{""wurs"":[{""level"":0,""column"":0,""type"":""int"",""value"":42}],""acdn"":[{""level"":1,""column"":0,""type"":""unreal"",""value"":99}],""amcs"":[{""level"":1,""column"":0,""type"":""int"",""value"":9999}],""Fae1"":[{""level"":1,""column"":1,""type"":""int"",""value"":6}],""Fae2"":[{""level"":1,""column"":2,""type"":""int"",""value"":1}],""ahdu"":[{""level"":1,""column"":0,""type"":""unreal"",""value"":7.5}],""arac"":[{""level"":0,""column"":0,""type"":""string"",""value"":""human""}],""aran"":[{""level"":1,""column"":0,""type"":""unreal"",""value"":900}]}"
custom	A00X	Ahea	HEL: Wizard (Heal (dummy))		9999	99	500							"{""wurs"":[{""level"":0,""column"":0,""type"":""int"",""value"":42}],""acdn"":[{""level"":1,""column"":0,""type"":""unreal"",""value"":99}],""amcs"":[{""level"":1,""column"":0,""type"":""int"",""value"":9999}],""Hea1"":[{""level"":1,""column"":1,""type"":""unreal"",""value"":1}],""aran"":[{""level"":1,""column"":0,""type"":""unreal"",""value"":500}],""anam"":[{""level"":0,""column"":0,""type"":""string"",""value"":""HEL: Wizard (Heal (dummy))""}]}"
custom	A00Y	AChv	HEL: Wizard (Heal)		9999	99	900							"{""wurs"":[{""level"":0,""column"":0,""type"":""int"",""value"":42}],""acdn"":[{""level"":1,""column"":0,""type"":""unreal"",""value"":99}],""amcs"":[{""level"":1,""column"":0,""type"":""int"",""value"":9999}],""Ocl1"":[{""level"":1,""column"":1,""type"":""unreal"",""value"":300}],""Ocl2"":[{""level"":1,""column"":2,""type"":""int"",""value"":6}],""arac"":[{""level"":0,""column"":0,""type"":""string"",""value"":""human""}],""aran"":[{""level"":1,""column"":0,""type"":""unreal"",""value"":900}],""Ocl3"":[{""level"":1,""column"":3,""type"":""unreal"",""value"":0.2}],""anam"":[{""level"":0,""column"":0,""type"":""string"",""value"":""HEL: Wizard (Heal)""}]}"
custom	A00Z	AIlx	HEL: Wizard (Lightning)						air,enemies,ground,ward					"{""wurs"":[{""level"":0,""column"":0,""type"":""int"",""value"":42}],""Idam"":[{""level"":1,""column"":1,""type"":""unreal"",""value"":0}],""Iob2"":[{""level"":1,""column"":2,""type"":""unreal"",""value"":30}],""Iob3"":[{""level"":1,""column"":3,""type"":""unreal"",""value"":30}],""Iob4"":[{""level"":1,""column"":4,""type"":""unreal"",""value"":30}],""aite"":[{""level"":0,""column"":0,""type"":""int"",""value"":0}],""amho"":[{""level"":0,""column"":0,""type"":""int"",""value"":0}],""arac"":[{""level"":0,""column"":0,""type"":""string"",""value"":""human""}],""atar"":[{""level"":1,""column"":0,""type"":""string"",""value"":""air,enemies,ground,ward""}],""Iobu"":[{""level"":1,""column"":0,""type"":""string"",""value"":""A00L""}],""amat"":[{""level"":0,""column"":0,""type"":""string"",""value"":""Abilities\\Weapons\\SorceressMissile\\SorceressMissile.mdl""}],""anam"":[{""level"":0,""column"":0,""type"":""string"",""value"":""HEL: Wizard (Lightning)""}],""asat"":[{""level"":0,""column"":0,""type"":""string"",""value"":""""}],""aspt"":[{""level"":0,""column"":0,""type"":""string"",""value"":""""}],""atat"":[{""level"":0,""column"":0,""type"":""string"",""value"":""""}],""ata0"":[{""level"":0,""column"":0,""type"":""string"",""value"":""""}]}"
custom	A010	Apxf				3		700	air,enemies,ground,structure	B01D				"{""wurs"":[{""level"":0,""column"":0,""type"":""int"",""value"":42}],""aare"":[{""level"":1,""column"":0,""type"":""unreal"",""value"":700}],""abuf"":[{""level"":1,""column"":0,""type"":""string"",""value"":""B01D""}],""acdn"":[{""level"":1,""column"":0,""type"":""unreal"",""value"":3}],""pxf1"":[{""level"":1,""column"":1,""type"":""unreal"",""value"":75}],""pxf2"":[{""level"":1,""column"":2,""type"":""unreal"",""value"":25}],""adur"":[{""level"":1,""column"":0,""type"":""unreal"",""value"":4}],""ahdu"":[{""level"":1,""column"":0,""type"":""unreal"",""value"":4}],""amsp"":[{""level"":0,""column"":0,""type"":""int"",""value"":700}],""atar"":[{""level"":1,""column"":0,""type"":""string"",""value"":""air,enemies,ground,structure""}],""acat"":[{""level"":0,""column"":0,""type"":""string"",""value"":""Abilities\\Spells\\Items\\TomeOfRetraining\\TomeOfRetrainingCaster.mdl""}],""acap"":[{""level"":0,""column"":0,""type"":""string"",""value"":""origin""}],""aeat"":[{""level"":0,""column"":0,""type"":""string"",""value"":""Abilities\\Spells\\Human\\Thunderclap\\ThunderClapCaster.mdl""}],""amat"":[{""level"":0,""column"":0,""type"":""string"",""value"":""Abilities\\Weapons\\LordofFlameMissile\\LordofFlameMissile.mdl""}],""asat"":[{""level"":0,""column"":0,""type"":""string"",""value"":""Objects\\Spawnmodels\\Human\\HumanLargeDeathExplode\\HumanLargeDeathExplode.mdl""}],""aspt"":[{""level"":0,""column"":0,""type"":""string"",""value"":""chest""}],""atat"":[{""level"":0,""column"":0,""type"":""string"",""value"":""Abilities\\Spells\\Items\\AIil\\AIilTarget.mdl""}],""ata0"":[{""level"":0,""column"":0,""type"":""string"",""value"":""chest""}],""atac"":[{""level"":0,""column"":0,""type"":""int"",""value"":1}]}"
custom	A011	AHad		1				450						"{""wurs"":[{""level"":0,""column"":0,""type"":""int"",""value"":42}],""aare"":[{""level"":1,""column"":0,""type"":""unreal"",""value"":450}],""Had1"":[{""level"":1,""column"":1,""type"":""unreal"",""value"":2}],""aher"":[{""level"":0,""column"":0,""type"":""int"",""value"":0}],""alev"":[{""level"":0,""column"":0,""type"":""int"",""value"":1}],""arac"":[{""level"":0,""column"":0,""type"":""string"",""value"":""other""}]}"
custom	A012	ANpi						300	air,enemies,ground,neutral					"{""wurs"":[{""level"":0,""column"":0,""type"":""int"",""value"":42}],""aare"":[{""level"":1,""column"":0,""type"":""unreal"",""value"":300}],""Eim1"":[{""level"":1,""column"":1,""type"":""unreal"",""value"":33}],""arac"":[{""level"":0,""column"":0,""type"":""string"",""value"":""human""}],""atar"":[{""level"":1,""column"":0,""type"":""string"",""value"":""air,enemies,ground,neutral""}]}"
custom	A013	Aasl						0	_	B01E				"{""wurs"":[{""level"":0,""column"":0,""type"":""int"",""value"":42}],""aare"":[{""level"":1,""column"":0,""type"":""unreal"",""value"":0}],""abuf"":[{""level"":1,""column"":0,""type"":""string"",""value"":""B01E""}],""Slo1"":[{""level"":1,""column"":1,""type"":""unreal"",""value"":0}],""arac"":[{""level"":0,""column"":0,""type"":""string"",""value"":""human""}],""atar"":[{""level"":1,""column"":0,""type"":""string"",""value"":""_""}],""atat"":[{""level"":0,""column"":0,""type"":""string"",""value"":""Abilities\\Weapons\\FaerieDragonMissile\\FaerieDragonMissile.mdl""}],""ata0"":[{""level"":0,""column"":0,""type"":""string"",""value"":""weapon""}]}"
custom	A014	Afbt												"{""wurs"":[{""level"":0,""column"":0,""type"":""int"",""value"":42}],""fbk1"":[{""level"":1,""column"":1,""type"":""unreal"",""value"":40}],""fbk3"":[{""level"":1,""column"":3,""type"":""unreal"",""value"":40}],""fbk5"":[{""level"":1,""column"":5,""type"":""unreal"",""value"":10}]}"
custom	A015	Aroc				99		600	air,enemies,ground			Multi Shot	This tower shoots at up to 5 enemies at once	"{""wurs"":[{""level"":0,""column"":0,""type"":""int"",""value"":42}],""aare"":[{""level"":1,""column"":0,""type"":""unreal"",""value"":600}],""acdn"":[{""level"":1,""column"":0,""type"":""unreal"",""value"":99}],""Efk1"":[{""level"":1,""column"":1,""type"":""unreal"",""value"":0}],""Efk2"":[{""level"":1,""column"":2,""type"":""unreal"",""value"":99999}],""Efk3"":[{""level"":1,""column"":3,""type"":""int"",""value"":3}],""arac"":[{""level"":0,""column"":0,""type"":""string"",""value"":""orc""}],""areq"":[{""level"":0,""column"":0,""type"":""string"",""value"":""""}],""atar"":[{""level"":1,""column"":0,""type"":""string"",""value"":""air,enemies,ground""}],""amac"":[{""level"":0,""column"":0,""type"":""unreal"",""value"":0}],""amat"":[{""level"":0,""column"":0,""type"":""string"",""value"":""Abilities\\Weapons\\SpiritOfVengeanceMissile\\SpiritOfVengeanceMissile.mdl""}],""atp1"":[{""level"":1,""column"":0,""type"":""string"",""value"":""Multi Shot""}],""aub1"":[{""level"":1,""column"":0,""type"":""string"",""value"":""This tower shoots at up to 5 enemies at once""}]}"
custom	A016	Ablo	Gjall Horn Buff	4	9999	99	"[{""level"":2,""column"":0,""type"":""unreal"",""value"":600},{""level"":3,""column"":0,""type"":""unreal"",""value"":600},{""level"":4,""column"":0,""type"":""unreal"",""value"":600}]"		"[{""level"":1,""column"":0,""type"":""string"",""value"":""air,friend,ground,neutral""},{""level"":2,""column"":0,""type"":""string"",""value"":""air,friend,ground,neutral""},{""level"":3,""column"":0,""type"":""string"",""value"":""air,friend,ground,neutral""},{""level"":4,""column"":0,""type"":""string"",""value"":""air,friend,ground,neutral""}]"	"[{""level"":1,""column"":0,""type"":""string"",""value"":""B000""},{""level"":2,""column"":0,""type"":""string"",""value"":""B000""},{""level"":3,""column"":0,""type"":""string"",""value"":""B000""},{""level"":4,""column"":0,""type"":""string"",""value"":""B000""}]"				"{""wurs"":[{""level"":0,""column"":0,""type"":""int"",""value"":42}],""abuf"":[{""level"":1,""column"":0,""type"":""string"",""value"":""B000""},{""level"":2,""column"":0,""type"":""string"",""value"":""B000""},{""level"":3,""column"":0,""type"":""string"",""value"":""B000""},{""level"":4,""column"":0,""type"":""string"",""value"":""B000""}],""acdn"":[{""level"":1,""column"":0,""type"":""unreal"",""value"":99}],""amcs"":[{""level"":1,""column"":0,""type"":""int"",""value"":9999}],""Blo2"":[{""level"":1,""column"":2,""type"":""unreal"",""value"":0}],""Blo3"":[{""level"":1,""column"":3,""type"":""unreal"",""value"":0.2},{""level"":2,""column"":3,""type"":""unreal"",""value"":0.225},{""level"":3,""column"":3,""type"":""unreal"",""value"":0.25},{""level"":4,""column"":3,""type"":""unreal"",""value"":0.25}],""areq"":[{""level"":0,""column"":0,""type"":""string"",""value"":""""}],""arqa"":[{""level"":0,""column"":0,""type"":""string"",""value"":""""}],""atar"":[{""level"":1,""column"":0,""type"":""string"",""value"":""air,friend,ground,neutral""},{""level"":2,""column"":0,""type"":""string"",""value"":""air,friend,ground,neutral""},{""level"":3,""column"":0,""type"":""string"",""value"":""air,friend,ground,neutral""},{""level"":4,""column"":0,""type"":""string"",""value"":""air,friend,ground,neutral""}],""alev"":[{""level"":0,""column"":0,""type"":""int"",""value"":4}],""Blo1"":[{""level"":2,""column"":1,""type"":""unreal"",""value"":0.45},{""level"":3,""column"":1,""type"":""unreal"",""value"":0.5},{""level"":4,""column"":1,""type"":""unreal"",""value"":0.55}],""aran"":[{""level"":2,""column"":0,""type"":""unreal"",""value"":600},{""level"":3,""column"":0,""type"":""unreal"",""value"":600},{""level"":4,""column"":0,""type"":""unreal"",""value"":600}],""ahdu"":[{""level"":2,""column"":0,""type"":""unreal"",""value"":60},{""level"":3,""column"":0,""type"":""unreal"",""value"":60},{""level"":4,""column"":0,""type"":""unreal"",""value"":60}],""adur"":[{""level"":2,""column"":0,""type"":""unreal"",""value"":60},{""level"":3,""column"":0,""type"":""unreal"",""value"":60},{""level"":4,""column"":0,""type"":""unreal"",""value"":60}],""aart"":[{""level"":0,""column"":0,""type"":""string"",""value"":""ReplaceableTextures\\CommandButtons\\BTNTransmute.blp""}],""auar"":[{""level"":0,""column"":0,""type"":""string"",""value"":""ReplaceableTextures\\CommandButtons\\BTNTransmute.blp""}],""anam"":[{""level"":0,""column"":0,""type"":""string"",""value"":""Gjall Horn Buff""}]}"
custom	A017	ACpa			9999	99	99999		enemies,ground,invulnerable,mechanical,neutral,structure			Hex	Turns random enemy unit into a sheep for 45 seconds.|n|n|cffFFFF80Cooldown:|cffFFFF00 10 |rseconds	"{""wurs"":[{""level"":0,""column"":0,""type"":""int"",""value"":42}],""abuf"":[{""level"":1,""column"":0,""type"":""string"",""value"":""""}],""Npa6"":[{""level"":1,""column"":0,""type"":""unreal"",""value"":0.01}],""acdn"":[{""level"":1,""column"":0,""type"":""unreal"",""value"":99}],""amcs"":[{""level"":1,""column"":0,""type"":""int"",""value"":9999}],""Poi1"":[{""level"":1,""column"":1,""type"":""unreal"",""value"":0}],""Poi4"":[{""level"":1,""column"":4,""type"":""int"",""value"":0}],""adur"":[{""level"":1,""column"":0,""type"":""unreal"",""value"":0.01}],""arac"":[{""level"":0,""column"":0,""type"":""string"",""value"":""orc""}],""aran"":[{""level"":1,""column"":0,""type"":""unreal"",""value"":99999}],""atar"":[{""level"":1,""column"":0,""type"":""string"",""value"":""enemies,ground,invulnerable,mechanical,neutral,structure""}],""ipmu"":[{""level"":1,""column"":0,""type"":""string"",""value"":""nfbr""}],""aart"":[{""level"":0,""column"":0,""type"":""string"",""value"":""ReplaceableTextures\\CommandButtons\\BTNPolymorph.blp""}],""amat"":[{""level"":0,""column"":0,""type"":""string"",""value"":""""}],""atp1"":[{""level"":1,""column"":0,""type"":""string"",""value"":""Hex""}],""aub1"":[{""level"":1,""column"":0,""type"":""string"",""value"":""Turns random enemy unit into a sheep for 45 seconds.|n|n|cffFFFF80Cooldown:|cffFFFF00 10 |rseconds""}],""auar"":[{""level"":0,""column"":0,""type"":""string"",""value"":""ReplaceableTextures\\CommandButtons\\BTNPolymorph.blp""}]}"
custom	A018	AOhx		1	9999	99	25000		air,enemies,ground,neutral					"{""wurs"":[{""level"":0,""column"":0,""type"":""int"",""value"":42}],""acdn"":[{""level"":1,""column"":0,""type"":""unreal"",""value"":99}],""amcs"":[{""level"":1,""column"":0,""type"":""int"",""value"":9999}],""Ply2"":[{""level"":1,""column"":2,""type"":""string"",""value"":""n00F""}],""Ply3"":[{""level"":1,""column"":3,""type"":""string"",""value"":""n00G""}],""Ply4"":[{""level"":1,""column"":4,""type"":""string"",""value"":""n00F""}],""Ply5"":[{""level"":1,""column"":5,""type"":""string"",""value"":""n00F""}],""adur"":[{""level"":1,""column"":0,""type"":""unreal"",""value"":45}],""aher"":[{""level"":0,""column"":0,""type"":""int"",""value"":0}],""ahdu"":[{""level"":1,""column"":0,""type"":""unreal"",""value"":11.25}],""alev"":[{""level"":0,""column"":0,""type"":""int"",""value"":1}],""aran"":[{""level"":1,""column"":0,""type"":""unreal"",""value"":25000}],""atar"":[{""level"":1,""column"":0,""type"":""string"",""value"":""air,enemies,ground,neutral""}]}"
custom	A019	ACac												"{""wurs"":[{""level"":0,""column"":0,""type"":""int"",""value"":42}],""Cac1"":[{""level"":1,""column"":1,""type"":""unreal"",""value"":0.2}],""arac"":[{""level"":0,""column"":0,""type"":""string"",""value"":""human""}]}"
custom	A01A	ACbh												"{""wurs"":[{""level"":0,""column"":0,""type"":""int"",""value"":42}],""Hbh1"":[{""level"":1,""column"":1,""type"":""unreal"",""value"":20}],""ahdu"":[{""level"":1,""column"":0,""type"":""unreal"",""value"":1}],""arac"":[{""level"":0,""column"":0,""type"":""string"",""value"":""human""}]}"
custom	A01B	AIlx							air,enemies,ground,ward					"{""wurs"":[{""level"":0,""column"":0,""type"":""int"",""value"":42}],""Idam"":[{""level"":1,""column"":1,""type"":""unreal"",""value"":0}],""Iob2"":[{""level"":1,""column"":2,""type"":""unreal"",""value"":10}],""Iob4"":[{""level"":1,""column"":4,""type"":""unreal"",""value"":10}],""aite"":[{""level"":0,""column"":0,""type"":""int"",""value"":0}],""amho"":[{""level"":0,""column"":0,""type"":""int"",""value"":0}],""amsp"":[{""level"":0,""column"":0,""type"":""int"",""value"":1100}],""arac"":[{""level"":0,""column"":0,""type"":""string"",""value"":""human""}],""atar"":[{""level"":1,""column"":0,""type"":""string"",""value"":""air,enemies,ground,ward""}],""Iobu"":[{""level"":1,""column"":0,""type"":""string"",""value"":""A05X""}],""amac"":[{""level"":0,""column"":0,""type"":""unreal"",""value"":0.15}],""amat"":[{""level"":0,""column"":0,""type"":""string"",""value"":""Abilities\\Weapons\\GryphonRiderMissile\\GryphonRiderMissile.mdl""}],""asat"":[{""level"":0,""column"":0,""type"":""string"",""value"":""""}],""aspt"":[{""level"":0,""column"":0,""type"":""string"",""value"":""""}],""atat"":[{""level"":0,""column"":0,""type"":""string"",""value"":""""}],""ata0"":[{""level"":0,""column"":0,""type"":""string"",""value"":""""}]}"
custom	A01C	ANth	NAG: Dragon Turtle (spiked shell)											"{""wurs"":[{""level"":0,""column"":0,""type"":""int"",""value"":42}],""Uts1"":[{""level"":1,""column"":1,""type"":""unreal"",""value"":0.6}],""Uts2"":[{""level"":1,""column"":2,""type"":""unreal"",""value"":0.8}],""arac"":[{""level"":0,""column"":0,""type"":""string"",""value"":""human""}],""anam"":[{""level"":0,""column"":0,""type"":""string"",""value"":""NAG: Dragon Turtle (spiked shell)""}]}"
custom	A01D	ACtb			9999	99								"{""wurs"":[{""level"":0,""column"":0,""type"":""int"",""value"":42}],""acdn"":[{""level"":1,""column"":0,""type"":""unreal"",""value"":99}],""amcs"":[{""level"":1,""column"":0,""type"":""int"",""value"":9999}],""adur"":[{""level"":1,""column"":0,""type"":""unreal"",""value"":4}],""ahdu"":[{""level"":1,""column"":0,""type"":""unreal"",""value"":4}],""aoro"":[{""level"":0,""column"":0,""type"":""string"",""value"":""creepthunderbolt""}],""arac"":[{""level"":0,""column"":0,""type"":""string"",""value"":""other""}]}"
custom	A01E	ACpa			9999	99	99999		enemies,ground,invulnerable,mechanical,neutral,structure			Hell's Fist	Disables random enemy building for 6 minutes in early game stage and for 20 minutes in late game, dealing 400 chaos damage to it.In very rare cases can target legendary buildings and Main Castle.Has an extra chance to target same building, also it causes buildings to take damage over time.|n|nCooldown:|cffffff00 40 |rseconds	"{""wurs"":[{""level"":0,""column"":0,""type"":""int"",""value"":42}],""abuf"":[{""level"":1,""column"":0,""type"":""string"",""value"":""""}],""Npa6"":[{""level"":1,""column"":0,""type"":""unreal"",""value"":0.01}],""acdn"":[{""level"":1,""column"":0,""type"":""unreal"",""value"":99}],""amcs"":[{""level"":1,""column"":0,""type"":""int"",""value"":9999}],""Poi1"":[{""level"":1,""column"":1,""type"":""unreal"",""value"":0}],""Poi4"":[{""level"":1,""column"":4,""type"":""int"",""value"":0}],""adur"":[{""level"":1,""column"":0,""type"":""unreal"",""value"":0.01}],""arac"":[{""level"":0,""column"":0,""type"":""string"",""value"":""orc""}],""aran"":[{""level"":1,""column"":0,""type"":""unreal"",""value"":99999}],""atar"":[{""level"":1,""column"":0,""type"":""string"",""value"":""enemies,ground,invulnerable,mechanical,neutral,structure""}],""ipmu"":[{""level"":1,""column"":0,""type"":""string"",""value"":""nfbr""}],""aart"":[{""level"":0,""column"":0,""type"":""string"",""value"":""ReplaceableTextures\\CommandButtons\\BTNImmolationOn.blp""}],""amat"":[{""level"":0,""column"":0,""type"":""string"",""value"":""""}],""atp1"":[{""level"":1,""column"":0,""type"":""string"",""value"":""Hell's Fist""}],""aub1"":[{""level"":1,""column"":0,""type"":""string"",""value"":""Disables random enemy building for 6 minutes in early game stage and for 20 minutes in late game, dealing 400 chaos damage to it.In very rare cases can target legendary buildings and Main Castle.Has an extra chance to target same building, also it causes buildings to take damage over time.|n|nCooldown:|cffffff00 40 |rseconds""}],""auar"":[{""level"":0,""column"":0,""type"":""string"",""value"":""ReplaceableTextures\\CommandButtons\\BTNImmolationOn.blp""}]}"
custom	A01F	ACce						175						"{""wurs"":[{""level"":0,""column"":0,""type"":""int"",""value"":42}],""aare"":[{""level"":1,""column"":0,""type"":""unreal"",""value"":175}],""arac"":[{""level"":0,""column"":0,""type"":""string"",""value"":""human""}]}"
custom	A01G	Acrs			9999	99	800		air,enemies,ground,neutral					"{""wurs"":[{""level"":0,""column"":0,""type"":""int"",""value"":42}],""acdn"":[{""level"":1,""column"":0,""type"":""unreal"",""value"":99}],""amcs"":[{""level"":1,""column"":0,""type"":""int"",""value"":9999}],""Crs\u0000"":[{""level"":1,""column"":1,""type"":""unreal"",""value"":0.35}],""adur"":[{""level"":1,""column"":0,""type"":""unreal"",""value"":45}],""ahdu"":[{""level"":1,""column"":0,""type"":""unreal"",""value"":11.25}],""arac"":[{""level"":0,""column"":0,""type"":""string"",""value"":""human""}],""aran"":[{""level"":1,""column"":0,""type"":""unreal"",""value"":800}],""atar"":[{""level"":1,""column"":0,""type"":""string"",""value"":""air,enemies,ground,neutral""}]}"
custom	A01H	AHtb		1	9999	99	99999		debris,enemies,ground,neutral,structure					"{""wurs"":[{""level"":0,""column"":0,""type"":""int"",""value"":42}],""abuf"":[{""level"":1,""column"":0,""type"":""string"",""value"":""""}],""acdn"":[{""level"":1,""column"":0,""type"":""unreal"",""value"":99}],""amcs"":[{""level"":1,""column"":0,""type"":""int"",""value"":9999}],""Htb1"":[{""level"":1,""column"":1,""type"":""unreal"",""value"":99999}],""adur"":[{""level"":1,""column"":0,""type"":""unreal"",""value"":0.01}],""aher"":[{""level"":0,""column"":0,""type"":""int"",""value"":0}],""ahdu"":[{""level"":1,""column"":0,""type"":""unreal"",""value"":0.01}],""alev"":[{""level"":0,""column"":0,""type"":""int"",""value"":1}],""amsp"":[{""level"":0,""column"":0,""type"":""int"",""value"":10000}],""arac"":[{""level"":0,""column"":0,""type"":""string"",""value"":""orc""}],""aran"":[{""level"":1,""column"":0,""type"":""unreal"",""value"":99999}],""atar"":[{""level"":1,""column"":0,""type"":""string"",""value"":""debris,enemies,ground,neutral,structure""}],""amat"":[{""level"":0,""column"":0,""type"":""string"",""value"":""""}]}"
custom	A01I	AHfs		1	9999	99	99999	325	debris,enemies,ground,neutral,self,structure,tree					"{""wurs"":[{""level"":0,""column"":0,""type"":""int"",""value"":42}],""aare"":[{""level"":1,""column"":0,""type"":""unreal"",""value"":325}],""acas"":[{""level"":1,""column"":0,""type"":""unreal"",""value"":0.8}],""acdn"":[{""level"":1,""column"":0,""type"":""unreal"",""value"":99}],""amcs"":[{""level"":1,""column"":0,""type"":""int"",""value"":9999}],""Hfs1"":[{""level"":1,""column"":1,""type"":""unreal"",""value"":25}],""Hfs2"":[{""level"":1,""column"":2,""type"":""unreal"",""value"":0.25}],""Hfs5"":[{""level"":1,""column"":5,""type"":""unreal"",""value"":0.4}],""Hfs6"":[{""level"":1,""column"":6,""type"":""unreal"",""value"":150}],""aher"":[{""level"":0,""column"":0,""type"":""int"",""value"":0}],""ahdu"":[{""level"":1,""column"":0,""type"":""unreal"",""value"":2.77}],""alev"":[{""level"":0,""column"":0,""type"":""int"",""value"":1}],""arac"":[{""level"":0,""column"":0,""type"":""string"",""value"":""orc""}],""aran"":[{""level"":1,""column"":0,""type"":""unreal"",""value"":99999}],""atar"":[{""level"":1,""column"":0,""type"":""string"",""value"":""debris,enemies,ground,neutral,self,structure,tree""}]}"
custom	A01J	ACpa			9999	99	99999		enemies,ground,invulnerable,mechanical,neutral,structure			Eruption	Damages the area around a random enemy unit dealing 100 dps spell damage for 2.75 seconds. Cannot damage more than 6 units concurrently. Deals only 40% damage to buildings.|n|n|cffFFFF80Cooldown:|cffFFFF00 13 |rseconds	"{""wurs"":[{""level"":0,""column"":0,""type"":""int"",""value"":42}],""abuf"":[{""level"":1,""column"":0,""type"":""string"",""value"":""""}],""Npa6"":[{""level"":1,""column"":0,""type"":""unreal"",""value"":0.01}],""acdn"":[{""level"":1,""column"":0,""type"":""unreal"",""value"":99}],""amcs"":[{""level"":1,""column"":0,""type"":""int"",""value"":9999}],""Poi1"":[{""level"":1,""column"":1,""type"":""unreal"",""value"":0}],""Poi4"":[{""level"":1,""column"":4,""type"":""int"",""value"":0}],""adur"":[{""level"":1,""column"":0,""type"":""unreal"",""value"":0.01}],""arac"":[{""level"":0,""column"":0,""type"":""string"",""value"":""orc""}],""aran"":[{""level"":1,""column"":0,""type"":""unreal"",""value"":99999}],""atar"":[{""level"":1,""column"":0,""type"":""string"",""value"":""enemies,ground,invulnerable,mechanical,neutral,structure""}],""ipmu"":[{""level"":1,""column"":0,""type"":""string"",""value"":""nfbr""}],""aart"":[{""level"":0,""column"":0,""type"":""string"",""value"":""ReplaceableTextures\\CommandButtons\\BTNWallOfFire.blp""}],""amat"":[{""level"":0,""column"":0,""type"":""string"",""value"":""""}],""atp1"":[{""level"":1,""column"":0,""type"":""string"",""value"":""Eruption""}],""aub1"":[{""level"":1,""column"":0,""type"":""string"",""value"":""Damages the area around a random enemy unit dealing 100 dps spell damage for 2.75 seconds. Cannot damage more than 6 units concurrently. Deals only 40% damage to buildings.|n|n|cffFFFF80Cooldown:|cffFFFF00 13 |rseconds""}],""auar"":[{""level"":0,""column"":0,""type"":""string"",""value"":""ReplaceableTextures\\CommandButtons\\BTNWallOfFire.blp""}]}"
custom	A01K	ACpa			9999	99	99999		enemies,ground,invulnerable,mechanical,neutral,structure			Holy Power	|cffffac00Utility|r|n|n|cff80ff00Holy Fervour|r • Applies a |cffffff0040|r-|cffffff0055|r% |cff959697(+5% per building)|r attack speed buff to nearby allies, which lasts |cffffff0060|rs. The effect grows in power for every Gjallarhorn built. • Cooldown: |cffffff007|rs.	"{""wurs"":[{""level"":0,""column"":0,""type"":""int"",""value"":42}],""abuf"":[{""level"":1,""column"":0,""type"":""string"",""value"":""""}],""Npa6"":[{""level"":1,""column"":0,""type"":""unreal"",""value"":0.01}],""acdn"":[{""level"":1,""column"":0,""type"":""unreal"",""value"":99}],""amcs"":[{""level"":1,""column"":0,""type"":""int"",""value"":9999}],""Poi1"":[{""level"":1,""column"":1,""type"":""unreal"",""value"":0}],""Poi4"":[{""level"":1,""column"":4,""type"":""int"",""value"":0}],""adur"":[{""level"":1,""column"":0,""type"":""unreal"",""value"":0.01}],""arac"":[{""level"":0,""column"":0,""type"":""string"",""value"":""orc""}],""aran"":[{""level"":1,""column"":0,""type"":""unreal"",""value"":99999}],""atar"":[{""level"":1,""column"":0,""type"":""string"",""value"":""enemies,ground,invulnerable,mechanical,neutral,structure""}],""ipmu"":[{""level"":1,""column"":0,""type"":""string"",""value"":""nfbr""}],""aart"":[{""level"":0,""column"":0,""type"":""string"",""value"":""ReplaceableTextures\\CommandButtons\\BTNTransmute.blp""}],""amat"":[{""level"":0,""column"":0,""type"":""string"",""value"":""""}],""atp1"":[{""level"":1,""column"":0,""type"":""string"",""value"":""Holy Power""}],""aub1"":[{""level"":1,""column"":0,""type"":""string"",""value"":""|cffffac00Utility|r|n|n|cff80ff00Holy Fervour|r • Applies a |cffffff0040|r-|cffffff0055|r% |cff959697(+5% per building)|r attack speed buff to nearby allies, which lasts |cffffff0060|rs. The effect grows in power for every Gjallarhorn built. • Cooldown: |cffffff007|rs.""}],""auar"":[{""level"":0,""column"":0,""type"":""string"",""value"":""ReplaceableTextures\\CommandButtons\\BTNTransmute.blp""}]}"
custom	A01L	ANpi						250	air,enemies,ground,neutral,organic	B001				"{""wurs"":[{""level"":0,""column"":0,""type"":""int"",""value"":42}],""aare"":[{""level"":1,""column"":0,""type"":""unreal"",""value"":250}],""abuf"":[{""level"":1,""column"":0,""type"":""string"",""value"":""B001""}],""Eim1"":[{""level"":1,""column"":1,""type"":""unreal"",""value"":8}],""arac"":[{""level"":0,""column"":0,""type"":""string"",""value"":""human""}],""atar"":[{""level"":1,""column"":0,""type"":""string"",""value"":""air,enemies,ground,neutral,organic""}]}"
custom	A01M	Aslo			9999	99	800			B01P				"{""wurs"":[{""level"":0,""column"":0,""type"":""int"",""value"":42}],""abuf"":[{""level"":1,""column"":0,""type"":""string"",""value"":""B01P""}],""acdn"":[{""level"":1,""column"":0,""type"":""unreal"",""value"":99}],""amcs"":[{""level"":1,""column"":0,""type"":""int"",""value"":9999}],""Slo1"":[{""level"":1,""column"":1,""type"":""unreal"",""value"":0.3}],""Slo2"":[{""level"":1,""column"":2,""type"":""unreal"",""value"":0.3}],""adur"":[{""level"":1,""column"":0,""type"":""unreal"",""value"":35}],""ahdu"":[{""level"":1,""column"":0,""type"":""unreal"",""value"":8.75}],""aran"":[{""level"":1,""column"":0,""type"":""unreal"",""value"":800}]}"
custom	A01N	ACac						450	air,enemies,ground,organic,vulnerable,ward	B002				"{""wurs"":[{""level"":0,""column"":0,""type"":""int"",""value"":42}],""aare"":[{""level"":1,""column"":0,""type"":""unreal"",""value"":450}],""abuf"":[{""level"":1,""column"":0,""type"":""string"",""value"":""B002""}],""Cac1"":[{""level"":1,""column"":1,""type"":""unreal"",""value"":-0.15}],""arac"":[{""level"":0,""column"":0,""type"":""string"",""value"":""human""}],""atar"":[{""level"":1,""column"":0,""type"":""string"",""value"":""air,enemies,ground,organic,vulnerable,ward""}]}"
custom	A01O	ACvp							air,friend,ground,invulnerable,organic,vulnerable					"{""wurs"":[{""level"":0,""column"":0,""type"":""int"",""value"":42}],""Uav1"":[{""level"":1,""column"":1,""type"":""unreal"",""value"":0.35}],""arac"":[{""level"":0,""column"":0,""type"":""string"",""value"":""human""}],""atar"":[{""level"":1,""column"":0,""type"":""string"",""value"":""air,friend,ground,invulnerable,organic,vulnerable""}],""atat"":[{""level"":0,""column"":0,""type"":""string"",""value"":""""}],""ata0"":[{""level"":0,""column"":0,""type"":""string"",""value"":""""}]}"
custom	A01P	ACvp							self					"{""wurs"":[{""level"":0,""column"":0,""type"":""int"",""value"":42}],""Uav1"":[{""level"":1,""column"":1,""type"":""unreal"",""value"":0.4}],""arac"":[{""level"":0,""column"":0,""type"":""string"",""value"":""human""}],""atar"":[{""level"":1,""column"":0,""type"":""string"",""value"":""self""}],""atat"":[{""level"":0,""column"":0,""type"":""string"",""value"":""""}],""ata0"":[{""level"":0,""column"":0,""type"":""string"",""value"":""""}]}"
custom	A01Q	ACpa			9999	99	99999		enemies,ground,invulnerable,mechanical,neutral,structure			Advanced Raise Dead	Uses a corpse to spawn a random tier 1 skeleton, with a 10% chance for a tier 2 instead.|n|n|cffFFFF80Cooldown:|cffFFFF00 12 |rseconds	"{""wurs"":[{""level"":0,""column"":0,""type"":""int"",""value"":42}],""abuf"":[{""level"":1,""column"":0,""type"":""string"",""value"":""""}],""Npa6"":[{""level"":1,""column"":0,""type"":""unreal"",""value"":0.01}],""acdn"":[{""level"":1,""column"":0,""type"":""unreal"",""value"":99}],""amcs"":[{""level"":1,""column"":0,""type"":""int"",""value"":9999}],""Poi1"":[{""level"":1,""column"":1,""type"":""unreal"",""value"":0}],""Poi4"":[{""level"":1,""column"":4,""type"":""int"",""value"":0}],""adur"":[{""level"":1,""column"":0,""type"":""unreal"",""value"":0.01}],""arac"":[{""level"":0,""column"":0,""type"":""string"",""value"":""orc""}],""aran"":[{""level"":1,""column"":0,""type"":""unreal"",""value"":99999}],""atar"":[{""level"":1,""column"":0,""type"":""string"",""value"":""enemies,ground,invulnerable,mechanical,neutral,structure""}],""ipmu"":[{""level"":1,""column"":0,""type"":""string"",""value"":""nfbr""}],""aart"":[{""level"":0,""column"":0,""type"":""string"",""value"":""ReplaceableTextures\\CommandButtons\\BTNAnimateDead.blp""}],""ahky"":[{""level"":0,""column"":0,""type"":""string"",""value"":""D""}],""amat"":[{""level"":0,""column"":0,""type"":""string"",""value"":""""}],""atp1"":[{""level"":1,""column"":0,""type"":""string"",""value"":""Advanced Raise Dead""}],""aub1"":[{""level"":1,""column"":0,""type"":""string"",""value"":""Uses a corpse to spawn a random tier 1 skeleton, with a 10% chance for a tier 2 instead.|n|n|cffFFFF80Cooldown:|cffFFFF00 12 |rseconds""}],""auar"":[{""level"":0,""column"":0,""type"":""string"",""value"":""ReplaceableTextures\\CommandButtons\\BTNAnimateDead.blp""}],""auhk"":[{""level"":0,""column"":0,""type"":""string"",""value"":""D""}]}"
custom	A01R	ANde												"{""wurs"":[{""level"":0,""column"":0,""type"":""int"",""value"":42}],""Nde2"":[{""level"":1,""column"":2,""type"":""unreal"",""value"":1.5}],""aher"":[{""level"":0,""column"":0,""type"":""int"",""value"":0}],""arac"":[{""level"":0,""column"":0,""type"":""string"",""value"":""human""}]}"
custom	A01S	ACpv												"{""wurs"":[{""level"":0,""column"":0,""type"":""int"",""value"":42}],""War1"":[{""level"":1,""column"":1,""type"":""unreal"",""value"":35}],""War2"":[{""level"":1,""column"":2,""type"":""unreal"",""value"":125}],""arac"":[{""level"":0,""column"":0,""type"":""string"",""value"":""human""}]}"
custom	A01T	ANpi	UND: City Of Decay					20000	air,enemies,ground,neutral,organic	B003		Decay	Slowly dissolves all organic enemies on the entire map. They take 10 spell damage every second, until they die. Multiples of this building offer no additional benefit.	"{""wurs"":[{""level"":0,""column"":0,""type"":""int"",""value"":42}],""aare"":[{""level"":1,""column"":0,""type"":""unreal"",""value"":20000}],""abuf"":[{""level"":1,""column"":0,""type"":""string"",""value"":""B003""}],""arac"":[{""level"":0,""column"":0,""type"":""string"",""value"":""orc""}],""atar"":[{""level"":1,""column"":0,""type"":""string"",""value"":""air,enemies,ground,neutral,organic""}],""aart"":[{""level"":0,""column"":0,""type"":""string"",""value"":""ReplaceableTextures\\CommandButtons\\BTNAvatar.blp""}],""anam"":[{""level"":0,""column"":0,""type"":""string"",""value"":""UND: City Of Decay""}],""atp1"":[{""level"":1,""column"":0,""type"":""string"",""value"":""Decay""}],""aub1"":[{""level"":1,""column"":0,""type"":""string"",""value"":""Slowly dissolves all organic enemies on the entire map. They take 10 spell damage every second, until they die. Multiples of this building offer no additional benefit.""}]}"
custom	A01U	ACbh								B005		Soul Steal	Attacks have a 5% chance to instantly kill their target.	"{""wurs"":[{""level"":0,""column"":0,""type"":""int"",""value"":42}],""abuf"":[{""level"":1,""column"":0,""type"":""string"",""value"":""B005""}],""Hbh1"":[{""level"":1,""column"":1,""type"":""unreal"",""value"":5}],""Hbh3"":[{""level"":1,""column"":3,""type"":""unreal"",""value"":999999}],""adur"":[{""level"":1,""column"":0,""type"":""unreal"",""value"":0.01}],""ahdu"":[{""level"":1,""column"":0,""type"":""unreal"",""value"":0.01}],""arac"":[{""level"":0,""column"":0,""type"":""string"",""value"":""orc""}],""aart"":[{""level"":0,""column"":0,""type"":""string"",""value"":""ReplaceableTextures\\CommandButtons\\BTNDeathCoil.blp""}],""atp1"":[{""level"":1,""column"":0,""type"":""string"",""value"":""Soul Steal""}],""aub1"":[{""level"":1,""column"":0,""type"":""string"",""value"":""Attacks have a 5% chance to instantly kill their target.""}]}"
custom	A01V	AHad		1				500	air,enemies,ground,vulnerable	B004		Corrosion	Enemies nearby have their armor reduced by 3 until they leave the area.	"{""wurs"":[{""level"":0,""column"":0,""type"":""int"",""value"":42}],""aare"":[{""level"":1,""column"":0,""type"":""unreal"",""value"":500}],""abuf"":[{""level"":1,""column"":0,""type"":""string"",""value"":""B004""}],""Had1"":[{""level"":1,""column"":1,""type"":""unreal"",""value"":-3}],""aher"":[{""level"":0,""column"":0,""type"":""int"",""value"":0}],""alev"":[{""level"":0,""column"":0,""type"":""int"",""value"":1}],""arac"":[{""level"":0,""column"":0,""type"":""string"",""value"":""orc""}],""atar"":[{""level"":1,""column"":0,""type"":""string"",""value"":""air,enemies,ground,vulnerable""}],""aart"":[{""level"":0,""column"":0,""type"":""string"",""value"":""ReplaceableTextures\\PassiveButtons\\PASBTNRegenerationAura.blp""}],""atp1"":[{""level"":1,""column"":0,""type"":""string"",""value"":""Corrosion""}],""aub1"":[{""level"":1,""column"":0,""type"":""string"",""value"":""Enemies nearby have their armor reduced by 3 until they leave the area.""}]}"
custom	A01W	ACpa			9999	99	99999		enemies,ground,invulnerable,mechanical,neutral,structure			Erase	Picks a random enemy unit and then kills all units of that type that the enemy controls.|n|n|cffFFFF80Cooldown:|cffFFFF00 50 |rseconds |cffFFFF00-12.5|r seconds per upgrade.	"{""wurs"":[{""level"":0,""column"":0,""type"":""int"",""value"":42}],""abuf"":[{""level"":1,""column"":0,""type"":""string"",""value"":""""}],""Npa6"":[{""level"":1,""column"":0,""type"":""unreal"",""value"":0.01}],""acdn"":[{""level"":1,""column"":0,""type"":""unreal"",""value"":99}],""amcs"":[{""level"":1,""column"":0,""type"":""int"",""value"":9999}],""Poi1"":[{""level"":1,""column"":1,""type"":""unreal"",""value"":0}],""Poi4"":[{""level"":1,""column"":4,""type"":""int"",""value"":0}],""adur"":[{""level"":1,""column"":0,""type"":""unreal"",""value"":0.01}],""arac"":[{""level"":0,""column"":0,""type"":""string"",""value"":""orc""}],""aran"":[{""level"":1,""column"":0,""type"":""unreal"",""value"":99999}],""atar"":[{""level"":1,""column"":0,""type"":""string"",""value"":""enemies,ground,invulnerable,mechanical,neutral,structure""}],""ipmu"":[{""level"":1,""column"":0,""type"":""string"",""value"":""nfbr""}],""aart"":[{""level"":0,""column"":0,""type"":""string"",""value"":""ReplaceableTextures\\PassiveButtons\\PASBTNShadeTrueSight.blp""}],""ahky"":[{""level"":0,""column"":0,""type"":""string"",""value"":""X""}],""amat"":[{""level"":0,""column"":0,""type"":""string"",""value"":""""}],""atp1"":[{""level"":1,""column"":0,""type"":""string"",""value"":""Erase""}],""aub1"":[{""level"":1,""column"":0,""type"":""string"",""value"":""Picks a random enemy unit and then kills all units of that type that the enemy controls.|n|n|cffFFFF80Cooldown:|cffFFFF00 50 |rseconds |cffFFFF00-12.5|r seconds per upgrade.""}],""auar"":[{""level"":0,""column"":0,""type"":""string"",""value"":""ReplaceableTextures\\PassiveButtons\\PASBTNShadeTrueSight.blp""}],""auhk"":[{""level"":0,""column"":0,""type"":""string"",""value"":""X""}]}"
custom	A01X	AHtb		1	9999	99	99999		air,debris,enemies,ground,neutral,structure	B005				"{""wurs"":[{""level"":0,""column"":0,""type"":""int"",""value"":42}],""abuf"":[{""level"":1,""column"":0,""type"":""string"",""value"":""B005""}],""acdn"":[{""level"":1,""column"":0,""type"":""unreal"",""value"":99}],""amcs"":[{""level"":1,""column"":0,""type"":""int"",""value"":9999}],""Htb1"":[{""level"":1,""column"":1,""type"":""unreal"",""value"":99999}],""adur"":[{""level"":1,""column"":0,""type"":""unreal"",""value"":0.01}],""aher"":[{""level"":0,""column"":0,""type"":""int"",""value"":0}],""ahdu"":[{""level"":1,""column"":0,""type"":""unreal"",""value"":0.01}],""alev"":[{""level"":0,""column"":0,""type"":""int"",""value"":1}],""amsp"":[{""level"":0,""column"":0,""type"":""int"",""value"":10000}],""arac"":[{""level"":0,""column"":0,""type"":""string"",""value"":""orc""}],""aran"":[{""level"":1,""column"":0,""type"":""unreal"",""value"":99999}],""atar"":[{""level"":1,""column"":0,""type"":""string"",""value"":""air,debris,enemies,ground,neutral,structure""}],""amat"":[{""level"":0,""column"":0,""type"":""string"",""value"":""""}]}"
custom	A01Y	Arai		1		99								"{""wurs"":[{""level"":0,""column"":0,""type"":""int"",""value"":42}],""acdn"":[{""level"":1,""column"":0,""type"":""unreal"",""value"":99}],""Rai1"":[{""level"":1,""column"":1,""type"":""int"",""value"":1}],""Rai3"":[{""level"":1,""column"":3,""type"":""string"",""value"":""u004""}],""adur"":[{""level"":1,""column"":0,""type"":""unreal"",""value"":0}],""ahdu"":[{""level"":1,""column"":0,""type"":""unreal"",""value"":0}],""alev"":[{""level"":0,""column"":0,""type"":""int"",""value"":1}],""arac"":[{""level"":0,""column"":0,""type"":""string"",""value"":""human""}],""Raiu"":[{""level"":1,""column"":0,""type"":""string"",""value"":""u004""}]}"
custom	A01Z	ACdm	NAG Winged Snake: Dispel		9999		800							"{""wurs"":[{""level"":0,""column"":0,""type"":""int"",""value"":42}],""amcs"":[{""level"":1,""column"":0,""type"":""int"",""value"":9999}],""arac"":[{""level"":0,""column"":0,""type"":""string"",""value"":""demon""}],""aran"":[{""level"":1,""column"":0,""type"":""unreal"",""value"":800}],""anam"":[{""level"":0,""column"":0,""type"":""string"",""value"":""NAG Winged Snake: Dispel""}]}"
custom	A020	ACvs										Poisoned Arrows	The Arrows of this tower are coated with lesser poison that lasts 4 seconds dealing 5 damage per second and slowing attack and movementspeed by 25%.	"{""wurs"":[{""level"":0,""column"":0,""type"":""int"",""value"":42}],""Poi1"":[{""level"":1,""column"":1,""type"":""unreal"",""value"":5}],""Poi2"":[{""level"":1,""column"":2,""type"":""unreal"",""value"":0.25}],""Poi3"":[{""level"":1,""column"":3,""type"":""unreal"",""value"":0.25}],""adur"":[{""level"":1,""column"":0,""type"":""unreal"",""value"":4}],""ahdu"":[{""level"":1,""column"":0,""type"":""unreal"",""value"":4}],""arac"":[{""level"":0,""column"":0,""type"":""string"",""value"":""orc""}],""atp1"":[{""level"":1,""column"":0,""type"":""string"",""value"":""Poisoned Arrows""}],""aub1"":[{""level"":1,""column"":0,""type"":""string"",""value"":""The Arrows of this tower are coated with lesser poison that lasts 4 seconds dealing 5 damage per second and slowing attack and movementspeed by 25%.""}]}"
custom	A021	Aasl						0	self	B01X				"{""wurs"":[{""level"":0,""column"":0,""type"":""int"",""value"":42}],""aare"":[{""level"":1,""column"":0,""type"":""unreal"",""value"":0}],""abuf"":[{""level"":1,""column"":0,""type"":""string"",""value"":""B01X""}],""Slo1"":[{""level"":1,""column"":1,""type"":""unreal"",""value"":0}],""arac"":[{""level"":0,""column"":0,""type"":""string"",""value"":""orc""}],""atar"":[{""level"":1,""column"":0,""type"":""string"",""value"":""self""}],""aani"":[{""level"":0,""column"":0,""type"":""string"",""value"":""medium""}],""atat"":[{""level"":0,""column"":0,""type"":""string"",""value"":""Doodads\\Ruins\\Water\\Coral\\Coral1.mdl""}],""ata0"":[{""level"":0,""column"":0,""type"":""string"",""value"":""origin""}],""atac"":[{""level"":0,""column"":0,""type"":""int"",""value"":1}]}"
custom	A022	Aasl						0	self					"{""wurs"":[{""level"":0,""column"":0,""type"":""int"",""value"":42}],""aare"":[{""level"":1,""column"":0,""type"":""unreal"",""value"":0}],""Slo1"":[{""level"":1,""column"":1,""type"":""unreal"",""value"":0}],""arac"":[{""level"":0,""column"":0,""type"":""string"",""value"":""orc""}],""atar"":[{""level"":1,""column"":0,""type"":""string"",""value"":""self""}],""atat"":[{""level"":0,""column"":0,""type"":""string"",""value"":""Abilities\\Spells\\NightElf\\MoonWell\\MoonWellTarget.mdl""}],""atac"":[{""level"":0,""column"":0,""type"":""int"",""value"":1}]}"
custom	A023	Aasl						0	self	B01X				"{""wurs"":[{""level"":0,""column"":0,""type"":""int"",""value"":42}],""aare"":[{""level"":1,""column"":0,""type"":""unreal"",""value"":0}],""abuf"":[{""level"":1,""column"":0,""type"":""string"",""value"":""B01X""}],""Slo1"":[{""level"":1,""column"":1,""type"":""unreal"",""value"":0}],""arac"":[{""level"":0,""column"":0,""type"":""string"",""value"":""orc""}],""atar"":[{""level"":1,""column"":0,""type"":""string"",""value"":""self""}],""aani"":[{""level"":0,""column"":0,""type"":""string"",""value"":""medium""}],""atat"":[{""level"":0,""column"":0,""type"":""string"",""value"":""Abilities\\Spells\\NightElf\\EntangleMine\\Roots.mdl""}],""ata0"":[{""level"":0,""column"":0,""type"":""string"",""value"":""origin""}],""atac"":[{""level"":0,""column"":0,""type"":""int"",""value"":1}]}"
custom	A024	Aasl						0	self	B01X				"{""wurs"":[{""level"":0,""column"":0,""type"":""int"",""value"":42}],""aare"":[{""level"":1,""column"":0,""type"":""unreal"",""value"":0}],""abuf"":[{""level"":1,""column"":0,""type"":""string"",""value"":""B01X""}],""Slo1"":[{""level"":1,""column"":1,""type"":""unreal"",""value"":0}],""arac"":[{""level"":0,""column"":0,""type"":""string"",""value"":""orc""}],""atar"":[{""level"":1,""column"":0,""type"":""string"",""value"":""self""}],""aani"":[{""level"":0,""column"":0,""type"":""string"",""value"":""medium""}],""atat"":[{""level"":0,""column"":0,""type"":""string"",""value"":""Abilities\\Spells\\Items\\PotionOfOmniscience\\CrystalBallCaster.mdl""}],""ata0"":[{""level"":0,""column"":0,""type"":""string"",""value"":""first""}],""atac"":[{""level"":0,""column"":0,""type"":""int"",""value"":1}]}"
custom	A025	ACct												"{""wurs"":[{""level"":0,""column"":0,""type"":""int"",""value"":42}],""arac"":[{""level"":0,""column"":0,""type"":""string"",""value"":""human""}]}"
custom	A026	ACbh												"{""wurs"":[{""level"":0,""column"":0,""type"":""int"",""value"":42}],""ahdu"":[{""level"":1,""column"":0,""type"":""unreal"",""value"":1}],""arac"":[{""level"":0,""column"":0,""type"":""string"",""value"":""human""}]}"
custom	A027	Asph												"{""wurs"":[{""level"":0,""column"":0,""type"":""int"",""value"":42}],""atat"":[{""level"":0,""column"":0,""type"":""string"",""value"":""Abilities\\Spells\\Orc\\Bloodlust\\BloodlustTarget.mdl""}],""ata0"":[{""level"":0,""column"":0,""type"":""string"",""value"":""weapon,right""}],""ata1"":[{""level"":0,""column"":0,""type"":""string"",""value"":""""}],""ata2"":[{""level"":0,""column"":0,""type"":""string"",""value"":""""}],""atac"":[{""level"":0,""column"":0,""type"":""int"",""value"":1}]}"
custom	A028	Aasl						0	self					"{""wurs"":[{""level"":0,""column"":0,""type"":""int"",""value"":42}],""aare"":[{""level"":1,""column"":0,""type"":""unreal"",""value"":0}],""Slo1"":[{""level"":1,""column"":1,""type"":""unreal"",""value"":0}],""arac"":[{""level"":0,""column"":0,""type"":""string"",""value"":""orc""}],""atar"":[{""level"":1,""column"":0,""type"":""string"",""value"":""self""}],""aani"":[{""level"":0,""column"":0,""type"":""string"",""value"":""medium""}],""atat"":[{""level"":0,""column"":0,""type"":""string"",""value"":""Doodads\\BlackCitadel\\Props\\RuneArt\\RuneArt2.mdl""}],""ata0"":[{""level"":0,""column"":0,""type"":""string"",""value"":""origin""}],""atac"":[{""level"":0,""column"":0,""type"":""int"",""value"":1}]}"
custom	A029	Aasl						0	self					"{""wurs"":[{""level"":0,""column"":0,""type"":""int"",""value"":42}],""aare"":[{""level"":1,""column"":0,""type"":""unreal"",""value"":0}],""Slo1"":[{""level"":1,""column"":1,""type"":""unreal"",""value"":0}],""arac"":[{""level"":0,""column"":0,""type"":""string"",""value"":""orc""}],""atar"":[{""level"":1,""column"":0,""type"":""string"",""value"":""self""}],""aani"":[{""level"":0,""column"":0,""type"":""string"",""value"":""medium""}],""atat"":[{""level"":0,""column"":0,""type"":""string"",""value"":""Abilities\\Spells\\NightElf\\TargetArtLumber\\TargetArtLumber.mdl""}],""ata0"":[{""level"":0,""column"":0,""type"":""string"",""value"":""second""}],""atac"":[{""level"":0,""column"":0,""type"":""int"",""value"":1}]}"
custom	A02A	Asph												"{""wurs"":[{""level"":0,""column"":0,""type"":""int"",""value"":42}],""amsp"":[{""level"":0,""column"":0,""type"":""int"",""value"":1200}],""arac"":[{""level"":0,""column"":0,""type"":""string"",""value"":""orc""}],""atat"":[{""level"":0,""column"":0,""type"":""string"",""value"":""Doodads\\Outland\\Props\\Skull\\Skull1.mdl""}],""ata0"":[{""level"":0,""column"":0,""type"":""string"",""value"":""origin""}],""ata1"":[{""level"":0,""column"":0,""type"":""string"",""value"":""first""}],""ata2"":[{""level"":0,""column"":0,""type"":""string"",""value"":""second""}]}"
custom	A02B	AIcb												"{""wurs"":[{""level"":0,""column"":0,""type"":""int"",""value"":42}],""Iarp"":[{""level"":1,""column"":2,""type"":""int"",""value"":10}],""Iob5"":[{""level"":1,""column"":5,""type"":""int"",""value"":1}],""aite"":[{""level"":0,""column"":0,""type"":""int"",""value"":0}],""arac"":[{""level"":0,""column"":0,""type"":""string"",""value"":""human""}]}"
custom	A02C	AHad	COR: Eey Of Corruption (permanent)	1				99999	air,enemies,ground,vulnerable,ward	B00Q		Gaze of Corruption	Decreases the armor of all enemy units by 6 and increases their spell damage taken by 12%.	"{""wurs"":[{""level"":0,""column"":0,""type"":""int"",""value"":42}],""aare"":[{""level"":1,""column"":0,""type"":""unreal"",""value"":99999}],""abuf"":[{""level"":1,""column"":0,""type"":""string"",""value"":""B00Q""}],""Had1"":[{""level"":1,""column"":1,""type"":""unreal"",""value"":-6}],""aher"":[{""level"":0,""column"":0,""type"":""int"",""value"":0}],""alev"":[{""level"":0,""column"":0,""type"":""int"",""value"":1}],""atar"":[{""level"":1,""column"":0,""type"":""string"",""value"":""air,enemies,ground,vulnerable,ward""}],""aart"":[{""level"":0,""column"":0,""type"":""string"",""value"":""ReplaceableTextures\\CommandButtons\\BTNImprovedUnholyArmor.blp""}],""abpx"":[{""level"":0,""column"":0,""type"":""int"",""value"":3}],""anam"":[{""level"":0,""column"":0,""type"":""string"",""value"":""COR: Eey Of Corruption (permanent)""}],""atat"":[{""level"":0,""column"":0,""type"":""string"",""value"":""""}],""atp1"":[{""level"":1,""column"":0,""type"":""string"",""value"":""Gaze of Corruption""}],""aub1"":[{""level"":1,""column"":0,""type"":""string"",""value"":""Decreases the armor of all enemy units by 6 and increases their spell damage taken by 12%.""}]}"
custom	A02D	Apxf	Blast			1		750		B01O				"{""wurs"":[{""level"":0,""column"":0,""type"":""int"",""value"":42}],""aare"":[{""level"":1,""column"":0,""type"":""unreal"",""value"":750}],""abuf"":[{""level"":1,""column"":0,""type"":""string"",""value"":""B01O""}],""acdn"":[{""level"":1,""column"":0,""type"":""unreal"",""value"":1}],""pxf1"":[{""level"":1,""column"":1,""type"":""unreal"",""value"":60}],""pxf2"":[{""level"":1,""column"":2,""type"":""unreal"",""value"":0}],""adur"":[{""level"":1,""column"":0,""type"":""unreal"",""value"":0.01}],""ahdu"":[{""level"":1,""column"":0,""type"":""unreal"",""value"":0.01}],""aite"":[{""level"":0,""column"":0,""type"":""int"",""value"":1}],""amsp"":[{""level"":0,""column"":0,""type"":""int"",""value"":1000}],""arac"":[{""level"":0,""column"":0,""type"":""string"",""value"":""other""}],""amat"":[{""level"":0,""column"":0,""type"":""string"",""value"":""Abilities\\Weapons\\DruidoftheTalonMissile\\DruidoftheTalonMissile.mdl""}],""anam"":[{""level"":0,""column"":0,""type"":""string"",""value"":""Blast""}]}"
custom	A02E	ANcl		1										"{""wurs"":[{""level"":0,""column"":0,""type"":""int"",""value"":42}],""aher"":[{""level"":0,""column"":0,""type"":""int"",""value"":0}],""alev"":[{""level"":0,""column"":0,""type"":""int"",""value"":1}],""aord"":[{""level"":0,""column"":0,""type"":""string"",""value"":""roar""}],""arac"":[{""level"":0,""column"":0,""type"":""string"",""value"":""human""}]}"
custom	A02F	AIcd	Damage Add					15000		B008				"{""wurs"":[{""level"":0,""column"":0,""type"":""int"",""value"":42}],""aare"":[{""level"":1,""column"":0,""type"":""unreal"",""value"":15000}],""abuf"":[{""level"":1,""column"":0,""type"":""string"",""value"":""B008""}],""Cac1"":[{""level"":1,""column"":1,""type"":""unreal"",""value"":0.33}],""anam"":[{""level"":0,""column"":0,""type"":""string"",""value"":""Damage Add""}]}"
custom	A02G	AIdb	Scroll Heal			99	25000	1000		B01C				"{""wurs"":[{""level"":0,""column"":0,""type"":""int"",""value"":42}],""aare"":[{""level"":1,""column"":0,""type"":""unreal"",""value"":1000}],""abuf"":[{""level"":1,""column"":0,""type"":""string"",""value"":""B01C""}],""acdn"":[{""level"":1,""column"":0,""type"":""unreal"",""value"":99}],""Idef"":[{""level"":1,""column"":1,""type"":""int"",""value"":8}],""Ihp2"":[{""level"":1,""column"":2,""type"":""int"",""value"":400}],""Imp2"":[{""level"":1,""column"":3,""type"":""int"",""value"":200}],""aran"":[{""level"":1,""column"":0,""type"":""unreal"",""value"":25000}],""anam"":[{""level"":0,""column"":0,""type"":""string"",""value"":""Scroll Heal""}]}"
custom	A02H	AIcl				99	2500	1	air,enemies,ground,neutral					"{""wurs"":[{""level"":0,""column"":0,""type"":""int"",""value"":42}],""aare"":[{""level"":1,""column"":0,""type"":""unreal"",""value"":1}],""acdn"":[{""level"":1,""column"":0,""type"":""unreal"",""value"":99}],""Ocl1"":[{""level"":1,""column"":1,""type"":""unreal"",""value"":1}],""Ocl2"":[{""level"":1,""column"":2,""type"":""int"",""value"":1}],""Ocl3"":[{""level"":1,""column"":3,""type"":""unreal"",""value"":0.1}],""aran"":[{""level"":1,""column"":0,""type"":""unreal"",""value"":2500}],""atar"":[{""level"":1,""column"":0,""type"":""string"",""value"":""air,enemies,ground,neutral""}],""alig"":[{""level"":0,""column"":0,""type"":""string"",""value"":""""}],""amat"":[{""level"":0,""column"":0,""type"":""string"",""value"":""""}],""atat"":[{""level"":0,""column"":0,""type"":""string"",""value"":""""}]}"
custom	A02I	Absk				99				B007				"{""wurs"":[{""level"":0,""column"":0,""type"":""int"",""value"":42}],""abuf"":[{""level"":1,""column"":0,""type"":""string"",""value"":""B007""}],""acdn"":[{""level"":1,""column"":0,""type"":""unreal"",""value"":99}],""bsk1"":[{""level"":1,""column"":1,""type"":""unreal"",""value"":0.25}],""bsk2"":[{""level"":1,""column"":2,""type"":""unreal"",""value"":2}],""bsk3"":[{""level"":1,""column"":3,""type"":""unreal"",""value"":0.1}],""adur"":[{""level"":1,""column"":0,""type"":""unreal"",""value"":6}],""ahdu"":[{""level"":1,""column"":0,""type"":""unreal"",""value"":6}],""arac"":[{""level"":0,""column"":0,""type"":""string"",""value"":""human""}],""atat"":[{""level"":0,""column"":0,""type"":""string"",""value"":""Abilities\\Spells\\Orc\\AncestralSpirit\\AncestralSpiritCaster.mdl""}],""ata0"":[{""level"":0,""column"":0,""type"":""string"",""value"":""head""}],""atac"":[{""level"":0,""column"":0,""type"":""int"",""value"":1}]}"
custom	A02J	Abof						225	enemies,ground,neutral,structure					"{""wurs"":[{""level"":0,""column"":0,""type"":""int"",""value"":42}],""aare"":[{""level"":1,""column"":0,""type"":""unreal"",""value"":225}],""Hfs1"":[{""level"":1,""column"":1,""type"":""unreal"",""value"":12}],""Hfs2"":[{""level"":1,""column"":2,""type"":""unreal"",""value"":0.25}],""arac"":[{""level"":0,""column"":0,""type"":""string"",""value"":""human""}],""areq"":[{""level"":0,""column"":0,""type"":""string"",""value"":""""}],""atar"":[{""level"":1,""column"":0,""type"":""string"",""value"":""enemies,ground,neutral,structure""}],""amac"":[{""level"":0,""column"":0,""type"":""unreal"",""value"":0.4}],""amat"":[{""level"":0,""column"":0,""type"":""string"",""value"":""abilities\\weapons\\DemolisherMissile\\DemolisherMissile.mdl""}]}"
custom	A02K	Abof							enemies,ground,neutral,structure					"{""wurs"":[{""level"":0,""column"":0,""type"":""int"",""value"":42}],""Hfs1"":[{""level"":1,""column"":1,""type"":""unreal"",""value"":5}],""Hfs2"":[{""level"":1,""column"":2,""type"":""unreal"",""value"":0.25}],""adur"":[{""level"":1,""column"":0,""type"":""unreal"",""value"":1.01}],""amsp"":[{""level"":0,""column"":0,""type"":""int"",""value"":800}],""areq"":[{""level"":0,""column"":0,""type"":""string"",""value"":""""}],""atar"":[{""level"":1,""column"":0,""type"":""string"",""value"":""enemies,ground,neutral,structure""}],""amac"":[{""level"":0,""column"":0,""type"":""unreal"",""value"":0.2}],""amat"":[{""level"":0,""column"":0,""type"":""string"",""value"":""Abilities\\Weapons\\CannonTowerMissile\\CannonTowerMissile.mdl""}]}"
custom	A02L	ACct												"{""wurs"":[{""level"":0,""column"":0,""type"":""int"",""value"":42}],""Ocr1"":[{""level"":1,""column"":1,""type"":""unreal"",""value"":10}],""Ocr2"":[{""level"":1,""column"":2,""type"":""unreal"",""value"":1.5}],""arac"":[{""level"":0,""column"":0,""type"":""string"",""value"":""human""}]}"
custom	A02M	Ainf				99	600		air,friend,ground,neutral,self	B009				"{""wurs"":[{""level"":0,""column"":0,""type"":""int"",""value"":42}],""abuf"":[{""level"":1,""column"":0,""type"":""string"",""value"":""B009""}],""acdn"":[{""level"":1,""column"":0,""type"":""unreal"",""value"":99}],""Inf1"":[{""level"":1,""column"":1,""type"":""unreal"",""value"":0.2}],""Inf2"":[{""level"":1,""column"":2,""type"":""int"",""value"":4}],""Inf3"":[{""level"":1,""column"":3,""type"":""unreal"",""value"":600}],""Inf4"":[{""level"":1,""column"":4,""type"":""unreal"",""value"":3}],""areq"":[{""level"":0,""column"":0,""type"":""string"",""value"":""""}],""arqa"":[{""level"":0,""column"":0,""type"":""string"",""value"":""""}],""aran"":[{""level"":1,""column"":0,""type"":""unreal"",""value"":600}],""atar"":[{""level"":1,""column"":0,""type"":""string"",""value"":""air,friend,ground,neutral,self""}],""ansf"":[{""level"":0,""column"":0,""type"":""string"",""value"":""shaman""}]}"
custom	A02N	ACce						200						"{""wurs"":[{""level"":0,""column"":0,""type"":""int"",""value"":42}],""aare"":[{""level"":1,""column"":0,""type"":""unreal"",""value"":200}],""nca1"":[{""level"":1,""column"":1,""type"":""unreal"",""value"":0.3}],""arac"":[{""level"":0,""column"":0,""type"":""string"",""value"":""human""}]}"
custom	A02O	Aasl						0	self					"{""wurs"":[{""level"":0,""column"":0,""type"":""int"",""value"":42}],""aare"":[{""level"":1,""column"":0,""type"":""unreal"",""value"":0}],""Slo1"":[{""level"":1,""column"":1,""type"":""unreal"",""value"":0}],""arac"":[{""level"":0,""column"":0,""type"":""string"",""value"":""orc""}],""atar"":[{""level"":1,""column"":0,""type"":""string"",""value"":""self""}],""atat"":[{""level"":0,""column"":0,""type"":""string"",""value"":""Doodads\\Ruins\\Rocks\\CliffRubble_Single\\CliffRubble_Single1.mdl""}],""ata0"":[{""level"":0,""column"":0,""type"":""string"",""value"":""origin""}],""atac"":[{""level"":0,""column"":0,""type"":""int"",""value"":1}]}"
custom	A02P	ACpv												"{""wurs"":[{""level"":0,""column"":0,""type"":""int"",""value"":42}],""War1"":[{""level"":1,""column"":1,""type"":""unreal"",""value"":35}],""War2"":[{""level"":1,""column"":2,""type"":""unreal"",""value"":130}],""War3"":[{""level"":1,""column"":3,""type"":""unreal"",""value"":200}],""War4"":[{""level"":1,""column"":4,""type"":""unreal"",""value"":200}],""arac"":[{""level"":0,""column"":0,""type"":""string"",""value"":""human""}],""aani"":[{""level"":0,""column"":0,""type"":""string"",""value"":""attack,spin""}]}"
custom	A02Q	Assk												"{""wurs"":[{""level"":0,""column"":0,""type"":""int"",""value"":42}],""Ssk1"":[{""level"":1,""column"":1,""type"":""unreal"",""value"":50}],""Ssk2"":[{""level"":1,""column"":2,""type"":""unreal"",""value"":5}],""Ssk3"":[{""level"":1,""column"":3,""type"":""unreal"",""value"":35}],""arac"":[{""level"":0,""column"":0,""type"":""string"",""value"":""human""}]}"
custom	A02R	ACct												"{""wurs"":[{""level"":0,""column"":0,""type"":""int"",""value"":42}],""Ocr1"":[{""level"":1,""column"":1,""type"":""unreal"",""value"":10}],""Ocr2"":[{""level"":1,""column"":2,""type"":""unreal"",""value"":3}],""arac"":[{""level"":0,""column"":0,""type"":""string"",""value"":""human""}]}"
custom	A02S	AOsf		1	9999	99				B00A				"{""wurs"":[{""level"":0,""column"":0,""type"":""int"",""value"":42}],""abuf"":[{""level"":1,""column"":0,""type"":""string"",""value"":""B00A""}],""acdn"":[{""level"":1,""column"":0,""type"":""unreal"",""value"":99}],""amcs"":[{""level"":1,""column"":0,""type"":""int"",""value"":9999}],""adur"":[{""level"":1,""column"":0,""type"":""unreal"",""value"":45}],""aher"":[{""level"":0,""column"":0,""type"":""int"",""value"":0}],""ahdu"":[{""level"":1,""column"":0,""type"":""unreal"",""value"":45}],""alev"":[{""level"":0,""column"":0,""type"":""int"",""value"":1}],""arac"":[{""level"":0,""column"":0,""type"":""string"",""value"":""human""}],""Osf1"":[{""level"":1,""column"":0,""type"":""string"",""value"":""n00W""}],""asat"":[{""level"":0,""column"":0,""type"":""string"",""value"":""Objects\\Spawnmodels\\Naga\\NagaDeath\\NagaDeath.mdl""}]}"
custom	A02T	ACpu	NAG: Siren (Purge)		9999	99	1000		air,ground,tree,vulnerable,ward					"{""wurs"":[{""level"":0,""column"":0,""type"":""int"",""value"":42}],""acdn"":[{""level"":1,""column"":0,""type"":""unreal"",""value"":99}],""amcs"":[{""level"":1,""column"":0,""type"":""int"",""value"":9999}],""Prg2"":[{""level"":1,""column"":2,""type"":""int"",""value"":10}],""Prg4"":[{""level"":1,""column"":4,""type"":""unreal"",""value"":1}],""Prg6"":[{""level"":1,""column"":6,""type"":""int"",""value"":200}],""adur"":[{""level"":1,""column"":0,""type"":""unreal"",""value"":10}],""ahdu"":[{""level"":1,""column"":0,""type"":""unreal"",""value"":3}],""arac"":[{""level"":0,""column"":0,""type"":""string"",""value"":""human""}],""aran"":[{""level"":1,""column"":0,""type"":""unreal"",""value"":1000}],""atar"":[{""level"":1,""column"":0,""type"":""string"",""value"":""air,ground,tree,vulnerable,ward""}],""Prg3"":[{""level"":1,""column"":3,""type"":""unreal"",""value"":150}],""anam"":[{""level"":0,""column"":0,""type"":""string"",""value"":""NAG: Siren (Purge)""}]}"
custom	A02U	ACpa	NAG: Siren (Purge (cd))			99	800		air,enemies,ground,neutral,nonhero,vulnerable	B019				"{""wurs"":[{""level"":0,""column"":0,""type"":""int"",""value"":42}],""abuf"":[{""level"":1,""column"":0,""type"":""string"",""value"":""B019""}],""Npa6"":[{""level"":1,""column"":0,""type"":""unreal"",""value"":0.01}],""acdn"":[{""level"":1,""column"":0,""type"":""unreal"",""value"":99}],""Poi1"":[{""level"":1,""column"":1,""type"":""unreal"",""value"":0}],""Poi4"":[{""level"":1,""column"":4,""type"":""int"",""value"":0}],""adur"":[{""level"":1,""column"":0,""type"":""unreal"",""value"":0.01}],""ahdu"":[{""level"":1,""column"":0,""type"":""unreal"",""value"":0.01}],""arac"":[{""level"":0,""column"":0,""type"":""string"",""value"":""human""}],""aran"":[{""level"":1,""column"":0,""type"":""unreal"",""value"":800}],""atar"":[{""level"":1,""column"":0,""type"":""string"",""value"":""air,enemies,ground,neutral,nonhero,vulnerable""}],""ipmu"":[{""level"":1,""column"":0,""type"":""string"",""value"":""nfbr""}],""amat"":[{""level"":0,""column"":0,""type"":""string"",""value"":""""}],""anam"":[{""level"":0,""column"":0,""type"":""string"",""value"":""NAG: Siren (Purge (cd))""}]}"
custom	A02V	ACct												"{""wurs"":[{""level"":0,""column"":0,""type"":""int"",""value"":42}],""Ocr1"":[{""level"":1,""column"":1,""type"":""unreal"",""value"":25}],""arac"":[{""level"":0,""column"":0,""type"":""string"",""value"":""human""}]}"
custom	A02W	ACct												"{""wurs"":[{""level"":0,""column"":0,""type"":""int"",""value"":42}],""Ocr1"":[{""level"":1,""column"":1,""type"":""unreal"",""value"":30}],""Ocr2"":[{""level"":1,""column"":2,""type"":""unreal"",""value"":3}],""arac"":[{""level"":0,""column"":0,""type"":""string"",""value"":""human""}]}"
custom	A02X	ACce	NAG: RG (Cleaving Attack)					260						"{""wurs"":[{""level"":0,""column"":0,""type"":""int"",""value"":42}],""aare"":[{""level"":1,""column"":0,""type"":""unreal"",""value"":260}],""arac"":[{""level"":0,""column"":0,""type"":""string"",""value"":""human""}],""nca1"":[{""level"":1,""column"":1,""type"":""unreal"",""value"":0.35}],""anam"":[{""level"":0,""column"":0,""type"":""string"",""value"":""NAG: RG (Cleaving Attack)""}]}"
custom	A02Y	Asph												"{""wurs"":[{""level"":0,""column"":0,""type"":""int"",""value"":42}],""arac"":[{""level"":0,""column"":0,""type"":""string"",""value"":""orc""}],""atat"":[{""level"":0,""column"":0,""type"":""string"",""value"":""Abilities\\Spells\\NightElf\\Immolation\\ImmolationTarget.mdl""}]}"
custom	A02Z	ACpa	ORC: Serpent Rock		9999	99	99999		enemies,ground,invulnerable,mechanical,neutral,structure			Poison Area	Spits poison onto an area near a random enemy unit. All units that get hit by this poison get their armor reduced by 5, their attack and movement speed reduced by 20% and take damage over time. The poison lasts 5 seconds.|n|n|cffFFFF80Cooldown:|cffFFFF00 12 |rseconds	"{""wurs"":[{""level"":0,""column"":0,""type"":""int"",""value"":42}],""abuf"":[{""level"":1,""column"":0,""type"":""string"",""value"":""""}],""Npa6"":[{""level"":1,""column"":0,""type"":""unreal"",""value"":0.01}],""acdn"":[{""level"":1,""column"":0,""type"":""unreal"",""value"":99}],""amcs"":[{""level"":1,""column"":0,""type"":""int"",""value"":9999}],""Poi1"":[{""level"":1,""column"":1,""type"":""unreal"",""value"":0}],""Poi4"":[{""level"":1,""column"":4,""type"":""int"",""value"":0}],""adur"":[{""level"":1,""column"":0,""type"":""unreal"",""value"":0.01}],""arac"":[{""level"":0,""column"":0,""type"":""string"",""value"":""orc""}],""aran"":[{""level"":1,""column"":0,""type"":""unreal"",""value"":99999}],""atar"":[{""level"":1,""column"":0,""type"":""string"",""value"":""enemies,ground,invulnerable,mechanical,neutral,structure""}],""ipmu"":[{""level"":1,""column"":0,""type"":""string"",""value"":""nfbr""}],""aani"":[{""level"":0,""column"":0,""type"":""string"",""value"":""Attack""}],""aart"":[{""level"":0,""column"":0,""type"":""string"",""value"":""ReplaceableTextures\\CommandButtons\\BTNBanish.blp""}],""amat"":[{""level"":0,""column"":0,""type"":""string"",""value"":""""}],""anam"":[{""level"":0,""column"":0,""type"":""string"",""value"":""ORC: Serpent Rock""}],""atp1"":[{""level"":1,""column"":0,""type"":""string"",""value"":""Poison Area""}],""aub1"":[{""level"":1,""column"":0,""type"":""string"",""value"":""Spits poison onto an area near a random enemy unit. All units that get hit by this poison get their armor reduced by 5, their attack and movement speed reduced by 20% and take damage over time. The poison lasts 5 seconds.|n|n|cffFFFF80Cooldown:|cffFFFF00 12 |rseconds""}],""auar"":[{""level"":0,""column"":0,""type"":""string"",""value"":""ReplaceableTextures\\CommandButtons\\BTNBanish.blp""}]}"
custom	A030	ANab	ORC: Serpent Rock	1	9999	99	50000	425	air,enemies,ground,neutral,organic	B00C				"{""wurs"":[{""level"":0,""column"":0,""type"":""int"",""value"":42}],""aare"":[{""level"":1,""column"":0,""type"":""unreal"",""value"":425}],""abuf"":[{""level"":1,""column"":0,""type"":""string"",""value"":""B00C""}],""acdn"":[{""level"":1,""column"":0,""type"":""unreal"",""value"":99}],""amcs"":[{""level"":1,""column"":0,""type"":""int"",""value"":9999}],""Nab1"":[{""level"":1,""column"":1,""type"":""unreal"",""value"":-0.2}],""Nab2"":[{""level"":1,""column"":2,""type"":""unreal"",""value"":-0.2}],""Nab3"":[{""level"":1,""column"":3,""type"":""int"",""value"":5}],""Nab4"":[{""level"":1,""column"":4,""type"":""unreal"",""value"":30}],""Nab5"":[{""level"":1,""column"":5,""type"":""unreal"",""value"":30}],""adur"":[{""level"":1,""column"":0,""type"":""unreal"",""value"":5}],""aher"":[{""level"":0,""column"":0,""type"":""int"",""value"":0}],""ahdu"":[{""level"":1,""column"":0,""type"":""unreal"",""value"":2.5}],""alev"":[{""level"":0,""column"":0,""type"":""int"",""value"":1}],""amho"":[{""level"":0,""column"":0,""type"":""int"",""value"":0}],""amsp"":[{""level"":0,""column"":0,""type"":""int"",""value"":1700}],""arac"":[{""level"":0,""column"":0,""type"":""string"",""value"":""orc""}],""aran"":[{""level"":1,""column"":0,""type"":""unreal"",""value"":50000}],""atar"":[{""level"":1,""column"":0,""type"":""string"",""value"":""air,enemies,ground,neutral,organic""}],""aani"":[{""level"":0,""column"":0,""type"":""string"",""value"":""""}],""aart"":[{""level"":0,""column"":0,""type"":""string"",""value"":""ReplaceableTextures\\CommandButtons\\BTNBanish.blp""}],""amac"":[{""level"":0,""column"":0,""type"":""unreal"",""value"":0.15}],""amat"":[{""level"":0,""column"":0,""type"":""string"",""value"":""Abilities\\Weapons\\ChimaeraAcidMissile\\ChimaeraAcidMissile.mdl""}],""anam"":[{""level"":0,""column"":0,""type"":""string"",""value"":""ORC: Serpent Rock""}]}"
custom	A031	Awrg			9999	99		25000	air,enemies,ground	B00D				"{""wurs"":[{""level"":0,""column"":0,""type"":""int"",""value"":42}],""aare"":[{""level"":1,""column"":0,""type"":""unreal"",""value"":25000}],""abuf"":[{""level"":1,""column"":0,""type"":""string"",""value"":""B00D""}],""acdn"":[{""level"":1,""column"":0,""type"":""unreal"",""value"":99}],""amcs"":[{""level"":1,""column"":0,""type"":""int"",""value"":9999}],""Wrs1"":[{""level"":1,""column"":1,""type"":""unreal"",""value"":0}],""Wrs2"":[{""level"":1,""column"":2,""type"":""unreal"",""value"":0}],""Wrs3"":[{""level"":1,""column"":3,""type"":""int"",""value"":2000}],""adur"":[{""level"":1,""column"":0,""type"":""unreal"",""value"":4.5}],""ahdu"":[{""level"":1,""column"":0,""type"":""unreal"",""value"":4.5}],""arac"":[{""level"":0,""column"":0,""type"":""string"",""value"":""orc""}],""atar"":[{""level"":1,""column"":0,""type"":""string"",""value"":""air,enemies,ground""}],""aani"":[{""level"":0,""column"":0,""type"":""string"",""value"":""""}]}"
custom	A032	ACpa			9999	99	99999		enemies,ground,invulnerable,mechanical,neutral,structure			Global Stasis	Stuns all enemy units for 4.5 seconds.|n|n|cffFFFF80Cooldown:|cffFFFF00 40 |rseconds	"{""wurs"":[{""level"":0,""column"":0,""type"":""int"",""value"":42}],""abuf"":[{""level"":1,""column"":0,""type"":""string"",""value"":""""}],""Npa6"":[{""level"":1,""column"":0,""type"":""unreal"",""value"":0.01}],""acdn"":[{""level"":1,""column"":0,""type"":""unreal"",""value"":99}],""amcs"":[{""level"":1,""column"":0,""type"":""int"",""value"":9999}],""Poi1"":[{""level"":1,""column"":1,""type"":""unreal"",""value"":0}],""Poi4"":[{""level"":1,""column"":4,""type"":""int"",""value"":0}],""adur"":[{""level"":1,""column"":0,""type"":""unreal"",""value"":0.01}],""arac"":[{""level"":0,""column"":0,""type"":""string"",""value"":""orc""}],""aran"":[{""level"":1,""column"":0,""type"":""unreal"",""value"":99999}],""atar"":[{""level"":1,""column"":0,""type"":""string"",""value"":""enemies,ground,invulnerable,mechanical,neutral,structure""}],""ipmu"":[{""level"":1,""column"":0,""type"":""string"",""value"":""nfbr""}],""aani"":[{""level"":0,""column"":0,""type"":""string"",""value"":""death,alternate""}],""aart"":[{""level"":0,""column"":0,""type"":""string"",""value"":""ReplaceableTextures\\CommandButtons\\BTNStun.blp""}],""amat"":[{""level"":0,""column"":0,""type"":""string"",""value"":""""}],""atp1"":[{""level"":1,""column"":0,""type"":""string"",""value"":""Global Stasis""}],""aub1"":[{""level"":1,""column"":0,""type"":""string"",""value"":""Stuns all enemy units for 4.5 seconds.|n|n|cffFFFF80Cooldown:|cffFFFF00 40 |rseconds""}],""auar"":[{""level"":0,""column"":0,""type"":""string"",""value"":""ReplaceableTextures\\CommandButtons\\BTNStun.blp""}]}"
custom	A033	ACpa	UND: Death Pit		9999	99	99999		enemies,ground,invulnerable,mechanical,neutral,structure			Sudden Death	Kills a random enemy unit instantly.|n|n|cffFFFF80Cooldown:|cffFFFF00 15 |rseconds	"{""wurs"":[{""level"":0,""column"":0,""type"":""int"",""value"":42}],""abuf"":[{""level"":1,""column"":0,""type"":""string"",""value"":""""}],""Npa6"":[{""level"":1,""column"":0,""type"":""unreal"",""value"":0.01}],""acdn"":[{""level"":1,""column"":0,""type"":""unreal"",""value"":99}],""amcs"":[{""level"":1,""column"":0,""type"":""int"",""value"":9999}],""Poi1"":[{""level"":1,""column"":1,""type"":""unreal"",""value"":0}],""Poi4"":[{""level"":1,""column"":4,""type"":""int"",""value"":0}],""adur"":[{""level"":1,""column"":0,""type"":""unreal"",""value"":0.01}],""arac"":[{""level"":0,""column"":0,""type"":""string"",""value"":""orc""}],""aran"":[{""level"":1,""column"":0,""type"":""unreal"",""value"":99999}],""atar"":[{""level"":1,""column"":0,""type"":""string"",""value"":""enemies,ground,invulnerable,mechanical,neutral,structure""}],""ipmu"":[{""level"":1,""column"":0,""type"":""string"",""value"":""nfbr""}],""aart"":[{""level"":0,""column"":0,""type"":""string"",""value"":""ReplaceableTextures\\CommandButtons\\BTNSacrificialSkull.blp""}],""amat"":[{""level"":0,""column"":0,""type"":""string"",""value"":""""}],""anam"":[{""level"":0,""column"":0,""type"":""string"",""value"":""UND: Death Pit""}],""atp1"":[{""level"":1,""column"":0,""type"":""string"",""value"":""Sudden Death""}],""aub1"":[{""level"":1,""column"":0,""type"":""string"",""value"":""Kills a random enemy unit instantly.|n|n|cffFFFF80Cooldown:|cffFFFF00 15 |rseconds""}],""auar"":[{""level"":0,""column"":0,""type"":""string"",""value"":""ReplaceableTextures\\CommandButtons\\BTNSacrificialSkull.blp""}]}"
custom	A034	AHad	ORC: Defensive Kodo (defensive aura)	1						B00E				"{""wurs"":[{""level"":0,""column"":0,""type"":""int"",""value"":42}],""abuf"":[{""level"":1,""column"":0,""type"":""string"",""value"":""B00E""}],""Had1"":[{""level"":1,""column"":1,""type"":""unreal"",""value"":4}],""aher"":[{""level"":0,""column"":0,""type"":""int"",""value"":0}],""alev"":[{""level"":0,""column"":0,""type"":""int"",""value"":1}],""aart"":[{""level"":0,""column"":0,""type"":""string"",""value"":""ReplaceableTextures\\CommandButtons\\BTNJanggo.blp""}],""anam"":[{""level"":0,""column"":0,""type"":""string"",""value"":""ORC: Defensive Kodo (defensive aura)""}]}"
custom	A035	AIar	ORC: Offensive Kodo (damage aura)							B00F				"{""wurs"":[{""level"":0,""column"":0,""type"":""int"",""value"":42}],""abuf"":[{""level"":1,""column"":0,""type"":""string"",""value"":""B00F""}],""Ear1"":[{""level"":1,""column"":1,""type"":""unreal"",""value"":0.3}],""Ear2"":[{""level"":1,""column"":2,""type"":""int"",""value"":1}],""Ear3"":[{""level"":1,""column"":3,""type"":""int"",""value"":0}],""aite"":[{""level"":0,""column"":0,""type"":""int"",""value"":0}],""arac"":[{""level"":0,""column"":0,""type"":""string"",""value"":""human""}],""aart"":[{""level"":0,""column"":0,""type"":""string"",""value"":""ReplaceableTextures\\CommandButtons\\BTNJanggo.blp""}],""anam"":[{""level"":0,""column"":0,""type"":""string"",""value"":""ORC: Offensive Kodo (damage aura)""}]}"
custom	A036	Asph												"{""wurs"":[{""level"":0,""column"":0,""type"":""int"",""value"":42}],""arac"":[{""level"":0,""column"":0,""type"":""string"",""value"":""orc""}],""atat"":[{""level"":0,""column"":0,""type"":""string"",""value"":""Abilities\\Spells\\Undead\\Curse\\CurseTarget.mdl""}],""ata2"":[{""level"":0,""column"":0,""type"":""string"",""value"":""""}],""atac"":[{""level"":0,""column"":0,""type"":""int"",""value"":2}]}"
custom	A037	Asph												"{""wurs"":[{""level"":0,""column"":0,""type"":""int"",""value"":42}],""arac"":[{""level"":0,""column"":0,""type"":""string"",""value"":""orc""}],""atat"":[{""level"":0,""column"":0,""type"":""string"",""value"":""Abilities\\Spells\\Items\\AIda\\AIdaTarget.mdl""}],""ata2"":[{""level"":0,""column"":0,""type"":""string"",""value"":""""}],""atac"":[{""level"":0,""column"":0,""type"":""int"",""value"":2}]}"
custom	A038	Aven								B00G				"{""wurs"":[{""level"":0,""column"":0,""type"":""int"",""value"":42}],""abuf"":[{""level"":1,""column"":0,""type"":""string"",""value"":""B00G""}],""Poi2"":[{""level"":1,""column"":2,""type"":""unreal"",""value"":0.25}],""Poi3"":[{""level"":1,""column"":3,""type"":""unreal"",""value"":0.25}],""adur"":[{""level"":1,""column"":0,""type"":""unreal"",""value"":3}],""ahdu"":[{""level"":1,""column"":0,""type"":""unreal"",""value"":0.75}],""arac"":[{""level"":0,""column"":0,""type"":""string"",""value"":""human""}],""areq"":[{""level"":0,""column"":0,""type"":""string"",""value"":""""}],""Poi1"":[{""level"":1,""column"":1,""type"":""unreal"",""value"":12}]}"
custom	A039	ACpa	ORC: Ceremonial Totem		9999	99	99999		enemies,ground,invulnerable,mechanical,neutral,structure			Tribal Blessing	Gives a random friendly unit permanently +20 damage, +20% attackspeed, 3 armor and 200 hitpoints. Also gives one of the following:|n- Demolish (x1.5)|n- Critical Strike (25%, x2)|n- Evasion (30%)|n|n|cffFFFF80Cooldown:|cffFFFF00 10 |rseconds	"{""wurs"":[{""level"":0,""column"":0,""type"":""int"",""value"":42}],""abuf"":[{""level"":1,""column"":0,""type"":""string"",""value"":""""}],""Npa6"":[{""level"":1,""column"":0,""type"":""unreal"",""value"":0.01}],""acdn"":[{""level"":1,""column"":0,""type"":""unreal"",""value"":99}],""amcs"":[{""level"":1,""column"":0,""type"":""int"",""value"":9999}],""Poi1"":[{""level"":1,""column"":1,""type"":""unreal"",""value"":0}],""Poi4"":[{""level"":1,""column"":4,""type"":""int"",""value"":0}],""adur"":[{""level"":1,""column"":0,""type"":""unreal"",""value"":0.01}],""arac"":[{""level"":0,""column"":0,""type"":""string"",""value"":""orc""}],""aran"":[{""level"":1,""column"":0,""type"":""unreal"",""value"":99999}],""atar"":[{""level"":1,""column"":0,""type"":""string"",""value"":""enemies,ground,invulnerable,mechanical,neutral,structure""}],""ipmu"":[{""level"":1,""column"":0,""type"":""string"",""value"":""nfbr""}],""aart"":[{""level"":0,""column"":0,""type"":""string"",""value"":""ReplaceableTextures\\CommandButtons\\BTNBloodLustOn.blp""}],""amat"":[{""level"":0,""column"":0,""type"":""string"",""value"":""""}],""anam"":[{""level"":0,""column"":0,""type"":""string"",""value"":""ORC: Ceremonial Totem""}],""atp1"":[{""level"":1,""column"":0,""type"":""string"",""value"":""Tribal Blessing""}],""aub1"":[{""level"":1,""column"":0,""type"":""string"",""value"":""Gives a random friendly unit permanently +20 damage, +20% attackspeed, 3 armor and 200 hitpoints. Also gives one of the following:|n- Demolish (x1.5)|n- Critical Strike (25%, x2)|n- Evasion (30%)|n|n|cffFFFF80Cooldown:|cffFFFF00 10 |rseconds""}],""auar"":[{""level"":0,""column"":0,""type"":""string"",""value"":""ReplaceableTextures\\CommandButtons\\BTNBloodLustOff.blp""}]}"
custom	A03A	AItn												"{""wurs"":[{""level"":0,""column"":0,""type"":""int"",""value"":42}],""Iatt"":[{""level"":1,""column"":1,""type"":""int"",""value"":20}],""aite"":[{""level"":0,""column"":0,""type"":""int"",""value"":0}],""arac"":[{""level"":0,""column"":0,""type"":""string"",""value"":""orc""}]}"
custom	A03B	AIs2												"{""wurs"":[{""level"":0,""column"":0,""type"":""int"",""value"":42}],""aite"":[{""level"":0,""column"":0,""type"":""int"",""value"":0}],""arac"":[{""level"":0,""column"":0,""type"":""string"",""value"":""orc""}]}"
custom	A03C	Afra												"{""wurs"":[{""level"":0,""column"":0,""type"":""int"",""value"":42}],""ahdu"":[{""level"":1,""column"":0,""type"":""unreal"",""value"":1.25}],""arac"":[{""level"":0,""column"":0,""type"":""string"",""value"":""human""}],""amat"":[{""level"":0,""column"":0,""type"":""string"",""value"":""Abilities\\Weapons\\LichMissile\\LichMissile.mdl""}]}"
custom	A03D	AIl2												"{""wurs"":[{""level"":0,""column"":0,""type"":""int"",""value"":42}],""Ilif"":[{""level"":1,""column"":1,""type"":""int"",""value"":200}],""aite"":[{""level"":0,""column"":0,""type"":""int"",""value"":0}],""arac"":[{""level"":0,""column"":0,""type"":""string"",""value"":""orc""}]}"
custom	A03E	AIrr	Quad Damage					0	air,notself	B00I				"{""wurs"":[{""level"":0,""column"":0,""type"":""int"",""value"":42}],""aare"":[{""level"":1,""column"":0,""type"":""unreal"",""value"":0}],""abuf"":[{""level"":1,""column"":0,""type"":""string"",""value"":""B00I""}],""Roa1"":[{""level"":1,""column"":1,""type"":""unreal"",""value"":0}],""adur"":[{""level"":1,""column"":0,""type"":""unreal"",""value"":0.01}],""ahdu"":[{""level"":1,""column"":0,""type"":""unreal"",""value"":0.01}],""atar"":[{""level"":1,""column"":0,""type"":""string"",""value"":""air,notself""}],""anam"":[{""level"":0,""column"":0,""type"":""string"",""value"":""Quad Damage""}]}"
custom	A03F	AIrr	Double Damage					0	air,notself	B00H				"{""wurs"":[{""level"":0,""column"":0,""type"":""int"",""value"":42}],""aare"":[{""level"":1,""column"":0,""type"":""unreal"",""value"":0}],""abuf"":[{""level"":1,""column"":0,""type"":""string"",""value"":""B00H""}],""Roa1"":[{""level"":1,""column"":1,""type"":""unreal"",""value"":0}],""adur"":[{""level"":1,""column"":0,""type"":""unreal"",""value"":0.01}],""ahdu"":[{""level"":1,""column"":0,""type"":""unreal"",""value"":0.01}],""atar"":[{""level"":1,""column"":0,""type"":""string"",""value"":""air,notself""}],""anam"":[{""level"":0,""column"":0,""type"":""string"",""value"":""Double Damage""}]}"
custom	A03G	Adef												"{""wurs"":[{""level"":0,""column"":0,""type"":""int"",""value"":42}],""Def1"":[{""level"":1,""column"":1,""type"":""unreal"",""value"":0.4}],""Def3"":[{""level"":1,""column"":3,""type"":""unreal"",""value"":0}],""Def5"":[{""level"":1,""column"":5,""type"":""unreal"",""value"":0.5}],""Def6"":[{""level"":1,""column"":6,""type"":""unreal"",""value"":50}],""areq"":[{""level"":0,""column"":0,""type"":""string"",""value"":""""}]}"
custom	A03H	AHre			9999	99								"{""wurs"":[{""level"":0,""column"":0,""type"":""int"",""value"":42}],""acdn"":[{""level"":1,""column"":0,""type"":""unreal"",""value"":99}],""amcs"":[{""level"":1,""column"":0,""type"":""int"",""value"":9999}],""Hre1"":[{""level"":1,""column"":1,""type"":""int"",""value"":1}],""aher"":[{""level"":0,""column"":0,""type"":""int"",""value"":0}]}"
custom	A03I	Ainf	HUM: Inner Fire (paladin)		9999	99	800			B00J				"{""wurs"":[{""level"":0,""column"":0,""type"":""int"",""value"":42}],""abuf"":[{""level"":1,""column"":0,""type"":""string"",""value"":""B00J""}],""acdn"":[{""level"":1,""column"":0,""type"":""unreal"",""value"":99}],""amcs"":[{""level"":1,""column"":0,""type"":""int"",""value"":9999}],""Inf1"":[{""level"":1,""column"":1,""type"":""unreal"",""value"":0}],""Inf2"":[{""level"":1,""column"":2,""type"":""int"",""value"":9}],""Inf3"":[{""level"":1,""column"":3,""type"":""unreal"",""value"":800}],""Inf4"":[{""level"":1,""column"":4,""type"":""unreal"",""value"":24}],""adur"":[{""level"":1,""column"":0,""type"":""unreal"",""value"":10}],""ahdu"":[{""level"":1,""column"":0,""type"":""unreal"",""value"":10}],""areq"":[{""level"":0,""column"":0,""type"":""string"",""value"":""""}],""arqa"":[{""level"":0,""column"":0,""type"":""string"",""value"":""""}],""aran"":[{""level"":1,""column"":0,""type"":""unreal"",""value"":800}],""anam"":[{""level"":0,""column"":0,""type"":""string"",""value"":""HUM: Inner Fire (paladin)""}]}"
custom	A03J	AHad		1				400		B01B				"{""wurs"":[{""level"":0,""column"":0,""type"":""int"",""value"":42}],""aare"":[{""level"":1,""column"":0,""type"":""unreal"",""value"":400}],""abuf"":[{""level"":1,""column"":0,""type"":""string"",""value"":""B01B""}],""Had1"":[{""level"":1,""column"":1,""type"":""unreal"",""value"":3}],""aher"":[{""level"":0,""column"":0,""type"":""int"",""value"":0}],""alev"":[{""level"":0,""column"":0,""type"":""int"",""value"":1}]}"
custom	A03K	Ahea	HUM: Crusader/Paladin Heal		9999	99	300							"{""wurs"":[{""level"":0,""column"":0,""type"":""int"",""value"":42}],""acdn"":[{""level"":1,""column"":0,""type"":""unreal"",""value"":99}],""amcs"":[{""level"":1,""column"":0,""type"":""int"",""value"":9999}],""aran"":[{""level"":1,""column"":0,""type"":""unreal"",""value"":300}],""anam"":[{""level"":0,""column"":0,""type"":""string"",""value"":""HUM: Crusader/Paladin Heal""}]}"
custom	A03L	AIl1												"{""wurs"":[{""level"":0,""column"":0,""type"":""int"",""value"":42}],""Ilif"":[{""level"":1,""column"":1,""type"":""int"",""value"":100}],""aite"":[{""level"":0,""column"":0,""type"":""int"",""value"":0}],""arac"":[{""level"":0,""column"":0,""type"":""string"",""value"":""human""}]}"
custom	A03M	Ainf	HUM: Crusader (inner fire)		9999	99	800			B00J				"{""wurs"":[{""level"":0,""column"":0,""type"":""int"",""value"":42}],""abuf"":[{""level"":1,""column"":0,""type"":""string"",""value"":""B00J""}],""acdn"":[{""level"":1,""column"":0,""type"":""unreal"",""value"":99}],""amcs"":[{""level"":1,""column"":0,""type"":""int"",""value"":9999}],""Inf1"":[{""level"":1,""column"":1,""type"":""unreal"",""value"":0}],""Inf2"":[{""level"":1,""column"":2,""type"":""int"",""value"":6}],""Inf3"":[{""level"":1,""column"":3,""type"":""unreal"",""value"":800}],""Inf4"":[{""level"":1,""column"":4,""type"":""unreal"",""value"":16}],""adur"":[{""level"":1,""column"":0,""type"":""unreal"",""value"":10}],""ahdu"":[{""level"":1,""column"":0,""type"":""unreal"",""value"":10}],""areq"":[{""level"":0,""column"":0,""type"":""string"",""value"":""""}],""arqa"":[{""level"":0,""column"":0,""type"":""string"",""value"":""""}],""aran"":[{""level"":1,""column"":0,""type"":""unreal"",""value"":800}],""anam"":[{""level"":0,""column"":0,""type"":""string"",""value"":""HUM: Crusader (inner fire)""}]}"
custom	A03N	Aroc				99		600	air,enemies,ground					"{""wurs"":[{""level"":0,""column"":0,""type"":""int"",""value"":42}],""aare"":[{""level"":1,""column"":0,""type"":""unreal"",""value"":600}],""acdn"":[{""level"":1,""column"":0,""type"":""unreal"",""value"":99}],""Efk1"":[{""level"":1,""column"":1,""type"":""unreal"",""value"":0}],""Efk2"":[{""level"":1,""column"":2,""type"":""unreal"",""value"":99999}],""Efk3"":[{""level"":1,""column"":3,""type"":""int"",""value"":1}],""amsp"":[{""level"":0,""column"":0,""type"":""int"",""value"":1000}],""areq"":[{""level"":0,""column"":0,""type"":""string"",""value"":""""}],""atar"":[{""level"":1,""column"":0,""type"":""string"",""value"":""air,enemies,ground""}],""amac"":[{""level"":0,""column"":0,""type"":""unreal"",""value"":0}],""amat"":[{""level"":0,""column"":0,""type"":""string"",""value"":""Abilities\\Weapons\\Arrow\\ArrowMissile.mdl""}]}"
custom	A03O	Aroc				99		720	air,enemies,ground					"{""wurs"":[{""level"":0,""column"":0,""type"":""int"",""value"":42}],""aare"":[{""level"":1,""column"":0,""type"":""unreal"",""value"":720}],""acdn"":[{""level"":1,""column"":0,""type"":""unreal"",""value"":99}],""Efk1"":[{""level"":1,""column"":1,""type"":""unreal"",""value"":0}],""Efk2"":[{""level"":1,""column"":2,""type"":""unreal"",""value"":99999}],""Efk3"":[{""level"":1,""column"":3,""type"":""int"",""value"":5}],""amsp"":[{""level"":0,""column"":0,""type"":""int"",""value"":1100}],""areq"":[{""level"":0,""column"":0,""type"":""string"",""value"":""""}],""atar"":[{""level"":1,""column"":0,""type"":""string"",""value"":""air,enemies,ground""}],""amac"":[{""level"":0,""column"":0,""type"":""unreal"",""value"":0}],""amat"":[{""level"":0,""column"":0,""type"":""string"",""value"":""Abilities\\Weapons\\Arrow\\ArrowMissile.mdl""}]}"
custom	A03P	ACev												"{""wurs"":[{""level"":0,""column"":0,""type"":""int"",""value"":42}],""Eev1"":[{""level"":1,""column"":1,""type"":""unreal"",""value"":0.25}],""arac"":[{""level"":0,""column"":0,""type"":""string"",""value"":""human""}]}"
custom	A03Q	ANcl		1										"{""wurs"":[{""level"":0,""column"":0,""type"":""int"",""value"":42}],""aher"":[{""level"":0,""column"":0,""type"":""int"",""value"":0}],""alev"":[{""level"":0,""column"":0,""type"":""int"",""value"":1}],""aord"":[{""level"":0,""column"":0,""type"":""string"",""value"":""roar""}],""arac"":[{""level"":0,""column"":0,""type"":""string"",""value"":""human""}]}"
custom	A03R	ACro			9999			525		B00K				"{""wurs"":[{""level"":0,""column"":0,""type"":""int"",""value"":42}],""aare"":[{""level"":1,""column"":0,""type"":""unreal"",""value"":525}],""abuf"":[{""level"":1,""column"":0,""type"":""string"",""value"":""B00K""}],""amcs"":[{""level"":1,""column"":0,""type"":""int"",""value"":9999}],""adur"":[{""level"":1,""column"":0,""type"":""unreal"",""value"":20}],""ahdu"":[{""level"":1,""column"":0,""type"":""unreal"",""value"":20}],""arac"":[{""level"":0,""column"":0,""type"":""string"",""value"":""human""}]}"
custom	A03S	ACpa			9999	99	400		enemies,ground,neutral,nonhero,structure	B019				"{""wurs"":[{""level"":0,""column"":0,""type"":""int"",""value"":42}],""abuf"":[{""level"":1,""column"":0,""type"":""string"",""value"":""B019""}],""Npa6"":[{""level"":1,""column"":0,""type"":""unreal"",""value"":0.01}],""acdn"":[{""level"":1,""column"":0,""type"":""unreal"",""value"":99}],""amcs"":[{""level"":1,""column"":0,""type"":""int"",""value"":9999}],""Poi1"":[{""level"":1,""column"":1,""type"":""unreal"",""value"":0}],""Poi4"":[{""level"":1,""column"":4,""type"":""int"",""value"":0}],""adur"":[{""level"":1,""column"":0,""type"":""unreal"",""value"":0.01}],""ahdu"":[{""level"":1,""column"":0,""type"":""unreal"",""value"":0.01}],""arac"":[{""level"":0,""column"":0,""type"":""string"",""value"":""human""}],""aran"":[{""level"":1,""column"":0,""type"":""unreal"",""value"":400}],""atar"":[{""level"":1,""column"":0,""type"":""string"",""value"":""enemies,ground,neutral,nonhero,structure""}],""ipmu"":[{""level"":1,""column"":0,""type"":""string"",""value"":""nfbr""}],""amat"":[{""level"":0,""column"":0,""type"":""string"",""value"":""""}]}"
custom	A03T	AOae		1				25000		B00L				"{""wurs"":[{""level"":0,""column"":0,""type"":""int"",""value"":42}],""aare"":[{""level"":1,""column"":0,""type"":""unreal"",""value"":25000}],""abuf"":[{""level"":1,""column"":0,""type"":""string"",""value"":""B00L""}],""Oae1"":[{""level"":1,""column"":1,""type"":""unreal"",""value"":0.15}],""Oae2"":[{""level"":1,""column"":2,""type"":""unreal"",""value"":0.3}],""aher"":[{""level"":0,""column"":0,""type"":""int"",""value"":0}],""aite"":[{""level"":0,""column"":0,""type"":""int"",""value"":1}],""alev"":[{""level"":0,""column"":0,""type"":""int"",""value"":1}],""arac"":[{""level"":0,""column"":0,""type"":""string"",""value"":""other""}]}"
custom	A03U	ANcl		1										"{""wurs"":[{""level"":0,""column"":0,""type"":""int"",""value"":42}],""aher"":[{""level"":0,""column"":0,""type"":""int"",""value"":0}],""alev"":[{""level"":0,""column"":0,""type"":""int"",""value"":1}],""aord"":[{""level"":0,""column"":0,""type"":""string"",""value"":""roar""}],""arac"":[{""level"":0,""column"":0,""type"":""string"",""value"":""human""}]}"
custom	A03V	Asph												"{""wurs"":[{""level"":0,""column"":0,""type"":""int"",""value"":42}],""amat"":[{""level"":0,""column"":0,""type"":""string"",""value"":""""}],""atat"":[{""level"":0,""column"":0,""type"":""string"",""value"":""Abilities\\Spells\\Human\\FlameStrike\\FlameStrikeDamageTarget.mdl""}],""ata0"":[{""level"":0,""column"":0,""type"":""string"",""value"":""chest""}],""ata1"":[{""level"":0,""column"":0,""type"":""string"",""value"":""""}],""ata2"":[{""level"":0,""column"":0,""type"":""string"",""value"":""""}],""atac"":[{""level"":0,""column"":0,""type"":""int"",""value"":1}]}"
custom	A03W	Aenr			9999	99			air,enemies,ground,neutral,nonhero	B00M				"{""wurs"":[{""level"":0,""column"":0,""type"":""int"",""value"":42}],""abuf"":[{""level"":1,""column"":0,""type"":""string"",""value"":""B00M""}],""acdn"":[{""level"":1,""column"":0,""type"":""unreal"",""value"":99}],""amcs"":[{""level"":1,""column"":0,""type"":""int"",""value"":9999}],""Eer1"":[{""level"":1,""column"":1,""type"":""unreal"",""value"":15}],""adur"":[{""level"":1,""column"":0,""type"":""unreal"",""value"":7}],""ahdu"":[{""level"":1,""column"":0,""type"":""unreal"",""value"":1.75}],""arac"":[{""level"":0,""column"":0,""type"":""string"",""value"":""human""}],""atar"":[{""level"":1,""column"":0,""type"":""string"",""value"":""air,enemies,ground,neutral,nonhero""}],""aart"":[{""level"":0,""column"":0,""type"":""string"",""value"":""ReplaceableTextures\\PassiveButtons\\PASBTNFreezingBreath.blp""}]}"
custom	A03X	AIlx							air,enemies,ground,ward					"{""wurs"":[{""level"":0,""column"":0,""type"":""int"",""value"":42}],""Idam"":[{""level"":1,""column"":1,""type"":""unreal"",""value"":0}],""Iob2"":[{""level"":1,""column"":2,""type"":""unreal"",""value"":5}],""Iob3"":[{""level"":1,""column"":3,""type"":""unreal"",""value"":5}],""Iob4"":[{""level"":1,""column"":4,""type"":""unreal"",""value"":5}],""aite"":[{""level"":0,""column"":0,""type"":""int"",""value"":0}],""amho"":[{""level"":0,""column"":0,""type"":""int"",""value"":0}],""arac"":[{""level"":0,""column"":0,""type"":""string"",""value"":""human""}],""atar"":[{""level"":1,""column"":0,""type"":""string"",""value"":""air,enemies,ground,ward""}],""Iobu"":[{""level"":1,""column"":0,""type"":""string"",""value"":""A03W""}],""amat"":[{""level"":0,""column"":0,""type"":""string"",""value"":""abilities\\weapons\\TuskarSpear\\TuskarSpear.mdl""}],""asat"":[{""level"":0,""column"":0,""type"":""string"",""value"":""""}],""aspt"":[{""level"":0,""column"":0,""type"":""string"",""value"":""""}],""atat"":[{""level"":0,""column"":0,""type"":""string"",""value"":""""}],""ata0"":[{""level"":0,""column"":0,""type"":""string"",""value"":""""}]}"
custom	A03Y	Afrb							air,enemies,ground					"{""wurs"":[{""level"":0,""column"":0,""type"":""int"",""value"":42}],""adur"":[{""level"":1,""column"":0,""type"":""unreal"",""value"":5}],""ahdu"":[{""level"":1,""column"":0,""type"":""unreal"",""value"":5}],""arac"":[{""level"":0,""column"":0,""type"":""string"",""value"":""human""}],""atar"":[{""level"":1,""column"":0,""type"":""string"",""value"":""air,enemies,ground""}]}"
custom	A03Z	ACf2			9999	99								"{""wurs"":[{""level"":0,""column"":0,""type"":""int"",""value"":42}],""acdn"":[{""level"":1,""column"":0,""type"":""unreal"",""value"":99}],""amcs"":[{""level"":1,""column"":0,""type"":""int"",""value"":9999}],""Ufa1"":[{""level"":1,""column"":1,""type"":""unreal"",""value"":30}],""Ufa2"":[{""level"":1,""column"":2,""type"":""unreal"",""value"":3.5}],""adur"":[{""level"":1,""column"":0,""type"":""unreal"",""value"":4}],""ahdu"":[{""level"":1,""column"":0,""type"":""unreal"",""value"":1}],""arac"":[{""level"":0,""column"":0,""type"":""string"",""value"":""human""}]}"
custom	A040	ACf2			9999	99								"{""wurs"":[{""level"":0,""column"":0,""type"":""int"",""value"":42}],""acdn"":[{""level"":1,""column"":0,""type"":""unreal"",""value"":99}],""amcs"":[{""level"":1,""column"":0,""type"":""int"",""value"":9999}],""Ufa2"":[{""level"":1,""column"":2,""type"":""unreal"",""value"":7}],""adur"":[{""level"":1,""column"":0,""type"":""unreal"",""value"":6}],""ahdu"":[{""level"":1,""column"":0,""type"":""unreal"",""value"":1.5}],""arac"":[{""level"":0,""column"":0,""type"":""string"",""value"":""human""}]}"
custom	A041	ANhs		1										"{""wurs"":[{""level"":0,""column"":0,""type"":""int"",""value"":42}],""aher"":[{""level"":0,""column"":0,""type"":""int"",""value"":0}],""alev"":[{""level"":0,""column"":0,""type"":""int"",""value"":1}],""arac"":[{""level"":0,""column"":0,""type"":""string"",""value"":""other""}]}"
custom	A042	ACba						800		B00N				"{""wurs"":[{""level"":0,""column"":0,""type"":""int"",""value"":42}],""aare"":[{""level"":1,""column"":0,""type"":""unreal"",""value"":800}],""abuf"":[{""level"":1,""column"":0,""type"":""string"",""value"":""B00N""}],""Hab1"":[{""level"":1,""column"":1,""type"":""unreal"",""value"":0.5}],""arac"":[{""level"":0,""column"":0,""type"":""string"",""value"":""human""}]}"
custom	A043	ACfn	NOR: Ice Queen (frost nova)		9999	99		300	air,enemies,ground,neutral					"{""wurs"":[{""level"":0,""column"":0,""type"":""int"",""value"":42}],""aare"":[{""level"":1,""column"":0,""type"":""unreal"",""value"":300}],""acdn"":[{""level"":1,""column"":0,""type"":""unreal"",""value"":99}],""amcs"":[{""level"":1,""column"":0,""type"":""int"",""value"":9999}],""Ufn1"":[{""level"":1,""column"":1,""type"":""unreal"",""value"":75}],""Ufn2"":[{""level"":1,""column"":2,""type"":""unreal"",""value"":150}],""adur"":[{""level"":1,""column"":0,""type"":""unreal"",""value"":6}],""ahdu"":[{""level"":1,""column"":0,""type"":""unreal"",""value"":3}],""arac"":[{""level"":0,""column"":0,""type"":""string"",""value"":""human""}],""atar"":[{""level"":1,""column"":0,""type"":""string"",""value"":""air,enemies,ground,neutral""}],""anam"":[{""level"":0,""column"":0,""type"":""string"",""value"":""NOR: Ice Queen (frost nova)""}]}"
custom	A044	ACpa			9999	99	750		air,enemies,ground,neutral	B019				"{""wurs"":[{""level"":0,""column"":0,""type"":""int"",""value"":42}],""abuf"":[{""level"":1,""column"":0,""type"":""string"",""value"":""B019""}],""Npa6"":[{""level"":1,""column"":0,""type"":""unreal"",""value"":0.01}],""acdn"":[{""level"":1,""column"":0,""type"":""unreal"",""value"":99}],""amcs"":[{""level"":1,""column"":0,""type"":""int"",""value"":9999}],""Poi1"":[{""level"":1,""column"":1,""type"":""unreal"",""value"":0}],""Poi4"":[{""level"":1,""column"":4,""type"":""int"",""value"":0}],""adur"":[{""level"":1,""column"":0,""type"":""unreal"",""value"":0.01}],""ahdu"":[{""level"":1,""column"":0,""type"":""unreal"",""value"":0.01}],""arac"":[{""level"":0,""column"":0,""type"":""string"",""value"":""human""}],""aran"":[{""level"":1,""column"":0,""type"":""unreal"",""value"":750}],""atar"":[{""level"":1,""column"":0,""type"":""string"",""value"":""air,enemies,ground,neutral""}],""ipmu"":[{""level"":1,""column"":0,""type"":""string"",""value"":""nfbr""}],""amat"":[{""level"":0,""column"":0,""type"":""string"",""value"":""""}]}"
custom	A045	Aenr			9999	99			air,enemies,ground,neutral,nonhero,structure	B00M				"{""wurs"":[{""level"":0,""column"":0,""type"":""int"",""value"":42}],""abuf"":[{""level"":1,""column"":0,""type"":""string"",""value"":""B00M""}],""acdn"":[{""level"":1,""column"":0,""type"":""unreal"",""value"":99}],""amcs"":[{""level"":1,""column"":0,""type"":""int"",""value"":9999}],""Eer1"":[{""level"":1,""column"":1,""type"":""unreal"",""value"":30}],""adur"":[{""level"":1,""column"":0,""type"":""unreal"",""value"":12.5}],""ahdu"":[{""level"":1,""column"":0,""type"":""unreal"",""value"":3.13}],""arac"":[{""level"":0,""column"":0,""type"":""string"",""value"":""human""}],""atar"":[{""level"":1,""column"":0,""type"":""string"",""value"":""air,enemies,ground,neutral,nonhero,structure""}],""aart"":[{""level"":0,""column"":0,""type"":""string"",""value"":""ReplaceableTextures\\PassiveButtons\\PASBTNFreezingBreath.blp""}]}"
custom	A046	AIlx							air,enemies,ground,structure,ward					"{""wurs"":[{""level"":0,""column"":0,""type"":""int"",""value"":42}],""Idam"":[{""level"":1,""column"":1,""type"":""unreal"",""value"":0}],""Iob2"":[{""level"":1,""column"":2,""type"":""unreal"",""value"":20}],""Iob3"":[{""level"":1,""column"":3,""type"":""unreal"",""value"":20}],""Iob4"":[{""level"":1,""column"":4,""type"":""unreal"",""value"":20}],""aite"":[{""level"":0,""column"":0,""type"":""int"",""value"":0}],""amho"":[{""level"":0,""column"":0,""type"":""int"",""value"":0}],""arac"":[{""level"":0,""column"":0,""type"":""string"",""value"":""human""}],""atar"":[{""level"":1,""column"":0,""type"":""string"",""value"":""air,enemies,ground,structure,ward""}],""Iobu"":[{""level"":1,""column"":0,""type"":""string"",""value"":""A045""}],""amat"":[{""level"":0,""column"":0,""type"":""string"",""value"":""Abilities\\Weapons\\ZigguratFrostMissile\\ZigguratFrostMissile.mdl""}],""asat"":[{""level"":0,""column"":0,""type"":""string"",""value"":""""}],""aspt"":[{""level"":0,""column"":0,""type"":""string"",""value"":""""}],""atat"":[{""level"":0,""column"":0,""type"":""string"",""value"":""""}],""ata0"":[{""level"":0,""column"":0,""type"":""string"",""value"":""""}]}"
custom	A047	Aenr			9999	99			air,enemies,ground,neutral,nonhero	B00M				"{""wurs"":[{""level"":0,""column"":0,""type"":""int"",""value"":42}],""abuf"":[{""level"":1,""column"":0,""type"":""string"",""value"":""B00M""}],""acdn"":[{""level"":1,""column"":0,""type"":""unreal"",""value"":99}],""amcs"":[{""level"":1,""column"":0,""type"":""int"",""value"":9999}],""Eer1"":[{""level"":1,""column"":1,""type"":""unreal"",""value"":20}],""ahdu"":[{""level"":1,""column"":0,""type"":""unreal"",""value"":2.5}],""arac"":[{""level"":0,""column"":0,""type"":""string"",""value"":""human""}],""atar"":[{""level"":1,""column"":0,""type"":""string"",""value"":""air,enemies,ground,neutral,nonhero""}],""aart"":[{""level"":0,""column"":0,""type"":""string"",""value"":""ReplaceableTextures\\PassiveButtons\\PASBTNFreezingBreath.blp""}]}"
custom	A048	AIlx							air,enemies,ground,ward					"{""wurs"":[{""level"":0,""column"":0,""type"":""int"",""value"":42}],""Idam"":[{""level"":1,""column"":1,""type"":""unreal"",""value"":0}],""Iob2"":[{""level"":1,""column"":2,""type"":""unreal"",""value"":10}],""Iob4"":[{""level"":1,""column"":4,""type"":""unreal"",""value"":10}],""aite"":[{""level"":0,""column"":0,""type"":""int"",""value"":0}],""amho"":[{""level"":0,""column"":0,""type"":""int"",""value"":0}],""arac"":[{""level"":0,""column"":0,""type"":""string"",""value"":""human""}],""atar"":[{""level"":1,""column"":0,""type"":""string"",""value"":""air,enemies,ground,ward""}],""Iobu"":[{""level"":1,""column"":0,""type"":""string"",""value"":""A047""}],""amat"":[{""level"":0,""column"":0,""type"":""string"",""value"":""Abilities\\Weapons\\LichMissile\\LichMissile.mdl""}],""asat"":[{""level"":0,""column"":0,""type"":""string"",""value"":""""}],""aspt"":[{""level"":0,""column"":0,""type"":""string"",""value"":""""}],""atat"":[{""level"":0,""column"":0,""type"":""string"",""value"":""""}],""ata0"":[{""level"":0,""column"":0,""type"":""string"",""value"":""""}]}"
custom	A049	AIlx							air,enemies,ground,ward					"{""wurs"":[{""level"":0,""column"":0,""type"":""int"",""value"":42}],""Idam"":[{""level"":1,""column"":1,""type"":""unreal"",""value"":0}],""Iob2"":[{""level"":1,""column"":2,""type"":""unreal"",""value"":10}],""Iob4"":[{""level"":1,""column"":4,""type"":""unreal"",""value"":10}],""aite"":[{""level"":0,""column"":0,""type"":""int"",""value"":0}],""amho"":[{""level"":0,""column"":0,""type"":""int"",""value"":0}],""arac"":[{""level"":0,""column"":0,""type"":""string"",""value"":""human""}],""atar"":[{""level"":1,""column"":0,""type"":""string"",""value"":""air,enemies,ground,ward""}],""Iobu"":[{""level"":1,""column"":0,""type"":""string"",""value"":""A03W""}],""amat"":[{""level"":0,""column"":0,""type"":""string"",""value"":""Abilities\\Weapons\\LichMissile\\LichMissile.mdl""}],""asat"":[{""level"":0,""column"":0,""type"":""string"",""value"":""""}],""aspt"":[{""level"":0,""column"":0,""type"":""string"",""value"":""""}],""atat"":[{""level"":0,""column"":0,""type"":""string"",""value"":""""}],""ata0"":[{""level"":0,""column"":0,""type"":""string"",""value"":""""}]}"
custom	A04A	Asph												"{""wurs"":[{""level"":0,""column"":0,""type"":""int"",""value"":42}],""amat"":[{""level"":0,""column"":0,""type"":""string"",""value"":""""}],""atat"":[{""level"":0,""column"":0,""type"":""string"",""value"":""Abilities\\Spells\\Human\\ManaFlare\\ManaFlareMissile.mdl""}],""ata0"":[{""level"":0,""column"":0,""type"":""string"",""value"":""weapon,right""}],""ata1"":[{""level"":0,""column"":0,""type"":""string"",""value"":""""}],""ata2"":[{""level"":0,""column"":0,""type"":""string"",""value"":""""}],""atac"":[{""level"":0,""column"":0,""type"":""int"",""value"":1}]}"
custom	A04B	Asph												"{""wurs"":[{""level"":0,""column"":0,""type"":""int"",""value"":42}],""arac"":[{""level"":0,""column"":0,""type"":""string"",""value"":""orc""}],""atat"":[{""level"":0,""column"":0,""type"":""string"",""value"":""Doodads\\Icecrown\\Rocks\\Icecrown_Crystal\\Icecrown_Crystal2.mdl""}],""ata1"":[{""level"":0,""column"":0,""type"":""string"",""value"":""origin""}],""ata2"":[{""level"":0,""column"":0,""type"":""string"",""value"":""""}],""atac"":[{""level"":0,""column"":0,""type"":""int"",""value"":2}]}"
custom	A04C	Asph												"{""wurs"":[{""level"":0,""column"":0,""type"":""int"",""value"":42}],""arac"":[{""level"":0,""column"":0,""type"":""string"",""value"":""orc""}],""atat"":[{""level"":0,""column"":0,""type"":""string"",""value"":""Doodads\\Icecrown\\Rocks\\Icecrown_Crystal\\Icecrown_Crystal0.mdl""}],""ata0"":[{""level"":0,""column"":0,""type"":""string"",""value"":""origin""}],""ata1"":[{""level"":0,""column"":0,""type"":""string"",""value"":""""}],""ata2"":[{""level"":0,""column"":0,""type"":""string"",""value"":""""}],""atac"":[{""level"":0,""column"":0,""type"":""int"",""value"":1}]}"
custom	A04D	ACce						250	enemies,ground,neutral,structure					"{""wurs"":[{""level"":0,""column"":0,""type"":""int"",""value"":42}],""aare"":[{""level"":1,""column"":0,""type"":""unreal"",""value"":250}],""nca1"":[{""level"":1,""column"":1,""type"":""unreal"",""value"":0.4}],""arac"":[{""level"":0,""column"":0,""type"":""string"",""value"":""human""}],""atar"":[{""level"":1,""column"":0,""type"":""string"",""value"":""enemies,ground,neutral,structure""}]}"
custom	A04E	ACct							air,enemies,ground,neutral,structure					"{""wurs"":[{""level"":0,""column"":0,""type"":""int"",""value"":42}],""Ocr1"":[{""level"":1,""column"":1,""type"":""unreal"",""value"":15}],""Ocr2"":[{""level"":1,""column"":2,""type"":""unreal"",""value"":3}],""arac"":[{""level"":0,""column"":0,""type"":""string"",""value"":""human""}],""atar"":[{""level"":1,""column"":0,""type"":""string"",""value"":""air,enemies,ground,neutral,structure""}]}"
custom	A04F	Afrz						1000						"{""wurs"":[{""level"":0,""column"":0,""type"":""int"",""value"":42}],""aare"":[{""level"":1,""column"":0,""type"":""unreal"",""value"":1000}],""adur"":[{""level"":1,""column"":0,""type"":""unreal"",""value"":10}],""amsp"":[{""level"":0,""column"":0,""type"":""int"",""value"":1500}],""arac"":[{""level"":0,""column"":0,""type"":""string"",""value"":""orc""}],""areq"":[{""level"":0,""column"":0,""type"":""string"",""value"":""""}]}"
custom	A04G	AHtb		1	9999	99	25000		air,debris,enemies,ground,neutral,structure					"{""wurs"":[{""level"":0,""column"":0,""type"":""int"",""value"":42}],""acdn"":[{""level"":1,""column"":0,""type"":""unreal"",""value"":99}],""amcs"":[{""level"":1,""column"":0,""type"":""int"",""value"":9999}],""Htb1"":[{""level"":1,""column"":1,""type"":""unreal"",""value"":99999}],""aher"":[{""level"":0,""column"":0,""type"":""int"",""value"":0}],""alev"":[{""level"":0,""column"":0,""type"":""int"",""value"":1}],""arac"":[{""level"":0,""column"":0,""type"":""string"",""value"":""orc""}],""aran"":[{""level"":1,""column"":0,""type"":""unreal"",""value"":25000}],""atar"":[{""level"":1,""column"":0,""type"":""string"",""value"":""air,debris,enemies,ground,neutral,structure""}],""amat"":[{""level"":0,""column"":0,""type"":""string"",""value"":""Abilities\\Spells\\Undead\\OrbOfDeath\\OrbOfDeathMissile.mdl""}]}"
custom	A04H	Aenr			9999	99			air,enemies,ground,neutral,nonhero,structure	B00M				"{""wurs"":[{""level"":0,""column"":0,""type"":""int"",""value"":42}],""abuf"":[{""level"":1,""column"":0,""type"":""string"",""value"":""B00M""}],""acdn"":[{""level"":1,""column"":0,""type"":""unreal"",""value"":99}],""amcs"":[{""level"":1,""column"":0,""type"":""int"",""value"":9999}],""Eer1"":[{""level"":1,""column"":1,""type"":""unreal"",""value"":15}],""adur"":[{""level"":1,""column"":0,""type"":""unreal"",""value"":15}],""ahdu"":[{""level"":1,""column"":0,""type"":""unreal"",""value"":3.75}],""arac"":[{""level"":0,""column"":0,""type"":""string"",""value"":""orc""}],""atar"":[{""level"":1,""column"":0,""type"":""string"",""value"":""air,enemies,ground,neutral,nonhero,structure""}],""aart"":[{""level"":0,""column"":0,""type"":""string"",""value"":""ReplaceableTextures\\PassiveButtons\\PASBTNFreezingBreath.blp""}]}"
custom	A04I	ACpa			9999	99	99999		enemies,ground,invulnerable,mechanical,neutral,structure			Onset of Winter	Sends out 3 orbs that travel in a straight line and bounce off of horizontal boundries. Each one reduces attack and movement speed of enemies around it by 30% and picks a random target every 2s. Flying foes takes 125 spell damage and are frozen solid for 8s. Ground adversaries hit cannot move or attack for 15s and take 15 spell damage every second for the duration.|n|n|cffFFFF80Cooldown:|cffFFFF00 35 |rseconds	"{""wurs"":[{""level"":0,""column"":0,""type"":""int"",""value"":42}],""abuf"":[{""level"":1,""column"":0,""type"":""string"",""value"":""""}],""Npa6"":[{""level"":1,""column"":0,""type"":""unreal"",""value"":0.01}],""acdn"":[{""level"":1,""column"":0,""type"":""unreal"",""value"":99}],""amcs"":[{""level"":1,""column"":0,""type"":""int"",""value"":9999}],""Poi1"":[{""level"":1,""column"":1,""type"":""unreal"",""value"":0}],""Poi4"":[{""level"":1,""column"":4,""type"":""int"",""value"":0}],""adur"":[{""level"":1,""column"":0,""type"":""unreal"",""value"":0.01}],""arac"":[{""level"":0,""column"":0,""type"":""string"",""value"":""orc""}],""aran"":[{""level"":1,""column"":0,""type"":""unreal"",""value"":99999}],""atar"":[{""level"":1,""column"":0,""type"":""string"",""value"":""enemies,ground,invulnerable,mechanical,neutral,structure""}],""ipmu"":[{""level"":1,""column"":0,""type"":""string"",""value"":""nfbr""}],""aart"":[{""level"":0,""column"":0,""type"":""string"",""value"":""ReplaceableTextures\\CommandButtons\\BTNLament.blp""}],""amat"":[{""level"":0,""column"":0,""type"":""string"",""value"":""""}],""atp1"":[{""level"":1,""column"":0,""type"":""string"",""value"":""Onset of Winter""}],""aub1"":[{""level"":1,""column"":0,""type"":""string"",""value"":""Sends out 3 orbs that travel in a straight line and bounce off of horizontal boundries. Each one reduces attack and movement speed of enemies around it by 30% and picks a random target every 2s. Flying foes takes 125 spell damage and are frozen solid for 8s. Ground adversaries hit cannot move or attack for 15s and take 15 spell damage every second for the duration.|n|n|cffFFFF80Cooldown:|cffFFFF00 35 |rseconds""}],""auar"":[{""level"":0,""column"":0,""type"":""string"",""value"":""ReplaceableTextures\\CommandButtons\\BTNLament.blp""}]}"
custom	A04J	ACpa			9999	99	99999		enemies,ground,invulnerable,mechanical,neutral,structure			Hailstone	Fires a chunk of enchanted ice at a random enemy building, which does 50 chaos damage and freezes it solid for 10s, completely stopping all actions for the duration.|n|n|cffFFFF80Cooldown:|cffFFFF00 12 |rseconds	"{""wurs"":[{""level"":0,""column"":0,""type"":""int"",""value"":42}],""abuf"":[{""level"":1,""column"":0,""type"":""string"",""value"":""""}],""Npa6"":[{""level"":1,""column"":0,""type"":""unreal"",""value"":0.01}],""acdn"":[{""level"":1,""column"":0,""type"":""unreal"",""value"":99}],""amcs"":[{""level"":1,""column"":0,""type"":""int"",""value"":9999}],""Poi1"":[{""level"":1,""column"":1,""type"":""unreal"",""value"":0}],""Poi4"":[{""level"":1,""column"":4,""type"":""int"",""value"":0}],""adur"":[{""level"":1,""column"":0,""type"":""unreal"",""value"":0.01}],""arac"":[{""level"":0,""column"":0,""type"":""string"",""value"":""orc""}],""aran"":[{""level"":1,""column"":0,""type"":""unreal"",""value"":99999}],""atar"":[{""level"":1,""column"":0,""type"":""string"",""value"":""enemies,ground,invulnerable,mechanical,neutral,structure""}],""ipmu"":[{""level"":1,""column"":0,""type"":""string"",""value"":""nfbr""}],""aart"":[{""level"":0,""column"":0,""type"":""string"",""value"":""ReplaceableTextures\\CommandButtons\\BTNFrost.blp""}],""ahky"":[{""level"":0,""column"":0,""type"":""string"",""value"":""X""}],""amat"":[{""level"":0,""column"":0,""type"":""string"",""value"":""""}],""atp1"":[{""level"":1,""column"":0,""type"":""string"",""value"":""Hailstone""}],""aub1"":[{""level"":1,""column"":0,""type"":""string"",""value"":""Fires a chunk of enchanted ice at a random enemy building, which does 50 chaos damage and freezes it solid for 10s, completely stopping all actions for the duration.|n|n|cffFFFF80Cooldown:|cffFFFF00 12 |rseconds""}],""auar"":[{""level"":0,""column"":0,""type"":""string"",""value"":""ReplaceableTextures\\CommandButtons\\BTNFrost.blp""}],""auhk"":[{""level"":0,""column"":0,""type"":""string"",""value"":""X""}]}"
custom	A04K	Afrz						1000	enemies,ground,structure					"{""wurs"":[{""level"":0,""column"":0,""type"":""int"",""value"":42}],""aare"":[{""level"":1,""column"":0,""type"":""unreal"",""value"":1000}],""adur"":[{""level"":1,""column"":0,""type"":""unreal"",""value"":12}],""amsp"":[{""level"":0,""column"":0,""type"":""int"",""value"":1500}],""arac"":[{""level"":0,""column"":0,""type"":""string"",""value"":""orc""}],""areq"":[{""level"":0,""column"":0,""type"":""string"",""value"":""""}],""atar"":[{""level"":1,""column"":0,""type"":""string"",""value"":""enemies,ground,structure""}]}"
custom	A04L	ACpa			9999	99	99999		enemies,ground,invulnerable,mechanical,neutral,structure			Hailstone	Fires a chunk of enchanted ice at a random enemy building. Ground targets around the impact take 100 chaos damage and are frozen solid for 12s, completely stopping all actions for the duration.|n|n|cffFFFF80Cooldown:|cffFFFF00 15 |rseconds	"{""wurs"":[{""level"":0,""column"":0,""type"":""int"",""value"":42}],""abuf"":[{""level"":1,""column"":0,""type"":""string"",""value"":""""}],""Npa6"":[{""level"":1,""column"":0,""type"":""unreal"",""value"":0.01}],""acdn"":[{""level"":1,""column"":0,""type"":""unreal"",""value"":99}],""amcs"":[{""level"":1,""column"":0,""type"":""int"",""value"":9999}],""Poi1"":[{""level"":1,""column"":1,""type"":""unreal"",""value"":0}],""Poi4"":[{""level"":1,""column"":4,""type"":""int"",""value"":0}],""adur"":[{""level"":1,""column"":0,""type"":""unreal"",""value"":0.01}],""ahdu"":[{""level"":1,""column"":0,""type"":""unreal"",""value"":0.01}],""arac"":[{""level"":0,""column"":0,""type"":""string"",""value"":""orc""}],""aran"":[{""level"":1,""column"":0,""type"":""unreal"",""value"":99999}],""atar"":[{""level"":1,""column"":0,""type"":""string"",""value"":""enemies,ground,invulnerable,mechanical,neutral,structure""}],""ipmu"":[{""level"":1,""column"":0,""type"":""string"",""value"":""nfbr""}],""aart"":[{""level"":0,""column"":0,""type"":""string"",""value"":""ReplaceableTextures\\CommandButtons\\BTNFrost.blp""}],""amat"":[{""level"":0,""column"":0,""type"":""string"",""value"":""""}],""atp1"":[{""level"":1,""column"":0,""type"":""string"",""value"":""Hailstone""}],""aub1"":[{""level"":1,""column"":0,""type"":""string"",""value"":""Fires a chunk of enchanted ice at a random enemy building. Ground targets around the impact take 100 chaos damage and are frozen solid for 12s, completely stopping all actions for the duration.|n|n|cffFFFF80Cooldown:|cffFFFF00 15 |rseconds""}],""auar"":[{""level"":0,""column"":0,""type"":""string"",""value"":""ReplaceableTextures\\CommandButtons\\BTNFrost.blp""}]}"
custom	A04M	Asph				99			self					"{""wurs"":[{""level"":0,""column"":0,""type"":""int"",""value"":42}],""achd"":[{""level"":0,""column"":0,""type"":""int"",""value"":0}],""acdn"":[{""level"":1,""column"":0,""type"":""unreal"",""value"":99}],""adur"":[{""level"":1,""column"":0,""type"":""unreal"",""value"":0}],""ahdu"":[{""level"":1,""column"":0,""type"":""unreal"",""value"":0}],""amsp"":[{""level"":0,""column"":0,""type"":""int"",""value"":0}],""arac"":[{""level"":0,""column"":0,""type"":""string"",""value"":""orc""}],""atar"":[{""level"":1,""column"":0,""type"":""string"",""value"":""self""}],""aart"":[{""level"":0,""column"":0,""type"":""string"",""value"":""ReplaceableTextures\\CommandButtons\\BTNCorruptedAncientOfWar.blp""}],""amac"":[{""level"":0,""column"":0,""type"":""unreal"",""value"":0}],""amat"":[{""level"":0,""column"":0,""type"":""string"",""value"":""""}],""atat"":[{""level"":0,""column"":0,""type"":""string"",""value"":""Abilities\\Spells\\NightElf\\CorrosiveBreath\\CorrosiveBreathMissile.mdl""}],""ata3"":[{""level"":0,""column"":0,""type"":""string"",""value"":""sprite,fourth""}],""atac"":[{""level"":0,""column"":0,""type"":""int"",""value"":4}]}"
custom	A04N	AIll												"{""wurs"":[{""level"":0,""column"":0,""type"":""int"",""value"":42}],""Idam"":[{""level"":1,""column"":1,""type"":""unreal"",""value"":0}],""Iob2"":[{""level"":1,""column"":2,""type"":""unreal"",""value"":10}],""Iob3"":[{""level"":1,""column"":3,""type"":""unreal"",""value"":0}],""Iob4"":[{""level"":1,""column"":4,""type"":""unreal"",""value"":10}],""aite"":[{""level"":0,""column"":0,""type"":""int"",""value"":0}],""arac"":[{""level"":0,""column"":0,""type"":""string"",""value"":""human""}],""Iobu"":[{""level"":1,""column"":0,""type"":""string"",""value"":""A04O""}],""aart"":[{""level"":0,""column"":0,""type"":""string"",""value"":""ReplaceableTextures\\CommandButtons\\BTNMetamorphosis.blp""}],""amat"":[{""level"":0,""column"":0,""type"":""string"",""value"":""""}],""asat"":[{""level"":0,""column"":0,""type"":""string"",""value"":""""}],""atat"":[{""level"":0,""column"":0,""type"":""string"",""value"":""""}]}"
custom	A04O	ANch			9999	99			air,enemies,ground,neutral,nonhero,ward					"{""wurs"":[{""level"":0,""column"":0,""type"":""int"",""value"":42}],""acdn"":[{""level"":1,""column"":0,""type"":""unreal"",""value"":99}],""amcs"":[{""level"":1,""column"":0,""type"":""int"",""value"":9999}],""Nch1"":[{""level"":1,""column"":1,""type"":""int"",""value"":10}],""aher"":[{""level"":0,""column"":0,""type"":""int"",""value"":0}],""arac"":[{""level"":0,""column"":0,""type"":""string"",""value"":""human""}],""arlv"":[{""level"":0,""column"":0,""type"":""int"",""value"":1}],""atar"":[{""level"":1,""column"":0,""type"":""string"",""value"":""air,enemies,ground,neutral,nonhero,ward""}],""aart"":[{""level"":0,""column"":0,""type"":""string"",""value"":""ReplaceableTextures\\CommandButtons\\BTNMetamorphosis.blp""}],""atat"":[{""level"":0,""column"":0,""type"":""string"",""value"":""Abilities\\Spells\\Undead\\DarkRitual\\DarkRitualTarget.mdl""}],""ata0"":[{""level"":0,""column"":0,""type"":""string"",""value"":""origin""}]}"
custom	A04P	AIll												"{""wurs"":[{""level"":0,""column"":0,""type"":""int"",""value"":42}],""Idam"":[{""level"":1,""column"":1,""type"":""unreal"",""value"":0}],""Iob2"":[{""level"":1,""column"":2,""type"":""unreal"",""value"":100}],""Iob3"":[{""level"":1,""column"":3,""type"":""unreal"",""value"":100}],""Iob4"":[{""level"":1,""column"":4,""type"":""unreal"",""value"":100}],""aite"":[{""level"":0,""column"":0,""type"":""int"",""value"":0}],""arac"":[{""level"":0,""column"":0,""type"":""string"",""value"":""human""}],""Iobu"":[{""level"":1,""column"":0,""type"":""string"",""value"":""A04Q""}],""aart"":[{""level"":0,""column"":0,""type"":""string"",""value"":""ReplaceableTextures\\CommandButtons\\BTNCorruptedEnt.blp""}],""amat"":[{""level"":0,""column"":0,""type"":""string"",""value"":""""}],""asat"":[{""level"":0,""column"":0,""type"":""string"",""value"":""Abilities\\Spells\\Items\\OrbCorruption\\OrbCorruptionSpecialArt.mdl""}],""atat"":[{""level"":0,""column"":0,""type"":""string"",""value"":""Abilities\\Spells\\Items\\OrbDarkness\\OrbDarkness.mdl""}]}"
custom	A04Q	ACcr			9999	99			air,enemies,ground,neutral,ward	B00R				"{""wurs"":[{""level"":0,""column"":0,""type"":""int"",""value"":42}],""abuf"":[{""level"":1,""column"":0,""type"":""string"",""value"":""B00R""}],""acdn"":[{""level"":1,""column"":0,""type"":""unreal"",""value"":99}],""amcs"":[{""level"":1,""column"":0,""type"":""int"",""value"":9999}],""Cri1"":[{""level"":1,""column"":1,""type"":""unreal"",""value"":0}],""Cri2"":[{""level"":1,""column"":2,""type"":""unreal"",""value"":0}],""Cri3"":[{""level"":1,""column"":3,""type"":""unreal"",""value"":0.27}],""adur"":[{""level"":1,""column"":0,""type"":""unreal"",""value"":20}],""ahdu"":[{""level"":1,""column"":0,""type"":""unreal"",""value"":5}],""arac"":[{""level"":0,""column"":0,""type"":""string"",""value"":""human""}],""atar"":[{""level"":1,""column"":0,""type"":""string"",""value"":""air,enemies,ground,neutral,ward""}],""aart"":[{""level"":0,""column"":0,""type"":""string"",""value"":""ReplaceableTextures\\CommandButtons\\BTNCorruptedEnt.blp""}],""acat"":[{""level"":0,""column"":0,""type"":""string"",""value"":""Abilities\\Spells\\Items\\OrbCorruption\\OrbCorruption.mdl""}],""acap"":[{""level"":0,""column"":0,""type"":""string"",""value"":""weapon""}]}"
custom	A04R	ACpa				99	99999		enemies,ground,invulnerable,mechanical,neutral,structure			Gaze of Corruption	Decreases the armor of all enemy units by 12 for 20 seconds|n|n|cffFFFF80Cooldown:|cffFFFF00 50 |rseconds	"{""wurs"":[{""level"":0,""column"":0,""type"":""int"",""value"":42}],""abuf"":[{""level"":1,""column"":0,""type"":""string"",""value"":""""}],""Npa6"":[{""level"":1,""column"":0,""type"":""unreal"",""value"":0.01}],""acdn"":[{""level"":1,""column"":0,""type"":""unreal"",""value"":99}],""Poi1"":[{""level"":1,""column"":1,""type"":""unreal"",""value"":0}],""Poi4"":[{""level"":1,""column"":4,""type"":""int"",""value"":0}],""adur"":[{""level"":1,""column"":0,""type"":""unreal"",""value"":0.01}],""arac"":[{""level"":0,""column"":0,""type"":""string"",""value"":""orc""}],""aran"":[{""level"":1,""column"":0,""type"":""unreal"",""value"":99999}],""atar"":[{""level"":1,""column"":0,""type"":""string"",""value"":""enemies,ground,invulnerable,mechanical,neutral,structure""}],""aani"":[{""level"":0,""column"":0,""type"":""string"",""value"":""death""}],""aart"":[{""level"":0,""column"":0,""type"":""string"",""value"":""ReplaceableTextures\\CommandButtons\\BTNImprovedUnholyArmor.blp""}],""aeat"":[{""level"":0,""column"":0,""type"":""string"",""value"":""Abilities\\Spells\\NightElf\\MoonWell\\MoonWellTarget.mdl,Abilities\\Spells\\NightElf\\MoonWell\\MoonWellTarget.mdl,Abilities\\Spells\\NightElf\\MoonWell\\MoonWellTarget.mdl,Abilities\\Spells\\NightElf\\MoonWell\\MoonWellTarget.mdl,Abilities\\Spells\\NightElf\\MoonWell\\CorruptedMoonWellTarget.mdl""}],""amat"":[{""level"":0,""column"":0,""type"":""string"",""value"":""""}],""atp1"":[{""level"":1,""column"":0,""type"":""string"",""value"":""Gaze of Corruption""}],""aub1"":[{""level"":1,""column"":0,""type"":""string"",""value"":""Decreases the armor of all enemy units by 12 for 20 seconds|n|n|cffFFFF80Cooldown:|cffFFFF00 50 |rseconds""}],""auar"":[{""level"":0,""column"":0,""type"":""string"",""value"":""ReplaceableTextures\\CommandButtons\\BTNImprovedUnholyArmor.blp""}]}"
custom	A04S	AIad	COR: Eye of Corruption					99999	air,enemies,ground,vulnerable,ward	B00Q				"{""wurs"":[{""level"":0,""column"":0,""type"":""int"",""value"":42}],""aare"":[{""level"":1,""column"":0,""type"":""unreal"",""value"":99999}],""abuf"":[{""level"":1,""column"":0,""type"":""string"",""value"":""B00Q""}],""Had1"":[{""level"":1,""column"":1,""type"":""unreal"",""value"":0}],""adur"":[{""level"":1,""column"":0,""type"":""unreal"",""value"":60}],""ahdu"":[{""level"":1,""column"":0,""type"":""unreal"",""value"":20}],""aite"":[{""level"":0,""column"":0,""type"":""int"",""value"":0}],""arac"":[{""level"":0,""column"":0,""type"":""string"",""value"":""orc""}],""atar"":[{""level"":1,""column"":0,""type"":""string"",""value"":""air,enemies,ground,vulnerable,ward""}],""aart"":[{""level"":0,""column"":0,""type"":""string"",""value"":""ReplaceableTextures\\CommandButtons\\BTNImprovedUnholyArmor.blp""}],""abpy"":[{""level"":0,""column"":0,""type"":""int"",""value"":2}],""anam"":[{""level"":0,""column"":0,""type"":""string"",""value"":""COR: Eye of Corruption""}],""atat"":[{""level"":0,""column"":0,""type"":""string"",""value"":""""}],""auby"":[{""level"":0,""column"":0,""type"":""int"",""value"":2}]}"
custom	A04T	AOae		1					ground,friend,air,self,invulnerable,vulnerable,ward	B00P				"{""wurs"":[{""level"":0,""column"":0,""type"":""int"",""value"":42}],""abuf"":[{""level"":1,""column"":0,""type"":""string"",""value"":""B00P""}],""Oae1"":[{""level"":1,""column"":1,""type"":""unreal"",""value"":0}],""Oae2"":[{""level"":1,""column"":2,""type"":""unreal"",""value"":0.18}],""aher"":[{""level"":0,""column"":0,""type"":""int"",""value"":0}],""alev"":[{""level"":0,""column"":0,""type"":""int"",""value"":1}],""arac"":[{""level"":0,""column"":0,""type"":""string"",""value"":""human""}],""atar"":[{""level"":1,""column"":0,""type"":""string"",""value"":""ground,friend,air,self,invulnerable,vulnerable,ward""}],""aart"":[{""level"":0,""column"":0,""type"":""string"",""value"":""ReplaceableTextures\\CommandButtons\\BTNPurpleFelhound.blp""}],""atat"":[{""level"":0,""column"":0,""type"":""string"",""value"":""Abilities\\Spells\\Undead\\RegenerationAura\\ObsidianRegenAura.mdl""}]}"
custom	A04U	ACpa			9999	99	99999		enemies,ground,invulnerable,mechanical,neutral,structure			Eldritch Prison	Summons 6 tentacles around a random ground enemy, that block movement and attack targets nearby.|n|n|cffFFFF80Cooldown:|cffFFFF00 12 |rseconds	"{""wurs"":[{""level"":0,""column"":0,""type"":""int"",""value"":42}],""abuf"":[{""level"":1,""column"":0,""type"":""string"",""value"":""""}],""Npa6"":[{""level"":1,""column"":0,""type"":""unreal"",""value"":0.01}],""acdn"":[{""level"":1,""column"":0,""type"":""unreal"",""value"":99}],""amcs"":[{""level"":1,""column"":0,""type"":""int"",""value"":9999}],""Poi1"":[{""level"":1,""column"":1,""type"":""unreal"",""value"":0}],""Poi4"":[{""level"":1,""column"":4,""type"":""int"",""value"":0}],""adur"":[{""level"":1,""column"":0,""type"":""unreal"",""value"":0.01}],""arac"":[{""level"":0,""column"":0,""type"":""string"",""value"":""orc""}],""aran"":[{""level"":1,""column"":0,""type"":""unreal"",""value"":99999}],""atar"":[{""level"":1,""column"":0,""type"":""string"",""value"":""enemies,ground,invulnerable,mechanical,neutral,structure""}],""aani"":[{""level"":0,""column"":0,""type"":""string"",""value"":""attack""}],""aart"":[{""level"":0,""column"":0,""type"":""string"",""value"":""ReplaceableTextures\\CommandButtons\\BTNTentacle.blp""}],""aeat"":[{""level"":0,""column"":0,""type"":""string"",""value"":""Abilities\\Spells\\NightElf\\MoonWell\\MoonWellTarget.mdl,Abilities\\Spells\\NightElf\\MoonWell\\MoonWellTarget.mdl,Abilities\\Spells\\NightElf\\MoonWell\\MoonWellTarget.mdl,Abilities\\Spells\\NightElf\\MoonWell\\MoonWellTarget.mdl,Abilities\\Spells\\NightElf\\MoonWell\\CorruptedMoonWellTarget.mdl""}],""amat"":[{""level"":0,""column"":0,""type"":""string"",""value"":""""}],""asat"":[{""level"":0,""column"":0,""type"":""string"",""value"":""Abilities\\Spells\\Undead\\DeathPact\\DeathPactTarget.mdl""}],""atp1"":[{""level"":1,""column"":0,""type"":""string"",""value"":""Eldritch Prison""}],""aub1"":[{""level"":1,""column"":0,""type"":""string"",""value"":""Summons 6 tentacles around a random ground enemy, that block movement and attack targets nearby.|n|n|cffFFFF80Cooldown:|cffFFFF00 12 |rseconds""}],""auar"":[{""level"":0,""column"":0,""type"":""string"",""value"":""ReplaceableTextures\\CommandButtons\\BTNTentacle.blp""}]}"
custom	A04V	Amnx							ground,enemies,structure,debris,ward					"{""wurs"":[{""level"":0,""column"":0,""type"":""int"",""value"":42}],""Dda1"":[{""level"":1,""column"":1,""type"":""unreal"",""value"":125}],""Dda2"":[{""level"":1,""column"":2,""type"":""unreal"",""value"":100}],""Dda3"":[{""level"":1,""column"":3,""type"":""unreal"",""value"":225}],""Dda4"":[{""level"":1,""column"":4,""type"":""unreal"",""value"":50}],""arac"":[{""level"":0,""column"":0,""type"":""string"",""value"":""human""}],""atar"":[{""level"":1,""column"":0,""type"":""string"",""value"":""ground,enemies,structure,debris,ward""}],""aart"":[{""level"":0,""column"":0,""type"":""string"",""value"":""ReplaceableTextures\\CommandButtons\\BTNInfernalCannon.blp""}]}"
custom	A04W	AIll							enemies,ground,structure					"{""wurs"":[{""level"":0,""column"":0,""type"":""int"",""value"":42}],""Idam"":[{""level"":1,""column"":1,""type"":""unreal"",""value"":0}],""Iob2"":[{""level"":1,""column"":2,""type"":""unreal"",""value"":100}],""Iob3"":[{""level"":1,""column"":3,""type"":""unreal"",""value"":100}],""Iob4"":[{""level"":1,""column"":4,""type"":""unreal"",""value"":100}],""aite"":[{""level"":0,""column"":0,""type"":""int"",""value"":0}],""arac"":[{""level"":0,""column"":0,""type"":""string"",""value"":""human""}],""atar"":[{""level"":1,""column"":0,""type"":""string"",""value"":""enemies,ground,structure""}],""Iobu"":[{""level"":1,""column"":0,""type"":""string"",""value"":""A04X""}],""aart"":[{""level"":0,""column"":0,""type"":""string"",""value"":""ReplaceableTextures\\CommandButtons\\BTNInfernalFlameCannon.blp""}],""amat"":[{""level"":0,""column"":0,""type"":""string"",""value"":""""}],""asat"":[{""level"":0,""column"":0,""type"":""string"",""value"":""""}],""atat"":[{""level"":0,""column"":0,""type"":""string"",""value"":""""}]}"
custom	A04X	AUcs		1	9999	99			enemies,ground,structure					"{""wurs"":[{""level"":0,""column"":0,""type"":""int"",""value"":42}],""abuf"":[{""level"":1,""column"":0,""type"":""string"",""value"":""""}],""acdn"":[{""level"":1,""column"":0,""type"":""unreal"",""value"":99}],""amcs"":[{""level"":1,""column"":0,""type"":""int"",""value"":9999}],""Ucs1"":[{""level"":1,""column"":1,""type"":""unreal"",""value"":60}],""Ucs2"":[{""level"":1,""column"":2,""type"":""unreal"",""value"":99999}],""Ucs3"":[{""level"":1,""column"":3,""type"":""unreal"",""value"":700}],""Ucs4"":[{""level"":1,""column"":4,""type"":""unreal"",""value"":100}],""aher"":[{""level"":0,""column"":0,""type"":""int"",""value"":0}],""alev"":[{""level"":0,""column"":0,""type"":""int"",""value"":1}],""amsp"":[{""level"":0,""column"":0,""type"":""int"",""value"":700}],""arac"":[{""level"":0,""column"":0,""type"":""string"",""value"":""human""}],""atar"":[{""level"":1,""column"":0,""type"":""string"",""value"":""enemies,ground,structure""}],""aani"":[{""level"":0,""column"":0,""type"":""string"",""value"":""spell,slam""}],""aart"":[{""level"":0,""column"":0,""type"":""string"",""value"":""ReplaceableTextures\\CommandButtons\\BTNInfernalFlameCannon.blp""}],""amat"":[{""level"":0,""column"":0,""type"":""string"",""value"":""Abilities\\Spells\\Undead\\OrbOfDeath\\OrbOfDeathMissile.mdl""}],""asat"":[{""level"":0,""column"":0,""type"":""string"",""value"":""""}]}"
custom	A04Y	Amnx							ground,enemies,structure,debris,ward					"{""wurs"":[{""level"":0,""column"":0,""type"":""int"",""value"":42}],""Dda2"":[{""level"":1,""column"":2,""type"":""unreal"",""value"":150}],""Dda3"":[{""level"":1,""column"":3,""type"":""unreal"",""value"":275}],""Dda4"":[{""level"":1,""column"":4,""type"":""unreal"",""value"":75}],""arac"":[{""level"":0,""column"":0,""type"":""string"",""value"":""human""}],""atar"":[{""level"":1,""column"":0,""type"":""string"",""value"":""ground,enemies,structure,debris,ward""}],""aart"":[{""level"":0,""column"":0,""type"":""string"",""value"":""ReplaceableTextures\\CommandButtons\\BTNInfernalFlameCannon.blp""}]}"
custom	A04Z	Afak			9999		900	250	air,enemies,ground					"{""wurs"":[{""level"":0,""column"":0,""type"":""int"",""value"":42}],""aare"":[{""level"":1,""column"":0,""type"":""unreal"",""value"":250}],""amcs"":[{""level"":1,""column"":0,""type"":""int"",""value"":9999}],""fak2"":[{""level"":1,""column"":2,""type"":""unreal"",""value"":0.5}],""fak4"":[{""level"":1,""column"":4,""type"":""unreal"",""value"":75}],""fak5"":[{""level"":1,""column"":5,""type"":""unreal"",""value"":175}],""arac"":[{""level"":0,""column"":0,""type"":""string"",""value"":""human""}],""aran"":[{""level"":1,""column"":0,""type"":""unreal"",""value"":900}],""atar"":[{""level"":1,""column"":0,""type"":""string"",""value"":""air,enemies,ground""}],""fak1"":[{""level"":1,""column"":1,""type"":""unreal"",""value"":15}],""aart"":[{""level"":0,""column"":0,""type"":""string"",""value"":""ReplaceableTextures\\CommandButtons\\BTNNetherDragon.blp""}],""ansf"":[{""level"":0,""column"":0,""type"":""string"",""value"":""Drake T1""}]}"
custom	A050	ACct							ground,enemies,air,neutral,ward					"{""wurs"":[{""level"":0,""column"":0,""type"":""int"",""value"":42}],""arac"":[{""level"":0,""column"":0,""type"":""string"",""value"":""human""}],""atar"":[{""level"":1,""column"":0,""type"":""string"",""value"":""ground,enemies,air,neutral,ward""}],""aart"":[{""level"":0,""column"":0,""type"":""string"",""value"":""ReplaceableTextures\\CommandButtons\\BTNWandOfNeutralization.blp""}]}"
custom	A051	Asph												"{""wurs"":[{""level"":0,""column"":0,""type"":""int"",""value"":42}],""amsp"":[{""level"":0,""column"":0,""type"":""int"",""value"":0}],""arac"":[{""level"":0,""column"":0,""type"":""string"",""value"":""orc""}],""aart"":[{""level"":0,""column"":0,""type"":""string"",""value"":""ReplaceableTextures\\CommandButtons\\BTNCorruptedTreeOfLife.blp""}],""amat"":[{""level"":0,""column"":0,""type"":""string"",""value"":""Abilities\\Weapons\\VoidWalkerMissile\\VoidWalkerMissile.mdl""}],""atat"":[{""level"":0,""column"":0,""type"":""string"",""value"":""Abilities\\Weapons\\IllidanMissile\\IllidanMissile.mdl""}],""ata3"":[{""level"":0,""column"":0,""type"":""string"",""value"":""sprite,fourth""}],""ata4"":[{""level"":0,""column"":0,""type"":""string"",""value"":""hand,left""}],""ata5"":[{""level"":0,""column"":0,""type"":""string"",""value"":""hand,right""}],""atac"":[{""level"":0,""column"":0,""type"":""int"",""value"":6}]}"
custom	A052	Aegr	COR: Shadow Dragon (Damage Reflect)						ground,enemies,structure,air,neutral,organic,debris,invulnerable,vulnerable,ward					"{""wurs"":[{""level"":0,""column"":0,""type"":""int"",""value"":42}],""Def1"":[{""level"":1,""column"":1,""type"":""unreal"",""value"":0.8}],""Def6"":[{""level"":1,""column"":6,""type"":""unreal"",""value"":50}],""Def7"":[{""level"":1,""column"":7,""type"":""unreal"",""value"":0.8}],""Def8"":[{""level"":1,""column"":8,""type"":""unreal"",""value"":0.8}],""arac"":[{""level"":0,""column"":0,""type"":""string"",""value"":""other""}],""atar"":[{""level"":1,""column"":0,""type"":""string"",""value"":""ground,enemies,structure,air,neutral,organic,debris,invulnerable,vulnerable,ward""}],""aart"":[{""level"":0,""column"":0,""type"":""string"",""value"":""ReplaceableTextures\\CommandButtons\\BTNNetherDragon.blp""}],""anam"":[{""level"":0,""column"":0,""type"":""string"",""value"":""COR: Shadow Dragon (Damage Reflect)""}]}"
custom	A053	Asph												"{""wurs"":[{""level"":0,""column"":0,""type"":""int"",""value"":42}],""amsp"":[{""level"":0,""column"":0,""type"":""int"",""value"":0}],""aart"":[{""level"":0,""column"":0,""type"":""string"",""value"":""ReplaceableTextures\\CommandButtons\\BTNNetherDragon.blp""}],""amat"":[{""level"":0,""column"":0,""type"":""string"",""value"":""Abilities\\Weapons\\VoidWalkerMissile\\VoidWalkerMissile.mdl""}],""atat"":[{""level"":0,""column"":0,""type"":""string"",""value"":""Abilities\\Weapons\\IllidanMissile\\IllidanMissile.mdl""}],""ata0"":[{""level"":0,""column"":0,""type"":""string"",""value"":""hand,right""}],""ata1"":[{""level"":0,""column"":0,""type"":""string"",""value"":""hand,left""}],""ata2"":[{""level"":0,""column"":0,""type"":""string"",""value"":""""}],""atac"":[{""level"":0,""column"":0,""type"":""int"",""value"":2}]}"
custom	A054	AIll												"{""wurs"":[{""level"":0,""column"":0,""type"":""int"",""value"":42}],""Idam"":[{""level"":1,""column"":1,""type"":""unreal"",""value"":0}],""Iob2"":[{""level"":1,""column"":2,""type"":""unreal"",""value"":100}],""Iob3"":[{""level"":1,""column"":3,""type"":""unreal"",""value"":100}],""Iob4"":[{""level"":1,""column"":4,""type"":""unreal"",""value"":100}],""aite"":[{""level"":0,""column"":0,""type"":""int"",""value"":0}],""arac"":[{""level"":0,""column"":0,""type"":""string"",""value"":""human""}],""Iobu"":[{""level"":1,""column"":0,""type"":""string"",""value"":""A055""}],""aart"":[{""level"":0,""column"":0,""type"":""string"",""value"":""ReplaceableTextures\\CommandButtons\\BTNCorruptedEnt.blp""}],""amat"":[{""level"":0,""column"":0,""type"":""string"",""value"":""""}],""asat"":[{""level"":0,""column"":0,""type"":""string"",""value"":""""}],""aspt"":[{""level"":0,""column"":0,""type"":""string"",""value"":""weapon""}],""atat"":[{""level"":0,""column"":0,""type"":""string"",""value"":""Abilities\\Spells\\Items\\OrbDarkness\\OrbDarkness.mdl""}]}"
custom	A055	Acri			9999	99			air,enemies,ground,neutral,ward	B00R				"{""wurs"":[{""level"":0,""column"":0,""type"":""int"",""value"":42}],""abuf"":[{""level"":1,""column"":0,""type"":""string"",""value"":""B00R""}],""acdn"":[{""level"":1,""column"":0,""type"":""unreal"",""value"":99}],""amcs"":[{""level"":1,""column"":0,""type"":""int"",""value"":9999}],""Cri1"":[{""level"":1,""column"":1,""type"":""unreal"",""value"":0}],""Cri2"":[{""level"":1,""column"":2,""type"":""unreal"",""value"":0}],""Cri3"":[{""level"":1,""column"":3,""type"":""unreal"",""value"":0.55}],""adur"":[{""level"":1,""column"":0,""type"":""unreal"",""value"":20}],""ahdu"":[{""level"":1,""column"":0,""type"":""unreal"",""value"":5}],""arac"":[{""level"":0,""column"":0,""type"":""string"",""value"":""human""}],""areq"":[{""level"":0,""column"":0,""type"":""string"",""value"":""""}],""atar"":[{""level"":1,""column"":0,""type"":""string"",""value"":""air,enemies,ground,neutral,ward""}],""aart"":[{""level"":0,""column"":0,""type"":""string"",""value"":""ReplaceableTextures\\CommandButtons\\BTNCorruptedEnt.blp""}]}"
custom	A056	ANpi	Corrupted: Void Walker						ground,enemies,neutral,notself,organic,self	B00S				"{""wurs"":[{""level"":0,""column"":0,""type"":""int"",""value"":42}],""abuf"":[{""level"":1,""column"":0,""type"":""string"",""value"":""B00S""}],""Eim1"":[{""level"":1,""column"":1,""type"":""unreal"",""value"":-5}],""atar"":[{""level"":1,""column"":0,""type"":""string"",""value"":""ground,enemies,neutral,notself,organic,self""}],""aart"":[{""level"":0,""column"":0,""type"":""string"",""value"":""ReplaceableTextures\\CommandButtons\\BTNVoidWalker.blp""}],""anam"":[{""level"":0,""column"":0,""type"":""string"",""value"":""Corrupted: Void Walker""}]}"
custom	A057	ACpa	COR: Well Of Pain		9999	99	99999		enemies,ground,invulnerable,mechanical,neutral,structure			Touch of Pain	|cffFFFF80Ability:|cffFFFF00 Touch of Pain|r|nStrikes a random enemy for 160 spell damage, prioritising wounded ones. On kill, spawns a Ghost of Sorrow to fight for you. This building is able to store multiple charges, which can be manually released in a burst.|n|n|cffFFFF80Cooldown:|cffFFFF00 5 |rseconds	"{""wurs"":[{""level"":0,""column"":0,""type"":""int"",""value"":42}],""abuf"":[{""level"":1,""column"":0,""type"":""string"",""value"":""""}],""Npa6"":[{""level"":1,""column"":0,""type"":""unreal"",""value"":0.01}],""acdn"":[{""level"":1,""column"":0,""type"":""unreal"",""value"":99}],""amcs"":[{""level"":1,""column"":0,""type"":""int"",""value"":9999}],""Poi1"":[{""level"":1,""column"":1,""type"":""unreal"",""value"":0}],""Poi4"":[{""level"":1,""column"":4,""type"":""int"",""value"":0}],""adur"":[{""level"":1,""column"":0,""type"":""unreal"",""value"":0.01}],""arac"":[{""level"":0,""column"":0,""type"":""string"",""value"":""orc""}],""aran"":[{""level"":1,""column"":0,""type"":""unreal"",""value"":99999}],""atar"":[{""level"":1,""column"":0,""type"":""string"",""value"":""enemies,ground,invulnerable,mechanical,neutral,structure""}],""aart"":[{""level"":0,""column"":0,""type"":""string"",""value"":""ReplaceableTextures\\CommandButtons\\BTNFaerieFire.blp""}],""acat"":[{""level"":0,""column"":0,""type"":""string"",""value"":""Abilities\\Spells\\Undead\\DeathPact\\DeathPactTarget.mdl""}],""aeat"":[{""level"":0,""column"":0,""type"":""string"",""value"":""Abilities\\Spells\\NightElf\\MoonWell\\MoonWellTarget.mdl,Abilities\\Spells\\NightElf\\MoonWell\\MoonWellTarget.mdl,Abilities\\Spells\\NightElf\\MoonWell\\MoonWellTarget.mdl,Abilities\\Spells\\NightElf\\MoonWell\\MoonWellTarget.mdl,Abilities\\Spells\\NightElf\\MoonWell\\CorruptedMoonWellTarget.mdl""}],""amat"":[{""level"":0,""column"":0,""type"":""string"",""value"":""""}],""anam"":[{""level"":0,""column"":0,""type"":""string"",""value"":""COR: Well Of Pain""}],""asat"":[{""level"":0,""column"":0,""type"":""string"",""value"":""Abilities\\Spells\\Undead\\DeathPact\\DeathPactTarget.mdl""}],""atp1"":[{""level"":1,""column"":0,""type"":""string"",""value"":""Touch of Pain""}],""aub1"":[{""level"":1,""column"":0,""type"":""string"",""value"":""|cffFFFF80Ability:|cffFFFF00 Touch of Pain|r|nStrikes a random enemy for 160 spell damage, prioritising wounded ones. On kill, spawns a Ghost of Sorrow to fight for you. This building is able to store multiple charges, which can be manually released in a burst.|n|n|cffFFFF80Cooldown:|cffFFFF00 5 |rseconds""}],""auar"":[{""level"":0,""column"":0,""type"":""string"",""value"":""ReplaceableTextures\\CommandButtons\\BTNFaerieFire.blp""}]}"
custom	A058	Asph												"{""wurs"":[{""level"":0,""column"":0,""type"":""int"",""value"":42}],""atat"":[{""level"":0,""column"":0,""type"":""string"",""value"":""Abilities\\Spells\\Other\\HowlOfTerror\\HowlTarget.mdl""}],""ata0"":[{""level"":0,""column"":0,""type"":""string"",""value"":""hand,left""}],""ata1"":[{""level"":0,""column"":0,""type"":""string"",""value"":""hand,right""}],""ata2"":[{""level"":0,""column"":0,""type"":""string"",""value"":""""}],""atac"":[{""level"":0,""column"":0,""type"":""int"",""value"":2}]}"
custom	A059	ACpv												"{""wurs"":[{""level"":0,""column"":0,""type"":""int"",""value"":42}],""War1"":[{""level"":1,""column"":1,""type"":""unreal"",""value"":25}],""War2"":[{""level"":1,""column"":2,""type"":""unreal"",""value"":80}],""arac"":[{""level"":0,""column"":0,""type"":""string"",""value"":""human""}],""aani"":[{""level"":0,""column"":0,""type"":""string"",""value"":""spell,slam""}]}"
custom	A05A	ACpv												"{""wurs"":[{""level"":0,""column"":0,""type"":""int"",""value"":42}],""War1"":[{""level"":1,""column"":1,""type"":""unreal"",""value"":30}],""War2"":[{""level"":1,""column"":2,""type"":""unreal"",""value"":140}],""arac"":[{""level"":0,""column"":0,""type"":""string"",""value"":""human""}],""aani"":[{""level"":0,""column"":0,""type"":""string"",""value"":""spell,slam""}]}"
custom	A05B	Acht			9999	99		850		B01R				"{""wurs"":[{""level"":0,""column"":0,""type"":""int"",""value"":42}],""aare"":[{""level"":1,""column"":0,""type"":""unreal"",""value"":850}],""abuf"":[{""level"":1,""column"":0,""type"":""string"",""value"":""B01R""}],""acdn"":[{""level"":1,""column"":0,""type"":""unreal"",""value"":99}],""amcs"":[{""level"":1,""column"":0,""type"":""int"",""value"":9999}],""Roa1"":[{""level"":1,""column"":1,""type"":""unreal"",""value"":0.3}],""Roa2"":[{""level"":1,""column"":2,""type"":""int"",""value"":4}],""ahdu"":[{""level"":1,""column"":0,""type"":""unreal"",""value"":2.5}],""arac"":[{""level"":0,""column"":0,""type"":""string"",""value"":""human""}]}"
custom	A05C	ACpa			9999	99	150		air,enemies,ground,neutral,nonhero	B019				"{""wurs"":[{""level"":0,""column"":0,""type"":""int"",""value"":42}],""abuf"":[{""level"":1,""column"":0,""type"":""string"",""value"":""B019""}],""Npa6"":[{""level"":1,""column"":0,""type"":""unreal"",""value"":0.01}],""acdn"":[{""level"":1,""column"":0,""type"":""unreal"",""value"":99}],""amcs"":[{""level"":1,""column"":0,""type"":""int"",""value"":9999}],""Poi1"":[{""level"":1,""column"":1,""type"":""unreal"",""value"":0}],""Poi4"":[{""level"":1,""column"":4,""type"":""int"",""value"":0}],""adur"":[{""level"":1,""column"":0,""type"":""unreal"",""value"":0.01}],""ahdu"":[{""level"":1,""column"":0,""type"":""unreal"",""value"":0.01}],""arac"":[{""level"":0,""column"":0,""type"":""string"",""value"":""human""}],""aran"":[{""level"":1,""column"":0,""type"":""unreal"",""value"":150}],""atar"":[{""level"":1,""column"":0,""type"":""string"",""value"":""air,enemies,ground,neutral,nonhero""}],""ipmu"":[{""level"":1,""column"":0,""type"":""string"",""value"":""nfbr""}],""amat"":[{""level"":0,""column"":0,""type"":""string"",""value"":""""}]}"
custom	A05D	Awrs			9999	99								"{""wurs"":[{""level"":0,""column"":0,""type"":""int"",""value"":42}],""acdn"":[{""level"":1,""column"":0,""type"":""unreal"",""value"":99}],""amcs"":[{""level"":1,""column"":0,""type"":""int"",""value"":9999}],""Wrs1"":[{""level"":1,""column"":1,""type"":""unreal"",""value"":75}],""adur"":[{""level"":1,""column"":0,""type"":""unreal"",""value"":3.5}],""ahdu"":[{""level"":1,""column"":0,""type"":""unreal"",""value"":1.75}],""arac"":[{""level"":0,""column"":0,""type"":""string"",""value"":""human""}],""acat"":[{""level"":0,""column"":0,""type"":""string"",""value"":""""}]}"
custom	A05E	ACpa			9999	99	100		enemies,ground,neutral,nonhero	B019				"{""wurs"":[{""level"":0,""column"":0,""type"":""int"",""value"":42}],""abuf"":[{""level"":1,""column"":0,""type"":""string"",""value"":""B019""}],""Npa6"":[{""level"":1,""column"":0,""type"":""unreal"",""value"":0.01}],""acdn"":[{""level"":1,""column"":0,""type"":""unreal"",""value"":99}],""amcs"":[{""level"":1,""column"":0,""type"":""int"",""value"":9999}],""Poi1"":[{""level"":1,""column"":1,""type"":""unreal"",""value"":0}],""Poi4"":[{""level"":1,""column"":4,""type"":""int"",""value"":0}],""adur"":[{""level"":1,""column"":0,""type"":""unreal"",""value"":0.01}],""ahdu"":[{""level"":1,""column"":0,""type"":""unreal"",""value"":0.01}],""arac"":[{""level"":0,""column"":0,""type"":""string"",""value"":""human""}],""aran"":[{""level"":1,""column"":0,""type"":""unreal"",""value"":100}],""atar"":[{""level"":1,""column"":0,""type"":""string"",""value"":""enemies,ground,neutral,nonhero""}],""ipmu"":[{""level"":1,""column"":0,""type"":""string"",""value"":""nfbr""}],""amat"":[{""level"":0,""column"":0,""type"":""string"",""value"":""""}]}"
custom	A05F	AHad		1				400	air,enemies,ground,vulnerable	B00W				"{""wurs"":[{""level"":0,""column"":0,""type"":""int"",""value"":42}],""aare"":[{""level"":1,""column"":0,""type"":""unreal"",""value"":400}],""abuf"":[{""level"":1,""column"":0,""type"":""string"",""value"":""B00W""}],""Had1"":[{""level"":1,""column"":1,""type"":""unreal"",""value"":-2}],""aher"":[{""level"":0,""column"":0,""type"":""int"",""value"":0}],""alev"":[{""level"":0,""column"":0,""type"":""int"",""value"":1}],""atar"":[{""level"":1,""column"":0,""type"":""string"",""value"":""air,enemies,ground,vulnerable""}],""aart"":[{""level"":0,""column"":0,""type"":""string"",""value"":""ReplaceableTextures\\PassiveButtons\\PASBTNRegenerationAura.blp""}],""atat"":[{""level"":0,""column"":0,""type"":""string"",""value"":""""}]}"
custom	A05G	AHad		1				650	air,enemies,ground,vulnerable	B00W				"{""wurs"":[{""level"":0,""column"":0,""type"":""int"",""value"":42}],""aare"":[{""level"":1,""column"":0,""type"":""unreal"",""value"":650}],""abuf"":[{""level"":1,""column"":0,""type"":""string"",""value"":""B00W""}],""Had1"":[{""level"":1,""column"":1,""type"":""unreal"",""value"":-4}],""aher"":[{""level"":0,""column"":0,""type"":""int"",""value"":0}],""alev"":[{""level"":0,""column"":0,""type"":""int"",""value"":1}],""atar"":[{""level"":1,""column"":0,""type"":""string"",""value"":""air,enemies,ground,vulnerable""}],""aart"":[{""level"":0,""column"":0,""type"":""string"",""value"":""ReplaceableTextures\\PassiveButtons\\PASBTNRegenerationAura.blp""}],""atat"":[{""level"":0,""column"":0,""type"":""string"",""value"":""""}]}"
custom	A05H	AHfs		1	9999	99	99999	325	debris,enemies,ground,neutral,self,tree					"{""wurs"":[{""level"":0,""column"":0,""type"":""int"",""value"":42}],""aare"":[{""level"":1,""column"":0,""type"":""unreal"",""value"":325}],""acas"":[{""level"":1,""column"":0,""type"":""unreal"",""value"":0.8}],""acdn"":[{""level"":1,""column"":0,""type"":""unreal"",""value"":99}],""amcs"":[{""level"":1,""column"":0,""type"":""int"",""value"":9999}],""Hfs1"":[{""level"":1,""column"":1,""type"":""unreal"",""value"":25}],""Hfs2"":[{""level"":1,""column"":2,""type"":""unreal"",""value"":0.25}],""Hfs5"":[{""level"":1,""column"":5,""type"":""unreal"",""value"":0}],""Hfs6"":[{""level"":1,""column"":6,""type"":""unreal"",""value"":150}],""aher"":[{""level"":0,""column"":0,""type"":""int"",""value"":0}],""ahdu"":[{""level"":1,""column"":0,""type"":""unreal"",""value"":2.77}],""alev"":[{""level"":0,""column"":0,""type"":""int"",""value"":1}],""arac"":[{""level"":0,""column"":0,""type"":""string"",""value"":""orc""}],""aran"":[{""level"":1,""column"":0,""type"":""unreal"",""value"":99999}],""atar"":[{""level"":1,""column"":0,""type"":""string"",""value"":""debris,enemies,ground,neutral,self,tree""}]}"
custom	A05I	ACct												"{""wurs"":[{""level"":0,""column"":0,""type"":""int"",""value"":42}],""Ocr1"":[{""level"":1,""column"":1,""type"":""unreal"",""value"":25}],""arac"":[{""level"":0,""column"":0,""type"":""string"",""value"":""orc""}]}"
custom	A05J	ACev												"{""wurs"":[{""level"":0,""column"":0,""type"":""int"",""value"":42}],""Eev1"":[{""level"":1,""column"":1,""type"":""unreal"",""value"":0.35}],""arac"":[{""level"":0,""column"":0,""type"":""string"",""value"":""human""}]}"
custom	A05K	ACbh										Blunt Force Trauma		"{""wurs"":[{""level"":0,""column"":0,""type"":""int"",""value"":42}],""ahdu"":[{""level"":1,""column"":0,""type"":""unreal"",""value"":1}],""arac"":[{""level"":0,""column"":0,""type"":""string"",""value"":""human""}],""atp1"":[{""level"":1,""column"":0,""type"":""string"",""value"":""Blunt Force Trauma""}]}"
custom	A05L	Arai		1		99								"{""wurs"":[{""level"":0,""column"":0,""type"":""int"",""value"":42}],""acdn"":[{""level"":1,""column"":0,""type"":""unreal"",""value"":99}],""Rai1"":[{""level"":1,""column"":1,""type"":""int"",""value"":1}],""Rai3"":[{""level"":1,""column"":3,""type"":""string"",""value"":""u008""}],""adur"":[{""level"":1,""column"":0,""type"":""unreal"",""value"":0}],""ahdu"":[{""level"":1,""column"":0,""type"":""unreal"",""value"":0}],""alev"":[{""level"":0,""column"":0,""type"":""int"",""value"":1}],""arac"":[{""level"":0,""column"":0,""type"":""string"",""value"":""human""}],""Raiu"":[{""level"":1,""column"":0,""type"":""string"",""value"":""u008""}]}"
custom	A05M	AUcs		1	9999	99		150	air,ground					"{""wurs"":[{""level"":0,""column"":0,""type"":""int"",""value"":42}],""aare"":[{""level"":1,""column"":0,""type"":""unreal"",""value"":150}],""acdn"":[{""level"":1,""column"":0,""type"":""unreal"",""value"":99}],""amcs"":[{""level"":1,""column"":0,""type"":""int"",""value"":9999}],""Ucs1"":[{""level"":1,""column"":1,""type"":""unreal"",""value"":70}],""Ucs2"":[{""level"":1,""column"":2,""type"":""unreal"",""value"":9999}],""Ucs3"":[{""level"":1,""column"":3,""type"":""unreal"",""value"":650}],""aher"":[{""level"":0,""column"":0,""type"":""int"",""value"":0}],""alev"":[{""level"":0,""column"":0,""type"":""int"",""value"":1}],""arac"":[{""level"":0,""column"":0,""type"":""string"",""value"":""human""}],""atar"":[{""level"":1,""column"":0,""type"":""string"",""value"":""air,ground""}]}"
custom	A05N	AIlx	UND: Mighty Necromancer (carrion swarm)						air,enemies,ground,structure,ward					"{""wurs"":[{""level"":0,""column"":0,""type"":""int"",""value"":42}],""Idam"":[{""level"":1,""column"":1,""type"":""unreal"",""value"":0}],""Iob2"":[{""level"":1,""column"":2,""type"":""unreal"",""value"":25}],""Iob3"":[{""level"":1,""column"":3,""type"":""unreal"",""value"":25}],""Iob4"":[{""level"":1,""column"":4,""type"":""unreal"",""value"":25}],""aite"":[{""level"":0,""column"":0,""type"":""int"",""value"":0}],""amsp"":[{""level"":0,""column"":0,""type"":""int"",""value"":900}],""arac"":[{""level"":0,""column"":0,""type"":""string"",""value"":""human""}],""atar"":[{""level"":1,""column"":0,""type"":""string"",""value"":""air,enemies,ground,structure,ward""}],""Iobu"":[{""level"":1,""column"":0,""type"":""string"",""value"":""A05M""}],""aart"":[{""level"":0,""column"":0,""type"":""string"",""value"":""ReplaceableTextures\\CommandButtons\\BTNDarkSummoning.blp""}],""amat"":[{""level"":0,""column"":0,""type"":""string"",""value"":""Abilities\\Spells\\Other\\HowlOfTerror\\HowlTarget.mdl""}],""anam"":[{""level"":0,""column"":0,""type"":""string"",""value"":""UND: Mighty Necromancer (carrion swarm)""}],""asat"":[{""level"":0,""column"":0,""type"":""string"",""value"":""""}],""aspt"":[{""level"":0,""column"":0,""type"":""string"",""value"":""""}],""atat"":[{""level"":0,""column"":0,""type"":""string"",""value"":""""}],""ata0"":[{""level"":0,""column"":0,""type"":""string"",""value"":""""}]}"
custom	A05O	Asph												"{""wurs"":[{""level"":0,""column"":0,""type"":""int"",""value"":42}],""atat"":[{""level"":0,""column"":0,""type"":""string"",""value"":""Abilities\\Spells\\Other\\HowlOfTerror\\HowlTarget.mdl""}],""ata0"":[{""level"":0,""column"":0,""type"":""string"",""value"":""weapon,right""}],""ata1"":[{""level"":0,""column"":0,""type"":""string"",""value"":""""}],""ata2"":[{""level"":0,""column"":0,""type"":""string"",""value"":""""}],""atac"":[{""level"":0,""column"":0,""type"":""int"",""value"":1}]}"
custom	A05P	ANpi						290	air,enemies,ground,neutral,organic	B001				"{""wurs"":[{""level"":0,""column"":0,""type"":""int"",""value"":42}],""aare"":[{""level"":1,""column"":0,""type"":""unreal"",""value"":290}],""abuf"":[{""level"":1,""column"":0,""type"":""string"",""value"":""B001""}],""Eim1"":[{""level"":1,""column"":1,""type"":""unreal"",""value"":12}],""arac"":[{""level"":0,""column"":0,""type"":""string"",""value"":""human""}],""atar"":[{""level"":1,""column"":0,""type"":""string"",""value"":""air,enemies,ground,neutral,organic""}]}"
custom	A05Q	ACvs								B003				"{""wurs"":[{""level"":0,""column"":0,""type"":""int"",""value"":42}],""abuf"":[{""level"":1,""column"":0,""type"":""string"",""value"":""B003""}],""Poi1"":[{""level"":1,""column"":1,""type"":""unreal"",""value"":8}],""Poi2"":[{""level"":1,""column"":2,""type"":""unreal"",""value"":0.15}],""adur"":[{""level"":1,""column"":0,""type"":""unreal"",""value"":10}],""ahdu"":[{""level"":1,""column"":0,""type"":""unreal"",""value"":2.5}],""arac"":[{""level"":0,""column"":0,""type"":""string"",""value"":""human""}]}"
custom	A05R	Aap1						350	air,enemies,ground,neutral,organic					"{""wurs"":[{""level"":0,""column"":0,""type"":""int"",""value"":42}],""aare"":[{""level"":1,""column"":0,""type"":""unreal"",""value"":350}],""Apl2"":[{""level"":1,""column"":2,""type"":""unreal"",""value"":18}],""Apl3"":[{""level"":1,""column"":3,""type"":""unreal"",""value"":5}],""arac"":[{""level"":0,""column"":0,""type"":""string"",""value"":""human""}],""areq"":[{""level"":0,""column"":0,""type"":""string"",""value"":""""}],""atar"":[{""level"":1,""column"":0,""type"":""string"",""value"":""air,enemies,ground,neutral,organic""}]}"
custom	A05S	ACvs								B00U				"{""wurs"":[{""level"":0,""column"":0,""type"":""int"",""value"":42}],""abuf"":[{""level"":1,""column"":0,""type"":""string"",""value"":""B00U""}],""Poi1"":[{""level"":1,""column"":1,""type"":""unreal"",""value"":15}],""Poi2"":[{""level"":1,""column"":2,""type"":""unreal"",""value"":0.3}],""adur"":[{""level"":1,""column"":0,""type"":""unreal"",""value"":15}],""ahdu"":[{""level"":1,""column"":0,""type"":""unreal"",""value"":3.75}],""arac"":[{""level"":0,""column"":0,""type"":""string"",""value"":""human""}]}"
custom	A05T	ANpi						350	air,enemies,ground,neutral,organic	B001				"{""wurs"":[{""level"":0,""column"":0,""type"":""int"",""value"":42}],""aare"":[{""level"":1,""column"":0,""type"":""unreal"",""value"":350}],""abuf"":[{""level"":1,""column"":0,""type"":""string"",""value"":""B001""}],""Eim1"":[{""level"":1,""column"":1,""type"":""unreal"",""value"":2}],""arac"":[{""level"":0,""column"":0,""type"":""string"",""value"":""human""}],""atar"":[{""level"":1,""column"":0,""type"":""string"",""value"":""air,enemies,ground,neutral,organic""}]}"
custom	A05U	ACpa			9999	99	99999		enemies,ground,invulnerable,mechanical,neutral,structure			Raise Dead	Uses a corpse to raise a tier 2-3 skeleton.|n|n|cffFFFF80Cooldown:|cffFFFF00 12 |rseconds	"{""wurs"":[{""level"":0,""column"":0,""type"":""int"",""value"":42}],""abuf"":[{""level"":1,""column"":0,""type"":""string"",""value"":""""}],""Npa6"":[{""level"":1,""column"":0,""type"":""unreal"",""value"":0.01}],""acdn"":[{""level"":1,""column"":0,""type"":""unreal"",""value"":99}],""amcs"":[{""level"":1,""column"":0,""type"":""int"",""value"":9999}],""Poi1"":[{""level"":1,""column"":1,""type"":""unreal"",""value"":0}],""Poi4"":[{""level"":1,""column"":4,""type"":""int"",""value"":0}],""adur"":[{""level"":1,""column"":0,""type"":""unreal"",""value"":0.01}],""arac"":[{""level"":0,""column"":0,""type"":""string"",""value"":""orc""}],""aran"":[{""level"":1,""column"":0,""type"":""unreal"",""value"":99999}],""atar"":[{""level"":1,""column"":0,""type"":""string"",""value"":""enemies,ground,invulnerable,mechanical,neutral,structure""}],""ipmu"":[{""level"":1,""column"":0,""type"":""string"",""value"":""nfbr""}],""aart"":[{""level"":0,""column"":0,""type"":""string"",""value"":""ReplaceableTextures\\CommandButtons\\BTNAnimateDead.blp""}],""amat"":[{""level"":0,""column"":0,""type"":""string"",""value"":""""}],""atp1"":[{""level"":1,""column"":0,""type"":""string"",""value"":""Raise Dead""}],""aub1"":[{""level"":1,""column"":0,""type"":""string"",""value"":""Uses a corpse to raise a tier 2-3 skeleton.|n|n|cffFFFF80Cooldown:|cffFFFF00 12 |rseconds""}],""auar"":[{""level"":0,""column"":0,""type"":""string"",""value"":""ReplaceableTextures\\CommandButtons\\BTNAnimateDead.blp""}]}"
custom	A05V	AEah	CHA: Quill Demon (thorns aura)	1				350		B00V				"{""wurs"":[{""level"":0,""column"":0,""type"":""int"",""value"":42}],""aare"":[{""level"":1,""column"":0,""type"":""unreal"",""value"":350}],""abuf"":[{""level"":1,""column"":0,""type"":""string"",""value"":""B00V""}],""Eah1"":[{""level"":1,""column"":1,""type"":""unreal"",""value"":0.35}],""aher"":[{""level"":0,""column"":0,""type"":""int"",""value"":0}],""alev"":[{""level"":0,""column"":0,""type"":""int"",""value"":1}],""arac"":[{""level"":0,""column"":0,""type"":""string"",""value"":""human""}],""anam"":[{""level"":0,""column"":0,""type"":""string"",""value"":""CHA: Quill Demon (thorns aura)""}]}"
custom	A05W	ACce						175						"{""wurs"":[{""level"":0,""column"":0,""type"":""int"",""value"":42}],""aare"":[{""level"":1,""column"":0,""type"":""unreal"",""value"":175}],""arac"":[{""level"":0,""column"":0,""type"":""string"",""value"":""human""}]}"
custom	A05X	ACcl			9999	99			air,enemies,ground,neutral					"{""wurs"":[{""level"":0,""column"":0,""type"":""int"",""value"":42}],""acdn"":[{""level"":1,""column"":0,""type"":""unreal"",""value"":99}],""amcs"":[{""level"":1,""column"":0,""type"":""int"",""value"":9999}],""Ocl1"":[{""level"":1,""column"":1,""type"":""unreal"",""value"":150}],""Ocl2"":[{""level"":1,""column"":2,""type"":""int"",""value"":5}],""arac"":[{""level"":0,""column"":0,""type"":""string"",""value"":""human""}],""atar"":[{""level"":1,""column"":0,""type"":""string"",""value"":""air,enemies,ground,neutral""}]}"
custom	A05Y	ACct												"{""wurs"":[{""level"":0,""column"":0,""type"":""int"",""value"":42}],""Ocr1"":[{""level"":1,""column"":1,""type"":""unreal"",""value"":30}],""Ocr2"":[{""level"":1,""column"":2,""type"":""unreal"",""value"":3}],""arac"":[{""level"":0,""column"":0,""type"":""string"",""value"":""human""}]}"
custom	A05Z	ACce						200						"{""wurs"":[{""level"":0,""column"":0,""type"":""int"",""value"":42}],""aare"":[{""level"":1,""column"":0,""type"":""unreal"",""value"":200}],""nca1"":[{""level"":1,""column"":1,""type"":""unreal"",""value"":0.35}],""arac"":[{""level"":0,""column"":0,""type"":""string"",""value"":""human""}]}"
custom	A060	ACce						175						"{""wurs"":[{""level"":0,""column"":0,""type"":""int"",""value"":42}],""aare"":[{""level"":1,""column"":0,""type"":""unreal"",""value"":175}],""arac"":[{""level"":0,""column"":0,""type"":""string"",""value"":""human""}]}"
custom	A061	Afbt												"{""wurs"":[{""level"":0,""column"":0,""type"":""int"",""value"":42}],""fbk1"":[{""level"":1,""column"":1,""type"":""unreal"",""value"":25}],""fbk3"":[{""level"":1,""column"":3,""type"":""unreal"",""value"":25}],""fbk5"":[{""level"":1,""column"":5,""type"":""unreal"",""value"":10}]}"
custom	A062	ACct												"{""wurs"":[{""level"":0,""column"":0,""type"":""int"",""value"":42}],""Ocr1"":[{""level"":1,""column"":1,""type"":""unreal"",""value"":10}],""Ocr2"":[{""level"":1,""column"":2,""type"":""unreal"",""value"":1.5}],""arac"":[{""level"":0,""column"":0,""type"":""string"",""value"":""human""}]}"
custom	A063	ACce						200						"{""wurs"":[{""level"":0,""column"":0,""type"":""int"",""value"":42}],""aare"":[{""level"":1,""column"":0,""type"":""unreal"",""value"":200}],""nca1"":[{""level"":1,""column"":1,""type"":""unreal"",""value"":0.27}],""arac"":[{""level"":0,""column"":0,""type"":""string"",""value"":""human""}]}"
custom	A064	Afrb							air,enemies,ground					"{""wurs"":[{""level"":0,""column"":0,""type"":""int"",""value"":42}],""adur"":[{""level"":1,""column"":0,""type"":""unreal"",""value"":5}],""ahdu"":[{""level"":1,""column"":0,""type"":""unreal"",""value"":5}],""arac"":[{""level"":0,""column"":0,""type"":""string"",""value"":""human""}],""atar"":[{""level"":1,""column"":0,""type"":""string"",""value"":""air,enemies,ground""}]}"
custom	A065	ACce						175						"{""wurs"":[{""level"":0,""column"":0,""type"":""int"",""value"":42}],""aare"":[{""level"":1,""column"":0,""type"":""unreal"",""value"":175}],""arac"":[{""level"":0,""column"":0,""type"":""string"",""value"":""human""}]}"
custom	A066	ACct												"{""wurs"":[{""level"":0,""column"":0,""type"":""int"",""value"":42}],""arac"":[{""level"":0,""column"":0,""type"":""string"",""value"":""human""}]}"
custom	A067	ACce						175						"{""wurs"":[{""level"":0,""column"":0,""type"":""int"",""value"":42}],""aare"":[{""level"":1,""column"":0,""type"":""unreal"",""value"":175}],""arac"":[{""level"":0,""column"":0,""type"":""string"",""value"":""human""}]}"
custom	A068	ACbh												"{""wurs"":[{""level"":0,""column"":0,""type"":""int"",""value"":42}],""ahdu"":[{""level"":1,""column"":0,""type"":""unreal"",""value"":1}],""arac"":[{""level"":0,""column"":0,""type"":""string"",""value"":""human""}]}"
custom	A069	Afak			9999		900	250	air,enemies,ground					"{""wurs"":[{""level"":0,""column"":0,""type"":""int"",""value"":42}],""aare"":[{""level"":1,""column"":0,""type"":""unreal"",""value"":250}],""amcs"":[{""level"":1,""column"":0,""type"":""int"",""value"":9999}],""fak1"":[{""level"":1,""column"":1,""type"":""unreal"",""value"":25}],""fak2"":[{""level"":1,""column"":2,""type"":""unreal"",""value"":0.66}],""fak3"":[{""level"":1,""column"":3,""type"":""unreal"",""value"":0.33}],""fak4"":[{""level"":1,""column"":4,""type"":""unreal"",""value"":75}],""fak5"":[{""level"":1,""column"":5,""type"":""unreal"",""value"":175}],""arac"":[{""level"":0,""column"":0,""type"":""string"",""value"":""human""}],""aran"":[{""level"":1,""column"":0,""type"":""unreal"",""value"":900}],""atar"":[{""level"":1,""column"":0,""type"":""string"",""value"":""air,enemies,ground""}],""aart"":[{""level"":0,""column"":0,""type"":""string"",""value"":""ReplaceableTextures\\CommandButtons\\BTNNetherDragon.blp""}],""ansf"":[{""level"":0,""column"":0,""type"":""string"",""value"":""Drake T2""}]}"
custom	A06A	ACct										Light's Blessing	Non-legendary allied units gain a 20-40% (+20% per building) chance to be revived once with a delay of 2s. To maximize the effect you need two Shrines.	"{""wurs"":[{""level"":0,""column"":0,""type"":""int"",""value"":42}],""arac"":[{""level"":0,""column"":0,""type"":""string"",""value"":""orc""}],""aart"":[{""level"":0,""column"":0,""type"":""string"",""value"":""ReplaceableTextures\\CommandButtons\\BTNPriestMaster.blp""}],""atp1"":[{""level"":1,""column"":0,""type"":""string"",""value"":""Light's Blessing""}],""aub1"":[{""level"":1,""column"":0,""type"":""string"",""value"":""Non-legendary allied units gain a 20-40% (+20% per building) chance to be revived once with a delay of 2s. To maximize the effect you need two Shrines.""}]}"
custom	A06B	ACct										Hand of Justice	Whenever an allied building is destroyed there is a 40% chance that the Golden Shrine of Justice will kill the source that killed the building. This chance stacks only once per team (Max 2 Shrines).	"{""wurs"":[{""level"":0,""column"":0,""type"":""int"",""value"":42}],""arac"":[{""level"":0,""column"":0,""type"":""string"",""value"":""orc""}],""aart"":[{""level"":0,""column"":0,""type"":""string"",""value"":""ReplaceableTextures\\CommandButtons\\BTNControlMagic.blp""}],""atp1"":[{""level"":1,""column"":0,""type"":""string"",""value"":""Hand of Justice""}],""aub1"":[{""level"":1,""column"":0,""type"":""string"",""value"":""Whenever an allied building is destroyed there is a 40% chance that the Golden Shrine of Justice will kill the source that killed the building. This chance stacks only once per team (Max 2 Shrines).""}]}"
custom	A06C	Aakb	QuadDamageAura					25000		B00I				"{""wurs"":[{""level"":0,""column"":0,""type"":""int"",""value"":42}],""aare"":[{""level"":1,""column"":0,""type"":""unreal"",""value"":25000}],""abuf"":[{""level"":1,""column"":0,""type"":""string"",""value"":""B00I""}],""Akb1"":[{""level"":1,""column"":1,""type"":""unreal"",""value"":3}],""arac"":[{""level"":0,""column"":0,""type"":""string"",""value"":""other""}],""anam"":[{""level"":0,""column"":0,""type"":""string"",""value"":""QuadDamageAura""}]}"
custom	A06D	Aakb	DoubleDamageAura					25000		B00H				"{""wurs"":[{""level"":0,""column"":0,""type"":""int"",""value"":42}],""aare"":[{""level"":1,""column"":0,""type"":""unreal"",""value"":25000}],""abuf"":[{""level"":1,""column"":0,""type"":""string"",""value"":""B00H""}],""Akb1"":[{""level"":1,""column"":1,""type"":""unreal"",""value"":1}],""arac"":[{""level"":0,""column"":0,""type"":""string"",""value"":""other""}],""anam"":[{""level"":0,""column"":0,""type"":""string"",""value"":""DoubleDamageAura""}]}"
custom	A06E	Asph	Rescue Strike Effect											"{""wurs"":[{""level"":0,""column"":0,""type"":""int"",""value"":42}],""amsp"":[{""level"":0,""column"":0,""type"":""int"",""value"":900}],""arac"":[{""level"":0,""column"":0,""type"":""string"",""value"":""unknown""}],""anam"":[{""level"":0,""column"":0,""type"":""string"",""value"":""Rescue Strike Effect""}],""atat"":[{""level"":0,""column"":0,""type"":""string"",""value"":""Abilities\\Spells\\Items\\AIfb\\AIfbTarget.mdl""}],""ata0"":[{""level"":0,""column"":0,""type"":""string"",""value"":""hand,right""}],""ata1"":[{""level"":0,""column"":0,""type"":""string"",""value"":""hand,left""}],""ata2"":[{""level"":0,""column"":0,""type"":""string"",""value"":""""}],""atac"":[{""level"":0,""column"":0,""type"":""int"",""value"":2}],""amat"":[{""level"":0,""column"":0,""type"":""string"",""value"":""""}]}"
custom	A06F	ACct							air,enemies,neutral					"{""wurs"":[{""level"":0,""column"":0,""type"":""int"",""value"":42}],""Ocr1"":[{""level"":1,""column"":1,""type"":""unreal"",""value"":40}],""Ocr2"":[{""level"":1,""column"":2,""type"":""unreal"",""value"":3}],""arac"":[{""level"":0,""column"":0,""type"":""string"",""value"":""human""}],""atar"":[{""level"":1,""column"":0,""type"":""string"",""value"":""air,enemies,neutral""}]}"
custom	A06G	Aasl						0	_	B01U				"{""wurs"":[{""level"":0,""column"":0,""type"":""int"",""value"":42}],""aare"":[{""level"":1,""column"":0,""type"":""unreal"",""value"":0}],""abuf"":[{""level"":1,""column"":0,""type"":""string"",""value"":""B01U""}],""Slo1"":[{""level"":1,""column"":1,""type"":""unreal"",""value"":0}],""arac"":[{""level"":0,""column"":0,""type"":""string"",""value"":""human""}],""atar"":[{""level"":1,""column"":0,""type"":""string"",""value"":""_""}],""atat"":[{""level"":0,""column"":0,""type"":""string"",""value"":""Abilities\\Weapons\\CannonTowerMissile\\CannonTowerMissile.mdl""}],""ata0"":[{""level"":0,""column"":0,""type"":""string"",""value"":""weapon""}]}"
custom	A06H	Aens				99	800		air,enemies,mechanical,neutral,organic					"{""wurs"":[{""level"":0,""column"":0,""type"":""int"",""value"":42}],""acdn"":[{""level"":1,""column"":0,""type"":""unreal"",""value"":99}],""adur"":[{""level"":1,""column"":0,""type"":""unreal"",""value"":16}],""ahdu"":[{""level"":1,""column"":0,""type"":""unreal"",""value"":3.13}],""amsp"":[{""level"":0,""column"":0,""type"":""int"",""value"":1200}],""arac"":[{""level"":0,""column"":0,""type"":""string"",""value"":""human""}],""areq"":[{""level"":0,""column"":0,""type"":""string"",""value"":""""}],""aran"":[{""level"":1,""column"":0,""type"":""unreal"",""value"":800}],""atar"":[{""level"":1,""column"":0,""type"":""string"",""value"":""air,enemies,mechanical,neutral,organic""}]}"
custom	A06I	ACpa			9999	99	600		air,enemies,mechanical,neutral,organic	B00T				"{""wurs"":[{""level"":0,""column"":0,""type"":""int"",""value"":42}],""abuf"":[{""level"":1,""column"":0,""type"":""string"",""value"":""B00T""}],""Npa6"":[{""level"":1,""column"":0,""type"":""unreal"",""value"":0.01}],""acdn"":[{""level"":1,""column"":0,""type"":""unreal"",""value"":99}],""amcs"":[{""level"":1,""column"":0,""type"":""int"",""value"":9999}],""Poi1"":[{""level"":1,""column"":1,""type"":""unreal"",""value"":0}],""Poi4"":[{""level"":1,""column"":4,""type"":""int"",""value"":0}],""adur"":[{""level"":1,""column"":0,""type"":""unreal"",""value"":0.01}],""ahdu"":[{""level"":1,""column"":0,""type"":""unreal"",""value"":0.01}],""arac"":[{""level"":0,""column"":0,""type"":""string"",""value"":""human""}],""aran"":[{""level"":1,""column"":0,""type"":""unreal"",""value"":600}],""atar"":[{""level"":1,""column"":0,""type"":""string"",""value"":""air,enemies,mechanical,neutral,organic""}],""ipmu"":[{""level"":1,""column"":0,""type"":""string"",""value"":""nfbr""}],""amat"":[{""level"":0,""column"":0,""type"":""string"",""value"":""""}]}"
custom	A06J	Aspy												"{""wurs"":[{""level"":0,""column"":0,""type"":""int"",""value"":42}],""Sod2"":[{""level"":1,""column"":2,""type"":""string"",""value"":""n01Q""}],""arac"":[{""level"":0,""column"":0,""type"":""string"",""value"":""human""}]}"
custom	A06K	Aspy												"{""wurs"":[{""level"":0,""column"":0,""type"":""int"",""value"":42}],""Sod2"":[{""level"":1,""column"":2,""type"":""string"",""value"":""n01R""}],""arac"":[{""level"":0,""column"":0,""type"":""string"",""value"":""human""}]}"
custom	A06L	ACct												"{""wurs"":[{""level"":0,""column"":0,""type"":""int"",""value"":42}],""arac"":[{""level"":0,""column"":0,""type"":""string"",""value"":""human""}],""Ocr1"":[{""level"":1,""column"":1,""type"":""unreal"",""value"":20}]}"
custom	A06M	ACct										Call to Arms	Whenever an allied structure trains a unit, there is a 16% chance that an additional unit of this type will be instantly trained, fighting for the Shrine owner. Cannot train legendary units.	"{""wurs"":[{""level"":0,""column"":0,""type"":""int"",""value"":42}],""arac"":[{""level"":0,""column"":0,""type"":""string"",""value"":""orc""}],""aart"":[{""level"":0,""column"":0,""type"":""string"",""value"":""ReplaceableTextures\\CommandButtons\\BTNCommand.blp""}],""abpx"":[{""level"":0,""column"":0,""type"":""int"",""value"":3}],""atp1"":[{""level"":1,""column"":0,""type"":""string"",""value"":""Call to Arms""}],""aub1"":[{""level"":1,""column"":0,""type"":""string"",""value"":""Whenever an allied structure trains a unit, there is a 16% chance that an additional unit of this type will be instantly trained, fighting for the Shrine owner. Cannot train legendary units.""}]}"
custom	A06N	ACvp	UND: Greater Vampir (vampiric aura)						self					"{""wurs"":[{""level"":0,""column"":0,""type"":""int"",""value"":42}],""Uav1"":[{""level"":1,""column"":1,""type"":""unreal"",""value"":0.7}],""arac"":[{""level"":0,""column"":0,""type"":""string"",""value"":""human""}],""atar"":[{""level"":1,""column"":0,""type"":""string"",""value"":""self""}],""anam"":[{""level"":0,""column"":0,""type"":""string"",""value"":""UND: Greater Vampir (vampiric aura)""}],""atat"":[{""level"":0,""column"":0,""type"":""string"",""value"":""""}],""ata0"":[{""level"":0,""column"":0,""type"":""string"",""value"":""""}]}"
custom	A06O	Asph												"{""wurs"":[{""level"":0,""column"":0,""type"":""int"",""value"":42}],""amsp"":[{""level"":0,""column"":0,""type"":""int"",""value"":0}],""amat"":[{""level"":0,""column"":0,""type"":""string"",""value"":""Abilities\\Weapons\\VoidWalkerMissile\\VoidWalkerMissile.mdl""}],""atat"":[{""level"":0,""column"":0,""type"":""string"",""value"":""Abilities\\Weapons\\NecromancerMissile\\NecromancerMissile.mdl""}],""ata0"":[{""level"":0,""column"":0,""type"":""string"",""value"":""hand,right""}],""ata1"":[{""level"":0,""column"":0,""type"":""string"",""value"":""hand,left""}],""ata2"":[{""level"":0,""column"":0,""type"":""string"",""value"":""""}],""atac"":[{""level"":0,""column"":0,""type"":""int"",""value"":2}]}"
custom	A06P	ACpa	NOR: Chilling Mushroom		9999	99	99999		enemies,ground,invulnerable,mechanical,neutral,structure			Freezing Blast	"Freezes an air unit stunning it for 2.5 seconds and dealing 150 |cff8080ffspell damage|r.|n
|cff00FF00Others: 100%|r|n|cffFF0000Hero: 70%|nDivine: 25%|r
|n|cffFFFF80Cooldown:|cffFFFF00 6 |rseconds"	"{""wurs"":[{""level"":0,""column"":0,""type"":""int"",""value"":42}],""abuf"":[{""level"":1,""column"":0,""type"":""string"",""value"":""""}],""Npa6"":[{""level"":1,""column"":0,""type"":""unreal"",""value"":0.01}],""acdn"":[{""level"":1,""column"":0,""type"":""unreal"",""value"":99}],""amcs"":[{""level"":1,""column"":0,""type"":""int"",""value"":9999}],""Poi1"":[{""level"":1,""column"":1,""type"":""unreal"",""value"":0}],""Poi4"":[{""level"":1,""column"":4,""type"":""int"",""value"":0}],""adur"":[{""level"":1,""column"":0,""type"":""unreal"",""value"":0.01}],""arac"":[{""level"":0,""column"":0,""type"":""string"",""value"":""orc""}],""aran"":[{""level"":1,""column"":0,""type"":""unreal"",""value"":99999}],""atar"":[{""level"":1,""column"":0,""type"":""string"",""value"":""enemies,ground,invulnerable,mechanical,neutral,structure""}],""ipmu"":[{""level"":1,""column"":0,""type"":""string"",""value"":""nfbr""}],""aani"":[{""level"":0,""column"":0,""type"":""string"",""value"":""stand,hit""}],""aart"":[{""level"":0,""column"":0,""type"":""string"",""value"":""ReplaceableTextures\\CommandButtons\\BTNFrostBolt.blp""}],""amat"":[{""level"":0,""column"":0,""type"":""string"",""value"":""""}],""anam"":[{""level"":0,""column"":0,""type"":""string"",""value"":""NOR: Chilling Mushroom""}],""atp1"":[{""level"":1,""column"":0,""type"":""string"",""value"":""Freezing Blast""}],""aub1"":[{""level"":1,""column"":0,""type"":""string"",""value"":""Freezes an air unit stunning it for 2.5 seconds and dealing 150 |cff8080ffspell damage|r.|n\n|cff00FF00Others: 100%|r|n|cffFF0000Hero: 70%|nDivine: 25%|r\n|n|cffFFFF80Cooldown:|cffFFFF00 6 |rseconds""}],""auar"":[{""level"":0,""column"":0,""type"":""string"",""value"":""ReplaceableTextures\\CommandButtons\\BTNFrostBolt.blp""}]}"
custom	A06Q	Aens				99	25000		air,enemies,ground,neutral	B00X,B00X				"{""wurs"":[{""level"":0,""column"":0,""type"":""int"",""value"":42}],""abuf"":[{""level"":1,""column"":0,""type"":""string"",""value"":""B00X,B00X""}],""acdn"":[{""level"":1,""column"":0,""type"":""unreal"",""value"":99}],""Ens1"":[{""level"":1,""column"":1,""type"":""unreal"",""value"":0.35}],""Ens2"":[{""level"":1,""column"":2,""type"":""unreal"",""value"":50}],""adur"":[{""level"":1,""column"":0,""type"":""unreal"",""value"":15}],""ahdu"":[{""level"":1,""column"":0,""type"":""unreal"",""value"":3.75}],""amho"":[{""level"":0,""column"":0,""type"":""int"",""value"":0}],""amsp"":[{""level"":0,""column"":0,""type"":""int"",""value"":2500}],""areq"":[{""level"":0,""column"":0,""type"":""string"",""value"":""""}],""aran"":[{""level"":1,""column"":0,""type"":""unreal"",""value"":25000}],""atar"":[{""level"":1,""column"":0,""type"":""string"",""value"":""air,enemies,ground,neutral""}],""aart"":[{""level"":0,""column"":0,""type"":""string"",""value"":""ReplaceableTextures\\CommandButtons\\BTNFrostBolt.blp""}],""amac"":[{""level"":0,""column"":0,""type"":""unreal"",""value"":0.2}],""amat"":[{""level"":0,""column"":0,""type"":""string"",""value"":""Abilities\\Spells\\Other\\FrostBolt\\FrostBoltMissile.mdl""}]}"
custom	A06R	ACpa			9999	99	99999		enemies,ground,invulnerable,mechanical,neutral,structure			Present of Chaos	"Sends chaotic forces into a random enemy unit.
These forces have one of the following effects on the target unit:
-The unit explodes (no bounty)
-The unit dies (you gain bounty)
-The unit transforms into a Mutation that fights for you
-The unit is hexed or banished
-The unit receives 500 damage
-The unit gets 400 bonus health and +25 damage and is fully healed
-The unit is stunned for 6 seconds and receives 200 spell damage
-Nothing happens at all|n|n|cffFFFF80Cooldown:|cffFFFF00 10 |rseconds"	"{""wurs"":[{""level"":0,""column"":0,""type"":""int"",""value"":42}],""abuf"":[{""level"":1,""column"":0,""type"":""string"",""value"":""""}],""Npa6"":[{""level"":1,""column"":0,""type"":""unreal"",""value"":0.01}],""acdn"":[{""level"":1,""column"":0,""type"":""unreal"",""value"":99}],""amcs"":[{""level"":1,""column"":0,""type"":""int"",""value"":9999}],""Poi1"":[{""level"":1,""column"":1,""type"":""unreal"",""value"":0}],""Poi4"":[{""level"":1,""column"":4,""type"":""int"",""value"":0}],""adur"":[{""level"":1,""column"":0,""type"":""unreal"",""value"":0.01}],""arac"":[{""level"":0,""column"":0,""type"":""string"",""value"":""orc""}],""aran"":[{""level"":1,""column"":0,""type"":""unreal"",""value"":99999}],""atar"":[{""level"":1,""column"":0,""type"":""string"",""value"":""enemies,ground,invulnerable,mechanical,neutral,structure""}],""ipmu"":[{""level"":1,""column"":0,""type"":""string"",""value"":""nfbr""}],""aart"":[{""level"":0,""column"":0,""type"":""string"",""value"":""ReplaceableTextures\\CommandButtons\\BTNSpiritLink.blp""}],""amat"":[{""level"":0,""column"":0,""type"":""string"",""value"":""""}],""atp1"":[{""level"":1,""column"":0,""type"":""string"",""value"":""Present of Chaos""}],""aub1"":[{""level"":1,""column"":0,""type"":""string"",""value"":""Sends chaotic forces into a random enemy unit.\nThese forces have one of the following effects on the target unit:\n-The unit explodes (no bounty)\n-The unit dies (you gain bounty)\n-The unit transforms into a Mutation that fights for you\n-The unit is hexed or banished\n-The unit receives 500 damage\n-The unit gets 400 bonus health and +25 damage and is fully healed\n-The unit is stunned for 6 seconds and receives 200 spell damage\n-Nothing happens at all|n|n|cffFFFF80Cooldown:|cffFFFF00 10 |rseconds""}],""auar"":[{""level"":0,""column"":0,""type"":""string"",""value"":""ReplaceableTextures\\CommandButtons\\BTNSpiritLink.blp""}]}"
custom	A06S	AHtb		1	9999	99	99999		debris,enemies,ground,neutral					"{""wurs"":[{""level"":0,""column"":0,""type"":""int"",""value"":42}],""abuf"":[{""level"":1,""column"":0,""type"":""string"",""value"":""""}],""acdn"":[{""level"":1,""column"":0,""type"":""unreal"",""value"":99}],""amcs"":[{""level"":1,""column"":0,""type"":""int"",""value"":9999}],""Htb1"":[{""level"":1,""column"":1,""type"":""unreal"",""value"":200}],""adur"":[{""level"":1,""column"":0,""type"":""unreal"",""value"":6}],""aher"":[{""level"":0,""column"":0,""type"":""int"",""value"":0}],""alev"":[{""level"":0,""column"":0,""type"":""int"",""value"":1}],""amsp"":[{""level"":0,""column"":0,""type"":""int"",""value"":10000}],""arac"":[{""level"":0,""column"":0,""type"":""string"",""value"":""orc""}],""aran"":[{""level"":1,""column"":0,""type"":""unreal"",""value"":99999}],""atar"":[{""level"":1,""column"":0,""type"":""string"",""value"":""debris,enemies,ground,neutral""}],""amat"":[{""level"":0,""column"":0,""type"":""string"",""value"":""""}]}"
custom	A06T	AIl2												"{""wurs"":[{""level"":0,""column"":0,""type"":""int"",""value"":42}],""Ilif"":[{""level"":1,""column"":1,""type"":""int"",""value"":400}],""aite"":[{""level"":0,""column"":0,""type"":""int"",""value"":0}],""arac"":[{""level"":0,""column"":0,""type"":""string"",""value"":""orc""}]}"
custom	A06U	AIth												"{""wurs"":[{""level"":0,""column"":0,""type"":""int"",""value"":42}],""Iatt"":[{""level"":1,""column"":1,""type"":""int"",""value"":25}],""aite"":[{""level"":0,""column"":0,""type"":""int"",""value"":0}],""arac"":[{""level"":0,""column"":0,""type"":""string"",""value"":""orc""}]}"
custom	A06V	Asph	Legendary Unit											"{""wurs"":[{""level"":0,""column"":0,""type"":""int"",""value"":42}],""amat"":[{""level"":0,""column"":0,""type"":""string"",""value"":""""}],""anam"":[{""level"":0,""column"":0,""type"":""string"",""value"":""Legendary Unit""}],""atat"":[{""level"":0,""column"":0,""type"":""string"",""value"":""""}],""ata0"":[{""level"":0,""column"":0,""type"":""string"",""value"":""""}],""ata1"":[{""level"":0,""column"":0,""type"":""string"",""value"":""""}],""ata2"":[{""level"":0,""column"":0,""type"":""string"",""value"":""""}],""atac"":[{""level"":0,""column"":0,""type"":""int"",""value"":0}]}"
custom	A06W	AOae		1				0	self	B00Z				"{""wurs"":[{""level"":0,""column"":0,""type"":""int"",""value"":42}],""aare"":[{""level"":1,""column"":0,""type"":""unreal"",""value"":0}],""abuf"":[{""level"":1,""column"":0,""type"":""string"",""value"":""B00Z""}],""Oae1"":[{""level"":1,""column"":1,""type"":""unreal"",""value"":0}],""Oae2"":[{""level"":1,""column"":2,""type"":""unreal"",""value"":0}],""aher"":[{""level"":0,""column"":0,""type"":""int"",""value"":0}],""alev"":[{""level"":0,""column"":0,""type"":""int"",""value"":1}],""atar"":[{""level"":1,""column"":0,""type"":""string"",""value"":""self""}],""atat"":[{""level"":0,""column"":0,""type"":""string"",""value"":""""}]}"
custom	A06X	AOae		1				0	self	B00Y				"{""wurs"":[{""level"":0,""column"":0,""type"":""int"",""value"":42}],""aare"":[{""level"":1,""column"":0,""type"":""unreal"",""value"":0}],""abuf"":[{""level"":1,""column"":0,""type"":""string"",""value"":""B00Y""}],""Oae1"":[{""level"":1,""column"":1,""type"":""unreal"",""value"":0}],""Oae2"":[{""level"":1,""column"":2,""type"":""unreal"",""value"":0}],""aher"":[{""level"":0,""column"":0,""type"":""int"",""value"":0}],""alev"":[{""level"":0,""column"":0,""type"":""int"",""value"":1}],""atar"":[{""level"":1,""column"":0,""type"":""string"",""value"":""self""}],""atat"":[{""level"":0,""column"":0,""type"":""string"",""value"":""""}]}"
custom	A06Y	AOae		1				0	self	B010				"{""wurs"":[{""level"":0,""column"":0,""type"":""int"",""value"":42}],""aare"":[{""level"":1,""column"":0,""type"":""unreal"",""value"":0}],""abuf"":[{""level"":1,""column"":0,""type"":""string"",""value"":""B010""}],""Oae1"":[{""level"":1,""column"":1,""type"":""unreal"",""value"":0}],""Oae2"":[{""level"":1,""column"":2,""type"":""unreal"",""value"":0}],""aher"":[{""level"":0,""column"":0,""type"":""int"",""value"":0}],""alev"":[{""level"":0,""column"":0,""type"":""int"",""value"":1}],""atar"":[{""level"":1,""column"":0,""type"":""string"",""value"":""self""}],""atat"":[{""level"":0,""column"":0,""type"":""string"",""value"":""""}]}"
custom	A06Z	ANss				99								"{""wurs"":[{""level"":0,""column"":0,""type"":""int"",""value"":42}],""acdn"":[{""level"":1,""column"":0,""type"":""unreal"",""value"":99}]}"
custom	A070	Amgl	Leg-anti-hex											"{""wurs"":[{""level"":0,""column"":0,""type"":""int"",""value"":42}],""arac"":[{""level"":0,""column"":0,""type"":""string"",""value"":""human""}],""anam"":[{""level"":0,""column"":0,""type"":""string"",""value"":""Leg-anti-hex""}]}"
custom	A071	Ahrp										Repair	Repairs buildings.	"{""wurs"":[{""level"":0,""column"":0,""type"":""int"",""value"":42}],""arac"":[{""level"":0,""column"":0,""type"":""string"",""value"":""naga""}],""aani"":[{""level"":0,""column"":0,""type"":""string"",""value"":""Spell,One""}],""ahky"":[{""level"":0,""column"":0,""type"":""string"",""value"":""F""}],""atp1"":[{""level"":1,""column"":0,""type"":""string"",""value"":""Repair""}],""aub1"":[{""level"":1,""column"":0,""type"":""string"",""value"":""Repairs buildings.""}],""auhk"":[{""level"":0,""column"":0,""type"":""string"",""value"":""F""}],""aut1"":[{""level"":1,""column"":0,""type"":""string"",""value"":""|cffc3dbffRightclick enables auto repair.|r""}],""auu1"":[{""level"":1,""column"":0,""type"":""string"",""value"":""|cffc3dbffRightclick disables auto repair.|r""}]}"
custom	A073	ACev												"{""wurs"":[{""level"":0,""column"":0,""type"":""int"",""value"":42}],""Eev1"":[{""level"":1,""column"":1,""type"":""unreal"",""value"":0.3}],""arac"":[{""level"":0,""column"":0,""type"":""string"",""value"":""human""}]}"
custom	A074	ACev												"{""wurs"":[{""level"":0,""column"":0,""type"":""int"",""value"":42}],""Eev1"":[{""level"":1,""column"":1,""type"":""unreal"",""value"":0.4}],""arac"":[{""level"":0,""column"":0,""type"":""string"",""value"":""human""}]}"
custom	A075	Afbt												"{""wurs"":[{""level"":0,""column"":0,""type"":""int"",""value"":42}],""fbk1"":[{""level"":1,""column"":1,""type"":""unreal"",""value"":60}],""fbk2"":[{""level"":1,""column"":2,""type"":""unreal"",""value"":2.2}],""fbk3"":[{""level"":1,""column"":3,""type"":""unreal"",""value"":60}],""fbk4"":[{""level"":1,""column"":4,""type"":""unreal"",""value"":2.2}],""fbk5"":[{""level"":1,""column"":5,""type"":""unreal"",""value"":10}]}"
custom	A076	Afbt												"{""wurs"":[{""level"":0,""column"":0,""type"":""int"",""value"":42}],""fbk1"":[{""level"":1,""column"":1,""type"":""unreal"",""value"":40}],""fbk2"":[{""level"":1,""column"":2,""type"":""unreal"",""value"":1.7}],""fbk3"":[{""level"":1,""column"":3,""type"":""unreal"",""value"":40}],""fbk4"":[{""level"":1,""column"":4,""type"":""unreal"",""value"":1.7}],""fbk5"":[{""level"":1,""column"":5,""type"":""unreal"",""value"":10}]}"
custom	A077	AOwk		1	9999	99				B012				"{""wurs"":[{""level"":0,""column"":0,""type"":""int"",""value"":42}],""abuf"":[{""level"":1,""column"":0,""type"":""string"",""value"":""B012""}],""acdn"":[{""level"":1,""column"":0,""type"":""unreal"",""value"":99}],""amcs"":[{""level"":1,""column"":0,""type"":""int"",""value"":9999}],""Owk1"":[{""level"":1,""column"":1,""type"":""unreal"",""value"":2}],""Owk2"":[{""level"":1,""column"":2,""type"":""unreal"",""value"":0.3}],""Owk3"":[{""level"":1,""column"":3,""type"":""unreal"",""value"":150}],""adur"":[{""level"":1,""column"":0,""type"":""unreal"",""value"":200}],""aher"":[{""level"":0,""column"":0,""type"":""int"",""value"":0}],""ahdu"":[{""level"":1,""column"":0,""type"":""unreal"",""value"":200}],""alev"":[{""level"":0,""column"":0,""type"":""int"",""value"":1}],""arac"":[{""level"":0,""column"":0,""type"":""string"",""value"":""human""}]}"
custom	A078	AOwk		1	9999	99				B012				"{""wurs"":[{""level"":0,""column"":0,""type"":""int"",""value"":42}],""abuf"":[{""level"":1,""column"":0,""type"":""string"",""value"":""B012""}],""acdn"":[{""level"":1,""column"":0,""type"":""unreal"",""value"":99}],""amcs"":[{""level"":1,""column"":0,""type"":""int"",""value"":9999}],""Owk1"":[{""level"":1,""column"":1,""type"":""unreal"",""value"":1.3}],""Owk2"":[{""level"":1,""column"":2,""type"":""unreal"",""value"":0.45}],""Owk3"":[{""level"":1,""column"":3,""type"":""unreal"",""value"":300}],""adur"":[{""level"":1,""column"":0,""type"":""unreal"",""value"":200}],""aher"":[{""level"":0,""column"":0,""type"":""int"",""value"":0}],""ahdu"":[{""level"":1,""column"":0,""type"":""unreal"",""value"":200}],""alev"":[{""level"":0,""column"":0,""type"":""int"",""value"":1}],""arac"":[{""level"":0,""column"":0,""type"":""string"",""value"":""human""}]}"
custom	A079	AEtq	NEL: Druid (Heal Rain)											"{""wurs"":[{""level"":0,""column"":0,""type"":""int"",""value"":42}],""aher"":[{""level"":0,""column"":0,""type"":""int"",""value"":0}],""arac"":[{""level"":0,""column"":0,""type"":""string"",""value"":""naga""}],""anam"":[{""level"":0,""column"":0,""type"":""string"",""value"":""NEL: Druid (Heal Rain)""}]}"
custom	A07A	AEer		1	9999	99	900		enemies,ground,neutral					"{""wurs"":[{""level"":0,""column"":0,""type"":""int"",""value"":42}],""acdn"":[{""level"":1,""column"":0,""type"":""unreal"",""value"":99}],""amcs"":[{""level"":1,""column"":0,""type"":""int"",""value"":9999}],""adur"":[{""level"":1,""column"":0,""type"":""unreal"",""value"":5}],""aher"":[{""level"":0,""column"":0,""type"":""int"",""value"":0}],""ahdu"":[{""level"":1,""column"":0,""type"":""unreal"",""value"":1.25}],""alev"":[{""level"":0,""column"":0,""type"":""int"",""value"":1}],""arac"":[{""level"":0,""column"":0,""type"":""string"",""value"":""human""}],""aran"":[{""level"":1,""column"":0,""type"":""unreal"",""value"":900}],""atar"":[{""level"":1,""column"":0,""type"":""string"",""value"":""enemies,ground,neutral""}]}"
custom	A07B	Arsk												"{""wurs"":[{""level"":0,""column"":0,""type"":""int"",""value"":42}],""arac"":[{""level"":0,""column"":0,""type"":""string"",""value"":""human""}],""areq"":[{""level"":0,""column"":0,""type"":""string"",""value"":""""}]}"
custom	A07C	AIcb								B01Q				"{""wurs"":[{""level"":0,""column"":0,""type"":""int"",""value"":42}],""abuf"":[{""level"":1,""column"":0,""type"":""string"",""value"":""B01Q""}],""Idic"":[{""level"":1,""column"":1,""type"":""int"",""value"":0}],""Iarp"":[{""level"":1,""column"":2,""type"":""int"",""value"":4}],""Iob5"":[{""level"":1,""column"":5,""type"":""int"",""value"":1}],""adur"":[{""level"":1,""column"":0,""type"":""unreal"",""value"":1.5}],""ahdu"":[{""level"":1,""column"":0,""type"":""unreal"",""value"":1.5}],""aite"":[{""level"":0,""column"":0,""type"":""int"",""value"":0}],""arac"":[{""level"":0,""column"":0,""type"":""string"",""value"":""human""}],""asat"":[{""level"":0,""column"":0,""type"":""string"",""value"":""Abilities\\Spells\\NightElf\\FaerieDragonInvis\\FaerieDragon_Invis.mdl""}],""atat"":[{""level"":0,""column"":0,""type"":""string"",""value"":""""}],""ata0"":[{""level"":0,""column"":0,""type"":""string"",""value"":""""}]}"
custom	A07D	AIcb								B01Q				"{""wurs"":[{""level"":0,""column"":0,""type"":""int"",""value"":42}],""abuf"":[{""level"":1,""column"":0,""type"":""string"",""value"":""B01Q""}],""Idic"":[{""level"":1,""column"":1,""type"":""int"",""value"":0}],""Iarp"":[{""level"":1,""column"":2,""type"":""int"",""value"":7}],""Iob5"":[{""level"":1,""column"":5,""type"":""int"",""value"":1}],""adur"":[{""level"":1,""column"":0,""type"":""unreal"",""value"":1.5}],""ahdu"":[{""level"":1,""column"":0,""type"":""unreal"",""value"":1.5}],""aite"":[{""level"":0,""column"":0,""type"":""int"",""value"":0}],""arac"":[{""level"":0,""column"":0,""type"":""string"",""value"":""human""}],""asat"":[{""level"":0,""column"":0,""type"":""string"",""value"":""Abilities\\Spells\\NightElf\\FaerieDragonInvis\\FaerieDragon_Invis.mdl""}],""atat"":[{""level"":0,""column"":0,""type"":""string"",""value"":""""}],""ata0"":[{""level"":0,""column"":0,""type"":""string"",""value"":""""}]}"
custom	A07E	ANcl		1										"{""wurs"":[{""level"":0,""column"":0,""type"":""int"",""value"":42}],""aher"":[{""level"":0,""column"":0,""type"":""int"",""value"":0}],""alev"":[{""level"":0,""column"":0,""type"":""int"",""value"":1}],""aord"":[{""level"":0,""column"":0,""type"":""string"",""value"":""roar""}],""arac"":[{""level"":0,""column"":0,""type"":""string"",""value"":""human""}]}"
custom	A07F	ANcl		1										"{""wurs"":[{""level"":0,""column"":0,""type"":""int"",""value"":42}],""aher"":[{""level"":0,""column"":0,""type"":""int"",""value"":0}],""alev"":[{""level"":0,""column"":0,""type"":""int"",""value"":1}],""aord"":[{""level"":0,""column"":0,""type"":""string"",""value"":""roar""}],""arac"":[{""level"":0,""column"":0,""type"":""string"",""value"":""human""}]}"
custom	A07G	ANcl	Summoned Unit	1										"{""wurs"":[{""level"":0,""column"":0,""type"":""int"",""value"":42}],""aher"":[{""level"":0,""column"":0,""type"":""int"",""value"":0}],""alev"":[{""level"":0,""column"":0,""type"":""int"",""value"":1}],""aord"":[{""level"":0,""column"":0,""type"":""string"",""value"":""roar""}],""arac"":[{""level"":0,""column"":0,""type"":""string"",""value"":""human""}],""anam"":[{""level"":0,""column"":0,""type"":""string"",""value"":""Summoned Unit""}]}"
custom	A07H	ANcl	TypeLegendary	1										"{""wurs"":[{""level"":0,""column"":0,""type"":""int"",""value"":42}],""aher"":[{""level"":0,""column"":0,""type"":""int"",""value"":0}],""alev"":[{""level"":0,""column"":0,""type"":""int"",""value"":1}],""aord"":[{""level"":0,""column"":0,""type"":""string"",""value"":""roar""}],""arac"":[{""level"":0,""column"":0,""type"":""string"",""value"":""human""}],""anam"":[{""level"":0,""column"":0,""type"":""string"",""value"":""TypeLegendary""}]}"
custom	A07I	ANcl		1										"{""wurs"":[{""level"":0,""column"":0,""type"":""int"",""value"":42}],""aher"":[{""level"":0,""column"":0,""type"":""int"",""value"":0}],""alev"":[{""level"":0,""column"":0,""type"":""int"",""value"":1}],""aord"":[{""level"":0,""column"":0,""type"":""string"",""value"":""roar""}],""arac"":[{""level"":0,""column"":0,""type"":""string"",""value"":""human""}]}"
custom	A07J	ANcl		1										"{""wurs"":[{""level"":0,""column"":0,""type"":""int"",""value"":42}],""aher"":[{""level"":0,""column"":0,""type"":""int"",""value"":0}],""alev"":[{""level"":0,""column"":0,""type"":""int"",""value"":1}],""aord"":[{""level"":0,""column"":0,""type"":""string"",""value"":""roar""}],""arac"":[{""level"":0,""column"":0,""type"":""string"",""value"":""human""}]}"
custom	A07K	ANcl	Channel(troll)	1										"{""wurs"":[{""level"":0,""column"":0,""type"":""int"",""value"":42}],""aher"":[{""level"":0,""column"":0,""type"":""int"",""value"":0}],""alev"":[{""level"":0,""column"":0,""type"":""int"",""value"":1}],""aord"":[{""level"":0,""column"":0,""type"":""string"",""value"":""roar""}],""arac"":[{""level"":0,""column"":0,""type"":""string"",""value"":""human""}],""anam"":[{""level"":0,""column"":0,""type"":""string"",""value"":""Channel(troll)""}]}"
custom	A07L	Afbt												"{""wurs"":[{""level"":0,""column"":0,""type"":""int"",""value"":42}],""fbk1"":[{""level"":1,""column"":1,""type"":""unreal"",""value"":25}],""fbk3"":[{""level"":1,""column"":3,""type"":""unreal"",""value"":25}],""fbk5"":[{""level"":1,""column"":5,""type"":""unreal"",""value"":10}]}"
custom	A07M	ANcl		1										"{""wurs"":[{""level"":0,""column"":0,""type"":""int"",""value"":42}],""aher"":[{""level"":0,""column"":0,""type"":""int"",""value"":0}],""alev"":[{""level"":0,""column"":0,""type"":""int"",""value"":1}],""aord"":[{""level"":0,""column"":0,""type"":""string"",""value"":""roar""}],""arac"":[{""level"":0,""column"":0,""type"":""string"",""value"":""human""}]}"
custom	A07N	ANcl		1										"{""wurs"":[{""level"":0,""column"":0,""type"":""int"",""value"":42}],""aher"":[{""level"":0,""column"":0,""type"":""int"",""value"":0}],""alev"":[{""level"":0,""column"":0,""type"":""int"",""value"":1}],""aord"":[{""level"":0,""column"":0,""type"":""string"",""value"":""roar""}],""arac"":[{""level"":0,""column"":0,""type"":""string"",""value"":""human""}]}"
custom	A07O	ANcl		1										"{""wurs"":[{""level"":0,""column"":0,""type"":""int"",""value"":42}],""aher"":[{""level"":0,""column"":0,""type"":""int"",""value"":0}],""alev"":[{""level"":0,""column"":0,""type"":""int"",""value"":1}],""aord"":[{""level"":0,""column"":0,""type"":""string"",""value"":""roar""}],""arac"":[{""level"":0,""column"":0,""type"":""string"",""value"":""human""}]}"
custom	A07P	ACpa			9999	99	800		enemies,ground,neutral,nonhero,vulnerable	B019				"{""wurs"":[{""level"":0,""column"":0,""type"":""int"",""value"":42}],""abuf"":[{""level"":1,""column"":0,""type"":""string"",""value"":""B019""}],""Npa6"":[{""level"":1,""column"":0,""type"":""unreal"",""value"":0.01}],""acdn"":[{""level"":1,""column"":0,""type"":""unreal"",""value"":99}],""amcs"":[{""level"":1,""column"":0,""type"":""int"",""value"":9999}],""Poi1"":[{""level"":1,""column"":1,""type"":""unreal"",""value"":0}],""Poi4"":[{""level"":1,""column"":4,""type"":""int"",""value"":0}],""adur"":[{""level"":1,""column"":0,""type"":""unreal"",""value"":0.01}],""ahdu"":[{""level"":1,""column"":0,""type"":""unreal"",""value"":0.01}],""arac"":[{""level"":0,""column"":0,""type"":""string"",""value"":""human""}],""aran"":[{""level"":1,""column"":0,""type"":""unreal"",""value"":800}],""atar"":[{""level"":1,""column"":0,""type"":""string"",""value"":""enemies,ground,neutral,nonhero,vulnerable""}],""ipmu"":[{""level"":1,""column"":0,""type"":""string"",""value"":""nfbr""}],""amat"":[{""level"":0,""column"":0,""type"":""string"",""value"":""""}]}"
custom	A07Q	AEer		1	9999	99	1000		enemies,ground,neutral					"{""wurs"":[{""level"":0,""column"":0,""type"":""int"",""value"":42}],""acdn"":[{""level"":1,""column"":0,""type"":""unreal"",""value"":99}],""amcs"":[{""level"":1,""column"":0,""type"":""int"",""value"":9999}],""Eer1"":[{""level"":1,""column"":1,""type"":""unreal"",""value"":35}],""adur"":[{""level"":1,""column"":0,""type"":""unreal"",""value"":6}],""aher"":[{""level"":0,""column"":0,""type"":""int"",""value"":0}],""ahdu"":[{""level"":1,""column"":0,""type"":""unreal"",""value"":2}],""alev"":[{""level"":0,""column"":0,""type"":""int"",""value"":1}],""arac"":[{""level"":0,""column"":0,""type"":""string"",""value"":""human""}],""aran"":[{""level"":1,""column"":0,""type"":""unreal"",""value"":1000}],""atar"":[{""level"":1,""column"":0,""type"":""string"",""value"":""enemies,ground,neutral""}]}"
custom	A07R	ACpa			9999	99			enemies,ground,neutral,nonhero,vulnerable	B019				"{""wurs"":[{""level"":0,""column"":0,""type"":""int"",""value"":42}],""abuf"":[{""level"":1,""column"":0,""type"":""string"",""value"":""B019""}],""Npa6"":[{""level"":1,""column"":0,""type"":""unreal"",""value"":0.01}],""acdn"":[{""level"":1,""column"":0,""type"":""unreal"",""value"":99}],""amcs"":[{""level"":1,""column"":0,""type"":""int"",""value"":9999}],""Poi1"":[{""level"":1,""column"":1,""type"":""unreal"",""value"":0}],""Poi4"":[{""level"":1,""column"":4,""type"":""int"",""value"":0}],""adur"":[{""level"":1,""column"":0,""type"":""unreal"",""value"":0.01}],""ahdu"":[{""level"":1,""column"":0,""type"":""unreal"",""value"":0.01}],""arac"":[{""level"":0,""column"":0,""type"":""string"",""value"":""human""}],""atar"":[{""level"":1,""column"":0,""type"":""string"",""value"":""enemies,ground,neutral,nonhero,vulnerable""}],""ipmu"":[{""level"":1,""column"":0,""type"":""string"",""value"":""nfbr""}],""amat"":[{""level"":0,""column"":0,""type"":""string"",""value"":""""}]}"
custom	A07T	AEsf	NEL: Starfall		9999									"{""wurs"":[{""level"":0,""column"":0,""type"":""int"",""value"":42}],""amcs"":[{""level"":1,""column"":0,""type"":""int"",""value"":9999}],""Esf1"":[{""level"":1,""column"":1,""type"":""unreal"",""value"":100}],""Esf2"":[{""level"":1,""column"":2,""type"":""unreal"",""value"":2}],""Esf3"":[{""level"":1,""column"":3,""type"":""unreal"",""value"":0.4}],""adur"":[{""level"":1,""column"":0,""type"":""unreal"",""value"":11.01}],""aher"":[{""level"":0,""column"":0,""type"":""int"",""value"":0}],""ahdu"":[{""level"":1,""column"":0,""type"":""unreal"",""value"":11.01}],""arac"":[{""level"":0,""column"":0,""type"":""string"",""value"":""orc""}],""anam"":[{""level"":0,""column"":0,""type"":""string"",""value"":""NEL: Starfall""}]}"
custom	A07U	ACpa			9999	99	99999		enemies,ground,invulnerable,mechanical,neutral,structure			Starfall	Stars fall down from the sky around a random enemy unit damaging all enemies in its area for 11 seconds dealing 50 dps spell damage. Buildings receive only 40% of this damage.|n|n|cffFFFF80Cooldown:|cffFFFF00 30 |rseconds	"{""wurs"":[{""level"":0,""column"":0,""type"":""int"",""value"":42}],""abuf"":[{""level"":1,""column"":0,""type"":""string"",""value"":""""}],""Npa6"":[{""level"":1,""column"":0,""type"":""unreal"",""value"":0.01}],""acdn"":[{""level"":1,""column"":0,""type"":""unreal"",""value"":99}],""amcs"":[{""level"":1,""column"":0,""type"":""int"",""value"":9999}],""Poi1"":[{""level"":1,""column"":1,""type"":""unreal"",""value"":0}],""Poi4"":[{""level"":1,""column"":4,""type"":""int"",""value"":0}],""adur"":[{""level"":1,""column"":0,""type"":""unreal"",""value"":0.01}],""arac"":[{""level"":0,""column"":0,""type"":""string"",""value"":""orc""}],""aran"":[{""level"":1,""column"":0,""type"":""unreal"",""value"":99999}],""atar"":[{""level"":1,""column"":0,""type"":""string"",""value"":""enemies,ground,invulnerable,mechanical,neutral,structure""}],""ipmu"":[{""level"":1,""column"":0,""type"":""string"",""value"":""nfbr""}],""aart"":[{""level"":0,""column"":0,""type"":""string"",""value"":""ReplaceableTextures\\CommandButtons\\BTNStarfall.blp""}],""amat"":[{""level"":0,""column"":0,""type"":""string"",""value"":""""}],""atp1"":[{""level"":1,""column"":0,""type"":""string"",""value"":""Starfall""}],""aub1"":[{""level"":1,""column"":0,""type"":""string"",""value"":""Stars fall down from the sky around a random enemy unit damaging all enemies in its area for 11 seconds dealing 50 dps spell damage. Buildings receive only 40% of this damage.|n|n|cffFFFF80Cooldown:|cffFFFF00 30 |rseconds""}],""auar"":[{""level"":0,""column"":0,""type"":""string"",""value"":""ReplaceableTextures\\CommandButtons\\BTNStarfall.blp""}]}"
custom	A07V	Amgl										Restoration Aura	Increases the hitpoint regeneration of nearby friendly units in 700 range by 7.5 hp/sec and the armor of nearby buildings by 8. The unit heal of Coral Statues stacks with each other, the armor aura does not.	"{""wurs"":[{""level"":0,""column"":0,""type"":""int"",""value"":42}],""arac"":[{""level"":0,""column"":0,""type"":""string"",""value"":""orc""}],""areq"":[{""level"":0,""column"":0,""type"":""string"",""value"":""""}],""aart"":[{""level"":0,""column"":0,""type"":""string"",""value"":""ReplaceableTextures\\CommandButtons\\BTNNagaWeaponUp2.blp""}],""atp1"":[{""level"":1,""column"":0,""type"":""string"",""value"":""Restoration Aura""}],""aub1"":[{""level"":1,""column"":0,""type"":""string"",""value"":""Increases the hitpoint regeneration of nearby friendly units in 700 range by 7.5 hp/sec and the armor of nearby buildings by 8. The unit heal of Coral Statues stacks with each other, the armor aura does not.""}]}"
custom	A07W	Amgl										Lightbeam	Shoots a beam of light at a random visible enemy unit dealing 180 |cff8080ffspell damage|r to it and removing all status effects.|n|n|cffFFFF80Cooldown:|cffFFFF00 5 |rseconds	"{""wurs"":[{""level"":0,""column"":0,""type"":""int"",""value"":42}],""arac"":[{""level"":0,""column"":0,""type"":""string"",""value"":""orc""}],""areq"":[{""level"":0,""column"":0,""type"":""string"",""value"":""""}],""aart"":[{""level"":0,""column"":0,""type"":""string"",""value"":""ReplaceableTextures\\CommandButtons\\BTNResurrection.blp""}],""atp1"":[{""level"":1,""column"":0,""type"":""string"",""value"":""Lightbeam""}],""aub1"":[{""level"":1,""column"":0,""type"":""string"",""value"":""Shoots a beam of light at a random visible enemy unit dealing 180 |cff8080ffspell damage|r to it and removing all status effects.|n|n|cffFFFF80Cooldown:|cffFFFF00 5 |rseconds""}]}"
custom	A07X	AHtb	Killzor	1	9999	99	99999		air,allies,debris,enemies,friend,ground,neutral,structure	B018				"{""wurs"":[{""level"":0,""column"":0,""type"":""int"",""value"":42}],""abuf"":[{""level"":1,""column"":0,""type"":""string"",""value"":""B018""}],""acdn"":[{""level"":1,""column"":0,""type"":""unreal"",""value"":99}],""amcs"":[{""level"":1,""column"":0,""type"":""int"",""value"":9999}],""Htb1"":[{""level"":1,""column"":1,""type"":""unreal"",""value"":10000}],""adur"":[{""level"":1,""column"":0,""type"":""unreal"",""value"":4}],""aher"":[{""level"":0,""column"":0,""type"":""int"",""value"":0}],""ahdu"":[{""level"":1,""column"":0,""type"":""unreal"",""value"":4}],""alev"":[{""level"":0,""column"":0,""type"":""int"",""value"":1}],""amsp"":[{""level"":0,""column"":0,""type"":""int"",""value"":3000}],""arac"":[{""level"":0,""column"":0,""type"":""string"",""value"":""other""}],""aran"":[{""level"":1,""column"":0,""type"":""unreal"",""value"":99999}],""atar"":[{""level"":1,""column"":0,""type"":""string"",""value"":""air,allies,debris,enemies,friend,ground,neutral,structure""}],""amat"":[{""level"":0,""column"":0,""type"":""string"",""value"":""Abilities\\Spells\\Items\\PotionOfOmniscience\\CrystalBallCaster.mdl""}],""anam"":[{""level"":0,""column"":0,""type"":""string"",""value"":""Killzor""}]}"
custom	A07Y	Asp1												"{""wurs"":[{""level"":0,""column"":0,""type"":""int"",""value"":42}],""arac"":[{""level"":0,""column"":0,""type"":""string"",""value"":""human""}]}"
custom	A07Z	Afbt											The attacks of this tower burn up to 35 mana dealing 175% of the burned amount in damage. Deals 30 bonus damage to summoned units.	"{""wurs"":[{""level"":0,""column"":0,""type"":""int"",""value"":42}],""fbk1"":[{""level"":1,""column"":1,""type"":""unreal"",""value"":35}],""fbk2"":[{""level"":1,""column"":2,""type"":""unreal"",""value"":1.75}],""fbk3"":[{""level"":1,""column"":3,""type"":""unreal"",""value"":35}],""fbk4"":[{""level"":1,""column"":4,""type"":""unreal"",""value"":1.75}],""fbk5"":[{""level"":1,""column"":5,""type"":""unreal"",""value"":10}],""arac"":[{""level"":0,""column"":0,""type"":""string"",""value"":""orc""}],""aub1"":[{""level"":1,""column"":0,""type"":""string"",""value"":""The attacks of this tower burn up to 35 mana dealing 175% of the burned amount in damage. Deals 30 bonus damage to summoned units.""}]}"
custom	A080	Apxf	World Freezer Phoenix Fire			0.25		700	air,enemies,ground,structure	B015		World Freezer Phoenix Fire		"{""wurs"":[{""level"":0,""column"":0,""type"":""int"",""value"":42}],""aare"":[{""level"":1,""column"":0,""type"":""unreal"",""value"":700}],""abuf"":[{""level"":1,""column"":0,""type"":""string"",""value"":""B015""}],""acdn"":[{""level"":1,""column"":0,""type"":""unreal"",""value"":0.25}],""pxf2"":[{""level"":1,""column"":2,""type"":""unreal"",""value"":0}],""adur"":[{""level"":1,""column"":0,""type"":""unreal"",""value"":0.01}],""ahdu"":[{""level"":1,""column"":0,""type"":""unreal"",""value"":0.01}],""amsp"":[{""level"":0,""column"":0,""type"":""int"",""value"":1400}],""arac"":[{""level"":0,""column"":0,""type"":""string"",""value"":""orc""}],""atar"":[{""level"":1,""column"":0,""type"":""string"",""value"":""air,enemies,ground,structure""}],""pxf1"":[{""level"":1,""column"":1,""type"":""unreal"",""value"":30}],""amat"":[{""level"":0,""column"":0,""type"":""string"",""value"":""Abilities\\Weapons\\LichMissile\\LichMissile.mdl""}],""atp1"":[{""level"":1,""column"":0,""type"":""string"",""value"":""World Freezer Phoenix Fire""}],""anam"":[{""level"":0,""column"":0,""type"":""string"",""value"":""World Freezer Phoenix Fire""}]}"
custom	A081	AOae	freezer orb slow	1				750	air,enemies,ground,vulnerable	B014				"{""wurs"":[{""level"":0,""column"":0,""type"":""int"",""value"":42}],""aare"":[{""level"":1,""column"":0,""type"":""unreal"",""value"":750}],""abuf"":[{""level"":1,""column"":0,""type"":""string"",""value"":""B014""}],""Oae1"":[{""level"":1,""column"":1,""type"":""unreal"",""value"":-0.3}],""Oae2"":[{""level"":1,""column"":2,""type"":""unreal"",""value"":-0.3}],""aher"":[{""level"":0,""column"":0,""type"":""int"",""value"":0}],""alev"":[{""level"":0,""column"":0,""type"":""int"",""value"":1}],""atar"":[{""level"":1,""column"":0,""type"":""string"",""value"":""air,enemies,ground,vulnerable""}],""anam"":[{""level"":0,""column"":0,""type"":""string"",""value"":""freezer orb slow""}]}"
custom	A082	AHtb		1	9999	99	800		air,debris,enemies,ground,neutral	B015				"{""wurs"":[{""level"":0,""column"":0,""type"":""int"",""value"":42}],""abuf"":[{""level"":1,""column"":0,""type"":""string"",""value"":""B015""}],""acdn"":[{""level"":1,""column"":0,""type"":""unreal"",""value"":99}],""amcs"":[{""level"":1,""column"":0,""type"":""int"",""value"":9999}],""Htb1"":[{""level"":1,""column"":1,""type"":""unreal"",""value"":125}],""adur"":[{""level"":1,""column"":0,""type"":""unreal"",""value"":8}],""aher"":[{""level"":0,""column"":0,""type"":""int"",""value"":0}],""ahdu"":[{""level"":1,""column"":0,""type"":""unreal"",""value"":4}],""alev"":[{""level"":0,""column"":0,""type"":""int"",""value"":1}],""arac"":[{""level"":0,""column"":0,""type"":""string"",""value"":""orc""}],""aran"":[{""level"":1,""column"":0,""type"":""unreal"",""value"":800}],""atar"":[{""level"":1,""column"":0,""type"":""string"",""value"":""air,debris,enemies,ground,neutral""}],""amat"":[{""level"":0,""column"":0,""type"":""string"",""value"":""Abilities\\Spells\\Other\\FrostBolt\\FrostBoltMissile.mdl""}]}"
custom	A083	AHtb		1	9999	99	800		air,debris,enemies,ground,neutral,structure	B015				"{""wurs"":[{""level"":0,""column"":0,""type"":""int"",""value"":42}],""abuf"":[{""level"":1,""column"":0,""type"":""string"",""value"":""B015""}],""acdn"":[{""level"":1,""column"":0,""type"":""unreal"",""value"":99}],""amcs"":[{""level"":1,""column"":0,""type"":""int"",""value"":9999}],""Htb1"":[{""level"":1,""column"":1,""type"":""unreal"",""value"":0}],""adur"":[{""level"":1,""column"":0,""type"":""unreal"",""value"":0.5}],""aher"":[{""level"":0,""column"":0,""type"":""int"",""value"":0}],""ahdu"":[{""level"":1,""column"":0,""type"":""unreal"",""value"":0.5}],""alev"":[{""level"":0,""column"":0,""type"":""int"",""value"":1}],""arac"":[{""level"":0,""column"":0,""type"":""string"",""value"":""orc""}],""aran"":[{""level"":1,""column"":0,""type"":""unreal"",""value"":800}],""atar"":[{""level"":1,""column"":0,""type"":""string"",""value"":""air,debris,enemies,ground,neutral,structure""}],""amat"":[{""level"":0,""column"":0,""type"":""string"",""value"":""Abilities\\Weapons\\ZigguratFrostMissile\\ZigguratFrostMissile.mdl""}]}"
custom	A084	Apxf	World Freezer Phoenix Fire -na			0.25		700	air,enemies,ground	B015		World Freezer Phoenix Fire -na		"{""wurs"":[{""level"":0,""column"":0,""type"":""int"",""value"":42}],""aare"":[{""level"":1,""column"":0,""type"":""unreal"",""value"":700}],""abuf"":[{""level"":1,""column"":0,""type"":""string"",""value"":""B015""}],""acdn"":[{""level"":1,""column"":0,""type"":""unreal"",""value"":0.25}],""pxf2"":[{""level"":1,""column"":2,""type"":""unreal"",""value"":0}],""adur"":[{""level"":1,""column"":0,""type"":""unreal"",""value"":0.01}],""ahdu"":[{""level"":1,""column"":0,""type"":""unreal"",""value"":0.01}],""amsp"":[{""level"":0,""column"":0,""type"":""int"",""value"":1400}],""arac"":[{""level"":0,""column"":0,""type"":""string"",""value"":""orc""}],""atar"":[{""level"":1,""column"":0,""type"":""string"",""value"":""air,enemies,ground""}],""pxf1"":[{""level"":1,""column"":1,""type"":""unreal"",""value"":30}],""amat"":[{""level"":0,""column"":0,""type"":""string"",""value"":""Abilities\\Weapons\\LichMissile\\LichMissile.mdl""}],""anam"":[{""level"":0,""column"":0,""type"":""string"",""value"":""World Freezer Phoenix Fire -na""}],""atp1"":[{""level"":1,""column"":0,""type"":""string"",""value"":""World Freezer Phoenix Fire -na""}]}"
custom	A085	Arai		1	9999	99								"{""wurs"":[{""level"":0,""column"":0,""type"":""int"",""value"":42}],""acdn"":[{""level"":1,""column"":0,""type"":""unreal"",""value"":99}],""amcs"":[{""level"":1,""column"":0,""type"":""int"",""value"":9999}],""Rai3"":[{""level"":1,""column"":3,""type"":""string"",""value"":""u00E""}],""adur"":[{""level"":1,""column"":0,""type"":""unreal"",""value"":0}],""ahdu"":[{""level"":1,""column"":0,""type"":""unreal"",""value"":0}],""alev"":[{""level"":0,""column"":0,""type"":""int"",""value"":1}],""arac"":[{""level"":0,""column"":0,""type"":""string"",""value"":""human""}],""Raiu"":[{""level"":1,""column"":0,""type"":""string"",""value"":""u00E""}]}"
custom	A086	AUdd			9999	99		350	air,enemies,ground,ward					"{""wurs"":[{""level"":0,""column"":0,""type"":""int"",""value"":42}],""acdn"":[{""level"":1,""column"":0,""type"":""unreal"",""value"":99}],""amcs"":[{""level"":1,""column"":0,""type"":""int"",""value"":9999}],""Udd1"":[{""level"":1,""column"":1,""type"":""unreal"",""value"":0.08}],""Udd2"":[{""level"":1,""column"":2,""type"":""unreal"",""value"":0.1}],""adur"":[{""level"":1,""column"":0,""type"":""unreal"",""value"":5}],""aher"":[{""level"":0,""column"":0,""type"":""int"",""value"":0}],""ahdu"":[{""level"":1,""column"":0,""type"":""unreal"",""value"":5}],""arac"":[{""level"":0,""column"":0,""type"":""string"",""value"":""human""}],""atar"":[{""level"":1,""column"":0,""type"":""string"",""value"":""air,enemies,ground,ward""}],""aare"":[{""level"":1,""column"":0,""type"":""unreal"",""value"":350}]}"
custom	A087	AUdp	UND Lich King: Death Pact	1					air,enemies,ground,nonhero,organic,vulnerable					"{""wurs"":[{""level"":0,""column"":0,""type"":""int"",""value"":42}],""aher"":[{""level"":0,""column"":0,""type"":""int"",""value"":0}],""alev"":[{""level"":0,""column"":0,""type"":""int"",""value"":1}],""arac"":[{""level"":0,""column"":0,""type"":""string"",""value"":""other""}],""atar"":[{""level"":1,""column"":0,""type"":""string"",""value"":""air,enemies,ground,nonhero,organic,vulnerable""}],""anam"":[{""level"":0,""column"":0,""type"":""string"",""value"":""UND Lich King: Death Pact""}]}"
custom	A088	AItx												"{""wurs"":[{""level"":0,""column"":0,""type"":""int"",""value"":42}],""Iatt"":[{""level"":1,""column"":1,""type"":""int"",""value"":12}],""aite"":[{""level"":0,""column"":0,""type"":""int"",""value"":0}],""arac"":[{""level"":0,""column"":0,""type"":""string"",""value"":""human""}]}"
custom	A089	AId3												"{""wurs"":[{""level"":0,""column"":0,""type"":""int"",""value"":42}],""aite"":[{""level"":0,""column"":0,""type"":""int"",""value"":0}],""arac"":[{""level"":0,""column"":0,""type"":""string"",""value"":""human""}]}"
custom	A08A	AIdb						250	air,friend,ground,self,vulnerable	B016				"{""wurs"":[{""level"":0,""column"":0,""type"":""int"",""value"":42}],""aare"":[{""level"":1,""column"":0,""type"":""unreal"",""value"":250}],""abuf"":[{""level"":1,""column"":0,""type"":""string"",""value"":""B016""}],""Idef"":[{""level"":1,""column"":1,""type"":""int"",""value"":6}],""Ihp2"":[{""level"":1,""column"":2,""type"":""int"",""value"":175}],""Imp2"":[{""level"":1,""column"":3,""type"":""int"",""value"":50}],""adur"":[{""level"":1,""column"":0,""type"":""unreal"",""value"":6}],""ahdu"":[{""level"":1,""column"":0,""type"":""unreal"",""value"":6}],""aite"":[{""level"":0,""column"":0,""type"":""int"",""value"":0}],""aord"":[{""level"":0,""column"":0,""type"":""string"",""value"":""purge""}],""arac"":[{""level"":0,""column"":0,""type"":""string"",""value"":""orc""}],""atar"":[{""level"":1,""column"":0,""type"":""string"",""value"":""air,friend,ground,self,vulnerable""}]}"
custom	A08B	ACpa			9999	99	99999		enemies,ground,invulnerable,mechanical,neutral,structure			Elune's Protection	Casts a blessing that triggers when any ally takes attack damage. Restores 175 hp, 50 mana, and increases armor by 6 for 6s to all units in the area. The effect can be stored multiple times if it's not activated.|n|n|cffFFFF80Cooldown:|cffFFFF00 20|r seconds	"{""wurs"":[{""level"":0,""column"":0,""type"":""int"",""value"":42}],""abuf"":[{""level"":1,""column"":0,""type"":""string"",""value"":""""}],""Npa6"":[{""level"":1,""column"":0,""type"":""unreal"",""value"":0.01}],""acdn"":[{""level"":1,""column"":0,""type"":""unreal"",""value"":99}],""amcs"":[{""level"":1,""column"":0,""type"":""int"",""value"":9999}],""Poi1"":[{""level"":1,""column"":1,""type"":""unreal"",""value"":0}],""Poi4"":[{""level"":1,""column"":4,""type"":""int"",""value"":0}],""adur"":[{""level"":1,""column"":0,""type"":""unreal"",""value"":0.01}],""arac"":[{""level"":0,""column"":0,""type"":""string"",""value"":""orc""}],""aran"":[{""level"":1,""column"":0,""type"":""unreal"",""value"":99999}],""atar"":[{""level"":1,""column"":0,""type"":""string"",""value"":""enemies,ground,invulnerable,mechanical,neutral,structure""}],""ipmu"":[{""level"":1,""column"":0,""type"":""string"",""value"":""nfbr""}],""aart"":[{""level"":0,""column"":0,""type"":""string"",""value"":""ReplaceableTextures\\CommandButtons\\BTNElunesBlessing.blp""}],""amat"":[{""level"":0,""column"":0,""type"":""string"",""value"":""""}],""atp1"":[{""level"":1,""column"":0,""type"":""string"",""value"":""Elune's Protection""}],""aub1"":[{""level"":1,""column"":0,""type"":""string"",""value"":""Casts a blessing that triggers when any ally takes attack damage. Restores 175 hp, 50 mana, and increases armor by 6 for 6s to all units in the area. The effect can be stored multiple times if it's not activated.|n|n|cffFFFF80Cooldown:|cffFFFF00 20|r seconds""}],""auar"":[{""level"":0,""column"":0,""type"":""string"",""value"":""ReplaceableTextures\\CommandButtons\\BTNElunesBlessing.blp""}]}"
custom	A08C	AIsr	NEL: Obelisk Of Wilderness (spell resist)											"{""wurs"":[{""level"":0,""column"":0,""type"":""int"",""value"":42}],""isr2"":[{""level"":1,""column"":2,""type"":""unreal"",""value"":0.5}],""aite"":[{""level"":0,""column"":0,""type"":""int"",""value"":0}],""arac"":[{""level"":0,""column"":0,""type"":""string"",""value"":""orc""}],""anam"":[{""level"":0,""column"":0,""type"":""string"",""value"":""NEL: Obelisk Of Wilderness (spell resist)""}]}"
custom	A08D	Assk												"{""wurs"":[{""level"":0,""column"":0,""type"":""int"",""value"":42}],""Ssk1"":[{""level"":1,""column"":1,""type"":""unreal"",""value"":40}],""Ssk2"":[{""level"":1,""column"":2,""type"":""unreal"",""value"":0}],""Ssk3"":[{""level"":1,""column"":3,""type"":""unreal"",""value"":40}],""arac"":[{""level"":0,""column"":0,""type"":""string"",""value"":""orc""}],""areq"":[{""level"":0,""column"":0,""type"":""string"",""value"":""""}]}"
custom	A08E	ACpa	NEL: Obelisk of Wilderness		9999	99	99999		enemies,ground,invulnerable,mechanical,neutral,structure			Resistance of the Wilderness	Blesses a friendly random unit with the resistance of the wilderness, giving it permanently 50% spell damage reduction and a 40% chance to reduce incoming attack damage by 40. Has an extra chance to target units that don't have the buff yet.|n|n|cffFFFF80Cooldown:|cffFFFF00 7 |rseconds	"{""wurs"":[{""level"":0,""column"":0,""type"":""int"",""value"":42}],""abuf"":[{""level"":1,""column"":0,""type"":""string"",""value"":""""}],""Npa6"":[{""level"":1,""column"":0,""type"":""unreal"",""value"":0.01}],""acdn"":[{""level"":1,""column"":0,""type"":""unreal"",""value"":99}],""amcs"":[{""level"":1,""column"":0,""type"":""int"",""value"":9999}],""Poi1"":[{""level"":1,""column"":1,""type"":""unreal"",""value"":0}],""Poi4"":[{""level"":1,""column"":4,""type"":""int"",""value"":0}],""adur"":[{""level"":1,""column"":0,""type"":""unreal"",""value"":0.01}],""arac"":[{""level"":0,""column"":0,""type"":""string"",""value"":""orc""}],""aran"":[{""level"":1,""column"":0,""type"":""unreal"",""value"":99999}],""atar"":[{""level"":1,""column"":0,""type"":""string"",""value"":""enemies,ground,invulnerable,mechanical,neutral,structure""}],""ipmu"":[{""level"":1,""column"":0,""type"":""string"",""value"":""nfbr""}],""aart"":[{""level"":0,""column"":0,""type"":""string"",""value"":""ReplaceableTextures\\CommandButtons\\BTNBearForm.blp""}],""amat"":[{""level"":0,""column"":0,""type"":""string"",""value"":""""}],""anam"":[{""level"":0,""column"":0,""type"":""string"",""value"":""NEL: Obelisk of Wilderness""}],""atp1"":[{""level"":1,""column"":0,""type"":""string"",""value"":""Resistance of the Wilderness""}],""aub1"":[{""level"":1,""column"":0,""type"":""string"",""value"":""Blesses a friendly random unit with the resistance of the wilderness, giving it permanently 50% spell damage reduction and a 40% chance to reduce incoming attack damage by 40. Has an extra chance to target units that don't have the buff yet.|n|n|cffFFFF80Cooldown:|cffFFFF00 7 |rseconds""}],""auar"":[{""level"":0,""column"":0,""type"":""string"",""value"":""ReplaceableTextures\\CommandButtons\\BTNBearForm.blp""}]}"
custom	A08F	AOae		1				0	self	B017				"{""wurs"":[{""level"":0,""column"":0,""type"":""int"",""value"":42}],""aare"":[{""level"":1,""column"":0,""type"":""unreal"",""value"":0}],""abuf"":[{""level"":1,""column"":0,""type"":""string"",""value"":""B017""}],""Oae1"":[{""level"":1,""column"":1,""type"":""unreal"",""value"":0}],""Oae2"":[{""level"":1,""column"":2,""type"":""unreal"",""value"":0}],""aher"":[{""level"":0,""column"":0,""type"":""int"",""value"":0}],""alev"":[{""level"":0,""column"":0,""type"":""int"",""value"":1}],""atar"":[{""level"":1,""column"":0,""type"":""string"",""value"":""self""}],""atat"":[{""level"":0,""column"":0,""type"":""string"",""value"":""""}]}"
custom	A08G	Ahrp										Repair	Repairs buildings.	"{""wurs"":[{""level"":0,""column"":0,""type"":""int"",""value"":42}],""arac"":[{""level"":0,""column"":0,""type"":""string"",""value"":""naga""}],""aani"":[{""level"":0,""column"":0,""type"":""string"",""value"":""attack""}],""ahky"":[{""level"":0,""column"":0,""type"":""string"",""value"":""F""}],""atp1"":[{""level"":1,""column"":0,""type"":""string"",""value"":""Repair""}],""aub1"":[{""level"":1,""column"":0,""type"":""string"",""value"":""Repairs buildings.""}],""auhk"":[{""level"":0,""column"":0,""type"":""string"",""value"":""F""}],""aut1"":[{""level"":1,""column"":0,""type"":""string"",""value"":""|cffc3dbffRightclick enables auto repair.|r""}],""auu1"":[{""level"":1,""column"":0,""type"":""string"",""value"":""|cffc3dbffRightclick disables auto repair.|r""}]}"
custom	A08H	ANcl		1										"{""wurs"":[{""level"":0,""column"":0,""type"":""int"",""value"":42}],""aher"":[{""level"":0,""column"":0,""type"":""int"",""value"":0}],""alev"":[{""level"":0,""column"":0,""type"":""int"",""value"":1}],""aord"":[{""level"":0,""column"":0,""type"":""string"",""value"":""roar""}],""arac"":[{""level"":0,""column"":0,""type"":""string"",""value"":""human""}]}"
custom	A08I	ACbh							air,ground					"{""wurs"":[{""level"":0,""column"":0,""type"":""int"",""value"":42}],""Hbh1"":[{""level"":1,""column"":1,""type"":""unreal"",""value"":10}],""Hbh3"":[{""level"":1,""column"":3,""type"":""unreal"",""value"":50}],""adur"":[{""level"":1,""column"":0,""type"":""unreal"",""value"":0.5}],""ahdu"":[{""level"":1,""column"":0,""type"":""unreal"",""value"":0.25}],""arac"":[{""level"":0,""column"":0,""type"":""string"",""value"":""human""}],""atar"":[{""level"":1,""column"":0,""type"":""string"",""value"":""air,ground""}]}"
custom	A08J	ACbh							air,ground					"{""wurs"":[{""level"":0,""column"":0,""type"":""int"",""value"":42}],""Hbh1"":[{""level"":1,""column"":1,""type"":""unreal"",""value"":20}],""Hbh3"":[{""level"":1,""column"":3,""type"":""unreal"",""value"":125}],""adur"":[{""level"":1,""column"":0,""type"":""unreal"",""value"":0.5}],""ahdu"":[{""level"":1,""column"":0,""type"":""unreal"",""value"":0.25}],""arac"":[{""level"":0,""column"":0,""type"":""string"",""value"":""human""}],""atar"":[{""level"":1,""column"":0,""type"":""string"",""value"":""air,ground""}]}"
custom	A08K	AIsr	ZZZauberschaden-Reduzierung											"{""wurs"":[{""level"":0,""column"":0,""type"":""int"",""value"":42}],""isr2"":[{""level"":1,""column"":2,""type"":""unreal"",""value"":0.9}],""anam"":[{""level"":0,""column"":0,""type"":""string"",""value"":""ZZZauberschaden-Reduzierung""}]}"
custom	A08L	AId4												"{""wurs"":[{""level"":0,""column"":0,""type"":""int"",""value"":42}],""Idef"":[{""level"":1,""column"":1,""type"":""int"",""value"":3}],""aite"":[{""level"":0,""column"":0,""type"":""int"",""value"":0}],""arac"":[{""level"":0,""column"":0,""type"":""string"",""value"":""orc""}]}"
custom	A08M	ACev												"{""wurs"":[{""level"":0,""column"":0,""type"":""int"",""value"":42}],""Eev1"":[{""level"":1,""column"":1,""type"":""unreal"",""value"":0.3}],""arac"":[{""level"":0,""column"":0,""type"":""string"",""value"":""orc""}]}"
custom	A08N	Asph												"{""wurs"":[{""level"":0,""column"":0,""type"":""int"",""value"":42}],""arac"":[{""level"":0,""column"":0,""type"":""string"",""value"":""orc""}],""atat"":[{""level"":0,""column"":0,""type"":""string"",""value"":""Abilities\\Spells\\Human\\MagicSentry\\MagicSentryCaster.mdl""}],""ata2"":[{""level"":0,""column"":0,""type"":""string"",""value"":""""}],""atac"":[{""level"":0,""column"":0,""type"":""int"",""value"":2}]}"
custom	A08O	AIsr												"{""wurs"":[{""level"":0,""column"":0,""type"":""int"",""value"":42}],""isr2"":[{""level"":1,""column"":2,""type"":""unreal"",""value"":0.8}],""aite"":[{""level"":0,""column"":0,""type"":""int"",""value"":0}],""arac"":[{""level"":0,""column"":0,""type"":""string"",""value"":""human""}],""ansf"":[{""level"":0,""column"":0,""type"":""string"",""value"":""(80%)""}]}"
custom	A08P	Aasl						0	_	B01F				"{""wurs"":[{""level"":0,""column"":0,""type"":""int"",""value"":42}],""aare"":[{""level"":1,""column"":0,""type"":""unreal"",""value"":0}],""abuf"":[{""level"":1,""column"":0,""type"":""string"",""value"":""B01F""}],""Slo1"":[{""level"":1,""column"":1,""type"":""unreal"",""value"":0}],""arac"":[{""level"":0,""column"":0,""type"":""string"",""value"":""human""}],""atar"":[{""level"":1,""column"":0,""type"":""string"",""value"":""_""}],""atat"":[{""level"":0,""column"":0,""type"":""string"",""value"":""Abilities\\Spells\\Human\\DivineShield\\DivineShieldTarget.mdl""}],""ata0"":[{""level"":0,""column"":0,""type"":""string"",""value"":""origin""}]}"
custom	A08Q	ACf3	Damage 200		9999	99	99999		air,ancient,enemies,friend,ground,nonancient,structure					"{""wurs"":[{""level"":0,""column"":0,""type"":""int"",""value"":42}],""acdn"":[{""level"":1,""column"":0,""type"":""unreal"",""value"":99}],""amcs"":[{""level"":1,""column"":0,""type"":""int"",""value"":9999}],""Nfd3"":[{""level"":1,""column"":3,""type"":""unreal"",""value"":200}],""arac"":[{""level"":0,""column"":0,""type"":""string"",""value"":""other""}],""aran"":[{""level"":1,""column"":0,""type"":""unreal"",""value"":99999}],""atar"":[{""level"":1,""column"":0,""type"":""string"",""value"":""air,ancient,enemies,friend,ground,nonancient,structure""}],""aart"":[{""level"":0,""column"":0,""type"":""string"",""value"":""ReplaceableTextures\\CommandButtons\\BTNDeathCoil.blp""}],""anam"":[{""level"":0,""column"":0,""type"":""string"",""value"":""Damage 200""}]}"
custom	A08R	ANde												"{""wurs"":[{""level"":0,""column"":0,""type"":""int"",""value"":42}],""Nde2"":[{""level"":1,""column"":2,""type"":""unreal"",""value"":1.5}],""aher"":[{""level"":0,""column"":0,""type"":""int"",""value"":0}],""arac"":[{""level"":0,""column"":0,""type"":""string"",""value"":""orc""}]}"
custom	A08S	Aenr			9999	99			air,enemies,ground,neutral,nonhero,structure	B00M				"{""wurs"":[{""level"":0,""column"":0,""type"":""int"",""value"":42}],""abuf"":[{""level"":1,""column"":0,""type"":""string"",""value"":""B00M""}],""acdn"":[{""level"":1,""column"":0,""type"":""unreal"",""value"":99}],""amcs"":[{""level"":1,""column"":0,""type"":""int"",""value"":9999}],""Eer1"":[{""level"":1,""column"":1,""type"":""unreal"",""value"":0}],""adur"":[{""level"":1,""column"":0,""type"":""unreal"",""value"":15}],""ahdu"":[{""level"":1,""column"":0,""type"":""unreal"",""value"":3.75}],""arac"":[{""level"":0,""column"":0,""type"":""string"",""value"":""orc""}],""atar"":[{""level"":1,""column"":0,""type"":""string"",""value"":""air,enemies,ground,neutral,nonhero,structure""}],""aart"":[{""level"":0,""column"":0,""type"":""string"",""value"":""ReplaceableTextures\\PassiveButtons\\PASBTNFreezingBreath.blp""}]}"
custom	A08T	AEsf	NEL: Starfall (-na)		9999				air,enemies,ground,neutral					"{""wurs"":[{""level"":0,""column"":0,""type"":""int"",""value"":42}],""amcs"":[{""level"":1,""column"":0,""type"":""int"",""value"":9999}],""Esf1"":[{""level"":1,""column"":1,""type"":""unreal"",""value"":100}],""Esf2"":[{""level"":1,""column"":2,""type"":""unreal"",""value"":2}],""Esf3"":[{""level"":1,""column"":3,""type"":""unreal"",""value"":0}],""adur"":[{""level"":1,""column"":0,""type"":""unreal"",""value"":11.01}],""aher"":[{""level"":0,""column"":0,""type"":""int"",""value"":0}],""ahdu"":[{""level"":1,""column"":0,""type"":""unreal"",""value"":11.01}],""arac"":[{""level"":0,""column"":0,""type"":""string"",""value"":""orc""}],""atar"":[{""level"":1,""column"":0,""type"":""string"",""value"":""air,enemies,ground,neutral""}],""anam"":[{""level"":0,""column"":0,""type"":""string"",""value"":""NEL: Starfall (-na)""}]}"
custom	A08U	AHtb	HEL: Dragonhawk (SolarStrike)	1	9999	99	99999		air,enemies,mechanical,organic	B018				"{""wurs"":[{""level"":0,""column"":0,""type"":""int"",""value"":42}],""abuf"":[{""level"":1,""column"":0,""type"":""string"",""value"":""B018""}],""acdn"":[{""level"":1,""column"":0,""type"":""unreal"",""value"":99}],""amcs"":[{""level"":1,""column"":0,""type"":""int"",""value"":9999}],""Htb1"":[{""level"":1,""column"":1,""type"":""unreal"",""value"":80}],""adur"":[{""level"":1,""column"":0,""type"":""unreal"",""value"":4}],""aher"":[{""level"":0,""column"":0,""type"":""int"",""value"":0}],""ahdu"":[{""level"":1,""column"":0,""type"":""unreal"",""value"":2}],""alev"":[{""level"":0,""column"":0,""type"":""int"",""value"":1}],""amsp"":[{""level"":0,""column"":0,""type"":""int"",""value"":900}],""aran"":[{""level"":1,""column"":0,""type"":""unreal"",""value"":99999}],""atar"":[{""level"":1,""column"":0,""type"":""string"",""value"":""air,enemies,mechanical,organic""}],""achd"":[{""level"":0,""column"":0,""type"":""int"",""value"":0}],""amat"":[{""level"":0,""column"":0,""type"":""string"",""value"":""Abilities\\Spells\\Items\\PotionOfOmniscience\\CrystalBallCaster.mdl""}],""anam"":[{""level"":0,""column"":0,""type"":""string"",""value"":""HEL: Dragonhawk (SolarStrike)""}]}"
custom	A08V	ACpa				99	800		air,enemies,neutral,nonhero	B01V				"{""wurs"":[{""level"":0,""column"":0,""type"":""int"",""value"":42}],""abuf"":[{""level"":1,""column"":0,""type"":""string"",""value"":""B01V""}],""Npa6"":[{""level"":1,""column"":0,""type"":""unreal"",""value"":0.01}],""acdn"":[{""level"":1,""column"":0,""type"":""unreal"",""value"":99}],""Poi1"":[{""level"":1,""column"":1,""type"":""unreal"",""value"":0}],""Poi4"":[{""level"":1,""column"":4,""type"":""int"",""value"":0}],""adur"":[{""level"":1,""column"":0,""type"":""unreal"",""value"":0.01}],""arac"":[{""level"":0,""column"":0,""type"":""string"",""value"":""human""}],""aran"":[{""level"":1,""column"":0,""type"":""unreal"",""value"":800}],""atar"":[{""level"":1,""column"":0,""type"":""string"",""value"":""air,enemies,neutral,nonhero""}],""ipmu"":[{""level"":1,""column"":0,""type"":""string"",""value"":""nfbr""}],""amat"":[{""level"":0,""column"":0,""type"":""string"",""value"":""""}]}"
custom	A08W	ACbl			9999	99			air,friend,ground,neutral,organic,self	B019				"{""wurs"":[{""level"":0,""column"":0,""type"":""int"",""value"":42}],""abuf"":[{""level"":1,""column"":0,""type"":""string"",""value"":""B019""}],""acdn"":[{""level"":1,""column"":0,""type"":""unreal"",""value"":99}],""amcs"":[{""level"":1,""column"":0,""type"":""int"",""value"":9999}],""Blo1"":[{""level"":1,""column"":1,""type"":""unreal"",""value"":0}],""Blo2"":[{""level"":1,""column"":2,""type"":""unreal"",""value"":0}],""Blo3"":[{""level"":1,""column"":3,""type"":""unreal"",""value"":0}],""adur"":[{""level"":1,""column"":0,""type"":""unreal"",""value"":2.5}],""ahdu"":[{""level"":1,""column"":0,""type"":""unreal"",""value"":2.5}],""arac"":[{""level"":0,""column"":0,""type"":""string"",""value"":""human""}],""atar"":[{""level"":1,""column"":0,""type"":""string"",""value"":""air,friend,ground,neutral,organic,self""}]}"
custom	A08X	ANcl		1										"{""wurs"":[{""level"":0,""column"":0,""type"":""int"",""value"":42}],""aher"":[{""level"":0,""column"":0,""type"":""int"",""value"":0}],""alev"":[{""level"":0,""column"":0,""type"":""int"",""value"":1}],""aord"":[{""level"":0,""column"":0,""type"":""string"",""value"":""roar""}],""arac"":[{""level"":0,""column"":0,""type"":""string"",""value"":""human""}]}"
custom	A08Y	ANcl	Scroll of Stone Trigger	1			25000	1000						"{""wurs"":[{""level"":0,""column"":0,""type"":""int"",""value"":42}],""aare"":[{""level"":1,""column"":0,""type"":""unreal"",""value"":1000}],""Ncl1"":[{""level"":1,""column"":1,""type"":""unreal"",""value"":0}],""Ncl2"":[{""level"":1,""column"":2,""type"":""int"",""value"":2}],""Ncl3"":[{""level"":1,""column"":3,""type"":""int"",""value"":3}],""Ncl4"":[{""level"":1,""column"":4,""type"":""unreal"",""value"":0}],""Ncl5"":[{""level"":1,""column"":5,""type"":""int"",""value"":0}],""Ncl6"":[{""level"":1,""column"":6,""type"":""string"",""value"":""cyclone""}],""aher"":[{""level"":0,""column"":0,""type"":""int"",""value"":0}],""aite"":[{""level"":0,""column"":0,""type"":""int"",""value"":1}],""alev"":[{""level"":0,""column"":0,""type"":""int"",""value"":1}],""aord"":[{""level"":0,""column"":0,""type"":""string"",""value"":""cyclone""}],""arac"":[{""level"":0,""column"":0,""type"":""string"",""value"":""other""}],""aran"":[{""level"":1,""column"":0,""type"":""unreal"",""value"":25000}],""acat"":[{""level"":0,""column"":0,""type"":""string"",""value"":""Abilities\\Spells\\Items\\AIre\\AIreTarget.mdl""}],""aeat"":[{""level"":0,""column"":0,""type"":""string"",""value"":""Abilities\\Spells\\Items\\AIda\\AIdaCaster.mdl""}],""anam"":[{""level"":0,""column"":0,""type"":""string"",""value"":""Scroll of Stone Trigger""}],""atat"":[{""level"":0,""column"":0,""type"":""string"",""value"":""""}],""ata0"":[{""level"":0,""column"":0,""type"":""string"",""value"":""""}]}"
custom	A08Z	ACbh	MEH: Iron Golem (bash)											"{""wurs"":[{""level"":0,""column"":0,""type"":""int"",""value"":42}],""Hbh3"":[{""level"":1,""column"":3,""type"":""unreal"",""value"":40}],""ahdu"":[{""level"":1,""column"":0,""type"":""unreal"",""value"":1}],""arac"":[{""level"":0,""column"":0,""type"":""string"",""value"":""human""}],""anam"":[{""level"":0,""column"":0,""type"":""string"",""value"":""MEH: Iron Golem (bash)""}]}"
custom	A090	ACbh	Bash 2											"{""wurs"":[{""level"":0,""column"":0,""type"":""int"",""value"":42}],""Hbh1"":[{""level"":1,""column"":1,""type"":""unreal"",""value"":50}],""Hbh3"":[{""level"":1,""column"":3,""type"":""unreal"",""value"":100}],""ahdu"":[{""level"":1,""column"":0,""type"":""unreal"",""value"":1}],""arac"":[{""level"":0,""column"":0,""type"":""string"",""value"":""human""}],""anam"":[{""level"":0,""column"":0,""type"":""string"",""value"":""Bash 2""}]}"
custom	A091	ACpv												"{""wurs"":[{""level"":0,""column"":0,""type"":""int"",""value"":42}],""War1"":[{""level"":1,""column"":1,""type"":""unreal"",""value"":25}],""War2"":[{""level"":1,""column"":2,""type"":""unreal"",""value"":60}],""arac"":[{""level"":0,""column"":0,""type"":""string"",""value"":""human""}],""aani"":[{""level"":0,""column"":0,""type"":""string"",""value"":""spell,slam""}]}"
custom	A092	ACpv												"{""wurs"":[{""level"":0,""column"":0,""type"":""int"",""value"":42}],""War1"":[{""level"":1,""column"":1,""type"":""unreal"",""value"":40}],""War2"":[{""level"":1,""column"":2,""type"":""unreal"",""value"":150}],""arac"":[{""level"":0,""column"":0,""type"":""string"",""value"":""human""}],""aani"":[{""level"":0,""column"":0,""type"":""string"",""value"":""spell,slam""}]}"
custom	A093	AIsr												"{""wurs"":[{""level"":0,""column"":0,""type"":""int"",""value"":42}],""isr2"":[{""level"":1,""column"":2,""type"":""unreal"",""value"":0.3}],""aite"":[{""level"":0,""column"":0,""type"":""int"",""value"":0}],""arac"":[{""level"":0,""column"":0,""type"":""string"",""value"":""human""}],""ansf"":[{""level"":0,""column"":0,""type"":""string"",""value"":""30%""}]}"
custom	A094	ACce						160						"{""wurs"":[{""level"":0,""column"":0,""type"":""int"",""value"":42}],""aare"":[{""level"":1,""column"":0,""type"":""unreal"",""value"":160}],""nca1"":[{""level"":1,""column"":1,""type"":""unreal"",""value"":1}],""arac"":[{""level"":0,""column"":0,""type"":""string"",""value"":""human""}]}"
custom	A095	ACpa			9999	99	99999		enemies,ground,invulnerable,mechanical,neutral,structure	B01T				"{""wurs"":[{""level"":0,""column"":0,""type"":""int"",""value"":42}],""abuf"":[{""level"":1,""column"":0,""type"":""string"",""value"":""B01T""}],""Npa6"":[{""level"":1,""column"":0,""type"":""unreal"",""value"":0.01}],""acdn"":[{""level"":1,""column"":0,""type"":""unreal"",""value"":99}],""Poi1"":[{""level"":1,""column"":1,""type"":""unreal"",""value"":0}],""Poi4"":[{""level"":1,""column"":4,""type"":""int"",""value"":0}],""adur"":[{""level"":1,""column"":0,""type"":""unreal"",""value"":0.01}],""arac"":[{""level"":0,""column"":0,""type"":""string"",""value"":""human""}],""aran"":[{""level"":1,""column"":0,""type"":""unreal"",""value"":99999}],""atar"":[{""level"":1,""column"":0,""type"":""string"",""value"":""enemies,ground,invulnerable,mechanical,neutral,structure""}],""ipmu"":[{""level"":1,""column"":0,""type"":""string"",""value"":""nfbr""}],""amcs"":[{""level"":1,""column"":0,""type"":""int"",""value"":9999}],""aart"":[{""level"":0,""column"":0,""type"":""string"",""value"":""ReplaceableTextures\\CommandButtons\\BTNWallOfFire.blp""}],""amat"":[{""level"":0,""column"":0,""type"":""string"",""value"":""""}],""auar"":[{""level"":0,""column"":0,""type"":""string"",""value"":""ReplaceableTextures\\CommandButtons\\BTNWallOfFire.blp""}]}"
custom	A096	Amb2	MECCCC		9999			0	air,friend,ground,invulnerable,self,vulnerable					"{""wurs"":[{""level"":0,""column"":0,""type"":""int"",""value"":42}],""aare"":[{""level"":1,""column"":0,""type"":""unreal"",""value"":0}],""amcs"":[{""level"":1,""column"":0,""type"":""int"",""value"":9999}],""atar"":[{""level"":1,""column"":0,""type"":""string"",""value"":""air,friend,ground,invulnerable,self,vulnerable""}],""anam"":[{""level"":0,""column"":0,""type"":""string"",""value"":""MECCCC""}]}"
custom	A097	Amnx												"{""wurs"":[{""level"":0,""column"":0,""type"":""int"",""value"":42}],""Dda2"":[{""level"":1,""column"":2,""type"":""unreal"",""value"":250}],""Dda3"":[{""level"":1,""column"":3,""type"":""unreal"",""value"":375}],""Dda4"":[{""level"":1,""column"":4,""type"":""unreal"",""value"":125}],""arac"":[{""level"":0,""column"":0,""type"":""string"",""value"":""human""}],""ansf"":[{""level"":0,""column"":0,""type"":""string"",""value"":""(Mine Layer)""}]}"
custom	A098	Amin					175							"{""wurs"":[{""level"":0,""column"":0,""type"":""int"",""value"":42}],""Min1"":[{""level"":1,""column"":1,""type"":""unreal"",""value"":5}],""arac"":[{""level"":0,""column"":0,""type"":""string"",""value"":""human""}],""aran"":[{""level"":1,""column"":0,""type"":""unreal"",""value"":175}]}"
custom	A099	Asds					10		debris,enemies,ground,structure,tree,ward					"{""wurs"":[{""level"":0,""column"":0,""type"":""int"",""value"":42}],""Dda1"":[{""level"":1,""column"":1,""type"":""unreal"",""value"":150}],""Dda2"":[{""level"":1,""column"":2,""type"":""unreal"",""value"":275}],""Dda3"":[{""level"":1,""column"":3,""type"":""unreal"",""value"":300}],""Dda4"":[{""level"":1,""column"":4,""type"":""unreal"",""value"":125}],""Sds1"":[{""level"":1,""column"":5,""type"":""unreal"",""value"":0.75}],""arac"":[{""level"":0,""column"":0,""type"":""string"",""value"":""human""}],""atar"":[{""level"":1,""column"":0,""type"":""string"",""value"":""debris,enemies,ground,structure,tree,ward""}],""aran"":[{""level"":1,""column"":0,""type"":""unreal"",""value"":10}]}"
custom	A09A	Absk	Check Range			99						Display Range	Shows the range of this building	"{""wurs"":[{""level"":0,""column"":0,""type"":""int"",""value"":42}],""acdn"":[{""level"":1,""column"":0,""type"":""unreal"",""value"":99}],""bsk1"":[{""level"":1,""column"":1,""type"":""unreal"",""value"":0}],""bsk2"":[{""level"":1,""column"":2,""type"":""unreal"",""value"":0}],""bsk3"":[{""level"":1,""column"":3,""type"":""unreal"",""value"":0}],""adur"":[{""level"":1,""column"":0,""type"":""unreal"",""value"":0.01}],""ahdu"":[{""level"":1,""column"":0,""type"":""unreal"",""value"":0.01}],""arac"":[{""level"":0,""column"":0,""type"":""string"",""value"":""creeps""}],""aart"":[{""level"":0,""column"":0,""type"":""string"",""value"":""ReplaceableTextures\\CommandButtons\\BTNFarSight.blp""}],""abpx"":[{""level"":0,""column"":0,""type"":""int"",""value"":2}],""abpy"":[{""level"":0,""column"":0,""type"":""int"",""value"":0}],""anam"":[{""level"":0,""column"":0,""type"":""string"",""value"":""Check Range""}],""atp1"":[{""level"":1,""column"":0,""type"":""string"",""value"":""Display Range""}],""aub1"":[{""level"":1,""column"":0,""type"":""string"",""value"":""Shows the range of this building""}]}"
custom	A09B	Amnx		5					"[{""level"":1,""column"":0,""type"":""string"",""value"":""ground,enemies,structure,debris,ward""},{""level"":2,""column"":0,""type"":""string"",""value"":""ground,enemies,structure,debris,ward""},{""level"":3,""column"":0,""type"":""string"",""value"":""ground,enemies,structure,debris,ward""},{""level"":4,""column"":0,""type"":""string"",""value"":""ground,enemies,structure,debris,ward""},{""level"":5,""column"":0,""type"":""string"",""value"":""ground,enemies,structure,debris,ward""}]"					"{""wurs"":[{""level"":0,""column"":0,""type"":""int"",""value"":42}],""Dda1"":[{""level"":2,""column"":1,""type"":""unreal"",""value"":190},{""level"":3,""column"":1,""type"":""unreal"",""value"":230},{""level"":4,""column"":1,""type"":""unreal"",""value"":270},{""level"":5,""column"":1,""type"":""unreal"",""value"":310}],""Dda2"":[{""level"":1,""column"":2,""type"":""unreal"",""value"":50},{""level"":2,""column"":2,""type"":""unreal"",""value"":100},{""level"":3,""column"":2,""type"":""unreal"",""value"":200},{""level"":4,""column"":2,""type"":""unreal"",""value"":400},{""level"":5,""column"":2,""type"":""unreal"",""value"":800}],""Dda3"":[{""level"":1,""column"":3,""type"":""unreal"",""value"":300},{""level"":2,""column"":3,""type"":""unreal"",""value"":350},{""level"":3,""column"":3,""type"":""unreal"",""value"":400},{""level"":4,""column"":3,""type"":""unreal"",""value"":450},{""level"":5,""column"":3,""type"":""unreal"",""value"":500}],""Dda4"":[{""level"":1,""column"":4,""type"":""unreal"",""value"":25},{""level"":2,""column"":4,""type"":""unreal"",""value"":50},{""level"":3,""column"":4,""type"":""unreal"",""value"":100},{""level"":4,""column"":4,""type"":""unreal"",""value"":200},{""level"":5,""column"":4,""type"":""unreal"",""value"":400}],""adur"":[{""level"":2,""column"":0,""type"":""unreal"",""value"":0.3},{""level"":3,""column"":0,""type"":""unreal"",""value"":0.3},{""level"":4,""column"":0,""type"":""unreal"",""value"":0.3},{""level"":5,""column"":0,""type"":""unreal"",""value"":0.3}],""ahdu"":[{""level"":2,""column"":0,""type"":""unreal"",""value"":0.3},{""level"":3,""column"":0,""type"":""unreal"",""value"":0.3},{""level"":4,""column"":0,""type"":""unreal"",""value"":0.3},{""level"":5,""column"":0,""type"":""unreal"",""value"":0.3}],""alev"":[{""level"":0,""column"":0,""type"":""int"",""value"":5}],""arac"":[{""level"":0,""column"":0,""type"":""string"",""value"":""human""}],""atar"":[{""level"":1,""column"":0,""type"":""string"",""value"":""ground,enemies,structure,debris,ward""},{""level"":2,""column"":0,""type"":""string"",""value"":""ground,enemies,structure,debris,ward""},{""level"":3,""column"":0,""type"":""string"",""value"":""ground,enemies,structure,debris,ward""},{""level"":4,""column"":0,""type"":""string"",""value"":""ground,enemies,structure,debris,ward""},{""level"":5,""column"":0,""type"":""string"",""value"":""ground,enemies,structure,debris,ward""}],""aart"":[{""level"":0,""column"":0,""type"":""string"",""value"":""ReplaceableTextures\\CommandButtons\\BTNInfernalFlameCannon.blp""}]}"
custom	A09C	AIs2		5										"{""wurs"":[{""level"":0,""column"":0,""type"":""int"",""value"":42}],""Isx1"":[{""level"":1,""column"":1,""type"":""unreal"",""value"":0},{""level"":2,""column"":1,""type"":""unreal"",""value"":0.5},{""level"":3,""column"":1,""type"":""unreal"",""value"":1},{""level"":4,""column"":1,""type"":""unreal"",""value"":1.5},{""level"":5,""column"":1,""type"":""unreal"",""value"":2}],""aite"":[{""level"":0,""column"":0,""type"":""int"",""value"":0}],""alev"":[{""level"":0,""column"":0,""type"":""int"",""value"":5}],""arac"":[{""level"":0,""column"":0,""type"":""string"",""value"":""human""}]}"
custom	A09D	ACpa			9999	99	600		enemies,ground,neutral,nonhero,vulnerable	B019				"{""wurs"":[{""level"":0,""column"":0,""type"":""int"",""value"":42}],""abuf"":[{""level"":1,""column"":0,""type"":""string"",""value"":""B019""}],""Npa6"":[{""level"":1,""column"":0,""type"":""unreal"",""value"":0.01}],""acdn"":[{""level"":1,""column"":0,""type"":""unreal"",""value"":99}],""amcs"":[{""level"":1,""column"":0,""type"":""int"",""value"":9999}],""Poi1"":[{""level"":1,""column"":1,""type"":""unreal"",""value"":0}],""Poi4"":[{""level"":1,""column"":4,""type"":""int"",""value"":0}],""adur"":[{""level"":1,""column"":0,""type"":""unreal"",""value"":0.01}],""ahdu"":[{""level"":1,""column"":0,""type"":""unreal"",""value"":0.01}],""arac"":[{""level"":0,""column"":0,""type"":""string"",""value"":""human""}],""aran"":[{""level"":1,""column"":0,""type"":""unreal"",""value"":600}],""atar"":[{""level"":1,""column"":0,""type"":""string"",""value"":""enemies,ground,neutral,nonhero,vulnerable""}],""ipmu"":[{""level"":1,""column"":0,""type"":""string"",""value"":""nfbr""}],""amat"":[{""level"":0,""column"":0,""type"":""string"",""value"":""""}]}"
custom	A09F	Apxf	MEH: Rocket Tank (rockets)			1		850	air,enemies	B01N				"{""wurs"":[{""level"":0,""column"":0,""type"":""int"",""value"":42}],""aare"":[{""level"":1,""column"":0,""type"":""unreal"",""value"":850}],""abuf"":[{""level"":1,""column"":0,""type"":""string"",""value"":""B01N""}],""acdn"":[{""level"":1,""column"":0,""type"":""unreal"",""value"":1}],""pxf1"":[{""level"":1,""column"":1,""type"":""unreal"",""value"":85}],""pxf2"":[{""level"":1,""column"":2,""type"":""unreal"",""value"":0}],""adur"":[{""level"":1,""column"":0,""type"":""unreal"",""value"":0.01}],""ahdu"":[{""level"":1,""column"":0,""type"":""unreal"",""value"":0.01}],""amsp"":[{""level"":0,""column"":0,""type"":""int"",""value"":1000}],""atar"":[{""level"":1,""column"":0,""type"":""string"",""value"":""air,enemies""}],""amat"":[{""level"":0,""column"":0,""type"":""string"",""value"":""Abilities\\Spells\\Other\\TinkerRocket\\TinkerRocketMissile.mdl""}],""anam"":[{""level"":0,""column"":0,""type"":""string"",""value"":""MEH: Rocket Tank (rockets)""}]}"
custom	A09G	ANcl	Gold Coin Trigger	1			25000		invulnerable,self					"{""wurs"":[{""level"":0,""column"":0,""type"":""int"",""value"":42}],""Ncl1"":[{""level"":1,""column"":1,""type"":""unreal"",""value"":0}],""Ncl2"":[{""level"":1,""column"":2,""type"":""int"",""value"":1}],""Ncl3"":[{""level"":1,""column"":3,""type"":""int"",""value"":1}],""Ncl4"":[{""level"":1,""column"":4,""type"":""unreal"",""value"":0}],""Ncl5"":[{""level"":1,""column"":5,""type"":""int"",""value"":0}],""Ncl6"":[{""level"":1,""column"":6,""type"":""string"",""value"":""flamingattack""}],""aher"":[{""level"":0,""column"":0,""type"":""int"",""value"":0}],""aite"":[{""level"":0,""column"":0,""type"":""int"",""value"":1}],""alev"":[{""level"":0,""column"":0,""type"":""int"",""value"":1}],""aord"":[{""level"":0,""column"":0,""type"":""string"",""value"":""cyclone""}],""arac"":[{""level"":0,""column"":0,""type"":""string"",""value"":""other""}],""aran"":[{""level"":1,""column"":0,""type"":""unreal"",""value"":25000}],""atar"":[{""level"":1,""column"":0,""type"":""string"",""value"":""invulnerable,self""}],""acat"":[{""level"":0,""column"":0,""type"":""string"",""value"":""""}],""aeat"":[{""level"":0,""column"":0,""type"":""string"",""value"":""""}],""anam"":[{""level"":0,""column"":0,""type"":""string"",""value"":""Gold Coin Trigger""}],""atat"":[{""level"":0,""column"":0,""type"":""string"",""value"":""""}],""ata0"":[{""level"":0,""column"":0,""type"":""string"",""value"":""""}]}"
custom	A09H	ANcl	TypeMurloc	1										"{""wurs"":[{""level"":0,""column"":0,""type"":""int"",""value"":42}],""aher"":[{""level"":0,""column"":0,""type"":""int"",""value"":0}],""alev"":[{""level"":0,""column"":0,""type"":""int"",""value"":1}],""aord"":[{""level"":0,""column"":0,""type"":""string"",""value"":""roar""}],""arac"":[{""level"":0,""column"":0,""type"":""string"",""value"":""human""}],""anam"":[{""level"":0,""column"":0,""type"":""string"",""value"":""TypeMurloc""}]}"
custom	A09I	ACbh							air					"{""wurs"":[{""level"":0,""column"":0,""type"":""int"",""value"":42}],""Hbh1"":[{""level"":1,""column"":1,""type"":""unreal"",""value"":30}],""Hbh3"":[{""level"":1,""column"":3,""type"":""unreal"",""value"":40}],""adur"":[{""level"":1,""column"":0,""type"":""unreal"",""value"":1.2}],""ahdu"":[{""level"":1,""column"":0,""type"":""unreal"",""value"":0.6}],""arac"":[{""level"":0,""column"":0,""type"":""string"",""value"":""human""}],""atar"":[{""level"":1,""column"":0,""type"":""string"",""value"":""air""}]}"
custom	A09J	ACbh							air					"{""wurs"":[{""level"":0,""column"":0,""type"":""int"",""value"":42}],""Hbh1"":[{""level"":1,""column"":1,""type"":""unreal"",""value"":50}],""Hbh3"":[{""level"":1,""column"":3,""type"":""unreal"",""value"":60}],""adur"":[{""level"":1,""column"":0,""type"":""unreal"",""value"":1.2}],""ahdu"":[{""level"":1,""column"":0,""type"":""unreal"",""value"":0.6}],""arac"":[{""level"":0,""column"":0,""type"":""string"",""value"":""human""}],""atar"":[{""level"":1,""column"":0,""type"":""string"",""value"":""air""}]}"
custom	A09K	Ahrp	MEH: Gobbo Machinist (repair)				200		air,friend,ground,mechanical,structure					"{""wurs"":[{""level"":0,""column"":0,""type"":""int"",""value"":42}],""Rep2"":[{""level"":1,""column"":2,""type"":""unreal"",""value"":0.45}],""Rep5"":[{""level"":1,""column"":5,""type"":""unreal"",""value"":300}],""aran"":[{""level"":1,""column"":0,""type"":""unreal"",""value"":200}],""atar"":[{""level"":1,""column"":0,""type"":""string"",""value"":""air,friend,ground,mechanical,structure""}],""Rep1"":[{""level"":1,""column"":1,""type"":""unreal"",""value"":0}],""aani"":[{""level"":0,""column"":0,""type"":""string"",""value"":""attack""}],""ahky"":[{""level"":0,""column"":0,""type"":""string"",""value"":""F""}],""anam"":[{""level"":0,""column"":0,""type"":""string"",""value"":""MEH: Gobbo Machinist (repair)""}],""auhk"":[{""level"":0,""column"":0,""type"":""string"",""value"":""F""}],""aut1"":[{""level"":1,""column"":0,""type"":""string"",""value"":""|cffc3dbffRightclick enables auto repair.|r""}],""auu1"":[{""level"":1,""column"":0,""type"":""string"",""value"":""|cffc3dbffRightclick disables auto repair.|r""}]}"
custom	A09L	AHad		2				"[{""level"":1,""column"":0,""type"":""unreal"",""value"":0},{""level"":2,""column"":0,""type"":""unreal"",""value"":0}]"	"[{""level"":1,""column"":0,""type"":""string"",""value"":""self""},{""level"":2,""column"":0,""type"":""string"",""value"":""self""}]"	"[{""level"":1,""column"":0,""type"":""string"",""value"":""B01H""},{""level"":2,""column"":0,""type"":""string"",""value"":""B01H""}]"				"{""wurs"":[{""level"":0,""column"":0,""type"":""int"",""value"":42}],""aare"":[{""level"":1,""column"":0,""type"":""unreal"",""value"":0},{""level"":2,""column"":0,""type"":""unreal"",""value"":0}],""abuf"":[{""level"":1,""column"":0,""type"":""string"",""value"":""B01H""},{""level"":2,""column"":0,""type"":""string"",""value"":""B01H""}],""Had1"":[{""level"":1,""column"":1,""type"":""unreal"",""value"":2},{""level"":2,""column"":1,""type"":""unreal"",""value"":4}],""adur"":[{""level"":1,""column"":0,""type"":""unreal"",""value"":1},{""level"":2,""column"":0,""type"":""unreal"",""value"":1}],""aher"":[{""level"":0,""column"":0,""type"":""int"",""value"":0}],""ahdu"":[{""level"":1,""column"":0,""type"":""unreal"",""value"":2}],""alev"":[{""level"":0,""column"":0,""type"":""int"",""value"":2}],""arac"":[{""level"":0,""column"":0,""type"":""string"",""value"":""orc""}],""atar"":[{""level"":1,""column"":0,""type"":""string"",""value"":""self""},{""level"":2,""column"":0,""type"":""string"",""value"":""self""}],""aspt"":[{""level"":0,""column"":0,""type"":""string"",""value"":""origin""}],""atat"":[{""level"":0,""column"":0,""type"":""string"",""value"":""Abilities\\Spells\\Human\\ManaShield\\ManaShieldCaster.mdl""}],""ata0"":[{""level"":0,""column"":0,""type"":""string"",""value"":""""}]}"
custom	A09M	AIl1	Stacking Life Bonus	10										"{""wurs"":[{""level"":0,""column"":0,""type"":""int"",""value"":42}],""Ilif"":[{""level"":1,""column"":1,""type"":""int"",""value"":0},{""level"":2,""column"":1,""type"":""int"",""value"":-50},{""level"":3,""column"":1,""type"":""int"",""value"":-100},{""level"":4,""column"":1,""type"":""int"",""value"":-150},{""level"":5,""column"":1,""type"":""int"",""value"":-200},{""level"":6,""column"":1,""type"":""int"",""value"":-250},{""level"":7,""column"":1,""type"":""int"",""value"":-300},{""level"":8,""column"":1,""type"":""int"",""value"":-350},{""level"":9,""column"":1,""type"":""int"",""value"":-400},{""level"":10,""column"":1,""type"":""int"",""value"":-450}],""alev"":[{""level"":0,""column"":0,""type"":""int"",""value"":10}],""anam"":[{""level"":0,""column"":0,""type"":""string"",""value"":""Stacking Life Bonus""}]}"
custom	A09N	ACpa			9999	99	99999	1	enemies,ground,invulnerable,mechanical,neutral,structure			Energy Shield	Shields a random friendly unit with energy, giving it +2 armor. The next time this unit is targeted by a negative building ability, the ability will not have any effect and the shield will vanish. Has an extra chance to target units that don't have a shield yet.|n|n|cffFFFF80Cooldown:|cffFFFF00 7 |rseconds	"{""wurs"":[{""level"":0,""column"":0,""type"":""int"",""value"":42}],""aare"":[{""level"":1,""column"":0,""type"":""unreal"",""value"":1}],""abuf"":[{""level"":1,""column"":0,""type"":""string"",""value"":""""}],""Npa6"":[{""level"":1,""column"":0,""type"":""unreal"",""value"":0.01}],""acdn"":[{""level"":1,""column"":0,""type"":""unreal"",""value"":99}],""amcs"":[{""level"":1,""column"":0,""type"":""int"",""value"":9999}],""Poi1"":[{""level"":1,""column"":1,""type"":""unreal"",""value"":0}],""Poi4"":[{""level"":1,""column"":4,""type"":""int"",""value"":0}],""adur"":[{""level"":1,""column"":0,""type"":""unreal"",""value"":0.01}],""arac"":[{""level"":0,""column"":0,""type"":""string"",""value"":""orc""}],""aran"":[{""level"":1,""column"":0,""type"":""unreal"",""value"":99999}],""atar"":[{""level"":1,""column"":0,""type"":""string"",""value"":""enemies,ground,invulnerable,mechanical,neutral,structure""}],""ipmu"":[{""level"":1,""column"":0,""type"":""string"",""value"":""nfbr""}],""aart"":[{""level"":0,""column"":0,""type"":""string"",""value"":""ReplaceableTextures\\CommandButtons\\BTNNeutralManaShield.blp""}],""ahky"":[{""level"":0,""column"":0,""type"":""string"",""value"":""C""}],""amat"":[{""level"":0,""column"":0,""type"":""string"",""value"":""""}],""atp1"":[{""level"":1,""column"":0,""type"":""string"",""value"":""Energy Shield""}],""aub1"":[{""level"":1,""column"":0,""type"":""string"",""value"":""Shields a random friendly unit with energy, giving it +2 armor. The next time this unit is targeted by a negative building ability, the ability will not have any effect and the shield will vanish. Has an extra chance to target units that don't have a shield yet.|n|n|cffFFFF80Cooldown:|cffFFFF00 7 |rseconds""}],""auar"":[{""level"":0,""column"":0,""type"":""string"",""value"":""ReplaceableTextures\\CommandButtons\\BTNNeutralManaShield.blp""}],""auhk"":[{""level"":0,""column"":0,""type"":""string"",""value"":""C""}]}"
custom	A09O	ACpa			9999	99	99999	1	enemies,ground,invulnerable,mechanical,neutral,structure			Greater Energy Shield	Shields a random friendly unit with energy, giving it +4 armor. The next two times this unit is targeted by a negative building ability, the ability will not have any effect. In addition, the fisrt time the unit is targeted by a negative building ability, it will heal the unit. Has an extra chance to target units that don't have a shield yet. If affected by eraser, the shield will vanish without healing the unit.|n|n|cffFFFF80Cooldown:|cffFFFF00 7 |rseconds	"{""wurs"":[{""level"":0,""column"":0,""type"":""int"",""value"":42}],""aare"":[{""level"":1,""column"":0,""type"":""unreal"",""value"":1}],""abuf"":[{""level"":1,""column"":0,""type"":""string"",""value"":""""}],""Npa6"":[{""level"":1,""column"":0,""type"":""unreal"",""value"":0.01}],""acdn"":[{""level"":1,""column"":0,""type"":""unreal"",""value"":99}],""amcs"":[{""level"":1,""column"":0,""type"":""int"",""value"":9999}],""Poi1"":[{""level"":1,""column"":1,""type"":""unreal"",""value"":0}],""Poi4"":[{""level"":1,""column"":4,""type"":""int"",""value"":0}],""adur"":[{""level"":1,""column"":0,""type"":""unreal"",""value"":0.01}],""arac"":[{""level"":0,""column"":0,""type"":""string"",""value"":""orc""}],""aran"":[{""level"":1,""column"":0,""type"":""unreal"",""value"":99999}],""atar"":[{""level"":1,""column"":0,""type"":""string"",""value"":""enemies,ground,invulnerable,mechanical,neutral,structure""}],""ipmu"":[{""level"":1,""column"":0,""type"":""string"",""value"":""nfbr""}],""aart"":[{""level"":0,""column"":0,""type"":""string"",""value"":""ReplaceableTextures\\CommandButtons\\BTNOrbofSlowness.blp""}],""amat"":[{""level"":0,""column"":0,""type"":""string"",""value"":""""}],""atp1"":[{""level"":1,""column"":0,""type"":""string"",""value"":""Greater Energy Shield""}],""aub1"":[{""level"":1,""column"":0,""type"":""string"",""value"":""Shields a random friendly unit with energy, giving it +4 armor. The next two times this unit is targeted by a negative building ability, the ability will not have any effect. In addition, the fisrt time the unit is targeted by a negative building ability, it will heal the unit. Has an extra chance to target units that don't have a shield yet. If affected by eraser, the shield will vanish without healing the unit.|n|n|cffFFFF80Cooldown:|cffFFFF00 7 |rseconds""}],""auar"":[{""level"":0,""column"":0,""type"":""string"",""value"":""ReplaceableTextures\\CommandButtons\\BTNOrbofSlowness.blp""}]}"
custom	A09P	AHab		1				180	friend,invulnerable,structure,vulnerable	B01I		Power Up	Increases the mana regeneration of nearby buildings by 0.20 mana/sec	"{""wurs"":[{""level"":0,""column"":0,""type"":""int"",""value"":42}],""aare"":[{""level"":1,""column"":0,""type"":""unreal"",""value"":180}],""abuf"":[{""level"":1,""column"":0,""type"":""string"",""value"":""B01I""}],""Hab1"":[{""level"":1,""column"":1,""type"":""unreal"",""value"":0.2}],""aher"":[{""level"":0,""column"":0,""type"":""int"",""value"":0}],""alev"":[{""level"":0,""column"":0,""type"":""int"",""value"":1}],""arac"":[{""level"":0,""column"":0,""type"":""string"",""value"":""orc""}],""atar"":[{""level"":1,""column"":0,""type"":""string"",""value"":""friend,invulnerable,structure,vulnerable""}],""aart"":[{""level"":0,""column"":0,""type"":""string"",""value"":""ReplaceableTextures\\CommandButtons\\BTNControlMagic.blp""}],""atat"":[{""level"":0,""column"":0,""type"":""string"",""value"":""""}],""ata0"":[{""level"":0,""column"":0,""type"":""string"",""value"":""""}],""atp1"":[{""level"":1,""column"":0,""type"":""string"",""value"":""Power Up""}],""aub1"":[{""level"":1,""column"":0,""type"":""string"",""value"":""Increases the mana regeneration of nearby buildings by 0.20 mana/sec""}]}"
custom	A09Q	AId2												"{""wurs"":[{""level"":0,""column"":0,""type"":""int"",""value"":42}],""aite"":[{""level"":0,""column"":0,""type"":""int"",""value"":0}],""arac"":[{""level"":0,""column"":0,""type"":""string"",""value"":""orc""}],""Idef"":[{""level"":1,""column"":1,""type"":""int"",""value"":4}],""ansf"":[{""level"":0,""column"":0,""type"":""string"",""value"":""(+4)""}]}"
custom	A09R	ACac						0	self	B01J				"{""wurs"":[{""level"":0,""column"":0,""type"":""int"",""value"":42}],""aare"":[{""level"":1,""column"":0,""type"":""unreal"",""value"":0}],""abuf"":[{""level"":1,""column"":0,""type"":""string"",""value"":""B01J""}],""Cac1"":[{""level"":1,""column"":1,""type"":""unreal"",""value"":0.2}],""adur"":[{""level"":1,""column"":0,""type"":""unreal"",""value"":10}],""arac"":[{""level"":0,""column"":0,""type"":""string"",""value"":""orc""}],""atar"":[{""level"":1,""column"":0,""type"":""string"",""value"":""self""}],""atat"":[{""level"":0,""column"":0,""type"":""string"",""value"":""""}],""ata0"":[{""level"":0,""column"":0,""type"":""string"",""value"":""""}]}"
custom	A09S	AHad	Power Armor	1				180	friend,structure,self,invulnerable,vulnerable	B01K		Power Armor	Increases the armor of nearby buildings by 2. Empowered buildings are immune to certain negative buffs. If a building with power armor spawns a unit, the unit gains +20% damage, +4 armor, 15% spell resistance and +150 hitpoints	"{""wurs"":[{""level"":0,""column"":0,""type"":""int"",""value"":42}],""aare"":[{""level"":1,""column"":0,""type"":""unreal"",""value"":180}],""abuf"":[{""level"":1,""column"":0,""type"":""string"",""value"":""B01K""}],""Had1"":[{""level"":1,""column"":1,""type"":""unreal"",""value"":2}],""aher"":[{""level"":0,""column"":0,""type"":""int"",""value"":0}],""alev"":[{""level"":0,""column"":0,""type"":""int"",""value"":1}],""arac"":[{""level"":0,""column"":0,""type"":""string"",""value"":""orc""}],""atar"":[{""level"":1,""column"":0,""type"":""string"",""value"":""friend,structure,self,invulnerable,vulnerable""}],""aart"":[{""level"":0,""column"":0,""type"":""string"",""value"":""ReplaceableTextures\\CommandButtons\\BTNImbuedMasonry.blp""}],""abpx"":[{""level"":0,""column"":0,""type"":""int"",""value"":1}],""atat"":[{""level"":0,""column"":0,""type"":""string"",""value"":""""}],""ata0"":[{""level"":0,""column"":0,""type"":""string"",""value"":""""}],""atp1"":[{""level"":1,""column"":0,""type"":""string"",""value"":""Power Armor""}],""aub1"":[{""level"":1,""column"":0,""type"":""string"",""value"":""Increases the armor of nearby buildings by 2. Empowered buildings are immune to certain negative buffs. If a building with power armor spawns a unit, the unit gains +20% damage, +4 armor, 15% spell resistance and +150 hitpoints""}],""anam"":[{""level"":0,""column"":0,""type"":""string"",""value"":""Power Armor""}]}"
custom	A09T	ACcl			9999	99		700	air,enemies,ground,neutral					"{""wurs"":[{""level"":0,""column"":0,""type"":""int"",""value"":42}],""aare"":[{""level"":1,""column"":0,""type"":""unreal"",""value"":700}],""acdn"":[{""level"":1,""column"":0,""type"":""unreal"",""value"":99}],""amcs"":[{""level"":1,""column"":0,""type"":""int"",""value"":9999}],""Ocl1"":[{""level"":1,""column"":1,""type"":""unreal"",""value"":50}],""Ocl2"":[{""level"":1,""column"":2,""type"":""int"",""value"":8}],""Ocl3"":[{""level"":1,""column"":3,""type"":""unreal"",""value"":0.15}],""arac"":[{""level"":0,""column"":0,""type"":""string"",""value"":""orc""}],""atar"":[{""level"":1,""column"":0,""type"":""string"",""value"":""air,enemies,ground,neutral""}]}"
custom	A09U	Amgl										Energy Burst	Attacks have a 15% chance to release a chain lightning, which does 50 spell damage to 8 targets. Each bounce does 20% less than its predecessor.	"{""wurs"":[{""level"":0,""column"":0,""type"":""int"",""value"":42}],""arac"":[{""level"":0,""column"":0,""type"":""string"",""value"":""orc""}],""areq"":[{""level"":0,""column"":0,""type"":""string"",""value"":""""}],""aart"":[{""level"":0,""column"":0,""type"":""string"",""value"":""ReplaceableTextures\\CommandButtons\\BTNOrbOfLightning.blp""}],""atp1"":[{""level"":1,""column"":0,""type"":""string"",""value"":""Energy Burst""}],""aub1"":[{""level"":1,""column"":0,""type"":""string"",""value"":""Attacks have a 15% chance to release a chain lightning, which does 50 spell damage to 8 targets. Each bounce does 20% less than its predecessor.""}]}"
custom	A09V	Aakb						180	friend,invulnerable,structure,vulnerable	B01L		Power Ammo	Increases the damage of nearby towers by 25%	"{""wurs"":[{""level"":0,""column"":0,""type"":""int"",""value"":42}],""aare"":[{""level"":1,""column"":0,""type"":""unreal"",""value"":180}],""abuf"":[{""level"":1,""column"":0,""type"":""string"",""value"":""B01L""}],""Akb1"":[{""level"":1,""column"":1,""type"":""unreal"",""value"":0.25}],""Ear2"":[{""level"":1,""column"":2,""type"":""int"",""value"":0}],""atar"":[{""level"":1,""column"":0,""type"":""string"",""value"":""friend,invulnerable,structure,vulnerable""}],""aart"":[{""level"":0,""column"":0,""type"":""string"",""value"":""ReplaceableTextures\\CommandButtons\\BTNStaffOfTeleportation.blp""}],""abpx"":[{""level"":0,""column"":0,""type"":""int"",""value"":3}],""atat"":[{""level"":0,""column"":0,""type"":""string"",""value"":""""}],""ata0"":[{""level"":0,""column"":0,""type"":""string"",""value"":""""}],""atp1"":[{""level"":1,""column"":0,""type"":""string"",""value"":""Power Ammo""}],""aub1"":[{""level"":1,""column"":0,""type"":""string"",""value"":""Increases the damage of nearby towers by 25%""}]}"
custom	A09W	Aspo										Greater Poison Attack	Deals 20 damage per second and slows attack and movementspeed by 70%. Lasts 8 seconds	"{""wurs"":[{""level"":0,""column"":0,""type"":""int"",""value"":42}],""Spo1"":[{""level"":1,""column"":1,""type"":""unreal"",""value"":20}],""Spo2"":[{""level"":1,""column"":2,""type"":""unreal"",""value"":0.7}],""Spo3"":[{""level"":1,""column"":3,""type"":""unreal"",""value"":0.7}],""adur"":[{""level"":1,""column"":0,""type"":""unreal"",""value"":8}],""ahdu"":[{""level"":1,""column"":0,""type"":""unreal"",""value"":8}],""arac"":[{""level"":0,""column"":0,""type"":""string"",""value"":""human""}],""atp1"":[{""level"":1,""column"":0,""type"":""string"",""value"":""Greater Poison Attack""}],""aub1"":[{""level"":1,""column"":0,""type"":""string"",""value"":""Deals 20 damage per second and slows attack and movementspeed by 70%. Lasts 8 seconds""}]}"
custom	A09X	ACpa			9999	99	99999		enemies,ground,neutral,nonhero,sapper,vulnerable	B019				"{""wurs"":[{""level"":0,""column"":0,""type"":""int"",""value"":42}],""abuf"":[{""level"":1,""column"":0,""type"":""string"",""value"":""B019""}],""Npa6"":[{""level"":1,""column"":0,""type"":""unreal"",""value"":0.01}],""acdn"":[{""level"":1,""column"":0,""type"":""unreal"",""value"":99}],""amcs"":[{""level"":1,""column"":0,""type"":""int"",""value"":9999}],""Poi1"":[{""level"":1,""column"":1,""type"":""unreal"",""value"":0}],""Poi4"":[{""level"":1,""column"":4,""type"":""int"",""value"":0}],""adur"":[{""level"":1,""column"":0,""type"":""unreal"",""value"":0.01}],""ahdu"":[{""level"":1,""column"":0,""type"":""unreal"",""value"":0.01}],""arac"":[{""level"":0,""column"":0,""type"":""string"",""value"":""human""}],""aran"":[{""level"":1,""column"":0,""type"":""unreal"",""value"":99999}],""atar"":[{""level"":1,""column"":0,""type"":""string"",""value"":""enemies,ground,neutral,nonhero,sapper,vulnerable""}],""ipmu"":[{""level"":1,""column"":0,""type"":""string"",""value"":""nfbr""}],""amat"":[{""level"":0,""column"":0,""type"":""string"",""value"":""""}]}"
custom	A09Y	Assk												"{""wurs"":[{""level"":0,""column"":0,""type"":""int"",""value"":42}],""Ssk2"":[{""level"":1,""column"":2,""type"":""unreal"",""value"":5}],""Ssk3"":[{""level"":1,""column"":3,""type"":""unreal"",""value"":18}],""arac"":[{""level"":0,""column"":0,""type"":""string"",""value"":""human""}],""areq"":[{""level"":0,""column"":0,""type"":""string"",""value"":""""}]}"
custom	A09Z	Assk												"{""wurs"":[{""level"":0,""column"":0,""type"":""int"",""value"":42}],""Ssk2"":[{""level"":1,""column"":2,""type"":""unreal"",""value"":5}],""Ssk3"":[{""level"":1,""column"":3,""type"":""unreal"",""value"":24}],""arac"":[{""level"":0,""column"":0,""type"":""string"",""value"":""human""}],""areq"":[{""level"":0,""column"":0,""type"":""string"",""value"":""""}]}"
custom	A0A0	Assk												"{""wurs"":[{""level"":0,""column"":0,""type"":""int"",""value"":42}],""Ssk2"":[{""level"":1,""column"":2,""type"":""unreal"",""value"":5}],""arac"":[{""level"":0,""column"":0,""type"":""string"",""value"":""human""}],""areq"":[{""level"":0,""column"":0,""type"":""string"",""value"":""""}]}"
custom	A0A1	Asph												"{""wurs"":[{""level"":0,""column"":0,""type"":""int"",""value"":42}],""atat"":[{""level"":0,""column"":0,""type"":""string"",""value"":""Abilities\\Spells\\Orc\\TrollBerserk\\HeadhunterWEAPONSLeft.mdl""}],""ata0"":[{""level"":0,""column"":0,""type"":""string"",""value"":""head""}],""ata1"":[{""level"":0,""column"":0,""type"":""string"",""value"":""""}],""ata2"":[{""level"":0,""column"":0,""type"":""string"",""value"":""""}],""atac"":[{""level"":0,""column"":0,""type"":""int"",""value"":1}]}"
custom	A0A2	Asph												"{""wurs"":[{""level"":0,""column"":0,""type"":""int"",""value"":42}],""atat"":[{""level"":0,""column"":0,""type"":""string"",""value"":""Abilities\\Spells\\Orc\\Bloodlust\\BloodlustTarget.mdl""}],""ata0"":[{""level"":0,""column"":0,""type"":""string"",""value"":""head""}],""ata1"":[{""level"":0,""column"":0,""type"":""string"",""value"":""""}],""ata2"":[{""level"":0,""column"":0,""type"":""string"",""value"":""""}],""atac"":[{""level"":0,""column"":0,""type"":""int"",""value"":1}]}"
custom	A0A3	Amnx							debris,enemies,ground,structure,ward					"{""wurs"":[{""level"":0,""column"":0,""type"":""int"",""value"":42}],""Dda2"":[{""level"":1,""column"":2,""type"":""unreal"",""value"":150}],""Dda3"":[{""level"":1,""column"":3,""type"":""unreal"",""value"":280}],""Dda4"":[{""level"":1,""column"":4,""type"":""unreal"",""value"":75}],""arac"":[{""level"":0,""column"":0,""type"":""string"",""value"":""human""}],""atar"":[{""level"":1,""column"":0,""type"":""string"",""value"":""debris,enemies,ground,structure,ward""}],""aart"":[{""level"":0,""column"":0,""type"":""string"",""value"":""ReplaceableTextures\\CommandButtons\\BTNInfernalFlameCannon.blp""}]}"
custom	A0A4	Asph												"{""wurs"":[{""level"":0,""column"":0,""type"":""int"",""value"":42}],""atat"":[{""level"":0,""column"":0,""type"":""string"",""value"":""Abilities\\Weapons\\PhoenixMissile\\Phoenix_Missile.mdl""}],""ata0"":[{""level"":0,""column"":0,""type"":""string"",""value"":""weapon,right""}],""ata1"":[{""level"":0,""column"":0,""type"":""string"",""value"":""""}],""ata2"":[{""level"":0,""column"":0,""type"":""string"",""value"":""""}],""atac"":[{""level"":0,""column"":0,""type"":""int"",""value"":1}]}"
custom	A0A5	Aspb	Issue buy order									Issue buy order	Order owning player to buy an item.	"{""wurs"":[{""level"":0,""column"":0,""type"":""int"",""value"":42}],""spb1"":[{""level"":1,""column"":1,""type"":""string"",""value"":""IBA8,IBA6,IBA5,IBA7,IBA3,IBA4,IBA2,IBA9,AIsr,IBA0,IBA1""}],""spb2"":[{""level"":1,""column"":2,""type"":""int"",""value"":0}],""spb3"":[{""level"":1,""column"":3,""type"":""int"",""value"":11}],""spb4"":[{""level"":1,""column"":4,""type"":""int"",""value"":11}],""aite"":[{""level"":0,""column"":0,""type"":""int"",""value"":0}],""aart"":[{""level"":0,""column"":0,""type"":""string"",""value"":""ReplaceableTextures\\CommandButtons\\BTNDust.blp""}],""abpx"":[{""level"":0,""column"":0,""type"":""int"",""value"":3}],""atp1"":[{""level"":1,""column"":0,""type"":""string"",""value"":""Issue buy order""}],""aub1"":[{""level"":1,""column"":0,""type"":""string"",""value"":""Order owning player to buy an item.""}],""anam"":[{""level"":0,""column"":0,""type"":""string"",""value"":""Issue buy order""}],""ahky"":[{""level"":0,""column"":0,""type"":""string"",""value"":""R""}]}"
custom	A0A6	Asps	Infostealer's (spell steal)		9999	99			air,enemies,friend,ground,self,sapper,ward					"{""wurs"":[{""level"":0,""column"":0,""type"":""int"",""value"":42}],""acdn"":[{""level"":1,""column"":0,""type"":""unreal"",""value"":99}],""amcs"":[{""level"":1,""column"":0,""type"":""int"",""value"":9999}],""atar"":[{""level"":1,""column"":0,""type"":""string"",""value"":""air,enemies,friend,ground,self,sapper,ward""}],""aani"":[{""level"":0,""column"":0,""type"":""string"",""value"":""attack""}],""acat"":[{""level"":0,""column"":0,""type"":""string"",""value"":""Abilities\\Spells\\Items\\AIem\\AIemTarget.mdl""}],""anam"":[{""level"":0,""column"":0,""type"":""string"",""value"":""Infostealer's (spell steal)""}]}"
custom	A0A7	Ahea			9999	99	500							"{""wurs"":[{""level"":0,""column"":0,""type"":""int"",""value"":42}],""acdn"":[{""level"":1,""column"":0,""type"":""unreal"",""value"":99}],""amcs"":[{""level"":1,""column"":0,""type"":""int"",""value"":9999}],""Hea1"":[{""level"":1,""column"":1,""type"":""unreal"",""value"":1}],""aran"":[{""level"":1,""column"":0,""type"":""unreal"",""value"":500}]}"
custom	A0A8	AChv	HEL: Sorceress (healing wave)		9999	99	900							"{""wurs"":[{""level"":0,""column"":0,""type"":""int"",""value"":42}],""acdn"":[{""level"":1,""column"":0,""type"":""unreal"",""value"":99}],""amcs"":[{""level"":1,""column"":0,""type"":""int"",""value"":9999}],""Ocl1"":[{""level"":1,""column"":1,""type"":""unreal"",""value"":150}],""Ocl2"":[{""level"":1,""column"":2,""type"":""int"",""value"":2}],""Ocl3"":[{""level"":1,""column"":3,""type"":""unreal"",""value"":0.4}],""arac"":[{""level"":0,""column"":0,""type"":""string"",""value"":""human""}],""aran"":[{""level"":1,""column"":0,""type"":""unreal"",""value"":900}],""anam"":[{""level"":0,""column"":0,""type"":""string"",""value"":""HEL: Sorceress (healing wave)""}]}"
custom	A0A9	AIlx							air,enemies,ground,ward					"{""wurs"":[{""level"":0,""column"":0,""type"":""int"",""value"":42}],""Idam"":[{""level"":1,""column"":1,""type"":""unreal"",""value"":0}],""Iob2"":[{""level"":1,""column"":2,""type"":""unreal"",""value"":25}],""Iob3"":[{""level"":1,""column"":3,""type"":""unreal"",""value"":25}],""Iob4"":[{""level"":1,""column"":4,""type"":""unreal"",""value"":25}],""aite"":[{""level"":0,""column"":0,""type"":""int"",""value"":0}],""amho"":[{""level"":0,""column"":0,""type"":""int"",""value"":0}],""arac"":[{""level"":0,""column"":0,""type"":""string"",""value"":""human""}],""atar"":[{""level"":1,""column"":0,""type"":""string"",""value"":""air,enemies,ground,ward""}],""Iobu"":[{""level"":1,""column"":0,""type"":""string"",""value"":""A0AA""}],""amat"":[{""level"":0,""column"":0,""type"":""string"",""value"":""Abilities\\Weapons\\SorceressMissile\\SorceressMissile.mdl""}],""asat"":[{""level"":0,""column"":0,""type"":""string"",""value"":""""}],""aspt"":[{""level"":0,""column"":0,""type"":""string"",""value"":""""}],""atat"":[{""level"":0,""column"":0,""type"":""string"",""value"":""""}],""ata0"":[{""level"":0,""column"":0,""type"":""string"",""value"":""""}]}"
custom	A0AA	ACcl			9999	99		400	air,enemies,ground,neutral					"{""wurs"":[{""level"":0,""column"":0,""type"":""int"",""value"":42}],""aare"":[{""level"":1,""column"":0,""type"":""unreal"",""value"":400}],""acdn"":[{""level"":1,""column"":0,""type"":""unreal"",""value"":99}],""amcs"":[{""level"":1,""column"":0,""type"":""int"",""value"":9999}],""Ocl1"":[{""level"":1,""column"":1,""type"":""unreal"",""value"":150}],""Ocl2"":[{""level"":1,""column"":2,""type"":""int"",""value"":2}],""Ocl3"":[{""level"":1,""column"":3,""type"":""unreal"",""value"":0.3}],""arac"":[{""level"":0,""column"":0,""type"":""string"",""value"":""human""}],""atar"":[{""level"":1,""column"":0,""type"":""string"",""value"":""air,enemies,ground,neutral""}]}"
custom	A0AB	Acri			9999	99			air,enemies,ground,neutral,ward	B00R				"{""wurs"":[{""level"":0,""column"":0,""type"":""int"",""value"":42}],""abuf"":[{""level"":1,""column"":0,""type"":""string"",""value"":""B00R""}],""acdn"":[{""level"":1,""column"":0,""type"":""unreal"",""value"":99}],""amcs"":[{""level"":1,""column"":0,""type"":""int"",""value"":9999}],""Cri1"":[{""level"":1,""column"":1,""type"":""unreal"",""value"":0}],""Cri2"":[{""level"":1,""column"":2,""type"":""unreal"",""value"":0}],""Cri3"":[{""level"":1,""column"":3,""type"":""unreal"",""value"":1}],""adur"":[{""level"":1,""column"":0,""type"":""unreal"",""value"":20}],""ahdu"":[{""level"":1,""column"":0,""type"":""unreal"",""value"":5}],""arac"":[{""level"":0,""column"":0,""type"":""string"",""value"":""human""}],""areq"":[{""level"":0,""column"":0,""type"":""string"",""value"":""""}],""atar"":[{""level"":1,""column"":0,""type"":""string"",""value"":""air,enemies,ground,neutral,ward""}],""aart"":[{""level"":0,""column"":0,""type"":""string"",""value"":""ReplaceableTextures\\CommandButtons\\BTNCorruptedEnt.blp""}]}"
custom	A0AC	AIll												"{""wurs"":[{""level"":0,""column"":0,""type"":""int"",""value"":42}],""Idam"":[{""level"":1,""column"":1,""type"":""unreal"",""value"":0}],""Iob2"":[{""level"":1,""column"":2,""type"":""unreal"",""value"":100}],""Iob3"":[{""level"":1,""column"":3,""type"":""unreal"",""value"":100}],""Iob4"":[{""level"":1,""column"":4,""type"":""unreal"",""value"":100}],""aite"":[{""level"":0,""column"":0,""type"":""int"",""value"":0}],""arac"":[{""level"":0,""column"":0,""type"":""string"",""value"":""human""}],""Iobu"":[{""level"":1,""column"":0,""type"":""string"",""value"":""A0AB""}],""aart"":[{""level"":0,""column"":0,""type"":""string"",""value"":""ReplaceableTextures\\CommandButtons\\BTNCorruptedEnt.blp""}],""amat"":[{""level"":0,""column"":0,""type"":""string"",""value"":""""}],""asat"":[{""level"":0,""column"":0,""type"":""string"",""value"":""""}],""aspt"":[{""level"":0,""column"":0,""type"":""string"",""value"":""weapon""}],""atat"":[{""level"":0,""column"":0,""type"":""string"",""value"":""Abilities\\Spells\\Items\\OrbDarkness\\OrbDarkness.mdl""}]}"
custom	A0AD	ACce						225						"{""wurs"":[{""level"":0,""column"":0,""type"":""int"",""value"":42}],""aare"":[{""level"":1,""column"":0,""type"":""unreal"",""value"":225}],""nca1"":[{""level"":1,""column"":1,""type"":""unreal"",""value"":0.4}],""arac"":[{""level"":0,""column"":0,""type"":""string"",""value"":""human""}]}"
custom	A0AE	ACpa			9999	99	400		enemies,ground,nonhero,vulnerable	B01T				"{""wurs"":[{""level"":0,""column"":0,""type"":""int"",""value"":42}],""abuf"":[{""level"":1,""column"":0,""type"":""string"",""value"":""B01T""}],""Npa6"":[{""level"":1,""column"":0,""type"":""unreal"",""value"":0.01}],""acdn"":[{""level"":1,""column"":0,""type"":""unreal"",""value"":99}],""amcs"":[{""level"":1,""column"":0,""type"":""int"",""value"":9999}],""Poi1"":[{""level"":1,""column"":1,""type"":""unreal"",""value"":0}],""Poi4"":[{""level"":1,""column"":4,""type"":""int"",""value"":0}],""adur"":[{""level"":1,""column"":0,""type"":""unreal"",""value"":0.01}],""ahdu"":[{""level"":1,""column"":0,""type"":""unreal"",""value"":0.01}],""arac"":[{""level"":0,""column"":0,""type"":""string"",""value"":""human""}],""aran"":[{""level"":1,""column"":0,""type"":""unreal"",""value"":400}],""atar"":[{""level"":1,""column"":0,""type"":""string"",""value"":""enemies,ground,nonhero,vulnerable""}],""ipmu"":[{""level"":1,""column"":0,""type"":""string"",""value"":""nfbr""}],""aani"":[{""level"":0,""column"":0,""type"":""string"",""value"":""death""}],""amat"":[{""level"":0,""column"":0,""type"":""string"",""value"":""""}]}"
custom	A0AF	ACmp			9999		1000		enemies,ground,neutral	B01S				"{""wurs"":[{""level"":0,""column"":0,""type"":""int"",""value"":42}],""abuf"":[{""level"":1,""column"":0,""type"":""string"",""value"":""B01S""}],""amcs"":[{""level"":1,""column"":0,""type"":""int"",""value"":9999}],""Uim1"":[{""level"":1,""column"":1,""type"":""unreal"",""value"":800}],""Uim3"":[{""level"":1,""column"":3,""type"":""unreal"",""value"":250}],""Uim4"":[{""level"":1,""column"":4,""type"":""unreal"",""value"":0.1}],""adur"":[{""level"":1,""column"":0,""type"":""unreal"",""value"":3.5}],""ahdu"":[{""level"":1,""column"":0,""type"":""unreal"",""value"":1.75}],""arac"":[{""level"":0,""column"":0,""type"":""string"",""value"":""human""}],""aran"":[{""level"":1,""column"":0,""type"":""unreal"",""value"":1000}],""atar"":[{""level"":1,""column"":0,""type"":""string"",""value"":""enemies,ground,neutral""}]}"
custom	A0AG	ACct												"{""wurs"":[{""level"":0,""column"":0,""type"":""int"",""value"":42}],""Ocr1"":[{""level"":1,""column"":1,""type"":""unreal"",""value"":15}],""arac"":[{""level"":0,""column"":0,""type"":""string"",""value"":""human""}]}"
custom	A0AH	AIsr	Spell Resist (legendary)											"{""wurs"":[{""level"":0,""column"":0,""type"":""int"",""value"":42}],""isr2"":[{""level"":1,""column"":2,""type"":""unreal"",""value"":0.7}],""aite"":[{""level"":0,""column"":0,""type"":""int"",""value"":0}],""arac"":[{""level"":0,""column"":0,""type"":""string"",""value"":""human""}],""anam"":[{""level"":0,""column"":0,""type"":""string"",""value"":""Spell Resist (legendary)""}],""ansf"":[{""level"":0,""column"":0,""type"":""string"",""value"":""(70%)""}]}"
custom	A0AI	AIsr												"{""wurs"":[{""level"":0,""column"":0,""type"":""int"",""value"":42}],""isr2"":[{""level"":1,""column"":2,""type"":""unreal"",""value"":0.9}],""aite"":[{""level"":0,""column"":0,""type"":""int"",""value"":0}],""arac"":[{""level"":0,""column"":0,""type"":""string"",""value"":""human""}],""ansf"":[{""level"":0,""column"":0,""type"":""string"",""value"":""(90%)""}]}"
custom	A0AJ	Aspi												"{""wurs"":[{""level"":0,""column"":0,""type"":""int"",""value"":42}],""arac"":[{""level"":0,""column"":0,""type"":""string"",""value"":""human""}],""atat"":[{""level"":0,""column"":0,""type"":""string"",""value"":""Abilities\\Weapons\\CannonTowerMissile\\CannonTowerMissile.mdl""}],""ata0"":[{""level"":0,""column"":0,""type"":""string"",""value"":""weapon""}],""atac"":[{""level"":0,""column"":0,""type"":""int"",""value"":1}]}"
custom	A0AK	AHtb	NOR: Chilling Mushroom	1	9999	99	99999		air,debris,enemies,neutral	B00X				"{""wurs"":[{""level"":0,""column"":0,""type"":""int"",""value"":42}],""abuf"":[{""level"":1,""column"":0,""type"":""string"",""value"":""B00X""}],""acdn"":[{""level"":1,""column"":0,""type"":""unreal"",""value"":99}],""amcs"":[{""level"":1,""column"":0,""type"":""int"",""value"":9999}],""Htb1"":[{""level"":1,""column"":1,""type"":""unreal"",""value"":200}],""aher"":[{""level"":0,""column"":0,""type"":""int"",""value"":0}],""ahdu"":[{""level"":1,""column"":0,""type"":""unreal"",""value"":2.5}],""alev"":[{""level"":0,""column"":0,""type"":""int"",""value"":1}],""amsp"":[{""level"":0,""column"":0,""type"":""int"",""value"":4500}],""arac"":[{""level"":0,""column"":0,""type"":""string"",""value"":""orc""}],""aran"":[{""level"":1,""column"":0,""type"":""unreal"",""value"":99999}],""atar"":[{""level"":1,""column"":0,""type"":""string"",""value"":""air,debris,enemies,neutral""}],""adur"":[{""level"":1,""column"":0,""type"":""unreal"",""value"":2.5}],""amac"":[{""level"":0,""column"":0,""type"":""unreal"",""value"":0.1}],""amat"":[{""level"":0,""column"":0,""type"":""string"",""value"":""Abilities\\Spells\\Other\\FrostBolt\\FrostBoltMissile.mdl""}],""anam"":[{""level"":0,""column"":0,""type"":""string"",""value"":""NOR: Chilling Mushroom""}]}"
custom	A0AL	AIsr	HEL: Blademaster (spell resist)											"{""wurs"":[{""level"":0,""column"":0,""type"":""int"",""value"":42}],""isr2"":[{""level"":1,""column"":2,""type"":""unreal"",""value"":0.15}],""aite"":[{""level"":0,""column"":0,""type"":""int"",""value"":0}],""arac"":[{""level"":0,""column"":0,""type"":""string"",""value"":""human""}],""anam"":[{""level"":0,""column"":0,""type"":""string"",""value"":""HEL: Blademaster (spell resist)""}]}"
custom	A0AN	AIsr	HEL: Elder Blademaster (spell resist)											"{""wurs"":[{""level"":0,""column"":0,""type"":""int"",""value"":42}],""isr2"":[{""level"":1,""column"":2,""type"":""unreal"",""value"":0.25}],""aite"":[{""level"":0,""column"":0,""type"":""int"",""value"":0}],""arac"":[{""level"":0,""column"":0,""type"":""string"",""value"":""human""}],""anam"":[{""level"":0,""column"":0,""type"":""string"",""value"":""HEL: Elder Blademaster (spell resist)""}],""ansf"":[{""level"":0,""column"":0,""type"":""string"",""value"":""25%""}]}"
custom	A0AO	Aven	NAT: Black Spider (slow poison)							B00G				"{""wurs"":[{""level"":0,""column"":0,""type"":""int"",""value"":42}],""abuf"":[{""level"":1,""column"":0,""type"":""string"",""value"":""B00G""}],""Poi1"":[{""level"":1,""column"":1,""type"":""unreal"",""value"":5}],""Poi3"":[{""level"":1,""column"":3,""type"":""unreal"",""value"":0.1}],""adur"":[{""level"":1,""column"":0,""type"":""unreal"",""value"":10}],""ahdu"":[{""level"":1,""column"":0,""type"":""unreal"",""value"":10}],""areq"":[{""level"":0,""column"":0,""type"":""string"",""value"":""""}],""anam"":[{""level"":0,""column"":0,""type"":""string"",""value"":""NAT: Black Spider (slow poison)""}]}"
custom	A0AP	Aven	NAT: Giant Spider (slow poison)							B00G				"{""wurs"":[{""level"":0,""column"":0,""type"":""int"",""value"":42}],""abuf"":[{""level"":1,""column"":0,""type"":""string"",""value"":""B00G""}],""Poi1"":[{""level"":1,""column"":1,""type"":""unreal"",""value"":8}],""Poi3"":[{""level"":1,""column"":3,""type"":""unreal"",""value"":0.15}],""adur"":[{""level"":1,""column"":0,""type"":""unreal"",""value"":10}],""ahdu"":[{""level"":1,""column"":0,""type"":""unreal"",""value"":10}],""areq"":[{""level"":0,""column"":0,""type"":""string"",""value"":""""}],""anam"":[{""level"":0,""column"":0,""type"":""string"",""value"":""NAT: Giant Spider (slow poison)""}]}"
custom	A0AQ	Aspy	NAT: Giant Spider (spawn forest spiders)											"{""wurs"":[{""level"":0,""column"":0,""type"":""int"",""value"":42}],""Sod2"":[{""level"":1,""column"":2,""type"":""string"",""value"":""n00T""}],""anam"":[{""level"":0,""column"":0,""type"":""string"",""value"":""NAT: Giant Spider (spawn forest spiders)""}]}"
custom	A0AR	Aweb	NAT: Giant Spider (Web)			99	450		ground,air,enemy,neutral					"{""wurs"":[{""level"":0,""column"":0,""type"":""int"",""value"":42}],""acdn"":[{""level"":1,""column"":0,""type"":""unreal"",""value"":99}],""adur"":[{""level"":1,""column"":0,""type"":""unreal"",""value"":10}],""ahdu"":[{""level"":1,""column"":0,""type"":""unreal"",""value"":10}],""arac"":[{""level"":0,""column"":0,""type"":""string"",""value"":""orc""}],""areq"":[{""level"":0,""column"":0,""type"":""string"",""value"":""""}],""aran"":[{""level"":1,""column"":0,""type"":""unreal"",""value"":450}],""atar"":[{""level"":1,""column"":0,""type"":""string"",""value"":""ground,air,enemy,neutral""}],""anam"":[{""level"":0,""column"":0,""type"":""string"",""value"":""NAT: Giant Spider (Web)""}]}"
custom	A0AS	Aweb	NAT: Brood Mother (Web)			99	450		ground,air,enemy,neutral					"{""wurs"":[{""level"":0,""column"":0,""type"":""int"",""value"":42}],""acdn"":[{""level"":1,""column"":0,""type"":""unreal"",""value"":99}],""ahdu"":[{""level"":1,""column"":0,""type"":""unreal"",""value"":12}],""arac"":[{""level"":0,""column"":0,""type"":""string"",""value"":""orc""}],""areq"":[{""level"":0,""column"":0,""type"":""string"",""value"":""""}],""aran"":[{""level"":1,""column"":0,""type"":""unreal"",""value"":450}],""atar"":[{""level"":1,""column"":0,""type"":""string"",""value"":""ground,air,enemy,neutral""}],""anam"":[{""level"":0,""column"":0,""type"":""string"",""value"":""NAT: Brood Mother (Web)""}]}"
custom	A0AT	Aven	NAT: Brood Mother (slow poison)											"{""wurs"":[{""level"":0,""column"":0,""type"":""int"",""value"":42}],""Poi1"":[{""level"":1,""column"":1,""type"":""unreal"",""value"":32}],""Poi3"":[{""level"":1,""column"":3,""type"":""unreal"",""value"":0.25}],""adur"":[{""level"":1,""column"":0,""type"":""unreal"",""value"":10}],""ahdu"":[{""level"":1,""column"":0,""type"":""unreal"",""value"":10}],""areq"":[{""level"":0,""column"":0,""type"":""string"",""value"":""""}],""anam"":[{""level"":0,""column"":0,""type"":""string"",""value"":""NAT: Brood Mother (slow poison)""}]}"
custom	A0AU	Aspy	NAT: Brood Mother (spawn giant spiders)											"{""wurs"":[{""level"":0,""column"":0,""type"":""int"",""value"":42}],""Sod1"":[{""level"":1,""column"":1,""type"":""int"",""value"":1}],""Sod2"":[{""level"":1,""column"":2,""type"":""string"",""value"":""n01N""}],""anam"":[{""level"":0,""column"":0,""type"":""string"",""value"":""NAT: Brood Mother (spawn giant spiders)""}]}"
custom	A0AV	ACpa	NAT: Brood Mother (infest)			99	500			B022				"{""wurs"":[{""level"":0,""column"":0,""type"":""int"",""value"":42}],""abuf"":[{""level"":1,""column"":0,""type"":""string"",""value"":""B022""}],""Npa6"":[{""level"":1,""column"":0,""type"":""unreal"",""value"":0}],""acdn"":[{""level"":1,""column"":0,""type"":""unreal"",""value"":99}],""Poi1"":[{""level"":1,""column"":1,""type"":""unreal"",""value"":20}],""Npa5"":[{""level"":1,""column"":5,""type"":""int"",""value"":2}],""adur"":[{""level"":1,""column"":0,""type"":""unreal"",""value"":10}],""ahdu"":[{""level"":1,""column"":0,""type"":""unreal"",""value"":10}],""aran"":[{""level"":1,""column"":0,""type"":""unreal"",""value"":500}],""ipmu"":[{""level"":1,""column"":0,""type"":""string"",""value"":""n00T""}],""anam"":[{""level"":0,""column"":0,""type"":""string"",""value"":""NAT: Brood Mother (infest)""}]}"
custom	A0AW	Arej	NAT: Furbolg Shaman (rejuvenation)		9999	99	800							"{""wurs"":[{""level"":0,""column"":0,""type"":""int"",""value"":42}],""acdn"":[{""level"":1,""column"":0,""type"":""unreal"",""value"":99}],""amcs"":[{""level"":1,""column"":0,""type"":""int"",""value"":9999}],""Rej1"":[{""level"":1,""column"":1,""type"":""unreal"",""value"":200}],""adur"":[{""level"":1,""column"":0,""type"":""unreal"",""value"":10}],""ahdu"":[{""level"":1,""column"":0,""type"":""unreal"",""value"":10}],""arac"":[{""level"":0,""column"":0,""type"":""string"",""value"":""orc""}],""areq"":[{""level"":0,""column"":0,""type"":""string"",""value"":""""}],""aran"":[{""level"":1,""column"":0,""type"":""unreal"",""value"":800}],""anam"":[{""level"":0,""column"":0,""type"":""string"",""value"":""NAT: Furbolg Shaman (rejuvenation)""}]}"
custom	A0AX	Arej	NAT: Furbolg Elder Shaman (rejuvenation)		9999	99	800							"{""wurs"":[{""level"":0,""column"":0,""type"":""int"",""value"":42}],""acdn"":[{""level"":1,""column"":0,""type"":""unreal"",""value"":99}],""amcs"":[{""level"":1,""column"":0,""type"":""int"",""value"":9999}],""adur"":[{""level"":1,""column"":0,""type"":""unreal"",""value"":10}],""ahdu"":[{""level"":1,""column"":0,""type"":""unreal"",""value"":10}],""arac"":[{""level"":0,""column"":0,""type"":""string"",""value"":""orc""}],""areq"":[{""level"":0,""column"":0,""type"":""string"",""value"":""""}],""aran"":[{""level"":1,""column"":0,""type"":""unreal"",""value"":800}],""anam"":[{""level"":0,""column"":0,""type"":""string"",""value"":""NAT: Furbolg Elder Shaman (rejuvenation)""}]}"
custom	A0AY	AIsr	NAT: Dryad (spell resist)											"{""wurs"":[{""level"":0,""column"":0,""type"":""int"",""value"":42}],""isr2"":[{""level"":1,""column"":2,""type"":""unreal"",""value"":0.15}],""aite"":[{""level"":0,""column"":0,""type"":""int"",""value"":0}],""arac"":[{""level"":0,""column"":0,""type"":""string"",""value"":""human""}],""anam"":[{""level"":0,""column"":0,""type"":""string"",""value"":""NAT: Dryad (spell resist)""}]}"
custom	A0AZ	AIsr	NAT: Keeper of the Groove (spell resist)											"{""wurs"":[{""level"":0,""column"":0,""type"":""int"",""value"":42}],""isr2"":[{""level"":1,""column"":2,""type"":""unreal"",""value"":0.2}],""aite"":[{""level"":0,""column"":0,""type"":""int"",""value"":0}],""arac"":[{""level"":0,""column"":0,""type"":""string"",""value"":""human""}],""anam"":[{""level"":0,""column"":0,""type"":""string"",""value"":""NAT: Keeper of the Groove (spell resist)""}],""ansf"":[{""level"":0,""column"":0,""type"":""string"",""value"":""20%""}]}"
custom	A0B0	ACua	NAT: Ancient Keeper (natures aura)					350	air,friend,ground,invulnerable,self,sapper,vulnerable	B024				"{""wurs"":[{""level"":0,""column"":0,""type"":""int"",""value"":42}],""aare"":[{""level"":1,""column"":0,""type"":""unreal"",""value"":350}],""abuf"":[{""level"":1,""column"":0,""type"":""string"",""value"":""B024""}],""Uau1"":[{""level"":1,""column"":1,""type"":""unreal"",""value"":0}],""Uau2"":[{""level"":1,""column"":2,""type"":""unreal"",""value"":15}],""atar"":[{""level"":1,""column"":0,""type"":""string"",""value"":""air,friend,ground,invulnerable,self,sapper,vulnerable""}],""anam"":[{""level"":0,""column"":0,""type"":""string"",""value"":""NAT: Ancient Keeper (natures aura)""}],""atat"":[{""level"":0,""column"":0,""type"":""string"",""value"":""mdx\\aura\\ConvictionAura.mdx""}]}"
custom	A0B1	ACbh	NAT: Bear (bash)											"{""wurs"":[{""level"":0,""column"":0,""type"":""int"",""value"":42}],""Hbh3"":[{""level"":1,""column"":3,""type"":""unreal"",""value"":50}],""adur"":[{""level"":1,""column"":0,""type"":""unreal"",""value"":0.5}],""ahdu"":[{""level"":1,""column"":0,""type"":""unreal"",""value"":0.5}],""anam"":[{""level"":0,""column"":0,""type"":""string"",""value"":""NAT: Bear (bash)""}]}"
custom	A0B2	ACbh	NAT: Ancient Bear (bash)											"{""wurs"":[{""level"":0,""column"":0,""type"":""int"",""value"":42}],""Hbh1"":[{""level"":1,""column"":1,""type"":""unreal"",""value"":30}],""Hbh3"":[{""level"":1,""column"":3,""type"":""unreal"",""value"":65}],""adur"":[{""level"":1,""column"":0,""type"":""unreal"",""value"":1}],""ahdu"":[{""level"":1,""column"":0,""type"":""unreal"",""value"":1}],""anam"":[{""level"":0,""column"":0,""type"":""string"",""value"":""NAT: Ancient Bear (bash)""}]}"
custom	A0B3	ACct	NAT: Bear (critical strike)											"{""wurs"":[{""level"":0,""column"":0,""type"":""int"",""value"":42}],""anam"":[{""level"":0,""column"":0,""type"":""string"",""value"":""NAT: Bear (critical strike)""}]}"
custom	A0B4	ACct	NAT: Ancient Bear (critical strike)											"{""wurs"":[{""level"":0,""column"":0,""type"":""int"",""value"":42}],""Ocr1"":[{""level"":1,""column"":1,""type"":""unreal"",""value"":30}],""anam"":[{""level"":0,""column"":0,""type"":""string"",""value"":""NAT: Ancient Bear (critical strike)""}]}"
custom	A0B5	ACbb			9999					Bfzy				"{""wurs"":[{""level"":0,""column"":0,""type"":""int"",""value"":42}],""abuf"":[{""level"":1,""column"":0,""type"":""string"",""value"":""Bfzy""}],""amcs"":[{""level"":1,""column"":0,""type"":""int"",""value"":9999}],""Blo1"":[{""level"":1,""column"":1,""type"":""unreal"",""value"":0.2}],""Blo2"":[{""level"":1,""column"":2,""type"":""unreal"",""value"":0}],""Blo3"":[{""level"":1,""column"":3,""type"":""unreal"",""value"":0.2}],""adur"":[{""level"":1,""column"":0,""type"":""unreal"",""value"":10}],""aefs"":[{""level"":0,""column"":0,""type"":""string"",""value"":""DruidOfTheClawMorphedYesAttack""}]}"
custom	A0B6	ACbb			9999					Bfzy				"{""wurs"":[{""level"":0,""column"":0,""type"":""int"",""value"":42}],""abuf"":[{""level"":1,""column"":0,""type"":""string"",""value"":""Bfzy""}],""amcs"":[{""level"":1,""column"":0,""type"":""int"",""value"":9999}],""Blo1"":[{""level"":1,""column"":1,""type"":""unreal"",""value"":0.3}],""Blo2"":[{""level"":1,""column"":2,""type"":""unreal"",""value"":0}],""Blo3"":[{""level"":1,""column"":3,""type"":""unreal"",""value"":0.2}],""adur"":[{""level"":1,""column"":0,""type"":""unreal"",""value"":10}],""aefs"":[{""level"":0,""column"":0,""type"":""string"",""value"":""DruidOfTheClawMorphedYesAttack""}]}"
custom	A0B7	Ainf	NAT: Bear (feral rage)		9999	99	800			B025				"{""wurs"":[{""level"":0,""column"":0,""type"":""int"",""value"":42}],""abuf"":[{""level"":1,""column"":0,""type"":""string"",""value"":""B025""}],""acdn"":[{""level"":1,""column"":0,""type"":""unreal"",""value"":99}],""amcs"":[{""level"":1,""column"":0,""type"":""int"",""value"":9999}],""Inf1"":[{""level"":1,""column"":1,""type"":""unreal"",""value"":0.2}],""Inf2"":[{""level"":1,""column"":2,""type"":""int"",""value"":0}],""Inf3"":[{""level"":1,""column"":3,""type"":""unreal"",""value"":0}],""adur"":[{""level"":1,""column"":0,""type"":""unreal"",""value"":10}],""ahdu"":[{""level"":1,""column"":0,""type"":""unreal"",""value"":10}],""areq"":[{""level"":0,""column"":0,""type"":""string"",""value"":""""}],""arqa"":[{""level"":0,""column"":0,""type"":""string"",""value"":""""}],""aran"":[{""level"":1,""column"":0,""type"":""unreal"",""value"":800}],""aefs"":[{""level"":0,""column"":0,""type"":""string"",""value"":""""}],""anam"":[{""level"":0,""column"":0,""type"":""string"",""value"":""NAT: Bear (feral rage)""}]}"
custom	A0B8	Ainf	NAT: Ancient Bear (feral rage)		9999	99	800			B025				"{""wurs"":[{""level"":0,""column"":0,""type"":""int"",""value"":42}],""abuf"":[{""level"":1,""column"":0,""type"":""string"",""value"":""B025""}],""acdn"":[{""level"":1,""column"":0,""type"":""unreal"",""value"":99}],""amcs"":[{""level"":1,""column"":0,""type"":""int"",""value"":9999}],""Inf1"":[{""level"":1,""column"":1,""type"":""unreal"",""value"":0.3}],""Inf2"":[{""level"":1,""column"":2,""type"":""int"",""value"":0}],""Inf3"":[{""level"":1,""column"":3,""type"":""unreal"",""value"":0}],""adur"":[{""level"":1,""column"":0,""type"":""unreal"",""value"":10}],""ahdu"":[{""level"":1,""column"":0,""type"":""unreal"",""value"":10}],""areq"":[{""level"":0,""column"":0,""type"":""string"",""value"":""""}],""arqa"":[{""level"":0,""column"":0,""type"":""string"",""value"":""""}],""aran"":[{""level"":1,""column"":0,""type"":""unreal"",""value"":800}],""aefs"":[{""level"":0,""column"":0,""type"":""string"",""value"":""""}],""anam"":[{""level"":0,""column"":0,""type"":""string"",""value"":""NAT: Ancient Bear (feral rage)""}]}"
custom	A0B9	ANic	COR: Void Keeper (Incinerate)	1								Incinerate	Each attack onto the same target deals 7 damage more than the one before. If the target dies, it explodes dealing 80 spell damage to enemies in 90 AoE and half of the damage to units in 180 AoE	"{""wurs"":[{""level"":0,""column"":0,""type"":""int"",""value"":42}],""Nic1"":[{""level"":1,""column"":1,""type"":""unreal"",""value"":7}],""Nic2"":[{""level"":1,""column"":2,""type"":""unreal"",""value"":160}],""Nic3"":[{""level"":1,""column"":3,""type"":""unreal"",""value"":150}],""Nic4"":[{""level"":1,""column"":4,""type"":""unreal"",""value"":80}],""Nic5"":[{""level"":1,""column"":5,""type"":""unreal"",""value"":200}],""aher"":[{""level"":0,""column"":0,""type"":""int"",""value"":0}],""alev"":[{""level"":0,""column"":0,""type"":""int"",""value"":1}],""amac"":[{""level"":0,""column"":0,""type"":""unreal"",""value"":0}],""amat"":[{""level"":0,""column"":0,""type"":""string"",""value"":""Abilities\\Weapons\\VoidWalkerMissile\\VoidWalkerMissile.mdl""}],""anam"":[{""level"":0,""column"":0,""type"":""string"",""value"":""COR: Void Keeper (Incinerate)""}],""atp1"":[{""level"":1,""column"":0,""type"":""string"",""value"":""Incinerate""}],""aub1"":[{""level"":1,""column"":0,""type"":""string"",""value"":""Each attack onto the same target deals 7 damage more than the one before. If the target dies, it explodes dealing 80 spell damage to enemies in 90 AoE and half of the damage to units in 180 AoE""}]}"
custom	A0BA	Aven	NAT: Emerald Dragon (corrosive breath (poison))											"{""wurs"":[{""level"":0,""column"":0,""type"":""int"",""value"":42}],""Poi1"":[{""level"":1,""column"":1,""type"":""unreal"",""value"":10}],""adur"":[{""level"":1,""column"":0,""type"":""unreal"",""value"":10}],""ahdu"":[{""level"":1,""column"":0,""type"":""unreal"",""value"":10}],""areq"":[{""level"":0,""column"":0,""type"":""string"",""value"":""""}],""anam"":[{""level"":0,""column"":0,""type"":""string"",""value"":""NAT: Emerald Dragon (corrosive breath (poison))""}]}"
custom	A0BB	AIcb	NAT: Emerald Dragon (armor reduce)	3					air,enemies,ground,ward	"[{""level"":2,""column"":0,""type"":""string"",""value"":""BIcb""},{""level"":3,""column"":0,""type"":""string"",""value"":""BIcb""}]"				"{""wurs"":[{""level"":0,""column"":0,""type"":""int"",""value"":42}],""abuf"":[{""level"":2,""column"":0,""type"":""string"",""value"":""BIcb""},{""level"":3,""column"":0,""type"":""string"",""value"":""BIcb""}],""Idic"":[{""level"":1,""column"":1,""type"":""int"",""value"":0}],""Iarp"":[{""level"":1,""column"":2,""type"":""int"",""value"":2},{""level"":2,""column"":2,""type"":""int"",""value"":4},{""level"":3,""column"":2,""type"":""int"",""value"":6}],""Iob5"":[{""level"":2,""column"":5,""type"":""int"",""value"":2},{""level"":3,""column"":5,""type"":""int"",""value"":2}],""adur"":[{""level"":1,""column"":0,""type"":""unreal"",""value"":2},{""level"":2,""column"":0,""type"":""unreal"",""value"":2},{""level"":3,""column"":0,""type"":""unreal"",""value"":2}],""ahdu"":[{""level"":1,""column"":0,""type"":""unreal"",""value"":2},{""level"":2,""column"":0,""type"":""unreal"",""value"":2},{""level"":3,""column"":0,""type"":""unreal"",""value"":2}],""aite"":[{""level"":0,""column"":0,""type"":""int"",""value"":0}],""alev"":[{""level"":0,""column"":0,""type"":""int"",""value"":3}],""atar"":[{""level"":1,""column"":0,""type"":""string"",""value"":""air,enemies,ground,ward""}],""anam"":[{""level"":0,""column"":0,""type"":""string"",""value"":""NAT: Emerald Dragon (armor reduce)""}]}"
custom	A0BC	Agra	NAT: Mounatin Giant (Grab Tree)			99	800							"{""wurs"":[{""level"":0,""column"":0,""type"":""int"",""value"":42}],""acdn"":[{""level"":1,""column"":0,""type"":""unreal"",""value"":99}],""gra2"":[{""level"":1,""column"":2,""type"":""unreal"",""value"":1.5}],""gra5"":[{""level"":1,""column"":5,""type"":""int"",""value"":10}],""aran"":[{""level"":1,""column"":0,""type"":""unreal"",""value"":800}],""anam"":[{""level"":0,""column"":0,""type"":""string"",""value"":""NAT: Mounatin Giant (Grab Tree)""}]}"
custom	A0BD	ANto	NAT: Ancient of Gale		9999	99	99999							"{""wurs"":[{""level"":0,""column"":0,""type"":""int"",""value"":42}],""acdn"":[{""level"":1,""column"":0,""type"":""unreal"",""value"":99}],""amcs"":[{""level"":1,""column"":0,""type"":""int"",""value"":9999}],""adur"":[{""level"":1,""column"":0,""type"":""unreal"",""value"":7}],""aher"":[{""level"":0,""column"":0,""type"":""int"",""value"":0}],""ahdu"":[{""level"":1,""column"":0,""type"":""unreal"",""value"":7}],""aran"":[{""level"":1,""column"":0,""type"":""unreal"",""value"":99999}],""Ntou"":[{""level"":1,""column"":0,""type"":""string"",""value"":""n02E""}],""anam"":[{""level"":0,""column"":0,""type"":""string"",""value"":""NAT: Ancient of Gale""}]}"
custom	A0BE	Assk	NAT: Mountain Giant (hardened skin)						air,enemies,ground					"{""wurs"":[{""level"":0,""column"":0,""type"":""int"",""value"":42}],""Ssk2"":[{""level"":1,""column"":2,""type"":""unreal"",""value"":5}],""Ssk3"":[{""level"":1,""column"":3,""type"":""unreal"",""value"":25}],""areq"":[{""level"":0,""column"":0,""type"":""string"",""value"":""""}],""atar"":[{""level"":1,""column"":0,""type"":""string"",""value"":""air,enemies,ground""}],""anam"":[{""level"":0,""column"":0,""type"":""string"",""value"":""NAT: Mountain Giant (hardened skin)""}]}"
custom	A0BF	AUts	NAT: Mountain Giant (damage reduce %)	1										"{""wurs"":[{""level"":0,""column"":0,""type"":""int"",""value"":42}],""abuf"":[{""level"":1,""column"":0,""type"":""string"",""value"":""""}],""Uts1"":[{""level"":1,""column"":1,""type"":""unreal"",""value"":0}],""Uts2"":[{""level"":1,""column"":2,""type"":""unreal"",""value"":0.8}],""Uts3"":[{""level"":1,""column"":3,""type"":""unreal"",""value"":0}],""aher"":[{""level"":0,""column"":0,""type"":""int"",""value"":0}],""alev"":[{""level"":0,""column"":0,""type"":""int"",""value"":1}],""anam"":[{""level"":0,""column"":0,""type"":""string"",""value"":""NAT: Mountain Giant (damage reduce %)""}]}"
custom	A0BG	ANcl		1										"{""wurs"":[{""level"":0,""column"":0,""type"":""int"",""value"":42}],""aher"":[{""level"":0,""column"":0,""type"":""int"",""value"":0}],""alev"":[{""level"":0,""column"":0,""type"":""int"",""value"":1}],""aord"":[{""level"":0,""column"":0,""type"":""string"",""value"":""roar""}],""arac"":[{""level"":0,""column"":0,""type"":""string"",""value"":""human""}]}"
custom	A0BH	ACpv	NAT: Mountain Giant (pulverize)						enemies,ground,neutral					"{""wurs"":[{""level"":0,""column"":0,""type"":""int"",""value"":42}],""War1"":[{""level"":1,""column"":1,""type"":""unreal"",""value"":30}],""War2"":[{""level"":1,""column"":2,""type"":""unreal"",""value"":200}],""War3"":[{""level"":1,""column"":3,""type"":""unreal"",""value"":175}],""War4"":[{""level"":1,""column"":4,""type"":""unreal"",""value"":0}],""arac"":[{""level"":0,""column"":0,""type"":""string"",""value"":""human""}],""atar"":[{""level"":1,""column"":0,""type"":""string"",""value"":""enemies,ground,neutral""}],""anam"":[{""level"":0,""column"":0,""type"":""string"",""value"":""NAT: Mountain Giant (pulverize)""}]}"
custom	A0BI	Atau	NAT: Mountain Giant (taunt)			99		350						"{""wurs"":[{""level"":0,""column"":0,""type"":""int"",""value"":42}],""aare"":[{""level"":1,""column"":0,""type"":""unreal"",""value"":350}],""acdn"":[{""level"":1,""column"":0,""type"":""unreal"",""value"":99}],""anam"":[{""level"":0,""column"":0,""type"":""string"",""value"":""NAT: Mountain Giant (taunt)""}]}"
custom	A0BJ	ACpa	NAT: Mountain Giant (taunt dummy)		9999	99	150		air,enemies,ground,sapper,ward	B019				"{""wurs"":[{""level"":0,""column"":0,""type"":""int"",""value"":42}],""abuf"":[{""level"":1,""column"":0,""type"":""string"",""value"":""B019""}],""Npa6"":[{""level"":1,""column"":0,""type"":""unreal"",""value"":0.01}],""acdn"":[{""level"":1,""column"":0,""type"":""unreal"",""value"":99}],""amcs"":[{""level"":1,""column"":0,""type"":""int"",""value"":9999}],""Poi1"":[{""level"":1,""column"":1,""type"":""unreal"",""value"":0}],""Poi4"":[{""level"":1,""column"":4,""type"":""int"",""value"":0}],""adur"":[{""level"":1,""column"":0,""type"":""unreal"",""value"":0.01}],""ahdu"":[{""level"":1,""column"":0,""type"":""unreal"",""value"":0.01}],""arac"":[{""level"":0,""column"":0,""type"":""string"",""value"":""human""}],""aran"":[{""level"":1,""column"":0,""type"":""unreal"",""value"":150}],""atar"":[{""level"":1,""column"":0,""type"":""string"",""value"":""air,enemies,ground,sapper,ward""}],""ipmu"":[{""level"":1,""column"":0,""type"":""string"",""value"":""nfbr""}],""amat"":[{""level"":0,""column"":0,""type"":""string"",""value"":""""}],""anam"":[{""level"":0,""column"":0,""type"":""string"",""value"":""NAT: Mountain Giant (taunt dummy)""}]}"
custom	A0BK	ANth	NAT: Treant (thorns)											"{""wurs"":[{""level"":0,""column"":0,""type"":""int"",""value"":42}],""Uts1"":[{""level"":1,""column"":1,""type"":""unreal"",""value"":0.1}],""arac"":[{""level"":0,""column"":0,""type"":""string"",""value"":""human""}],""anam"":[{""level"":0,""column"":0,""type"":""string"",""value"":""NAT: Treant (thorns)""}]}"
custom	A0BL	AHbn	NAT: Banish	1	9999		99999		air,enemies,ground					"{""wurs"":[{""level"":0,""column"":0,""type"":""int"",""value"":42}],""amcs"":[{""level"":1,""column"":0,""type"":""int"",""value"":9999}],""adur"":[{""level"":1,""column"":0,""type"":""unreal"",""value"":30}],""aher"":[{""level"":0,""column"":0,""type"":""int"",""value"":0}],""ahdu"":[{""level"":1,""column"":0,""type"":""unreal"",""value"":15}],""alev"":[{""level"":0,""column"":0,""type"":""int"",""value"":1}],""aran"":[{""level"":1,""column"":0,""type"":""unreal"",""value"":99999}],""atar"":[{""level"":1,""column"":0,""type"":""string"",""value"":""air,enemies,ground""}],""anam"":[{""level"":0,""column"":0,""type"":""string"",""value"":""NAT: Banish""}]}"
custom	A0BM	ACpa	NAT: Banish (dummy)		9999	99	99999		enemies,ground,invulnerable,mechanical,neutral,structure			Banish	"Turns an enemy unit ethereal. Ethereal creatures cannot attack, but they can cast spells and all heals and damage applied to them is amplified by |cff00ffff66%|r.
Lasts 30 seconds."	"{""wurs"":[{""level"":0,""column"":0,""type"":""int"",""value"":42}],""abuf"":[{""level"":1,""column"":0,""type"":""string"",""value"":""""}],""Npa6"":[{""level"":1,""column"":0,""type"":""unreal"",""value"":0.01}],""acdn"":[{""level"":1,""column"":0,""type"":""unreal"",""value"":99}],""amcs"":[{""level"":1,""column"":0,""type"":""int"",""value"":9999}],""Poi1"":[{""level"":1,""column"":1,""type"":""unreal"",""value"":0}],""Poi4"":[{""level"":1,""column"":4,""type"":""int"",""value"":0}],""adur"":[{""level"":1,""column"":0,""type"":""unreal"",""value"":0.01}],""arac"":[{""level"":0,""column"":0,""type"":""string"",""value"":""orc""}],""aran"":[{""level"":1,""column"":0,""type"":""unreal"",""value"":99999}],""atar"":[{""level"":1,""column"":0,""type"":""string"",""value"":""enemies,ground,invulnerable,mechanical,neutral,structure""}],""ipmu"":[{""level"":1,""column"":0,""type"":""string"",""value"":""nfbr""}],""aart"":[{""level"":0,""column"":0,""type"":""string"",""value"":""ReplaceableTextures\\CommandButtons\\BTNInvisibility.blp""}],""ahky"":[{""level"":0,""column"":0,""type"":""string"",""value"":""C""}],""amat"":[{""level"":0,""column"":0,""type"":""string"",""value"":""""}],""anam"":[{""level"":0,""column"":0,""type"":""string"",""value"":""NAT: Banish (dummy)""}],""atp1"":[{""level"":1,""column"":0,""type"":""string"",""value"":""Banish""}],""aub1"":[{""level"":1,""column"":0,""type"":""string"",""value"":""Turns an enemy unit ethereal. Ethereal creatures cannot attack, but they can cast spells and all heals and damage applied to them is amplified by |cff00ffff66%|r.\nLasts 30 seconds.""}],""auar"":[{""level"":0,""column"":0,""type"":""string"",""value"":""ReplaceableTextures\\CommandButtons\\BTNInvisibility.blp""}],""auhk"":[{""level"":0,""column"":0,""type"":""string"",""value"":""C""}]}"
custom	A0BN	AHbh	NAT: Ancient protector (bash)	1					air,enemies,ground			Bash		"{""wurs"":[{""level"":0,""column"":0,""type"":""int"",""value"":42}],""Hbh1"":[{""level"":1,""column"":1,""type"":""unreal"",""value"":25}],""Hbh3"":[{""level"":1,""column"":3,""type"":""unreal"",""value"":45}],""aher"":[{""level"":0,""column"":0,""type"":""int"",""value"":0}],""alev"":[{""level"":0,""column"":0,""type"":""int"",""value"":1}],""atar"":[{""level"":1,""column"":0,""type"":""string"",""value"":""air,enemies,ground""}],""abpx"":[{""level"":0,""column"":0,""type"":""int"",""value"":3}],""anam"":[{""level"":0,""column"":0,""type"":""string"",""value"":""NAT: Ancient protector (bash)""}],""atp1"":[{""level"":1,""column"":0,""type"":""string"",""value"":""Bash""}]}"
custom	A0BO	ACpa	NAT: Ancient of Gale (dummy)		9999	99	99999		enemies,ground,invulnerable,mechanical,neutral,structure			Cyclone	Slows enemies units attack and movement speed by 25% and deals 40 dps in 250 AoE for 7 seconds. Buildings take 50% of damage.|n|n|cffFFFF80Cooldown:|cffFFFF00 14 |rseconds	"{""wurs"":[{""level"":0,""column"":0,""type"":""int"",""value"":42}],""abuf"":[{""level"":1,""column"":0,""type"":""string"",""value"":""""}],""Npa6"":[{""level"":1,""column"":0,""type"":""unreal"",""value"":0.01}],""acdn"":[{""level"":1,""column"":0,""type"":""unreal"",""value"":99}],""amcs"":[{""level"":1,""column"":0,""type"":""int"",""value"":9999}],""Poi1"":[{""level"":1,""column"":1,""type"":""unreal"",""value"":0}],""Poi4"":[{""level"":1,""column"":4,""type"":""int"",""value"":0}],""adur"":[{""level"":1,""column"":0,""type"":""unreal"",""value"":0.01}],""arac"":[{""level"":0,""column"":0,""type"":""string"",""value"":""orc""}],""aran"":[{""level"":1,""column"":0,""type"":""unreal"",""value"":99999}],""atar"":[{""level"":1,""column"":0,""type"":""string"",""value"":""enemies,ground,invulnerable,mechanical,neutral,structure""}],""aani"":[{""level"":0,""column"":0,""type"":""string"",""value"":""Attack,Alternate""}],""aart"":[{""level"":0,""column"":0,""type"":""string"",""value"":""ReplaceableTextures\\CommandButtons\\BTNTornado.blp""}],""amat"":[{""level"":0,""column"":0,""type"":""string"",""value"":""""}],""anam"":[{""level"":0,""column"":0,""type"":""string"",""value"":""NAT: Ancient of Gale (dummy)""}],""atp1"":[{""level"":1,""column"":0,""type"":""string"",""value"":""Cyclone""}],""aub1"":[{""level"":1,""column"":0,""type"":""string"",""value"":""Slows enemies units attack and movement speed by 25% and deals 40 dps in 250 AoE for 7 seconds. Buildings take 50% of damage.|n|n|cffFFFF80Cooldown:|cffFFFF00 14 |rseconds""}],""auar"":[{""level"":0,""column"":0,""type"":""string"",""value"":""ReplaceableTextures\\CommandButtons\\BTNTornado.blp""}]}"
custom	A0BP	ACpa	NAT: Ancient of Gale (dummy, -na)		9999	99	99999		enemies,ground,invulnerable,mechanical,neutral			Cyclone	Slows enemies units attack and movement speed by 25% and deals 40 dps in 250 AoE for 7 seconds.|n|n|cffFFFF80Cooldown:|cffFFFF00 14 |rseconds	"{""wurs"":[{""level"":0,""column"":0,""type"":""int"",""value"":42}],""abuf"":[{""level"":1,""column"":0,""type"":""string"",""value"":""""}],""Npa6"":[{""level"":1,""column"":0,""type"":""unreal"",""value"":0.01}],""acdn"":[{""level"":1,""column"":0,""type"":""unreal"",""value"":99}],""amcs"":[{""level"":1,""column"":0,""type"":""int"",""value"":9999}],""Poi1"":[{""level"":1,""column"":1,""type"":""unreal"",""value"":0}],""Poi4"":[{""level"":1,""column"":4,""type"":""int"",""value"":0}],""adur"":[{""level"":1,""column"":0,""type"":""unreal"",""value"":0.01}],""arac"":[{""level"":0,""column"":0,""type"":""string"",""value"":""orc""}],""aran"":[{""level"":1,""column"":0,""type"":""unreal"",""value"":99999}],""atar"":[{""level"":1,""column"":0,""type"":""string"",""value"":""enemies,ground,invulnerable,mechanical,neutral""}],""aani"":[{""level"":0,""column"":0,""type"":""string"",""value"":""Attack,Alternate""}],""aart"":[{""level"":0,""column"":0,""type"":""string"",""value"":""ReplaceableTextures\\CommandButtons\\BTNTornado.blp""}],""amat"":[{""level"":0,""column"":0,""type"":""string"",""value"":""""}],""anam"":[{""level"":0,""column"":0,""type"":""string"",""value"":""NAT: Ancient of Gale (dummy, -na)""}],""atp1"":[{""level"":1,""column"":0,""type"":""string"",""value"":""Cyclone""}],""aub1"":[{""level"":1,""column"":0,""type"":""string"",""value"":""Slows enemies units attack and movement speed by 25% and deals 40 dps in 250 AoE for 7 seconds.|n|n|cffFFFF80Cooldown:|cffFFFF00 14 |rseconds""}],""auar"":[{""level"":0,""column"":0,""type"":""string"",""value"":""ReplaceableTextures\\CommandButtons\\BTNTornado.blp""}]}"
custom	A0BQ	ANto	NAT: Ancient of Gale (-na)		9999	99	99999							"{""wurs"":[{""level"":0,""column"":0,""type"":""int"",""value"":42}],""acdn"":[{""level"":1,""column"":0,""type"":""unreal"",""value"":99}],""amcs"":[{""level"":1,""column"":0,""type"":""int"",""value"":9999}],""adur"":[{""level"":1,""column"":0,""type"":""unreal"",""value"":7}],""aher"":[{""level"":0,""column"":0,""type"":""int"",""value"":0}],""ahdu"":[{""level"":1,""column"":0,""type"":""unreal"",""value"":7}],""aran"":[{""level"":1,""column"":0,""type"":""unreal"",""value"":99999}],""Ntou"":[{""level"":1,""column"":0,""type"":""string"",""value"":""n02F""}],""anam"":[{""level"":0,""column"":0,""type"":""string"",""value"":""NAT: Ancient of Gale (-na)""}]}"
custom	A0BR	AHab	NAT: Curse of Nature	1				99999	enemies	B020		Curse of Nature		"{""wurs"":[{""level"":0,""column"":0,""type"":""int"",""value"":42}],""aare"":[{""level"":1,""column"":0,""type"":""unreal"",""value"":99999}],""abuf"":[{""level"":1,""column"":0,""type"":""string"",""value"":""B020""}],""Hab1"":[{""level"":1,""column"":1,""type"":""unreal"",""value"":-0.5}],""aher"":[{""level"":0,""column"":0,""type"":""int"",""value"":0}],""alev"":[{""level"":0,""column"":0,""type"":""int"",""value"":1}],""atar"":[{""level"":1,""column"":0,""type"":""string"",""value"":""enemies""}],""anam"":[{""level"":0,""column"":0,""type"":""string"",""value"":""NAT: Curse of Nature""}],""atat"":[{""level"":0,""column"":0,""type"":""string"",""value"":""Abilities\\Spells\\Items\\OrbCorruption\\OrbCorruptionMissile.mdl""}],""ata0"":[{""level"":0,""column"":0,""type"":""string"",""value"":""overhead""}],""ata1"":[{""level"":0,""column"":0,""type"":""string"",""value"":""large""}],""atac"":[{""level"":0,""column"":0,""type"":""int"",""value"":2}],""atp1"":[{""level"":1,""column"":0,""type"":""string"",""value"":""Curse of Nature""}]}"
custom	A0BS	ACpa	NAT: Ancient of Wonders (dummy)		9999	99	99999		enemies,ground,invulnerable,mechanical,neutral,structure			Call of Nature	Summons forest spirits which attack enemy units with 50% chance to stun it and whenever a wisp dies it explodes dealing 150 |cff8080ffspell damage|r in 350 range|n|n|cffFFFF80Cooldown:|cffFFFF00 40 |rseconds	"{""wurs"":[{""level"":0,""column"":0,""type"":""int"",""value"":42}],""abuf"":[{""level"":1,""column"":0,""type"":""string"",""value"":""""}],""Npa6"":[{""level"":1,""column"":0,""type"":""unreal"",""value"":0.01}],""acdn"":[{""level"":1,""column"":0,""type"":""unreal"",""value"":99}],""amcs"":[{""level"":1,""column"":0,""type"":""int"",""value"":9999}],""Poi1"":[{""level"":1,""column"":1,""type"":""unreal"",""value"":0}],""Poi4"":[{""level"":1,""column"":4,""type"":""int"",""value"":0}],""adur"":[{""level"":1,""column"":0,""type"":""unreal"",""value"":0.01}],""arac"":[{""level"":0,""column"":0,""type"":""string"",""value"":""orc""}],""aran"":[{""level"":1,""column"":0,""type"":""unreal"",""value"":99999}],""atar"":[{""level"":1,""column"":0,""type"":""string"",""value"":""enemies,ground,invulnerable,mechanical,neutral,structure""}],""aart"":[{""level"":0,""column"":0,""type"":""string"",""value"":""ReplaceableTextures\\CommandButtons\\BTNReplenishHealth.blp""}],""amat"":[{""level"":0,""column"":0,""type"":""string"",""value"":""""}],""anam"":[{""level"":0,""column"":0,""type"":""string"",""value"":""NAT: Ancient of Wonders (dummy)""}],""atp1"":[{""level"":1,""column"":0,""type"":""string"",""value"":""Call of Nature""}],""aub1"":[{""level"":1,""column"":0,""type"":""string"",""value"":""Summons forest spirits which attack enemy units with 50% chance to stun it and whenever a wisp dies it explodes dealing 150 |cff8080ffspell damage|r in 350 range|n|n|cffFFFF80Cooldown:|cffFFFF00 40 |rseconds""}],""auar"":[{""level"":0,""column"":0,""type"":""string"",""value"":""ReplaceableTextures\\CommandButtons\\BTNReplenishHealth.blp""}]}"
custom	A0BT	Ahea	NAT: Keeper of the Groove (natures touch)		9999	99	450		air,friend,ground,invulnerable,neutral,nonancient,organic,self,vulnerable					"{""wurs"":[{""level"":0,""column"":0,""type"":""int"",""value"":42}],""acdn"":[{""level"":1,""column"":0,""type"":""unreal"",""value"":99}],""amcs"":[{""level"":1,""column"":0,""type"":""int"",""value"":9999}],""Hea1"":[{""level"":1,""column"":1,""type"":""unreal"",""value"":150}],""aran"":[{""level"":1,""column"":0,""type"":""unreal"",""value"":450}],""atar"":[{""level"":1,""column"":0,""type"":""string"",""value"":""air,friend,ground,invulnerable,neutral,nonancient,organic,self,vulnerable""}],""anam"":[{""level"":0,""column"":0,""type"":""string"",""value"":""NAT: Keeper of the Groove (natures touch)""}]}"
custom	A0BU	AOsf	NAT: Keeper of the Grove (summon treants)	1	9999	99				B021				"{""wurs"":[{""level"":0,""column"":0,""type"":""int"",""value"":42}],""abuf"":[{""level"":1,""column"":0,""type"":""string"",""value"":""B021""}],""acdn"":[{""level"":1,""column"":0,""type"":""unreal"",""value"":99}],""amcs"":[{""level"":1,""column"":0,""type"":""int"",""value"":9999}],""adur"":[{""level"":1,""column"":0,""type"":""unreal"",""value"":45}],""aher"":[{""level"":0,""column"":0,""type"":""int"",""value"":0}],""ahdu"":[{""level"":1,""column"":0,""type"":""unreal"",""value"":45}],""alev"":[{""level"":0,""column"":0,""type"":""int"",""value"":1}],""arac"":[{""level"":0,""column"":0,""type"":""string"",""value"":""human""}],""Osf1"":[{""level"":1,""column"":0,""type"":""string"",""value"":""e00D""}],""anam"":[{""level"":0,""column"":0,""type"":""string"",""value"":""NAT: Keeper of the Grove (summon treants)""}],""asat"":[{""level"":0,""column"":0,""type"":""string"",""value"":""Objects\\Spawnmodels\\NightElf\\EntBirthTarget\\EntBirthTarget.mdl""}]}"
custom	A0BV	Arsk	NAT: Ancient Keeper (spell immune)											"{""wurs"":[{""level"":0,""column"":0,""type"":""int"",""value"":42}],""aite"":[{""level"":0,""column"":0,""type"":""int"",""value"":0}],""arac"":[{""level"":0,""column"":0,""type"":""string"",""value"":""human""}],""anam"":[{""level"":0,""column"":0,""type"":""string"",""value"":""NAT: Ancient Keeper (spell immune)""}]}"
custom	A0BW	ACev	NAT: Ancient Keeper (incorporeal)											"{""wurs"":[{""level"":0,""column"":0,""type"":""int"",""value"":42}],""Eev1"":[{""level"":1,""column"":1,""type"":""unreal"",""value"":0.25}],""arac"":[{""level"":0,""column"":0,""type"":""string"",""value"":""orc""}],""anam"":[{""level"":0,""column"":0,""type"":""string"",""value"":""NAT: Ancient Keeper (incorporeal)""}]}"
custom	A0BX	ACpa	NAT: Ancient Keeper (treants sprout)		9999	99	400		enemies,ground,neutral	B019				"{""wurs"":[{""level"":0,""column"":0,""type"":""int"",""value"":42}],""abuf"":[{""level"":1,""column"":0,""type"":""string"",""value"":""B019""}],""Npa6"":[{""level"":1,""column"":0,""type"":""unreal"",""value"":0.01}],""acdn"":[{""level"":1,""column"":0,""type"":""unreal"",""value"":99}],""amcs"":[{""level"":1,""column"":0,""type"":""int"",""value"":9999}],""Poi1"":[{""level"":1,""column"":1,""type"":""unreal"",""value"":0}],""Poi4"":[{""level"":1,""column"":4,""type"":""int"",""value"":0}],""adur"":[{""level"":1,""column"":0,""type"":""unreal"",""value"":0.01}],""ahdu"":[{""level"":1,""column"":0,""type"":""unreal"",""value"":0.01}],""arac"":[{""level"":0,""column"":0,""type"":""string"",""value"":""human""}],""aran"":[{""level"":1,""column"":0,""type"":""unreal"",""value"":400}],""atar"":[{""level"":1,""column"":0,""type"":""string"",""value"":""enemies,ground,neutral""}],""ipmu"":[{""level"":1,""column"":0,""type"":""string"",""value"":""nfbr""}],""amat"":[{""level"":0,""column"":0,""type"":""string"",""value"":""""}],""anam"":[{""level"":0,""column"":0,""type"":""string"",""value"":""NAT: Ancient Keeper (treants sprout)""}]}"
custom	A0BY	ACce	NAT: Bear (cleaving attack)											"{""wurs"":[{""level"":0,""column"":0,""type"":""int"",""value"":42}],""nca1"":[{""level"":1,""column"":1,""type"":""unreal"",""value"":0.3}],""arac"":[{""level"":0,""column"":0,""type"":""string"",""value"":""human""}],""anam"":[{""level"":0,""column"":0,""type"":""string"",""value"":""NAT: Bear (cleaving attack)""}]}"
custom	A0BZ	ACce	NAT: Ancient Bear (cleaving attack)					175						"{""wurs"":[{""level"":0,""column"":0,""type"":""int"",""value"":42}],""aare"":[{""level"":1,""column"":0,""type"":""unreal"",""value"":175}],""nca1"":[{""level"":1,""column"":1,""type"":""unreal"",""value"":0.35}],""arac"":[{""level"":0,""column"":0,""type"":""string"",""value"":""human""}],""anam"":[{""level"":0,""column"":0,""type"":""string"",""value"":""NAT: Ancient Bear (cleaving attack)""}]}"
custom	A0C0	Ahea	NAT: Furbolg Shaman (rejuvenation (dummy))		9999	99			air,friend,ground,invulnerable,neutral,nonancient,organic,self,vulnerable					"{""wurs"":[{""level"":0,""column"":0,""type"":""int"",""value"":42}],""acdn"":[{""level"":1,""column"":0,""type"":""unreal"",""value"":99}],""amcs"":[{""level"":1,""column"":0,""type"":""int"",""value"":9999}],""Hea1"":[{""level"":1,""column"":1,""type"":""unreal"",""value"":0.01}],""atar"":[{""level"":1,""column"":0,""type"":""string"",""value"":""air,friend,ground,invulnerable,neutral,nonancient,organic,self,vulnerable""}],""anam"":[{""level"":0,""column"":0,""type"":""string"",""value"":""NAT: Furbolg Shaman (rejuvenation (dummy))""}]}"
custom	A0C1	Ahea	NAT: Furbolg Elder Shaman (rejuvenation (dummy))		9999	99			air,friend,ground,invulnerable,neutral,nonancient,organic,self,vulnerable					"{""wurs"":[{""level"":0,""column"":0,""type"":""int"",""value"":42}],""acdn"":[{""level"":1,""column"":0,""type"":""unreal"",""value"":99}],""amcs"":[{""level"":1,""column"":0,""type"":""int"",""value"":9999}],""Hea1"":[{""level"":1,""column"":1,""type"":""unreal"",""value"":0.01}],""atar"":[{""level"":1,""column"":0,""type"":""string"",""value"":""air,friend,ground,invulnerable,neutral,nonancient,organic,self,vulnerable""}],""anam"":[{""level"":0,""column"":0,""type"":""string"",""value"":""NAT: Furbolg Elder Shaman (rejuvenation (dummy))""}]}"
custom	A0C2	AIlx	NAT: Furbolg Elder Shaman (manaburn orb)						air,enemies,ground,ward					"{""wurs"":[{""level"":0,""column"":0,""type"":""int"",""value"":42}],""Idam"":[{""level"":1,""column"":1,""type"":""unreal"",""value"":0}],""Iob2"":[{""level"":1,""column"":2,""type"":""unreal"",""value"":30}],""Iob3"":[{""level"":1,""column"":3,""type"":""unreal"",""value"":30}],""Iob4"":[{""level"":1,""column"":4,""type"":""unreal"",""value"":30}],""aite"":[{""level"":0,""column"":0,""type"":""int"",""value"":0}],""amho"":[{""level"":0,""column"":0,""type"":""int"",""value"":0}],""arac"":[{""level"":0,""column"":0,""type"":""string"",""value"":""human""}],""atar"":[{""level"":1,""column"":0,""type"":""string"",""value"":""air,enemies,ground,ward""}],""Iobu"":[{""level"":1,""column"":0,""type"":""string"",""value"":""A0C3""}],""amat"":[{""level"":0,""column"":0,""type"":""string"",""value"":""Abilities\\Weapons\\AncestralGuardianMissile\\AncestralGuardianMissile.mdl""}],""anam"":[{""level"":0,""column"":0,""type"":""string"",""value"":""NAT: Furbolg Elder Shaman (manaburn orb)""}],""asat"":[{""level"":0,""column"":0,""type"":""string"",""value"":""""}],""aspt"":[{""level"":0,""column"":0,""type"":""string"",""value"":""""}],""atat"":[{""level"":0,""column"":0,""type"":""string"",""value"":""""}],""ata0"":[{""level"":0,""column"":0,""type"":""string"",""value"":""""}]}"
custom	A0C3	AEmb	NAT: Furbolg Elder Shaman (manaburn)	1	9999	99	800		air,enemies,ground,ward					"{""wurs"":[{""level"":0,""column"":0,""type"":""int"",""value"":42}],""acdn"":[{""level"":1,""column"":0,""type"":""unreal"",""value"":99}],""amcs"":[{""level"":1,""column"":0,""type"":""int"",""value"":9999}],""Emb1"":[{""level"":1,""column"":1,""type"":""unreal"",""value"":150}],""aher"":[{""level"":0,""column"":0,""type"":""int"",""value"":0}],""alev"":[{""level"":0,""column"":0,""type"":""int"",""value"":1}],""arac"":[{""level"":0,""column"":0,""type"":""string"",""value"":""human""}],""aran"":[{""level"":1,""column"":0,""type"":""unreal"",""value"":800}],""atar"":[{""level"":1,""column"":0,""type"":""string"",""value"":""air,enemies,ground,ward""}],""anam"":[{""level"":0,""column"":0,""type"":""string"",""value"":""NAT: Furbolg Elder Shaman (manaburn)""}]}"
custom	A0C4	ANcl		1										"{""wurs"":[{""level"":0,""column"":0,""type"":""int"",""value"":42}],""aher"":[{""level"":0,""column"":0,""type"":""int"",""value"":0}],""alev"":[{""level"":0,""column"":0,""type"":""int"",""value"":1}],""aord"":[{""level"":0,""column"":0,""type"":""string"",""value"":""roar""}],""arac"":[{""level"":0,""column"":0,""type"":""string"",""value"":""human""}]}"
custom	A0C5	ANcl		1										"{""wurs"":[{""level"":0,""column"":0,""type"":""int"",""value"":42}],""aher"":[{""level"":0,""column"":0,""type"":""int"",""value"":0}],""alev"":[{""level"":0,""column"":0,""type"":""int"",""value"":1}],""aord"":[{""level"":0,""column"":0,""type"":""string"",""value"":""roar""}],""arac"":[{""level"":0,""column"":0,""type"":""string"",""value"":""human""}]}"
custom	A0C6	Arll												"{""wurs"":[{""level"":0,""column"":0,""type"":""int"",""value"":42}],""Ihpr"":[{""level"":1,""column"":1,""type"":""int"",""value"":20}]}"
custom	A0C7	Arll												"{""wurs"":[{""level"":0,""column"":0,""type"":""int"",""value"":42}],""Ihpr"":[{""level"":1,""column"":1,""type"":""int"",""value"":40}]}"
custom	A0C8	AItx												"{""wurs"":[{""level"":0,""column"":0,""type"":""int"",""value"":42}],""Iatt"":[{""level"":1,""column"":1,""type"":""int"",""value"":115}]}"
custom	A0C9	Aspb		3										"{""wurs"":[{""level"":0,""column"":0,""type"":""int"",""value"":42}],""spb1"":[{""level"":1,""column"":1,""type"":""string"",""value"":""A0CC,A0CA""},{""level"":2,""column"":1,""type"":""string"",""value"":""A0CB,A0CA""},{""level"":3,""column"":1,""type"":""string"",""value"":""A0CD,A0CA""}],""spb3"":[{""level"":1,""column"":3,""type"":""int"",""value"":2},{""level"":2,""column"":3,""type"":""int"",""value"":2},{""level"":3,""column"":3,""type"":""int"",""value"":2}],""spb4"":[{""level"":1,""column"":4,""type"":""int"",""value"":2},{""level"":2,""column"":4,""type"":""int"",""value"":2},{""level"":3,""column"":4,""type"":""int"",""value"":2}],""alev"":[{""level"":0,""column"":0,""type"":""int"",""value"":3}]}"
custom	A0CA	Aasl						100	self	B023				"{""wurs"":[{""level"":0,""column"":0,""type"":""int"",""value"":42}],""aare"":[{""level"":1,""column"":0,""type"":""unreal"",""value"":100}],""abuf"":[{""level"":1,""column"":0,""type"":""string"",""value"":""B023""}],""Slo1"":[{""level"":1,""column"":1,""type"":""unreal"",""value"":0}],""atar"":[{""level"":1,""column"":0,""type"":""string"",""value"":""self""}]}"
custom	A0CB	AId1												"{""wurs"":[{""level"":0,""column"":0,""type"":""int"",""value"":42}],""Idef"":[{""level"":1,""column"":1,""type"":""int"",""value"":-4}]}"
custom	A0CC	AId1												"{""wurs"":[{""level"":0,""column"":0,""type"":""int"",""value"":42}],""Idef"":[{""level"":1,""column"":1,""type"":""int"",""value"":-2}]}"
custom	A0CD	AId1												"{""wurs"":[{""level"":0,""column"":0,""type"":""int"",""value"":42}],""Idef"":[{""level"":1,""column"":1,""type"":""int"",""value"":-6}]}"
custom	A0CE	Atdg	Tornado (Unit Damage Aura)					250	air,enemies,ground,sapper,ward					"{""wurs"":[{""level"":0,""column"":0,""type"":""int"",""value"":42}],""aare"":[{""level"":1,""column"":0,""type"":""unreal"",""value"":250}],""Tdg1"":[{""level"":1,""column"":1,""type"":""unreal"",""value"":40}],""Tdg2"":[{""level"":1,""column"":2,""type"":""unreal"",""value"":250}],""Tdg3"":[{""level"":1,""column"":3,""type"":""unreal"",""value"":40}],""atar"":[{""level"":1,""column"":0,""type"":""string"",""value"":""air,enemies,ground,sapper,ward""}],""anam"":[{""level"":0,""column"":0,""type"":""string"",""value"":""Tornado (Unit Damage Aura)""}]}"
custom	A0CF	AIsr	NAT: Mountain Giant (spell resist)											"{""wurs"":[{""level"":0,""column"":0,""type"":""int"",""value"":42}],""isr2"":[{""level"":1,""column"":2,""type"":""unreal"",""value"":0.5}],""aite"":[{""level"":0,""column"":0,""type"":""int"",""value"":0}],""arac"":[{""level"":0,""column"":0,""type"":""string"",""value"":""human""}],""anam"":[{""level"":0,""column"":0,""type"":""string"",""value"":""NAT: Mountain Giant (spell resist)""}]}"
custom	A0CG	Ahea	NEL: Faerie Dragon (heal)		9999	99	400		air,friend,ground,invulnerable,neutral,nonancient,organic,self,vulnerable					"{""wurs"":[{""level"":0,""column"":0,""type"":""int"",""value"":42}],""acdn"":[{""level"":1,""column"":0,""type"":""unreal"",""value"":99}],""amcs"":[{""level"":1,""column"":0,""type"":""int"",""value"":9999}],""Hea1"":[{""level"":1,""column"":1,""type"":""unreal"",""value"":175}],""aran"":[{""level"":1,""column"":0,""type"":""unreal"",""value"":400}],""atar"":[{""level"":1,""column"":0,""type"":""string"",""value"":""air,friend,ground,invulnerable,neutral,nonancient,organic,self,vulnerable""}],""anam"":[{""level"":0,""column"":0,""type"":""string"",""value"":""NEL: Faerie Dragon (heal)""}]}"
custom	A0CH	AIlx	ELE: Elemental Of Lightning (orb)						air,enemies,ground,ward					"{""wurs"":[{""level"":0,""column"":0,""type"":""int"",""value"":42}],""Idam"":[{""level"":1,""column"":1,""type"":""unreal"",""value"":0}],""Iob2"":[{""level"":1,""column"":2,""type"":""unreal"",""value"":100}],""Iob3"":[{""level"":1,""column"":3,""type"":""unreal"",""value"":100}],""Iob4"":[{""level"":1,""column"":4,""type"":""unreal"",""value"":100}],""Iob5"":[{""level"":1,""column"":5,""type"":""int"",""value"":1}],""aite"":[{""level"":0,""column"":0,""type"":""int"",""value"":0}],""atar"":[{""level"":1,""column"":0,""type"":""string"",""value"":""air,enemies,ground,ward""}],""Iobu"":[{""level"":1,""column"":0,""type"":""string"",""value"":""A0CJ""}],""amat"":[{""level"":0,""column"":0,""type"":""string"",""value"":""""}],""anam"":[{""level"":0,""column"":0,""type"":""string"",""value"":""ELE: Elemental Of Lightning (orb)""}],""asat"":[{""level"":0,""column"":0,""type"":""string"",""value"":""""}],""aspt"":[{""level"":0,""column"":0,""type"":""string"",""value"":""""}],""atat"":[{""level"":0,""column"":0,""type"":""string"",""value"":""""}],""ata0"":[{""level"":0,""column"":0,""type"":""string"",""value"":""""}]}"
custom	A0CI	AIlx	ELE: Greater Elemental Of Lightning (orb)						air,enemies,ground,ward					"{""wurs"":[{""level"":0,""column"":0,""type"":""int"",""value"":42}],""Idam"":[{""level"":1,""column"":1,""type"":""unreal"",""value"":0}],""Iob2"":[{""level"":1,""column"":2,""type"":""unreal"",""value"":100}],""Iob3"":[{""level"":1,""column"":3,""type"":""unreal"",""value"":100}],""Iob4"":[{""level"":1,""column"":4,""type"":""unreal"",""value"":100}],""Iob5"":[{""level"":1,""column"":5,""type"":""int"",""value"":1}],""aite"":[{""level"":0,""column"":0,""type"":""int"",""value"":0}],""atar"":[{""level"":1,""column"":0,""type"":""string"",""value"":""air,enemies,ground,ward""}],""Iobu"":[{""level"":1,""column"":0,""type"":""string"",""value"":""A0CK""}],""amat"":[{""level"":0,""column"":0,""type"":""string"",""value"":""""}],""anam"":[{""level"":0,""column"":0,""type"":""string"",""value"":""ELE: Greater Elemental Of Lightning (orb)""}],""asat"":[{""level"":0,""column"":0,""type"":""string"",""value"":""""}],""aspt"":[{""level"":0,""column"":0,""type"":""string"",""value"":""""}],""atat"":[{""level"":0,""column"":0,""type"":""string"",""value"":""""}],""ata0"":[{""level"":0,""column"":0,""type"":""string"",""value"":""""}]}"
custom	A0CJ	ACfl	ELE: Elemental Of Lightning (forked lightning)		9999	99	350		air,enemies,ground,ward					"{""wurs"":[{""level"":0,""column"":0,""type"":""int"",""value"":42}],""acdn"":[{""level"":1,""column"":0,""type"":""unreal"",""value"":99}],""amcs"":[{""level"":1,""column"":0,""type"":""int"",""value"":9999}],""Ocl1"":[{""level"":1,""column"":1,""type"":""unreal"",""value"":50}],""Ucs3"":[{""level"":1,""column"":3,""type"":""unreal"",""value"":350}],""Ucs4"":[{""level"":1,""column"":4,""type"":""unreal"",""value"":400}],""adur"":[{""level"":1,""column"":0,""type"":""unreal"",""value"":0.3}],""aran"":[{""level"":1,""column"":0,""type"":""unreal"",""value"":350}],""atar"":[{""level"":1,""column"":0,""type"":""string"",""value"":""air,enemies,ground,ward""}],""anam"":[{""level"":0,""column"":0,""type"":""string"",""value"":""ELE: Elemental Of Lightning (forked lightning)""}]}"
custom	A0CK	ACfl	ELE: Greater Elemental Of Lightning (forked lightning)		9999	99	400		air,enemies,ground,ward					"{""wurs"":[{""level"":0,""column"":0,""type"":""int"",""value"":42}],""acdn"":[{""level"":1,""column"":0,""type"":""unreal"",""value"":99}],""amcs"":[{""level"":1,""column"":0,""type"":""int"",""value"":9999}],""Ocl1"":[{""level"":1,""column"":1,""type"":""unreal"",""value"":80}],""Ocl2"":[{""level"":1,""column"":2,""type"":""int"",""value"":5}],""Ucs3"":[{""level"":1,""column"":3,""type"":""unreal"",""value"":350}],""Ucs4"":[{""level"":1,""column"":4,""type"":""unreal"",""value"":400}],""adur"":[{""level"":1,""column"":0,""type"":""unreal"",""value"":0.3}],""aran"":[{""level"":1,""column"":0,""type"":""unreal"",""value"":400}],""atar"":[{""level"":1,""column"":0,""type"":""string"",""value"":""air,enemies,ground,ward""}],""anam"":[{""level"":0,""column"":0,""type"":""string"",""value"":""ELE: Greater Elemental Of Lightning (forked lightning)""}]}"
custom	A0CL	ANlm	ELE: Elemental Of Fire (split)	1	9999									"{""wurs"":[{""level"":0,""column"":0,""type"":""int"",""value"":42}],""amcs"":[{""level"":1,""column"":0,""type"":""int"",""value"":9999}],""adur"":[{""level"":1,""column"":0,""type"":""unreal"",""value"":80}],""aher"":[{""level"":0,""column"":0,""type"":""int"",""value"":0}],""ahdu"":[{""level"":1,""column"":0,""type"":""unreal"",""value"":80}],""alev"":[{""level"":0,""column"":0,""type"":""int"",""value"":1}],""Hwe1"":[{""level"":1,""column"":0,""type"":""string"",""value"":""h02Z""}],""anam"":[{""level"":0,""column"":0,""type"":""string"",""value"":""ELE: Elemental Of Fire (split)""}]}"
custom	A0CM	AIlx	ELE: Greater Elemental Of Fire (firebreath orb)						air,enemies,ground					"{""wurs"":[{""level"":0,""column"":0,""type"":""int"",""value"":42}],""Idam"":[{""level"":1,""column"":1,""type"":""unreal"",""value"":0}],""Iob2"":[{""level"":1,""column"":2,""type"":""unreal"",""value"":20}],""Iob3"":[{""level"":1,""column"":3,""type"":""unreal"",""value"":20}],""Iob4"":[{""level"":1,""column"":4,""type"":""unreal"",""value"":20}],""adur"":[{""level"":1,""column"":0,""type"":""unreal"",""value"":5}],""ahdu"":[{""level"":1,""column"":0,""type"":""unreal"",""value"":2.5}],""aite"":[{""level"":0,""column"":0,""type"":""int"",""value"":0}],""atar"":[{""level"":1,""column"":0,""type"":""string"",""value"":""air,enemies,ground""}],""Iobu"":[{""level"":1,""column"":0,""type"":""string"",""value"":""A0CN""}],""amat"":[{""level"":0,""column"":0,""type"":""string"",""value"":""""}],""anam"":[{""level"":0,""column"":0,""type"":""string"",""value"":""ELE: Greater Elemental Of Fire (firebreath orb)""}],""asat"":[{""level"":0,""column"":0,""type"":""string"",""value"":""""}],""aspt"":[{""level"":0,""column"":0,""type"":""string"",""value"":""""}],""atat"":[{""level"":0,""column"":0,""type"":""string"",""value"":""""}],""ata0"":[{""level"":0,""column"":0,""type"":""string"",""value"":""""}]}"
custom	A0CN	ACbc	ELE: Greater Elemental Of Fire (firebreath)		9999	99			air,enemies,ground					"{""wurs"":[{""level"":0,""column"":0,""type"":""int"",""value"":42}],""acdn"":[{""level"":1,""column"":0,""type"":""unreal"",""value"":99}],""amcs"":[{""level"":1,""column"":0,""type"":""int"",""value"":9999}],""Ucs1"":[{""level"":1,""column"":1,""type"":""unreal"",""value"":95}],""Ucs4"":[{""level"":1,""column"":4,""type"":""unreal"",""value"":400}],""Nbf5"":[{""level"":1,""column"":5,""type"":""unreal"",""value"":0}],""adur"":[{""level"":1,""column"":0,""type"":""unreal"",""value"":0.01}],""ahdu"":[{""level"":1,""column"":0,""type"":""unreal"",""value"":0.01}],""atar"":[{""level"":1,""column"":0,""type"":""string"",""value"":""air,enemies,ground""}],""Ucs2"":[{""level"":1,""column"":2,""type"":""unreal"",""value"":900}],""anam"":[{""level"":0,""column"":0,""type"":""string"",""value"":""ELE: Greater Elemental Of Fire (firebreath)""}]}"
custom	A0CO	Awar	ELE: Elemental Of Earth						enemies,ground,ward					"{""wurs"":[{""level"":0,""column"":0,""type"":""int"",""value"":42}],""War1"":[{""level"":1,""column"":1,""type"":""unreal"",""value"":20}],""War2"":[{""level"":1,""column"":2,""type"":""unreal"",""value"":100}],""War3"":[{""level"":1,""column"":3,""type"":""unreal"",""value"":200}],""War4"":[{""level"":1,""column"":4,""type"":""unreal"",""value"":300}],""areq"":[{""level"":0,""column"":0,""type"":""string"",""value"":""""}],""atar"":[{""level"":1,""column"":0,""type"":""string"",""value"":""enemies,ground,ward""}],""anam"":[{""level"":0,""column"":0,""type"":""string"",""value"":""ELE: Elemental Of Earth""}]}"
custom	A0CP	Awar	ELE: Greater Elemental Of Earth						enemies,ground,ward					"{""wurs"":[{""level"":0,""column"":0,""type"":""int"",""value"":42}],""War1"":[{""level"":1,""column"":1,""type"":""unreal"",""value"":25}],""War2"":[{""level"":1,""column"":2,""type"":""unreal"",""value"":200}],""War3"":[{""level"":1,""column"":3,""type"":""unreal"",""value"":200}],""War4"":[{""level"":1,""column"":4,""type"":""unreal"",""value"":300}],""areq"":[{""level"":0,""column"":0,""type"":""string"",""value"":""""}],""atar"":[{""level"":1,""column"":0,""type"":""string"",""value"":""enemies,ground,ward""}],""anam"":[{""level"":0,""column"":0,""type"":""string"",""value"":""ELE: Greater Elemental Of Earth""}]}"
custom	A0CQ	AOae	ELE: Elemental Of Wind (slow aura)	1				700	air,enemies,ward	B026				"{""wurs"":[{""level"":0,""column"":0,""type"":""int"",""value"":42}],""aare"":[{""level"":1,""column"":0,""type"":""unreal"",""value"":700}],""abuf"":[{""level"":1,""column"":0,""type"":""string"",""value"":""B026""}],""Oae1"":[{""level"":1,""column"":1,""type"":""unreal"",""value"":-0.2}],""Oae2"":[{""level"":1,""column"":2,""type"":""unreal"",""value"":-0.2}],""aher"":[{""level"":0,""column"":0,""type"":""int"",""value"":0}],""alev"":[{""level"":0,""column"":0,""type"":""int"",""value"":1}],""atar"":[{""level"":1,""column"":0,""type"":""string"",""value"":""air,enemies,ward""}],""anam"":[{""level"":0,""column"":0,""type"":""string"",""value"":""ELE: Elemental Of Wind (slow aura)""}],""atat"":[{""level"":0,""column"":0,""type"":""string"",""value"":""""}],""ata0"":[{""level"":0,""column"":0,""type"":""string"",""value"":""""}]}"
custom	A0CR	AOae	ELE: Greater Elemental Of Wind (slow aura)	1				700	air,enemies,ward	B026				"{""wurs"":[{""level"":0,""column"":0,""type"":""int"",""value"":42}],""aare"":[{""level"":1,""column"":0,""type"":""unreal"",""value"":700}],""abuf"":[{""level"":1,""column"":0,""type"":""string"",""value"":""B026""}],""Oae1"":[{""level"":1,""column"":1,""type"":""unreal"",""value"":-0.35}],""Oae2"":[{""level"":1,""column"":2,""type"":""unreal"",""value"":-0.35}],""aher"":[{""level"":0,""column"":0,""type"":""int"",""value"":0}],""alev"":[{""level"":0,""column"":0,""type"":""int"",""value"":1}],""atar"":[{""level"":1,""column"":0,""type"":""string"",""value"":""air,enemies,ward""}],""anam"":[{""level"":0,""column"":0,""type"":""string"",""value"":""ELE: Greater Elemental Of Wind (slow aura)""}],""atat"":[{""level"":0,""column"":0,""type"":""string"",""value"":""""}],""ata0"":[{""level"":0,""column"":0,""type"":""string"",""value"":""""}]}"
custom	A0CS	ACes	ELE: Lesser Elemental Of Water (evasion)						air,enemies,ground,structure					"{""wurs"":[{""level"":0,""column"":0,""type"":""int"",""value"":42}],""Eev1"":[{""level"":1,""column"":1,""type"":""unreal"",""value"":0.5}],""atar"":[{""level"":1,""column"":0,""type"":""string"",""value"":""air,enemies,ground,structure""}],""anam"":[{""level"":0,""column"":0,""type"":""string"",""value"":""ELE: Lesser Elemental Of Water (evasion)""}]}"
custom	A0CT	ACes	ELE: Elemental Of Water (evasion)						air,enemies,ground,structure					"{""wurs"":[{""level"":0,""column"":0,""type"":""int"",""value"":42}],""Eev1"":[{""level"":1,""column"":1,""type"":""unreal"",""value"":0.6}],""atar"":[{""level"":1,""column"":0,""type"":""string"",""value"":""air,enemies,ground,structure""}],""anam"":[{""level"":0,""column"":0,""type"":""string"",""value"":""ELE: Elemental Of Water (evasion)""}]}"
custom	A0CU	AOmi	ELE: Greater Elemental Of Water (illusions)	1	9999				air,enemies,ground,structure					"{""wurs"":[{""level"":0,""column"":0,""type"":""int"",""value"":42}],""amcs"":[{""level"":1,""column"":0,""type"":""int"",""value"":9999}],""Omi2"":[{""level"":1,""column"":2,""type"":""unreal"",""value"":0.6}],""aher"":[{""level"":0,""column"":0,""type"":""int"",""value"":0}],""alev"":[{""level"":0,""column"":0,""type"":""int"",""value"":1}],""atar"":[{""level"":1,""column"":0,""type"":""string"",""value"":""air,enemies,ground,structure""}],""amat"":[{""level"":0,""column"":0,""type"":""string"",""value"":""Objects\\Spawnmodels\\Naga\\NagaDeath\\NagaDeath.mdl""}],""anam"":[{""level"":0,""column"":0,""type"":""string"",""value"":""ELE: Greater Elemental Of Water (illusions)""}],""asat"":[{""level"":0,""column"":0,""type"":""string"",""value"":""Abilities\\Spells\\NightElf\\Blink\\BlinkTarget.mdl""}],""atat"":[{""level"":0,""column"":0,""type"":""string"",""value"":""Abilities\\Spells\\Items\\AIma\\AImaTarget.mdl""}]}"
custom	A0CV	ANcl	Channel ( Assasin Target )	1										"{""wurs"":[{""level"":0,""column"":0,""type"":""int"",""value"":42}],""aher"":[{""level"":0,""column"":0,""type"":""int"",""value"":0}],""alev"":[{""level"":0,""column"":0,""type"":""int"",""value"":1}],""aord"":[{""level"":0,""column"":0,""type"":""string"",""value"":""roar""}],""arac"":[{""level"":0,""column"":0,""type"":""string"",""value"":""human""}],""anam"":[{""level"":0,""column"":0,""type"":""string"",""value"":""Channel ( Assasin Target )""}]}"
custom	A0CW	Asph	ELE: Onis Alis											"{""wurs"":[{""level"":0,""column"":0,""type"":""int"",""value"":42}],""amat"":[{""level"":0,""column"":0,""type"":""string"",""value"":""""}],""anam"":[{""level"":0,""column"":0,""type"":""string"",""value"":""ELE: Onis Alis""}],""atat"":[{""level"":0,""column"":0,""type"":""string"",""value"":""Abilities\\Weapons\\FarseerMissile\\FarseerMissile.mdl""}],""ata0"":[{""level"":0,""column"":0,""type"":""string"",""value"":""sprite""}],""ata1"":[{""level"":0,""column"":0,""type"":""string"",""value"":""""}],""ata2"":[{""level"":0,""column"":0,""type"":""string"",""value"":""""}],""atac"":[{""level"":0,""column"":0,""type"":""int"",""value"":1}]}"
custom	A0CX	Asph	ELE: Onis Coruscus											"{""wurs"":[{""level"":0,""column"":0,""type"":""int"",""value"":42}],""amat"":[{""level"":0,""column"":0,""type"":""string"",""value"":""""}],""anam"":[{""level"":0,""column"":0,""type"":""string"",""value"":""ELE: Onis Coruscus""}],""atat"":[{""level"":0,""column"":0,""type"":""string"",""value"":""Abilities\\Spells\\Orc\\LightningShield\\LightningShieldTarget.mdl""}],""ata0"":[{""level"":0,""column"":0,""type"":""string"",""value"":""overhead""}],""ata1"":[{""level"":0,""column"":0,""type"":""string"",""value"":""sprite""}],""ata2"":[{""level"":0,""column"":0,""type"":""string"",""value"":""sprite,large""}],""atac"":[{""level"":0,""column"":0,""type"":""int"",""value"":2}]}"
custom	A0CY	ACpa	ELE: Elemental Rain		9999	99	99999		enemies,ground,invulnerable,mechanical,neutral,structure			Elemental Rain	Casts 1 from next 3 spells:|n- Monsoon (40dmg/sec, 5 sec)|n- Meteor Shower 200dmg, 15dmg/sec, 3 sec)|n- Blizzard (25dmg/wave, 7 waves)|n|n|cffFFFF80Cooldown:|cffFFFF00 14 |rseconds	"{""wurs"":[{""level"":0,""column"":0,""type"":""int"",""value"":42}],""abuf"":[{""level"":1,""column"":0,""type"":""string"",""value"":""""}],""Npa6"":[{""level"":1,""column"":0,""type"":""unreal"",""value"":0.01}],""acdn"":[{""level"":1,""column"":0,""type"":""unreal"",""value"":99}],""amcs"":[{""level"":1,""column"":0,""type"":""int"",""value"":9999}],""Poi1"":[{""level"":1,""column"":1,""type"":""unreal"",""value"":0}],""Poi4"":[{""level"":1,""column"":4,""type"":""int"",""value"":0}],""adur"":[{""level"":1,""column"":0,""type"":""unreal"",""value"":0.01}],""arac"":[{""level"":0,""column"":0,""type"":""string"",""value"":""orc""}],""aran"":[{""level"":1,""column"":0,""type"":""unreal"",""value"":99999}],""atar"":[{""level"":1,""column"":0,""type"":""string"",""value"":""enemies,ground,invulnerable,mechanical,neutral,structure""}],""aart"":[{""level"":0,""column"":0,""type"":""string"",""value"":""ReplaceableTextures\\CommandButtons\\BTNDispelMagic.blp""}],""amat"":[{""level"":0,""column"":0,""type"":""string"",""value"":""""}],""anam"":[{""level"":0,""column"":0,""type"":""string"",""value"":""ELE: Elemental Rain""}],""atp1"":[{""level"":1,""column"":0,""type"":""string"",""value"":""Elemental Rain""}],""aub1"":[{""level"":1,""column"":0,""type"":""string"",""value"":""Casts 1 from next 3 spells:|n- Monsoon (40dmg/sec, 5 sec)|n- Meteor Shower 200dmg, 15dmg/sec, 3 sec)|n- Blizzard (25dmg/wave, 7 waves)|n|n|cffFFFF80Cooldown:|cffFFFF00 14 |rseconds""}],""auar"":[{""level"":0,""column"":0,""type"":""string"",""value"":""ReplaceableTextures\\CommandButtons\\BTNDispelMagic.blp""}]}"
custom	A0CZ	ACpa	ELE: Enchant		9999	99	99999		enemies,ground,invulnerable,mechanical,neutral,structure			Enchant	Enchants a random allied unit with an elemental buff, improving its traits.|n|n|cffFFFF80Cooldown:|cffFFFF00 9 |rseconds	"{""wurs"":[{""level"":0,""column"":0,""type"":""int"",""value"":42}],""abuf"":[{""level"":1,""column"":0,""type"":""string"",""value"":""""}],""Npa6"":[{""level"":1,""column"":0,""type"":""unreal"",""value"":0.01}],""acdn"":[{""level"":1,""column"":0,""type"":""unreal"",""value"":99}],""amcs"":[{""level"":1,""column"":0,""type"":""int"",""value"":9999}],""Poi1"":[{""level"":1,""column"":1,""type"":""unreal"",""value"":0}],""Poi4"":[{""level"":1,""column"":4,""type"":""int"",""value"":0}],""adur"":[{""level"":1,""column"":0,""type"":""unreal"",""value"":0.01}],""arac"":[{""level"":0,""column"":0,""type"":""string"",""value"":""orc""}],""aran"":[{""level"":1,""column"":0,""type"":""unreal"",""value"":99999}],""atar"":[{""level"":1,""column"":0,""type"":""string"",""value"":""enemies,ground,invulnerable,mechanical,neutral,structure""}],""aart"":[{""level"":0,""column"":0,""type"":""string"",""value"":""ReplaceableTextures\\CommandButtons\\BTNStaffOfSanctuary.blp""}],""amat"":[{""level"":0,""column"":0,""type"":""string"",""value"":""""}],""anam"":[{""level"":0,""column"":0,""type"":""string"",""value"":""ELE: Enchant""}],""atp1"":[{""level"":1,""column"":0,""type"":""string"",""value"":""Enchant""}],""aub1"":[{""level"":1,""column"":0,""type"":""string"",""value"":""Enchants a random allied unit with an elemental buff, improving its traits.|n|n|cffFFFF80Cooldown:|cffFFFF00 9 |rseconds""}],""auar"":[{""level"":0,""column"":0,""type"":""string"",""value"":""ReplaceableTextures\\CommandButtons\\BTNStaffOfSanctuary.blp""}]}"
custom	A0D0	ACrg	ELE: Elemental Rain (Meteor Shower)		9999	99			air,enemies					"{""wurs"":[{""level"":0,""column"":0,""type"":""int"",""value"":42}],""acas"":[{""level"":1,""column"":0,""type"":""unreal"",""value"":0.1}],""acdn"":[{""level"":1,""column"":0,""type"":""unreal"",""value"":99}],""amcs"":[{""level"":1,""column"":0,""type"":""int"",""value"":9999}],""Hbz1"":[{""level"":1,""column"":1,""type"":""int"",""value"":5}],""Hbz2"":[{""level"":1,""column"":2,""type"":""unreal"",""value"":30}],""Hbz3"":[{""level"":1,""column"":3,""type"":""int"",""value"":5}],""Hbz4"":[{""level"":1,""column"":4,""type"":""unreal"",""value"":0.5}],""Hbz5"":[{""level"":1,""column"":5,""type"":""unreal"",""value"":15}],""Hbz6"":[{""level"":1,""column"":6,""type"":""unreal"",""value"":99999}],""atar"":[{""level"":1,""column"":0,""type"":""string"",""value"":""air,enemies""}],""anam"":[{""level"":0,""column"":0,""type"":""string"",""value"":""ELE: Elemental Rain (Meteor Shower)""}]}"
custom	A0D1	AHbz	ELE: Elemental Rain (Blizzard)	1	9999	99		300	enemies,ground,structure					"{""wurs"":[{""level"":0,""column"":0,""type"":""int"",""value"":42}],""aare"":[{""level"":1,""column"":0,""type"":""unreal"",""value"":300}],""acdn"":[{""level"":1,""column"":0,""type"":""unreal"",""value"":99}],""amcs"":[{""level"":1,""column"":0,""type"":""int"",""value"":9999}],""Hbz1"":[{""level"":1,""column"":1,""type"":""int"",""value"":7}],""Hbz3"":[{""level"":1,""column"":3,""type"":""int"",""value"":7}],""Hbz6"":[{""level"":1,""column"":6,""type"":""unreal"",""value"":99999}],""aher"":[{""level"":0,""column"":0,""type"":""int"",""value"":0}],""alev"":[{""level"":0,""column"":0,""type"":""int"",""value"":1}],""atar"":[{""level"":1,""column"":0,""type"":""string"",""value"":""enemies,ground,structure""}],""anam"":[{""level"":0,""column"":0,""type"":""string"",""value"":""ELE: Elemental Rain (Blizzard)""}]}"
custom	A0D2	AHbz	ELE: Elemental Rain (Blizzard) (-na)	1	9999	99		300	enemies,ground					"{""wurs"":[{""level"":0,""column"":0,""type"":""int"",""value"":42}],""aare"":[{""level"":1,""column"":0,""type"":""unreal"",""value"":300}],""acdn"":[{""level"":1,""column"":0,""type"":""unreal"",""value"":99}],""amcs"":[{""level"":1,""column"":0,""type"":""int"",""value"":9999}],""Hbz1"":[{""level"":1,""column"":1,""type"":""int"",""value"":7}],""Hbz2"":[{""level"":1,""column"":2,""type"":""unreal"",""value"":40}],""Hbz3"":[{""level"":1,""column"":3,""type"":""int"",""value"":7}],""Hbz4"":[{""level"":1,""column"":4,""type"":""unreal"",""value"":1}],""Hbz6"":[{""level"":1,""column"":6,""type"":""unreal"",""value"":500}],""aher"":[{""level"":0,""column"":0,""type"":""int"",""value"":0}],""alev"":[{""level"":0,""column"":0,""type"":""int"",""value"":1}],""atar"":[{""level"":1,""column"":0,""type"":""string"",""value"":""enemies,ground""}],""anam"":[{""level"":0,""column"":0,""type"":""string"",""value"":""ELE: Elemental Rain (Blizzard) (-na)""}]}"
custom	A0D3	ACrg	ELE: Elemental Rain (Meteor Shower)		9999	99			air,enemies,ground					"{""wurs"":[{""level"":0,""column"":0,""type"":""int"",""value"":42}],""acas"":[{""level"":1,""column"":0,""type"":""unreal"",""value"":0.1}],""acdn"":[{""level"":1,""column"":0,""type"":""unreal"",""value"":99}],""amcs"":[{""level"":1,""column"":0,""type"":""int"",""value"":9999}],""Hbz1"":[{""level"":1,""column"":1,""type"":""int"",""value"":5}],""Hbz2"":[{""level"":1,""column"":2,""type"":""unreal"",""value"":30}],""Hbz3"":[{""level"":1,""column"":3,""type"":""int"",""value"":5}],""Hbz5"":[{""level"":1,""column"":5,""type"":""unreal"",""value"":15}],""Hbz6"":[{""level"":1,""column"":6,""type"":""unreal"",""value"":99999}],""atar"":[{""level"":1,""column"":0,""type"":""string"",""value"":""air,enemies,ground""}],""anam"":[{""level"":0,""column"":0,""type"":""string"",""value"":""ELE: Elemental Rain (Meteor Shower)""}]}"
custom	A0D4	Awar	ELE: Enchant(Forge Weapon)						air,enemies,ground	B02A				"{""wurs"":[{""level"":0,""column"":0,""type"":""int"",""value"":42}],""abuf"":[{""level"":1,""column"":0,""type"":""string"",""value"":""B02A""}],""achd"":[{""level"":0,""column"":0,""type"":""int"",""value"":0}],""War1"":[{""level"":1,""column"":1,""type"":""unreal"",""value"":15}],""War2"":[{""level"":1,""column"":2,""type"":""unreal"",""value"":50}],""War3"":[{""level"":1,""column"":3,""type"":""unreal"",""value"":200}],""War4"":[{""level"":1,""column"":4,""type"":""unreal"",""value"":300}],""areq"":[{""level"":0,""column"":0,""type"":""string"",""value"":""""}],""atar"":[{""level"":1,""column"":0,""type"":""string"",""value"":""air,enemies,ground""}],""aani"":[{""level"":0,""column"":0,""type"":""string"",""value"":""""}],""anam"":[{""level"":0,""column"":0,""type"":""string"",""value"":""ELE: Enchant(Forge Weapon)""}],""atat"":[{""level"":0,""column"":0,""type"":""string"",""value"":""Abilities\\Weapons\\RedDragonBreath\\RedDragonMissile.mdl""}]}"
custom	A0D5	AHtb	ELE: ElectroShieldElemental	2	"[{""level"":1,""column"":0,""type"":""int"",""value"":9999},{""level"":2,""column"":0,""type"":""int"",""value"":9999}]"					"[{""level"":1,""column"":0,""type"":""string"",""value"":""B028""},{""level"":2,""column"":0,""type"":""string"",""value"":""B028""}]"				"{""wurs"":[{""level"":0,""column"":0,""type"":""int"",""value"":42}],""abuf"":[{""level"":1,""column"":0,""type"":""string"",""value"":""B028""},{""level"":2,""column"":0,""type"":""string"",""value"":""B028""}],""amcs"":[{""level"":1,""column"":0,""type"":""int"",""value"":9999},{""level"":2,""column"":0,""type"":""int"",""value"":9999}],""Htb1"":[{""level"":1,""column"":1,""type"":""unreal"",""value"":25},{""level"":2,""column"":1,""type"":""unreal"",""value"":50}],""adur"":[{""level"":1,""column"":0,""type"":""unreal"",""value"":2},{""level"":2,""column"":0,""type"":""unreal"",""value"":4}],""aher"":[{""level"":0,""column"":0,""type"":""int"",""value"":0}],""ahdu"":[{""level"":1,""column"":0,""type"":""unreal"",""value"":2},{""level"":2,""column"":0,""type"":""unreal"",""value"":4}],""alev"":[{""level"":0,""column"":0,""type"":""int"",""value"":2}],""amat"":[{""level"":0,""column"":0,""type"":""string"",""value"":""Abilities\\Weapons\\FarseerMissile\\FarseerMissile.mdl""}],""anam"":[{""level"":0,""column"":0,""type"":""string"",""value"":""ELE: ElectroShieldElemental""}]}"
custom	A0D6	AId4	ELE: Enchant(Rock Shield)							B02C				"{""wurs"":[{""level"":0,""column"":0,""type"":""int"",""value"":42}],""abuf"":[{""level"":1,""column"":0,""type"":""string"",""value"":""B02C""}],""Idef"":[{""level"":1,""column"":1,""type"":""int"",""value"":15}],""aite"":[{""level"":0,""column"":0,""type"":""int"",""value"":0}],""arac"":[{""level"":0,""column"":0,""type"":""string"",""value"":""orc""}],""anam"":[{""level"":0,""column"":0,""type"":""string"",""value"":""ELE: Enchant(Rock Shield)""}]}"
custom	A0D7	AOae	ELE: Enchant(Haste)	1				0	self	B02B				"{""wurs"":[{""level"":0,""column"":0,""type"":""int"",""value"":42}],""aare"":[{""level"":1,""column"":0,""type"":""unreal"",""value"":0}],""abuf"":[{""level"":1,""column"":0,""type"":""string"",""value"":""B02B""}],""Oae1"":[{""level"":1,""column"":1,""type"":""unreal"",""value"":0.15}],""Oae2"":[{""level"":1,""column"":2,""type"":""unreal"",""value"":0.7}],""aher"":[{""level"":0,""column"":0,""type"":""int"",""value"":0}],""alev"":[{""level"":0,""column"":0,""type"":""int"",""value"":1}],""atar"":[{""level"":1,""column"":0,""type"":""string"",""value"":""self""}],""anam"":[{""level"":0,""column"":0,""type"":""string"",""value"":""ELE: Enchant(Haste)""}],""atat"":[{""level"":0,""column"":0,""type"":""string"",""value"":""""}]}"
custom	A0D8	Apig	ELE: Elemental Guard Tower (Immolation)					600	air,enemies,ground			Immolation	Burns nearby enemy units for 40 points of damage per second in 600 range.	"{""wurs"":[{""level"":0,""column"":0,""type"":""int"",""value"":42}],""aare"":[{""level"":1,""column"":0,""type"":""unreal"",""value"":600}],""Eim1"":[{""level"":1,""column"":1,""type"":""unreal"",""value"":40}],""atar"":[{""level"":1,""column"":0,""type"":""string"",""value"":""air,enemies,ground""}],""anam"":[{""level"":0,""column"":0,""type"":""string"",""value"":""ELE: Elemental Guard Tower (Immolation)""}],""atp1"":[{""level"":1,""column"":0,""type"":""string"",""value"":""Immolation""}],""aub1"":[{""level"":1,""column"":0,""type"":""string"",""value"":""Burns nearby enemy units for 40 points of damage per second in 600 range.""}]}"
custom	A0D9	Apxf	ELE: Elemental Guard Tower (Discharge)			0.1		800	air,enemies,ground					"{""wurs"":[{""level"":0,""column"":0,""type"":""int"",""value"":42}],""aare"":[{""level"":1,""column"":0,""type"":""unreal"",""value"":800}],""acdn"":[{""level"":1,""column"":0,""type"":""unreal"",""value"":0.1}],""pxf1"":[{""level"":1,""column"":1,""type"":""unreal"",""value"":25}],""pxf2"":[{""level"":1,""column"":2,""type"":""unreal"",""value"":0}],""adur"":[{""level"":1,""column"":0,""type"":""unreal"",""value"":0.01}],""ahdu"":[{""level"":1,""column"":0,""type"":""unreal"",""value"":0.01}],""atar"":[{""level"":1,""column"":0,""type"":""string"",""value"":""air,enemies,ground""}],""amat"":[{""level"":0,""column"":0,""type"":""string"",""value"":""Abilities\\Weapons\\ChimaeraLightningMissile\\ChimaeraLightningMissile.mdl""}],""anam"":[{""level"":0,""column"":0,""type"":""string"",""value"":""ELE: Elemental Guard Tower (Discharge)""}],""atat"":[{""level"":0,""column"":0,""type"":""string"",""value"":""Abilities\\Spells\\Orc\\LightningBolt\\LightningBoltMissile.mdl""}],""ata0"":[{""level"":0,""column"":0,""type"":""string"",""value"":""origin""}],""atac"":[{""level"":0,""column"":0,""type"":""int"",""value"":1}]}"
custom	A0DA	Aclf	ELE: Elemental Guard Tower (Shield of Mist)		9999	99		250	enemies,ground					"{""wurs"":[{""level"":0,""column"":0,""type"":""int"",""value"":42}],""aare"":[{""level"":1,""column"":0,""type"":""unreal"",""value"":250}],""achd"":[{""level"":0,""column"":0,""type"":""int"",""value"":0}],""acdn"":[{""level"":1,""column"":0,""type"":""unreal"",""value"":99}],""amcs"":[{""level"":1,""column"":0,""type"":""int"",""value"":9999}],""Nsi1"":[{""level"":1,""column"":1,""type"":""int"",""value"":1}],""adur"":[{""level"":1,""column"":0,""type"":""unreal"",""value"":60}],""ahdu"":[{""level"":1,""column"":0,""type"":""unreal"",""value"":60}],""areq"":[{""level"":0,""column"":0,""type"":""string"",""value"":""""}],""atar"":[{""level"":1,""column"":0,""type"":""string"",""value"":""enemies,ground""}],""anam"":[{""level"":0,""column"":0,""type"":""string"",""value"":""ELE: Elemental Guard Tower (Shield of Mist)""}]}"
custom	A0DB	AIlx	ELE: Elemental Guard Tower						air,enemies,ground					"{""wurs"":[{""level"":0,""column"":0,""type"":""int"",""value"":42}],""Idam"":[{""level"":1,""column"":1,""type"":""unreal"",""value"":0}],""Iob2"":[{""level"":1,""column"":2,""type"":""unreal"",""value"":70}],""Iob3"":[{""level"":1,""column"":3,""type"":""unreal"",""value"":70}],""Iob4"":[{""level"":1,""column"":4,""type"":""unreal"",""value"":70}],""aite"":[{""level"":0,""column"":0,""type"":""int"",""value"":0}],""amho"":[{""level"":0,""column"":0,""type"":""int"",""value"":0}],""arac"":[{""level"":0,""column"":0,""type"":""string"",""value"":""human""}],""atar"":[{""level"":1,""column"":0,""type"":""string"",""value"":""air,enemies,ground""}],""Iobu"":[{""level"":1,""column"":0,""type"":""string"",""value"":""A0DC""}],""amat"":[{""level"":0,""column"":0,""type"":""string"",""value"":""Abilities\\Weapons\\ZigguratFrostMissile\\ZigguratFrostMissile.mdl""}],""anam"":[{""level"":0,""column"":0,""type"":""string"",""value"":""ELE: Elemental Guard Tower""}],""asat"":[{""level"":0,""column"":0,""type"":""string"",""value"":""""}],""aspt"":[{""level"":0,""column"":0,""type"":""string"",""value"":""""}],""atat"":[{""level"":0,""column"":0,""type"":""string"",""value"":""""}],""ata0"":[{""level"":0,""column"":0,""type"":""string"",""value"":""""}]}"
custom	A0DC	ACtb	ELE: Elemental Guard Tower (Boulder)		9999	99			air,enemies,ground					"{""wurs"":[{""level"":0,""column"":0,""type"":""int"",""value"":42}],""acdn"":[{""level"":1,""column"":0,""type"":""unreal"",""value"":99}],""amcs"":[{""level"":1,""column"":0,""type"":""int"",""value"":9999}],""adur"":[{""level"":1,""column"":0,""type"":""unreal"",""value"":10}],""ahdu"":[{""level"":1,""column"":0,""type"":""unreal"",""value"":5}],""atar"":[{""level"":1,""column"":0,""type"":""string"",""value"":""air,enemies,ground""}],""anam"":[{""level"":0,""column"":0,""type"":""string"",""value"":""ELE: Elemental Guard Tower (Boulder)""}]}"
custom	A0DD	ANcl		1								|cffFFD900Choose Chaos Legion|r	The Forces of Chaos summon horrible demons and use destructive magic to defeat their enemies. Chaos has no siege unit, but many strong units with chaos damage. Chaos has NO TOWER!	"{""wurs"":[{""level"":0,""column"":0,""type"":""int"",""value"":42}],""Ncl1"":[{""level"":1,""column"":1,""type"":""unreal"",""value"":0.01}],""Ncl3"":[{""level"":1,""column"":3,""type"":""int"",""value"":17}],""Ncl6"":[{""level"":1,""column"":6,""type"":""string"",""value"":""creephealoff""}],""aher"":[{""level"":0,""column"":0,""type"":""int"",""value"":0}],""alev"":[{""level"":0,""column"":0,""type"":""int"",""value"":1}],""aord"":[{""level"":0,""column"":0,""type"":""string"",""value"":""creephealoff""}],""aart"":[{""level"":0,""column"":0,""type"":""string"",""value"":""ReplaceableTextures\\CommandButtons\\BTNChaosGrom.blp""}],""abpy"":[{""level"":0,""column"":0,""type"":""int"",""value"":2}],""acat"":[{""level"":0,""column"":0,""type"":""string"",""value"":""""}],""aeat"":[{""level"":0,""column"":0,""type"":""string"",""value"":""""}],""atat"":[{""level"":0,""column"":0,""type"":""string"",""value"":""""}],""atp1"":[{""level"":1,""column"":0,""type"":""string"",""value"":""|cffFFD900Choose Chaos Legion|r""}],""aub1"":[{""level"":1,""column"":0,""type"":""string"",""value"":""The Forces of Chaos summon horrible demons and use destructive magic to defeat their enemies. Chaos has no siege unit, but many strong units with chaos damage. Chaos has NO TOWER!""}]}"
custom	A0DE	ANcl		1								|cffFFD900Choose the Elven Union|r	The elven races have gathered to defend their realms. Elves use strong magic to weaken enemies and aid friendly units. They've got a pretty good siege weapon and a low ranged tower with multishot.	"{""wurs"":[{""level"":0,""column"":0,""type"":""int"",""value"":42}],""Ncl1"":[{""level"":1,""column"":1,""type"":""unreal"",""value"":0.01}],""Ncl3"":[{""level"":1,""column"":3,""type"":""int"",""value"":17}],""Ncl6"":[{""level"":1,""column"":6,""type"":""string"",""value"":""creepheal""}],""aher"":[{""level"":0,""column"":0,""type"":""int"",""value"":0}],""alev"":[{""level"":0,""column"":0,""type"":""int"",""value"":1}],""aord"":[{""level"":0,""column"":0,""type"":""string"",""value"":""creepheal""}],""aart"":[{""level"":0,""column"":0,""type"":""string"",""value"":""ReplaceableTextures\\CommandButtons\\BTNElfVillager.blp""}],""acat"":[{""level"":0,""column"":0,""type"":""string"",""value"":""""}],""aeat"":[{""level"":0,""column"":0,""type"":""string"",""value"":""""}],""atat"":[{""level"":0,""column"":0,""type"":""string"",""value"":""""}],""atp1"":[{""level"":1,""column"":0,""type"":""string"",""value"":""|cffFFD900Choose the Elven Union|r""}],""aub1"":[{""level"":1,""column"":0,""type"":""string"",""value"":""The elven races have gathered to defend their realms. Elves use strong magic to weaken enemies and aid friendly units. They've got a pretty good siege weapon and a low ranged tower with multishot.""}]}"
custom	A0DF	ANcl		1								|cffFFD900Choose Corrupted Ones Conglomerate|r	Corrupted by evil demons, these former friendly creatures have turned into minions of darkness. They use dark magic to influence their enemies and can build a tower with splash damage.	"{""wurs"":[{""level"":0,""column"":0,""type"":""int"",""value"":42}],""Ncl1"":[{""level"":1,""column"":1,""type"":""unreal"",""value"":0.01}],""Ncl3"":[{""level"":1,""column"":3,""type"":""int"",""value"":17}],""Ncl6"":[{""level"":1,""column"":6,""type"":""string"",""value"":""creepdevour""}],""aher"":[{""level"":0,""column"":0,""type"":""int"",""value"":0}],""alev"":[{""level"":0,""column"":0,""type"":""int"",""value"":1}],""aord"":[{""level"":0,""column"":0,""type"":""string"",""value"":""creepdevour""}],""aart"":[{""level"":0,""column"":0,""type"":""string"",""value"":""ReplaceableTextures\\CommandButtons\\BTNShade.blp""}],""abpx"":[{""level"":0,""column"":0,""type"":""int"",""value"":0}],""abpy"":[{""level"":0,""column"":0,""type"":""int"",""value"":1}],""acat"":[{""level"":0,""column"":0,""type"":""string"",""value"":""""}],""aeat"":[{""level"":0,""column"":0,""type"":""string"",""value"":""""}],""atat"":[{""level"":0,""column"":0,""type"":""string"",""value"":""""}],""atp1"":[{""level"":1,""column"":0,""type"":""string"",""value"":""|cffFFD900Choose Corrupted Ones Conglomerate|r""}],""aub1"":[{""level"":1,""column"":0,""type"":""string"",""value"":""Corrupted by evil demons, these former friendly creatures have turned into minions of darkness. They use dark magic to influence their enemies and can build a tower with splash damage.""}]}"
custom	A0DG	ANcl		1								|cffFFD900Choose Human Alliance|r	Humans use many cheap units to overrun the enemy. They can use artillery to demolish the enemy base without having to attack it directly. This race has a basic defense tower.	"{""wurs"":[{""level"":0,""column"":0,""type"":""int"",""value"":42}],""Ncl1"":[{""level"":1,""column"":1,""type"":""unreal"",""value"":0.01}],""Ncl3"":[{""level"":1,""column"":3,""type"":""int"",""value"":17}],""Ncl6"":[{""level"":1,""column"":6,""type"":""string"",""value"":""creepanimatedead""}],""aher"":[{""level"":0,""column"":0,""type"":""int"",""value"":0}],""alev"":[{""level"":0,""column"":0,""type"":""int"",""value"":1}],""aord"":[{""level"":0,""column"":0,""type"":""string"",""value"":""creepanimatedead""}],""aart"":[{""level"":0,""column"":0,""type"":""string"",""value"":""ReplaceableTextures\\CommandButtons\\BTNPeasant.blp""}],""abpx"":[{""level"":0,""column"":0,""type"":""int"",""value"":0}],""acat"":[{""level"":0,""column"":0,""type"":""string"",""value"":""""}],""aeat"":[{""level"":0,""column"":0,""type"":""string"",""value"":""""}],""atat"":[{""level"":0,""column"":0,""type"":""string"",""value"":""""}],""atp1"":[{""level"":1,""column"":0,""type"":""string"",""value"":""|cffFFD900Choose Human Alliance|r""}],""aub1"":[{""level"":1,""column"":0,""type"":""string"",""value"":""Humans use many cheap units to overrun the enemy. They can use artillery to demolish the enemy base without having to attack it directly. This race has a basic defense tower.""}]}"
custom	A0DH	ANcl		1								|cffFFD900Choose the Orcish Horde|r	The Orcish Horde trains tough fighters and supports them with shamanic magic. Their axe masters are feared all over the battlefield. An anti-air tower is available to Orcs.	"{""wurs"":[{""level"":0,""column"":0,""type"":""int"",""value"":42}],""Ncl1"":[{""level"":1,""column"":1,""type"":""unreal"",""value"":0.01}],""Ncl3"":[{""level"":1,""column"":3,""type"":""int"",""value"":17}],""Ncl6"":[{""level"":1,""column"":6,""type"":""string"",""value"":""corporealform""}],""aher"":[{""level"":0,""column"":0,""type"":""int"",""value"":0}],""alev"":[{""level"":0,""column"":0,""type"":""int"",""value"":1}],""aord"":[{""level"":0,""column"":0,""type"":""string"",""value"":""corporealform""}],""aart"":[{""level"":0,""column"":0,""type"":""string"",""value"":""ReplaceableTextures\\CommandButtons\\BTNPeon.blp""}],""abpx"":[{""level"":0,""column"":0,""type"":""int"",""value"":1}],""acat"":[{""level"":0,""column"":0,""type"":""string"",""value"":""""}],""aeat"":[{""level"":0,""column"":0,""type"":""string"",""value"":""""}],""atat"":[{""level"":0,""column"":0,""type"":""string"",""value"":""""}],""atp1"":[{""level"":1,""column"":0,""type"":""string"",""value"":""|cffFFD900Choose the Orcish Horde|r""}],""aub1"":[{""level"":1,""column"":0,""type"":""string"",""value"":""The Orcish Horde trains tough fighters and supports them with shamanic magic. Their axe masters are feared all over the battlefield. An anti-air tower is available to Orcs.""}]}"
custom	A0DI	ANcl		1								|cffFFD900Choose Naga Faction|r	The Nagas have above average powerful units with a high hitpoint regeneration. In addition many expensive special buildings are available to them. But note that this race has NO TOWERS!	"{""wurs"":[{""level"":0,""column"":0,""type"":""int"",""value"":42}],""Ncl1"":[{""level"":1,""column"":1,""type"":""unreal"",""value"":0.01}],""Ncl3"":[{""level"":1,""column"":3,""type"":""int"",""value"":17}],""Ncl6"":[{""level"":1,""column"":6,""type"":""string"",""value"":""controlmagic""}],""aher"":[{""level"":0,""column"":0,""type"":""int"",""value"":0}],""alev"":[{""level"":0,""column"":0,""type"":""int"",""value"":1}],""aord"":[{""level"":0,""column"":0,""type"":""string"",""value"":""controlmagic""}],""aart"":[{""level"":0,""column"":0,""type"":""string"",""value"":""ReplaceableTextures\\CommandButtons\\BTNMurgalSlave.blp""}],""abpx"":[{""level"":0,""column"":0,""type"":""int"",""value"":1}],""abpy"":[{""level"":0,""column"":0,""type"":""int"",""value"":1}],""acat"":[{""level"":0,""column"":0,""type"":""string"",""value"":""""}],""aeat"":[{""level"":0,""column"":0,""type"":""string"",""value"":""""}],""atat"":[{""level"":0,""column"":0,""type"":""string"",""value"":""""}],""atp1"":[{""level"":1,""column"":0,""type"":""string"",""value"":""|cffFFD900Choose Naga Faction|r""}],""aub1"":[{""level"":1,""column"":0,""type"":""string"",""value"":""The Nagas have above average powerful units with a high hitpoint regeneration. In addition many expensive special buildings are available to them. But note that this race has NO TOWERS!""}]}"
custom	A0DJ	ANcl		1								|cffFFD900Choose Northern Realms|r	The nordic creatures stand united against everyone who wants to invade their beloved icy plains and mountains. They use strong freezing and chilling magic. Nordics can defend their buildings with a chilling splash tower.	"{""wurs"":[{""level"":0,""column"":0,""type"":""int"",""value"":42}],""Ncl1"":[{""level"":1,""column"":1,""type"":""unreal"",""value"":0.01}],""Ncl3"":[{""level"":1,""column"":3,""type"":""int"",""value"":17}],""Ncl6"":[{""level"":1,""column"":6,""type"":""string"",""value"":""coldarrowstarg""}],""aher"":[{""level"":0,""column"":0,""type"":""int"",""value"":0}],""alev"":[{""level"":0,""column"":0,""type"":""int"",""value"":1}],""aord"":[{""level"":0,""column"":0,""type"":""string"",""value"":""coldarrowstarg""}],""aart"":[{""level"":0,""column"":0,""type"":""string"",""value"":""ReplaceableTextures\\CommandButtons\\BTNVillagerMan1.blp""}],""abpy"":[{""level"":0,""column"":0,""type"":""int"",""value"":1}],""acat"":[{""level"":0,""column"":0,""type"":""string"",""value"":""""}],""aeat"":[{""level"":0,""column"":0,""type"":""string"",""value"":""""}],""atat"":[{""level"":0,""column"":0,""type"":""string"",""value"":""""}],""atp1"":[{""level"":1,""column"":0,""type"":""string"",""value"":""|cffFFD900Choose Northern Realms|r""}],""aub1"":[{""level"":1,""column"":0,""type"":""string"",""value"":""The nordic creatures stand united against everyone who wants to invade their beloved icy plains and mountains. They use strong freezing and chilling magic. Nordics can defend their buildings with a chilling splash tower.""}]}"
custom	A0DK	ANcl		1								|cffFFD900Choose Night Elves|r	Night Elfs have split from the Elven Union and fight on their own for their goddess Elune. They are fragile creatures but they know how to evade enemies blows and protect themselves from harmful magic. They have a tower with feedback.	"{""wurs"":[{""level"":0,""column"":0,""type"":""int"",""value"":42}],""Ncl1"":[{""level"":1,""column"":1,""type"":""unreal"",""value"":0.01}],""Ncl3"":[{""level"":1,""column"":3,""type"":""int"",""value"":17}],""Ncl6"":[{""level"":1,""column"":6,""type"":""string"",""value"":""coldarrows""}],""aher"":[{""level"":0,""column"":0,""type"":""int"",""value"":0}],""alev"":[{""level"":0,""column"":0,""type"":""int"",""value"":1}],""aord"":[{""level"":0,""column"":0,""type"":""string"",""value"":""coldarrows""}],""aart"":[{""level"":0,""column"":0,""type"":""string"",""value"":""ReplaceableTextures\\CommandButtons\\BTNNightElfRunner.blp""}],""abpx"":[{""level"":0,""column"":0,""type"":""int"",""value"":0}],""abpy"":[{""level"":0,""column"":0,""type"":""int"",""value"":2}],""acat"":[{""level"":0,""column"":0,""type"":""string"",""value"":""""}],""aeat"":[{""level"":0,""column"":0,""type"":""string"",""value"":""""}],""atat"":[{""level"":0,""column"":0,""type"":""string"",""value"":""""}],""atp1"":[{""level"":1,""column"":0,""type"":""string"",""value"":""|cffFFD900Choose Night Elves|r""}],""aub1"":[{""level"":1,""column"":0,""type"":""string"",""value"":""Night Elfs have split from the Elven Union and fight on their own for their goddess Elune. They are fragile creatures but they know how to evade enemies blows and protect themselves from harmful magic. They have a tower with feedback.""}]}"
custom	A0DL	ANcl		1								|cffFFD900Choose the Undead Forces|r	Undead Forces use necromantic magic to reanimate dead units. They bring death and disease to their enemies. An undead builder is able to construct a spirit tower to defend your base.	"{""wurs"":[{""level"":0,""column"":0,""type"":""int"",""value"":42}],""Ncl1"":[{""level"":1,""column"":1,""type"":""unreal"",""value"":0.01}],""Ncl3"":[{""level"":1,""column"":3,""type"":""int"",""value"":17}],""Ncl6"":[{""level"":1,""column"":6,""type"":""string"",""value"":""coupleinstant""}],""aher"":[{""level"":0,""column"":0,""type"":""int"",""value"":0}],""alev"":[{""level"":0,""column"":0,""type"":""int"",""value"":1}],""aord"":[{""level"":0,""column"":0,""type"":""string"",""value"":""coupleinstant""}],""aart"":[{""level"":0,""column"":0,""type"":""string"",""value"":""ReplaceableTextures\\CommandButtons\\BTNAcolyte.blp""}],""abpx"":[{""level"":0,""column"":0,""type"":""int"",""value"":1}],""abpy"":[{""level"":0,""column"":0,""type"":""int"",""value"":2}],""acat"":[{""level"":0,""column"":0,""type"":""string"",""value"":""""}],""aeat"":[{""level"":0,""column"":0,""type"":""string"",""value"":""""}],""atat"":[{""level"":0,""column"":0,""type"":""string"",""value"":""""}],""atp1"":[{""level"":1,""column"":0,""type"":""string"",""value"":""|cffFFD900Choose the Undead Forces|r""}],""aub1"":[{""level"":1,""column"":0,""type"":""string"",""value"":""Undead Forces use necromantic magic to reanimate dead units. They bring death and disease to their enemies. An undead builder is able to construct a spirit tower to defend your base.""}]}"
custom	A0DM	ANcl		1								|cffFFD900Choose Mech Coalition|r	Clever goblin tinkers and machinists have gathered to assemble their own army! Their units have a lot of splash damage and high armor but lack ranged and magic attacks. They have a good tower with a bouncing attack.	"{""wurs"":[{""level"":0,""column"":0,""type"":""int"",""value"":42}],""Ncl1"":[{""level"":1,""column"":1,""type"":""unreal"",""value"":0.01}],""Ncl3"":[{""level"":1,""column"":3,""type"":""int"",""value"":17}],""Ncl6"":[{""level"":1,""column"":6,""type"":""string"",""value"":""cloudoffog""}],""aher"":[{""level"":0,""column"":0,""type"":""int"",""value"":0}],""alev"":[{""level"":0,""column"":0,""type"":""int"",""value"":1}],""aord"":[{""level"":0,""column"":0,""type"":""string"",""value"":""cloudoffog""}],""aart"":[{""level"":0,""column"":0,""type"":""string"",""value"":""ReplaceableTextures\\CommandButtons\\BTNHeroTinker.blp""}],""abpx"":[{""level"":0,""column"":0,""type"":""int"",""value"":0}],""acat"":[{""level"":0,""column"":0,""type"":""string"",""value"":""""}],""aeat"":[{""level"":0,""column"":0,""type"":""string"",""value"":""""}],""atat"":[{""level"":0,""column"":0,""type"":""string"",""value"":""""}],""atp1"":[{""level"":1,""column"":0,""type"":""string"",""value"":""|cffFFD900Choose Mech Coalition|r""}],""aub1"":[{""level"":1,""column"":0,""type"":""string"",""value"":""Clever goblin tinkers and machinists have gathered to assemble their own army! Their units have a lot of splash damage and high armor but lack ranged and magic attacks. They have a good tower with a bouncing attack.""}]}"
custom	A0DN	ANcl		1								|cffFFD900Choose Nature Force|r	The forces of Nature itself are called to fight for their masters. Specializing in strong units and healing buffs, the Nature Race is slightly more expensive but better than the average race.	"{""wurs"":[{""level"":0,""column"":0,""type"":""int"",""value"":42}],""Ncl1"":[{""level"":1,""column"":1,""type"":""unreal"",""value"":0.01}],""Ncl3"":[{""level"":1,""column"":3,""type"":""int"",""value"":17}],""Ncl6"":[{""level"":1,""column"":6,""type"":""string"",""value"":""chemicalrage""}],""aher"":[{""level"":0,""column"":0,""type"":""int"",""value"":0}],""alev"":[{""level"":0,""column"":0,""type"":""int"",""value"":1}],""aord"":[{""level"":0,""column"":0,""type"":""string"",""value"":""chemicalrage""}],""aart"":[{""level"":0,""column"":0,""type"":""string"",""value"":""ReplaceableTextures\\CommandButtons\\BTNEnt.blp""}],""abpx"":[{""level"":0,""column"":0,""type"":""int"",""value"":1}],""acat"":[{""level"":0,""column"":0,""type"":""string"",""value"":""""}],""aeat"":[{""level"":0,""column"":0,""type"":""string"",""value"":""""}],""atat"":[{""level"":0,""column"":0,""type"":""string"",""value"":""""}],""atp1"":[{""level"":1,""column"":0,""type"":""string"",""value"":""|cffFFD900Choose Nature Force|r""}],""aub1"":[{""level"":1,""column"":0,""type"":""string"",""value"":""The forces of Nature itself are called to fight for their masters. Specializing in strong units and healing buffs, the Nature Race is slightly more expensive but better than the average race.""}]}"
custom	A0DO	ANcl		1								|cffFFD900Choose Elementals' Universe|r	Elementals is the eldest race and exists since universe  appeared. Its units are pretty strong but also expensive. Elementals use control of elements for destroying its enemies and reinforcement magic for allies. This is the unique race that can decrease build time for its units. Has defense tower.	"{""wurs"":[{""level"":0,""column"":0,""type"":""int"",""value"":42}],""Ncl1"":[{""level"":1,""column"":1,""type"":""unreal"",""value"":0.01}],""Ncl3"":[{""level"":1,""column"":3,""type"":""int"",""value"":17}],""Ncl6"":[{""level"":1,""column"":6,""type"":""string"",""value"":""charm""}],""aher"":[{""level"":0,""column"":0,""type"":""int"",""value"":0}],""alev"":[{""level"":0,""column"":0,""type"":""int"",""value"":1}],""aord"":[{""level"":0,""column"":0,""type"":""string"",""value"":""charm""}],""aart"":[{""level"":0,""column"":0,""type"":""string"",""value"":""ReplaceableTextures\\CommandButtons\\BTNWisp.blp""}],""acat"":[{""level"":0,""column"":0,""type"":""string"",""value"":""""}],""aeat"":[{""level"":0,""column"":0,""type"":""string"",""value"":""""}],""atat"":[{""level"":0,""column"":0,""type"":""string"",""value"":""""}],""atp1"":[{""level"":1,""column"":0,""type"":""string"",""value"":""|cffFFD900Choose Elementals' Universe|r""}],""aub1"":[{""level"":1,""column"":0,""type"":""string"",""value"":""Elementals is the eldest race and exists since universe  appeared. Its units are pretty strong but also expensive. Elementals use control of elements for destroying its enemies and reinforcement magic for allies. This is the unique race that can decrease build time for its units. Has defense tower.""}]}"
custom	A0DP	ANcl		1								Next	Next page.	"{""wurs"":[{""level"":0,""column"":0,""type"":""int"",""value"":42}],""Ncl1"":[{""level"":1,""column"":1,""type"":""unreal"",""value"":0.01}],""Ncl3"":[{""level"":1,""column"":3,""type"":""int"",""value"":17}],""Ncl5"":[{""level"":1,""column"":5,""type"":""int"",""value"":0}],""Ncl6"":[{""level"":1,""column"":6,""type"":""string"",""value"":""clusterrockets""}],""aher"":[{""level"":0,""column"":0,""type"":""int"",""value"":0}],""alev"":[{""level"":0,""column"":0,""type"":""int"",""value"":1}],""aord"":[{""level"":0,""column"":0,""type"":""string"",""value"":""clusterrockets""}],""aart"":[{""level"":0,""column"":0,""type"":""string"",""value"":""ReplaceableTextures\\CommandButtons\\BTNReplay-Speeddown.blp""}],""abpx"":[{""level"":0,""column"":0,""type"":""int"",""value"":3}],""abpy"":[{""level"":0,""column"":0,""type"":""int"",""value"":2}],""acat"":[{""level"":0,""column"":0,""type"":""string"",""value"":""""}],""aeat"":[{""level"":0,""column"":0,""type"":""string"",""value"":""""}],""atat"":[{""level"":0,""column"":0,""type"":""string"",""value"":""""}],""atp1"":[{""level"":1,""column"":0,""type"":""string"",""value"":""Next""}],""aub1"":[{""level"":1,""column"":0,""type"":""string"",""value"":""Next page.""}]}"
custom	A0DQ	ANcl		1								Previous	Previous page.	"{""wurs"":[{""level"":0,""column"":0,""type"":""int"",""value"":42}],""Ncl1"":[{""level"":1,""column"":1,""type"":""unreal"",""value"":0.01}],""Ncl3"":[{""level"":1,""column"":3,""type"":""int"",""value"":17}],""Ncl5"":[{""level"":1,""column"":5,""type"":""int"",""value"":0}],""Ncl6"":[{""level"":1,""column"":6,""type"":""string"",""value"":""corrosivebreath""}],""aher"":[{""level"":0,""column"":0,""type"":""int"",""value"":0}],""alev"":[{""level"":0,""column"":0,""type"":""int"",""value"":1}],""aord"":[{""level"":0,""column"":0,""type"":""string"",""value"":""corrosivebreath""}],""aart"":[{""level"":0,""column"":0,""type"":""string"",""value"":""ReplaceableTextures\\CommandButtons\\BTNReplay-Speedup.blp""}],""abpx"":[{""level"":0,""column"":0,""type"":""int"",""value"":3}],""acat"":[{""level"":0,""column"":0,""type"":""string"",""value"":""""}],""aeat"":[{""level"":0,""column"":0,""type"":""string"",""value"":""""}],""atat"":[{""level"":0,""column"":0,""type"":""string"",""value"":""""}],""atp1"":[{""level"":1,""column"":0,""type"":""string"",""value"":""Previous""}],""aub1"":[{""level"":1,""column"":0,""type"":""string"",""value"":""Previous page.""}]}"
custom	A0DR	ANcl		1								|cffFFD900Random Race|r	You will get a random race.	"{""wurs"":[{""level"":0,""column"":0,""type"":""int"",""value"":42}],""Ncl1"":[{""level"":1,""column"":1,""type"":""unreal"",""value"":0.01}],""Ncl3"":[{""level"":1,""column"":3,""type"":""int"",""value"":17}],""Ncl6"":[{""level"":1,""column"":6,""type"":""string"",""value"":""coupletarget""}],""aher"":[{""level"":0,""column"":0,""type"":""int"",""value"":0}],""alev"":[{""level"":0,""column"":0,""type"":""int"",""value"":1}],""aord"":[{""level"":0,""column"":0,""type"":""string"",""value"":""coupletarget""}],""aart"":[{""level"":0,""column"":0,""type"":""string"",""value"":""ReplaceableTextures\\CommandButtons\\BTNAuraOfDarkness.blp""}],""abpx"":[{""level"":0,""column"":0,""type"":""int"",""value"":3}],""abpy"":[{""level"":0,""column"":0,""type"":""int"",""value"":1}],""acat"":[{""level"":0,""column"":0,""type"":""string"",""value"":""""}],""aeat"":[{""level"":0,""column"":0,""type"":""string"",""value"":""""}],""atat"":[{""level"":0,""column"":0,""type"":""string"",""value"":""""}],""atp1"":[{""level"":1,""column"":0,""type"":""string"",""value"":""|cffFFD900Random Race|r""}],""aub1"":[{""level"":1,""column"":0,""type"":""string"",""value"":""You will get a random race.""}]}"
custom	A0DS	ANcl	Elemental Building	1										"{""wurs"":[{""level"":0,""column"":0,""type"":""int"",""value"":42}],""Ncl6"":[{""level"":1,""column"":6,""type"":""string"",""value"":""roar""}],""aher"":[{""level"":0,""column"":0,""type"":""int"",""value"":0}],""alev"":[{""level"":0,""column"":0,""type"":""int"",""value"":1}],""aord"":[{""level"":0,""column"":0,""type"":""string"",""value"":""roar""}],""arac"":[{""level"":0,""column"":0,""type"":""string"",""value"":""human""}],""anam"":[{""level"":0,""column"":0,""type"":""string"",""value"":""Elemental Building""}]}"
custom	A0DT	ACpa	Lesser Water Elemental		9999	99	99999		enemies,ground,invulnerable,mechanical,neutral,structure			Trains Lesser Elemental Of Water	|cffffac00Unit|r / |cffffffffSpawn rate: |r|cffffff0022|rs|n|n|cffffffffAttack |r|cff959697(ground)|r|cffffffff: |rNormal (|cffffff0030|r range, |cffffff0028|r dps)|n|cffffffffAttack |r|cff959697(air)|r|cffffffff: |rPierce (|cffffff00120|r range, |cffffff0018|r dps)|n|cffffffffArmor:|r Medium (|cffffff001|r) / |cffffffffHitpoints:|r |cffffff00300|r|n|n|cff80ff00Liquid Body|r • Attacks that directly target this unit have a |cffffff0050|r% chance to do no damage and spell damage taken is reduced by |cffffff0030|r%.	"{""wurs"":[{""level"":0,""column"":0,""type"":""int"",""value"":42}],""abuf"":[{""level"":1,""column"":0,""type"":""string"",""value"":""""}],""Npa6"":[{""level"":1,""column"":0,""type"":""unreal"",""value"":0.01}],""acdn"":[{""level"":1,""column"":0,""type"":""unreal"",""value"":99}],""amcs"":[{""level"":1,""column"":0,""type"":""int"",""value"":9999}],""Poi1"":[{""level"":1,""column"":1,""type"":""unreal"",""value"":0}],""Poi4"":[{""level"":1,""column"":4,""type"":""int"",""value"":0}],""adur"":[{""level"":1,""column"":0,""type"":""unreal"",""value"":0.01}],""arac"":[{""level"":0,""column"":0,""type"":""string"",""value"":""orc""}],""aran"":[{""level"":1,""column"":0,""type"":""unreal"",""value"":99999}],""atar"":[{""level"":1,""column"":0,""type"":""string"",""value"":""enemies,ground,invulnerable,mechanical,neutral,structure""}],""ipmu"":[{""level"":1,""column"":0,""type"":""string"",""value"":""nfbr""}],""aart"":[{""level"":0,""column"":0,""type"":""string"",""value"":""ReplaceableTextures\\CommandButtons\\BTNSummonWaterElemental.blp""}],""abpy"":[{""level"":0,""column"":0,""type"":""int"",""value"":0}],""amat"":[{""level"":0,""column"":0,""type"":""string"",""value"":""""}],""anam"":[{""level"":0,""column"":0,""type"":""string"",""value"":""Lesser Water Elemental""}],""atp1"":[{""level"":1,""column"":0,""type"":""string"",""value"":""Trains Lesser Elemental Of Water""}],""aub1"":[{""level"":1,""column"":0,""type"":""string"",""value"":""|cffffac00Unit|r / |cffffffffSpawn rate: |r|cffffff0022|rs|n|n|cffffffffAttack |r|cff959697(ground)|r|cffffffff: |rNormal (|cffffff0030|r range, |cffffff0028|r dps)|n|cffffffffAttack |r|cff959697(air)|r|cffffffff: |rPierce (|cffffff00120|r range, |cffffff0018|r dps)|n|cffffffffArmor:|r Medium (|cffffff001|r) / |cffffffffHitpoints:|r |cffffff00300|r|n|n|cff80ff00Liquid Body|r • Attacks that directly target this unit have a |cffffff0050|r% chance to do no damage and spell damage taken is reduced by |cffffff0030|r%.""}],""auar"":[{""level"":0,""column"":0,""type"":""string"",""value"":""ReplaceableTextures\\CommandButtons\\BTNSummonWaterElemental.blp""}],""auby"":[{""level"":0,""column"":0,""type"":""int"",""value"":0}]}"
custom	A0DU	AEfn	NAT: Force of Nature	1	9999	99		300						"{""wurs"":[{""level"":0,""column"":0,""type"":""int"",""value"":42}],""aare"":[{""level"":1,""column"":0,""type"":""unreal"",""value"":300}],""achd"":[{""level"":0,""column"":0,""type"":""int"",""value"":0}],""acdn"":[{""level"":1,""column"":0,""type"":""unreal"",""value"":99}],""amcs"":[{""level"":1,""column"":0,""type"":""int"",""value"":9999}],""Efn1"":[{""level"":1,""column"":1,""type"":""int"",""value"":10}],""adur"":[{""level"":1,""column"":0,""type"":""unreal"",""value"":20}],""aher"":[{""level"":0,""column"":0,""type"":""int"",""value"":0}],""ahdu"":[{""level"":1,""column"":0,""type"":""unreal"",""value"":20}],""alev"":[{""level"":0,""column"":0,""type"":""int"",""value"":1}],""Efnu"":[{""level"":1,""column"":0,""type"":""string"",""value"":""h06B""}],""anam"":[{""level"":0,""column"":0,""type"":""string"",""value"":""NAT: Force of Nature""}]}"
custom	A0DV	ACpa	ELE: ObeliskOfElements (dummy)		9999	99	99999		enemies,ground,invulnerable,mechanical,neutral,structure			Enchant	Gives 1 of 4 abilities to a random allied unit:|n- Forge Weapon: gives splash damage (250rng, 50%)|n- Rock Shield: adds 15 armor points|n- Haste: increase attack and movement speed by 75% and 25% respectively|n- Rejuvenation: heals 450 hp instantly|n|nHas an extra chance to target units that don't have the enchantment yet	"{""wurs"":[{""level"":0,""column"":0,""type"":""int"",""value"":42}],""abuf"":[{""level"":1,""column"":0,""type"":""string"",""value"":""""}],""Npa6"":[{""level"":1,""column"":0,""type"":""unreal"",""value"":0.01}],""acdn"":[{""level"":1,""column"":0,""type"":""unreal"",""value"":99}],""amcs"":[{""level"":1,""column"":0,""type"":""int"",""value"":9999}],""Poi1"":[{""level"":1,""column"":1,""type"":""unreal"",""value"":0}],""Poi4"":[{""level"":1,""column"":4,""type"":""int"",""value"":0}],""adur"":[{""level"":1,""column"":0,""type"":""unreal"",""value"":0.01}],""arac"":[{""level"":0,""column"":0,""type"":""string"",""value"":""orc""}],""aran"":[{""level"":1,""column"":0,""type"":""unreal"",""value"":99999}],""atar"":[{""level"":1,""column"":0,""type"":""string"",""value"":""enemies,ground,invulnerable,mechanical,neutral,structure""}],""ipmu"":[{""level"":1,""column"":0,""type"":""string"",""value"":""nfbr""}],""aart"":[{""level"":0,""column"":0,""type"":""string"",""value"":""ReplaceableTextures\\CommandButtons\\BTNDizzy.blp""}],""amat"":[{""level"":0,""column"":0,""type"":""string"",""value"":""""}],""anam"":[{""level"":0,""column"":0,""type"":""string"",""value"":""ELE: ObeliskOfElements (dummy)""}],""atp1"":[{""level"":1,""column"":0,""type"":""string"",""value"":""Enchant""}],""aub1"":[{""level"":1,""column"":0,""type"":""string"",""value"":""Gives 1 of 4 abilities to a random allied unit:|n- Forge Weapon: gives splash damage (250rng, 50%)|n- Rock Shield: adds 15 armor points|n- Haste: increase attack and movement speed by 75% and 25% respectively|n- Rejuvenation: heals 450 hp instantly|n|nHas an extra chance to target units that don't have the enchantment yet""}],""auar"":[{""level"":0,""column"":0,""type"":""string"",""value"":""ReplaceableTextures\\CommandButtons\\BTNDizzy.blp""}]}"
custom	A0DW	ANcl		1										"{""wurs"":[{""level"":0,""column"":0,""type"":""int"",""value"":42}],""aher"":[{""level"":0,""column"":0,""type"":""int"",""value"":0}],""alev"":[{""level"":0,""column"":0,""type"":""int"",""value"":1}],""aord"":[{""level"":0,""column"":0,""type"":""string"",""value"":""roar""}],""arac"":[{""level"":0,""column"":0,""type"":""string"",""value"":""human""}]}"
custom	A0DX	ANcl		1										"{""wurs"":[{""level"":0,""column"":0,""type"":""int"",""value"":42}],""aher"":[{""level"":0,""column"":0,""type"":""int"",""value"":0}],""alev"":[{""level"":0,""column"":0,""type"":""int"",""value"":1}],""aord"":[{""level"":0,""column"":0,""type"":""string"",""value"":""roar""}],""arac"":[{""level"":0,""column"":0,""type"":""string"",""value"":""human""}]}"
custom	A0DY	ANlm	ELE: Greater Elemental Of Fire (split)	1	9999	99		0						"{""wurs"":[{""level"":0,""column"":0,""type"":""int"",""value"":42}],""acdn"":[{""level"":1,""column"":0,""type"":""unreal"",""value"":99}],""amcs"":[{""level"":1,""column"":0,""type"":""int"",""value"":9999}],""Nlm2"":[{""level"":1,""column"":2,""type"":""unreal"",""value"":2}],""Nlm5"":[{""level"":1,""column"":5,""type"":""unreal"",""value"":0}],""adur"":[{""level"":1,""column"":0,""type"":""unreal"",""value"":0}],""aher"":[{""level"":0,""column"":0,""type"":""int"",""value"":0}],""ahdu"":[{""level"":1,""column"":0,""type"":""unreal"",""value"":0}],""alev"":[{""level"":0,""column"":0,""type"":""int"",""value"":1}],""Hwe1"":[{""level"":1,""column"":0,""type"":""string"",""value"":""h030""}],""aare"":[{""level"":1,""column"":0,""type"":""unreal"",""value"":0}],""anam"":[{""level"":0,""column"":0,""type"":""string"",""value"":""ELE: Greater Elemental Of Fire (split)""}]}"
custom	A0DZ	ANcl		1										"{""wurs"":[{""level"":0,""column"":0,""type"":""int"",""value"":42}],""aher"":[{""level"":0,""column"":0,""type"":""int"",""value"":0}],""alev"":[{""level"":0,""column"":0,""type"":""int"",""value"":1}],""aord"":[{""level"":0,""column"":0,""type"":""string"",""value"":""roar""}],""arac"":[{""level"":0,""column"":0,""type"":""string"",""value"":""human""}]}"
custom	A0E0	ANcl		1										"{""wurs"":[{""level"":0,""column"":0,""type"":""int"",""value"":42}],""aher"":[{""level"":0,""column"":0,""type"":""int"",""value"":0}],""alev"":[{""level"":0,""column"":0,""type"":""int"",""value"":1}],""aord"":[{""level"":0,""column"":0,""type"":""string"",""value"":""roar""}],""arac"":[{""level"":0,""column"":0,""type"":""string"",""value"":""human""}]}"
custom	A0E1	ACpa			9999	99	800		air,enemies,ground,neutral,nonhero,vulnerable	B019				"{""wurs"":[{""level"":0,""column"":0,""type"":""int"",""value"":42}],""abuf"":[{""level"":1,""column"":0,""type"":""string"",""value"":""B019""}],""Npa6"":[{""level"":1,""column"":0,""type"":""unreal"",""value"":0.01}],""acdn"":[{""level"":1,""column"":0,""type"":""unreal"",""value"":99}],""amcs"":[{""level"":1,""column"":0,""type"":""int"",""value"":9999}],""Poi1"":[{""level"":1,""column"":1,""type"":""unreal"",""value"":0}],""Poi4"":[{""level"":1,""column"":4,""type"":""int"",""value"":0}],""adur"":[{""level"":1,""column"":0,""type"":""unreal"",""value"":0.01}],""ahdu"":[{""level"":1,""column"":0,""type"":""unreal"",""value"":0.01}],""arac"":[{""level"":0,""column"":0,""type"":""string"",""value"":""human""}],""aran"":[{""level"":1,""column"":0,""type"":""unreal"",""value"":800}],""atar"":[{""level"":1,""column"":0,""type"":""string"",""value"":""air,enemies,ground,neutral,nonhero,vulnerable""}],""ipmu"":[{""level"":1,""column"":0,""type"":""string"",""value"":""nfbr""}],""amat"":[{""level"":0,""column"":0,""type"":""string"",""value"":""""}]}"
custom	A0E2	AUfn			"[{""level"":1,""column"":0,""type"":""int"",""value"":9999},{""level"":2,""column"":0,""type"":""int"",""value"":9999},{""level"":3,""column"":0,""type"":""int"",""value"":9999}]"	"[{""level"":1,""column"":0,""type"":""unreal"",""value"":99},{""level"":2,""column"":0,""type"":""unreal"",""value"":99},{""level"":3,""column"":0,""type"":""unreal"",""value"":99}]"	"[{""level"":1,""column"":0,""type"":""unreal"",""value"":600},{""level"":2,""column"":0,""type"":""unreal"",""value"":600},{""level"":3,""column"":0,""type"":""unreal"",""value"":600}]"	"[{""level"":1,""column"":0,""type"":""unreal"",""value"":100},{""level"":3,""column"":0,""type"":""unreal"",""value"":300}]"	"[{""level"":1,""column"":0,""type"":""string"",""value"":""air,enemies,ground,neutral,organic""},{""level"":2,""column"":0,""type"":""string"",""value"":""air,enemies,ground,neutral,organic""},{""level"":3,""column"":0,""type"":""string"",""value"":""air,enemies,ground,neutral,organic""}]"	"[{""level"":1,""column"":0,""type"":""string"",""value"":""B029""},{""level"":2,""column"":0,""type"":""string"",""value"":""B029""},{""level"":3,""column"":0,""type"":""string"",""value"":""B029""}]"				"{""wurs"":[{""level"":0,""column"":0,""type"":""int"",""value"":42}],""aare"":[{""level"":1,""column"":0,""type"":""unreal"",""value"":100},{""level"":3,""column"":0,""type"":""unreal"",""value"":300}],""abuf"":[{""level"":1,""column"":0,""type"":""string"",""value"":""B029""},{""level"":2,""column"":0,""type"":""string"",""value"":""B029""},{""level"":3,""column"":0,""type"":""string"",""value"":""B029""}],""acdn"":[{""level"":1,""column"":0,""type"":""unreal"",""value"":99},{""level"":2,""column"":0,""type"":""unreal"",""value"":99},{""level"":3,""column"":0,""type"":""unreal"",""value"":99}],""amcs"":[{""level"":1,""column"":0,""type"":""int"",""value"":9999},{""level"":2,""column"":0,""type"":""int"",""value"":9999},{""level"":3,""column"":0,""type"":""int"",""value"":9999}],""Ufn2"":[{""level"":1,""column"":2,""type"":""unreal"",""value"":0},{""level"":2,""column"":2,""type"":""unreal"",""value"":0},{""level"":3,""column"":2,""type"":""unreal"",""value"":0}],""adur"":[{""level"":2,""column"":0,""type"":""unreal"",""value"":4},{""level"":3,""column"":0,""type"":""unreal"",""value"":4}],""aher"":[{""level"":0,""column"":0,""type"":""int"",""value"":0}],""ahdu"":[{""level"":2,""column"":0,""type"":""unreal"",""value"":2},{""level"":3,""column"":0,""type"":""unreal"",""value"":2}],""arac"":[{""level"":0,""column"":0,""type"":""string"",""value"":""creeps""}],""aran"":[{""level"":1,""column"":0,""type"":""unreal"",""value"":600},{""level"":2,""column"":0,""type"":""unreal"",""value"":600},{""level"":3,""column"":0,""type"":""unreal"",""value"":600}],""atar"":[{""level"":1,""column"":0,""type"":""string"",""value"":""air,enemies,ground,neutral,organic""},{""level"":2,""column"":0,""type"":""string"",""value"":""air,enemies,ground,neutral,organic""},{""level"":3,""column"":0,""type"":""string"",""value"":""air,enemies,ground,neutral,organic""}]}"
custom	A0E3	ACmo	ELE: monsoon		9999				enemies,ground					"{""wurs"":[{""level"":0,""column"":0,""type"":""int"",""value"":42}],""acas"":[{""level"":1,""column"":0,""type"":""unreal"",""value"":0.1}],""amcs"":[{""level"":1,""column"":0,""type"":""int"",""value"":9999}],""Esf1"":[{""level"":1,""column"":1,""type"":""unreal"",""value"":50}],""Esf2"":[{""level"":1,""column"":2,""type"":""unreal"",""value"":1}],""Esf3"":[{""level"":1,""column"":3,""type"":""unreal"",""value"":0}],""adur"":[{""level"":1,""column"":0,""type"":""unreal"",""value"":5}],""ahdu"":[{""level"":1,""column"":0,""type"":""unreal"",""value"":5}],""atar"":[{""level"":1,""column"":0,""type"":""string"",""value"":""enemies,ground""}],""anam"":[{""level"":0,""column"":0,""type"":""string"",""value"":""ELE: monsoon""}]}"
custom	A0E4	ACmo	ELE: monsoon (-na)		9999				enemies,ground					"{""wurs"":[{""level"":0,""column"":0,""type"":""int"",""value"":42}],""acas"":[{""level"":1,""column"":0,""type"":""unreal"",""value"":0.1}],""amcs"":[{""level"":1,""column"":0,""type"":""int"",""value"":9999}],""Esf1"":[{""level"":1,""column"":1,""type"":""unreal"",""value"":50}],""Esf2"":[{""level"":1,""column"":2,""type"":""unreal"",""value"":1}],""Esf3"":[{""level"":1,""column"":3,""type"":""unreal"",""value"":1}],""adur"":[{""level"":1,""column"":0,""type"":""unreal"",""value"":5}],""ahdu"":[{""level"":1,""column"":0,""type"":""unreal"",""value"":5}],""atar"":[{""level"":1,""column"":0,""type"":""string"",""value"":""enemies,ground""}],""anam"":[{""level"":0,""column"":0,""type"":""string"",""value"":""ELE: monsoon (-na)""}]}"
custom	A0E5	Asph	ELE: Elemental of Wind (effect)			99								"{""wurs"":[{""level"":0,""column"":0,""type"":""int"",""value"":42}],""acdn"":[{""level"":1,""column"":0,""type"":""unreal"",""value"":99}],""amsp"":[{""level"":0,""column"":0,""type"":""int"",""value"":400}],""amat"":[{""level"":0,""column"":0,""type"":""string"",""value"":""Abilities\\Spells\\NightElf\\FaerieDragonInvis\\FaerieDragon_Invis.mdl""}],""anam"":[{""level"":0,""column"":0,""type"":""string"",""value"":""ELE: Elemental of Wind (effect)""}],""atat"":[{""level"":0,""column"":0,""type"":""string"",""value"":""Abilities\\Spells\\NightElf\\FaerieDragonInvis\\FaerieDragon_Invis.mdl""}],""ata0"":[{""level"":0,""column"":0,""type"":""string"",""value"":""chest""}],""atac"":[{""level"":0,""column"":0,""type"":""int"",""value"":1}]}"
custom	A0E6	Asph	ELE: Greater Elemental of Wind (effect)			99								"{""wurs"":[{""level"":0,""column"":0,""type"":""int"",""value"":42}],""acdn"":[{""level"":1,""column"":0,""type"":""unreal"",""value"":99}],""amsp"":[{""level"":0,""column"":0,""type"":""int"",""value"":400}],""amat"":[{""level"":0,""column"":0,""type"":""string"",""value"":""Abilities\\Spells\\NightElf\\FaerieDragonInvis\\FaerieDragon_Invis.mdl""}],""anam"":[{""level"":0,""column"":0,""type"":""string"",""value"":""ELE: Greater Elemental of Wind (effect)""}],""atat"":[{""level"":0,""column"":0,""type"":""string"",""value"":""Abilities\\Spells\\Other\\Tornado\\Tornado_Target.mdl""}],""ata0"":[{""level"":0,""column"":0,""type"":""string"",""value"":""chest""}],""ata1"":[{""level"":0,""column"":0,""type"":""string"",""value"":""left,hand""}],""ata2"":[{""level"":0,""column"":0,""type"":""string"",""value"":""right,hand""}]}"
custom	A0E7	ACpa	Water Elemental		9999	99	99999		enemies,ground,invulnerable,mechanical,neutral,structure			Trains Elemental Of Water	|cffffac00Unit|r / |cffffffffSpawn rate: |r|cffffff0031|rs|n|n|cffffffffAttack |r|cff959697(ground)|r|cffffffff: |rNormal (|cffffff0030|r range, |cffffff0040|r dps)|n|cffffffffAttack |r|cff959697(air)|r|cffffffff: |rPierce (|cffffff00120|r range, |cffffff0029|r dps)|n|cffffffffArmor:|r Medium (|cffffff003|r) / |cffffffffHitpoints:|r |cffffff00500|r|n|n|cff80ff00Liquid Body|r • Attacks that directly target this unit have a |cffffff0060|r% chance to do no damage and spell damage taken is reduced by |cffffff0040|r%.	"{""wurs"":[{""level"":0,""column"":0,""type"":""int"",""value"":42}],""abuf"":[{""level"":1,""column"":0,""type"":""string"",""value"":""""}],""Npa6"":[{""level"":1,""column"":0,""type"":""unreal"",""value"":0.01}],""acdn"":[{""level"":1,""column"":0,""type"":""unreal"",""value"":99}],""amcs"":[{""level"":1,""column"":0,""type"":""int"",""value"":9999}],""Poi1"":[{""level"":1,""column"":1,""type"":""unreal"",""value"":0}],""Poi4"":[{""level"":1,""column"":4,""type"":""int"",""value"":0}],""adur"":[{""level"":1,""column"":0,""type"":""unreal"",""value"":0.01}],""arac"":[{""level"":0,""column"":0,""type"":""string"",""value"":""orc""}],""aran"":[{""level"":1,""column"":0,""type"":""unreal"",""value"":99999}],""atar"":[{""level"":1,""column"":0,""type"":""string"",""value"":""enemies,ground,invulnerable,mechanical,neutral,structure""}],""ipmu"":[{""level"":1,""column"":0,""type"":""string"",""value"":""nfbr""}],""aart"":[{""level"":0,""column"":0,""type"":""string"",""value"":""ReplaceableTextures\\CommandButtons\\BTNSummonWaterElemental.blp""}],""abpy"":[{""level"":0,""column"":0,""type"":""int"",""value"":0}],""amat"":[{""level"":0,""column"":0,""type"":""string"",""value"":""""}],""anam"":[{""level"":0,""column"":0,""type"":""string"",""value"":""Water Elemental""}],""atp1"":[{""level"":1,""column"":0,""type"":""string"",""value"":""Trains Elemental Of Water""}],""aub1"":[{""level"":1,""column"":0,""type"":""string"",""value"":""|cffffac00Unit|r / |cffffffffSpawn rate: |r|cffffff0031|rs|n|n|cffffffffAttack |r|cff959697(ground)|r|cffffffff: |rNormal (|cffffff0030|r range, |cffffff0040|r dps)|n|cffffffffAttack |r|cff959697(air)|r|cffffffff: |rPierce (|cffffff00120|r range, |cffffff0029|r dps)|n|cffffffffArmor:|r Medium (|cffffff003|r) / |cffffffffHitpoints:|r |cffffff00500|r|n|n|cff80ff00Liquid Body|r • Attacks that directly target this unit have a |cffffff0060|r% chance to do no damage and spell damage taken is reduced by |cffffff0040|r%.""}],""auar"":[{""level"":0,""column"":0,""type"":""string"",""value"":""ReplaceableTextures\\CommandButtons\\BTNSummonWaterElemental.blp""}],""auby"":[{""level"":0,""column"":0,""type"":""int"",""value"":0}]}"
custom	A0E8	ACpa	Greater Water Elemental		9999	99	99999		enemies,ground,invulnerable,mechanical,neutral,structure			Trains Greater Elemental Of Water	|cffffac00Unit|r / |cffffffffSpawn rate: |r|cffffff0040|rs|n|n|cffffffffAttack |r|cff959697(ground)|r|cffffffff: |rNormal (|cffffff0030|r range, |cffffff0066|r dps)|n|cffffffffAttack |r|cff959697(air)|r|cffffffff: |rPierce (|cffffff00120|r range, |cffffff0066|r dps)|n|cffffffffArmor:|r Medium (|cffffff007|r) / |cffffffffHitpoints:|r |cffffff00650|r|n|n|cff80ff00Illusion|r • Attacks have a |cffffff0020|r% chance to create an imperfect copy of this unit. It takes |cffffff00100|r% more damage and has |cffffff0040|r% less attack.|n|n|cff80ff00Liquid Body|r • Attacks that directly target this unit have a |cffffff0070|r% chance to do no damage and spell damage taken is reduced by |cffffff0050|r%.	"{""wurs"":[{""level"":0,""column"":0,""type"":""int"",""value"":42}],""abuf"":[{""level"":1,""column"":0,""type"":""string"",""value"":""""}],""Npa6"":[{""level"":1,""column"":0,""type"":""unreal"",""value"":0.01}],""acdn"":[{""level"":1,""column"":0,""type"":""unreal"",""value"":99}],""amcs"":[{""level"":1,""column"":0,""type"":""int"",""value"":9999}],""Poi1"":[{""level"":1,""column"":1,""type"":""unreal"",""value"":0}],""Poi4"":[{""level"":1,""column"":4,""type"":""int"",""value"":0}],""adur"":[{""level"":1,""column"":0,""type"":""unreal"",""value"":0.01}],""arac"":[{""level"":0,""column"":0,""type"":""string"",""value"":""orc""}],""aran"":[{""level"":1,""column"":0,""type"":""unreal"",""value"":99999}],""atar"":[{""level"":1,""column"":0,""type"":""string"",""value"":""enemies,ground,invulnerable,mechanical,neutral,structure""}],""ipmu"":[{""level"":1,""column"":0,""type"":""string"",""value"":""nfbr""}],""aart"":[{""level"":0,""column"":0,""type"":""string"",""value"":""ReplaceableTextures\\CommandButtons\\BTNSeaElemental.blp""}],""abpy"":[{""level"":0,""column"":0,""type"":""int"",""value"":0}],""amat"":[{""level"":0,""column"":0,""type"":""string"",""value"":""""}],""anam"":[{""level"":0,""column"":0,""type"":""string"",""value"":""Greater Water Elemental""}],""atp1"":[{""level"":1,""column"":0,""type"":""string"",""value"":""Trains Greater Elemental Of Water""}],""aub1"":[{""level"":1,""column"":0,""type"":""string"",""value"":""|cffffac00Unit|r / |cffffffffSpawn rate: |r|cffffff0040|rs|n|n|cffffffffAttack |r|cff959697(ground)|r|cffffffff: |rNormal (|cffffff0030|r range, |cffffff0066|r dps)|n|cffffffffAttack |r|cff959697(air)|r|cffffffff: |rPierce (|cffffff00120|r range, |cffffff0066|r dps)|n|cffffffffArmor:|r Medium (|cffffff007|r) / |cffffffffHitpoints:|r |cffffff00650|r|n|n|cff80ff00Illusion|r • Attacks have a |cffffff0020|r% chance to create an imperfect copy of this unit. It takes |cffffff00100|r% more damage and has |cffffff0040|r% less attack.|n|n|cff80ff00Liquid Body|r • Attacks that directly target this unit have a |cffffff0070|r% chance to do no damage and spell damage taken is reduced by |cffffff0050|r%.""}],""auar"":[{""level"":0,""column"":0,""type"":""string"",""value"":""ReplaceableTextures\\CommandButtons\\BTNSeaElemental.blp""}],""auby"":[{""level"":0,""column"":0,""type"":""int"",""value"":0}],""aut1"":[{""level"":1,""column"":0,""type"":""string"",""value"":""""}],""auu1"":[{""level"":1,""column"":0,""type"":""string"",""value"":""""}]}"
custom	A0E9	ACpa	Elemental Of Earth		9999	99	99999		enemies,ground,invulnerable,mechanical,neutral,structure			Trains Elemental of Earth	|n|cffFFFF80Attack:|r Siege (|cffFFFF00melee|r,|cffFFFF00 50|r dps)|n|cffFFFF80Armor:|r Hero (|cffFFFF004|r)|n|cffFFFF80Hitpoints: |cffFFFF00450|r|n|cffFFFF80Abilities:|r|n|n|cff80ff00Pulverize|r|nDeals 100 damage with 20% chance in 200 AoE and half of damage in 300 AoE|n|n|cff80ff00Power of Earth|r|nDeals additional damage proportionally to the elemental's current life (50dmg*currentHP/maxHP)	"{""wurs"":[{""level"":0,""column"":0,""type"":""int"",""value"":42}],""abuf"":[{""level"":1,""column"":0,""type"":""string"",""value"":""""}],""Npa6"":[{""level"":1,""column"":0,""type"":""unreal"",""value"":0.01}],""acdn"":[{""level"":1,""column"":0,""type"":""unreal"",""value"":99}],""amcs"":[{""level"":1,""column"":0,""type"":""int"",""value"":9999}],""Poi1"":[{""level"":1,""column"":1,""type"":""unreal"",""value"":0}],""Poi4"":[{""level"":1,""column"":4,""type"":""int"",""value"":0}],""adur"":[{""level"":1,""column"":0,""type"":""unreal"",""value"":0.01}],""arac"":[{""level"":0,""column"":0,""type"":""string"",""value"":""orc""}],""aran"":[{""level"":1,""column"":0,""type"":""unreal"",""value"":99999}],""atar"":[{""level"":1,""column"":0,""type"":""string"",""value"":""enemies,ground,invulnerable,mechanical,neutral,structure""}],""ipmu"":[{""level"":1,""column"":0,""type"":""string"",""value"":""nfbr""}],""aart"":[{""level"":0,""column"":0,""type"":""string"",""value"":""ReplaceableTextures\\CommandButtons\\BTNRockGolem.blp""}],""abpy"":[{""level"":0,""column"":0,""type"":""int"",""value"":0}],""amat"":[{""level"":0,""column"":0,""type"":""string"",""value"":""""}],""anam"":[{""level"":0,""column"":0,""type"":""string"",""value"":""Elemental Of Earth""}],""atp1"":[{""level"":1,""column"":0,""type"":""string"",""value"":""Trains Elemental of Earth""}],""aub1"":[{""level"":1,""column"":0,""type"":""string"",""value"":""|n|cffFFFF80Attack:|r Siege (|cffFFFF00melee|r,|cffFFFF00 50|r dps)|n|cffFFFF80Armor:|r Hero (|cffFFFF004|r)|n|cffFFFF80Hitpoints: |cffFFFF00450|r|n|cffFFFF80Abilities:|r|n|n|cff80ff00Pulverize|r|nDeals 100 damage with 20% chance in 200 AoE and half of damage in 300 AoE|n|n|cff80ff00Power of Earth|r|nDeals additional damage proportionally to the elemental's current life (50dmg*currentHP/maxHP)""}],""auar"":[{""level"":0,""column"":0,""type"":""string"",""value"":""ReplaceableTextures\\CommandButtons\\BTNRockGolem.blp""}],""auby"":[{""level"":0,""column"":0,""type"":""int"",""value"":0}]}"
custom	A0EA	ACpa	Greater Elemental Of Earth		9999	99	99999		enemies,ground,invulnerable,mechanical,neutral,structure			Trains Greater Elemental of Earth	|n|cffFFFF80Attack:|r Siege (|cffFFFF00melee|r,|cffFFFF00 83|r dps)|n|cffFFFF80Armor:|r Hero (|cffFFFF008|r)|n|cffFFFF80Hitpoints: |cffFFFF00950|r|n|cffFFFF80Abilities:|r|n|n|cff80ff00Pulverize|r|nDeals 200 damage with 25% in 200 AoE and half of damage in 300 AoE|n|n|cff80ff00Power of Earth|r|nDeals additional damage proportionally to the elemental's current life (100dmg*currentHP/maxHP)	"{""wurs"":[{""level"":0,""column"":0,""type"":""int"",""value"":42}],""abuf"":[{""level"":1,""column"":0,""type"":""string"",""value"":""""}],""Npa6"":[{""level"":1,""column"":0,""type"":""unreal"",""value"":0.01}],""acdn"":[{""level"":1,""column"":0,""type"":""unreal"",""value"":99}],""amcs"":[{""level"":1,""column"":0,""type"":""int"",""value"":9999}],""Poi1"":[{""level"":1,""column"":1,""type"":""unreal"",""value"":0}],""Poi4"":[{""level"":1,""column"":4,""type"":""int"",""value"":0}],""adur"":[{""level"":1,""column"":0,""type"":""unreal"",""value"":0.01}],""arac"":[{""level"":0,""column"":0,""type"":""string"",""value"":""orc""}],""aran"":[{""level"":1,""column"":0,""type"":""unreal"",""value"":99999}],""atar"":[{""level"":1,""column"":0,""type"":""string"",""value"":""enemies,ground,invulnerable,mechanical,neutral,structure""}],""ipmu"":[{""level"":1,""column"":0,""type"":""string"",""value"":""nfbr""}],""aart"":[{""level"":0,""column"":0,""type"":""string"",""value"":""ReplaceableTextures\\CommandButtons\\BTNRockGolem.blp""}],""abpy"":[{""level"":0,""column"":0,""type"":""int"",""value"":0}],""amat"":[{""level"":0,""column"":0,""type"":""string"",""value"":""""}],""anam"":[{""level"":0,""column"":0,""type"":""string"",""value"":""Greater Elemental Of Earth""}],""atp1"":[{""level"":1,""column"":0,""type"":""string"",""value"":""Trains Greater Elemental of Earth""}],""aub1"":[{""level"":1,""column"":0,""type"":""string"",""value"":""|n|cffFFFF80Attack:|r Siege (|cffFFFF00melee|r,|cffFFFF00 83|r dps)|n|cffFFFF80Armor:|r Hero (|cffFFFF008|r)|n|cffFFFF80Hitpoints: |cffFFFF00950|r|n|cffFFFF80Abilities:|r|n|n|cff80ff00Pulverize|r|nDeals 200 damage with 25% in 200 AoE and half of damage in 300 AoE|n|n|cff80ff00Power of Earth|r|nDeals additional damage proportionally to the elemental's current life (100dmg*currentHP/maxHP)""}],""auar"":[{""level"":0,""column"":0,""type"":""string"",""value"":""ReplaceableTextures\\CommandButtons\\BTNRockGolem.blp""}],""auby"":[{""level"":0,""column"":0,""type"":""int"",""value"":0}]}"
custom	A0EB	ACpa	Elemental Of Lightning		9999	99	99999		enemies,ground,invulnerable,mechanical,neutral,structure			Trains Elemental of Lightning	|n|cffFFFF80Attack:|r Spell (|cffFFFF00350|r rng|r,|cffFFFF00 1|r dps)|n|cffFFFF80Armor:|r Heavy (|cffFFFF003|r)|n|cffFFFF80Hitpoints: |cffFFFF00400|r|n|cffFFFF80Abilities:|r|n|n|cff80ff00Lightning Attack|r|nDeals 50 damage up to 3 targets in 600 range|n|n|cff80ff00Lightning Shield|r|nWhenever elemental is attacked by melee unit there is 15% chance on attacker get stunned for 2 seconds	"{""wurs"":[{""level"":0,""column"":0,""type"":""int"",""value"":42}],""abuf"":[{""level"":1,""column"":0,""type"":""string"",""value"":""""}],""Npa6"":[{""level"":1,""column"":0,""type"":""unreal"",""value"":0.01}],""acdn"":[{""level"":1,""column"":0,""type"":""unreal"",""value"":99}],""amcs"":[{""level"":1,""column"":0,""type"":""int"",""value"":9999}],""Poi1"":[{""level"":1,""column"":1,""type"":""unreal"",""value"":0}],""Poi4"":[{""level"":1,""column"":4,""type"":""int"",""value"":0}],""adur"":[{""level"":1,""column"":0,""type"":""unreal"",""value"":0.01}],""arac"":[{""level"":0,""column"":0,""type"":""string"",""value"":""orc""}],""aran"":[{""level"":1,""column"":0,""type"":""unreal"",""value"":99999}],""atar"":[{""level"":1,""column"":0,""type"":""string"",""value"":""enemies,ground,invulnerable,mechanical,neutral,structure""}],""ipmu"":[{""level"":1,""column"":0,""type"":""string"",""value"":""nfbr""}],""aart"":[{""level"":0,""column"":0,""type"":""string"",""value"":""ReplaceableTextures\\CommandButtons\\BTNDeepLordRevenant.blp""}],""abpy"":[{""level"":0,""column"":0,""type"":""int"",""value"":0}],""amat"":[{""level"":0,""column"":0,""type"":""string"",""value"":""""}],""anam"":[{""level"":0,""column"":0,""type"":""string"",""value"":""Elemental Of Lightning""}],""atp1"":[{""level"":1,""column"":0,""type"":""string"",""value"":""Trains Elemental of Lightning""}],""aub1"":[{""level"":1,""column"":0,""type"":""string"",""value"":""|n|cffFFFF80Attack:|r Spell (|cffFFFF00350|r rng|r,|cffFFFF00 1|r dps)|n|cffFFFF80Armor:|r Heavy (|cffFFFF003|r)|n|cffFFFF80Hitpoints: |cffFFFF00400|r|n|cffFFFF80Abilities:|r|n|n|cff80ff00Lightning Attack|r|nDeals 50 damage up to 3 targets in 600 range|n|n|cff80ff00Lightning Shield|r|nWhenever elemental is attacked by melee unit there is 15% chance on attacker get stunned for 2 seconds""}],""auar"":[{""level"":0,""column"":0,""type"":""string"",""value"":""ReplaceableTextures\\CommandButtons\\BTNDeepLordRevenant.blp""}],""auby"":[{""level"":0,""column"":0,""type"":""int"",""value"":0}]}"
custom	A0EC	ACpa	Greater Elemental Of Lightning		9999	99	99999		enemies,ground,invulnerable,mechanical,neutral,structure			Trains Greater Elemental of Lightning	|n|cffFFFF80Attack:|r Spell (|cffFFFF00400|r rng|r,|cffFFFF00 1|r dps)|n|cffFFFF80Armor:|r Heavy (|cffFFFF009|r)|n|cffFFFF80Hitpoints: |cffFFFF00800|r|n|cffFFFF80Abilities:|r|n|n|cff80ff00Lightning Attack|r|nDeals 80 damage up to 5 targets in 600 range|n|n|cff80ff00Lightning Shield|r|nWhenever elemental is attacked by melee unit there is 30% chance on attacker get stunned for 4 seconds	"{""wurs"":[{""level"":0,""column"":0,""type"":""int"",""value"":42}],""abuf"":[{""level"":1,""column"":0,""type"":""string"",""value"":""""}],""Npa6"":[{""level"":1,""column"":0,""type"":""unreal"",""value"":0.01}],""acdn"":[{""level"":1,""column"":0,""type"":""unreal"",""value"":99}],""amcs"":[{""level"":1,""column"":0,""type"":""int"",""value"":9999}],""Poi1"":[{""level"":1,""column"":1,""type"":""unreal"",""value"":0}],""Poi4"":[{""level"":1,""column"":4,""type"":""int"",""value"":0}],""adur"":[{""level"":1,""column"":0,""type"":""unreal"",""value"":0.01}],""arac"":[{""level"":0,""column"":0,""type"":""string"",""value"":""orc""}],""aran"":[{""level"":1,""column"":0,""type"":""unreal"",""value"":99999}],""atar"":[{""level"":1,""column"":0,""type"":""string"",""value"":""enemies,ground,invulnerable,mechanical,neutral,structure""}],""ipmu"":[{""level"":1,""column"":0,""type"":""string"",""value"":""nfbr""}],""aart"":[{""level"":0,""column"":0,""type"":""string"",""value"":""ReplaceableTextures\\CommandButtons\\BTNRevenant.blp""}],""abpy"":[{""level"":0,""column"":0,""type"":""int"",""value"":0}],""amat"":[{""level"":0,""column"":0,""type"":""string"",""value"":""""}],""anam"":[{""level"":0,""column"":0,""type"":""string"",""value"":""Greater Elemental Of Lightning""}],""atp1"":[{""level"":1,""column"":0,""type"":""string"",""value"":""Trains Greater Elemental of Lightning""}],""aub1"":[{""level"":1,""column"":0,""type"":""string"",""value"":""|n|cffFFFF80Attack:|r Spell (|cffFFFF00400|r rng|r,|cffFFFF00 1|r dps)|n|cffFFFF80Armor:|r Heavy (|cffFFFF009|r)|n|cffFFFF80Hitpoints: |cffFFFF00800|r|n|cffFFFF80Abilities:|r|n|n|cff80ff00Lightning Attack|r|nDeals 80 damage up to 5 targets in 600 range|n|n|cff80ff00Lightning Shield|r|nWhenever elemental is attacked by melee unit there is 30% chance on attacker get stunned for 4 seconds""}],""auar"":[{""level"":0,""column"":0,""type"":""string"",""value"":""ReplaceableTextures\\CommandButtons\\BTNRevenant.blp""}],""auby"":[{""level"":0,""column"":0,""type"":""int"",""value"":0}]}"
custom	A0ED	ACpa	Elemental Of Fire		9999	99	99999		enemies,ground,invulnerable,mechanical,neutral,structure			Trains Elemental Of Fire	|n|cffFFFF80Attack:|r Chaos (|cffFFFF00400|r rng|r,|cffFFFF00 34|r dps)|n|cffFFFF80Armor:|r Heavy (|cffFFFF003|r)|n|cffFFFF80Hitpoints: |cffFFFF00525|r	"{""wurs"":[{""level"":0,""column"":0,""type"":""int"",""value"":42}],""abuf"":[{""level"":1,""column"":0,""type"":""string"",""value"":""""}],""Npa6"":[{""level"":1,""column"":0,""type"":""unreal"",""value"":0.01}],""acdn"":[{""level"":1,""column"":0,""type"":""unreal"",""value"":99}],""amcs"":[{""level"":1,""column"":0,""type"":""int"",""value"":9999}],""Poi1"":[{""level"":1,""column"":1,""type"":""unreal"",""value"":0}],""Poi4"":[{""level"":1,""column"":4,""type"":""int"",""value"":0}],""adur"":[{""level"":1,""column"":0,""type"":""unreal"",""value"":0.01}],""arac"":[{""level"":0,""column"":0,""type"":""string"",""value"":""orc""}],""aran"":[{""level"":1,""column"":0,""type"":""unreal"",""value"":99999}],""atar"":[{""level"":1,""column"":0,""type"":""string"",""value"":""enemies,ground,invulnerable,mechanical,neutral,structure""}],""ipmu"":[{""level"":1,""column"":0,""type"":""string"",""value"":""nfbr""}],""aart"":[{""level"":0,""column"":0,""type"":""string"",""value"":""ReplaceableTextures\\CommandButtons\\BTNLavaSpawn.blp""}],""abpy"":[{""level"":0,""column"":0,""type"":""int"",""value"":0}],""amat"":[{""level"":0,""column"":0,""type"":""string"",""value"":""""}],""anam"":[{""level"":0,""column"":0,""type"":""string"",""value"":""Elemental Of Fire""}],""atp1"":[{""level"":1,""column"":0,""type"":""string"",""value"":""Trains Elemental Of Fire""}],""aub1"":[{""level"":1,""column"":0,""type"":""string"",""value"":""|n|cffFFFF80Attack:|r Chaos (|cffFFFF00400|r rng|r,|cffFFFF00 34|r dps)|n|cffFFFF80Armor:|r Heavy (|cffFFFF003|r)|n|cffFFFF80Hitpoints: |cffFFFF00525|r""}],""auar"":[{""level"":0,""column"":0,""type"":""string"",""value"":""ReplaceableTextures\\CommandButtons\\BTNLavaSpawn.blp""}],""auby"":[{""level"":0,""column"":0,""type"":""int"",""value"":0}]}"
custom	A0EE	ACpa	Greater Elemental Of Fire		9999	99	99999		enemies,ground,invulnerable,mechanical,neutral,structure			Trains Greater Elemental Of Fire	|n|cffFFFF80Attack:|r Chaos (|cffFFFF00450|r rng|r,|cffFFFF00 51|r dps)|n|cffFFFF80Armor:|r Heavy (|cffFFFF007|r)|n|cffFFFF80Hitpoints: |cffFFFF00900|r|n|cffFFFF80Abilities:|r|n|n|cff80ff00Split|r|nEvery 15 attacks elemental splits into 2|n|n|cff80ff00Fire Breath|r|nHas 20% chance to cast Fire Breath on attack. Deals 150 damage.	"{""wurs"":[{""level"":0,""column"":0,""type"":""int"",""value"":42}],""abuf"":[{""level"":1,""column"":0,""type"":""string"",""value"":""""}],""Npa6"":[{""level"":1,""column"":0,""type"":""unreal"",""value"":0.01}],""acdn"":[{""level"":1,""column"":0,""type"":""unreal"",""value"":99}],""amcs"":[{""level"":1,""column"":0,""type"":""int"",""value"":9999}],""Poi1"":[{""level"":1,""column"":1,""type"":""unreal"",""value"":0}],""Poi4"":[{""level"":1,""column"":4,""type"":""int"",""value"":0}],""adur"":[{""level"":1,""column"":0,""type"":""unreal"",""value"":0.01}],""arac"":[{""level"":0,""column"":0,""type"":""string"",""value"":""orc""}],""aran"":[{""level"":1,""column"":0,""type"":""unreal"",""value"":99999}],""atar"":[{""level"":1,""column"":0,""type"":""string"",""value"":""enemies,ground,invulnerable,mechanical,neutral,structure""}],""ipmu"":[{""level"":1,""column"":0,""type"":""string"",""value"":""nfbr""}],""aart"":[{""level"":0,""column"":0,""type"":""string"",""value"":""ReplaceableTextures\\CommandButtons\\BTNHeroAvatarOfFlame.blp""}],""abpy"":[{""level"":0,""column"":0,""type"":""int"",""value"":0}],""amat"":[{""level"":0,""column"":0,""type"":""string"",""value"":""""}],""anam"":[{""level"":0,""column"":0,""type"":""string"",""value"":""Greater Elemental Of Fire""}],""atp1"":[{""level"":1,""column"":0,""type"":""string"",""value"":""Trains Greater Elemental Of Fire""}],""aub1"":[{""level"":1,""column"":0,""type"":""string"",""value"":""|n|cffFFFF80Attack:|r Chaos (|cffFFFF00450|r rng|r,|cffFFFF00 51|r dps)|n|cffFFFF80Armor:|r Heavy (|cffFFFF007|r)|n|cffFFFF80Hitpoints: |cffFFFF00900|r|n|cffFFFF80Abilities:|r|n|n|cff80ff00Split|r|nEvery 15 attacks elemental splits into 2|n|n|cff80ff00Fire Breath|r|nHas 20% chance to cast Fire Breath on attack. Deals 150 damage.""}],""auar"":[{""level"":0,""column"":0,""type"":""string"",""value"":""ReplaceableTextures\\CommandButtons\\BTNHeroAvatarOfFlame.blp""}],""auby"":[{""level"":0,""column"":0,""type"":""int"",""value"":0}]}"
custom	A0EF	ACpa	Lesser Elemental Of Wind		9999	99	99999		enemies,ground,invulnerable,mechanical,neutral,structure			Trains Lesser Elemental of Wind	|n|cffFFFF80Attack:|r Pierce (|cffFFFF00400|r rng|r,|cffFFFF00 30|r dps)|n|cffFFFF80Armor:|r Medium (|cffFFFF002|r)|n|cffFFFF80Hitpoints: |cffFFFF00350|r|n|cffFFFF80Abilities:|r|n|n|cff80ff00Flying|r|nThis unit is flying	"{""wurs"":[{""level"":0,""column"":0,""type"":""int"",""value"":42}],""abuf"":[{""level"":1,""column"":0,""type"":""string"",""value"":""""}],""Npa6"":[{""level"":1,""column"":0,""type"":""unreal"",""value"":0.01}],""acdn"":[{""level"":1,""column"":0,""type"":""unreal"",""value"":99}],""amcs"":[{""level"":1,""column"":0,""type"":""int"",""value"":9999}],""Poi1"":[{""level"":1,""column"":1,""type"":""unreal"",""value"":0}],""Poi4"":[{""level"":1,""column"":4,""type"":""int"",""value"":0}],""adur"":[{""level"":1,""column"":0,""type"":""unreal"",""value"":0.01}],""arac"":[{""level"":0,""column"":0,""type"":""string"",""value"":""orc""}],""aran"":[{""level"":1,""column"":0,""type"":""unreal"",""value"":99999}],""atar"":[{""level"":1,""column"":0,""type"":""string"",""value"":""enemies,ground,invulnerable,mechanical,neutral,structure""}],""ipmu"":[{""level"":1,""column"":0,""type"":""string"",""value"":""nfbr""}],""aart"":[{""level"":0,""column"":0,""type"":""string"",""value"":""ReplaceableTextures\\CommandButtons\\BTNSpiritWyvern.blp""}],""abpy"":[{""level"":0,""column"":0,""type"":""int"",""value"":0}],""amat"":[{""level"":0,""column"":0,""type"":""string"",""value"":""""}],""anam"":[{""level"":0,""column"":0,""type"":""string"",""value"":""Lesser Elemental Of Wind""}],""atp1"":[{""level"":1,""column"":0,""type"":""string"",""value"":""Trains Lesser Elemental of Wind""}],""aub1"":[{""level"":1,""column"":0,""type"":""string"",""value"":""|n|cffFFFF80Attack:|r Pierce (|cffFFFF00400|r rng|r,|cffFFFF00 30|r dps)|n|cffFFFF80Armor:|r Medium (|cffFFFF002|r)|n|cffFFFF80Hitpoints: |cffFFFF00350|r|n|cffFFFF80Abilities:|r|n|n|cff80ff00Flying|r|nThis unit is flying""}],""auar"":[{""level"":0,""column"":0,""type"":""string"",""value"":""ReplaceableTextures\\CommandButtons\\BTNSpiritWyvern.blp""}],""auby"":[{""level"":0,""column"":0,""type"":""int"",""value"":0}]}"
custom	A0EG	ACpa	Elemental Of Wind		9999	99	99999		enemies,ground,invulnerable,mechanical,neutral,structure			Trains Elemental of Wind	|n|cffFFFF80Attack: 1|r Pierce (|cffFFFF00450|r rng|r,|cffFFFF00 43|r dps)|n|cffFFFF80Attack: 2|r Pierce (|cffFFFF00450|r rng|r,|cffFFFF00 37|r dps)|n|cffFFFF80Armor:|r Medium (|cffFFFF004|r)|n|cffFFFF80Hitpoints: |cffFFFF00550|r|n|cffFFFF80Abilities:|r|n|n|cff80ff00Flying|r|nThis unit is flying|n|n|cff80ff00Gale|r|nReduces attack and movement speed of enemy air units by 20% in 500 range	"{""wurs"":[{""level"":0,""column"":0,""type"":""int"",""value"":42}],""abuf"":[{""level"":1,""column"":0,""type"":""string"",""value"":""""}],""Npa6"":[{""level"":1,""column"":0,""type"":""unreal"",""value"":0.01}],""acdn"":[{""level"":1,""column"":0,""type"":""unreal"",""value"":99}],""amcs"":[{""level"":1,""column"":0,""type"":""int"",""value"":9999}],""Poi1"":[{""level"":1,""column"":1,""type"":""unreal"",""value"":0}],""Poi4"":[{""level"":1,""column"":4,""type"":""int"",""value"":0}],""adur"":[{""level"":1,""column"":0,""type"":""unreal"",""value"":0.01}],""arac"":[{""level"":0,""column"":0,""type"":""string"",""value"":""orc""}],""aran"":[{""level"":1,""column"":0,""type"":""unreal"",""value"":99999}],""atar"":[{""level"":1,""column"":0,""type"":""string"",""value"":""enemies,ground,invulnerable,mechanical,neutral,structure""}],""ipmu"":[{""level"":1,""column"":0,""type"":""string"",""value"":""nfbr""}],""aart"":[{""level"":0,""column"":0,""type"":""string"",""value"":""ReplaceableTextures\\CommandButtons\\BTNSpiritWyvern.blp""}],""abpy"":[{""level"":0,""column"":0,""type"":""int"",""value"":0}],""amat"":[{""level"":0,""column"":0,""type"":""string"",""value"":""""}],""anam"":[{""level"":0,""column"":0,""type"":""string"",""value"":""Elemental Of Wind""}],""atp1"":[{""level"":1,""column"":0,""type"":""string"",""value"":""Trains Elemental of Wind""}],""aub1"":[{""level"":1,""column"":0,""type"":""string"",""value"":""|n|cffFFFF80Attack: 1|r Pierce (|cffFFFF00450|r rng|r,|cffFFFF00 43|r dps)|n|cffFFFF80Attack: 2|r Pierce (|cffFFFF00450|r rng|r,|cffFFFF00 37|r dps)|n|cffFFFF80Armor:|r Medium (|cffFFFF004|r)|n|cffFFFF80Hitpoints: |cffFFFF00550|r|n|cffFFFF80Abilities:|r|n|n|cff80ff00Flying|r|nThis unit is flying|n|n|cff80ff00Gale|r|nReduces attack and movement speed of enemy air units by 20% in 500 range""}],""auar"":[{""level"":0,""column"":0,""type"":""string"",""value"":""ReplaceableTextures\\CommandButtons\\BTNSpiritWyvern.blp""}],""auby"":[{""level"":0,""column"":0,""type"":""int"",""value"":0}]}"
custom	A0EH	ACpa	Greater Elemental Of Wind		9999	99	99999		enemies,ground,invulnerable,mechanical,neutral,structure			Trains Greater Elemental of Wind	|n|cffFFFF80Attack: 1|r Pierce (|cffFFFF00450|r rng|r,|cffFFFF00 55|r dps)|n|cffFFFF80Attack: 2|r Pierce (|cffFFFF00450|r rng|r,|cffFFFF00 43|r dps)|n|cffFFFF80Armor:|r Medium (|cffFFFF009|r)|n|cffFFFF80Hitpoints: |cffFFFF001300|r|n|cffFFFF80Abilities:|r|n|n|cff80ff00Flying|r|nThis unit is flying|n|n|cff80ff00Gale|r|nReduces attack and movement speed of enemy air units by 35% in 500 range	"{""wurs"":[{""level"":0,""column"":0,""type"":""int"",""value"":42}],""abuf"":[{""level"":1,""column"":0,""type"":""string"",""value"":""""}],""Npa6"":[{""level"":1,""column"":0,""type"":""unreal"",""value"":0.01}],""acdn"":[{""level"":1,""column"":0,""type"":""unreal"",""value"":99}],""amcs"":[{""level"":1,""column"":0,""type"":""int"",""value"":9999}],""Poi1"":[{""level"":1,""column"":1,""type"":""unreal"",""value"":0}],""Poi4"":[{""level"":1,""column"":4,""type"":""int"",""value"":0}],""adur"":[{""level"":1,""column"":0,""type"":""unreal"",""value"":0.01}],""arac"":[{""level"":0,""column"":0,""type"":""string"",""value"":""orc""}],""aran"":[{""level"":1,""column"":0,""type"":""unreal"",""value"":99999}],""atar"":[{""level"":1,""column"":0,""type"":""string"",""value"":""enemies,ground,invulnerable,mechanical,neutral,structure""}],""ipmu"":[{""level"":1,""column"":0,""type"":""string"",""value"":""nfbr""}],""aart"":[{""level"":0,""column"":0,""type"":""string"",""value"":""ReplaceableTextures\\CommandButtons\\BTNSpiritWyvern.blp""}],""abpy"":[{""level"":0,""column"":0,""type"":""int"",""value"":0}],""amat"":[{""level"":0,""column"":0,""type"":""string"",""value"":""""}],""anam"":[{""level"":0,""column"":0,""type"":""string"",""value"":""Greater Elemental Of Wind""}],""atp1"":[{""level"":1,""column"":0,""type"":""string"",""value"":""Trains Greater Elemental of Wind""}],""aub1"":[{""level"":1,""column"":0,""type"":""string"",""value"":""|n|cffFFFF80Attack: 1|r Pierce (|cffFFFF00450|r rng|r,|cffFFFF00 55|r dps)|n|cffFFFF80Attack: 2|r Pierce (|cffFFFF00450|r rng|r,|cffFFFF00 43|r dps)|n|cffFFFF80Armor:|r Medium (|cffFFFF009|r)|n|cffFFFF80Hitpoints: |cffFFFF001300|r|n|cffFFFF80Abilities:|r|n|n|cff80ff00Flying|r|nThis unit is flying|n|n|cff80ff00Gale|r|nReduces attack and movement speed of enemy air units by 35% in 500 range""}],""auar"":[{""level"":0,""column"":0,""type"":""string"",""value"":""ReplaceableTextures\\CommandButtons\\BTNSpiritWyvern.blp""}],""auby"":[{""level"":0,""column"":0,""type"":""int"",""value"":0}]}"
custom	A0EI	ACpa	ELE: Book of Conjuration		9999	99	99999		enemies,ground,invulnerable,mechanical,neutral,structure			Elemental Rain	Casts one of the next spells:|n- Monsoon (15dmg/sec, 5 sec)|n- Blizzard (30dmg/wave, 7 waves)|n|n|cffFFFF80Cooldown:|cffFFFF00 15 |rseconds	"{""wurs"":[{""level"":0,""column"":0,""type"":""int"",""value"":42}],""abuf"":[{""level"":1,""column"":0,""type"":""string"",""value"":""""}],""Npa6"":[{""level"":1,""column"":0,""type"":""unreal"",""value"":0.01}],""acdn"":[{""level"":1,""column"":0,""type"":""unreal"",""value"":99}],""amcs"":[{""level"":1,""column"":0,""type"":""int"",""value"":9999}],""Poi1"":[{""level"":1,""column"":1,""type"":""unreal"",""value"":0}],""Poi4"":[{""level"":1,""column"":4,""type"":""int"",""value"":0}],""adur"":[{""level"":1,""column"":0,""type"":""unreal"",""value"":0.01}],""arac"":[{""level"":0,""column"":0,""type"":""string"",""value"":""orc""}],""aran"":[{""level"":1,""column"":0,""type"":""unreal"",""value"":99999}],""atar"":[{""level"":1,""column"":0,""type"":""string"",""value"":""enemies,ground,invulnerable,mechanical,neutral,structure""}],""ipmu"":[{""level"":1,""column"":0,""type"":""string"",""value"":""nfbr""}],""aart"":[{""level"":0,""column"":0,""type"":""string"",""value"":""ReplaceableTextures\\CommandButtons\\BTNBookOfTheDead.blp""}],""amat"":[{""level"":0,""column"":0,""type"":""string"",""value"":""""}],""anam"":[{""level"":0,""column"":0,""type"":""string"",""value"":""ELE: Book of Conjuration""}],""atp1"":[{""level"":1,""column"":0,""type"":""string"",""value"":""Elemental Rain""}],""aub1"":[{""level"":1,""column"":0,""type"":""string"",""value"":""Casts one of the next spells:|n- Monsoon (15dmg/sec, 5 sec)|n- Blizzard (30dmg/wave, 7 waves)|n|n|cffFFFF80Cooldown:|cffFFFF00 15 |rseconds""}],""auar"":[{""level"":0,""column"":0,""type"":""string"",""value"":""ReplaceableTextures\\CommandButtons\\BTNBookOfTheDead.blp""}]}"
custom	A0EJ	Amnx	NAT: Wisp explosion						air,enemies,ground					"{""wurs"":[{""level"":0,""column"":0,""type"":""int"",""value"":42}],""Dda1"":[{""level"":1,""column"":1,""type"":""unreal"",""value"":500}],""Dda2"":[{""level"":1,""column"":2,""type"":""unreal"",""value"":300}],""Dda3"":[{""level"":1,""column"":3,""type"":""unreal"",""value"":700}],""Dda4"":[{""level"":1,""column"":4,""type"":""unreal"",""value"":150}],""arac"":[{""level"":0,""column"":0,""type"":""string"",""value"":""human""}],""atar"":[{""level"":1,""column"":0,""type"":""string"",""value"":""air,enemies,ground""}],""aart"":[{""level"":0,""column"":0,""type"":""string"",""value"":""ReplaceableTextures\\CommandButtons\\BTNInfernalFlameCannon.blp""}],""anam"":[{""level"":0,""column"":0,""type"":""string"",""value"":""NAT: Wisp explosion""}]}"
custom	A0EK	ANcl		1					friend,structure			Mana Transfusion	Transfers 0.30 mana per minute to the targeted building. Targeted building can not be changed to another one. For nonelemental buildings mana regeneration is twice slow.	"{""wurs"":[{""level"":0,""column"":0,""type"":""int"",""value"":42}],""Ncl1"":[{""level"":1,""column"":1,""type"":""unreal"",""value"":0.98}],""Ncl2"":[{""level"":1,""column"":2,""type"":""int"",""value"":1}],""Ncl3"":[{""level"":1,""column"":3,""type"":""int"",""value"":17}],""Ncl6"":[{""level"":1,""column"":6,""type"":""string"",""value"":""absorb""}],""aher"":[{""level"":0,""column"":0,""type"":""int"",""value"":0}],""alev"":[{""level"":0,""column"":0,""type"":""int"",""value"":1}],""aord"":[{""level"":0,""column"":0,""type"":""string"",""value"":""absorb""}],""arac"":[{""level"":0,""column"":0,""type"":""string"",""value"":""human""}],""atar"":[{""level"":1,""column"":0,""type"":""string"",""value"":""friend,structure""}],""aart"":[{""level"":0,""column"":0,""type"":""string"",""value"":""ReplaceableTextures\\CommandButtons\\BTNThunderLizardEgg.blp""}],""abpx"":[{""level"":0,""column"":0,""type"":""int"",""value"":3}],""abpy"":[{""level"":0,""column"":0,""type"":""int"",""value"":2}],""acat"":[{""level"":0,""column"":0,""type"":""string"",""value"":""""}],""aeat"":[{""level"":0,""column"":0,""type"":""string"",""value"":""""}],""ahky"":[{""level"":0,""column"":0,""type"":""string"",""value"":""Q""}],""atat"":[{""level"":0,""column"":0,""type"":""string"",""value"":""""}],""atp1"":[{""level"":1,""column"":0,""type"":""string"",""value"":""Mana Transfusion""}],""aub1"":[{""level"":1,""column"":0,""type"":""string"",""value"":""Transfers 0.30 mana per minute to the targeted building. Targeted building can not be changed to another one. For nonelemental buildings mana regeneration is twice slow.""}]}"
custom	A0EL	ANre		2					"[{""level"":1,""column"":0,""type"":""string"",""value"":""structure,self""},{""level"":2,""column"":0,""type"":""string"",""value"":""structure,self""}]"					"{""wurs"":[{""level"":0,""column"":0,""type"":""int"",""value"":42}],""Arm1"":[{""level"":1,""column"":1,""type"":""unreal"",""value"":0.15},{""level"":2,""column"":1,""type"":""unreal"",""value"":0.3}],""Arm2"":[{""level"":1,""column"":2,""type"":""int"",""value"":0}],""alev"":[{""level"":0,""column"":0,""type"":""int"",""value"":2}],""atar"":[{""level"":1,""column"":0,""type"":""string"",""value"":""structure,self""},{""level"":2,""column"":0,""type"":""string"",""value"":""structure,self""}]}"
custom	A0EM	ACbh	NAT: Wisp (stun)						air,enemies,ground					"{""wurs"":[{""level"":0,""column"":0,""type"":""int"",""value"":42}],""Hbh1"":[{""level"":1,""column"":1,""type"":""unreal"",""value"":50}],""Hbh3"":[{""level"":1,""column"":3,""type"":""unreal"",""value"":0}],""atar"":[{""level"":1,""column"":0,""type"":""string"",""value"":""air,enemies,ground""}],""anam"":[{""level"":0,""column"":0,""type"":""string"",""value"":""NAT: Wisp (stun)""}]}"
custom	A0EN	Asds							air,enemies,ward,structure,debris					"{""wurs"":[{""level"":0,""column"":0,""type"":""int"",""value"":42}],""Dda1"":[{""level"":1,""column"":1,""type"":""unreal"",""value"":250}],""Dda2"":[{""level"":1,""column"":2,""type"":""unreal"",""value"":375}],""Dda3"":[{""level"":1,""column"":3,""type"":""unreal"",""value"":350}],""Dda4"":[{""level"":1,""column"":4,""type"":""unreal"",""value"":225}],""Sds1"":[{""level"":1,""column"":5,""type"":""unreal"",""value"":0.75}],""Sds6"":[{""level"":1,""column"":6,""type"":""int"",""value"":1}],""adur"":[{""level"":1,""column"":0,""type"":""unreal"",""value"":0.01}],""ahdu"":[{""level"":1,""column"":0,""type"":""unreal"",""value"":0.01}],""arac"":[{""level"":0,""column"":0,""type"":""string"",""value"":""human""}],""atar"":[{""level"":1,""column"":0,""type"":""string"",""value"":""air,enemies,ward,structure,debris""}]}"
custom	A0EO	ANcl		1		99						Cancel	Cancels all ongoing recruitment processes.	"{""wurs"":[{""level"":0,""column"":0,""type"":""int"",""value"":42}],""acdn"":[{""level"":1,""column"":0,""type"":""unreal"",""value"":99}],""Ncl1"":[{""level"":1,""column"":1,""type"":""unreal"",""value"":0.01}],""Ncl3"":[{""level"":1,""column"":3,""type"":""int"",""value"":17}],""Ncl6"":[{""level"":1,""column"":6,""type"":""string"",""value"":""absorb""}],""aher"":[{""level"":0,""column"":0,""type"":""int"",""value"":0}],""alev"":[{""level"":0,""column"":0,""type"":""int"",""value"":1}],""aord"":[{""level"":0,""column"":0,""type"":""string"",""value"":""absorb""}],""aart"":[{""level"":0,""column"":0,""type"":""string"",""value"":""ReplaceableTextures\\CommandButtons\\BTNCancel.blp""}],""abpx"":[{""level"":0,""column"":0,""type"":""int"",""value"":3}],""abpy"":[{""level"":0,""column"":0,""type"":""int"",""value"":2}],""acat"":[{""level"":0,""column"":0,""type"":""string"",""value"":""""}],""aeat"":[{""level"":0,""column"":0,""type"":""string"",""value"":""""}],""atat"":[{""level"":0,""column"":0,""type"":""string"",""value"":""""}],""atp1"":[{""level"":1,""column"":0,""type"":""string"",""value"":""Cancel""}],""aub1"":[{""level"":1,""column"":0,""type"":""string"",""value"":""Cancels all ongoing recruitment processes.""}]}"
custom	A0EP	ANak	ELE: Enchant (forged weapon)		9999		1200	250	air,enemies,ground					"{""wurs"":[{""level"":0,""column"":0,""type"":""int"",""value"":42}],""aare"":[{""level"":1,""column"":0,""type"":""unreal"",""value"":250}],""amcs"":[{""level"":1,""column"":0,""type"":""int"",""value"":9999}],""fak1"":[{""level"":1,""column"":1,""type"":""unreal"",""value"":0}],""fak3"":[{""level"":1,""column"":3,""type"":""unreal"",""value"":0}],""fak4"":[{""level"":1,""column"":4,""type"":""unreal"",""value"":250}],""fak5"":[{""level"":1,""column"":5,""type"":""unreal"",""value"":0}],""aran"":[{""level"":1,""column"":0,""type"":""unreal"",""value"":1200}],""atar"":[{""level"":1,""column"":0,""type"":""string"",""value"":""air,enemies,ground""}],""amat"":[{""level"":0,""column"":0,""type"":""string"",""value"":""""}],""anam"":[{""level"":0,""column"":0,""type"":""string"",""value"":""ELE: Enchant (forged weapon)""}]}"
custom	A0EQ	AIlx	NOT WORKING						air,enemies,ground	B02A				"{""wurs"":[{""level"":0,""column"":0,""type"":""int"",""value"":42}],""abuf"":[{""level"":1,""column"":0,""type"":""string"",""value"":""B02A""}],""Idam"":[{""level"":1,""column"":1,""type"":""unreal"",""value"":0}],""Iob2"":[{""level"":1,""column"":2,""type"":""unreal"",""value"":100}],""Iob3"":[{""level"":1,""column"":3,""type"":""unreal"",""value"":100}],""Iob4"":[{""level"":1,""column"":4,""type"":""unreal"",""value"":100}],""aite"":[{""level"":0,""column"":0,""type"":""int"",""value"":0}],""atar"":[{""level"":1,""column"":0,""type"":""string"",""value"":""air,enemies,ground""}],""Iobu"":[{""level"":1,""column"":0,""type"":""string"",""value"":""A0EP""}],""amat"":[{""level"":0,""column"":0,""type"":""string"",""value"":""""}],""anam"":[{""level"":0,""column"":0,""type"":""string"",""value"":""NOT WORKING""}],""asat"":[{""level"":0,""column"":0,""type"":""string"",""value"":""""}],""atat"":[{""level"":0,""column"":0,""type"":""string"",""value"":""""}]}"
custom	A0ER	ANcl		1										"{""wurs"":[{""level"":0,""column"":0,""type"":""int"",""value"":42}],""Ncl6"":[{""level"":1,""column"":6,""type"":""string"",""value"":""roar""}],""aher"":[{""level"":0,""column"":0,""type"":""int"",""value"":0}],""alev"":[{""level"":0,""column"":0,""type"":""int"",""value"":1}],""aord"":[{""level"":0,""column"":0,""type"":""string"",""value"":""roar""}],""arac"":[{""level"":0,""column"":0,""type"":""string"",""value"":""human""}]}"
custom	A0ES	Aasl						350	air,enemies,ground,invulnerable,sapper,vulnerable,ward	B02D				"{""wurs"":[{""level"":0,""column"":0,""type"":""int"",""value"":42}],""aare"":[{""level"":1,""column"":0,""type"":""unreal"",""value"":350}],""abuf"":[{""level"":1,""column"":0,""type"":""string"",""value"":""B02D""}],""Slo1"":[{""level"":1,""column"":1,""type"":""unreal"",""value"":-0.8}],""atar"":[{""level"":1,""column"":0,""type"":""string"",""value"":""air,enemies,ground,invulnerable,sapper,vulnerable,ward""}]}"
custom	A0ET	ACct	ELE: Linker									Link	"When one of your elemental units dies, it heals nearby allied units. Heals 17.5 * (elemental production buildings amount). Can't heal more than 500 hp.
|cffc0c0c0In ultimate modes (-um & -ud) this building will count each player's elemental production buildings separately, as if they had their own linker.|r"	"{""wurs"":[{""level"":0,""column"":0,""type"":""int"",""value"":42}],""arac"":[{""level"":0,""column"":0,""type"":""string"",""value"":""orc""}],""aart"":[{""level"":0,""column"":0,""type"":""string"",""value"":""ReplaceableTextures\\CommandButtons\\BTNMoonStone.blp""}],""abpx"":[{""level"":0,""column"":0,""type"":""int"",""value"":3}],""anam"":[{""level"":0,""column"":0,""type"":""string"",""value"":""ELE: Linker""}],""atp1"":[{""level"":1,""column"":0,""type"":""string"",""value"":""Link""}],""aub1"":[{""level"":1,""column"":0,""type"":""string"",""value"":""When one of your elemental units dies, it heals nearby allied units. Heals 17.5 * (elemental production buildings amount). Can't heal more than 500 hp.\n|cffc0c0c0In ultimate modes (-um & -ud) this building will count each player's elemental production buildings separately, as if they had their own linker.|r""}]}"
custom	A0EU	Afrz	(Sod) Freezing Breath	4				0	"[{""level"":1,""column"":0,""type"":""string"",""value"":""enemies,ground,structure""},{""level"":2,""column"":0,""type"":""string"",""value"":""enemies,ground,structure""},{""level"":3,""column"":0,""type"":""string"",""value"":""enemies,ground,structure""},{""level"":4,""column"":0,""type"":""string"",""value"":""enemies,ground,structure""}]"	"[{""level"":1,""column"":0,""type"":""string"",""value"":""BEsh""},{""level"":2,""column"":0,""type"":""string"",""value"":""BEsh""},{""level"":3,""column"":0,""type"":""string"",""value"":""BEsh""},{""level"":4,""column"":0,""type"":""string"",""value"":""BEsh""}]"				"{""wurs"":[{""level"":0,""column"":0,""type"":""int"",""value"":42}],""aare"":[{""level"":1,""column"":0,""type"":""unreal"",""value"":0}],""abuf"":[{""level"":1,""column"":0,""type"":""string"",""value"":""BEsh""},{""level"":2,""column"":0,""type"":""string"",""value"":""BEsh""},{""level"":3,""column"":0,""type"":""string"",""value"":""BEsh""},{""level"":4,""column"":0,""type"":""string"",""value"":""BEsh""}],""adur"":[{""level"":1,""column"":0,""type"":""unreal"",""value"":360},{""level"":2,""column"":0,""type"":""unreal"",""value"":480},{""level"":3,""column"":0,""type"":""unreal"",""value"":729},{""level"":4,""column"":0,""type"":""unreal"",""value"":1200}],""ahdu"":[{""level"":1,""column"":0,""type"":""unreal"",""value"":0}],""alev"":[{""level"":0,""column"":0,""type"":""int"",""value"":4}],""amsp"":[{""level"":0,""column"":0,""type"":""int"",""value"":1500}],""arac"":[{""level"":0,""column"":0,""type"":""string"",""value"":""orc""}],""areq"":[{""level"":0,""column"":0,""type"":""string"",""value"":""""}],""atar"":[{""level"":1,""column"":0,""type"":""string"",""value"":""enemies,ground,structure""},{""level"":2,""column"":0,""type"":""string"",""value"":""enemies,ground,structure""},{""level"":3,""column"":0,""type"":""string"",""value"":""enemies,ground,structure""},{""level"":4,""column"":0,""type"":""string"",""value"":""enemies,ground,structure""}],""amat"":[{""level"":0,""column"":0,""type"":""string"",""value"":""Abilities\\Weapons\\CryptFiendMissile\\CryptFiendMissileTarget.mdl""}],""anam"":[{""level"":0,""column"":0,""type"":""string"",""value"":""(Sod) Freezing Breath""}]}"
custom	A0EV	Amgl	ELE: Boulder									Boulder	Has a 70% chance to stun unit for 10 seconds and deal 100 additional damage.	"{""wurs"":[{""level"":0,""column"":0,""type"":""int"",""value"":42}],""areq"":[{""level"":0,""column"":0,""type"":""string"",""value"":""""}],""aart"":[{""level"":0,""column"":0,""type"":""string"",""value"":""ReplaceableTextures\\CommandButtons\\BTNGolemStormBolt.blp""}],""abpx"":[{""level"":0,""column"":0,""type"":""int"",""value"":0}],""anam"":[{""level"":0,""column"":0,""type"":""string"",""value"":""ELE: Boulder""}],""atp1"":[{""level"":1,""column"":0,""type"":""string"",""value"":""Boulder""}],""aub1"":[{""level"":1,""column"":0,""type"":""string"",""value"":""Has a 70% chance to stun unit for 10 seconds and deal 100 additional damage.""}]}"
custom	A0EW	Amgl	ELE: Shield of Mist									Shield of Mist	Prevents any melee attack on this tower.	"{""wurs"":[{""level"":0,""column"":0,""type"":""int"",""value"":42}],""areq"":[{""level"":0,""column"":0,""type"":""string"",""value"":""""}],""aart"":[{""level"":0,""column"":0,""type"":""string"",""value"":""ReplaceableTextures\\CommandButtons\\BTNCloudOfFog.blp""}],""abpx"":[{""level"":0,""column"":0,""type"":""int"",""value"":0}],""anam"":[{""level"":0,""column"":0,""type"":""string"",""value"":""ELE: Shield of Mist""}],""atp1"":[{""level"":1,""column"":0,""type"":""string"",""value"":""Shield of Mist""}],""aub1"":[{""level"":1,""column"":0,""type"":""string"",""value"":""Prevents any melee attack on this tower.""}]}"
custom	A0EX	Amgl	ELE: Discharge									Discharge	Every 0.1 seconds deals 25 damage to a random enemy unit.	"{""wurs"":[{""level"":0,""column"":0,""type"":""int"",""value"":42}],""areq"":[{""level"":0,""column"":0,""type"":""string"",""value"":""""}],""aart"":[{""level"":0,""column"":0,""type"":""string"",""value"":""ReplaceableTextures\\CommandButtons\\BTNManaFlare.blp""}],""abpx"":[{""level"":0,""column"":0,""type"":""int"",""value"":0}],""anam"":[{""level"":0,""column"":0,""type"":""string"",""value"":""ELE: Discharge""}],""atp1"":[{""level"":1,""column"":0,""type"":""string"",""value"":""Discharge""}],""aub1"":[{""level"":1,""column"":0,""type"":""string"",""value"":""Every 0.1 seconds deals 25 damage to a random enemy unit.""}]}"
custom	A0EY	ACcr		3	9999		"[{""level"":2,""column"":0,""type"":""unreal"",""value"":600},{""level"":3,""column"":0,""type"":""unreal"",""value"":600}]"		"[{""level"":2,""column"":0,""type"":""string"",""value"":""air,ground,enemy,organic,neutral""},{""level"":3,""column"":0,""type"":""string"",""value"":""air,ground,enemy,organic,neutral""}]"	"[{""level"":1,""column"":0,""type"":""string"",""value"":""B029""},{""level"":2,""column"":0,""type"":""string"",""value"":""B029""},{""level"":3,""column"":0,""type"":""string"",""value"":""B029""}]"				"{""wurs"":[{""level"":0,""column"":0,""type"":""int"",""value"":42}],""abuf"":[{""level"":1,""column"":0,""type"":""string"",""value"":""B029""},{""level"":2,""column"":0,""type"":""string"",""value"":""B029""},{""level"":3,""column"":0,""type"":""string"",""value"":""B029""}],""amcs"":[{""level"":1,""column"":0,""type"":""int"",""value"":9999}],""Cri1"":[{""level"":1,""column"":1,""type"":""unreal"",""value"":0.3},{""level"":2,""column"":1,""type"":""unreal"",""value"":0.6},{""level"":3,""column"":1,""type"":""unreal"",""value"":0.9}],""Cri2"":[{""level"":1,""column"":2,""type"":""unreal"",""value"":0.3},{""level"":2,""column"":2,""type"":""unreal"",""value"":0.6},{""level"":3,""column"":2,""type"":""unreal"",""value"":0.9}],""Cri3"":[{""level"":1,""column"":3,""type"":""unreal"",""value"":0}],""adur"":[{""level"":1,""column"":0,""type"":""unreal"",""value"":4},{""level"":2,""column"":0,""type"":""unreal"",""value"":4},{""level"":3,""column"":0,""type"":""unreal"",""value"":4}],""alev"":[{""level"":0,""column"":0,""type"":""int"",""value"":3}],""aran"":[{""level"":2,""column"":0,""type"":""unreal"",""value"":600},{""level"":3,""column"":0,""type"":""unreal"",""value"":600}],""atar"":[{""level"":2,""column"":0,""type"":""string"",""value"":""air,ground,enemy,organic,neutral""},{""level"":3,""column"":0,""type"":""string"",""value"":""air,ground,enemy,organic,neutral""}]}"
custom	A0EZ	ANcl		1										"{""wurs"":[{""level"":0,""column"":0,""type"":""int"",""value"":42}],""aher"":[{""level"":0,""column"":0,""type"":""int"",""value"":0}],""alev"":[{""level"":0,""column"":0,""type"":""int"",""value"":1}],""aord"":[{""level"":0,""column"":0,""type"":""string"",""value"":""roar""}],""arac"":[{""level"":0,""column"":0,""type"":""string"",""value"":""human""}]}"
custom	A0F0	AIlx	ELE: Greater Elemental Of Lightning (orb)buildings						enemies,structure					"{""wurs"":[{""level"":0,""column"":0,""type"":""int"",""value"":42}],""Idam"":[{""level"":1,""column"":1,""type"":""unreal"",""value"":0}],""Iob2"":[{""level"":1,""column"":2,""type"":""unreal"",""value"":100}],""Iob3"":[{""level"":1,""column"":3,""type"":""unreal"",""value"":100}],""Iob4"":[{""level"":1,""column"":4,""type"":""unreal"",""value"":100}],""Iob5"":[{""level"":1,""column"":5,""type"":""int"",""value"":1}],""aite"":[{""level"":0,""column"":0,""type"":""int"",""value"":0}],""atar"":[{""level"":1,""column"":0,""type"":""string"",""value"":""enemies,structure""}],""Iobu"":[{""level"":1,""column"":0,""type"":""string"",""value"":""A0F6""}],""amat"":[{""level"":0,""column"":0,""type"":""string"",""value"":""""}],""anam"":[{""level"":0,""column"":0,""type"":""string"",""value"":""ELE: Greater Elemental Of Lightning (orb)buildings""}],""asat"":[{""level"":0,""column"":0,""type"":""string"",""value"":""""}],""aspt"":[{""level"":0,""column"":0,""type"":""string"",""value"":""""}],""atat"":[{""level"":0,""column"":0,""type"":""string"",""value"":""""}],""ata0"":[{""level"":0,""column"":0,""type"":""string"",""value"":""""}]}"
custom	A0F1	Aasl						100	self	B02A				"{""wurs"":[{""level"":0,""column"":0,""type"":""int"",""value"":42}],""aare"":[{""level"":1,""column"":0,""type"":""unreal"",""value"":100}],""abuf"":[{""level"":1,""column"":0,""type"":""string"",""value"":""B02A""}],""Slo1"":[{""level"":1,""column"":1,""type"":""unreal"",""value"":0}],""atar"":[{""level"":1,""column"":0,""type"":""string"",""value"":""self""}]}"
custom	A0F2	Aasl						100	self	B02C				"{""wurs"":[{""level"":0,""column"":0,""type"":""int"",""value"":42}],""aare"":[{""level"":1,""column"":0,""type"":""unreal"",""value"":100}],""abuf"":[{""level"":1,""column"":0,""type"":""string"",""value"":""B02C""}],""Slo1"":[{""level"":1,""column"":1,""type"":""unreal"",""value"":0}],""atar"":[{""level"":1,""column"":0,""type"":""string"",""value"":""self""}]}"
custom	A0F3	Aspb												"{""wurs"":[{""level"":0,""column"":0,""type"":""int"",""value"":42}],""spb1"":[{""level"":1,""column"":1,""type"":""string"",""value"":""A0D6,A0F2""}],""spb3"":[{""level"":1,""column"":3,""type"":""int"",""value"":2}],""spb4"":[{""level"":1,""column"":4,""type"":""int"",""value"":2}]}"
custom	A0F4	ANcl		1										"{""wurs"":[{""level"":0,""column"":0,""type"":""int"",""value"":42}],""aher"":[{""level"":0,""column"":0,""type"":""int"",""value"":0}],""alev"":[{""level"":0,""column"":0,""type"":""int"",""value"":1}],""aord"":[{""level"":0,""column"":0,""type"":""string"",""value"":""roar""}],""arac"":[{""level"":0,""column"":0,""type"":""string"",""value"":""human""}]}"
custom	A0F5	ANcl	Elemental Unit	1										"{""wurs"":[{""level"":0,""column"":0,""type"":""int"",""value"":42}],""aher"":[{""level"":0,""column"":0,""type"":""int"",""value"":0}],""alev"":[{""level"":0,""column"":0,""type"":""int"",""value"":1}],""aord"":[{""level"":0,""column"":0,""type"":""string"",""value"":""roar""}],""arac"":[{""level"":0,""column"":0,""type"":""string"",""value"":""human""}],""anam"":[{""level"":0,""column"":0,""type"":""string"",""value"":""Elemental Unit""}]}"
custom	A0F6	ACfl	ELE: Greater Elemental Of Lightning (forked lightning) buildings		9999	99	400		enemies,structure					"{""wurs"":[{""level"":0,""column"":0,""type"":""int"",""value"":42}],""acdn"":[{""level"":1,""column"":0,""type"":""unreal"",""value"":99}],""amcs"":[{""level"":1,""column"":0,""type"":""int"",""value"":9999}],""Ocl1"":[{""level"":1,""column"":1,""type"":""unreal"",""value"":40}],""Ocl2"":[{""level"":1,""column"":2,""type"":""int"",""value"":1}],""Ucs3"":[{""level"":1,""column"":3,""type"":""unreal"",""value"":350}],""Ucs4"":[{""level"":1,""column"":4,""type"":""unreal"",""value"":400}],""adur"":[{""level"":1,""column"":0,""type"":""unreal"",""value"":0.3}],""aran"":[{""level"":1,""column"":0,""type"":""unreal"",""value"":400}],""atar"":[{""level"":1,""column"":0,""type"":""string"",""value"":""enemies,structure""}],""anam"":[{""level"":0,""column"":0,""type"":""string"",""value"":""ELE: Greater Elemental Of Lightning (forked lightning) buildings""}]}"
custom	A0F7	AIlx	ELE: Elemental Of Lightning (orb)buildings						enemies,structure					"{""wurs"":[{""level"":0,""column"":0,""type"":""int"",""value"":42}],""Idam"":[{""level"":1,""column"":1,""type"":""unreal"",""value"":0}],""Iob2"":[{""level"":1,""column"":2,""type"":""unreal"",""value"":100}],""Iob3"":[{""level"":1,""column"":3,""type"":""unreal"",""value"":100}],""Iob4"":[{""level"":1,""column"":4,""type"":""unreal"",""value"":100}],""Iob5"":[{""level"":1,""column"":5,""type"":""int"",""value"":1}],""aite"":[{""level"":0,""column"":0,""type"":""int"",""value"":0}],""atar"":[{""level"":1,""column"":0,""type"":""string"",""value"":""enemies,structure""}],""Iobu"":[{""level"":1,""column"":0,""type"":""string"",""value"":""A0F8""}],""amat"":[{""level"":0,""column"":0,""type"":""string"",""value"":""""}],""anam"":[{""level"":0,""column"":0,""type"":""string"",""value"":""ELE: Elemental Of Lightning (orb)buildings""}],""asat"":[{""level"":0,""column"":0,""type"":""string"",""value"":""""}],""aspt"":[{""level"":0,""column"":0,""type"":""string"",""value"":""""}],""atat"":[{""level"":0,""column"":0,""type"":""string"",""value"":""""}],""ata0"":[{""level"":0,""column"":0,""type"":""string"",""value"":""""}]}"
custom	A0F8	ACfl	ELE: Elemental Of Lightning (forked lightning)buildgins		9999	99	350		enemies,structure					"{""wurs"":[{""level"":0,""column"":0,""type"":""int"",""value"":42}],""acdn"":[{""level"":1,""column"":0,""type"":""unreal"",""value"":99}],""amcs"":[{""level"":1,""column"":0,""type"":""int"",""value"":9999}],""Ocl1"":[{""level"":1,""column"":1,""type"":""unreal"",""value"":25}],""Ocl2"":[{""level"":1,""column"":2,""type"":""int"",""value"":1}],""Ucs3"":[{""level"":1,""column"":3,""type"":""unreal"",""value"":350}],""Ucs4"":[{""level"":1,""column"":4,""type"":""unreal"",""value"":400}],""adur"":[{""level"":1,""column"":0,""type"":""unreal"",""value"":0.3}],""aran"":[{""level"":1,""column"":0,""type"":""unreal"",""value"":350}],""atar"":[{""level"":1,""column"":0,""type"":""string"",""value"":""enemies,structure""}],""anam"":[{""level"":0,""column"":0,""type"":""string"",""value"":""ELE: Elemental Of Lightning (forked lightning)buildgins""}]}"
custom	A0F9	ACfn	NOR: Ice Queen (frost nova) warlock		9999	99		370	air,enemies,ground,neutral,ward					"{""wurs"":[{""level"":0,""column"":0,""type"":""int"",""value"":42}],""aare"":[{""level"":1,""column"":0,""type"":""unreal"",""value"":370}],""abuf"":[{""level"":1,""column"":0,""type"":""string"",""value"":""""}],""acdn"":[{""level"":1,""column"":0,""type"":""unreal"",""value"":99}],""amcs"":[{""level"":1,""column"":0,""type"":""int"",""value"":9999}],""Ufn1"":[{""level"":1,""column"":1,""type"":""unreal"",""value"":270}],""Ufn2"":[{""level"":1,""column"":2,""type"":""unreal"",""value"":0}],""adur"":[{""level"":1,""column"":0,""type"":""unreal"",""value"":0.01}],""ahdu"":[{""level"":1,""column"":0,""type"":""unreal"",""value"":0.01}],""arac"":[{""level"":0,""column"":0,""type"":""string"",""value"":""human""}],""atar"":[{""level"":1,""column"":0,""type"":""string"",""value"":""air,enemies,ground,neutral,ward""}],""aeat"":[{""level"":0,""column"":0,""type"":""string"",""value"":""Units\\NightElf\\Wisp\\WispExplode.mdl""}],""anam"":[{""level"":0,""column"":0,""type"":""string"",""value"":""NOR: Ice Queen (frost nova) warlock""}]}"
custom	A0FA	ACes	ELE: Elemental Of Water Greater (evasion)						air,enemies,ground,structure					"{""wurs"":[{""level"":0,""column"":0,""type"":""int"",""value"":42}],""Eev1"":[{""level"":1,""column"":1,""type"":""unreal"",""value"":0.7}],""atar"":[{""level"":1,""column"":0,""type"":""string"",""value"":""air,enemies,ground,structure""}],""anam"":[{""level"":0,""column"":0,""type"":""string"",""value"":""ELE: Elemental Of Water Greater (evasion)""}]}"
custom	A0FB	ACpa	Parasite(leg troll)		9999	99	600		air,enemies,mechanical,neutral,organic	B00T				"{""wurs"":[{""level"":0,""column"":0,""type"":""int"",""value"":42}],""abuf"":[{""level"":1,""column"":0,""type"":""string"",""value"":""B00T""}],""Npa6"":[{""level"":1,""column"":0,""type"":""unreal"",""value"":0.01}],""acdn"":[{""level"":1,""column"":0,""type"":""unreal"",""value"":99}],""amcs"":[{""level"":1,""column"":0,""type"":""int"",""value"":9999}],""Poi1"":[{""level"":1,""column"":1,""type"":""unreal"",""value"":0}],""Poi4"":[{""level"":1,""column"":4,""type"":""int"",""value"":0}],""adur"":[{""level"":1,""column"":0,""type"":""unreal"",""value"":0.01}],""ahdu"":[{""level"":1,""column"":0,""type"":""unreal"",""value"":0.01}],""arac"":[{""level"":0,""column"":0,""type"":""string"",""value"":""human""}],""aran"":[{""level"":1,""column"":0,""type"":""unreal"",""value"":600}],""atar"":[{""level"":1,""column"":0,""type"":""string"",""value"":""air,enemies,mechanical,neutral,organic""}],""ipmu"":[{""level"":1,""column"":0,""type"":""string"",""value"":""nfbr""}],""amat"":[{""level"":0,""column"":0,""type"":""string"",""value"":""""}],""anam"":[{""level"":0,""column"":0,""type"":""string"",""value"":""Parasite(leg troll)""}]}"
custom	A0FC	Aens	Ensnare (Leg Troll)			99	800		air,enemies,mechanical,neutral,organic					"{""wurs"":[{""level"":0,""column"":0,""type"":""int"",""value"":42}],""acdn"":[{""level"":1,""column"":0,""type"":""unreal"",""value"":99}],""adur"":[{""level"":1,""column"":0,""type"":""unreal"",""value"":16}],""ahdu"":[{""level"":1,""column"":0,""type"":""unreal"",""value"":3.13}],""amsp"":[{""level"":0,""column"":0,""type"":""int"",""value"":1200}],""arac"":[{""level"":0,""column"":0,""type"":""string"",""value"":""human""}],""areq"":[{""level"":0,""column"":0,""type"":""string"",""value"":""""}],""aran"":[{""level"":1,""column"":0,""type"":""unreal"",""value"":800}],""atar"":[{""level"":1,""column"":0,""type"":""string"",""value"":""air,enemies,mechanical,neutral,organic""}],""anam"":[{""level"":0,""column"":0,""type"":""string"",""value"":""Ensnare (Leg Troll)""}]}"
custom	A0FD	Aliq	Liquid Fire ( Sod )											"{""wurs"":[{""level"":0,""column"":0,""type"":""int"",""value"":42}],""adur"":[{""level"":1,""column"":0,""type"":""unreal"",""value"":360}],""ahdu"":[{""level"":1,""column"":0,""type"":""unreal"",""value"":360}],""areq"":[{""level"":0,""column"":0,""type"":""string"",""value"":""""}],""anam"":[{""level"":0,""column"":0,""type"":""string"",""value"":""Liquid Fire ( Sod )""}]}"
custom	A0FE	ACvs	( SOD ) damage overtime	4					"[{""level"":1,""column"":0,""type"":""string"",""value"":""enemies,structure""},{""level"":2,""column"":0,""type"":""string"",""value"":""enemies,structure""},{""level"":3,""column"":0,""type"":""string"",""value"":""enemies,structure""},{""level"":4,""column"":0,""type"":""string"",""value"":""enemies,structure""}]"			Poisoned Arrows	The Arrows of this tower are coated with lesser poison that lasts 4 seconds dealing 5 damage per second and slowing attack and movementspeed by 25%.	"{""wurs"":[{""level"":0,""column"":0,""type"":""int"",""value"":42}],""abuf"":[{""level"":1,""column"":0,""type"":""string"",""value"":""""}],""Poi1"":[{""level"":1,""column"":1,""type"":""unreal"",""value"":1},{""level"":2,""column"":1,""type"":""unreal"",""value"":2},{""level"":3,""column"":1,""type"":""unreal"",""value"":3},{""level"":4,""column"":1,""type"":""unreal"",""value"":4}],""adur"":[{""level"":1,""column"":0,""type"":""unreal"",""value"":360},{""level"":2,""column"":0,""type"":""unreal"",""value"":480},{""level"":3,""column"":0,""type"":""unreal"",""value"":729},{""level"":4,""column"":0,""type"":""unreal"",""value"":1200}],""ahdu"":[{""level"":1,""column"":0,""type"":""unreal"",""value"":0}],""alev"":[{""level"":0,""column"":0,""type"":""int"",""value"":4}],""arac"":[{""level"":0,""column"":0,""type"":""string"",""value"":""orc""}],""atar"":[{""level"":1,""column"":0,""type"":""string"",""value"":""enemies,structure""},{""level"":2,""column"":0,""type"":""string"",""value"":""enemies,structure""},{""level"":3,""column"":0,""type"":""string"",""value"":""enemies,structure""},{""level"":4,""column"":0,""type"":""string"",""value"":""enemies,structure""}],""anam"":[{""level"":0,""column"":0,""type"":""string"",""value"":""( SOD ) damage overtime""}],""atp1"":[{""level"":1,""column"":0,""type"":""string"",""value"":""Poisoned Arrows""}],""aub1"":[{""level"":1,""column"":0,""type"":""string"",""value"":""The Arrows of this tower are coated with lesser poison that lasts 4 seconds dealing 5 damage per second and slowing attack and movementspeed by 25%.""}]}"
custom	A0FF	Abof	(Sod ) Burning Oil		9999	99		128	enemies,ground,structure					"{""wurs"":[{""level"":0,""column"":0,""type"":""int"",""value"":42}],""aare"":[{""level"":1,""column"":0,""type"":""unreal"",""value"":128}],""acdn"":[{""level"":1,""column"":0,""type"":""unreal"",""value"":99}],""amcs"":[{""level"":1,""column"":0,""type"":""int"",""value"":9999}],""Hfs1"":[{""level"":1,""column"":1,""type"":""unreal"",""value"":3.5}],""Hfs2"":[{""level"":1,""column"":2,""type"":""unreal"",""value"":1}],""Hfs3"":[{""level"":1,""column"":3,""type"":""unreal"",""value"":0}],""adur"":[{""level"":1,""column"":0,""type"":""unreal"",""value"":360}],""ahdu"":[{""level"":1,""column"":0,""type"":""unreal"",""value"":360}],""arac"":[{""level"":0,""column"":0,""type"":""string"",""value"":""human""}],""areq"":[{""level"":0,""column"":0,""type"":""string"",""value"":""""}],""atar"":[{""level"":1,""column"":0,""type"":""string"",""value"":""enemies,ground,structure""}],""amac"":[{""level"":0,""column"":0,""type"":""unreal"",""value"":0.4}],""amat"":[{""level"":0,""column"":0,""type"":""string"",""value"":""abilities\\weapons\\DemolisherMissile\\DemolisherMissile.mdl""}],""anam"":[{""level"":0,""column"":0,""type"":""string"",""value"":""(Sod ) Burning Oil""}]}"
custom	A0FG	ACpa	ELE: Meteor Shower		9999	99	99999		air,enemies,invulnerable,mechanical,neutral,structure			Meteor Shower	Meteor Shower 150dmg, 50dmg/sec, 3 sec)|nAttacking only air units.|n|n|cffFFFF80Cooldown:|cffFFFF00 15 |rseconds	"{""wurs"":[{""level"":0,""column"":0,""type"":""int"",""value"":42}],""abuf"":[{""level"":1,""column"":0,""type"":""string"",""value"":""""}],""Npa6"":[{""level"":1,""column"":0,""type"":""unreal"",""value"":0.01}],""acdn"":[{""level"":1,""column"":0,""type"":""unreal"",""value"":99}],""amcs"":[{""level"":1,""column"":0,""type"":""int"",""value"":9999}],""Poi1"":[{""level"":1,""column"":1,""type"":""unreal"",""value"":0}],""Poi4"":[{""level"":1,""column"":4,""type"":""int"",""value"":0}],""adur"":[{""level"":1,""column"":0,""type"":""unreal"",""value"":0.01}],""arac"":[{""level"":0,""column"":0,""type"":""string"",""value"":""orc""}],""aran"":[{""level"":1,""column"":0,""type"":""unreal"",""value"":99999}],""atar"":[{""level"":1,""column"":0,""type"":""string"",""value"":""air,enemies,invulnerable,mechanical,neutral,structure""}],""ipmu"":[{""level"":1,""column"":0,""type"":""string"",""value"":""nfbr""}],""aart"":[{""level"":0,""column"":0,""type"":""string"",""value"":""ReplaceableTextures\\CommandButtons\\BTNNecromancerMaster.blp""}],""amat"":[{""level"":0,""column"":0,""type"":""string"",""value"":""""}],""anam"":[{""level"":0,""column"":0,""type"":""string"",""value"":""ELE: Meteor Shower""}],""atp1"":[{""level"":1,""column"":0,""type"":""string"",""value"":""Meteor Shower""}],""aub1"":[{""level"":1,""column"":0,""type"":""string"",""value"":""Meteor Shower 150dmg, 50dmg/sec, 3 sec)|nAttacking only air units.|n|n|cffFFFF80Cooldown:|cffFFFF00 15 |rseconds""}],""auar"":[{""level"":0,""column"":0,""type"":""string"",""value"":""ReplaceableTextures\\CommandButtons\\BTNNecromancerMaster.blp""}]}"
custom	A0FH	AIsr	water lesser(spell resist)											"{""wurs"":[{""level"":0,""column"":0,""type"":""int"",""value"":42}],""isr2"":[{""level"":1,""column"":2,""type"":""unreal"",""value"":0.3}],""aite"":[{""level"":0,""column"":0,""type"":""int"",""value"":0}],""arac"":[{""level"":0,""column"":0,""type"":""string"",""value"":""human""}],""anam"":[{""level"":0,""column"":0,""type"":""string"",""value"":""water lesser(spell resist)""}]}"
custom	A0FI	AIsr	water (spell resist)											"{""wurs"":[{""level"":0,""column"":0,""type"":""int"",""value"":42}],""isr2"":[{""level"":1,""column"":2,""type"":""unreal"",""value"":0.4}],""aite"":[{""level"":0,""column"":0,""type"":""int"",""value"":0}],""arac"":[{""level"":0,""column"":0,""type"":""string"",""value"":""human""}],""anam"":[{""level"":0,""column"":0,""type"":""string"",""value"":""water (spell resist)""}]}"
custom	A0FJ	AIsr	water greater (spell resist)											"{""wurs"":[{""level"":0,""column"":0,""type"":""int"",""value"":42}],""isr2"":[{""level"":1,""column"":2,""type"":""unreal"",""value"":0.5}],""aite"":[{""level"":0,""column"":0,""type"":""int"",""value"":0}],""arac"":[{""level"":0,""column"":0,""type"":""string"",""value"":""human""}],""anam"":[{""level"":0,""column"":0,""type"":""string"",""value"":""water greater (spell resist)""}]}"
custom	A0FK	ANcl	Channel ( Assasin NotTarget )	1										"{""wurs"":[{""level"":0,""column"":0,""type"":""int"",""value"":42}],""aher"":[{""level"":0,""column"":0,""type"":""int"",""value"":0}],""alev"":[{""level"":0,""column"":0,""type"":""int"",""value"":1}],""aord"":[{""level"":0,""column"":0,""type"":""string"",""value"":""roar""}],""arac"":[{""level"":0,""column"":0,""type"":""string"",""value"":""human""}],""anam"":[{""level"":0,""column"":0,""type"":""string"",""value"":""Channel ( Assasin NotTarget )""}]}"
custom	A0FL	Aroc	Barrage Igloo			99		720	air,enemies,ground					"{""wurs"":[{""level"":0,""column"":0,""type"":""int"",""value"":42}],""aare"":[{""level"":1,""column"":0,""type"":""unreal"",""value"":720}],""acdn"":[{""level"":1,""column"":0,""type"":""unreal"",""value"":99}],""Efk1"":[{""level"":1,""column"":1,""type"":""unreal"",""value"":0}],""Efk2"":[{""level"":1,""column"":2,""type"":""unreal"",""value"":99999}],""Efk3"":[{""level"":1,""column"":3,""type"":""int"",""value"":3}],""amsp"":[{""level"":0,""column"":0,""type"":""int"",""value"":1100}],""areq"":[{""level"":0,""column"":0,""type"":""string"",""value"":""""}],""atar"":[{""level"":1,""column"":0,""type"":""string"",""value"":""air,enemies,ground""}],""amac"":[{""level"":0,""column"":0,""type"":""unreal"",""value"":0}],""amat"":[{""level"":0,""column"":0,""type"":""string"",""value"":""Abilities\\Weapons\\Axe\\AxeMissile.mdl""}],""anam"":[{""level"":0,""column"":0,""type"":""string"",""value"":""Barrage Igloo""}]}"
custom	A0FM	AIlx	Igloo frost chance						air,enemies,ground,ward					"{""wurs"":[{""level"":0,""column"":0,""type"":""int"",""value"":42}],""Idam"":[{""level"":1,""column"":1,""type"":""unreal"",""value"":0}],""Iob2"":[{""level"":1,""column"":2,""type"":""unreal"",""value"":10}],""Iob4"":[{""level"":1,""column"":4,""type"":""unreal"",""value"":10}],""aite"":[{""level"":0,""column"":0,""type"":""int"",""value"":0}],""amho"":[{""level"":0,""column"":0,""type"":""int"",""value"":0}],""arac"":[{""level"":0,""column"":0,""type"":""string"",""value"":""human""}],""atar"":[{""level"":1,""column"":0,""type"":""string"",""value"":""air,enemies,ground,ward""}],""Iobu"":[{""level"":1,""column"":0,""type"":""string"",""value"":""A03W""}],""amat"":[{""level"":0,""column"":0,""type"":""string"",""value"":""Abilities\\Weapons\\Axe\\AxeMissile.mdl""}],""anam"":[{""level"":0,""column"":0,""type"":""string"",""value"":""Igloo frost chance""}],""asat"":[{""level"":0,""column"":0,""type"":""string"",""value"":""""}],""aspt"":[{""level"":0,""column"":0,""type"":""string"",""value"":""""}],""atat"":[{""level"":0,""column"":0,""type"":""string"",""value"":""""}],""ata0"":[{""level"":0,""column"":0,""type"":""string"",""value"":""""}]}"
custom	A0FN	AIsr	spell resist 50%											"{""wurs"":[{""level"":0,""column"":0,""type"":""int"",""value"":42}],""isr2"":[{""level"":1,""column"":2,""type"":""unreal"",""value"":0.5}],""aite"":[{""level"":0,""column"":0,""type"":""int"",""value"":0}],""arac"":[{""level"":0,""column"":0,""type"":""string"",""value"":""human""}],""anam"":[{""level"":0,""column"":0,""type"":""string"",""value"":""spell resist 50%""}]}"
custom	A0FO	ANcl	TypeTwins	1										"{""wurs"":[{""level"":0,""column"":0,""type"":""int"",""value"":42}],""aher"":[{""level"":0,""column"":0,""type"":""int"",""value"":0}],""alev"":[{""level"":0,""column"":0,""type"":""int"",""value"":1}],""aord"":[{""level"":0,""column"":0,""type"":""string"",""value"":""roar""}],""arac"":[{""level"":0,""column"":0,""type"":""string"",""value"":""human""}],""anam"":[{""level"":0,""column"":0,""type"":""string"",""value"":""TypeTwins""}]}"
custom	A0FP	ACct	Critical Strike(twins)											"{""wurs"":[{""level"":0,""column"":0,""type"":""int"",""value"":42}],""Ocr1"":[{""level"":1,""column"":1,""type"":""unreal"",""value"":30}],""Ocr2"":[{""level"":1,""column"":2,""type"":""unreal"",""value"":4}],""arac"":[{""level"":0,""column"":0,""type"":""string"",""value"":""human""}],""anam"":[{""level"":0,""column"":0,""type"":""string"",""value"":""Critical Strike(twins)""}]}"
custom	A0FQ	ACce	Cleaving Attack Twins					350						"{""wurs"":[{""level"":0,""column"":0,""type"":""int"",""value"":42}],""aare"":[{""level"":1,""column"":0,""type"":""unreal"",""value"":350}],""nca1"":[{""level"":1,""column"":1,""type"":""unreal"",""value"":0.5}],""arac"":[{""level"":0,""column"":0,""type"":""string"",""value"":""human""}],""anam"":[{""level"":0,""column"":0,""type"":""string"",""value"":""Cleaving Attack Twins""}]}"
custom	A0FR	ANpi	Twin: Smile and Cry					600	air,enemies,ground,neutral,organic	B00K		Decay	Deals 10 spell damage per second to all non mechanical enemy units.	"{""wurs"":[{""level"":0,""column"":0,""type"":""int"",""value"":42}],""aare"":[{""level"":1,""column"":0,""type"":""unreal"",""value"":600}],""abuf"":[{""level"":1,""column"":0,""type"":""string"",""value"":""B00K""}],""Eim1"":[{""level"":1,""column"":1,""type"":""unreal"",""value"":25}],""arac"":[{""level"":0,""column"":0,""type"":""string"",""value"":""orc""}],""atar"":[{""level"":1,""column"":0,""type"":""string"",""value"":""air,enemies,ground,neutral,organic""}],""aart"":[{""level"":0,""column"":0,""type"":""string"",""value"":""ReplaceableTextures\\CommandButtons\\BTNAvatar.blp""}],""anam"":[{""level"":0,""column"":0,""type"":""string"",""value"":""Twin: Smile and Cry""}],""atp1"":[{""level"":1,""column"":0,""type"":""string"",""value"":""Decay""}],""aub1"":[{""level"":1,""column"":0,""type"":""string"",""value"":""Deals 10 spell damage per second to all non mechanical enemy units.""}]}"
custom	A0FS	AHtc	Twins:Thunder Clap	1	9999	99		600	enemies,ground	Bslo				"{""wurs"":[{""level"":0,""column"":0,""type"":""int"",""value"":42}],""aare"":[{""level"":1,""column"":0,""type"":""unreal"",""value"":600}],""abuf"":[{""level"":1,""column"":0,""type"":""string"",""value"":""Bslo""}],""acdn"":[{""level"":1,""column"":0,""type"":""unreal"",""value"":99}],""amcs"":[{""level"":1,""column"":0,""type"":""int"",""value"":9999}],""Htc1"":[{""level"":1,""column"":1,""type"":""unreal"",""value"":20}],""aher"":[{""level"":0,""column"":0,""type"":""int"",""value"":0}],""ahdu"":[{""level"":1,""column"":0,""type"":""unreal"",""value"":5}],""alev"":[{""level"":0,""column"":0,""type"":""int"",""value"":1}],""atar"":[{""level"":1,""column"":0,""type"":""string"",""value"":""enemies,ground""}],""aeat"":[{""level"":0,""column"":0,""type"":""string"",""value"":""Abilities\\Spells\\Human\\Thunderclap\\ThunderClapCaster.mdl""}],""anam"":[{""level"":0,""column"":0,""type"":""string"",""value"":""Twins:Thunder Clap""}],""atat"":[{""level"":0,""column"":0,""type"":""string"",""value"":""Objects\\Spawnmodels\\Naga\\NagaDeath\\NagaDeath.mdl,Abilities\\Spells\\Human\\Thunderclap\\ThunderClapCaster.mdl""}]}"
custom	A0FT	ACsh	Twins:Shockwave		9999	99		200						"{""wurs"":[{""level"":0,""column"":0,""type"":""int"",""value"":42}],""aare"":[{""level"":1,""column"":0,""type"":""unreal"",""value"":200}],""acdn"":[{""level"":1,""column"":0,""type"":""unreal"",""value"":99}],""amcs"":[{""level"":1,""column"":0,""type"":""int"",""value"":9999}],""Osh1"":[{""level"":1,""column"":1,""type"":""unreal"",""value"":500}],""Osh2"":[{""level"":1,""column"":2,""type"":""unreal"",""value"":900}],""Osh4"":[{""level"":1,""column"":4,""type"":""unreal"",""value"":200}],""anam"":[{""level"":0,""column"":0,""type"":""string"",""value"":""Twins:Shockwave""}]}"
custom	A0FU	ACpa	Parasite(twins)		9999	99	800		enemies,ground,neutral,nonhero,vulnerable	B019				"{""wurs"":[{""level"":0,""column"":0,""type"":""int"",""value"":42}],""abuf"":[{""level"":1,""column"":0,""type"":""string"",""value"":""B019""}],""Npa6"":[{""level"":1,""column"":0,""type"":""unreal"",""value"":0.01}],""acdn"":[{""level"":1,""column"":0,""type"":""unreal"",""value"":99}],""amcs"":[{""level"":1,""column"":0,""type"":""int"",""value"":9999}],""Poi1"":[{""level"":1,""column"":1,""type"":""unreal"",""value"":0}],""Poi4"":[{""level"":1,""column"":4,""type"":""int"",""value"":0}],""adur"":[{""level"":1,""column"":0,""type"":""unreal"",""value"":0.01}],""ahdu"":[{""level"":1,""column"":0,""type"":""unreal"",""value"":0.01}],""arac"":[{""level"":0,""column"":0,""type"":""string"",""value"":""human""}],""aran"":[{""level"":1,""column"":0,""type"":""unreal"",""value"":800}],""atar"":[{""level"":1,""column"":0,""type"":""string"",""value"":""enemies,ground,neutral,nonhero,vulnerable""}],""ipmu"":[{""level"":1,""column"":0,""type"":""string"",""value"":""nfbr""}],""amat"":[{""level"":0,""column"":0,""type"":""string"",""value"":""""}],""anam"":[{""level"":0,""column"":0,""type"":""string"",""value"":""Parasite(twins)""}]}"
custom	A0FV	ANde	Demolisher											"{""wurs"":[{""level"":0,""column"":0,""type"":""int"",""value"":42}],""Nde2"":[{""level"":1,""column"":2,""type"":""unreal"",""value"":3}],""aher"":[{""level"":0,""column"":0,""type"":""int"",""value"":0}],""arac"":[{""level"":0,""column"":0,""type"":""string"",""value"":""orc""}],""anam"":[{""level"":0,""column"":0,""type"":""string"",""value"":""Demolisher""}]}"
custom	A0FW	ACdr	Life Drain Visioneer		9999	99			air,enemies,ground,organic					"{""wurs"":[{""level"":0,""column"":0,""type"":""int"",""value"":42}],""acdn"":[{""level"":1,""column"":0,""type"":""unreal"",""value"":99}],""amcs"":[{""level"":1,""column"":0,""type"":""int"",""value"":9999}],""Ndr1"":[{""level"":1,""column"":1,""type"":""unreal"",""value"":10}],""Ndr3"":[{""level"":1,""column"":3,""type"":""unreal"",""value"":0.1}],""Ndr4"":[{""level"":1,""column"":4,""type"":""unreal"",""value"":10}],""adur"":[{""level"":1,""column"":0,""type"":""unreal"",""value"":1}],""ahdu"":[{""level"":1,""column"":0,""type"":""unreal"",""value"":1}],""aord"":[{""level"":0,""column"":0,""type"":""string"",""value"":""drain""}],""atar"":[{""level"":1,""column"":0,""type"":""string"",""value"":""air,enemies,ground,organic""}],""aani"":[{""level"":0,""column"":0,""type"":""string"",""value"":""""}],""anam"":[{""level"":0,""column"":0,""type"":""string"",""value"":""Life Drain Visioneer""}]}"
custom	A0FX	ACpa	Parasite( life drain)		9999	99	500		air,enemies,ground,organic	B019				"{""wurs"":[{""level"":0,""column"":0,""type"":""int"",""value"":42}],""abuf"":[{""level"":1,""column"":0,""type"":""string"",""value"":""B019""}],""Npa6"":[{""level"":1,""column"":0,""type"":""unreal"",""value"":0.01}],""acdn"":[{""level"":1,""column"":0,""type"":""unreal"",""value"":99}],""amcs"":[{""level"":1,""column"":0,""type"":""int"",""value"":9999}],""Poi1"":[{""level"":1,""column"":1,""type"":""unreal"",""value"":0}],""Poi4"":[{""level"":1,""column"":4,""type"":""int"",""value"":0}],""adur"":[{""level"":1,""column"":0,""type"":""unreal"",""value"":0.01}],""ahdu"":[{""level"":1,""column"":0,""type"":""unreal"",""value"":0.01}],""arac"":[{""level"":0,""column"":0,""type"":""string"",""value"":""human""}],""aran"":[{""level"":1,""column"":0,""type"":""unreal"",""value"":500}],""atar"":[{""level"":1,""column"":0,""type"":""string"",""value"":""air,enemies,ground,organic""}],""ipmu"":[{""level"":1,""column"":0,""type"":""string"",""value"":""nfbr""}],""amat"":[{""level"":0,""column"":0,""type"":""string"",""value"":""""}],""anam"":[{""level"":0,""column"":0,""type"":""string"",""value"":""Parasite( life drain)""}]}"
custom	A0FY	ANcl		1								|cffFFD900Choose Ultimate Builder|r	Ultimate builder is the most unpredictable and powerful builder across all universe.It randomly attaches structures from other known races.	"{""wurs"":[{""level"":0,""column"":0,""type"":""int"",""value"":42}],""Ncl1"":[{""level"":1,""column"":1,""type"":""unreal"",""value"":0.01}],""Ncl3"":[{""level"":1,""column"":3,""type"":""int"",""value"":17}],""Ncl6"":[{""level"":1,""column"":6,""type"":""string"",""value"":""ambush""}],""aher"":[{""level"":0,""column"":0,""type"":""int"",""value"":0}],""alev"":[{""level"":0,""column"":0,""type"":""int"",""value"":1}],""aord"":[{""level"":0,""column"":0,""type"":""string"",""value"":""charm""}],""aart"":[{""level"":0,""column"":0,""type"":""string"",""value"":""ReplaceableTextures\\CommandButtons\\BTNKiljaedin.blp""}],""abpx"":[{""level"":0,""column"":0,""type"":""int"",""value"":3}],""acat"":[{""level"":0,""column"":0,""type"":""string"",""value"":""""}],""aeat"":[{""level"":0,""column"":0,""type"":""string"",""value"":""""}],""atat"":[{""level"":0,""column"":0,""type"":""string"",""value"":""""}],""atp1"":[{""level"":1,""column"":0,""type"":""string"",""value"":""|cffFFD900Choose Ultimate Builder|r""}],""aub1"":[{""level"":1,""column"":0,""type"":""string"",""value"":""Ultimate builder is the most unpredictable and powerful builder across all universe.It randomly attaches structures from other known races.""}]}"
custom	A0HZ	AHad	+9arm 400aoe	1				420	air,friend,ground,invulnerable,self,vulnerable	B01B				"{""wurs"":[{""level"":0,""column"":0,""type"":""int"",""value"":42}],""aare"":[{""level"":1,""column"":0,""type"":""unreal"",""value"":420}],""abuf"":[{""level"":1,""column"":0,""type"":""string"",""value"":""B01B""}],""Had1"":[{""level"":1,""column"":1,""type"":""unreal"",""value"":9}],""aher"":[{""level"":0,""column"":0,""type"":""int"",""value"":0}],""alev"":[{""level"":0,""column"":0,""type"":""int"",""value"":1}],""atar"":[{""level"":1,""column"":0,""type"":""string"",""value"":""air,friend,ground,invulnerable,self,vulnerable""}],""anam"":[{""level"":0,""column"":0,""type"":""string"",""value"":""+9arm 400aoe""}]}"
custom	A0I0	Ahea	Prayer		9999	99	300		air,friend,ground,self					"{""wurs"":[{""level"":0,""column"":0,""type"":""int"",""value"":42}],""acas"":[{""level"":1,""column"":0,""type"":""unreal"",""value"":0.5}],""acdn"":[{""level"":1,""column"":0,""type"":""unreal"",""value"":99}],""amcs"":[{""level"":1,""column"":0,""type"":""int"",""value"":9999}],""Hea1"":[{""level"":1,""column"":1,""type"":""unreal"",""value"":0.1}],""adur"":[{""level"":1,""column"":0,""type"":""unreal"",""value"":1}],""ahdu"":[{""level"":1,""column"":0,""type"":""unreal"",""value"":1}],""aran"":[{""level"":1,""column"":0,""type"":""unreal"",""value"":300}],""atar"":[{""level"":1,""column"":0,""type"":""string"",""value"":""air,friend,ground,self""}],""acat"":[{""level"":0,""column"":0,""type"":""string"",""value"":""Abilities\\Spells\\Human\\ReviveHuman\\ReviveHuman.mdl""}],""anam"":[{""level"":0,""column"":0,""type"":""string"",""value"":""Prayer""}],""atat"":[{""level"":0,""column"":0,""type"":""string"",""value"":""""}]}"
custom	A0I1	AIra	Prayer: heal+mana			99		450	air,friend,ground,invulnerable,organic,vulnerable					"{""wurs"":[{""level"":0,""column"":0,""type"":""int"",""value"":42}],""aare"":[{""level"":1,""column"":0,""type"":""unreal"",""value"":450}],""acdn"":[{""level"":1,""column"":0,""type"":""unreal"",""value"":99}],""Ihps"":[{""level"":1,""column"":1,""type"":""int"",""value"":50}],""Imps"":[{""level"":1,""column"":2,""type"":""int"",""value"":50}],""aite"":[{""level"":0,""column"":0,""type"":""int"",""value"":0}],""aord"":[{""level"":0,""column"":0,""type"":""string"",""value"":""purge""}],""atar"":[{""level"":1,""column"":0,""type"":""string"",""value"":""air,friend,ground,invulnerable,organic,vulnerable""}],""anam"":[{""level"":0,""column"":0,""type"":""string"",""value"":""Prayer: heal+mana""}],""atat"":[{""level"":0,""column"":0,""type"":""string"",""value"":""Abilities\\Spells\\Items\\AIlm\\AIlmTarget.mdl""}]}"
custom	A0I2	AIrr	Prayer: +dmg +armor					450	air,friend,ground,invulnerable,organic,vulnerable	B00J				"{""wurs"":[{""level"":0,""column"":0,""type"":""int"",""value"":42}],""aare"":[{""level"":1,""column"":0,""type"":""unreal"",""value"":450}],""abuf"":[{""level"":1,""column"":0,""type"":""string"",""value"":""B00J""}],""Roa1"":[{""level"":1,""column"":1,""type"":""unreal"",""value"":0.2}],""Roa2"":[{""level"":1,""column"":2,""type"":""int"",""value"":3}],""adur"":[{""level"":1,""column"":0,""type"":""unreal"",""value"":7}],""ahdu"":[{""level"":1,""column"":0,""type"":""unreal"",""value"":7}],""aite"":[{""level"":0,""column"":0,""type"":""int"",""value"":0}],""atar"":[{""level"":1,""column"":0,""type"":""string"",""value"":""air,friend,ground,invulnerable,organic,vulnerable""}],""acat"":[{""level"":0,""column"":0,""type"":""string"",""value"":""""}],""anam"":[{""level"":0,""column"":0,""type"":""string"",""value"":""Prayer: +dmg +armor""}]}"
custom	A0I3	AHre												"{""wurs"":[{""level"":0,""column"":0,""type"":""int"",""value"":42}]}"
custom	A0I4	AHre	Prayer: resurrection		"[{""level"":1,""column"":0,""type"":""int"",""value"":9999},{""level"":2,""column"":0,""type"":""int"",""value"":9999},{""level"":3,""column"":0,""type"":""int"",""value"":9999}]"	"[{""level"":1,""column"":0,""type"":""unreal"",""value"":99},{""level"":2,""column"":0,""type"":""unreal"",""value"":99},{""level"":3,""column"":0,""type"":""unreal"",""value"":99}]"		"[{""level"":1,""column"":0,""type"":""unreal"",""value"":500},{""level"":2,""column"":0,""type"":""unreal"",""value"":500},{""level"":3,""column"":0,""type"":""unreal"",""value"":500}]"	"[{""level"":1,""column"":0,""type"":""string"",""value"":""air,dead,friend,ground,organic""},{""level"":2,""column"":0,""type"":""string"",""value"":""air,dead,friend,ground,organic""},{""level"":3,""column"":0,""type"":""string"",""value"":""air,dead,friend,ground,organic""}]"					"{""wurs"":[{""level"":0,""column"":0,""type"":""int"",""value"":42}],""aare"":[{""level"":1,""column"":0,""type"":""unreal"",""value"":500},{""level"":2,""column"":0,""type"":""unreal"",""value"":500},{""level"":3,""column"":0,""type"":""unreal"",""value"":500}],""acdn"":[{""level"":1,""column"":0,""type"":""unreal"",""value"":99},{""level"":2,""column"":0,""type"":""unreal"",""value"":99},{""level"":3,""column"":0,""type"":""unreal"",""value"":99}],""amcs"":[{""level"":1,""column"":0,""type"":""int"",""value"":9999},{""level"":2,""column"":0,""type"":""int"",""value"":9999},{""level"":3,""column"":0,""type"":""int"",""value"":9999}],""Hre1"":[{""level"":1,""column"":1,""type"":""int"",""value"":3},{""level"":2,""column"":1,""type"":""int"",""value"":2},{""level"":3,""column"":1,""type"":""int"",""value"":3}],""aher"":[{""level"":0,""column"":0,""type"":""int"",""value"":0}],""atar"":[{""level"":1,""column"":0,""type"":""string"",""value"":""air,dead,friend,ground,organic""},{""level"":2,""column"":0,""type"":""string"",""value"":""air,dead,friend,ground,organic""},{""level"":3,""column"":0,""type"":""string"",""value"":""air,dead,friend,ground,organic""}],""anam"":[{""level"":0,""column"":0,""type"":""string"",""value"":""Prayer: resurrection""}],""atp1"":[{""level"":1,""column"":0,""type"":""string"",""value"":""""}]}"
custom	IBA0	ANcl		1		99						Double Damage	Increases the damage of all allied units by 100% for 30 seconds.	"{""wurs"":[{""level"":0,""column"":0,""type"":""int"",""value"":42}],""acdn"":[{""level"":1,""column"":0,""type"":""unreal"",""value"":99}],""Ncl1"":[{""level"":1,""column"":1,""type"":""unreal"",""value"":0.01}],""Ncl3"":[{""level"":1,""column"":3,""type"":""int"",""value"":1}],""Ncl4"":[{""level"":1,""column"":4,""type"":""unreal"",""value"":0.01}],""Ncl5"":[{""level"":1,""column"":5,""type"":""int"",""value"":0}],""Ncl6"":[{""level"":1,""column"":6,""type"":""string"",""value"":""ancestralspirittarget""}],""aher"":[{""level"":0,""column"":0,""type"":""int"",""value"":0}],""alev"":[{""level"":0,""column"":0,""type"":""int"",""value"":1}],""aord"":[{""level"":0,""column"":0,""type"":""string"",""value"":""ancestralspirittarget""}],""arac"":[{""level"":0,""column"":0,""type"":""string"",""value"":""other""}],""aart"":[{""level"":0,""column"":0,""type"":""string"",""value"":""ReplaceableTextures\\CommandButtons\\BTNOrbOfVenom.blp""}],""acat"":[{""level"":0,""column"":0,""type"":""string"",""value"":""""}],""aeat"":[{""level"":0,""column"":0,""type"":""string"",""value"":""""}],""ahky"":[{""level"":0,""column"":0,""type"":""string"",""value"":""Z""}],""atat"":[{""level"":0,""column"":0,""type"":""string"",""value"":""""}],""atp1"":[{""level"":1,""column"":0,""type"":""string"",""value"":""Double Damage""}],""aub1"":[{""level"":1,""column"":0,""type"":""string"",""value"":""Increases the damage of all allied units by 100% for 30 seconds.""}]}"
custom	IBA1	ANcl		1		99						Quad Damage	Increases the damage of all allied units by 300% for 30 seconds.	"{""wurs"":[{""level"":0,""column"":0,""type"":""int"",""value"":42}],""acdn"":[{""level"":1,""column"":0,""type"":""unreal"",""value"":99}],""Ncl1"":[{""level"":1,""column"":1,""type"":""unreal"",""value"":0.01}],""Ncl3"":[{""level"":1,""column"":3,""type"":""int"",""value"":1}],""Ncl4"":[{""level"":1,""column"":4,""type"":""unreal"",""value"":0.01}],""Ncl5"":[{""level"":1,""column"":5,""type"":""int"",""value"":0}],""Ncl6"":[{""level"":1,""column"":6,""type"":""string"",""value"":""acolyteharvest""}],""aher"":[{""level"":0,""column"":0,""type"":""int"",""value"":0}],""alev"":[{""level"":0,""column"":0,""type"":""int"",""value"":1}],""aord"":[{""level"":0,""column"":0,""type"":""string"",""value"":""acolyteharvest""}],""arac"":[{""level"":0,""column"":0,""type"":""string"",""value"":""other""}],""aart"":[{""level"":0,""column"":0,""type"":""string"",""value"":""ReplaceableTextures\\CommandButtons\\BTNHeartOfSearinox.blp""}],""acat"":[{""level"":0,""column"":0,""type"":""string"",""value"":""""}],""aeat"":[{""level"":0,""column"":0,""type"":""string"",""value"":""""}],""ahky"":[{""level"":0,""column"":0,""type"":""string"",""value"":""X""}],""atat"":[{""level"":0,""column"":0,""type"":""string"",""value"":""""}],""atp1"":[{""level"":1,""column"":0,""type"":""string"",""value"":""Quad Damage""}],""aub1"":[{""level"":1,""column"":0,""type"":""string"",""value"":""Increases the damage of all allied units by 300% for 30 seconds.""}]}"
custom	IBA2	ANcl		1		99						Orb of Lightning	Allows your worker to fire a chainlightning at target enemy unit once every minute. The chainlightning hits 10 targets, dealing 1000 damage to the first target.	"{""wurs"":[{""level"":0,""column"":0,""type"":""int"",""value"":42}],""acdn"":[{""level"":1,""column"":0,""type"":""unreal"",""value"":99}],""Ncl1"":[{""level"":1,""column"":1,""type"":""unreal"",""value"":0.01}],""Ncl3"":[{""level"":1,""column"":3,""type"":""int"",""value"":1}],""Ncl4"":[{""level"":1,""column"":4,""type"":""unreal"",""value"":0.01}],""Ncl5"":[{""level"":1,""column"":5,""type"":""int"",""value"":0}],""Ncl6"":[{""level"":1,""column"":6,""type"":""string"",""value"":""auraunholy""}],""aher"":[{""level"":0,""column"":0,""type"":""int"",""value"":0}],""alev"":[{""level"":0,""column"":0,""type"":""int"",""value"":1}],""aord"":[{""level"":0,""column"":0,""type"":""string"",""value"":""auraunholy""}],""arac"":[{""level"":0,""column"":0,""type"":""string"",""value"":""other""}],""aart"":[{""level"":0,""column"":0,""type"":""string"",""value"":""ReplaceableTextures\\CommandButtons\\BTNOrbOfLightning.blp""}],""acat"":[{""level"":0,""column"":0,""type"":""string"",""value"":""""}],""aeat"":[{""level"":0,""column"":0,""type"":""string"",""value"":""""}],""ahky"":[{""level"":0,""column"":0,""type"":""string"",""value"":""D""}],""atat"":[{""level"":0,""column"":0,""type"":""string"",""value"":""""}],""atp1"":[{""level"":1,""column"":0,""type"":""string"",""value"":""Orb of Lightning""}],""aub1"":[{""level"":1,""column"":0,""type"":""string"",""value"":""Allows your worker to fire a chainlightning at target enemy unit once every minute. The chainlightning hits 10 targets, dealing 1000 damage to the first target.""}]}"
custom	IBA3	ANcl		1		99						Drum'n'Bass Bass Drums	Gives all allied units +33% damage.	"{""wurs"":[{""level"":0,""column"":0,""type"":""int"",""value"":42}],""acdn"":[{""level"":1,""column"":0,""type"":""unreal"",""value"":99}],""Ncl1"":[{""level"":1,""column"":1,""type"":""unreal"",""value"":0.01}],""Ncl3"":[{""level"":1,""column"":3,""type"":""int"",""value"":1}],""Ncl4"":[{""level"":1,""column"":4,""type"":""unreal"",""value"":0.01}],""Ncl5"":[{""level"":1,""column"":5,""type"":""int"",""value"":0}],""Ncl6"":[{""level"":1,""column"":6,""type"":""string"",""value"":""absorb""}],""aher"":[{""level"":0,""column"":0,""type"":""int"",""value"":0}],""alev"":[{""level"":0,""column"":0,""type"":""int"",""value"":1}],""aord"":[{""level"":0,""column"":0,""type"":""string"",""value"":""absorb""}],""arac"":[{""level"":0,""column"":0,""type"":""string"",""value"":""other""}],""aart"":[{""level"":0,""column"":0,""type"":""string"",""value"":""ReplaceableTextures\\CommandButtons\\BTNDrum.blp""}],""acat"":[{""level"":0,""column"":0,""type"":""string"",""value"":""""}],""aeat"":[{""level"":0,""column"":0,""type"":""string"",""value"":""""}],""ahky"":[{""level"":0,""column"":0,""type"":""string"",""value"":""A""}],""atat"":[{""level"":0,""column"":0,""type"":""string"",""value"":""""}],""atp1"":[{""level"":1,""column"":0,""type"":""string"",""value"":""Drum'n'Bass Bass Drums""}],""aub1"":[{""level"":1,""column"":0,""type"":""string"",""value"":""Gives all allied units +33% damage.""}]}"
custom	IBA4	ANcl		1		99						Cheese	Allowing you to build one more legendary structure.	"{""wurs"":[{""level"":0,""column"":0,""type"":""int"",""value"":42}],""acdn"":[{""level"":1,""column"":0,""type"":""unreal"",""value"":99}],""Ncl1"":[{""level"":1,""column"":1,""type"":""unreal"",""value"":0.01}],""Ncl3"":[{""level"":1,""column"":3,""type"":""int"",""value"":1}],""Ncl4"":[{""level"":1,""column"":4,""type"":""unreal"",""value"":0.01}],""Ncl5"":[{""level"":1,""column"":5,""type"":""int"",""value"":0}],""Ncl6"":[{""level"":1,""column"":6,""type"":""string"",""value"":""acidbomb""}],""aher"":[{""level"":0,""column"":0,""type"":""int"",""value"":0}],""alev"":[{""level"":0,""column"":0,""type"":""int"",""value"":1}],""aord"":[{""level"":0,""column"":0,""type"":""string"",""value"":""acidbomb""}],""arac"":[{""level"":0,""column"":0,""type"":""string"",""value"":""other""}],""aart"":[{""level"":0,""column"":0,""type"":""string"",""value"":""ReplaceableTextures\\CommandButtons\\BTNCheese.blp""}],""acat"":[{""level"":0,""column"":0,""type"":""string"",""value"":""""}],""aeat"":[{""level"":0,""column"":0,""type"":""string"",""value"":""""}],""ahky"":[{""level"":0,""column"":0,""type"":""string"",""value"":""S""}],""atat"":[{""level"":0,""column"":0,""type"":""string"",""value"":""""}],""atp1"":[{""level"":1,""column"":0,""type"":""string"",""value"":""Cheese""}],""aub1"":[{""level"":1,""column"":0,""type"":""string"",""value"":""Allowing you to build one more legendary structure.""}]}"
custom	IBA5	ANcl		1		99						Scroll of Stone	When used, the scroll heals 400 hitpoints, 200 mana and gives 8 bonus armor for 30 seconds to all allied units in a huge area.	"{""wurs"":[{""level"":0,""column"":0,""type"":""int"",""value"":42}],""acdn"":[{""level"":1,""column"":0,""type"":""unreal"",""value"":99}],""Ncl1"":[{""level"":1,""column"":1,""type"":""unreal"",""value"":0.01}],""Ncl3"":[{""level"":1,""column"":3,""type"":""int"",""value"":1}],""Ncl4"":[{""level"":1,""column"":4,""type"":""unreal"",""value"":0.01}],""Ncl5"":[{""level"":1,""column"":5,""type"":""int"",""value"":0}],""Ncl6"":[{""level"":1,""column"":6,""type"":""string"",""value"":""ancestralspirit""}],""aher"":[{""level"":0,""column"":0,""type"":""int"",""value"":0}],""alev"":[{""level"":0,""column"":0,""type"":""int"",""value"":1}],""aord"":[{""level"":0,""column"":0,""type"":""string"",""value"":""ancestralspirit""}],""arac"":[{""level"":0,""column"":0,""type"":""string"",""value"":""other""}],""aart"":[{""level"":0,""column"":0,""type"":""string"",""value"":""ReplaceableTextures\\CommandButtons\\BTNScrollOfHealing.blp""}],""acat"":[{""level"":0,""column"":0,""type"":""string"",""value"":""""}],""aeat"":[{""level"":0,""column"":0,""type"":""string"",""value"":""""}],""ahky"":[{""level"":0,""column"":0,""type"":""string"",""value"":""E""}],""atat"":[{""level"":0,""column"":0,""type"":""string"",""value"":""""}],""atp1"":[{""level"":1,""column"":0,""type"":""string"",""value"":""Scroll of Stone""}],""aub1"":[{""level"":1,""column"":0,""type"":""string"",""value"":""When used, the scroll heals 400 hitpoints, 200 mana and gives 8 bonus armor for 30 seconds to all allied units in a huge area.""}]}"
custom	IBA6	ANcl		1		99						Drum'n'Bass Bassline Generator	Increases the movementspeed of all friendly units by 15% and their attackspeed by 30%.	"{""wurs"":[{""level"":0,""column"":0,""type"":""int"",""value"":42}],""acdn"":[{""level"":1,""column"":0,""type"":""unreal"",""value"":99}],""Ncl1"":[{""level"":1,""column"":1,""type"":""unreal"",""value"":0.01}],""Ncl3"":[{""level"":1,""column"":3,""type"":""int"",""value"":1}],""Ncl4"":[{""level"":1,""column"":4,""type"":""unreal"",""value"":0.01}],""Ncl5"":[{""level"":1,""column"":5,""type"":""int"",""value"":0}],""Ncl6"":[{""level"":1,""column"":6,""type"":""string"",""value"":""auravampiric""}],""aher"":[{""level"":0,""column"":0,""type"":""int"",""value"":0}],""alev"":[{""level"":0,""column"":0,""type"":""int"",""value"":1}],""aord"":[{""level"":0,""column"":0,""type"":""string"",""value"":""auravampiric""}],""arac"":[{""level"":0,""column"":0,""type"":""string"",""value"":""other""}],""aart"":[{""level"":0,""column"":0,""type"":""string"",""value"":""ReplaceableTextures\\CommandButtons\\BTNHornOfFog.blp""}],""acat"":[{""level"":0,""column"":0,""type"":""string"",""value"":""""}],""aeat"":[{""level"":0,""column"":0,""type"":""string"",""value"":""""}],""ahky"":[{""level"":0,""column"":0,""type"":""string"",""value"":""W""}],""atat"":[{""level"":0,""column"":0,""type"":""string"",""value"":""""}],""atp1"":[{""level"":1,""column"":0,""type"":""string"",""value"":""Drum'n'Bass Bassline Generator""}],""aub1"":[{""level"":1,""column"":0,""type"":""string"",""value"":""Increases the movementspeed of all friendly units by 15% and their attackspeed by 30%.""}]}"
custom	IBA7	ANcl		1		99						Blast Staff	Launches one magic projectile per second at a random nearby enemy. Projectiles deal 60 spell damage.	"{""wurs"":[{""level"":0,""column"":0,""type"":""int"",""value"":42}],""acdn"":[{""level"":1,""column"":0,""type"":""unreal"",""value"":99}],""Ncl1"":[{""level"":1,""column"":1,""type"":""unreal"",""value"":0.01}],""Ncl3"":[{""level"":1,""column"":3,""type"":""int"",""value"":1}],""Ncl4"":[{""level"":1,""column"":4,""type"":""unreal"",""value"":0.01}],""Ncl5"":[{""level"":1,""column"":5,""type"":""int"",""value"":0}],""Ncl6"":[{""level"":1,""column"":6,""type"":""string"",""value"":""ambush""}],""aher"":[{""level"":0,""column"":0,""type"":""int"",""value"":0}],""alev"":[{""level"":0,""column"":0,""type"":""int"",""value"":1}],""aord"":[{""level"":0,""column"":0,""type"":""string"",""value"":""ambush""}],""arac"":[{""level"":0,""column"":0,""type"":""string"",""value"":""other""}],""aart"":[{""level"":0,""column"":0,""type"":""string"",""value"":""ReplaceableTextures\\CommandButtons\\BTNWandOfManaSteal.blp""}],""acat"":[{""level"":0,""column"":0,""type"":""string"",""value"":""""}],""aeat"":[{""level"":0,""column"":0,""type"":""string"",""value"":""""}],""ahky"":[{""level"":0,""column"":0,""type"":""string"",""value"":""R""}],""atat"":[{""level"":0,""column"":0,""type"":""string"",""value"":""""}],""atp1"":[{""level"":1,""column"":0,""type"":""string"",""value"":""Blast Staff""}],""aub1"":[{""level"":1,""column"":0,""type"":""string"",""value"":""Launches one magic projectile per second at a random nearby enemy. Projectiles deal 60 spell damage.""}]}"
custom	IBA8	ANcl		1		99						Rune of Repair	Repairs buildings near the worker. Stacks with other Runes and Coral Statues.	"{""wurs"":[{""level"":0,""column"":0,""type"":""int"",""value"":42}],""acdn"":[{""level"":1,""column"":0,""type"":""unreal"",""value"":99}],""Ncl1"":[{""level"":1,""column"":1,""type"":""unreal"",""value"":0.01}],""Ncl3"":[{""level"":1,""column"":3,""type"":""int"",""value"":1}],""Ncl4"":[{""level"":1,""column"":4,""type"":""unreal"",""value"":0.01}],""Ncl5"":[{""level"":1,""column"":5,""type"":""int"",""value"":0}],""Ncl6"":[{""level"":1,""column"":6,""type"":""string"",""value"":""antimagicshell""}],""aher"":[{""level"":0,""column"":0,""type"":""int"",""value"":0}],""alev"":[{""level"":0,""column"":0,""type"":""int"",""value"":1}],""aord"":[{""level"":0,""column"":0,""type"":""string"",""value"":""antimagicshell""}],""arac"":[{""level"":0,""column"":0,""type"":""string"",""value"":""other""}],""aart"":[{""level"":0,""column"":0,""type"":""string"",""value"":""ReplaceableTextures\\CommandButtons\\BTNRune.blp""}],""acat"":[{""level"":0,""column"":0,""type"":""string"",""value"":""""}],""aeat"":[{""level"":0,""column"":0,""type"":""string"",""value"":""""}],""ahky"":[{""level"":0,""column"":0,""type"":""string"",""value"":""Q""}],""atat"":[{""level"":0,""column"":0,""type"":""string"",""value"":""""}],""atp1"":[{""level"":1,""column"":0,""type"":""string"",""value"":""Rune of Repair""}],""aub1"":[{""level"":1,""column"":0,""type"":""string"",""value"":""Repairs buildings near the worker. Stacks with other Runes and Coral Statues.""}]}"
custom	A0FZ	Amnx							debris,enemies,ground,structure,ward					"{""wurs"":[{""level"":0,""column"":0,""type"":""int"",""value"":42}],""Dda2"":[{""level"":1,""column"":2,""type"":""unreal"",""value"":325}],""Dda3"":[{""level"":1,""column"":3,""type"":""unreal"",""value"":320}],""Dda4"":[{""level"":1,""column"":4,""type"":""unreal"",""value"":175}],""arac"":[{""level"":0,""column"":0,""type"":""string"",""value"":""human""}],""atar"":[{""level"":1,""column"":0,""type"":""string"",""value"":""debris,enemies,ground,structure,ward""}],""Dda1"":[{""level"":1,""column"":1,""type"":""unreal"",""value"":160}],""aart"":[{""level"":0,""column"":0,""type"":""string"",""value"":""ReplaceableTextures\\CommandButtons\\BTNInfernalFlameCannon.blp""}],""ansf"":[{""level"":0,""column"":0,""type"":""string"",""value"":""(Goblin Rocketeer)""}]}"
custom	A0G0	ANcl		1								|cffFFD900Choose Desert Dwellers|r	Summon the indomitable spirit of the vast sands with this faction's sun-scorched warriors and arid sorcery. Their units boast exceptional resilience and survival skills, thriving where others falter.	"{""wurs"":[{""level"":0,""column"":0,""type"":""int"",""value"":42}],""Ncl1"":[{""level"":1,""column"":1,""type"":""unreal"",""value"":0.01}],""Ncl3"":[{""level"":1,""column"":3,""type"":""int"",""value"":17}],""Ncl6"":[{""level"":1,""column"":6,""type"":""string"",""value"":""creepthunderclap""}],""aher"":[{""level"":0,""column"":0,""type"":""int"",""value"":0}],""alev"":[{""level"":0,""column"":0,""type"":""int"",""value"":1}],""aord"":[{""level"":0,""column"":0,""type"":""string"",""value"":""creepthunderclap""}],""aart"":[{""level"":0,""column"":0,""type"":""string"",""value"":""ReplaceableTextures\\CommandButtons\\BTNKoboldGeomancer.blp""}],""acat"":[{""level"":0,""column"":0,""type"":""string"",""value"":""""}],""aeat"":[{""level"":0,""column"":0,""type"":""string"",""value"":""""}],""atat"":[{""level"":0,""column"":0,""type"":""string"",""value"":""""}],""atp1"":[{""level"":1,""column"":0,""type"":""string"",""value"":""|cffFFD900Choose Desert Dwellers|r""}],""aub1"":[{""level"":1,""column"":0,""type"":""string"",""value"":""Summon the indomitable spirit of the vast sands with this faction's sun-scorched warriors and arid sorcery. Their units boast exceptional resilience and survival skills, thriving where others falter.""}],""abpy"":[{""level"":0,""column"":0,""type"":""int"",""value"":1}],""abpx"":[{""level"":0,""column"":0,""type"":""int"",""value"":0}],""ahky"":[{""level"":0,""column"":0,""type"":""string"",""value"":""A""}]}"
custom	A0G6	AUts	DST: Thorns	1						B02S				"{""wurs"":[{""level"":0,""column"":0,""type"":""int"",""value"":42}],""abuf"":[{""level"":1,""column"":0,""type"":""string"",""value"":""B02S""}],""Uts1"":[{""level"":1,""column"":1,""type"":""unreal"",""value"":0.35}],""Uts3"":[{""level"":1,""column"":3,""type"":""unreal"",""value"":0}],""aher"":[{""level"":0,""column"":0,""type"":""int"",""value"":0}],""alev"":[{""level"":0,""column"":0,""type"":""int"",""value"":1}],""ansf"":[{""level"":0,""column"":0,""type"":""string"",""value"":""30%""}],""anam"":[{""level"":0,""column"":0,""type"":""string"",""value"":""DST: Thorns""}]}"
custom	A0HL	ACct	Fowlhunter 3x						air,enemies					"{""wurs"":[{""level"":0,""column"":0,""type"":""int"",""value"":42}],""Ocr1"":[{""level"":1,""column"":1,""type"":""unreal"",""value"":100}],""Ocr2"":[{""level"":1,""column"":2,""type"":""unreal"",""value"":3}],""arac"":[{""level"":0,""column"":0,""type"":""string"",""value"":""human""}],""atar"":[{""level"":1,""column"":0,""type"":""string"",""value"":""air,enemies""}],""ansf"":[{""level"":0,""column"":0,""type"":""string"",""value"":""""}],""anam"":[{""level"":0,""column"":0,""type"":""string"",""value"":""Fowlhunter 3x""}]}"
custom	A0HK	ACpa	DST: Gnolls auto		9999	99	340		air,enemies	B019				"{""wurs"":[{""level"":0,""column"":0,""type"":""int"",""value"":42}],""abuf"":[{""level"":1,""column"":0,""type"":""string"",""value"":""B019""}],""Npa6"":[{""level"":1,""column"":0,""type"":""unreal"",""value"":0.01}],""acdn"":[{""level"":1,""column"":0,""type"":""unreal"",""value"":99}],""amcs"":[{""level"":1,""column"":0,""type"":""int"",""value"":9999}],""Poi1"":[{""level"":1,""column"":1,""type"":""unreal"",""value"":0}],""Poi4"":[{""level"":1,""column"":4,""type"":""int"",""value"":0}],""adur"":[{""level"":1,""column"":0,""type"":""unreal"",""value"":0.01}],""ahdu"":[{""level"":1,""column"":0,""type"":""unreal"",""value"":0.01}],""arac"":[{""level"":0,""column"":0,""type"":""string"",""value"":""human""}],""aran"":[{""level"":1,""column"":0,""type"":""unreal"",""value"":340}],""atar"":[{""level"":1,""column"":0,""type"":""string"",""value"":""air,enemies""}],""ipmu"":[{""level"":1,""column"":0,""type"":""string"",""value"":""nfbr""}],""aani"":[{""level"":0,""column"":0,""type"":""string"",""value"":""stand""}],""amat"":[{""level"":0,""column"":0,""type"":""string"",""value"":""""}],""anam"":[{""level"":0,""column"":0,""type"":""string"",""value"":""DST: Gnolls auto""}]}"
custom	A0G2	ACvs	Heavy Bolt						air,ground	B019,B019				"{""wurs"":[{""level"":0,""column"":0,""type"":""int"",""value"":42}],""abuf"":[{""level"":1,""column"":0,""type"":""string"",""value"":""B019,B019""}],""Poi1"":[{""level"":1,""column"":1,""type"":""unreal"",""value"":0.01}],""Poi2"":[{""level"":1,""column"":2,""type"":""unreal"",""value"":0.2}],""adur"":[{""level"":1,""column"":0,""type"":""unreal"",""value"":2}],""ahdu"":[{""level"":1,""column"":0,""type"":""unreal"",""value"":2}],""atar"":[{""level"":1,""column"":0,""type"":""string"",""value"":""air,ground""}],""ansf"":[{""level"":0,""column"":0,""type"":""string"",""value"":""""}],""anam"":[{""level"":0,""column"":0,""type"":""string"",""value"":""Heavy Bolt""}]}"
custom	A0G1	ANwk	Ambush		9999	99			air,enemies,ground,neutral	B012		|cffffcc00W|rind Walk - [|cffffcc00Level 1|r]	Allows the Blademaster to become invisible, and move <AOwk,DataB1,%>% faster for <AOwk,Dur1> seconds. If the Blademaster attacks a unit to break invisibility, the attack will do <AOwk,DataC1> bonus damage.	"{""wurs"":[{""level"":0,""column"":0,""type"":""int"",""value"":42}],""abuf"":[{""level"":1,""column"":0,""type"":""string"",""value"":""B012""}],""acas"":[{""level"":1,""column"":0,""type"":""unreal"",""value"":0.1}],""acdn"":[{""level"":1,""column"":0,""type"":""unreal"",""value"":99}],""amcs"":[{""level"":1,""column"":0,""type"":""int"",""value"":9999}],""Owk1"":[{""level"":1,""column"":1,""type"":""unreal"",""value"":0.4}],""Owk2"":[{""level"":1,""column"":2,""type"":""unreal"",""value"":0.5}],""Owk3"":[{""level"":1,""column"":3,""type"":""unreal"",""value"":300}],""adur"":[{""level"":1,""column"":0,""type"":""unreal"",""value"":3}],""aher"":[{""level"":0,""column"":0,""type"":""int"",""value"":0}],""ahdu"":[{""level"":1,""column"":0,""type"":""unreal"",""value"":3}],""arac"":[{""level"":0,""column"":0,""type"":""string"",""value"":""human""}],""atar"":[{""level"":1,""column"":0,""type"":""string"",""value"":""air,enemies,ground,neutral""}],""ansf"":[{""level"":0,""column"":0,""type"":""string"",""value"":""""}],""aefs"":[{""level"":0,""column"":0,""type"":""string"",""value"":""ShadowMeld""}],""anam"":[{""level"":0,""column"":0,""type"":""string"",""value"":""Ambush""}],""arhk"":[{""level"":0,""column"":0,""type"":""string"",""value"":""W""}],""aret"":[{""level"":0,""column"":0,""type"":""string"",""value"":""Learn |cffffcc00W|rind Walk - [|cffffcc00Level %d|r]""}],""arut"":[{""level"":0,""column"":0,""type"":""string"",""value"":""Allows the Blademaster to become invisible, and move faster for a set amount of time. When the Blademaster attacks a unit to break invisibility, he will deal bonus damage. |n|n|cffffcc00Level 1|r - <AOwk,DataB1,%>% move, <AOwk,DataC1> bonus damage, <AOwk,Dur1> seconds. |n|cffffcc00Level 2|r - <AOwk,DataB2,%>% move, <AOwk,DataC2> bonus damage, <AOwk,Dur2> seconds. |n|cffffcc00Level 3|r - <AOwk,DataB3,%>% move, <AOwk,DataC3> bonus damage, <AOwk,Dur3> seconds.""}],""atp1"":[{""level"":1,""column"":0,""type"":""string"",""value"":""|cffffcc00W|rind Walk - [|cffffcc00Level 1|r]""}],""aub1"":[{""level"":1,""column"":0,""type"":""string"",""value"":""Allows the Blademaster to become invisible, and move <AOwk,DataB1,%>% faster for <AOwk,Dur1> seconds. If the Blademaster attacks a unit to break invisibility, the attack will do <AOwk,DataC1> bonus damage.""}]}"
custom	A0G3	ACev												"{""wurs"":[{""level"":0,""column"":0,""type"":""int"",""value"":42}],""Eev1"":[{""level"":1,""column"":1,""type"":""unreal"",""value"":0.1}],""arac"":[{""level"":0,""column"":0,""type"":""string"",""value"":""human""}],""ansf"":[{""level"":0,""column"":0,""type"":""string"",""value"":""(10%)""}]}"
custom	A0HM	ACct	Fowlhunter 2x						air,enemies					"{""wurs"":[{""level"":0,""column"":0,""type"":""int"",""value"":42}],""Ocr1"":[{""level"":1,""column"":1,""type"":""unreal"",""value"":100}],""arac"":[{""level"":0,""column"":0,""type"":""string"",""value"":""human""}],""atar"":[{""level"":1,""column"":0,""type"":""string"",""value"":""air,enemies""}],""ansf"":[{""level"":0,""column"":0,""type"":""string"",""value"":""""}],""anam"":[{""level"":0,""column"":0,""type"":""string"",""value"":""Fowlhunter 2x""}]}"
custom	A0H3	Asp1	Matriarchs visual											"{""wurs"":[{""level"":0,""column"":0,""type"":""int"",""value"":42}],""arac"":[{""level"":0,""column"":0,""type"":""string"",""value"":""human""}],""ansf"":[{""level"":0,""column"":0,""type"":""string"",""value"":""""}],""amat"":[{""level"":0,""column"":0,""type"":""string"",""value"":""Units\\Human\\HeroBloodElf\\BloodElfBall.mdl""}],""anam"":[{""level"":0,""column"":0,""type"":""string"",""value"":""Matriarchs visual""}],""atat"":[{""level"":0,""column"":0,""type"":""string"",""value"":""Abilities\\Weapons\\MurgulMagicMissile\\MurgulMagicMissile.mdl""}],""ata0"":[{""level"":0,""column"":0,""type"":""string"",""value"":""overhead""}]}"
custom	A0H1	ACpa	DST: Matriarch auto		9999	99	350		air,enemies,ground	B019				"{""wurs"":[{""level"":0,""column"":0,""type"":""int"",""value"":42}],""abuf"":[{""level"":1,""column"":0,""type"":""string"",""value"":""B019""}],""Npa6"":[{""level"":1,""column"":0,""type"":""unreal"",""value"":0.01}],""acdn"":[{""level"":1,""column"":0,""type"":""unreal"",""value"":99}],""amcs"":[{""level"":1,""column"":0,""type"":""int"",""value"":9999}],""Poi1"":[{""level"":1,""column"":1,""type"":""unreal"",""value"":0}],""Poi4"":[{""level"":1,""column"":4,""type"":""int"",""value"":0}],""adur"":[{""level"":1,""column"":0,""type"":""unreal"",""value"":0.01}],""ahdu"":[{""level"":1,""column"":0,""type"":""unreal"",""value"":0.01}],""arac"":[{""level"":0,""column"":0,""type"":""string"",""value"":""human""}],""aran"":[{""level"":1,""column"":0,""type"":""unreal"",""value"":350}],""atar"":[{""level"":1,""column"":0,""type"":""string"",""value"":""air,enemies,ground""}],""ipmu"":[{""level"":1,""column"":0,""type"":""string"",""value"":""nfbr""}],""aani"":[{""level"":0,""column"":0,""type"":""string"",""value"":""attack,slam""}],""amat"":[{""level"":0,""column"":0,""type"":""string"",""value"":""""}],""anam"":[{""level"":0,""column"":0,""type"":""string"",""value"":""DST: Matriarch auto""}]}"
custom	A0G9	ACpa	DST: Harpy auto		9999	99	450		air,enemies,ground,organic	B019				"{""wurs"":[{""level"":0,""column"":0,""type"":""int"",""value"":42}],""abuf"":[{""level"":1,""column"":0,""type"":""string"",""value"":""B019""}],""Npa6"":[{""level"":1,""column"":0,""type"":""unreal"",""value"":0.01}],""acdn"":[{""level"":1,""column"":0,""type"":""unreal"",""value"":99}],""amcs"":[{""level"":1,""column"":0,""type"":""int"",""value"":9999}],""Poi1"":[{""level"":1,""column"":1,""type"":""unreal"",""value"":0}],""Poi4"":[{""level"":1,""column"":4,""type"":""int"",""value"":0}],""adur"":[{""level"":1,""column"":0,""type"":""unreal"",""value"":0.01}],""ahdu"":[{""level"":1,""column"":0,""type"":""unreal"",""value"":0.01}],""arac"":[{""level"":0,""column"":0,""type"":""string"",""value"":""human""}],""aran"":[{""level"":1,""column"":0,""type"":""unreal"",""value"":450}],""atar"":[{""level"":1,""column"":0,""type"":""string"",""value"":""air,enemies,ground,organic""}],""ipmu"":[{""level"":1,""column"":0,""type"":""string"",""value"":""nfbr""}],""aani"":[{""level"":0,""column"":0,""type"":""string"",""value"":""attack,slam""}],""amat"":[{""level"":0,""column"":0,""type"":""string"",""value"":""""}],""anam"":[{""level"":0,""column"":0,""type"":""string"",""value"":""DST: Harpy auto""}]}"
custom	A0G5	AIdf	DST: Blind 16%						air,enemies,ground,structure,ward					"{""wurs"":[{""level"":0,""column"":0,""type"":""int"",""value"":42}],""Idam"":[{""level"":1,""column"":1,""type"":""unreal"",""value"":0}],""Iob2"":[{""level"":1,""column"":2,""type"":""unreal"",""value"":16}],""Iob3"":[{""level"":1,""column"":3,""type"":""unreal"",""value"":16}],""Iob4"":[{""level"":1,""column"":4,""type"":""unreal"",""value"":16}],""Iob5"":[{""level"":1,""column"":5,""type"":""int"",""value"":0}],""aite"":[{""level"":0,""column"":0,""type"":""int"",""value"":0}],""amho"":[{""level"":0,""column"":0,""type"":""int"",""value"":0}],""arac"":[{""level"":0,""column"":0,""type"":""string"",""value"":""human""}],""atar"":[{""level"":1,""column"":0,""type"":""string"",""value"":""air,enemies,ground,structure,ward""}],""Iobu"":[{""level"":1,""column"":0,""type"":""string"",""value"":""A0GD""}],""aart"":[{""level"":0,""column"":0,""type"":""string"",""value"":""ReplaceableTextures\\CommandButtons\\BTNOrbOfLightning.blp""}],""amat"":[{""level"":0,""column"":0,""type"":""string"",""value"":""""}],""anam"":[{""level"":0,""column"":0,""type"":""string"",""value"":""DST: Blind 16%""}],""atat"":[{""level"":0,""column"":0,""type"":""string"",""value"":""""}],""ata0"":[{""level"":0,""column"":0,""type"":""string"",""value"":""""}]}"
custom	A0KB	AIva	Life Steal											"{""wurs"":[{""level"":0,""column"":0,""type"":""int"",""value"":42}],""Ivam"":[{""level"":1,""column"":1,""type"":""unreal"",""value"":0.23}],""amat"":[{""level"":0,""column"":0,""type"":""string"",""value"":""Abilities\\Weapons\\WardenMissile\\WardenMissile.mdl""}],""anam"":[{""level"":0,""column"":0,""type"":""string"",""value"":""Life Steal""}]}"
custom	A0J6	Awar	DST: Pulverize						enemies,ground					"{""wurs"":[{""level"":0,""column"":0,""type"":""int"",""value"":42}],""War1"":[{""level"":1,""column"":1,""type"":""unreal"",""value"":30}],""War3"":[{""level"":1,""column"":3,""type"":""unreal"",""value"":60}],""War4"":[{""level"":1,""column"":4,""type"":""unreal"",""value"":100}],""areq"":[{""level"":0,""column"":0,""type"":""string"",""value"":""""}],""atar"":[{""level"":1,""column"":0,""type"":""string"",""value"":""enemies,ground""}],""anam"":[{""level"":0,""column"":0,""type"":""string"",""value"":""DST: Pulverize""}]}"
custom	A0J7	Awar	DST: Pulverize2						enemies,ground					"{""wurs"":[{""level"":0,""column"":0,""type"":""int"",""value"":42}],""War1"":[{""level"":1,""column"":1,""type"":""unreal"",""value"":40}],""War2"":[{""level"":1,""column"":2,""type"":""unreal"",""value"":150}],""War3"":[{""level"":1,""column"":3,""type"":""unreal"",""value"":80}],""War4"":[{""level"":1,""column"":4,""type"":""unreal"",""value"":150}],""areq"":[{""level"":0,""column"":0,""type"":""string"",""value"":""""}],""atar"":[{""level"":1,""column"":0,""type"":""string"",""value"":""enemies,ground""}],""anam"":[{""level"":0,""column"":0,""type"":""string"",""value"":""DST: Pulverize2""}]}"
custom	A0GR	Absk	OgreLords rage			99				B02T				"{""wurs"":[{""level"":0,""column"":0,""type"":""int"",""value"":42}],""abuf"":[{""level"":1,""column"":0,""type"":""string"",""value"":""B02T""}],""acdn"":[{""level"":1,""column"":0,""type"":""unreal"",""value"":99}],""bsk1"":[{""level"":1,""column"":1,""type"":""unreal"",""value"":0.15}],""bsk2"":[{""level"":1,""column"":2,""type"":""unreal"",""value"":1.4}],""bsk3"":[{""level"":1,""column"":3,""type"":""unreal"",""value"":0.01}],""adur"":[{""level"":1,""column"":0,""type"":""unreal"",""value"":6}],""ahdu"":[{""level"":1,""column"":0,""type"":""unreal"",""value"":6}],""arac"":[{""level"":0,""column"":0,""type"":""string"",""value"":""human""}],""anam"":[{""level"":0,""column"":0,""type"":""string"",""value"":""OgreLords rage""}],""atat"":[{""level"":0,""column"":0,""type"":""string"",""value"":""Abilities\\Spells\\Orc\\AncestralSpirit\\AncestralSpiritCaster.mdl""}],""ata0"":[{""level"":0,""column"":0,""type"":""string"",""value"":""head""}],""atac"":[{""level"":0,""column"":0,""type"":""int"",""value"":1}]}"
custom	A0GB	ACpa	DST: Ogre auto		9999	99	180		enemies,ground	B019				"{""wurs"":[{""level"":0,""column"":0,""type"":""int"",""value"":42}],""abuf"":[{""level"":1,""column"":0,""type"":""string"",""value"":""B019""}],""Npa6"":[{""level"":1,""column"":0,""type"":""unreal"",""value"":0.01}],""acdn"":[{""level"":1,""column"":0,""type"":""unreal"",""value"":99}],""amcs"":[{""level"":1,""column"":0,""type"":""int"",""value"":9999}],""Poi1"":[{""level"":1,""column"":1,""type"":""unreal"",""value"":0}],""Poi4"":[{""level"":1,""column"":4,""type"":""int"",""value"":0}],""adur"":[{""level"":1,""column"":0,""type"":""unreal"",""value"":0.01}],""ahdu"":[{""level"":1,""column"":0,""type"":""unreal"",""value"":0.01}],""arac"":[{""level"":0,""column"":0,""type"":""string"",""value"":""human""}],""aran"":[{""level"":1,""column"":0,""type"":""unreal"",""value"":180}],""atar"":[{""level"":1,""column"":0,""type"":""string"",""value"":""enemies,ground""}],""ipmu"":[{""level"":1,""column"":0,""type"":""string"",""value"":""nfbr""}],""aani"":[{""level"":0,""column"":0,""type"":""string"",""value"":""stand""}],""amat"":[{""level"":0,""column"":0,""type"":""string"",""value"":""""}],""anam"":[{""level"":0,""column"":0,""type"":""string"",""value"":""DST: Ogre auto""}]}"
custom	A0GU	ACbh												"{""wurs"":[{""level"":0,""column"":0,""type"":""int"",""value"":42}],""Hbh1"":[{""level"":1,""column"":1,""type"":""unreal"",""value"":20}],""Hbh3"":[{""level"":1,""column"":3,""type"":""unreal"",""value"":80}],""adur"":[{""level"":1,""column"":0,""type"":""unreal"",""value"":1.1}],""ahdu"":[{""level"":1,""column"":0,""type"":""unreal"",""value"":1}],""arac"":[{""level"":0,""column"":0,""type"":""string"",""value"":""human""}],""ansf"":[{""level"":0,""column"":0,""type"":""string"",""value"":""20%x80""}]}"
custom	A0HQ	AOae	Sandshield	1				90	enemies,ward,ground,invulnerable,vulnerable	B02W				"{""wurs"":[{""level"":0,""column"":0,""type"":""int"",""value"":42}],""aare"":[{""level"":1,""column"":0,""type"":""unreal"",""value"":90}],""abuf"":[{""level"":1,""column"":0,""type"":""string"",""value"":""B02W""}],""Oae1"":[{""level"":1,""column"":1,""type"":""unreal"",""value"":-0.2}],""Oae2"":[{""level"":1,""column"":2,""type"":""unreal"",""value"":-0.35}],""aher"":[{""level"":0,""column"":0,""type"":""int"",""value"":0}],""alev"":[{""level"":0,""column"":0,""type"":""int"",""value"":1}],""arac"":[{""level"":0,""column"":0,""type"":""string"",""value"":""human""}],""atar"":[{""level"":1,""column"":0,""type"":""string"",""value"":""enemies,ward,ground,invulnerable,vulnerable""}],""aart"":[{""level"":0,""column"":0,""type"":""string"",""value"":""ReplaceableTextures\\CommandButtons\\BTNPurpleFelhound.blp""}],""anam"":[{""level"":0,""column"":0,""type"":""string"",""value"":""Sandshield""}],""atat"":[{""level"":0,""column"":0,""type"":""string"",""value"":""sandshield.mdx""}]}"
custom	A0G8	ACpa	DST: Sandkin abil		9999	99	450		enemies,ground	B019				"{""wurs"":[{""level"":0,""column"":0,""type"":""int"",""value"":42}],""abuf"":[{""level"":1,""column"":0,""type"":""string"",""value"":""B019""}],""Npa6"":[{""level"":1,""column"":0,""type"":""unreal"",""value"":0.01}],""acdn"":[{""level"":1,""column"":0,""type"":""unreal"",""value"":99}],""amcs"":[{""level"":1,""column"":0,""type"":""int"",""value"":9999}],""Poi1"":[{""level"":1,""column"":1,""type"":""unreal"",""value"":0}],""Poi4"":[{""level"":1,""column"":4,""type"":""int"",""value"":0}],""adur"":[{""level"":1,""column"":0,""type"":""unreal"",""value"":0.01}],""ahdu"":[{""level"":1,""column"":0,""type"":""unreal"",""value"":0.01}],""arac"":[{""level"":0,""column"":0,""type"":""string"",""value"":""human""}],""aran"":[{""level"":1,""column"":0,""type"":""unreal"",""value"":450}],""atar"":[{""level"":1,""column"":0,""type"":""string"",""value"":""enemies,ground""}],""ipmu"":[{""level"":1,""column"":0,""type"":""string"",""value"":""nfbr""}],""amat"":[{""level"":0,""column"":0,""type"":""string"",""value"":""""}],""anam"":[{""level"":0,""column"":0,""type"":""string"",""value"":""DST: Sandkin abil""}]}"
custom	A0G7	AUts	DST: Thorns 70%	1						B02S				"{""wurs"":[{""level"":0,""column"":0,""type"":""int"",""value"":42}],""abuf"":[{""level"":1,""column"":0,""type"":""string"",""value"":""B02S""}],""Uts1"":[{""level"":1,""column"":1,""type"":""unreal"",""value"":0.7}],""Uts3"":[{""level"":1,""column"":3,""type"":""unreal"",""value"":0}],""aher"":[{""level"":0,""column"":0,""type"":""int"",""value"":0}],""alev"":[{""level"":0,""column"":0,""type"":""int"",""value"":1}],""anam"":[{""level"":0,""column"":0,""type"":""string"",""value"":""DST: Thorns 70%""}]}"
custom	A0HX	AIdf	DST: salamanders						air,enemies,ground					"{""wurs"":[{""level"":0,""column"":0,""type"":""int"",""value"":42}],""Idam"":[{""level"":1,""column"":1,""type"":""unreal"",""value"":0}],""Iob2"":[{""level"":1,""column"":2,""type"":""unreal"",""value"":35}],""Iob3"":[{""level"":1,""column"":3,""type"":""unreal"",""value"":35}],""Iob4"":[{""level"":1,""column"":4,""type"":""unreal"",""value"":35}],""Iob5"":[{""level"":1,""column"":5,""type"":""int"",""value"":0}],""aite"":[{""level"":0,""column"":0,""type"":""int"",""value"":0}],""amho"":[{""level"":0,""column"":0,""type"":""int"",""value"":0}],""arac"":[{""level"":0,""column"":0,""type"":""string"",""value"":""creeps""}],""atar"":[{""level"":1,""column"":0,""type"":""string"",""value"":""air,enemies,ground""}],""Iobu"":[{""level"":1,""column"":0,""type"":""string"",""value"":""A0HW""}],""aart"":[{""level"":0,""column"":0,""type"":""string"",""value"":""ReplaceableTextures\\CommandButtons\\BTNOrbOfLightning.blp""}],""amat"":[{""level"":0,""column"":0,""type"":""string"",""value"":""""}],""anam"":[{""level"":0,""column"":0,""type"":""string"",""value"":""DST: salamanders""}],""atat"":[{""level"":0,""column"":0,""type"":""string"",""value"":""""}],""ata0"":[{""level"":0,""column"":0,""type"":""string"",""value"":""""}]}"
custom	A0GE	ACpa	Oasis Ability		9999	99	99999		enemies,ground,invulnerable,mechanical,neutral,structure			Replenishment	|cffFFFF80Ability: |cffFFFF00Replenishment|r|nReplenishes 175 hitpoints and 40 manapoints of a random allied unit that is missing hitpoints or manapoints. Prioritizes very low hitpoint units.|n|n|cffFFFF80Cooldown:|cffFFFF00 5 |rseconds	"{""wurs"":[{""level"":0,""column"":0,""type"":""int"",""value"":42}],""abuf"":[{""level"":1,""column"":0,""type"":""string"",""value"":""""}],""Npa6"":[{""level"":1,""column"":0,""type"":""unreal"",""value"":0.01}],""acdn"":[{""level"":1,""column"":0,""type"":""unreal"",""value"":99}],""amcs"":[{""level"":1,""column"":0,""type"":""int"",""value"":9999}],""Poi1"":[{""level"":1,""column"":1,""type"":""unreal"",""value"":0}],""Poi4"":[{""level"":1,""column"":4,""type"":""int"",""value"":0}],""adur"":[{""level"":1,""column"":0,""type"":""unreal"",""value"":0.01}],""arac"":[{""level"":0,""column"":0,""type"":""string"",""value"":""orc""}],""aran"":[{""level"":1,""column"":0,""type"":""unreal"",""value"":99999}],""atar"":[{""level"":1,""column"":0,""type"":""string"",""value"":""enemies,ground,invulnerable,mechanical,neutral,structure""}],""ipmu"":[{""level"":1,""column"":0,""type"":""string"",""value"":""nfbr""}],""aart"":[{""level"":0,""column"":0,""type"":""string"",""value"":""ReplaceableTextures\\CommandButtons\\BTNManaRechargeOn.blp""}],""amat"":[{""level"":0,""column"":0,""type"":""string"",""value"":""""}],""anam"":[{""level"":0,""column"":0,""type"":""string"",""value"":""Oasis Ability""}],""atp1"":[{""level"":1,""column"":0,""type"":""string"",""value"":""Replenishment""}],""aub1"":[{""level"":1,""column"":0,""type"":""string"",""value"":""|cffFFFF80Ability: |cffFFFF00Replenishment|r|nReplenishes 175 hitpoints and 40 manapoints of a random allied unit that is missing hitpoints or manapoints. Prioritizes very low hitpoint units.|n|n|cffFFFF80Cooldown:|cffFFFF00 5 |rseconds""}],""auar"":[{""level"":0,""column"":0,""type"":""string"",""value"":""ReplaceableTextures\\CommandButtons\\BTNManaRechargeOn.blp""}]}"
custom	A0GF	ACpa	Peyote abil		9999	99	99999		enemies,ground,invulnerable,mechanical,neutral,structure			Peyote	|cffFFFF80Ability:|cffFFFF00 Hallucinogenic|r|nCreates an illusion of a random living enemy. Illusions deal 125%, take 75% damage and last 60 seconds.|n|n|cffFFFF80Cooldown:|cffFFFF00 15|r seconds	"{""wurs"":[{""level"":0,""column"":0,""type"":""int"",""value"":42}],""abuf"":[{""level"":1,""column"":0,""type"":""string"",""value"":""""}],""Npa6"":[{""level"":1,""column"":0,""type"":""unreal"",""value"":0.01}],""acdn"":[{""level"":1,""column"":0,""type"":""unreal"",""value"":99}],""amcs"":[{""level"":1,""column"":0,""type"":""int"",""value"":9999}],""Poi1"":[{""level"":1,""column"":1,""type"":""unreal"",""value"":0}],""Poi4"":[{""level"":1,""column"":4,""type"":""int"",""value"":0}],""adur"":[{""level"":1,""column"":0,""type"":""unreal"",""value"":0.01}],""arac"":[{""level"":0,""column"":0,""type"":""string"",""value"":""orc""}],""aran"":[{""level"":1,""column"":0,""type"":""unreal"",""value"":99999}],""atar"":[{""level"":1,""column"":0,""type"":""string"",""value"":""enemies,ground,invulnerable,mechanical,neutral,structure""}],""ipmu"":[{""level"":1,""column"":0,""type"":""string"",""value"":""nfbr""}],""aart"":[{""level"":0,""column"":0,""type"":""string"",""value"":""ReplaceableTextures\\CommandButtons\\BTNDryadDispelMagic.blp""}],""amat"":[{""level"":0,""column"":0,""type"":""string"",""value"":""""}],""anam"":[{""level"":0,""column"":0,""type"":""string"",""value"":""Peyote abil""}],""atp1"":[{""level"":1,""column"":0,""type"":""string"",""value"":""Peyote""}],""aub1"":[{""level"":1,""column"":0,""type"":""string"",""value"":""|cffFFFF80Ability:|cffFFFF00 Hallucinogenic|r|nCreates an illusion of a random living enemy. Illusions deal 125%, take 75% damage and last 60 seconds.|n|n|cffFFFF80Cooldown:|cffFFFF00 15|r seconds""}],""auar"":[{""level"":0,""column"":0,""type"":""string"",""value"":""ReplaceableTextures\\CommandButtons\\BTNDryadDispelMagic.blp""}]}"
custom	A0H5	AOae	QuickSand L	1				200	enemies,ground,invulnerable,vulnerable	B02U				"{""wurs"":[{""level"":0,""column"":0,""type"":""int"",""value"":42}],""aare"":[{""level"":1,""column"":0,""type"":""unreal"",""value"":200}],""abuf"":[{""level"":1,""column"":0,""type"":""string"",""value"":""B02U""}],""Oae1"":[{""level"":1,""column"":1,""type"":""unreal"",""value"":-0.25}],""Oae2"":[{""level"":1,""column"":2,""type"":""unreal"",""value"":-0.2}],""aher"":[{""level"":0,""column"":0,""type"":""int"",""value"":0}],""alev"":[{""level"":0,""column"":0,""type"":""int"",""value"":1}],""atar"":[{""level"":1,""column"":0,""type"":""string"",""value"":""enemies,ground,invulnerable,vulnerable""}],""anam"":[{""level"":0,""column"":0,""type"":""string"",""value"":""QuickSand L""}],""atat"":[{""level"":0,""column"":0,""type"":""string"",""value"":""""}],""ata0"":[{""level"":0,""column"":0,""type"":""string"",""value"":""""}]}"
custom	A0IL	ACmp	succomb		9999	99		1	self	B031		Impal|cffffcc00e|r - [|cffffcc00Level 1|r]	Slams the ground with the Crypt Lord's massive claws, shooting spiked tendrils out in a straight line, dealing <AUim,DataC1> damage and hurling enemy ground units into the air in their wake, stunning them for <AUim,Dur1> seconds.	"{""wurs"":[{""level"":0,""column"":0,""type"":""int"",""value"":42}],""aare"":[{""level"":1,""column"":0,""type"":""unreal"",""value"":1}],""abuf"":[{""level"":1,""column"":0,""type"":""string"",""value"":""B031""}],""acdn"":[{""level"":1,""column"":0,""type"":""unreal"",""value"":99}],""amcs"":[{""level"":1,""column"":0,""type"":""int"",""value"":9999}],""Uim1"":[{""level"":1,""column"":1,""type"":""unreal"",""value"":1}],""Uim2"":[{""level"":1,""column"":2,""type"":""unreal"",""value"":0}],""Uim3"":[{""level"":1,""column"":3,""type"":""unreal"",""value"":0}],""Uim4"":[{""level"":1,""column"":4,""type"":""unreal"",""value"":3}],""adur"":[{""level"":1,""column"":0,""type"":""unreal"",""value"":0.01}],""ahdu"":[{""level"":1,""column"":0,""type"":""unreal"",""value"":0.01}],""arac"":[{""level"":0,""column"":0,""type"":""string"",""value"":""undead""}],""arlv"":[{""level"":0,""column"":0,""type"":""int"",""value"":1}],""atar"":[{""level"":1,""column"":0,""type"":""string"",""value"":""self""}],""ansf"":[{""level"":0,""column"":0,""type"":""string"",""value"":""""}],""aefs"":[{""level"":0,""column"":0,""type"":""string"",""value"":""AcolyteMining""}],""anam"":[{""level"":0,""column"":0,""type"":""string"",""value"":""succomb""}],""arhk"":[{""level"":0,""column"":0,""type"":""string"",""value"":""E""}],""aret"":[{""level"":0,""column"":0,""type"":""string"",""value"":""Learn Impal|cffffcc00e|r - [|cffffcc00Level %d|r]""}],""arut"":[{""level"":0,""column"":0,""type"":""string"",""value"":""Slams the ground with the Crypt Lord's massive claws, shooting spiked tendrils out in a straight line, dealing damage and hurling enemy ground units into the air in their wake. |n|n|cffffcc00Level 1|r - <AUim,DataC1> damage, <AUim,Dur1> second stun. |n|cffffcc00Level 2|r - <AUim,DataC2> damage, <AUim,Dur2> second stun. |n|cffffcc00Level 3|r - <AUim,DataC3> damage, <AUim,Dur3> second stun.""}],""asat"":[{""level"":0,""column"":0,""type"":""string"",""value"":""Abilities\\Spells\\Human\\Feedback\\SpellBreakerAttack.mdl""}],""atp1"":[{""level"":1,""column"":0,""type"":""string"",""value"":""Impal|cffffcc00e|r - [|cffffcc00Level 1|r]""}],""aub1"":[{""level"":1,""column"":0,""type"":""string"",""value"":""Slams the ground with the Crypt Lord's massive claws, shooting spiked tendrils out in a straight line, dealing <AUim,DataC1> damage and hurling enemy ground units into the air in their wake, stunning them for <AUim,Dur1> seconds.""}]}"
custom	A0JD	ANab	Peyote	1	9999	99	50000	1	air,enemies,ground,neutral,organic	BUsl				"{""wurs"":[{""level"":0,""column"":0,""type"":""int"",""value"":42}],""aare"":[{""level"":1,""column"":0,""type"":""unreal"",""value"":1}],""abuf"":[{""level"":1,""column"":0,""type"":""string"",""value"":""BUsl""}],""acdn"":[{""level"":1,""column"":0,""type"":""unreal"",""value"":99}],""amcs"":[{""level"":1,""column"":0,""type"":""int"",""value"":9999}],""Nab1"":[{""level"":1,""column"":1,""type"":""unreal"",""value"":-1}],""Nab2"":[{""level"":1,""column"":2,""type"":""unreal"",""value"":-1}],""Nab3"":[{""level"":1,""column"":3,""type"":""int"",""value"":0}],""Nab4"":[{""level"":1,""column"":4,""type"":""unreal"",""value"":1}],""Nab5"":[{""level"":1,""column"":5,""type"":""unreal"",""value"":20}],""Nab6"":[{""level"":1,""column"":6,""type"":""unreal"",""value"":0.5}],""adur"":[{""level"":1,""column"":0,""type"":""unreal"",""value"":5}],""aher"":[{""level"":0,""column"":0,""type"":""int"",""value"":0}],""ahdu"":[{""level"":1,""column"":0,""type"":""unreal"",""value"":5}],""alev"":[{""level"":0,""column"":0,""type"":""int"",""value"":1}],""amho"":[{""level"":0,""column"":0,""type"":""int"",""value"":0}],""amsp"":[{""level"":0,""column"":0,""type"":""int"",""value"":2000}],""arac"":[{""level"":0,""column"":0,""type"":""string"",""value"":""human""}],""aran"":[{""level"":1,""column"":0,""type"":""unreal"",""value"":50000}],""atar"":[{""level"":1,""column"":0,""type"":""string"",""value"":""air,enemies,ground,neutral,organic""}],""aani"":[{""level"":0,""column"":0,""type"":""string"",""value"":""""}],""amac"":[{""level"":0,""column"":0,""type"":""unreal"",""value"":0}],""amat"":[{""level"":0,""column"":0,""type"":""string"",""value"":""""}],""anam"":[{""level"":0,""column"":0,""type"":""string"",""value"":""Peyote""}]}"
custom	A0G4	ACsi	Sandstorm		9999	99	9999	99999	air,enemies,ground,vulnerable	B02R				"{""wurs"":[{""level"":0,""column"":0,""type"":""int"",""value"":42}],""aare"":[{""level"":1,""column"":0,""type"":""unreal"",""value"":99999}],""abuf"":[{""level"":1,""column"":0,""type"":""string"",""value"":""B02R""}],""acdn"":[{""level"":1,""column"":0,""type"":""unreal"",""value"":99}],""amcs"":[{""level"":1,""column"":0,""type"":""int"",""value"":9999}],""Nsi1"":[{""level"":1,""column"":1,""type"":""int"",""value"":0}],""Nsi2"":[{""level"":1,""column"":2,""type"":""unreal"",""value"":0.65}],""Nsi3"":[{""level"":1,""column"":3,""type"":""unreal"",""value"":-0.3}],""Nsi4"":[{""level"":1,""column"":4,""type"":""unreal"",""value"":-0.3}],""adur"":[{""level"":1,""column"":0,""type"":""unreal"",""value"":8}],""ahdu"":[{""level"":1,""column"":0,""type"":""unreal"",""value"":8}],""aran"":[{""level"":1,""column"":0,""type"":""unreal"",""value"":9999}],""atar"":[{""level"":1,""column"":0,""type"":""string"",""value"":""air,enemies,ground,vulnerable""}],""ansf"":[{""level"":0,""column"":0,""type"":""string"",""value"":""(Neutral Hostile)""}],""aeat"":[{""level"":0,""column"":0,""type"":""string"",""value"":""none.mdx""}],""anam"":[{""level"":0,""column"":0,""type"":""string"",""value"":""Sandstorm""}]}"
custom	A0GC	ANpi	SandStorm					20000	air,enemies,ground,vulnerable	B02R		Sandstorm	Affected by Sandstorm.	"{""wurs"":[{""level"":0,""column"":0,""type"":""int"",""value"":42}],""aare"":[{""level"":1,""column"":0,""type"":""unreal"",""value"":20000}],""abuf"":[{""level"":1,""column"":0,""type"":""string"",""value"":""B02R""}],""Eim1"":[{""level"":1,""column"":1,""type"":""unreal"",""value"":20}],""arac"":[{""level"":0,""column"":0,""type"":""string"",""value"":""orc""}],""atar"":[{""level"":1,""column"":0,""type"":""string"",""value"":""air,enemies,ground,vulnerable""}],""aart"":[{""level"":0,""column"":0,""type"":""string"",""value"":""ReplaceableTextures\\CommandButtons\\BTNCloudOfFog.blp""}],""ansf"":[{""level"":0,""column"":0,""type"":""string"",""value"":""""}],""anam"":[{""level"":0,""column"":0,""type"":""string"",""value"":""SandStorm""}],""atp1"":[{""level"":1,""column"":0,""type"":""string"",""value"":""Sandstorm""}],""aub1"":[{""level"":1,""column"":0,""type"":""string"",""value"":""Affected by Sandstorm.""}]}"
custom	A0HP	ACsi	Sandcloud2x		9999	99	1000		air,enemies,structure,ground,neutral,invulnerable,vulnerable	B02R				"{""wurs"":[{""level"":0,""column"":0,""type"":""int"",""value"":42}],""abuf"":[{""level"":1,""column"":0,""type"":""string"",""value"":""B02R""}],""acdn"":[{""level"":1,""column"":0,""type"":""unreal"",""value"":99}],""amcs"":[{""level"":1,""column"":0,""type"":""int"",""value"":9999}],""Nsi1"":[{""level"":1,""column"":1,""type"":""int"",""value"":0}],""Nsi2"":[{""level"":1,""column"":2,""type"":""unreal"",""value"":0.45}],""adur"":[{""level"":1,""column"":0,""type"":""unreal"",""value"":1.2}],""ahdu"":[{""level"":1,""column"":0,""type"":""unreal"",""value"":1.2}],""aran"":[{""level"":1,""column"":0,""type"":""unreal"",""value"":1000}],""atar"":[{""level"":1,""column"":0,""type"":""string"",""value"":""air,enemies,structure,ground,neutral,invulnerable,vulnerable""}],""ansf"":[{""level"":0,""column"":0,""type"":""string"",""value"":""(Neutral Hostile)""}],""aeat"":[{""level"":0,""column"":0,""type"":""string"",""value"":""sandwhirl.mdx""}],""anam"":[{""level"":0,""column"":0,""type"":""string"",""value"":""Sandcloud2x""}]}"
custom	A0GA	ACsi	Sandcloud		9999	99	1000	220	air,enemies,structure,ground,neutral,invulnerable,vulnerable	B02R				"{""wurs"":[{""level"":0,""column"":0,""type"":""int"",""value"":42}],""aare"":[{""level"":1,""column"":0,""type"":""unreal"",""value"":220}],""abuf"":[{""level"":1,""column"":0,""type"":""string"",""value"":""B02R""}],""acdn"":[{""level"":1,""column"":0,""type"":""unreal"",""value"":99}],""amcs"":[{""level"":1,""column"":0,""type"":""int"",""value"":9999}],""Nsi1"":[{""level"":1,""column"":1,""type"":""int"",""value"":0}],""Nsi2"":[{""level"":1,""column"":2,""type"":""unreal"",""value"":0.3}],""adur"":[{""level"":1,""column"":0,""type"":""unreal"",""value"":1.2}],""ahdu"":[{""level"":1,""column"":0,""type"":""unreal"",""value"":1.2}],""aran"":[{""level"":1,""column"":0,""type"":""unreal"",""value"":1000}],""atar"":[{""level"":1,""column"":0,""type"":""string"",""value"":""air,enemies,structure,ground,neutral,invulnerable,vulnerable""}],""ansf"":[{""level"":0,""column"":0,""type"":""string"",""value"":""(Neutral Hostile)""}],""aeat"":[{""level"":0,""column"":0,""type"":""string"",""value"":""sandwhirl.mdx""}],""anam"":[{""level"":0,""column"":0,""type"":""string"",""value"":""Sandcloud""}]}"
custom	A0HW	ANab	DST: salam burn	1	9999	99	999	128	air,enemies,ground	B02Q				"{""wurs"":[{""level"":0,""column"":0,""type"":""int"",""value"":42}],""aare"":[{""level"":1,""column"":0,""type"":""unreal"",""value"":128}],""abuf"":[{""level"":1,""column"":0,""type"":""string"",""value"":""B02Q""}],""achd"":[{""level"":0,""column"":0,""type"":""int"",""value"":0}],""acdn"":[{""level"":1,""column"":0,""type"":""unreal"",""value"":99}],""amcs"":[{""level"":1,""column"":0,""type"":""int"",""value"":9999}],""Nab1"":[{""level"":1,""column"":1,""type"":""unreal"",""value"":-0.2}],""Nab2"":[{""level"":1,""column"":2,""type"":""unreal"",""value"":-0.3}],""Nab3"":[{""level"":1,""column"":3,""type"":""int"",""value"":4}],""Nab4"":[{""level"":1,""column"":4,""type"":""unreal"",""value"":2}],""Nab5"":[{""level"":1,""column"":5,""type"":""unreal"",""value"":10}],""Nab6"":[{""level"":1,""column"":6,""type"":""unreal"",""value"":0.5}],""adur"":[{""level"":1,""column"":0,""type"":""unreal"",""value"":5}],""aher"":[{""level"":0,""column"":0,""type"":""int"",""value"":0}],""ahdu"":[{""level"":1,""column"":0,""type"":""unreal"",""value"":5}],""alev"":[{""level"":0,""column"":0,""type"":""int"",""value"":1}],""amsp"":[{""level"":0,""column"":0,""type"":""int"",""value"":1000}],""aran"":[{""level"":1,""column"":0,""type"":""unreal"",""value"":999}],""atar"":[{""level"":1,""column"":0,""type"":""string"",""value"":""air,enemies,ground""}],""aani"":[{""level"":0,""column"":0,""type"":""string"",""value"":""""}],""amac"":[{""level"":0,""column"":0,""type"":""unreal"",""value"":0}],""amat"":[{""level"":0,""column"":0,""type"":""string"",""value"":""""}],""anam"":[{""level"":0,""column"":0,""type"":""string"",""value"":""DST: salam burn""}]}"
custom	A0GD	ANdh	DST: Blind	1	9999	99	600	16	air,enemies,ground	B02O				"{""wurs"":[{""level"":0,""column"":0,""type"":""int"",""value"":42}],""aare"":[{""level"":1,""column"":0,""type"":""unreal"",""value"":16}],""abuf"":[{""level"":1,""column"":0,""type"":""string"",""value"":""B02O""}],""acdn"":[{""level"":1,""column"":0,""type"":""unreal"",""value"":99}],""amcs"":[{""level"":1,""column"":0,""type"":""int"",""value"":9999}],""Nsi2"":[{""level"":1,""column"":2,""type"":""unreal"",""value"":0.65}],""Nsi3"":[{""level"":1,""column"":3,""type"":""unreal"",""value"":0.5}],""adur"":[{""level"":1,""column"":0,""type"":""unreal"",""value"":4}],""aher"":[{""level"":0,""column"":0,""type"":""int"",""value"":0}],""ahdu"":[{""level"":1,""column"":0,""type"":""unreal"",""value"":4}],""alev"":[{""level"":0,""column"":0,""type"":""int"",""value"":1}],""aran"":[{""level"":1,""column"":0,""type"":""unreal"",""value"":600}],""atar"":[{""level"":1,""column"":0,""type"":""string"",""value"":""air,enemies,ground""}],""amat"":[{""level"":0,""column"":0,""type"":""string"",""value"":""Abilities\\Spells\\Undead\\CarrionSwarm\\CarrionSwarmDamage.mdl""}],""anam"":[{""level"":0,""column"":0,""type"":""string"",""value"":""DST: Blind""}]}"
custom	A0GK	ACpa	SandStorm abil		9999	99	99999		enemies,ground,invulnerable,mechanical,neutral,structure			Sandstorm	Cast Sandstorm over the whole area wich blinds and slows the enemies(65% miss chance, -30% AS\MS), storm does 20 dmg per second|n|n|cffFFFF80Duration:|cffFFFF00 6 |rseconds|n|cffFFFF80Cooldown:|cffFFFF00 40 |rseconds	"{""wurs"":[{""level"":0,""column"":0,""type"":""int"",""value"":42}],""abuf"":[{""level"":1,""column"":0,""type"":""string"",""value"":""""}],""Npa6"":[{""level"":1,""column"":0,""type"":""unreal"",""value"":0.01}],""acdn"":[{""level"":1,""column"":0,""type"":""unreal"",""value"":99}],""amcs"":[{""level"":1,""column"":0,""type"":""int"",""value"":9999}],""Poi1"":[{""level"":1,""column"":1,""type"":""unreal"",""value"":0}],""Poi4"":[{""level"":1,""column"":4,""type"":""int"",""value"":0}],""adur"":[{""level"":1,""column"":0,""type"":""unreal"",""value"":0.01}],""arac"":[{""level"":0,""column"":0,""type"":""string"",""value"":""orc""}],""aran"":[{""level"":1,""column"":0,""type"":""unreal"",""value"":99999}],""atar"":[{""level"":1,""column"":0,""type"":""string"",""value"":""enemies,ground,invulnerable,mechanical,neutral,structure""}],""ipmu"":[{""level"":1,""column"":0,""type"":""string"",""value"":""nfbr""}],""aart"":[{""level"":0,""column"":0,""type"":""string"",""value"":""ReplaceableTextures\\CommandButtons\\BTNWallOfFire.blp""}],""amac"":[{""level"":0,""column"":0,""type"":""unreal"",""value"":0.1}],""amat"":[{""level"":0,""column"":0,""type"":""string"",""value"":""Abilities\\Spells\\Other\\StrongDrink\\BrewmasterMissile.mdl""}],""anam"":[{""level"":0,""column"":0,""type"":""string"",""value"":""SandStorm abil""}],""atp1"":[{""level"":1,""column"":0,""type"":""string"",""value"":""Sandstorm""}],""aub1"":[{""level"":1,""column"":0,""type"":""string"",""value"":""Cast Sandstorm over the whole area wich blinds and slows the enemies(65% miss chance, -30% AS\\MS), storm does 20 dmg per second|n|n|cffFFFF80Duration:|cffFFFF00 6 |rseconds|n|cffFFFF80Cooldown:|cffFFFF00 40 |rseconds""}],""auar"":[{""level"":0,""column"":0,""type"":""string"",""value"":""ReplaceableTextures\\CommandButtons\\BTNWallOfFire.blp""}]}"
custom	A0GG	ACsa			9999		375		enemies,ground,neutral,structure					"{""wurs"":[{""level"":0,""column"":0,""type"":""int"",""value"":42}],""aran"":[{""level"":1,""column"":0,""type"":""unreal"",""value"":375}],""amcs"":[{""level"":1,""column"":0,""type"":""int"",""value"":9999}],""Hfa1"":[{""level"":1,""column"":1,""type"":""unreal"",""value"":45}],""atar"":[{""level"":1,""column"":0,""type"":""string"",""value"":""enemies,ground,neutral,structure""}]}"
custom	A0GH	AUau	Quick Sand M	1				200						"{""wurs"":[{""level"":0,""column"":0,""type"":""int"",""value"":42}],""alev"":[{""level"":0,""column"":0,""type"":""int"",""value"":1}],""aher"":[{""level"":0,""column"":0,""type"":""int"",""value"":0}],""Uau1"":[{""level"":1,""column"":1,""type"":""unreal"",""value"":0}],""Uau2"":[{""level"":1,""column"":2,""type"":""unreal"",""value"":-2}],""aare"":[{""level"":1,""column"":0,""type"":""unreal"",""value"":200}],""abuf"":[{""level"":1,""column"":0,""type"":""string"",""value"":""""}],""anam"":[{""level"":0,""column"":0,""type"":""string"",""value"":""Quick Sand M""}]}"
custom	A0GI	ACac	Quick Sand S					200						"{""wurs"":[{""level"":0,""column"":0,""type"":""int"",""value"":42}],""Cac1"":[{""level"":1,""column"":1,""type"":""unreal"",""value"":-0.5}],""aare"":[{""level"":1,""column"":0,""type"":""unreal"",""value"":200}],""anam"":[{""level"":0,""column"":0,""type"":""string"",""value"":""Quick Sand S""}]}"
custom	A0GJ	Ambt	Sand Replenish					99999						"{""wurs"":[{""level"":0,""column"":0,""type"":""int"",""value"":42}],""Mbt3"":[{""level"":1,""column"":3,""type"":""unreal"",""value"":100}],""aare"":[{""level"":1,""column"":0,""type"":""unreal"",""value"":99999}],""Mbt2"":[{""level"":1,""column"":2,""type"":""unreal"",""value"":1}],""Mbt1"":[{""level"":1,""column"":1,""type"":""unreal"",""value"":1}],""Mbt5"":[{""level"":1,""column"":5,""type"":""int"",""value"":0}],""Mbt4"":[{""level"":1,""column"":4,""type"":""unreal"",""value"":0}],""anam"":[{""level"":0,""column"":0,""type"":""string"",""value"":""Sand Replenish""}]}"
custom	A0GL	AEfk	Razor Spray	1	9999	99						Razor Spray		"{""wurs"":[{""level"":0,""column"":0,""type"":""int"",""value"":42}],""alev"":[{""level"":0,""column"":0,""type"":""int"",""value"":1}],""aher"":[{""level"":0,""column"":0,""type"":""int"",""value"":0}],""achd"":[{""level"":0,""column"":0,""type"":""int"",""value"":0}],""Efk1"":[{""level"":1,""column"":1,""type"":""unreal"",""value"":45}],""amcs"":[{""level"":1,""column"":0,""type"":""int"",""value"":9999}],""acdn"":[{""level"":1,""column"":0,""type"":""unreal"",""value"":99}],""anam"":[{""level"":0,""column"":0,""type"":""string"",""value"":""Razor Spray""}],""atp1"":[{""level"":1,""column"":0,""type"":""string"",""value"":""Razor Spray""}]}"
custom	A0GM	AUls	Harpy Swarm		9999	99								"{""wurs"":[{""level"":0,""column"":0,""type"":""int"",""value"":42}],""Ulsu"":[{""level"":1,""column"":0,""type"":""string"",""value"":""u00G""}],""acdn"":[{""level"":1,""column"":0,""type"":""unreal"",""value"":99}],""ahdu"":[{""level"":1,""column"":0,""type"":""unreal"",""value"":15}],""adur"":[{""level"":1,""column"":0,""type"":""unreal"",""value"":15}],""amcs"":[{""level"":1,""column"":0,""type"":""int"",""value"":9999}],""arlv"":[{""level"":0,""column"":0,""type"":""int"",""value"":1}],""achd"":[{""level"":0,""column"":0,""type"":""int"",""value"":0}],""aher"":[{""level"":0,""column"":0,""type"":""int"",""value"":0}],""Uls1"":[{""level"":1,""column"":1,""type"":""int"",""value"":7}],""Uls3"":[{""level"":1,""column"":3,""type"":""int"",""value"":2}],""Uls2"":[{""level"":1,""column"":2,""type"":""unreal"",""value"":0.15}],""anam"":[{""level"":0,""column"":0,""type"":""string"",""value"":""Harpy Swarm""}]}"
custom	A0GN	Ahea	PAN: Panda Monk Heal		9999	99	350							"{""wurs"":[{""level"":0,""column"":0,""type"":""int"",""value"":42}],""acdn"":[{""level"":1,""column"":0,""type"":""unreal"",""value"":99}],""amcs"":[{""level"":1,""column"":0,""type"":""int"",""value"":9999}],""aran"":[{""level"":1,""column"":0,""type"":""unreal"",""value"":350}],""Hea1"":[{""level"":1,""column"":1,""type"":""unreal"",""value"":50}],""anam"":[{""level"":0,""column"":0,""type"":""string"",""value"":""PAN: Panda Monk Heal""}]}"
custom	A0GO	ANcl		1								|cffFFD900Choose Pandaren Empire|r	Playful, clumsy, and undeniably adorable—yet when threatened, these charming pandas unleash surprising wit and ferocity, swiftly obliterating enemies who underestimate them.	"{""wurs"":[{""level"":0,""column"":0,""type"":""int"",""value"":42}],""Ncl1"":[{""level"":1,""column"":1,""type"":""unreal"",""value"":0.01}],""Ncl3"":[{""level"":1,""column"":3,""type"":""int"",""value"":17}],""Ncl6"":[{""level"":1,""column"":6,""type"":""string"",""value"":""cripple""}],""aher"":[{""level"":0,""column"":0,""type"":""int"",""value"":0}],""alev"":[{""level"":0,""column"":0,""type"":""int"",""value"":1}],""aord"":[{""level"":0,""column"":0,""type"":""string"",""value"":""cripple""}],""aart"":[{""level"":0,""column"":0,""type"":""string"",""value"":""ReplaceableTextures\\CommandButtons\\BTNStormEarth&Fire.blp""}],""acat"":[{""level"":0,""column"":0,""type"":""string"",""value"":""""}],""aeat"":[{""level"":0,""column"":0,""type"":""string"",""value"":""""}],""atat"":[{""level"":0,""column"":0,""type"":""string"",""value"":""""}],""atp1"":[{""level"":1,""column"":0,""type"":""string"",""value"":""|cffFFD900Choose Pandaren Empire|r""}],""aub1"":[{""level"":1,""column"":0,""type"":""string"",""value"":""Playful, clumsy, and undeniably adorable—yet when threatened, these charming pandas unleash surprising wit and ferocity, swiftly obliterating enemies who underestimate them.""}],""abpy"":[{""level"":0,""column"":0,""type"":""int"",""value"":1}],""abpx"":[{""level"":0,""column"":0,""type"":""int"",""value"":1}],""ahky"":[{""level"":0,""column"":0,""type"":""string"",""value"":""A""}]}"
custom	A0GP	ANhs	PAN: Healing Spray	1	9999		500	175	air,friend,ground					"{""wurs"":[{""level"":0,""column"":0,""type"":""int"",""value"":42}],""achd"":[{""level"":0,""column"":0,""type"":""int"",""value"":0}],""aher"":[{""level"":0,""column"":0,""type"":""int"",""value"":0}],""alev"":[{""level"":0,""column"":0,""type"":""int"",""value"":1}],""amcs"":[{""level"":1,""column"":0,""type"":""int"",""value"":9999}],""aare"":[{""level"":1,""column"":0,""type"":""unreal"",""value"":175}],""aran"":[{""level"":1,""column"":0,""type"":""unreal"",""value"":500}],""Ncs4"":[{""level"":1,""column"":4,""type"":""unreal"",""value"":250}],""Nhs6"":[{""level"":1,""column"":6,""type"":""int"",""value"":1}],""Ncs3"":[{""level"":1,""column"":3,""type"":""int"",""value"":3}],""amsp"":[{""level"":0,""column"":0,""type"":""int"",""value"":600}],""atar"":[{""level"":1,""column"":0,""type"":""string"",""value"":""air,friend,ground""}],""anam"":[{""level"":0,""column"":0,""type"":""string"",""value"":""PAN: Healing Spray""}],""amat"":[{""level"":0,""column"":0,""type"":""string"",""value"":""Abilities\\Spells\\Items\\HealingSalve\\HealingSalveTarget.mdl""}]}"
custom	A0GQ	ACct	PAN: Drunk									Drunk	Gives a 20% chance to do <ACct,DataB1> times normal damage on an attack.	"{""wurs"":[{""level"":0,""column"":0,""type"":""int"",""value"":42}],""Ocr2"":[{""level"":1,""column"":2,""type"":""unreal"",""value"":0.1}],""atp1"":[{""level"":1,""column"":0,""type"":""string"",""value"":""Drunk""}],""anam"":[{""level"":0,""column"":0,""type"":""string"",""value"":""PAN: Drunk""}],""aub1"":[{""level"":1,""column"":0,""type"":""string"",""value"":""Gives a 20% chance to do <ACct,DataB1> times normal damage on an attack.""}]}"
custom	A0GS	Assk	PAN: Drunk resistance						air,enemies,ground					"{""wurs"":[{""level"":0,""column"":0,""type"":""int"",""value"":42}],""Ssk2"":[{""level"":1,""column"":2,""type"":""unreal"",""value"":0}],""Ssk3"":[{""level"":1,""column"":3,""type"":""unreal"",""value"":15}],""areq"":[{""level"":0,""column"":0,""type"":""string"",""value"":""""}],""atar"":[{""level"":1,""column"":0,""type"":""string"",""value"":""air,enemies,ground""}],""anam"":[{""level"":0,""column"":0,""type"":""string"",""value"":""PAN: Drunk resistance""}]}"
custom	A0GT	Ainf				99	600		air,friend,ground,neutral,self	B009				"{""wurs"":[{""level"":0,""column"":0,""type"":""int"",""value"":42}],""abuf"":[{""level"":1,""column"":0,""type"":""string"",""value"":""B009""}],""acdn"":[{""level"":1,""column"":0,""type"":""unreal"",""value"":99}],""Inf1"":[{""level"":1,""column"":1,""type"":""unreal"",""value"":0.4}],""Inf3"":[{""level"":1,""column"":3,""type"":""unreal"",""value"":600}],""Inf4"":[{""level"":1,""column"":4,""type"":""unreal"",""value"":8}],""areq"":[{""level"":0,""column"":0,""type"":""string"",""value"":""""}],""arqa"":[{""level"":0,""column"":0,""type"":""string"",""value"":""""}],""aran"":[{""level"":1,""column"":0,""type"":""unreal"",""value"":600}],""atar"":[{""level"":1,""column"":0,""type"":""string"",""value"":""air,friend,ground,neutral,self""}],""ansf"":[{""level"":0,""column"":0,""type"":""string"",""value"":""blood shaman""}]}"
custom	A0GW	ACpa	Thunderpaw Spire Ability		9999	99	99999		enemies,ground,invulnerable,mechanical,neutral,structure			Call of Thunder	|cffFFFF80Ability: |cffFFFF00Call of Thunder|r|nAfter this spell has been cast, the next time an allied melee unit damages an enemy with an attack (not spell), the damage instance is amplified by up to 200% by a lightning strike. Deals at least 75 and up to 300 damage. Half damage to air units.|n|n|cffFFFF80Cooldown:|cffFFFF00 15 |rseconds	"{""wurs"":[{""level"":0,""column"":0,""type"":""int"",""value"":42}],""abuf"":[{""level"":1,""column"":0,""type"":""string"",""value"":""""}],""Npa6"":[{""level"":1,""column"":0,""type"":""unreal"",""value"":0.01}],""acdn"":[{""level"":1,""column"":0,""type"":""unreal"",""value"":99}],""amcs"":[{""level"":1,""column"":0,""type"":""int"",""value"":9999}],""Poi1"":[{""level"":1,""column"":1,""type"":""unreal"",""value"":0}],""Poi4"":[{""level"":1,""column"":4,""type"":""int"",""value"":0}],""adur"":[{""level"":1,""column"":0,""type"":""unreal"",""value"":0.01}],""arac"":[{""level"":0,""column"":0,""type"":""string"",""value"":""orc""}],""aran"":[{""level"":1,""column"":0,""type"":""unreal"",""value"":99999}],""atar"":[{""level"":1,""column"":0,""type"":""string"",""value"":""enemies,ground,invulnerable,mechanical,neutral,structure""}],""ipmu"":[{""level"":1,""column"":0,""type"":""string"",""value"":""nfbr""}],""aart"":[{""level"":0,""column"":0,""type"":""string"",""value"":""ReplaceableTextures\\CommandButtons\\BTNLightningShield.blp""}],""amat"":[{""level"":0,""column"":0,""type"":""string"",""value"":""""}],""anam"":[{""level"":0,""column"":0,""type"":""string"",""value"":""Thunderpaw Spire Ability""}],""atp1"":[{""level"":1,""column"":0,""type"":""string"",""value"":""Call of Thunder""}],""aub1"":[{""level"":1,""column"":0,""type"":""string"",""value"":""|cffFFFF80Ability: |cffFFFF00Call of Thunder|r|nAfter this spell has been cast, the next time an allied melee unit damages an enemy with an attack (not spell), the damage instance is amplified by up to 200% by a lightning strike. Deals at least 75 and up to 300 damage. Half damage to air units.|n|n|cffFFFF80Cooldown:|cffFFFF00 15 |rseconds""}],""auar"":[{""level"":0,""column"":0,""type"":""string"",""value"":""ReplaceableTextures\\CommandButtons\\BTNLightningShield.blp""}]}"
custom	A0GX	Apoi	Blood Corrosion											"{""wurs"":[{""level"":0,""column"":0,""type"":""int"",""value"":42}],""anam"":[{""level"":0,""column"":0,""type"":""string"",""value"":""Blood Corrosion""}]}"
custom	A0GY	AId1	Blood Corrosion	5										"{""wurs"":[{""level"":0,""column"":0,""type"":""int"",""value"":42}],""Idef"":[{""level"":1,""column"":1,""type"":""int"",""value"":-2},{""level"":2,""column"":1,""type"":""int"",""value"":-4},{""level"":3,""column"":1,""type"":""int"",""value"":-6},{""level"":4,""column"":1,""type"":""int"",""value"":-8},{""level"":5,""column"":1,""type"":""int"",""value"":-10}],""alev"":[{""level"":0,""column"":0,""type"":""int"",""value"":5}],""anam"":[{""level"":0,""column"":0,""type"":""string"",""value"":""Blood Corrosion""}]}"
custom	A0GZ	Aroc	Cloud Ship Multishot					530	enemies					"{""wurs"":[{""level"":0,""column"":0,""type"":""int"",""value"":42}],""Efk1"":[{""level"":1,""column"":1,""type"":""unreal"",""value"":72}],""Efk3"":[{""level"":1,""column"":3,""type"":""int"",""value"":1}],""aare"":[{""level"":1,""column"":0,""type"":""unreal"",""value"":530}],""atar"":[{""level"":1,""column"":0,""type"":""string"",""value"":""enemies""}],""achd"":[{""level"":0,""column"":0,""type"":""int"",""value"":0}],""areq"":[{""level"":0,""column"":0,""type"":""string"",""value"":""""}],""amsp"":[{""level"":0,""column"":0,""type"":""int"",""value"":1200}],""anam"":[{""level"":0,""column"":0,""type"":""string"",""value"":""Cloud Ship Multishot""}],""amat"":[{""level"":0,""column"":0,""type"":""string"",""value"":""Abilities\\Spells\\Other\\StrongDrink\\BrewmasterMissile.mdl""}],""amac"":[{""level"":0,""column"":0,""type"":""unreal"",""value"":0.25}]}"
custom	A0H2	AOae	PAN: Zen Field Aura	1				600	air,enemies,ground,organic	B02E		Zen Field Aura	Decreases enemy units'  attack rate by 20%.	"{""wurs"":[{""level"":0,""column"":0,""type"":""int"",""value"":42}],""aher"":[{""level"":0,""column"":0,""type"":""int"",""value"":0}],""alev"":[{""level"":0,""column"":0,""type"":""int"",""value"":1}],""atar"":[{""level"":1,""column"":0,""type"":""string"",""value"":""air,enemies,ground,organic""}],""aare"":[{""level"":1,""column"":0,""type"":""unreal"",""value"":600}],""Oae2"":[{""level"":1,""column"":2,""type"":""unreal"",""value"":-0.2}],""Oae1"":[{""level"":1,""column"":1,""type"":""unreal"",""value"":0}],""abuf"":[{""level"":1,""column"":0,""type"":""string"",""value"":""B02E""}],""achd"":[{""level"":0,""column"":0,""type"":""int"",""value"":0}],""anam"":[{""level"":0,""column"":0,""type"":""string"",""value"":""PAN: Zen Field Aura""}],""atp1"":[{""level"":1,""column"":0,""type"":""string"",""value"":""Zen Field Aura""}],""atat"":[{""level"":0,""column"":0,""type"":""string"",""value"":""war3mapImported\\KingstrideAura.mdx""}],""aub1"":[{""level"":1,""column"":0,""type"":""string"",""value"":""Decreases enemy units'  attack rate by 20%.""}]}"
custom	A0H4	ANcl	Echo Blink	1		99								"{""wurs"":[{""level"":0,""column"":0,""type"":""int"",""value"":42}],""achd"":[{""level"":0,""column"":0,""type"":""int"",""value"":0}],""aher"":[{""level"":0,""column"":0,""type"":""int"",""value"":0}],""alev"":[{""level"":0,""column"":0,""type"":""int"",""value"":1}],""Ncl1"":[{""level"":1,""column"":1,""type"":""unreal"",""value"":0}],""Ncl4"":[{""level"":1,""column"":4,""type"":""unreal"",""value"":0}],""Ncl6"":[{""level"":1,""column"":6,""type"":""string"",""value"":""earthquake""}],""Ncl3"":[{""level"":1,""column"":3,""type"":""int"",""value"":1}],""acdn"":[{""level"":1,""column"":0,""type"":""unreal"",""value"":99}],""aord"":[{""level"":0,""column"":0,""type"":""string"",""value"":""earthquake""}],""Ncl5"":[{""level"":1,""column"":5,""type"":""int"",""value"":0}],""anam"":[{""level"":0,""column"":0,""type"":""string"",""value"":""Echo Blink""}],""acat"":[{""level"":0,""column"":0,""type"":""string"",""value"":""""}],""aeat"":[{""level"":0,""column"":0,""type"":""string"",""value"":""""}],""atat"":[{""level"":0,""column"":0,""type"":""string"",""value"":""war3mapImported\\Blink Blue Caster.mdx""}]}"
custom	A0H6	ACpa	PAN: Withering Touch		9999	99	99999		enemies,ground,invulnerable,mechanical,neutral,structure			Withering Touch	|cffFFFF80Ability: |cffFFFF00Withering Touch|r|nSends a bolt of negative energy that burns up to 200 points of a target enemy unit's mana. The mana combusts, dealing damage equal to the twice amount of mana burned. Prioritizes units, which have more than 100 points of mana.|n|n|cffFFFF80Cooldown:|cffFFFF00 13 |rseconds	"{""wurs"":[{""level"":0,""column"":0,""type"":""int"",""value"":42}],""abuf"":[{""level"":1,""column"":0,""type"":""string"",""value"":""""}],""Npa6"":[{""level"":1,""column"":0,""type"":""unreal"",""value"":0.01}],""acdn"":[{""level"":1,""column"":0,""type"":""unreal"",""value"":99}],""amcs"":[{""level"":1,""column"":0,""type"":""int"",""value"":9999}],""Poi1"":[{""level"":1,""column"":1,""type"":""unreal"",""value"":0}],""Poi4"":[{""level"":1,""column"":4,""type"":""int"",""value"":0}],""adur"":[{""level"":1,""column"":0,""type"":""unreal"",""value"":0.01}],""aran"":[{""level"":1,""column"":0,""type"":""unreal"",""value"":99999}],""atar"":[{""level"":1,""column"":0,""type"":""string"",""value"":""enemies,ground,invulnerable,mechanical,neutral,structure""}],""ipmu"":[{""level"":1,""column"":0,""type"":""string"",""value"":""nfbr""}],""aart"":[{""level"":0,""column"":0,""type"":""string"",""value"":""ReplaceableTextures\\CommandButtons\\BTNManaBurn.blp""}],""amat"":[{""level"":0,""column"":0,""type"":""string"",""value"":""""}],""anam"":[{""level"":0,""column"":0,""type"":""string"",""value"":""PAN: Withering Touch""}],""atp1"":[{""level"":1,""column"":0,""type"":""string"",""value"":""Withering Touch""}],""aub1"":[{""level"":1,""column"":0,""type"":""string"",""value"":""|cffFFFF80Ability: |cffFFFF00Withering Touch|r|nSends a bolt of negative energy that burns up to 200 points of a target enemy unit's mana. The mana combusts, dealing damage equal to the twice amount of mana burned. Prioritizes units, which have more than 100 points of mana.|n|n|cffFFFF80Cooldown:|cffFFFF00 13 |rseconds""}],""auar"":[{""level"":0,""column"":0,""type"":""string"",""value"":""ReplaceableTextures\\CommandButtons\\BTNManaBurn.blp""}]}"
custom	A0H7	Assk	PAN: Drunk resistance 2						air,enemies,ground					"{""wurs"":[{""level"":0,""column"":0,""type"":""int"",""value"":42}],""Ssk2"":[{""level"":1,""column"":2,""type"":""unreal"",""value"":0}],""Ssk3"":[{""level"":1,""column"":3,""type"":""unreal"",""value"":30}],""areq"":[{""level"":0,""column"":0,""type"":""string"",""value"":""""}],""atar"":[{""level"":1,""column"":0,""type"":""string"",""value"":""air,enemies,ground""}],""anam"":[{""level"":0,""column"":0,""type"":""string"",""value"":""PAN: Drunk resistance 2""}]}"
custom	A0H8	ACct	PAN: Drunk 2									Drunk 2	Gives a 30% chance to do <ACct,DataB1> times normal damage on an attack.	"{""wurs"":[{""level"":0,""column"":0,""type"":""int"",""value"":42}],""Ocr2"":[{""level"":1,""column"":2,""type"":""unreal"",""value"":0.1}],""Ocr1"":[{""level"":1,""column"":1,""type"":""unreal"",""value"":30}],""atp1"":[{""level"":1,""column"":0,""type"":""string"",""value"":""Drunk 2""}],""anam"":[{""level"":0,""column"":0,""type"":""string"",""value"":""PAN: Drunk 2""}],""aub1"":[{""level"":1,""column"":0,""type"":""string"",""value"":""Gives a 30% chance to do <ACct,DataB1> times normal damage on an attack.""}]}"
custom	A0H9	AEpa	Whirlstone Brew	1	9999		1050	300						"{""wurs"":[{""level"":0,""column"":0,""type"":""int"",""value"":42}],""aher"":[{""level"":0,""column"":0,""type"":""int"",""value"":0}],""alev"":[{""level"":0,""column"":0,""type"":""int"",""value"":1}],""Poa2"":[{""level"":1,""column"":2,""type"":""unreal"",""value"":0}],""ahdu"":[{""level"":1,""column"":0,""type"":""unreal"",""value"":1}],""adur"":[{""level"":1,""column"":0,""type"":""unreal"",""value"":1}],""Poa1"":[{""level"":1,""column"":1,""type"":""unreal"",""value"":300}],""amcs"":[{""level"":1,""column"":0,""type"":""int"",""value"":9999}],""aare"":[{""level"":1,""column"":0,""type"":""unreal"",""value"":300}],""abuf"":[{""level"":1,""column"":0,""type"":""string"",""value"":""""}],""aran"":[{""level"":1,""column"":0,""type"":""unreal"",""value"":1050}],""amat"":[{""level"":0,""column"":0,""type"":""string"",""value"":""Abilities\\Spells\\Orc\\Shockwave\\ShockwaveMissile.mdl""}],""amac"":[{""level"":0,""column"":0,""type"":""unreal"",""value"":0.4}],""anam"":[{""level"":0,""column"":0,""type"":""string"",""value"":""Whirlstone Brew""}]}"
custom	A0HA	ACct	PAN: Drunk 3									Drunk 3	Gives a 50% chance to do <ACct,DataB1> times normal damage on an attack.	"{""wurs"":[{""level"":0,""column"":0,""type"":""int"",""value"":42}],""Ocr2"":[{""level"":1,""column"":2,""type"":""unreal"",""value"":0.1}],""Ocr1"":[{""level"":1,""column"":1,""type"":""unreal"",""value"":50}],""atp1"":[{""level"":1,""column"":0,""type"":""string"",""value"":""Drunk 3""}],""anam"":[{""level"":0,""column"":0,""type"":""string"",""value"":""PAN: Drunk 3""}],""aub1"":[{""level"":1,""column"":0,""type"":""string"",""value"":""Gives a 50% chance to do <ACct,DataB1> times normal damage on an attack.""}]}"
custom	A0HC	Assk	PAN: Drunk resistance 3						air,enemies,ground					"{""wurs"":[{""level"":0,""column"":0,""type"":""int"",""value"":42}],""Ssk2"":[{""level"":1,""column"":2,""type"":""unreal"",""value"":0}],""Ssk3"":[{""level"":1,""column"":3,""type"":""unreal"",""value"":50}],""areq"":[{""level"":0,""column"":0,""type"":""string"",""value"":""""}],""atar"":[{""level"":1,""column"":0,""type"":""string"",""value"":""air,enemies,ground""}],""anam"":[{""level"":0,""column"":0,""type"":""string"",""value"":""PAN: Drunk resistance 3""}]}"
custom	S000	SCae	PAN: Breath Aura					400	air,enemies,ground				Decreases nearby enemy attackspeed	"{""wurs"":[{""level"":0,""column"":0,""type"":""int"",""value"":42}],""atar"":[{""level"":1,""column"":0,""type"":""string"",""value"":""air,enemies,ground""}],""Oae2"":[{""level"":1,""column"":2,""type"":""unreal"",""value"":0}],""Oae1"":[{""level"":1,""column"":1,""type"":""unreal"",""value"":-0.5}],""aare"":[{""level"":1,""column"":0,""type"":""unreal"",""value"":400}],""anam"":[{""level"":0,""column"":0,""type"":""string"",""value"":""PAN: Breath Aura""}],""aub1"":[{""level"":1,""column"":0,""type"":""string"",""value"":""Decreases nearby enemy attackspeed""}],""atat"":[{""level"":0,""column"":0,""type"":""string"",""value"":""war3mapImported\\BlackCloudOfFog.mdx""}]}"
custom	A0HD	Amin	Static Remnant Explosion				150							"{""wurs"":[{""level"":0,""column"":0,""type"":""int"",""value"":42}],""Min1"":[{""level"":1,""column"":1,""type"":""unreal"",""value"":0.75}],""arac"":[{""level"":0,""column"":0,""type"":""string"",""value"":""human""}],""Min2"":[{""level"":1,""column"":2,""type"":""unreal"",""value"":300}],""aran"":[{""level"":1,""column"":0,""type"":""unreal"",""value"":150}],""anam"":[{""level"":0,""column"":0,""type"":""string"",""value"":""Static Remnant Explosion""}]}"
custom	A0HE	Amnx	AOE damage upon death remnant											"{""wurs"":[{""level"":0,""column"":0,""type"":""int"",""value"":42}],""Dda2"":[{""level"":1,""column"":2,""type"":""unreal"",""value"":250}],""arac"":[{""level"":0,""column"":0,""type"":""string"",""value"":""human""}],""Dda1"":[{""level"":1,""column"":1,""type"":""unreal"",""value"":300}],""Dda4"":[{""level"":1,""column"":4,""type"":""unreal"",""value"":50}],""ansf"":[{""level"":0,""column"":0,""type"":""string"",""value"":""(Mine Layer)""}],""anam"":[{""level"":0,""column"":0,""type"":""string"",""value"":""AOE damage upon death remnant""}]}"
custom	A0HF	ACev												"{""wurs"":[{""level"":0,""column"":0,""type"":""int"",""value"":42}],""Eev1"":[{""level"":1,""column"":1,""type"":""unreal"",""value"":0.2}],""arac"":[{""level"":0,""column"":0,""type"":""string"",""value"":""human""}],""ansf"":[{""level"":0,""column"":0,""type"":""string"",""value"":""(20%)""}]}"
custom	A0HG	ACct	PAN: Whirlwind											"{""wurs"":[{""level"":0,""column"":0,""type"":""int"",""value"":42}],""Ocr1"":[{""level"":1,""column"":1,""type"":""unreal"",""value"":0}],""Ocr2"":[{""level"":1,""column"":2,""type"":""unreal"",""value"":0}],""anam"":[{""level"":0,""column"":0,""type"":""string"",""value"":""PAN: Whirlwind""}],""ansf"":[{""level"":0,""column"":0,""type"":""string"",""value"":""""}]}"
custom	A0HH	ACac	PAN: Brewcommand Aura					600		B02F				"{""wurs"":[{""level"":0,""column"":0,""type"":""int"",""value"":42}],""aare"":[{""level"":1,""column"":0,""type"":""unreal"",""value"":600}],""Cac1"":[{""level"":1,""column"":1,""type"":""unreal"",""value"":0.2}],""abuf"":[{""level"":1,""column"":0,""type"":""string"",""value"":""B02F""}],""anam"":[{""level"":0,""column"":0,""type"":""string"",""value"":""PAN: Brewcommand Aura""}]}"
custom	A0HI	ANhs	PAN: Healing Spray 2	1	9999		500	175	air,friend,ground					"{""wurs"":[{""level"":0,""column"":0,""type"":""int"",""value"":42}],""achd"":[{""level"":0,""column"":0,""type"":""int"",""value"":0}],""aher"":[{""level"":0,""column"":0,""type"":""int"",""value"":0}],""alev"":[{""level"":0,""column"":0,""type"":""int"",""value"":1}],""amcs"":[{""level"":1,""column"":0,""type"":""int"",""value"":9999}],""aare"":[{""level"":1,""column"":0,""type"":""unreal"",""value"":175}],""aran"":[{""level"":1,""column"":0,""type"":""unreal"",""value"":500}],""Ncs1"":[{""level"":1,""column"":1,""type"":""unreal"",""value"":85}],""Ncs4"":[{""level"":1,""column"":4,""type"":""unreal"",""value"":1200}],""Nhs6"":[{""level"":1,""column"":6,""type"":""int"",""value"":1}],""Ncs3"":[{""level"":1,""column"":3,""type"":""int"",""value"":4}],""amsp"":[{""level"":0,""column"":0,""type"":""int"",""value"":600}],""atar"":[{""level"":1,""column"":0,""type"":""string"",""value"":""air,friend,ground""}],""anam"":[{""level"":0,""column"":0,""type"":""string"",""value"":""PAN: Healing Spray 2""}],""amat"":[{""level"":0,""column"":0,""type"":""string"",""value"":""Abilities\\Spells\\Items\\HealingSalve\\HealingSalveTarget.mdl""}]}"
custom	A0GV	AIsr												"{""wurs"":[{""level"":0,""column"":0,""type"":""int"",""value"":42}],""isr2"":[{""level"":1,""column"":2,""type"":""unreal"",""value"":0.45}],""aite"":[{""level"":0,""column"":0,""type"":""int"",""value"":0}],""arac"":[{""level"":0,""column"":0,""type"":""string"",""value"":""human""}],""ansf"":[{""level"":0,""column"":0,""type"":""string"",""value"":""(45%)""}]}"
custom	A0H0	AIsr	spell resist 20%											"{""wurs"":[{""level"":0,""column"":0,""type"":""int"",""value"":42}],""isr2"":[{""level"":1,""column"":2,""type"":""unreal"",""value"":0.2}],""aite"":[{""level"":0,""column"":0,""type"":""int"",""value"":0}],""arac"":[{""level"":0,""column"":0,""type"":""string"",""value"":""human""}],""anam"":[{""level"":0,""column"":0,""type"":""string"",""value"":""spell resist 20%""}]}"
custom	A0HB	AIsa	Scroll of Speed					1000						"{""wurs"":[{""level"":0,""column"":0,""type"":""int"",""value"":42}],""aare"":[{""level"":1,""column"":0,""type"":""unreal"",""value"":1000}],""ahdu"":[{""level"":1,""column"":0,""type"":""unreal"",""value"":15}],""adur"":[{""level"":1,""column"":0,""type"":""unreal"",""value"":15}],""anam"":[{""level"":0,""column"":0,""type"":""string"",""value"":""Scroll of Speed""}]}"
custom	A0HJ	ANcl	Scroll of Speed Trigger	1			25000	1000						"{""wurs"":[{""level"":0,""column"":0,""type"":""int"",""value"":42}],""aare"":[{""level"":1,""column"":0,""type"":""unreal"",""value"":1000}],""Ncl1"":[{""level"":1,""column"":1,""type"":""unreal"",""value"":0}],""Ncl2"":[{""level"":1,""column"":2,""type"":""int"",""value"":2}],""Ncl3"":[{""level"":1,""column"":3,""type"":""int"",""value"":3}],""Ncl4"":[{""level"":1,""column"":4,""type"":""unreal"",""value"":0}],""Ncl5"":[{""level"":1,""column"":5,""type"":""int"",""value"":0}],""Ncl6"":[{""level"":1,""column"":6,""type"":""string"",""value"":""cyclone""}],""aher"":[{""level"":0,""column"":0,""type"":""int"",""value"":0}],""aite"":[{""level"":0,""column"":0,""type"":""int"",""value"":1}],""alev"":[{""level"":0,""column"":0,""type"":""int"",""value"":1}],""aord"":[{""level"":0,""column"":0,""type"":""string"",""value"":""cyclone""}],""arac"":[{""level"":0,""column"":0,""type"":""string"",""value"":""other""}],""aran"":[{""level"":1,""column"":0,""type"":""unreal"",""value"":25000}],""acat"":[{""level"":0,""column"":0,""type"":""string"",""value"":""Abilities\\Spells\\Items\\AIre\\AIreTarget.mdl""}],""aeat"":[{""level"":0,""column"":0,""type"":""string"",""value"":""Abilities\\Spells\\Items\\AIda\\AIdaCaster.mdl""}],""anam"":[{""level"":0,""column"":0,""type"":""string"",""value"":""Scroll of Speed Trigger""}],""atat"":[{""level"":0,""column"":0,""type"":""string"",""value"":""""}],""ata0"":[{""level"":0,""column"":0,""type"":""string"",""value"":""""}]}"
custom	IBA9	ANcl	Buy Speedscroll	1		99						Scroll of Speed	When used, the scroll heals 400 hitpoints, 200 mana and gives 8 bonus armor for 30 seconds to all allied units in a huge area.	"{""wurs"":[{""level"":0,""column"":0,""type"":""int"",""value"":42}],""acdn"":[{""level"":1,""column"":0,""type"":""unreal"",""value"":99}],""Ncl1"":[{""level"":1,""column"":1,""type"":""unreal"",""value"":0.01}],""Ncl3"":[{""level"":1,""column"":3,""type"":""int"",""value"":1}],""Ncl4"":[{""level"":1,""column"":4,""type"":""unreal"",""value"":0.01}],""Ncl5"":[{""level"":1,""column"":5,""type"":""int"",""value"":0}],""Ncl6"":[{""level"":1,""column"":6,""type"":""string"",""value"":""chemicalrage""}],""aher"":[{""level"":0,""column"":0,""type"":""int"",""value"":0}],""alev"":[{""level"":0,""column"":0,""type"":""int"",""value"":1}],""aord"":[{""level"":0,""column"":0,""type"":""string"",""value"":""chemicalrage""}],""arac"":[{""level"":0,""column"":0,""type"":""string"",""value"":""other""}],""aart"":[{""level"":0,""column"":0,""type"":""string"",""value"":""ReplaceableTextures\\CommandButtons\\BTNScrollOfHaste.blp""}],""acat"":[{""level"":0,""column"":0,""type"":""string"",""value"":""""}],""aeat"":[{""level"":0,""column"":0,""type"":""string"",""value"":""""}],""ahky"":[{""level"":0,""column"":0,""type"":""string"",""value"":""F""}],""atat"":[{""level"":0,""column"":0,""type"":""string"",""value"":""""}],""atp1"":[{""level"":1,""column"":0,""type"":""string"",""value"":""Scroll of Speed""}],""aub1"":[{""level"":1,""column"":0,""type"":""string"",""value"":""When used, the scroll heals 400 hitpoints, 200 mana and gives 8 bonus armor for 30 seconds to all allied units in a huge area.""}],""anam"":[{""level"":0,""column"":0,""type"":""string"",""value"":""Buy Speedscroll""}],""abpy"":[{""level"":0,""column"":0,""type"":""int"",""value"":1}],""abpx"":[{""level"":0,""column"":0,""type"":""int"",""value"":3}]}"
custom	A0HN	ACpa			9999	99	99999		enemies,ground,invulnerable,mechanical,neutral,structure			Purify	|cffffac00Utility|r|n|n|cff80ff00Purification|r • Does |cffffff00150|r spell damage and reveals all enemies for |cffffff007|rs in an area around a random corpse, consuming all corpses within |cffffff00220|r range of it. • Cooldown: |cffffff0015|rs.	"{""wurs"":[{""level"":0,""column"":0,""type"":""int"",""value"":42}],""abuf"":[{""level"":1,""column"":0,""type"":""string"",""value"":""""}],""Npa6"":[{""level"":1,""column"":0,""type"":""unreal"",""value"":0.01}],""acdn"":[{""level"":1,""column"":0,""type"":""unreal"",""value"":99}],""amcs"":[{""level"":1,""column"":0,""type"":""int"",""value"":9999}],""Poi1"":[{""level"":1,""column"":1,""type"":""unreal"",""value"":0}],""Poi4"":[{""level"":1,""column"":4,""type"":""int"",""value"":0}],""adur"":[{""level"":1,""column"":0,""type"":""unreal"",""value"":0.01}],""arac"":[{""level"":0,""column"":0,""type"":""string"",""value"":""orc""}],""aran"":[{""level"":1,""column"":0,""type"":""unreal"",""value"":99999}],""atar"":[{""level"":1,""column"":0,""type"":""string"",""value"":""enemies,ground,invulnerable,mechanical,neutral,structure""}],""ipmu"":[{""level"":1,""column"":0,""type"":""string"",""value"":""nfbr""}],""aart"":[{""level"":0,""column"":0,""type"":""string"",""value"":""ReplaceableTextures\\CommandButtons\\BTNHolyBolt.blp""}],""amat"":[{""level"":0,""column"":0,""type"":""string"",""value"":""""}],""atp1"":[{""level"":1,""column"":0,""type"":""string"",""value"":""Purify""}],""aub1"":[{""level"":1,""column"":0,""type"":""string"",""value"":""|cffffac00Utility|r|n|n|cff80ff00Purification|r • Does |cffffff00150|r spell damage and reveals all enemies for |cffffff007|rs in an area around a random corpse, consuming all corpses within |cffffff00220|r range of it. • Cooldown: |cffffff0015|rs.""}],""auar"":[{""level"":0,""column"":0,""type"":""string"",""value"":""ReplaceableTextures\\CommandButtons\\BTNHolyBolt.blp""}]}"
custom	A0HO	ACpa			9999	99	99999		enemies,ground,invulnerable,mechanical,neutral,structure			Snowfall	"Calls down a veil of snow upon a random enemy, freezing the ground beneath them.
Allied units standing on snow take |cffffcc0020%|r less damage.

The snow can be consumed by |cffffcc00Wrath of Winter|r to unleash icy explosions.

|n|cffFFFF80Cooldown:|cffFFFF00 15 |rseconds"	"{""wurs"":[{""level"":0,""column"":0,""type"":""int"",""value"":42}],""abuf"":[{""level"":1,""column"":0,""type"":""string"",""value"":""""}],""Npa6"":[{""level"":1,""column"":0,""type"":""unreal"",""value"":0.01}],""acdn"":[{""level"":1,""column"":0,""type"":""unreal"",""value"":99}],""amcs"":[{""level"":1,""column"":0,""type"":""int"",""value"":9999}],""Poi1"":[{""level"":1,""column"":1,""type"":""unreal"",""value"":0}],""Poi4"":[{""level"":1,""column"":4,""type"":""int"",""value"":0}],""adur"":[{""level"":1,""column"":0,""type"":""unreal"",""value"":0.01}],""arac"":[{""level"":0,""column"":0,""type"":""string"",""value"":""orc""}],""aran"":[{""level"":1,""column"":0,""type"":""unreal"",""value"":99999}],""atar"":[{""level"":1,""column"":0,""type"":""string"",""value"":""enemies,ground,invulnerable,mechanical,neutral,structure""}],""ipmu"":[{""level"":1,""column"":0,""type"":""string"",""value"":""nfbr""}],""aart"":[{""level"":0,""column"":0,""type"":""string"",""value"":""ReplaceableTextures\\CommandButtons\\BTNBreathOfFrost.blp""}],""amat"":[{""level"":0,""column"":0,""type"":""string"",""value"":""""}],""atp1"":[{""level"":1,""column"":0,""type"":""string"",""value"":""Snowfall""}],""aub1"":[{""level"":1,""column"":0,""type"":""string"",""value"":""Calls down a veil of snow upon a random enemy, freezing the ground beneath them.\nAllied units standing on snow take |cffffcc0020%|r less damage.\n\nThe snow can be consumed by |cffffcc00Wrath of Winter|r to unleash icy explosions.\n\n|n|cffFFFF80Cooldown:|cffFFFF00 15 |rseconds""}],""auar"":[{""level"":0,""column"":0,""type"":""string"",""value"":""ReplaceableTextures\\CommandButtons\\BTNBreathOfFrost.blp""}]}"
custom	A0HR	AItx	Troll Damage Bonus	3										"{""wurs"":[{""level"":0,""column"":0,""type"":""int"",""value"":42}],""Iatt"":[{""level"":1,""column"":1,""type"":""int"",""value"":30},{""level"":2,""column"":1,""type"":""int"",""value"":60},{""level"":3,""column"":1,""type"":""int"",""value"":90}],""alev"":[{""level"":0,""column"":0,""type"":""int"",""value"":3}],""aite"":[{""level"":0,""column"":0,""type"":""int"",""value"":0}],""anam"":[{""level"":0,""column"":0,""type"":""string"",""value"":""Troll Damage Bonus""}]}"
custom	A0HS	ACpa	Global Endurance		9999	99	99999		enemies,ground,invulnerable,mechanical,neutral,structure			Global Endurance	Increases AS and MS of all friendly units by 33% for 6 seconds.|n|n|cffFFFF80Cooldown:|cffFFFF00 40 |rseconds	"{""wurs"":[{""level"":0,""column"":0,""type"":""int"",""value"":42}],""abuf"":[{""level"":1,""column"":0,""type"":""string"",""value"":""""}],""Npa6"":[{""level"":1,""column"":0,""type"":""unreal"",""value"":0.01}],""acdn"":[{""level"":1,""column"":0,""type"":""unreal"",""value"":99}],""amcs"":[{""level"":1,""column"":0,""type"":""int"",""value"":9999}],""Poi1"":[{""level"":1,""column"":1,""type"":""unreal"",""value"":0}],""Poi4"":[{""level"":1,""column"":4,""type"":""int"",""value"":0}],""adur"":[{""level"":1,""column"":0,""type"":""unreal"",""value"":0.01}],""arac"":[{""level"":0,""column"":0,""type"":""string"",""value"":""orc""}],""aran"":[{""level"":1,""column"":0,""type"":""unreal"",""value"":99999}],""atar"":[{""level"":1,""column"":0,""type"":""string"",""value"":""enemies,ground,invulnerable,mechanical,neutral,structure""}],""ipmu"":[{""level"":1,""column"":0,""type"":""string"",""value"":""nfbr""}],""aani"":[{""level"":0,""column"":0,""type"":""string"",""value"":""death,alternate""}],""aart"":[{""level"":0,""column"":0,""type"":""string"",""value"":""ReplaceableTextures\\CommandButtons\\BTNCommand.blp""}],""amat"":[{""level"":0,""column"":0,""type"":""string"",""value"":""""}],""atp1"":[{""level"":1,""column"":0,""type"":""string"",""value"":""Global Endurance""}],""aub1"":[{""level"":1,""column"":0,""type"":""string"",""value"":""Increases AS and MS of all friendly units by 33% for 6 seconds.|n|n|cffFFFF80Cooldown:|cffFFFF00 40 |rseconds""}],""auar"":[{""level"":0,""column"":0,""type"":""string"",""value"":""ReplaceableTextures\\CommandButtons\\BTNCommand.blp""}],""anam"":[{""level"":0,""column"":0,""type"":""string"",""value"":""Global Endurance""}]}"
custom	A0HT	ACpa	Global Healing		9999	99	99999		enemies,ground,invulnerable,mechanical,neutral,structure			Global Healing	Healls all friendly units by 30 hp/s for 8 seconds.|n|n|cffFFFF80Cooldown:|cffFFFF00 40 |rseconds	"{""wurs"":[{""level"":0,""column"":0,""type"":""int"",""value"":42}],""abuf"":[{""level"":1,""column"":0,""type"":""string"",""value"":""""}],""Npa6"":[{""level"":1,""column"":0,""type"":""unreal"",""value"":0.01}],""acdn"":[{""level"":1,""column"":0,""type"":""unreal"",""value"":99}],""amcs"":[{""level"":1,""column"":0,""type"":""int"",""value"":9999}],""Poi1"":[{""level"":1,""column"":1,""type"":""unreal"",""value"":0}],""Poi4"":[{""level"":1,""column"":4,""type"":""int"",""value"":0}],""adur"":[{""level"":1,""column"":0,""type"":""unreal"",""value"":0.01}],""arac"":[{""level"":0,""column"":0,""type"":""string"",""value"":""orc""}],""aran"":[{""level"":1,""column"":0,""type"":""unreal"",""value"":99999}],""atar"":[{""level"":1,""column"":0,""type"":""string"",""value"":""enemies,ground,invulnerable,mechanical,neutral,structure""}],""ipmu"":[{""level"":1,""column"":0,""type"":""string"",""value"":""nfbr""}],""aani"":[{""level"":0,""column"":0,""type"":""string"",""value"":""death,alternate""}],""aart"":[{""level"":0,""column"":0,""type"":""string"",""value"":""ReplaceableTextures\\CommandButtons\\BTNHeal.blp""}],""amat"":[{""level"":0,""column"":0,""type"":""string"",""value"":""""}],""atp1"":[{""level"":1,""column"":0,""type"":""string"",""value"":""Global Healing""}],""aub1"":[{""level"":1,""column"":0,""type"":""string"",""value"":""Healls all friendly units by 30 hp/s for 8 seconds.|n|n|cffFFFF80Cooldown:|cffFFFF00 40 |rseconds""}],""auar"":[{""level"":0,""column"":0,""type"":""string"",""value"":""ReplaceableTextures\\CommandButtons\\BTNHeal.blp""}],""anam"":[{""level"":0,""column"":0,""type"":""string"",""value"":""Global Healing""}]}"
custom	A0HU	AChw	GlobalHealWard											"{""wurs"":[{""level"":0,""column"":0,""type"":""int"",""value"":42}],""anam"":[{""level"":0,""column"":0,""type"":""string"",""value"":""GlobalHealWard""}]}"
custom	A0HV	AIsr	pp spell resist											"{""wurs"":[{""level"":0,""column"":0,""type"":""int"",""value"":42}],""isr2"":[{""level"":1,""column"":2,""type"":""unreal"",""value"":0.15}],""aite"":[{""level"":0,""column"":0,""type"":""int"",""value"":0}],""arac"":[{""level"":0,""column"":0,""type"":""string"",""value"":""human""}],""anam"":[{""level"":0,""column"":0,""type"":""string"",""value"":""pp spell resist""}],""ansf"":[{""level"":0,""column"":0,""type"":""string"",""value"":""15%""}]}"
custom	A0HY	ACav	Coral Armor Aura					700	friend,invulnerable,self,structure,vulnerable	B02G				"{""wurs"":[{""level"":0,""column"":0,""type"":""int"",""value"":42}],""Had1"":[{""level"":1,""column"":1,""type"":""unreal"",""value"":8}],""aare"":[{""level"":1,""column"":0,""type"":""unreal"",""value"":700}],""atar"":[{""level"":1,""column"":0,""type"":""string"",""value"":""friend,invulnerable,self,structure,vulnerable""}],""abuf"":[{""level"":1,""column"":0,""type"":""string"",""value"":""B02G""}],""anam"":[{""level"":0,""column"":0,""type"":""string"",""value"":""Coral Armor Aura""}]}"
custom	A0I5	ACct	AA Crit 1.45x						air,enemies					"{""wurs"":[{""level"":0,""column"":0,""type"":""int"",""value"":42}],""Ocr1"":[{""level"":1,""column"":1,""type"":""unreal"",""value"":100}],""arac"":[{""level"":0,""column"":0,""type"":""string"",""value"":""human""}],""atar"":[{""level"":1,""column"":0,""type"":""string"",""value"":""air,enemies""}],""Ocr2"":[{""level"":1,""column"":2,""type"":""unreal"",""value"":1.45}],""ansf"":[{""level"":0,""column"":0,""type"":""string"",""value"":""""}],""anam"":[{""level"":0,""column"":0,""type"":""string"",""value"":""AA Crit 1.45x""}]}"
custom	A0Z1	AHad	Carapace Aura	1				500						"{""wurs"":[{""level"":0,""column"":0,""type"":""int"",""value"":42}],""aare"":[{""level"":1,""column"":0,""type"":""unreal"",""value"":500}],""Had1"":[{""level"":1,""column"":1,""type"":""unreal"",""value"":4}],""aher"":[{""level"":0,""column"":0,""type"":""int"",""value"":0}],""alev"":[{""level"":0,""column"":0,""type"":""int"",""value"":1}],""arac"":[{""level"":0,""column"":0,""type"":""string"",""value"":""other""}],""anam"":[{""level"":0,""column"":0,""type"":""string"",""value"":""Carapace Aura""}]}"
custom	AM0y	AIil			0	0	99999	0	ground,air					"{""wurs"":[{""level"":0,""column"":0,""type"":""int"",""value"":42}],""aher"":[{""level"":0,""column"":0,""type"":""int"",""value"":0}],""amcs"":[{""level"":1,""column"":0,""type"":""int"",""value"":0}],""acdn"":[{""level"":1,""column"":0,""type"":""unreal"",""value"":0}],""aran"":[{""level"":1,""column"":0,""type"":""unreal"",""value"":99999}],""achd"":[{""level"":0,""column"":0,""type"":""int"",""value"":0}],""aite"":[{""level"":0,""column"":0,""type"":""int"",""value"":0}],""Iilw"":[{""level"":1,""column"":2,""type"":""unreal"",""value"":0.75}],""Iild"":[{""level"":1,""column"":1,""type"":""unreal"",""value"":1.25}],""atar"":[{""level"":1,""column"":0,""type"":""string"",""value"":""ground,air""}],""adur"":[{""level"":1,""column"":0,""type"":""unreal"",""value"":60}],""aare"":[{""level"":1,""column"":0,""type"":""unreal"",""value"":0}]}"
custom	AM0z	Aro1												"{""wurs"":[{""level"":0,""column"":0,""type"":""int"",""value"":42}]}"
custom	A9FS	AOfs			0	0	99999	400						"{""wurs"":[{""level"":0,""column"":0,""type"":""int"",""value"":42}],""aher"":[{""level"":0,""column"":0,""type"":""int"",""value"":0}],""amcs"":[{""level"":1,""column"":0,""type"":""int"",""value"":0}],""acdn"":[{""level"":1,""column"":0,""type"":""unreal"",""value"":0}],""aran"":[{""level"":1,""column"":0,""type"":""unreal"",""value"":99999}],""achd"":[{""level"":0,""column"":0,""type"":""int"",""value"":0}],""aare"":[{""level"":1,""column"":0,""type"":""unreal"",""value"":400}],""adur"":[{""level"":1,""column"":0,""type"":""unreal"",""value"":7}],""ahdu"":[{""level"":1,""column"":0,""type"":""unreal"",""value"":7}]}"
custom	A09E	AHtc		1	9999	99		300	enemies,ground	B01Y				"{""wurs"":[{""level"":0,""column"":0,""type"":""int"",""value"":42}],""aare"":[{""level"":1,""column"":0,""type"":""unreal"",""value"":300}],""abuf"":[{""level"":1,""column"":0,""type"":""string"",""value"":""B01Y""}],""acdn"":[{""level"":1,""column"":0,""type"":""unreal"",""value"":99}],""amcs"":[{""level"":1,""column"":0,""type"":""int"",""value"":9999}],""Htc1"":[{""level"":1,""column"":1,""type"":""unreal"",""value"":20}],""adur"":[{""level"":1,""column"":0,""type"":""unreal"",""value"":3}],""aher"":[{""level"":0,""column"":0,""type"":""int"",""value"":0}],""alev"":[{""level"":0,""column"":0,""type"":""int"",""value"":1}],""atar"":[{""level"":1,""column"":0,""type"":""string"",""value"":""enemies,ground""}],""aeat"":[{""level"":0,""column"":0,""type"":""string"",""value"":""Abilities\\Spells\\Human\\Thunderclap\\ThunderClapCaster.mdl""}],""atat"":[{""level"":0,""column"":0,""type"":""string"",""value"":""Abilities\\Spells\\Human\\Thunderclap\\ThunderClapCaster.mdl""}]}"
custom	AM0{	ANcl	Explode Snow	1		10	99999	384	air,ground,terrain			Explode Snow	Consumes snow-covered tiles in the target area, exploding them and dealing 350.0 damage to enemy units standing on consumed snow. Shares cooldown with all Snowveil Fountains.	"{""wurs"":[{""level"":0,""column"":0,""type"":""int"",""value"":42}],""alev"":[{""level"":0,""column"":0,""type"":""int"",""value"":1}],""Ncl5"":[{""level"":1,""column"":5,""type"":""int"",""value"":0}],""Ncl1"":[{""level"":1,""column"":1,""type"":""unreal"",""value"":0}],""Ncl4"":[{""level"":1,""column"":4,""type"":""unreal"",""value"":0}],""acat"":[{""level"":0,""column"":0,""type"":""string"",""value"":""""}],""aeat"":[{""level"":0,""column"":0,""type"":""string"",""value"":""""}],""asat"":[{""level"":0,""column"":0,""type"":""string"",""value"":""""}],""atat"":[{""level"":0,""column"":0,""type"":""string"",""value"":""""}],""Ncl6"":[{""level"":1,""column"":6,""type"":""string"",""value"":""blink""}],""anam"":[{""level"":0,""column"":0,""type"":""string"",""value"":""Explode Snow""}],""ahky"":[{""level"":0,""column"":0,""type"":""string"",""value"":""Q""}],""abpx"":[{""level"":0,""column"":0,""type"":""int"",""value"":0}],""abpy"":[{""level"":0,""column"":0,""type"":""int"",""value"":0}],""atp1"":[{""level"":1,""column"":0,""type"":""string"",""value"":""Explode Snow""}],""aub1"":[{""level"":1,""column"":0,""type"":""string"",""value"":""Consumes snow-covered tiles in the target area, exploding them and dealing 350.0 damage to enemy units standing on consumed snow. Shares cooldown with all Snowveil Fountains.""}],""acas"":[{""level"":1,""column"":0,""type"":""unreal"",""value"":0}],""acdn"":[{""level"":1,""column"":0,""type"":""unreal"",""value"":10}],""aran"":[{""level"":1,""column"":0,""type"":""unreal"",""value"":99999}],""aare"":[{""level"":1,""column"":0,""type"":""unreal"",""value"":384}],""Ncl2"":[{""level"":1,""column"":2,""type"":""int"",""value"":2}],""atar"":[{""level"":1,""column"":0,""type"":""string"",""value"":""air,ground,terrain""}],""Ncl3"":[{""level"":1,""column"":3,""type"":""int"",""value"":3}],""arar"":[{""level"":0,""column"":0,""type"":""string"",""value"":""ReplaceableTextures\\CommandButtons\\BTNIceShard.blp""}],""aart"":[{""level"":0,""column"":0,""type"":""string"",""value"":""ReplaceableTextures\\CommandButtons\\BTNIceShard.blp""}]}"
custom	Ast9	Asta			0	0	99999		air,ground,enemies					"{""wurs"":[{""level"":0,""column"":0,""type"":""int"",""value"":42}],""Sta2"":[{""level"":1,""column"":2,""type"":""unreal"",""value"":99999}],""Sta3"":[{""level"":1,""column"":3,""type"":""unreal"",""value"":99999}],""Sta1"":[{""level"":1,""column"":1,""type"":""unreal"",""value"":0.001}],""Sta5"":[{""level"":1,""column"":5,""type"":""unreal"",""value"":0.001}],""Sta4"":[{""level"":1,""column"":4,""type"":""unreal"",""value"":4}],""atar"":[{""level"":1,""column"":0,""type"":""string"",""value"":""air,ground,enemies""}],""aher"":[{""level"":0,""column"":0,""type"":""int"",""value"":0}],""amcs"":[{""level"":1,""column"":0,""type"":""int"",""value"":0}],""acdn"":[{""level"":1,""column"":0,""type"":""unreal"",""value"":0}],""aran"":[{""level"":1,""column"":0,""type"":""unreal"",""value"":99999}],""achd"":[{""level"":0,""column"":0,""type"":""int"",""value"":0}]}"
custom	AstB	Aoar						99999						"{""wurs"":[{""level"":0,""column"":0,""type"":""int"",""value"":42}],""aare"":[{""level"":1,""column"":0,""type"":""unreal"",""value"":99999}],""Oar2"":[{""level"":1,""column"":2,""type"":""int"",""value"":0}],""Oar1"":[{""level"":1,""column"":1,""type"":""unreal"",""value"":20}]}"
custom	AstC	SCae						99999						"{""wurs"":[{""level"":0,""column"":0,""type"":""int"",""value"":42}],""aare"":[{""level"":1,""column"":0,""type"":""unreal"",""value"":99999}],""Oae2"":[{""level"":1,""column"":2,""type"":""unreal"",""value"":0.33}],""Oae1"":[{""level"":1,""column"":1,""type"":""unreal"",""value"":0.33}]}"
