rawcode	name	table	base_rawcode	coverage_status	reachability_status	semantic_coverage	owner_kinds	owner_objects	static_associations	parent_ability_links	skin_only_references	normalized_artifacts	has_protected_runtime_overlay	script_reference_class	script_functions	runtime_script_functions	runtime_calls	runtime_grant_calls	notes
A0-1	Blink	custom	ANcl	scripted-normalized	proven-normalized-runtime	normalized-script						runtime-system-mechanics.tsv	0	runtime	H,uL	uL			
A000	HEL: Obelisk of Light	custom	Apxf	scripted-normalized	proven-normalized-runtime	normalized-script						runtime-system-mechanics.tsv	0	runtime	H,TI,runObeliskPhoenixFireBehaviorProbe	TI,runObeliskPhoenixFireBehaviorProbe	unit_hasAbility		
A001	Blink	custom	AEbl	native-object-owned+normalized-script	proven-static-owner	native+normalized-script	unit	unit:X006,unit:X00C,unit:X00E,unit:X00O,unit:X00P,unit:X017,unit:X018,unit:X019,unit:X01A,unit:X051,unit:X06P,unit:X075,unit:X078,unit:X07P,unit:X089,unit:X0Z0,unit:h00C,unit:h00E,unit:h00O,unit:h00P,unit:h017,unit:h018,unit:h019,unit:h01A,unit:h051,unit:h06P,unit:h075,unit:h078,unit:h089,unit:u006				runtime-system-mechanics.tsv	1	runtime	H,completeRoundStart,xD	completeRoundStart	unit_removeAbility		
A002	Death	custom	Apxf	unused-orphaned	proven-unused	unused							0	initializer/protected-data-only	H				custom ability subgraph has no reachable effective unit/item association, normalized semantic root, readable runtime reference, protected overlay, or engine-implicit role
A003	Feedback	custom	Afbt	native-object-owned	proven-static-owner	native-object-data	unit	unit:e000					0	initializer/protected-data-only	H				
A004	NAT: Dryad (natures touch)	custom	Ahea	native-object-owned+normalized-script	proven-static-owner	native+normalized-script	unit	unit:e006	unit-default-active:e006			unit-spell-mechanics.tsv,unit-spell-semantics.tsv	1	runtime	H,JK,xD	JK			
A005	Rescue Strike	custom	ANfs	native-object-owned+normalized-script	proven-static-owner	native+normalized-script	unit	unit:X006,unit:X00C,unit:X00E,unit:X00O,unit:X00P,unit:X017,unit:X018,unit:X019,unit:X01A,unit:X051,unit:X06P,unit:X075,unit:X078,unit:X07P,unit:X089,unit:X0Z0,unit:h00C,unit:h00E,unit:h00O,unit:h00P,unit:h017,unit:h018,unit:h019,unit:h01A,unit:h051,unit:h06P,unit:h075,unit:h078,unit:h089,unit:u006				runtime-ai-mechanics.tsv,runtime-system-mechanics.tsv	1	runtime	Action_batch_MultiboardEventHooks_run_batch_MultiboardEventHooks2,CallbackSingle_doAfter_MMDData_call_doAfter_MMDData3,H,OnPointCast_onPointCast_RescueStrikeRuntime_fireEx_onPointCast_RescueStrikeRuntime,applyCampaignEnemyRescueStrikes,applyProtectedAbilityFieldsForJassAdd,checkRuntimeProtectedAbilityAdd,completeRoundStart,finishRescueStrike,gL,hasAvailableAiRescueStrikeCaster,main,onAttackStrikeCheck,removeLeavingBuilder,startRescueStrikeCooldown,xD	Action_batch_MultiboardEventHooks_run_batch_MultiboardEventHooks2,CallbackSingle_doAfter_MMDData_call_doAfter_MMDData3,OnPointCast_onPointCast_RescueStrikeRuntime_fireEx_onPointCast_RescueStrikeRuntime,applyCampaignEnemyRescueStrikes,checkRuntimeProtectedAbilityAdd,completeRoundStart,finishRescueStrike,gL,hasAvailableAiRescueStrikeCaster,main,onAttackStrikeCheck,removeLeavingBuilder,startRescueStrikeCooldown	EventListener_addSpellInternal,__wurst_safe_BlzGetUnitAbility,__wurst_safe_BlzGetUnitAbilityCooldown,__wurst_safe_BlzStartUnitAbilityCooldown,addProtectedAbility,unit_getAbilityLevel,unit_hasAbility,unit_removeAbility	addProtectedAbility	
A006	Pulverize	custom	ACpv	runtime-granted-normalized	proven-normalized-runtime	normalized-script						runtime-system-mechanics.tsv	0	runtime	H,randomizeBloodFiend	randomizeBloodFiend	addProtectedAbility	addProtectedAbility	
A007	Life Regeneration Aura	custom	ACnr	runtime-granted-normalized	proven-normalized-runtime	normalized-script						runtime-system-mechanics.tsv	0	runtime	H,iD	iD	safeUnitAddAbility	safeUnitAddAbility	
A008	Life Regeneration Aura	custom	ACnr	native-object-owned	proven-static-owner	native-object-data	item	item:I009					0	initializer/protected-data-only	H				
A009	Cleaving Attack	custom	ACce	native-object-owned+normalized-script	proven-static-owner	native+normalized-script	unit	unit:n002				runtime-system-mechanics.tsv	0	runtime	H,randomizeBloodFiend	randomizeBloodFiend	addProtectedAbility	addProtectedAbility	
A00A	Repair	custom	Ahrp	unused-orphaned	proven-unused	unused							0	initializer/protected-data-only	H				custom ability subgraph has no reachable effective unit/item association, normalized semantic root, readable runtime reference, protected overlay, or engine-implicit role
A00B	Thunder Clap	custom	AHtc	scripted-normalized	proven-normalized-runtime	normalized-script						building-spell-mechanics.tsv	1	runtime	H,pyramidSpell,xD	pyramidSpell	dummyCastImmediateFrom1		
A00C	Slow Poison	custom	Aspo	native-object-owned	proven-static-owner	native-object-data	unit	unit:n004,unit:n01R					0	initializer/protected-data-only	H				
A00D	Critical Strike	custom	ACct	native-object-owned+normalized-script	proven-static-owner	native+normalized-script	unit	unit:n00C,unit:n00I,unit:n00J,unit:n00X,unit:n00Z,unit:n018,unit:n01H,unit:n01L				runtime-system-mechanics.tsv	0	runtime	H,randomizeBloodFiend	randomizeBloodFiend	addProtectedAbility	addProtectedAbility	
A00E	Kills	custom	Apxf	unused-orphaned	proven-unused	unused							0	initializer/protected-data-only	H				custom ability subgraph has no reachable effective unit/item association, normalized semantic root, readable runtime reference, protected overlay, or engine-implicit role
A00F	Brilliance Aura	custom	AHab	native-object-owned+normalized-script	proven-static-owner	native+normalized-script	unit	unit:n005				unit-spell-mechanics.tsv	0	runtime	CallbackSingle_doAfter_doAfter_RaceHumanAbilities_call_doAfter_doAfter_RaceHumanAbilities1,CallbackSingle_doAfter_doAfter_doAfter_RaceHumanAbilities_call_doAfter_doAfter_doAfter_RaceHumanAbilities,H,warlockSpell	CallbackSingle_doAfter_doAfter_RaceHumanAbilities_call_doAfter_doAfter_RaceHumanAbilities1,CallbackSingle_doAfter_doAfter_doAfter_RaceHumanAbilities_call_doAfter_doAfter_doAfter_RaceHumanAbilities,warlockSpell	addProtectedAbility,unit_getAbilityLevel,unit_removeAbility	addProtectedAbility	
A00G	Phase Shift	custom	Apsh	protected-runtime-overlay	protected-overlay-only	protected-field-overlay							1	initializer/protected-data-only	H,xD				
A00H	TriggerAttack	custom	AHfa	protected-runtime-overlay	protected-overlay-only	protected-field-overlay							1	initializer/protected-data-only	H,xD				
A00I	Fan of Knives	custom	AEfk	protected-runtime-overlay	protected-overlay-only	protected-field-overlay							1	initializer/protected-data-only	H,xD				
A00J	Spell Book	custom	Aspb	native-object-owned+normalized-script	proven-static-owner	native+normalized-script	unit	unit:n01T				runtime-system-mechanics.tsv	0	runtime	Ed,H	Ed	__wurst_safe_SetUnitAbilityLevel		
A00K	Parasite	custom	ACpa	native-object-owned+normalized-script	proven-static-owner	native+normalized-script	unit	unit:n005	unit-default-active:n005			unit-spell-mechanics.tsv,unit-spell-semantics.tsv	1	runtime	DK,H,xD	DK			
A00L	Chain Lightning	custom	ACcl	native-object-indirect	proven-structured-indirect	native-object-data				A00Z:Iobu			1	initializer/protected-data-only	H,xD				
A00M	Parasite	custom	ACpa	native-object-owned+normalized-script	proven-static-owner	native+normalized-script	building	building:h00I	unit-default-active:h00I			building-spell-mechanics.tsv	1	runtime	H,HK,xD	HK			
A00N	Charm	custom	ACch	scripted-normalized	proven-normalized-runtime	normalized-script						building-spell-mechanics.tsv	1	runtime	H,checkAllMigratedVisionDummyOrders,oracleSpell,xD	oracleSpell	dummyCastTargetWithVision		
A00O	NAG: Oracle	custom	ACpa	native-object-owned+normalized-script	proven-static-owner	native+normalized-script	building	building:h00M	unit-default-active:h00M			building-spell-mechanics.tsv	1	runtime	H,HK,xD	HK			
A00P	Crushing Wave	custom	ACcv	scripted-normalized	proven-normalized-runtime	normalized-script						building-spell-mechanics.tsv	1	runtime	H,checkAllMigratedVisionDummyOrders,tidalSpell,xD	tidalSpell	dummyCastTargetWithVision		
A00Q	Pulverize	custom	ACpv	unused-orphaned	proven-unused	unused							0	initializer/protected-data-only	H				custom ability subgraph has no reachable effective unit/item association, normalized semantic root, readable runtime reference, protected overlay, or engine-implicit role
A00R	Demolish	custom	ANde	unused-orphaned	proven-unused	unused							0	initializer/protected-data-only	H				custom ability subgraph has no reachable effective unit/item association, normalized semantic root, readable runtime reference, protected overlay, or engine-implicit role
A00S	Killer Strike	custom	AOcr	unused-orphaned	proven-unused	unused							0	initializer/protected-data-only	H				custom ability subgraph has no reachable effective unit/item association, normalized semantic root, readable runtime reference, protected overlay, or engine-implicit role
A00T	Evasion	custom	ACes	native-object-owned+normalized-script	proven-static-owner	native+normalized-script	unit	unit:e001,unit:n00J				runtime-system-mechanics.tsv	0	runtime	H,randomizeBloodFiend	randomizeBloodFiend	addProtectedAbility	addProtectedAbility	
A00U	Evasion	custom	ACev	native-object-owned+normalized-script	proven-static-owner	native+normalized-script	unit	unit:e003,unit:h03A,unit:n006,unit:n00K,unit:n01Z,unit:n022,unit:n02K,unit:n02L,unit:n032				runtime-system-mechanics.tsv	0	runtime	H,randomizeBloodFiend	randomizeBloodFiend	addProtectedAbility	addProtectedAbility	
A00V	Critical Strike	custom	ACct	native-object-owned+normalized-script	proven-static-owner	native+normalized-script	unit	unit:n006				runtime-system-mechanics.tsv	0	runtime	H,randomizeBloodFiend	randomizeBloodFiend	addProtectedAbility	addProtectedAbility	
A00W	Faerie Fire	custom	ACff	native-object-owned	proven-static-owner	native-object-data	unit	unit:h00U	unit-default-active:h00U				1	initializer/protected-data-only	H,xD				
A00X	HEL: Wizard (Heal (dummy))	custom	Ahea	native-object-owned+normalized-script	proven-static-owner	native+normalized-script	unit	unit:h00W,unit:h07C	unit-default-active:h00W,unit-default-active:h07C			unit-spell-mechanics.tsv,unit-spell-semantics.tsv	1	runtime	BK,H,xD	BK			
A00Y	HEL: Wizard (Heal)	custom	AChv	scripted-normalized	proven-normalized-runtime	normalized-script						unit-spell-mechanics.tsv,unit-spell-semantics.tsv	1	runtime	H,UnitSpellClosure_registerUnitSpellWithTargetOrder_RaceElvenAbilities_cast_registerUnitSpellWithTargetOrder_RaceElvenAbilities2,xD	UnitSpellClosure_registerUnitSpellWithTargetOrder_RaceElvenAbilities_cast_registerUnitSpellWithTargetOrder_RaceElvenAbilities2	dummyCastTargetFrom		
A00Z	HEL: Wizard (Lightning)	custom	AIlx	native-object-owned+normalized-script	proven-static-owner	native+normalized-script	unit	unit:h00W,unit:h07C				runtime-system-mechanics.tsv	0	runtime	H,randomizeBloodFiend	randomizeBloodFiend	addProtectedAbility	addProtectedAbility	
A010	Phoenix Fire	custom	Apxf	native-object-owned+normalized-script	proven-static-owner	native+normalized-script	unit	unit:h00W,unit:h07C				runtime-system-mechanics.tsv	1	runtime	H,applyProtectedAbilityFieldsForJassAdd,randomizeBloodFiend	randomizeBloodFiend	addProtectedAbility	addProtectedAbility	
A011	Devotion Aura	custom	AHad	unused-orphaned	proven-unused	unused							0	initializer/protected-data-only	H				custom ability subgraph has no reachable effective unit/item association, normalized semantic root, readable runtime reference, protected overlay, or engine-implicit role
A012	Permanent Immolation	custom	ANpi	native-object-owned+normalized-script	proven-static-owner	native+normalized-script	unit	unit:n000				runtime-system-mechanics.tsv	0	runtime	H,randomizeBloodFiend	randomizeBloodFiend	addProtectedAbility	addProtectedAbility	
A013	Slow Aura	custom	Aasl	native-object-owned	proven-static-owner	native-object-data	unit	unit:h00W,unit:h07C					0	initializer/protected-data-only	H				
A014	Feedback	custom	Afbt	native-object-owned	proven-static-owner	native-object-data	unit	unit:n00Y					0	initializer/protected-data-only	H				
A015	Barrage	custom	Aroc	native-object-owned	proven-static-owner	native-object-data	building	building:h014					1	initializer/protected-data-only	H,xD				
A016	Gjall Horn Buff	custom	Ablo	scripted-normalized	proven-normalized-runtime	normalized-script						building-spell-mechanics.tsv,runtime-system-mechanics.tsv	1	runtime	ForGroupCallback_forUnitsInRange_GjallarHorn_callback_forUnitsInRange_GjallarHorn,H,xD	ForGroupCallback_forUnitsInRange_GjallarHorn_callback_forUnitsInRange_GjallarHorn	DummyCaster_DummyCaster_castTarget		
A017	Parasite	custom	ACpa	native-object-owned+normalized-script	proven-static-owner	native+normalized-script	building	building:h00Z	unit-default-active:h00Z			building-spell-mechanics.tsv	1	runtime	BK,H,xD	BK			
A018	Hex	custom	AOhx	scripted-normalized	proven-normalized-runtime	normalized-script						building-spell-mechanics.tsv	1	runtime	H,checkAllMigratedVisionDummyOrders,hexSpell,magicRuinSpell,xD	hexSpell,magicRuinSpell	chaosControlDummy,dummyCastTargetWithVision		
A019	Command Aura	custom	ACac	native-object-owned	proven-static-owner	native-object-data	unit	unit:n01M					0	initializer/protected-data-only	H				
A01A	Bash	custom	ACbh	native-object-owned+normalized-script	proven-static-owner	native+normalized-script	unit	unit:h03B,unit:h03C,unit:u00B				runtime-system-mechanics.tsv	0	runtime	H,randomizeBloodFiend	randomizeBloodFiend	addProtectedAbility	addProtectedAbility	
A01B	Melee Lightning Damage Bonus	custom	AIlx	native-object-owned+normalized-script	proven-static-owner	native+normalized-script	unit	unit:h016				runtime-system-mechanics.tsv	0	runtime	H,randomizeBloodFiend	randomizeBloodFiend	addProtectedAbility	addProtectedAbility	
A01C	NAG: Dragon Turtle (spiked shell)	custom	ANth	native-object-owned	proven-static-owner	native-object-data	unit	unit:n007					0	initializer/protected-data-only	H				
A01D	Hurl Boulder	custom	ACtb	protected-runtime-overlay	protected-overlay-only	protected-field-overlay							1	initializer/protected-data-only	H,xD				
A01E	Parasite	custom	ACpa	native-object-owned+normalized-script	proven-static-owner	native+normalized-script	building	building:h01E	unit-default-active:h01E			building-spell-mechanics.tsv	1	runtime	H,lK,xD	lK			
A01F	Cleaving Attack	custom	ACce	native-object-owned+normalized-script	proven-static-owner	native+normalized-script	unit	unit:h03B,unit:h03C				runtime-system-mechanics.tsv	0	runtime	H,randomizeBloodFiend	randomizeBloodFiend	addProtectedAbility	addProtectedAbility	
A01G	Curse	custom	Acrs	native-object-owned	proven-static-owner	native-object-data	unit	unit:n008	unit-default-active:n008				1	initializer/protected-data-only	H,xD				
A01H	Storm Bolt	custom	AHtb	protected-runtime-overlay	protected-overlay-only	protected-field-overlay							1	initializer/protected-data-only	H,xD				
A01I	Flame Strike	custom	AHfs	scripted-normalized	proven-normalized-runtime	normalized-script						building-spell-mechanics.tsv	1	runtime	H,kE,setArtilleryModeAbilityIds,xD	kE,setArtilleryModeAbilityIds			
A01J	Parasite	custom	ACpa	native-object-owned+normalized-script	proven-static-owner	native+normalized-script	building	building:h01F	unit-default-active:h01F			building-spell-mechanics.tsv	1	runtime	H,lK,xD	lK			
A01K	Parasite	custom	ACpa	native-object-owned+normalized-script	proven-static-owner	native+normalized-script	building	building:h010	unit-default-active:h010			building-spell-mechanics.tsv,runtime-system-mechanics.tsv	1	runtime	H,mH,xD	mH			
A01L	Permanent Immolation	custom	ANpi	native-object-owned	proven-static-owner	native-object-data	unit	unit:n00B					0	initializer/protected-data-only	H				
A01M	Slow	custom	Aslo	native-object-owned	proven-static-owner	native-object-data	unit	unit:u001	unit-default-active:u001				1	initializer/protected-data-only	H,xD				
A01N	Command Aura	custom	ACac	native-object-owned	proven-static-owner	native-object-data	unit	unit:u001					0	initializer/protected-data-only	H				
A01O	Vampiric Aura	custom	ACvp	native-object-owned	proven-static-owner	native-object-data	unit	unit:h01U,unit:h05H					0	initializer/protected-data-only	H				
A01P	Vampiric Aura	custom	ACvp	native-object-owned+normalized-script	proven-static-owner	native+normalized-script	unit	unit:h01U				runtime-system-mechanics.tsv	0	runtime	H,randomizeBloodFiend	randomizeBloodFiend	addProtectedAbility	addProtectedAbility	
A01Q	Parasite	custom	ACpa	native-object-owned+normalized-script	proven-static-owner	native+normalized-script	building	building:h01P	unit-default-active:h01P			building-spell-mechanics.tsv,corpse-building-mechanics.tsv	1	runtime	H,bL,xD	bL			
A01R	Demolish	custom	ANde	native-object-owned+normalized-script	proven-static-owner	native+normalized-script	unit	unit:n00E				runtime-system-mechanics.tsv	0	runtime	H,randomizeBloodFiend	randomizeBloodFiend	addProtectedAbility	addProtectedAbility	
A01S	Pulverize	custom	ACpv	native-object-owned	proven-static-owner	native-object-data	unit	unit:n00E					0	initializer/protected-data-only	H				
A01T	UND: City Of Decay	custom	ANpi	native-object-owned	proven-static-owner	native-object-data	building	building:h01Q					0	initializer/protected-data-only	H				
A01U	Bash	custom	ACbh	native-object-owned+normalized-script	proven-static-owner	native+normalized-script	building	building:h01O				runtime-system-mechanics.tsv	0	runtime	H,randomizeBloodFiend	randomizeBloodFiend	addProtectedAbility	addProtectedAbility	
A01V	Devotion Aura	custom	AHad	runtime-granted-normalized	proven-normalized-runtime	normalized-script						runtime-system-mechanics.tsv	0	runtime	H,iD	iD	safeUnitAddAbility	safeUnitAddAbility	
A01W	Parasite	custom	ACpa	native-object-owned+normalized-script	proven-static-owner	native+normalized-script	building	building:h01M,building:h01W,building:h01X	unit-default-active:h01M,unit-default-active:h01W,unit-default-active:h01X			building-spell-mechanics.tsv	1	runtime	H,lK,xD	lK			
A01X	Storm Bolt	custom	AHtb	protected-runtime-overlay	protected-overlay-only	protected-field-overlay							1	initializer/protected-data-only	H,xD				
A01Y	Raise Dead	custom	Arai	native-object-owned	proven-static-owner	native-object-data	unit	unit:u005	unit-default-active:u005				1	initializer/protected-data-only	H,xD				
A01Z	NAG Winged Snake: Dispel	custom	ACdm	protected-runtime-overlay	protected-overlay-only	protected-field-overlay							1	initializer/protected-data-only	H,xD				
A020	Envenomed Weapons	custom	ACvs	native-object-owned	proven-static-owner	native-object-data	building	building:o000					0	initializer/protected-data-only	H				
A021	Slow Aura	custom	Aasl	native-object-owned	proven-static-owner	native-object-data	building	building:h022					0	initializer/protected-data-only	H				
A022	Slow Aura	custom	Aasl	unused-orphaned	proven-unused	unused							0	initializer/protected-data-only	H				custom ability subgraph has no reachable effective unit/item association, normalized semantic root, readable runtime reference, protected overlay, or engine-implicit role
A023	Slow Aura	custom	Aasl	native-object-owned	proven-static-owner	native-object-data	building	building:h020,building:h021,building:h022					0	initializer/protected-data-only	H				
A024	Slow Aura	custom	Aasl	native-object-owned	proven-static-owner	native-object-data	building	building:h022					0	initializer/protected-data-only	H				
A025	Critical Strike	custom	ACct	native-object-owned	proven-static-owner	native-object-data	unit	unit:n00K,unit:n035					0	initializer/protected-data-only	H				
A026	Bash	custom	ACbh	native-object-owned	proven-static-owner	native-object-data	unit	unit:n00J,unit:n00K,unit:n02K,unit:n02L					0	initializer/protected-data-only	H				
A027	Sphere	custom	Asph	native-object-indirect	proven-structured-indirect	native-object-data				A00J:spb1			0	initializer/protected-data-only	H				
A028	Slow Aura	custom	Aasl	native-object-owned	proven-static-owner	native-object-data	building	building:h01M,building:h01W,building:h01X					0	initializer/protected-data-only	H				
A029	Slow Aura	custom	Aasl	native-object-owned	proven-static-owner	native-object-data	building	building:h01M,building:h01W,building:h01X					0	initializer/protected-data-only	H				
A02A	Sphere	custom	Asph	native-object-owned	proven-static-owner	native-object-data	building	building:h025					0	initializer/protected-data-only	H				
A02B	Item Attack Corruption Bonus	custom	AIcb	runtime-granted-normalized	proven-normalized-runtime	normalized-script						runtime-system-mechanics.tsv	0	runtime	H,randomizeBloodFiend	randomizeBloodFiend	addProtectedAbility	addProtectedAbility	
A02C	COR: Eey Of Corruption (permanent)	custom	AHad	native-object-owned+normalized-script	proven-static-owner	native+normalized-script	building	building:h04T				runtime-system-mechanics.tsv	0	initializer/protected-data-only	H				
A02D	Blast	custom	Apxf	native-object-owned+normalized-script	proven-static-owner	native+normalized-script	item	item:I001,item:I002				item-mechanics.tsv	0	runtime	CallbackSingle_doAfter_BuildingCatalogE2E_call_doAfter_BuildingCatalogE2E15,H,checkProtectedItemAbilityFields,runBlastStaffPhoenixFireBehaviorProbe	checkProtectedItemAbilityFields,runBlastStaffPhoenixFireBehaviorProbe	countItemAbilities,item_getAbility		
A02E	Channel	custom	ANcl	marker-data-only	proven-runtime-infrastructure	marker-only	unit	unit:tec1,unit:tec2,unit:tec3					0	runtime	H,pL	pL	unit_getAbilityLevel		internal Tech Level 1/2/3 Channel marker; pL excludes units carrying it from normal player-unit handling
A02F	Damage Add	custom	AIcd	native-object-owned	proven-static-owner	native-object-data	item	item:I003					0	initializer/protected-data-only	H				
A02G	Scroll Heal	custom	AIdb	runtime-granted-normalized	proven-normalized-runtime	normalized-script			item-cooldown-group:I005			item-mechanics.tsv	1	runtime	H,OnPointCast_onPointCast_RescueStrikeRuntime_fireEx_onPointCast_RescueStrikeRuntime1,xD	OnPointCast_onPointCast_RescueStrikeRuntime_fireEx_onPointCast_RescueStrikeRuntime1	addProtectedAbility	addProtectedAbility	
A02H	Chain Lightning	custom	AIcl	native-object-owned+normalized-script	proven-static-owner	native+normalized-script	item	item:I006				item-mechanics.tsv	1	runtime	H,checkProtectedItemAbilityFields,iJ,xD	checkProtectedItemAbilityFields,iJ	item_getAbility		
A02I	Berserk	custom	Absk	native-object-owned+normalized-script	proven-static-owner	native+normalized-script	unit	unit:n00V,unit:n01O,unit:n02G				production-unit-special-mechanics.tsv	1	initializer/protected-data-only	H,xD				
A02J	Burning Oil	custom	Abof	native-object-owned	proven-static-owner	native-object-data	unit	unit:o001					0	initializer/protected-data-only	H				
A02K	Burning Oil	custom	Abof	native-object-owned+normalized-script	proven-static-owner	native+normalized-script	building	building:h001				runtime-system-mechanics.tsv	0	initializer/protected-data-only	H				
A02L	Critical Strike	custom	ACct	native-object-owned	proven-static-owner	native-object-data	unit	unit:hrif					0	initializer/protected-data-only	H				
A02M	Inner Fire	custom	Ainf	native-object-owned	proven-static-owner	native-object-data	unit	unit:o003	unit-default-active:o003				1	initializer/protected-data-only	H,xD				
A02N	Cleaving Attack	custom	ACce	native-object-owned	proven-static-owner	native-object-data	unit	unit:n00K					0	initializer/protected-data-only	H				
A02O	Slow Aura	custom	Aasl	native-object-owned	proven-static-owner	native-object-data	building	building:h02N					0	initializer/protected-data-only	H				
A02P	Pulverize	custom	ACpv	native-object-owned	proven-static-owner	native-object-data	unit	unit:o005					0	initializer/protected-data-only	H				
A02Q	Hardened Skin	custom	Assk	native-object-owned	proven-static-owner	native-object-data	unit	unit:n00W					0	initializer/protected-data-only	H				
A02R	Critical Strike	custom	ACct	native-object-owned	proven-static-owner	native-object-data	unit	unit:n00W					0	initializer/protected-data-only	H				
A02S	Feral Spirit	custom	AOsf	native-object-owned	proven-static-owner	native-object-data	unit	unit:n00S					1	initializer/protected-data-only	H,xD				
A02T	NAG: Siren (Purge)	custom	ACpu	scripted-normalized	proven-normalized-runtime	normalized-script						unit-spell-mechanics.tsv,unit-spell-semantics.tsv	1	runtime	H,UnitSpellClosure_registerUnitSpellWithTargetOrder_RaceNagaAbilities_cast_registerUnitSpellWithTargetOrder_RaceNagaAbilities,xD	UnitSpellClosure_registerUnitSpellWithTargetOrder_RaceNagaAbilities_cast_registerUnitSpellWithTargetOrder_RaceNagaAbilities	dummyCastTargetFrom		
A02U	NAG: Siren (Purge (cd))	custom	ACpa	native-object-owned+normalized-script	proven-static-owner	native+normalized-script	unit	unit:n00S	unit-default-active:n00S			unit-spell-mechanics.tsv,unit-spell-semantics.tsv	1	runtime	H,HK,xD	HK			
A02V	Critical Strike	custom	ACct	native-object-owned	proven-static-owner	native-object-data	unit	unit:o004					0	initializer/protected-data-only	H				
A02W	Critical Strike	custom	ACct	native-object-owned	proven-static-owner	native-object-data	unit	unit:o005					0	initializer/protected-data-only	H				
A02X	NAG: RG (Cleaving Attack)	custom	ACce	native-object-owned	proven-static-owner	native-object-data	unit	unit:n00X					0	initializer/protected-data-only	H				
A02Y	Sphere	custom	Asph	native-object-owned	proven-static-owner	native-object-data	building	building:h032					0	initializer/protected-data-only	H				
A02Z	ORC: Serpent Rock	custom	ACpa	native-object-owned+normalized-script	proven-static-owner	native+normalized-script	building	building:h02N	unit-default-active:h02N			building-spell-mechanics.tsv	1	runtime	H,VK,xD	VK			
A030	ORC: Serpent Rock	custom	ANab	scripted-normalized	proven-normalized-runtime	normalized-script						building-spell-mechanics.tsv	1	runtime	H,checkAllMigratedVisionDummyOrders,serpentRockShoot,xD	serpentRockShoot	dummyCastTargetWithVision		
A031	War Stomp	custom	Awrg	protected-runtime-overlay	protected-overlay-only	protected-field-overlay							1	initializer/protected-data-only	H,xD				
A032	Parasite	custom	ACpa	native-object-owned+normalized-script	proven-static-owner	native+normalized-script	building	building:h07X	unit-default-active:h07X			building-spell-mechanics.tsv	1	runtime	H,VK,xD	VK			
A033	UND: Death Pit	custom	ACpa	native-object-owned+normalized-script	proven-static-owner	native+normalized-script	building	building:h00A	unit-default-active:h00A			building-spell-mechanics.tsv	1	runtime	H,bL,xD	bL			
A034	ORC: Defensive Kodo (defensive aura)	custom	AHad	native-object-owned	proven-static-owner	native-object-data	unit	unit:o006					0	initializer/protected-data-only	H				
A035	ORC: Offensive Kodo (damage aura)	custom	AIar	native-object-owned	proven-static-owner	native-object-data	unit	unit:o008					0	initializer/protected-data-only	H				
A036	Sphere	custom	Asph	native-object-owned	proven-static-owner	native-object-data	building	building:h035					0	initializer/protected-data-only	H				
A037	Sphere	custom	Asph	native-object-owned	proven-static-owner	native-object-data	building	building:h036					0	initializer/protected-data-only	H				
A038	Envenomed Spears	custom	Aven	native-object-owned	proven-static-owner	native-object-data	unit	unit:o009					0	initializer/protected-data-only	H				
A039	ORC: Ceremonial Totem	custom	ACpa	native-object-owned+normalized-script	proven-static-owner	native+normalized-script	building	building:h02R	unit-default-active:h02R			building-spell-mechanics.tsv	1	runtime	H,VK,xD	VK			
A03A	Item Damage Bonus	custom	AItn	runtime-granted-normalized	proven-normalized-runtime	normalized-script						building-spell-mechanics.tsv,runtime-system-mechanics.tsv	0	runtime	DamageListener_addListener_doAfter_ObeliskOfLight_onEvent_addListener_doAfter_ObeliskOfLight,H,ceremonialTotemSpell	DamageListener_addListener_doAfter_ObeliskOfLight_onEvent_addListener_doAfter_ObeliskOfLight,ceremonialTotemSpell	addProtectedAbility,unit_removeAbility	addProtectedAbility	
A03B	Item Attack Speed Bonus	custom	AIs2	runtime-granted-normalized	proven-normalized-runtime	normalized-script						building-spell-mechanics.tsv,runtime-system-mechanics.tsv	0	runtime	DamageListener_addListener_doAfter_ObeliskOfLight_onEvent_addListener_doAfter_ObeliskOfLight,H,ceremonialTotemSpell	DamageListener_addListener_doAfter_ObeliskOfLight_onEvent_addListener_doAfter_ObeliskOfLight,ceremonialTotemSpell	addProtectedAbility,unit_removeAbility	addProtectedAbility	
A03C	Frost Attack	custom	Afra	native-object-owned	proven-static-owner	native-object-data	unit	unit:o00A					0	initializer/protected-data-only	H				
A03D	Item Life Bonus	custom	AIl2	runtime-granted-normalized	proven-normalized-runtime	normalized-script						building-spell-mechanics.tsv,runtime-system-mechanics.tsv	0	runtime	DamageListener_addListener_doAfter_ObeliskOfLight_onEvent_addListener_doAfter_ObeliskOfLight,H,ceremonialTotemSpell	DamageListener_addListener_doAfter_ObeliskOfLight_onEvent_addListener_doAfter_ObeliskOfLight,ceremonialTotemSpell	addProtectedAbility,unit_removeAbility	addProtectedAbility	
A03E	Quad Damage	custom	AIrr	native-object-owned	proven-static-owner	native-object-data	item	item:I007	item-cooldown-group:I007				0	initializer/protected-data-only	H				
A03F	Double Damage	custom	AIrr	native-object-owned	proven-static-owner	native-object-data	item	item:I008	item-cooldown-group:I008				0	initializer/protected-data-only	H				
A03G	Defend	custom	Adef	native-object-owned+normalized-script	proven-static-owner	native+normalized-script	unit	unit:h03A	unit-default-active:h03A			production-unit-special-mechanics.tsv	0	initializer/protected-data-only	H				
A03H	Resurrection	custom	AHre	native-object-owned+normalized-script	proven-static-owner	native+normalized-script	unit	unit:h03C				unit-spell-semantics.tsv	1	initializer/protected-data-only	H,xD				
A03I	HUM: Inner Fire (paladin)	custom	Ainf	native-object-owned+normalized-script	proven-static-owner	native+normalized-script	unit	unit:h03C				unit-spell-semantics.tsv	1	initializer/protected-data-only	H,xD				
A03J	Devotion Aura	custom	AHad	native-object-owned	proven-static-owner	native-object-data	unit	unit:h03C					0	initializer/protected-data-only	H				
A03K	HUM: Crusader/Paladin Heal	custom	Ahea	native-object-owned+normalized-script	proven-static-owner	native+normalized-script	unit	unit:h03B,unit:h03C	unit-default-active:h03B,unit-default-active:h03C			unit-spell-mechanics.tsv,unit-spell-semantics.tsv	1	runtime	DK,H,xD	DK			
A03L	Item Life Bonus	custom	AIl1	runtime-granted-normalized	proven-normalized-runtime	normalized-script						unit-spell-mechanics.tsv,unit-spell-semantics.tsv	0	runtime	H,churchSpell	churchSpell	addProtectedAbility	addProtectedAbility	
A03M	HUM: Crusader (inner fire)	custom	Ainf	native-object-owned+normalized-script	proven-static-owner	native+normalized-script	unit	unit:h03B				unit-spell-semantics.tsv	1	initializer/protected-data-only	H,xD				
A03N	Barrage	custom	Aroc	native-object-owned	proven-static-owner	native-object-data	unit	unit:e003					1	initializer/protected-data-only	H,xD				
A03O	Barrage	custom	Aroc	native-object-owned	proven-static-owner	native-object-data	unit	unit:e004					1	initializer/protected-data-only	H,xD				
A03P	Evasion	custom	ACev	native-object-owned+normalized-script	proven-static-owner	native+normalized-script	unit	unit:e004,unit:n00Y,unit:n01L,unit:n020,unit:n023				runtime-system-mechanics.tsv	0	initializer/protected-data-only	H				
A03Q	Channel	custom	ANcl	native-object-owned+normalized-script	proven-static-owner	native+normalized-script	building,unit	building:h05L,unit:e006,unit:e009,unit:e00C,unit:e00F,unit:h02Y,unit:h034,unit:h03N,unit:n02A,unit:n02B,unit:o00E,unit:u00D				building-spell-mechanics.tsv,production-unit-special-mechanics.tsv,runtime-system-mechanics.tsv	0	runtime	DamageListener_addListener_doAfter_ObeliskOfLight_onEvent_addListener_doAfter_ObeliskOfLight,H,handleSourceDamageEffects,holyShrineSpell,iD	DamageListener_addListener_doAfter_ObeliskOfLight_onEvent_addListener_doAfter_ObeliskOfLight,handleSourceDamageEffects,holyShrineSpell,iD	addProtectedAbility,safeUnitAddAbility,unit_getAbilityLevel,unit_removeAbility	addProtectedAbility,safeUnitAddAbility	
A03R	Roar	custom	ACro	scripted-normalized	proven-normalized-runtime	normalized-script						unit-spell-mechanics.tsv,unit-spell-semantics.tsv	1	runtime	H,UnitSpellClosure_registerUnitSpellWithTargetOrder_RaceChaosAbilities_cast_registerUnitSpellWithTargetOrder_RaceChaosAbilities,xD	UnitSpellClosure_registerUnitSpellWithTargetOrder_RaceChaosAbilities_cast_registerUnitSpellWithTargetOrder_RaceChaosAbilities	dummyCastImmediateFrom		
A03S	Parasite	custom	ACpa	native-object-owned+normalized-script	proven-static-owner	native+normalized-script	unit	unit:n00Z	unit-default-active:n00Z			unit-spell-mechanics.tsv,unit-spell-semantics.tsv	1	runtime	H,lK,xD	lK			
A03T	Endurance Aura	custom	AOae	native-object-owned	proven-static-owner	native-object-data	item	item:I00A					0	initializer/protected-data-only	H				
A03U	Channel	custom	ANcl	native-object-owned	proven-static-owner	native-object-data	unit	unit:h06U,unit:n01Z,unit:n020					0	initializer/protected-data-only	H				
A03V	Sphere	custom	Asph	native-object-owned	proven-static-owner	native-object-data	unit	unit:n00Z					0	initializer/protected-data-only	H				
A03W	Entangling Roots	custom	Aenr	native-object-indirect	proven-structured-indirect	native-object-data				A03X:Iobu,A049:Iobu,A0FM:Iobu			1	initializer/protected-data-only	H,xD				
A03X	Melee Lightning Damage Bonus	custom	AIlx	native-object-owned	proven-static-owner	native-object-data	unit	unit:n011					0	initializer/protected-data-only	H				
A03Y	Frost Breath	custom	Afrb	native-object-owned	proven-static-owner	native-object-data	building,unit	building:h03Q,unit:n010					0	initializer/protected-data-only	H				
A03Z	Frost Armor	custom	ACf2	native-object-owned	proven-static-owner	native-object-data	unit	unit:n015	unit-default-active:n015				1	initializer/protected-data-only	H,xD				
A040	Frost Armor	custom	ACf2	native-object-owned	proven-static-owner	native-object-data	unit	unit:o00A	unit-default-active:o00A				1	initializer/protected-data-only	H,xD				
A041	Healing Spray	custom	ANhs	unused-orphaned	proven-unused	unused							0	initializer/protected-data-only	H				custom ability subgraph has no reachable effective unit/item association, normalized semantic root, readable runtime reference, protected overlay, or engine-implicit role
A042	Brilliance Aura	custom	ACba	native-object-owned	proven-static-owner	native-object-data	unit	unit:n014					0	initializer/protected-data-only	H				
A043	NOR: Ice Queen (frost nova)	custom	ACfn	scripted-normalized	proven-normalized-runtime	normalized-script						unit-spell-mechanics.tsv,unit-spell-semantics.tsv	1	runtime	H,UnitSpellClosure_registerUnitSpellWithTargetOrder_RaceNorthernAbilities_cast_registerUnitSpellWithTargetOrder_RaceNorthernAbilities2,checkAllMigratedVisionDummyOrders,processSnowMissiles,xD	UnitSpellClosure_registerUnitSpellWithTargetOrder_RaceNorthernAbilities_cast_registerUnitSpellWithTargetOrder_RaceNorthernAbilities2,processSnowMissiles	__wurst_safe_SetUnitAbilityLevel,dummyCastTargetFrom,dummyCastTargetWithVision		
A044	Parasite	custom	ACpa	native-object-owned+normalized-script	proven-static-owner	native+normalized-script	unit	unit:n014	unit-default-active:n014			unit-spell-mechanics.tsv,unit-spell-semantics.tsv	1	runtime	H,RK,xD	RK			
A045	Entangling Roots	custom	Aenr	native-object-indirect	proven-structured-indirect	native-object-data				A046:Iobu			1	initializer/protected-data-only	H,xD				
A046	Melee Lightning Damage Bonus	custom	AIlx	native-object-owned	proven-static-owner	native-object-data	unit	unit:n014					0	initializer/protected-data-only	H				
A047	Entangling Roots	custom	Aenr	native-object-indirect	proven-structured-indirect	native-object-data				A048:Iobu			1	initializer/protected-data-only	H,xD				
A048	Melee Lightning Damage Bonus	custom	AIlx	native-object-owned	proven-static-owner	native-object-data	unit	unit:o00A					0	initializer/protected-data-only	H				
A049	Melee Lightning Damage Bonus	custom	AIlx	native-object-owned	proven-static-owner	native-object-data	unit	unit:n015					0	initializer/protected-data-only	H				
A04A	Sphere	custom	Asph	native-object-owned	proven-static-owner	native-object-data	unit	unit:n014					0	initializer/protected-data-only	H				
A04B	Sphere	custom	Asph	native-object-owned	proven-static-owner	native-object-data	building	building:h03S					0	initializer/protected-data-only	H				
A04C	Sphere	custom	Asph	native-object-owned	proven-static-owner	native-object-data	building	building:h03S					0	initializer/protected-data-only	H				
A04D	Cleaving Attack	custom	ACce	native-object-owned	proven-static-owner	native-object-data	unit	unit:n016					0	initializer/protected-data-only	H				
A04E	Critical Strike	custom	ACct	native-object-owned	proven-static-owner	native-object-data	unit	unit:n016					0	initializer/protected-data-only	H				
A04F	Freezing Breath	custom	Afrz	native-object-owned+normalized-script	proven-static-owner	native+normalized-script	unit	unit:h04G				building-spell-mechanics.tsv	0	initializer/protected-data-only	H				
A04G	Storm Bolt	custom	AHtb	protected-runtime-overlay	protected-overlay-only	protected-field-overlay							1	initializer/protected-data-only	H,xD				
A04H	Entangling Roots	custom	Aenr	scripted-normalized	proven-normalized-runtime	normalized-script						building-spell-mechanics.tsv	1	runtime	H,checkAllMigratedVisionDummyOrders,processWorldFreezerMissiles,xD	processWorldFreezerMissiles	dummyCastTargetWithVision		
A04I	Parasite	custom	ACpa	native-object-owned+normalized-script	proven-static-owner	native+normalized-script	building	building:h03O	unit-default-active:h03O			building-spell-mechanics.tsv	1	runtime	CallbackSingle_doAfter_RaceNorthernAbilities_call_doAfter_RaceNorthernAbilities1,H,RK,xD	CallbackSingle_doAfter_RaceNorthernAbilities_call_doAfter_RaceNorthernAbilities1,RK	noteBuildingSpellEffectForE2e		
A04J	Parasite	custom	ACpa	native-object-owned+normalized-script	proven-static-owner	native+normalized-script	building	building:h048	unit-default-active:h048			building-spell-mechanics.tsv	1	runtime	H,RK,xD	RK			
A04K	Freezing Breath	custom	Afrz	native-object-owned+normalized-script	proven-static-owner	native+normalized-script	unit	unit:h04H				building-spell-mechanics.tsv	0	initializer/protected-data-only	H				
A04L	Parasite	custom	ACpa	native-object-owned+normalized-script	proven-static-owner	native+normalized-script	building	building:h03L	unit-default-active:h03L			building-spell-mechanics.tsv	1	runtime	H,RK,xD	RK			
A04M	Sphere	custom	Asph	native-object-owned	proven-static-owner	native-object-data	building	building:h04W,building:h09Y					1	initializer/protected-data-only	H,xD				
A04N	Item Attack Lightning Bonus (new)	custom	AIll	native-object-owned	proven-static-owner	native-object-data	unit	unit:h04I					0	initializer/protected-data-only	H				
A04O	Charm	custom	ANch	native-object-indirect	proven-structured-indirect	native-object-data				A04N:Iobu			1	initializer/protected-data-only	H,xD				
A04P	Item Attack Lightning Bonus (new)	custom	AIll	native-object-owned	proven-static-owner	native-object-data	unit	unit:n01I					0	initializer/protected-data-only	H				
A04Q	Cripple	custom	ACcr	native-object-indirect	proven-structured-indirect	native-object-data				A04P:Iobu			1	initializer/protected-data-only	H,xD				
A04R	Parasite	custom	ACpa	protected-runtime-overlay	protected-overlay-only	protected-field-overlay							1	initializer/protected-data-only	H,xD				
A04S	COR: Eye of Corruption	custom	AIad	unused-orphaned	proven-unused	unused							0	initializer/protected-data-only	H				custom ability subgraph has no reachable effective unit/item association, normalized semantic root, readable runtime reference, protected overlay, or engine-implicit role
A04T	Endurance Aura	custom	AOae	native-object-owned	proven-static-owner	native-object-data	unit	unit:n01G					0	initializer/protected-data-only	H				
A04U	Parasite	custom	ACpa	native-object-owned+normalized-script	proven-static-owner	native+normalized-script	building	building:h04R	unit-default-active:h04R			building-spell-mechanics.tsv	1	runtime	H,oK,xD	oK			
A04V	AOE damage upon death	custom	Amnx	native-object-owned	proven-static-owner	native-object-data	unit	unit:n01F					0	initializer/protected-data-only	H				
A04W	Item Attack Lightning Bonus (new)	custom	AIll	native-object-owned	proven-static-owner	native-object-data	unit	unit:n01E					0	initializer/protected-data-only	H				
A04X	Carrion Swarm	custom	AUcs	native-object-indirect	proven-structured-indirect	native-object-data				A04W:Iobu			1	initializer/protected-data-only	H,xD				
A04Y	AOE damage upon death	custom	Amnx	native-object-owned	proven-static-owner	native-object-data	unit	unit:n01E					0	initializer/protected-data-only	H				
A04Z	Orb of Annihilation	custom	Afak	native-object-owned	proven-static-owner	native-object-data	unit	unit:n01D	unit-default-active:n01D				1	initializer/protected-data-only	H,xD				
A050	Critical Strike	custom	ACct	native-object-owned	proven-static-owner	native-object-data	unit	unit:n01C,unit:n021					0	initializer/protected-data-only	H				
A051	Sphere	custom	Asph	native-object-owned	proven-static-owner	native-object-data	building	building:h04M					0	initializer/protected-data-only	H				
A052	COR: Shadow Dragon (Damage Reflect)	custom	Aegr	unused-orphaned	proven-unused	unused							0	initializer/protected-data-only	H				custom ability subgraph has no reachable effective unit/item association, normalized semantic root, readable runtime reference, protected overlay, or engine-implicit role
A053	Sphere	custom	Asph	native-object-owned	proven-static-owner	native-object-data	unit	unit:n01B					0	initializer/protected-data-only	H				
A054	Item Attack Lightning Bonus (new)	custom	AIll	native-object-owned	proven-static-owner	native-object-data	unit	unit:n01H					0	initializer/protected-data-only	H				
A055	Cripple	custom	Acri	native-object-indirect	proven-structured-indirect	native-object-data				A054:Iobu			1	initializer/protected-data-only	H,xD				
A056	Corrupted: Void Walker	custom	ANpi	unused-orphaned	proven-unused	unused							0	initializer/protected-data-only	H				custom ability subgraph has no reachable effective unit/item association, normalized semantic root, readable runtime reference, protected overlay, or engine-implicit role
A057	COR: Well Of Pain	custom	ACpa	native-object-owned+normalized-script	proven-static-owner	native+normalized-script	building	building:h04K	unit-default-active:h04K			building-spell-mechanics.tsv	1	runtime	H,oK,xD	oK			
A058	Sphere	custom	Asph	native-object-owned	proven-static-owner	native-object-data	unit	unit:n01A					0	initializer/protected-data-only	H				
A059	Pulverize	custom	ACpv	native-object-owned	proven-static-owner	native-object-data	unit	unit:n012					0	initializer/protected-data-only	H				
A05A	Pulverize	custom	ACpv	native-object-owned	proven-static-owner	native-object-data	unit	unit:n013					0	initializer/protected-data-only	H				
A05B	Howl of Terror	custom	Acht	scripted-normalized	proven-normalized-runtime	normalized-script						unit-spell-mechanics.tsv,unit-spell-semantics.tsv	1	runtime	H,UnitSpellClosure_registerUnitSpellWithTargetOrder_RaceNorthernAbilities_cast_registerUnitSpellWithTargetOrder_RaceNorthernAbilities1,xD	UnitSpellClosure_registerUnitSpellWithTargetOrder_RaceNorthernAbilities_cast_registerUnitSpellWithTargetOrder_RaceNorthernAbilities1	dummyCastImmediateFrom		
A05C	Parasite	custom	ACpa	native-object-owned+normalized-script	proven-static-owner	native+normalized-script	unit	unit:n013	unit-default-active:n013			unit-spell-mechanics.tsv,unit-spell-semantics.tsv	1	runtime	H,RK,xD	RK			
A05D	War Stomp	custom	Awrs	scripted-normalized	proven-normalized-runtime	normalized-script						unit-spell-mechanics.tsv,unit-spell-semantics.tsv	1	runtime	H,UnitSpellClosure_registerUnitSpellWithTargetOrder_RaceNorthernAbilities_cast_registerUnitSpellWithTargetOrder_RaceNorthernAbilities,xD	UnitSpellClosure_registerUnitSpellWithTargetOrder_RaceNorthernAbilities_cast_registerUnitSpellWithTargetOrder_RaceNorthernAbilities	dummyCastImmediateFrom		
A05E	Parasite	custom	ACpa	native-object-owned+normalized-script	proven-static-owner	native+normalized-script	unit	unit:n016	unit-default-active:n016			unit-spell-mechanics.tsv,unit-spell-semantics.tsv	1	runtime	H,RK,xD	RK			
A05F	Devotion Aura	custom	AHad	native-object-owned	proven-static-owner	native-object-data	unit	unit:n019					0	initializer/protected-data-only	H				
A05G	Devotion Aura	custom	AHad	native-object-owned	proven-static-owner	native-object-data	unit	unit:n01A					0	initializer/protected-data-only	H				
A05H	Flame Strike	custom	AHfs	scripted-normalized	proven-normalized-runtime	normalized-script						building-spell-mechanics.tsv	1	runtime	H,setArtilleryModeAbilityIds,xD	setArtilleryModeAbilityIds			
A05I	Critical Strike	custom	ACct	runtime-granted-normalized	proven-normalized-runtime	normalized-script						building-spell-mechanics.tsv,runtime-system-mechanics.tsv	0	runtime	DamageListener_addListener_doAfter_ObeliskOfLight_onEvent_addListener_doAfter_ObeliskOfLight,H,ceremonialTotemSpell	DamageListener_addListener_doAfter_ObeliskOfLight_onEvent_addListener_doAfter_ObeliskOfLight,ceremonialTotemSpell	addProtectedAbility,unit_removeAbility	addProtectedAbility	
A05J	Evasion	custom	ACev	runtime-granted-normalized	proven-normalized-runtime	normalized-script						runtime-system-mechanics.tsv	0	runtime	H,randomizeBloodFiend	randomizeBloodFiend	addProtectedAbility	addProtectedAbility	
A05K	Bash	custom	ACbh	native-object-owned	proven-static-owner	native-object-data	unit	unit:h016,unit:n02X					0	initializer/protected-data-only	H				
A05L	Raise Dead	custom	Arai	native-object-owned	proven-static-owner	native-object-data	unit	unit:u009	unit-default-active:u009				1	initializer/protected-data-only	H,xD				
A05M	Carrion Swarm	custom	AUcs	native-object-indirect	proven-structured-indirect	native-object-data				A05N:Iobu			1	initializer/protected-data-only	H,xD				
A05N	UND: Mighty Necromancer (carrion swarm)	custom	AIlx	native-object-owned	proven-static-owner	native-object-data	unit	unit:u009					0	initializer/protected-data-only	H				
A05O	Sphere	custom	Asph	native-object-owned	proven-static-owner	native-object-data	unit	unit:u009					0	initializer/protected-data-only	H				
A05P	Permanent Immolation	custom	ANpi	native-object-owned	proven-static-owner	native-object-data	unit	unit:n01K					0	initializer/protected-data-only	H				
A05Q	Envenomed Weapons	custom	ACvs	native-object-owned	proven-static-owner	native-object-data	unit	unit:n01K					0	initializer/protected-data-only	H				
A05R	Disease Cloud	custom	Aap1	native-object-owned	proven-static-owner	native-object-data	unit	unit:u007					0	initializer/protected-data-only	H				
A05S	Envenomed Weapons	custom	ACvs	native-object-owned	proven-static-owner	native-object-data	unit	unit:u007					0	initializer/protected-data-only	H				
A05T	Permanent Immolation	custom	ANpi	native-object-owned	proven-static-owner	native-object-data	unit	unit:u007					0	initializer/protected-data-only	H				
A05U	Parasite	custom	ACpa	native-object-owned+normalized-script	proven-static-owner	native+normalized-script	building	building:h056,building:h06H,building:n02H	unit-default-active:h056,unit-default-active:h06H,unit-default-active:n02H			building-spell-mechanics.tsv,corpse-building-mechanics.tsv	1	runtime	H,bL,xD	bL			
A05V	CHA: Quill Demon (thorns aura)	custom	AEah	native-object-owned	proven-static-owner	native-object-data	unit	unit:z000					0	initializer/protected-data-only	H				
A05W	Cleaving Attack	custom	ACce	native-object-owned	proven-static-owner	native-object-data	unit	unit:n009					0	initializer/protected-data-only	H				
A05X	Chain Lightning	custom	ACcl	native-object-indirect	proven-structured-indirect	native-object-data				A01B:Iobu			1	initializer/protected-data-only	H,xD				
A05Y	Critical Strike	custom	ACct	native-object-owned	proven-static-owner	native-object-data	unit	unit:n00Y					0	initializer/protected-data-only	H				
A05Z	Cleaving Attack	custom	ACce	native-object-owned	proven-static-owner	native-object-data	unit	unit:n00Z					0	initializer/protected-data-only	H				
A060	Cleaving Attack	custom	ACce	native-object-owned	proven-static-owner	native-object-data	unit	unit:n00J					0	initializer/protected-data-only	H				
A061	Feedback	custom	Afbt	native-object-owned	proven-static-owner	native-object-data	unit	unit:n00K					0	initializer/protected-data-only	H				
A062	Critical Strike	custom	ACct	native-object-owned	proven-static-owner	native-object-data	unit	unit:n017					0	initializer/protected-data-only	H				
A063	Cleaving Attack	custom	ACce	native-object-owned	proven-static-owner	native-object-data	unit	unit:n018					0	initializer/protected-data-only	H				
A064	Frost Breath	custom	Afrb	native-object-owned	proven-static-owner	native-object-data	unit	unit:u000					0	initializer/protected-data-only	H				
A065	Cleaving Attack	custom	ACce	native-object-owned	proven-static-owner	native-object-data	unit	unit:u00B					0	initializer/protected-data-only	H				
A066	Critical Strike	custom	ACct	native-object-owned	proven-static-owner	native-object-data	unit	unit:n01M					0	initializer/protected-data-only	H				
A067	Cleaving Attack	custom	ACce	native-object-owned	proven-static-owner	native-object-data	unit	unit:n01H					0	initializer/protected-data-only	H				
A068	Bash	custom	ACbh	native-object-owned	proven-static-owner	native-object-data	unit	unit:n007					0	initializer/protected-data-only	H				
A069	Orb of Annihilation	custom	Afak	native-object-owned	proven-static-owner	native-object-data	unit	unit:n01B	unit-default-active:n01B				1	initializer/protected-data-only	H,xD				
A06A	Critical Strike	custom	ACct	native-object-owned	proven-static-owner	native-object-data	building	building:h059					0	initializer/protected-data-only	H				
A06B	Critical Strike	custom	ACct	unused-orphaned	proven-unused	unused							0	initializer/protected-data-only	H				custom ability subgraph has no reachable effective unit/item association, normalized semantic root, readable runtime reference, protected overlay, or engine-implicit role
A06C	QuadDamageAura	custom	Aakb	runtime-granted-normalized	proven-normalized-runtime	normalized-script						item-mechanics.tsv	0	runtime	H,ZH	ZH	safeUnitAddAbility	safeUnitAddAbility	
A06D	DoubleDamageAura	custom	Aakb	runtime-granted-normalized	proven-normalized-runtime	normalized-script						item-mechanics.tsv	0	runtime	H,ZH	ZH	safeUnitAddAbility	safeUnitAddAbility	
A06E	Rescue Strike Effect	custom	Asph	native-object-owned+normalized-script	proven-static-owner	native+normalized-script	unit	unit:X006,unit:X00C,unit:X00E,unit:X00O,unit:X00P,unit:X017,unit:X018,unit:X019,unit:X01A,unit:X051,unit:X06P,unit:X075,unit:X078,unit:X07P,unit:X089,unit:X0Z0,unit:h00C,unit:h00E,unit:h00O,unit:h00P,unit:h017,unit:h018,unit:h019,unit:h01A,unit:h051,unit:h06P,unit:h075,unit:h078,unit:h089,unit:u006				runtime-system-mechanics.tsv	0	runtime	CallbackSingle_doAfter_MMDData_call_doAfter_MMDData3,H,OnPointCast_onPointCast_RescueStrikeRuntime_fireEx_onPointCast_RescueStrikeRuntime,applyCampaignEnemyRescueStrikes,completeRoundStart,finishRescueStrike	CallbackSingle_doAfter_MMDData_call_doAfter_MMDData3,OnPointCast_onPointCast_RescueStrikeRuntime_fireEx_onPointCast_RescueStrikeRuntime,applyCampaignEnemyRescueStrikes,completeRoundStart,finishRescueStrike	EventListener_addSpellInternal,addProtectedAbility,unit_removeAbility	addProtectedAbility	
A06F	Critical Strike	custom	ACct	native-object-owned	proven-static-owner	native-object-data	unit	unit:h05C					0	initializer/protected-data-only	H				
A06G	Slow Aura	custom	Aasl	native-object-owned	proven-static-owner	native-object-data	unit	unit:h0A2					0	initializer/protected-data-only	H				
A06H	Ensnare	custom	Aens	scripted-normalized	proven-normalized-runtime	normalized-script						unit-spell-mechanics.tsv,unit-spell-semantics.tsv	1	runtime	H,UnitSpellClosure_registerUnitSpellWithTargetOrder_RaceOrcAbilities_cast_registerUnitSpellWithTargetOrder_RaceOrcAbilities,xD	UnitSpellClosure_registerUnitSpellWithTargetOrder_RaceOrcAbilities_cast_registerUnitSpellWithTargetOrder_RaceOrcAbilities	dummyCastTargetFrom		
A06I	Parasite	custom	ACpa	native-object-owned+normalized-script	proven-static-owner	native+normalized-script	unit	unit:n01O	unit-default-active:n01O			unit-spell-mechanics.tsv,unit-spell-semantics.tsv	1	runtime	H,VK,xD	VK			
A06J	Spawn Hydra	custom	Aspy	native-object-owned	proven-static-owner	native-object-data	unit	unit:n01P					0	initializer/protected-data-only	H				
A06K	Spawn Hydra	custom	Aspy	native-object-owned	proven-static-owner	native-object-data	unit	unit:n01Q					0	initializer/protected-data-only	H				
A06L	Critical Strike	custom	ACct	native-object-owned	proven-static-owner	native-object-data	unit	unit:h0A2					0	initializer/protected-data-only	H				
A06M	Critical Strike	custom	ACct	native-object-owned	proven-static-owner	native-object-data	building	building:h05G					0	initializer/protected-data-only	H				
A06N	UND: Greater Vampir (vampiric aura)	custom	ACvp	native-object-owned	proven-static-owner	native-object-data	unit	unit:h05H					0	initializer/protected-data-only	H				
A06O	Sphere	custom	Asph	native-object-owned	proven-static-owner	native-object-data	unit	unit:h05H					0	initializer/protected-data-only	H				
A06P	NOR: Chilling Mushroom	custom	ACpa	native-object-owned+normalized-script	proven-static-owner	native+normalized-script	building	building:h047	unit-default-active:h047			building-spell-mechanics.tsv	1	runtime	H,RK,xD	RK			
A06Q	Ensnare	custom	Aens	protected-runtime-overlay	protected-overlay-only	protected-field-overlay							1	initializer/protected-data-only	H,xD				
A06R	Parasite	custom	ACpa	native-object-owned+normalized-script	proven-static-owner	native+normalized-script	building	building:h05I	unit-default-active:h05I			building-spell-mechanics.tsv	1	runtime	H,lK,xD	lK			
A06S	Storm Bolt	custom	AHtb	scripted-normalized	proven-normalized-runtime	normalized-script						building-spell-mechanics.tsv	1	runtime	H,checkAllMigratedVisionDummyOrders,magicRuinSpell,xD	magicRuinSpell	chaosControlDummy		
A06T	Item Life Bonus	custom	AIl2	runtime-granted-normalized	proven-normalized-runtime	normalized-script						building-spell-mechanics.tsv,runtime-system-mechanics.tsv	0	runtime	DamageListener_addListener_doAfter_ObeliskOfLight_onEvent_addListener_doAfter_ObeliskOfLight,H,magicRuinSpell	DamageListener_addListener_doAfter_ObeliskOfLight_onEvent_addListener_doAfter_ObeliskOfLight,magicRuinSpell	addProtectedAbility,unit_removeAbility	addProtectedAbility	
A06U	Item Damage Bonus	custom	AIth	runtime-granted-normalized	proven-normalized-runtime	normalized-script						building-spell-mechanics.tsv,runtime-system-mechanics.tsv	0	runtime	DamageListener_addListener_doAfter_ObeliskOfLight_onEvent_addListener_doAfter_ObeliskOfLight,H,magicRuinSpell	DamageListener_addListener_doAfter_ObeliskOfLight_onEvent_addListener_doAfter_ObeliskOfLight,magicRuinSpell	addProtectedAbility,unit_removeAbility	addProtectedAbility	
A06V	Legendary Unit	custom	Asph	native-object-owned+normalized-script	proven-static-owner	native+normalized-script	building,unit	building:h00N,building:h00X,building:h01E,building:h01J,building:h01M,building:h01Q,building:h01W,building:h01X,building:h02D,building:h02O,building:h03E,building:h03O,building:h04T,building:h055,building:h059,building:h05F,building:h05G,building:h063,building:h06D,building:h06L,building:h072,building:h07I,building:h07X,building:h07Y,building:h07Z,building:h097,building:h09Y,building:n031,building:n03A,unit:e004,unit:e00C,unit:h00W,unit:h03V,unit:h074,unit:n01P,unit:n024,unit:n027,unit:n02G,unit:n02I,unit:n02J,unit:n02K,unit:n02L,unit:n03O,unit:u00D				building-spell-mechanics.tsv	0	runtime	ForGroupCallback_forUnitsInRect_RaceChaosAbilities_callback_forUnitsInRect_RaceChaosAbilities1,ForGroupCallback_forUnitsInRect_RaceCorruptedAbilities_callback_forUnitsInRect_RaceCorruptedAbilities,H	ForGroupCallback_forUnitsInRect_RaceChaosAbilities_callback_forUnitsInRect_RaceChaosAbilities1,ForGroupCallback_forUnitsInRect_RaceCorruptedAbilities_callback_forUnitsInRect_RaceCorruptedAbilities	unit_getAbilityLevel		
A06W	Endurance Aura	custom	AOae	runtime-granted-normalized	proven-normalized-runtime	normalized-script						building-spell-mechanics.tsv,runtime-system-mechanics.tsv	0	runtime	DamageListener_addListener_doAfter_ObeliskOfLight_onEvent_addListener_doAfter_ObeliskOfLight,H,ceremonialTotemSpell	DamageListener_addListener_doAfter_ObeliskOfLight_onEvent_addListener_doAfter_ObeliskOfLight,ceremonialTotemSpell	addProtectedAbility,unit_removeAbility	addProtectedAbility	
A06X	Endurance Aura	custom	AOae	runtime-granted-normalized	proven-normalized-runtime	normalized-script						building-spell-mechanics.tsv,runtime-system-mechanics.tsv	0	runtime	DamageListener_addListener_doAfter_ObeliskOfLight_onEvent_addListener_doAfter_ObeliskOfLight,H,ceremonialTotemSpell	DamageListener_addListener_doAfter_ObeliskOfLight_onEvent_addListener_doAfter_ObeliskOfLight,ceremonialTotemSpell	addProtectedAbility,unit_removeAbility	addProtectedAbility	
A06Y	Endurance Aura	custom	AOae	runtime-granted-normalized	proven-normalized-runtime	normalized-script						building-spell-mechanics.tsv,runtime-system-mechanics.tsv	0	runtime	DamageListener_addListener_doAfter_ObeliskOfLight_onEvent_addListener_doAfter_ObeliskOfLight,H,ceremonialTotemSpell	DamageListener_addListener_doAfter_ObeliskOfLight_onEvent_addListener_doAfter_ObeliskOfLight,ceremonialTotemSpell	addProtectedAbility,unit_removeAbility	addProtectedAbility	
A06Z	Spell Shield	custom	ANss	native-object-owned	proven-static-owner	native-object-data	unit	unit:e00C					1	initializer/protected-data-only	H,xD				
A070	Leg-anti-hex	custom	Amgl	native-object-owned+normalized-script	proven-static-owner	native+normalized-script	unit	unit:e004,unit:e00C,unit:h00W,unit:h03V,unit:h074,unit:n01P,unit:n024,unit:n027,unit:n02G,unit:n02I,unit:n02J,unit:n02K,unit:n02L,unit:n034,unit:n03O,unit:u00D				building-spell-mechanics.tsv,production-unit-special-mechanics.tsv,runtime-system-mechanics.tsv	0	runtime	ForGroupCallback_forUnitsInRect_RaceChaosAbilities_callback_forUnitsInRect_RaceChaosAbilities,H,devourAttackProc,hasShield,onUnitTrained	ForGroupCallback_forUnitsInRect_RaceChaosAbilities_callback_forUnitsInRect_RaceChaosAbilities,devourAttackProc,hasShield,onUnitTrained	__wurst_safe_GetUnitAbilityLevel,unit_getAbilityLevel		
A071	Repair	custom	Ahrp	native-object-owned	proven-static-owner	native-object-data	unit	unit:X06P,unit:h06P	unit-default-active:X06P,unit-default-active:h06P				0	initializer/protected-data-only	H				
A073	Evasion	custom	ACev	native-object-owned	proven-static-owner	native-object-data	unit	unit:e00B					0	initializer/protected-data-only	H				
A074	Evasion	custom	ACev	native-object-owned	proven-static-owner	native-object-data	unit	unit:e00A					0	initializer/protected-data-only	H				
A075	Feedback	custom	Afbt	native-object-owned+normalized-script	proven-static-owner	native+normalized-script	unit	unit:n020				runtime-system-mechanics.tsv	0	initializer/protected-data-only	H				
A076	Feedback	custom	Afbt	native-object-owned+normalized-script	proven-static-owner	native+normalized-script	unit	unit:n01Z				runtime-system-mechanics.tsv	0	initializer/protected-data-only	H				
A077	Wind Walk	custom	AOwk	native-object-owned+normalized-script	proven-static-owner	native+normalized-script	unit	unit:n01Z				runtime-system-mechanics.tsv	1	initializer/protected-data-only	H,xD				
A078	Wind Walk	custom	AOwk	native-object-owned+normalized-script	proven-static-owner	native+normalized-script	unit	unit:n020				runtime-system-mechanics.tsv	1	initializer/protected-data-only	H,xD				
A079	NEL: Druid (Heal Rain)	custom	AEtq	unused-orphaned	proven-unused	unused							0	initializer/protected-data-only	H				custom ability subgraph has no reachable effective unit/item association, normalized semantic root, readable runtime reference, protected overlay, or engine-implicit role
A07A	Entangling Roots	custom	AEer	scripted-normalized	proven-normalized-runtime	normalized-script						unit-spell-mechanics.tsv,unit-spell-semantics.tsv	1	runtime	H,UnitSpellClosure_registerUnitSpellWithTargetOrder_RaceNelfAbilities_cast_registerUnitSpellWithTargetOrder_RaceNelfAbilities,xD	UnitSpellClosure_registerUnitSpellWithTargetOrder_RaceNelfAbilities_cast_registerUnitSpellWithTargetOrder_RaceNelfAbilities	dummyCastTargetFrom1		
A07B	Resistant Skin	custom	Arsk	native-object-owned	proven-static-owner	native-object-data	unit	unit:e00A,unit:e00B					0	initializer/protected-data-only	H				
A07C	Item Attack Corruption Bonus	custom	AIcb	native-object-owned	proven-static-owner	native-object-data	unit	unit:e00B					0	initializer/protected-data-only	H				
A07D	Item Attack Corruption Bonus	custom	AIcb	native-object-owned	proven-static-owner	native-object-data	unit	unit:e00A					0	initializer/protected-data-only	H				
A07E	Channel	custom	ANcl	native-object-owned	proven-static-owner	native-object-data	building	building:h003,building:h02A,building:h02C,building:h03G,building:h03S,building:h04K,building:h04U,building:h04W,building:h05I,building:h05J,building:h05L,building:h05T,building:h05V,building:h05X,building:h060,building:h062,building:h069,building:h06E,building:h06F,building:h073,building:h079,building:h07A,building:h07D,building:h07H,building:h07I,building:h07L,building:h07M,building:h07N,building:h07O,building:h088,building:h08P,building:h08X,building:h08Y,building:h097,building:h09B,building:h09H,building:h09I,building:h09J,building:h09L,building:h09P,building:h09T,building:h09Y,building:h0A1					0	initializer/protected-data-only	H				
A07F	Channel	custom	ANcl	unused-orphaned	proven-unused	unused							0	initializer/protected-data-only	H				custom ability subgraph has no reachable effective unit/item association, normalized semantic root, readable runtime reference, protected overlay, or engine-implicit role
A07G	Summoned Unit	custom	ANcl	native-object-owned+normalized-script	proven-static-owner	native+normalized-script	unit	unit:e00D,unit:h06B,unit:n00W,unit:n01C,unit:n01P,unit:n01Q,unit:n01U,unit:n021				runtime-system-mechanics.tsv	0	runtime	H,fJ	fJ	unit_getAbilityLevel		
A07H	TypeLegendary	custom	ANcl	native-object-owned+normalized-script	proven-static-owner	native+normalized-script	unit	unit:e004,unit:e00C,unit:h00W,unit:h03V,unit:h074,unit:n01P,unit:n01Q,unit:n024,unit:n027,unit:n02G,unit:n02I,unit:n02J,unit:n02K,unit:n02L,unit:n034,unit:n03O,unit:u00D				runtime-system-mechanics.tsv	0	runtime	H,fJ,mJ	fJ,mJ	unit_getAbilityLevel		
A07I	Channel	custom	ANcl	runtime-granted-normalized	proven-normalized-runtime	normalized-script						runtime-system-mechanics.tsv,unit-spell-mechanics.tsv	0	runtime	CallbackSingle_doAfter_doAfter_doAfter_RaceHumanAbilities_call_doAfter_doAfter_doAfter_RaceHumanAbilities,H,isIdleAttackUnit,warlockSpell	CallbackSingle_doAfter_doAfter_doAfter_RaceHumanAbilities_call_doAfter_doAfter_doAfter_RaceHumanAbilities,isIdleAttackUnit,warlockSpell	addProtectedAbility,unit_getAbilityLevel,unit_removeAbility	addProtectedAbility	
A07J	Channel	custom	ANcl	native-object-owned+normalized-script	proven-static-owner	native+normalized-script	unit	unit:n00L				runtime-system-mechanics.tsv	0	runtime	H,KE,onUnitTrained	KE,onUnitTrained	unit_getAbilityLevel		
A07K	Channel(troll)	custom	ANcl	native-object-owned	proven-static-owner	native-object-data	unit	unit:e00A,unit:e00B,unit:h01U,unit:h05H,unit:n00V,unit:n01O,unit:n01Z,unit:n020,unit:n02G					0	initializer/protected-data-only	H				
A07L	Feedback	custom	Afbt	runtime-granted-normalized	proven-normalized-runtime	normalized-script						runtime-system-mechanics.tsv	0	runtime	H,randomizeBloodFiend	randomizeBloodFiend	addProtectedAbility	addProtectedAbility	
A07M	Channel	custom	ANcl	native-object-owned+normalized-script	proven-static-owner	native+normalized-script	unit	unit:n01U,unit:n01Z,unit:n020				building-spell-mechanics.tsv,runtime-system-mechanics.tsv	0	runtime	DamageListener_addListener_doAfter_ThunderpawSpire_onEvent_addListener_doAfter_ThunderpawSpire,H,checkForWrongOrder,fJ,isAssassinSupportUnit,isIdleAttackUnit,isSupportOrderUnit,onSummonedUnit,onUnitTrained,orderCodeAttackIfAllowed,restoreExpectedOrderAfterExternalOrder,shouldApplyGobboTimedLife,wM,xM	DamageListener_addListener_doAfter_ThunderpawSpire_onEvent_addListener_doAfter_ThunderpawSpire,checkForWrongOrder,fJ,isAssassinSupportUnit,isIdleAttackUnit,isSupportOrderUnit,onSummonedUnit,onUnitTrained,orderCodeAttackIfAllowed,restoreExpectedOrderAfterExternalOrder,shouldApplyGobboTimedLife,wM,xM	unit_getAbilityLevel,unit_hasAbility		
A07N	Channel	custom	ANcl	unused-orphaned	proven-unused	unused							0	initializer/protected-data-only	H				custom ability subgraph has no reachable effective unit/item association, normalized semantic root, readable runtime reference, protected overlay, or engine-implicit role
A07O	Channel	custom	ANcl	native-object-owned	proven-static-owner	native-object-data	unit	unit:e00A					0	initializer/protected-data-only	H				
A07P	Parasite	custom	ACpa	native-object-owned+normalized-script	proven-static-owner	native+normalized-script	unit	unit:e007	unit-default-active:e007			unit-spell-mechanics.tsv,unit-spell-semantics.tsv	1	runtime	H,LK,xD	LK			
A07Q	Entangling Roots	custom	AEer	scripted-normalized	proven-normalized-runtime	normalized-script						unit-spell-mechanics.tsv,unit-spell-semantics.tsv	1	runtime	H,assassinSpell,checkAllMigratedVisionDummyOrders,xD	assassinSpell	dummyCastTargetWithVision		
A07R	Parasite	custom	ACpa	native-object-owned+normalized-script	proven-static-owner	native+normalized-script	unit	unit:e00J	unit-default-active:e00J			unit-spell-mechanics.tsv,unit-spell-semantics.tsv	1	runtime	H,LK,xD	LK			
A07T	NEL: Starfall	custom	AEsf	scripted-normalized	proven-normalized-runtime	normalized-script						building-spell-mechanics.tsv	1	runtime	H,kE,setArtilleryModeAbilityIds,xD	kE,setArtilleryModeAbilityIds			
A07U	Parasite	custom	ACpa	native-object-owned+normalized-script	proven-static-owner	native+normalized-script	building	building:h07I	unit-default-active:h07I			building-spell-mechanics.tsv	1	runtime	H,LK,xD	LK			
A07V	Moon Glaive	custom	Amgl	native-object-owned	proven-static-owner	native-object-data	building	building:h00G					0	initializer/protected-data-only	H				
A07W	Moon Glaive	custom	Amgl	native-object-owned	proven-static-owner	native-object-data	building	building:h005					0	initializer/protected-data-only	H				
A07X	Killzor	custom	AHtb	protected-runtime-overlay	protected-overlay-only	protected-field-overlay							1	initializer/protected-data-only	H,xD				
A07Y	Sphere	custom	Asp1	native-object-owned	proven-static-owner	native-object-data	unit	unit:e00A					0	initializer/protected-data-only	H				
A07Z	Feedback	custom	Afbt	native-object-owned	proven-static-owner	native-object-data	building	building:h073					0	initializer/protected-data-only	H				
A080	World Freezer Phoenix Fire	custom	Apxf	native-object-owned+normalized-script	proven-static-owner	native+normalized-script	unit	unit:h08U				building-spell-mechanics.tsv	0	runtime	CallbackSingle_doAfter_RaceNorthernAbilities_call_doAfter_RaceNorthernAbilities1,H	CallbackSingle_doAfter_RaceNorthernAbilities_call_doAfter_RaceNorthernAbilities1	unit_removeAbility		
A081	freezer orb slow	custom	AOae	native-object-owned+normalized-script	proven-static-owner	native+normalized-script	unit	unit:h08U				building-spell-mechanics.tsv	0	initializer/protected-data-only	H				
A082	Storm Bolt	custom	AHtb	scripted-normalized	proven-normalized-runtime	normalized-script						building-spell-mechanics.tsv	1	runtime	H,checkAllMigratedVisionDummyOrders,processWorldFreezerMissiles,xD	processWorldFreezerMissiles	dummyCastTargetWithVision		
A083	Storm Bolt	custom	AHtb	scripted-normalized	proven-normalized-runtime	normalized-script						building-spell-mechanics.tsv	1	runtime	H,checkAllMigratedVisionDummyOrders,processWorldFreezerMissiles,xD	processWorldFreezerMissiles	dummyCastTargetWithVision		
A084	World Freezer Phoenix Fire -na	custom	Apxf	runtime-granted-normalized	proven-normalized-runtime	normalized-script						building-spell-mechanics.tsv	0	runtime	CallbackSingle_doAfter_RaceNorthernAbilities_call_doAfter_RaceNorthernAbilities1,H	CallbackSingle_doAfter_RaceNorthernAbilities_call_doAfter_RaceNorthernAbilities1	addProtectedAbility	addProtectedAbility	
A085	Raise Dead	custom	Arai	native-object-owned	proven-static-owner	native-object-data	unit	unit:u00D	unit-default-active:u00D				1	initializer/protected-data-only	H,xD				
A086	Death And Decay	custom	AUdd	native-object-owned+normalized-script	proven-static-owner	native+normalized-script	unit	unit:u00D				production-unit-special-mechanics.tsv	1	runtime	H,applyProtectedAbilityFieldsForJassAdd,devourAttackProc,xD	devourAttackProc	addProtectedAbility	addProtectedAbility	
A087	UND Lich King: Death Pact	custom	AUdp	unused-orphaned	proven-unused	unused							0	initializer/protected-data-only	H				custom ability subgraph has no reachable effective unit/item association, normalized semantic root, readable runtime reference, protected overlay, or engine-implicit role
A088	Item Damage Bonus	custom	AItx	runtime-granted-normalized	proven-normalized-runtime	normalized-script						runtime-system-mechanics.tsv	0	runtime	H,onChaosPortalUnitSummoned	onChaosPortalUnitSummoned	addProtectedAbility	addProtectedAbility	
A089	Item Armor Bonus	custom	AId3	runtime-granted-normalized	proven-normalized-runtime	normalized-script						runtime-system-mechanics.tsv	0	runtime	H,onChaosPortalUnitSummoned	onChaosPortalUnitSummoned	addProtectedAbility	addProtectedAbility	
A08A	Item Temporary Area Armor Bonus	custom	AIdb	scripted-normalized	proven-normalized-runtime	normalized-script						building-spell-mechanics.tsv	0	runtime	H,PK	PK	dummyCastImmediateFrom1		
A08B	Parasite	custom	ACpa	native-object-owned+normalized-script	proven-static-owner	native+normalized-script	building	building:h08P	unit-default-active:h08P			building-spell-mechanics.tsv	1	runtime	H,LK,xD	LK			
A08C	NEL: Obelisk Of Wilderness (spell resist)	custom	AIsr	runtime-granted-normalized	proven-normalized-runtime	normalized-script						building-spell-mechanics.tsv,runtime-system-mechanics.tsv	0	runtime	DamageListener_addListener_doAfter_ObeliskOfLight_onEvent_addListener_doAfter_ObeliskOfLight,H,applyWildernessObeliskBuff,hasWildernessObeliskBuff	DamageListener_addListener_doAfter_ObeliskOfLight_onEvent_addListener_doAfter_ObeliskOfLight,applyWildernessObeliskBuff,hasWildernessObeliskBuff	addProtectedAbility,unit_getAbilityLevel,unit_removeAbility	addProtectedAbility	
A08D	Hardened Skin	custom	Assk	runtime-granted-normalized	proven-normalized-runtime	normalized-script						building-spell-mechanics.tsv,runtime-system-mechanics.tsv	0	runtime	DamageListener_addListener_doAfter_ObeliskOfLight_onEvent_addListener_doAfter_ObeliskOfLight,H,applyWildernessObeliskBuff,hasWildernessObeliskBuff	DamageListener_addListener_doAfter_ObeliskOfLight_onEvent_addListener_doAfter_ObeliskOfLight,applyWildernessObeliskBuff,hasWildernessObeliskBuff	addProtectedAbility,unit_getAbilityLevel,unit_removeAbility	addProtectedAbility	
A08E	NEL: Obelisk of Wilderness	custom	ACpa	native-object-owned+normalized-script	proven-static-owner	native+normalized-script	building	building:h07H	unit-default-active:h07H			building-spell-mechanics.tsv	1	runtime	H,LK,xD	LK			
A08F	Endurance Aura	custom	AOae	runtime-granted-normalized	proven-normalized-runtime	normalized-script						building-spell-mechanics.tsv,runtime-system-mechanics.tsv	0	runtime	DamageListener_addListener_doAfter_ObeliskOfLight_onEvent_addListener_doAfter_ObeliskOfLight,H,applyWildernessObeliskBuff	DamageListener_addListener_doAfter_ObeliskOfLight_onEvent_addListener_doAfter_ObeliskOfLight,applyWildernessObeliskBuff	addProtectedAbility,unit_removeAbility	addProtectedAbility	
A08G	Repair	custom	Ahrp	native-object-owned	proven-static-owner	native-object-data	unit	unit:X089,unit:h089	unit-default-active:X089,unit-default-active:h089				0	initializer/protected-data-only	H				
A08H	Channel	custom	ANcl	native-object-owned+normalized-script	proven-static-owner	native+normalized-script	unit	unit:n01C,unit:n021				building-spell-mechanics.tsv,unit-spell-mechanics.tsv	0	runtime	ForGroupCallback_forUnitsInRange_RaceElementalAbilities_callback_forUnitsInRange_RaceElementalAbilities,ForGroupCallback_forUnitsInRange_RaceNelfAbilities_callback_forUnitsInRange_RaceNelfAbilities,ForGroupCallback_forUnitsInRange_RaceNorthernAbilities_callback_forUnitsInRange_RaceNorthernAbilities,ForGroupCallback_forUnitsInRange_doAfter_RaceChaosAbilities_callback_forUnitsInRange_doAfter_RaceChaosAbilities,ForGroupCallback_forUnitsInRange_doAfter_RaceMechAbilities_callback_forUnitsInRange_doAfter_RaceMechAbilities,ForGroupCallback_forUnitsInRect_RaceCorruptedAbilities_callback_forUnitsInRect_RaceCorruptedAbilities,ForGroupCallback_forUnitsInRect_SpellHelpers_callback_forUnitsInRect_SpellHelpers,ForGroupCallback_forUnitsInRect_SpellHelpers_callback_forUnitsInRect_SpellHelpers1,H,PK,isDispellableEnemyOf,isNotTentacle	ForGroupCallback_forUnitsInRange_RaceElementalAbilities_callback_forUnitsInRange_RaceElementalAbilities,ForGroupCallback_forUnitsInRange_RaceNelfAbilities_callback_forUnitsInRange_RaceNelfAbilities,ForGroupCallback_forUnitsInRange_RaceNorthernAbilities_callback_forUnitsInRange_RaceNorthernAbilities,ForGroupCallback_forUnitsInRange_doAfter_RaceChaosAbilities_callback_forUnitsInRange_doAfter_RaceChaosAbilities,ForGroupCallback_forUnitsInRange_doAfter_RaceMechAbilities_callback_forUnitsInRange_doAfter_RaceMechAbilities,ForGroupCallback_forUnitsInRect_RaceCorruptedAbilities_callback_forUnitsInRect_RaceCorruptedAbilities,ForGroupCallback_forUnitsInRect_SpellHelpers_callback_forUnitsInRect_SpellHelpers,ForGroupCallback_forUnitsInRect_SpellHelpers_callback_forUnitsInRect_SpellHelpers1,PK,isDispellableEnemyOf,isNotTentacle	__wurst_safe_GetUnitAbilityLevel,unit_getAbilityLevel		
A08I	Bash	custom	ACbh	native-object-owned	proven-static-owner	native-object-data	unit	unit:n022					0	initializer/protected-data-only	H				
A08J	Bash	custom	ACbh	native-object-owned	proven-static-owner	native-object-data	unit	unit:n023					0	initializer/protected-data-only	H				
A08K	ZZZauberschaden-Reduzierung	custom	AIsr	scripted-normalized	proven-normalized-runtime	normalized-script						building-spell-mechanics.tsv,runtime-system-mechanics.tsv	0	runtime	H,applyWildernessObeliskBuff,hasNoPowerArmorExclusion	applyWildernessObeliskBuff,hasNoPowerArmorExclusion	unit_getAbilityLevel		
A08L	Item Armor Bonus	custom	AId4	runtime-granted-normalized	proven-normalized-runtime	normalized-script						building-spell-mechanics.tsv,runtime-system-mechanics.tsv	0	runtime	DamageListener_addListener_doAfter_ObeliskOfLight_onEvent_addListener_doAfter_ObeliskOfLight,H,ceremonialTotemSpell	DamageListener_addListener_doAfter_ObeliskOfLight_onEvent_addListener_doAfter_ObeliskOfLight,ceremonialTotemSpell	addProtectedAbility,unit_removeAbility	addProtectedAbility	
A08M	Evasion	custom	ACev	runtime-granted-normalized	proven-normalized-runtime	normalized-script						building-spell-mechanics.tsv,runtime-system-mechanics.tsv	0	runtime	DamageListener_addListener_doAfter_ObeliskOfLight_onEvent_addListener_doAfter_ObeliskOfLight,H,ceremonialTotemSpell	DamageListener_addListener_doAfter_ObeliskOfLight_onEvent_addListener_doAfter_ObeliskOfLight,ceremonialTotemSpell	addProtectedAbility,unit_removeAbility	addProtectedAbility	
A08N	Sphere	custom	Asph	native-object-owned	proven-static-owner	native-object-data	building	building:h092					0	initializer/protected-data-only	H				
A08O	Spell Damage Reduction	custom	AIsr	native-object-owned+normalized-script	proven-static-owner	native+normalized-script	unit	unit:o00B				runtime-system-mechanics.tsv	0	runtime	H,hasNoPowerArmorExclusion	hasNoPowerArmorExclusion	unit_getAbilityLevel		
A08P	Slow Aura	custom	Aasl	native-object-owned	proven-static-owner	native-object-data	unit	unit:o00B					0	initializer/protected-data-only	H				
A08Q	Damage 200	custom	ACf3	protected-runtime-overlay	protected-overlay-only	protected-field-overlay							1	initializer/protected-data-only	H,xD				
A08R	Demolish	custom	ANde	runtime-granted-normalized	proven-normalized-runtime	normalized-script						building-spell-mechanics.tsv,runtime-system-mechanics.tsv	0	runtime	DamageListener_addListener_doAfter_ObeliskOfLight_onEvent_addListener_doAfter_ObeliskOfLight,H,ceremonialTotemSpell	DamageListener_addListener_doAfter_ObeliskOfLight_onEvent_addListener_doAfter_ObeliskOfLight,ceremonialTotemSpell	addProtectedAbility,unit_removeAbility	addProtectedAbility	
A08S	Entangling Roots	custom	Aenr	protected-runtime-overlay	protected-overlay-only	protected-field-overlay							1	initializer/protected-data-only	H,xD				
A08T	NEL: Starfall (-na)	custom	AEsf	scripted-normalized	proven-normalized-runtime	normalized-script						building-spell-mechanics.tsv	1	runtime	H,setArtilleryModeAbilityIds,xD	setArtilleryModeAbilityIds			
A08U	HEL: Dragonhawk (SolarStrike)	custom	AHtb	scripted-normalized	proven-normalized-runtime	normalized-script						unit-spell-mechanics.tsv,unit-spell-semantics.tsv	1	runtime	H,checkAllMigratedVisionDummyOrders,solarStrikeSpell,xD	solarStrikeSpell	dummyCastTargetWithVision		
A08V	Parasite	custom	ACpa	native-object-owned+normalized-script	proven-static-owner	native+normalized-script	unit	unit:n01Y	unit-default-active:n01Y			unit-spell-mechanics.tsv,unit-spell-semantics.tsv	1	runtime	BK,H,xD	BK			
A08W	Bloodlust	custom	ACbl	protected-runtime-overlay	protected-overlay-only	protected-field-overlay							1	initializer/protected-data-only	H,xD				
A08X	Channel	custom	ANcl	native-object-owned	proven-static-owner	native-object-data	unit	unit:u00D					0	initializer/protected-data-only	H				
A08Y	Scroll of Stone Trigger	custom	ANcl	native-object-owned+normalized-script	proven-static-owner	native+normalized-script	item	item:I005				item-mechanics.tsv	0	runtime	EventListener_add_BuildingCatalogE2E_onEvent_add_BuildingCatalogE2E11,H,buildingCatalogPointItemAbilityId,gL	buildingCatalogPointItemAbilityId,gL	EventListener_addSpellInternal		
A08Z	MEH: Iron Golem (bash)	custom	ACbh	native-object-owned	proven-static-owner	native-object-data	unit	unit:n01X					0	initializer/protected-data-only	H				
A090	Bash 2	custom	ACbh	native-object-owned	proven-static-owner	native-object-data	unit	unit:h074,unit:n024					0	initializer/protected-data-only	H				
A091	Pulverize	custom	ACpv	native-object-owned	proven-static-owner	native-object-data	unit	unit:n01X					0	initializer/protected-data-only	H				
A092	Pulverize	custom	ACpv	native-object-owned	proven-static-owner	native-object-data	unit	unit:n024					0	initializer/protected-data-only	H				
A093	Spell Damage Reduction	custom	AIsr	native-object-owned+normalized-script	proven-static-owner	native+normalized-script	unit	unit:n01X,unit:n02Y				runtime-system-mechanics.tsv	0	runtime	H,hasNoPowerArmorExclusion	hasNoPowerArmorExclusion	unit_getAbilityLevel		
A094	Cleaving Attack	custom	ACce	native-object-owned	proven-static-owner	native-object-data	unit	unit:n01T					0	initializer/protected-data-only	H				
A095	Parasite	custom	ACpa	native-object-owned+normalized-script	proven-static-owner	native+normalized-script	unit	unit:h06U	unit-default-active:h06U			unit-spell-mechanics.tsv,unit-spell-semantics.tsv	1	runtime	FK,H,xD	FK	EventListener_addSpellInternal		
A096	MECCCC	custom	Amb2	protected-runtime-overlay	protected-overlay-only	protected-field-overlay							1	initializer/protected-data-only	H,xD				
A097	AOE damage upon death	custom	Amnx	native-object-owned	proven-static-owner	native-object-data	unit	unit:n025					0	initializer/protected-data-only	H				
A098	Mine - exploding	custom	Amin	native-object-owned	proven-static-owner	native-object-data	unit	unit:n025					0	initializer/protected-data-only	H				
A099	Kaboom!	custom	Asds	native-object-owned	proven-static-owner	native-object-data	unit	unit:n01V	unit-default-active:n01V				0	initializer/protected-data-only	H				
A09A	Check Range	custom	Absk	control-ui-helper	proven-runtime-infrastructure	control-helper	building	building:h006,building:h00G,building:h010,building:h014,building:h01O,building:h03Q,building:h05L,building:h061,building:h073,building:h076,building:h07E,building:h07P,building:h07V,building:h081,building:h082,building:h09T,building:n01J,building:n02D,building:o000					1	runtime	AN,H,xD	AN	EventListener_addSpellInternal		Tower Range UI/control ability; AN registers its cast listener, whose callback only resolves and displays tower range
A09B	AOE damage upon death	custom	Amnx	native-object-owned+normalized-script	proven-static-owner	native+normalized-script	unit	unit:n01T				runtime-system-mechanics.tsv	0	runtime	Ed,H	Ed	__wurst_safe_SetUnitAbilityLevel		
A09C	Item Attack Speed Bonus	custom	AIs2	native-object-owned+normalized-script	proven-static-owner	native+normalized-script	unit	unit:n01T				runtime-system-mechanics.tsv	0	runtime	Ed,H	Ed	__wurst_safe_GetUnitAbilityLevel,__wurst_safe_SetUnitAbilityLevel		
A09D	Parasite	custom	ACpa	native-object-owned+normalized-script	proven-static-owner	native+normalized-script	unit	unit:z001,unit:z003	unit-default-active:z001,unit-default-active:z003			unit-spell-mechanics.tsv,unit-spell-semantics.tsv	1	runtime	FK,H,xD	FK			
A09E	Thunder Clap	custom	AHtc	scripted-normalized	proven-normalized-runtime	normalized-script						unit-spell-mechanics.tsv,unit-spell-semantics.tsv	1	runtime	CallbackSingle_doAfter_RaceMechAbilities_call_doAfter_RaceMechAbilities2,H,xD	CallbackSingle_doAfter_RaceMechAbilities_call_doAfter_RaceMechAbilities2	dummyCarrierCastImmediate		
A09F	MEH: Rocket Tank (rockets)	custom	Apxf	native-object-owned	proven-static-owner	native-object-data	unit	unit:h098					0	initializer/protected-data-only	H				
A09G	Gold Coin Trigger	custom	ANcl	unused-orphaned	proven-unused	unused							0	initializer/protected-data-only	H				custom ability subgraph has no reachable effective unit/item association, normalized semantic root, readable runtime reference, protected overlay, or engine-implicit role
A09H	TypeMurloc	custom	ANcl	native-object-owned+normalized-script	proven-static-owner	native+normalized-script	unit	unit:n003,unit:n00I,unit:n00J,unit:n00K,unit:n00T,unit:n00U,unit:n01N,unit:n01W				runtime-system-mechanics.tsv	0	runtime	EventListener_add_CompanionSpawning_onEvent_add_CompanionSpawning,H,dE,spawnSyncedCompanions	EventListener_add_CompanionSpawning_onEvent_add_CompanionSpawning,dE,spawnSyncedCompanions	unit_getAbilityLevel		
A09I	Bash	custom	ACbh	native-object-owned	proven-static-owner	native-object-data	unit	unit:h06Q					0	initializer/protected-data-only	H				
A09J	Bash	custom	ACbh	native-object-owned	proven-static-owner	native-object-data	unit	unit:h06R					0	initializer/protected-data-only	H				
A09K	MEH: Gobbo Machinist (repair)	custom	Ahrp	native-object-owned+normalized-script	proven-static-owner	native+normalized-script	unit	unit:n01U				runtime-system-mechanics.tsv	0	runtime	H,onSummonedUnit,onUnitTrained	onSummonedUnit,onUnitTrained	unit_getAbilityLevel		
A09L	Devotion Aura	custom	AHad	runtime-granted-normalized	proven-normalized-runtime	normalized-script						building-spell-mechanics.tsv,runtime-system-mechanics.tsv	0	runtime	DamageListener_addListener_doAfter_ObeliskOfLight_onEvent_addListener_doAfter_ObeliskOfLight,ForGroupCallback_forUnitsInRect_RaceMechAbilities_callback_forUnitsInRect_RaceMechAbilities,H,Od,Vd,blueShieldSpell,hasShield,nd,redShieldSpell	DamageListener_addListener_doAfter_ObeliskOfLight_onEvent_addListener_doAfter_ObeliskOfLight,ForGroupCallback_forUnitsInRect_RaceMechAbilities_callback_forUnitsInRect_RaceMechAbilities,Od,Vd,blueShieldSpell,hasShield,nd,redShieldSpell	__wurst_safe_GetUnitAbilityLevel,__wurst_safe_SetUnitAbilityLevel,__wurst_safe_UnitRemoveAbility,addProtectedAbility,unit_getAbilityLevel,unit_removeAbility	addProtectedAbility	
A09M	Stacking Life Bonus	custom	AIl1	runtime-granted-normalized	proven-normalized-runtime	normalized-script						runtime-system-mechanics.tsv	0	runtime	H,applyPowerArmor	applyPowerArmor	__wurst_safe_SetUnitAbilityLevel,addProtectedAbility,unit_removeAbility	addProtectedAbility	
A09N	Parasite	custom	ACpa	native-object-owned+normalized-script	proven-static-owner	native+normalized-script	building	building:h06J	unit-default-active:h06J			building-spell-mechanics.tsv	1	runtime	FK,H,xD	FK			
A09O	Parasite	custom	ACpa	native-object-owned+normalized-script	proven-static-owner	native+normalized-script	building	building:h05R	unit-default-active:h05R			building-spell-mechanics.tsv	1	runtime	FK,H,xD	FK			
A09P	Brilliance Aura	custom	AHab	runtime-granted-normalized	proven-normalized-runtime	normalized-script						runtime-system-mechanics.tsv	0	runtime	H,registerPowerPlant	registerPowerPlant	addProtectedAbility	addProtectedAbility	
A09Q	Item Armor Bonus	custom	AId2	runtime-granted-normalized	proven-normalized-runtime	normalized-script						runtime-system-mechanics.tsv	0	runtime	DamageListener_addListener_doAfter_ObeliskOfLight_onEvent_addListener_doAfter_ObeliskOfLight,H,KE,applyPowerArmor	DamageListener_addListener_doAfter_ObeliskOfLight_onEvent_addListener_doAfter_ObeliskOfLight,KE,applyPowerArmor	addProtectedAbility,unit_removeAbility	addProtectedAbility	
A09R	Command Aura	custom	ACac	runtime-granted-normalized	proven-normalized-runtime	normalized-script						runtime-system-mechanics.tsv	0	runtime	CallbackSingle_doAfter_add_FireElemental_call_doAfter_add_FireElemental,DamageListener_addListener_doAfter_ObeliskOfLight_onEvent_addListener_doAfter_ObeliskOfLight,H,KE,applyPowerArmor	CallbackSingle_doAfter_add_FireElemental_call_doAfter_add_FireElemental,DamageListener_addListener_doAfter_ObeliskOfLight_onEvent_addListener_doAfter_ObeliskOfLight,KE,applyPowerArmor	addProtectedAbility,unit_getAbilityLevel,unit_removeAbility	addProtectedAbility	
A09S	Power Armor	custom	AHad	runtime-granted-normalized	proven-normalized-runtime	normalized-script						runtime-system-mechanics.tsv	0	runtime	H,registerPowerPlant	registerPowerPlant	addProtectedAbility	addProtectedAbility	
A09T	Chain Lightning	custom	ACcl	runtime-granted-normalized	proven-normalized-runtime	normalized-script						runtime-system-mechanics.tsv	1	runtime	H,applyProtectedAbilityFieldsForJassAdd,h05LAttackProc,xD	h05LAttackProc	addProtectedAbility	addProtectedAbility	
A09U	Moon Glaive	custom	Amgl	native-object-owned	proven-static-owner	native-object-data	building	building:h05L					0	initializer/protected-data-only	H				
A09V	War Drums	custom	Aakb	runtime-granted-normalized	proven-normalized-runtime	normalized-script						runtime-system-mechanics.tsv	0	runtime	H,registerPowerPlant	registerPowerPlant	addProtectedAbility	addProtectedAbility	
A09W	Slow Poison	custom	Aspo	native-object-owned	proven-static-owner	native-object-data	unit	unit:n01P,unit:n01Q					0	initializer/protected-data-only	H				
A09X	Parasite	custom	ACpa	native-object-owned+normalized-script	proven-static-owner	native+normalized-script	building	building:h00N	unit-default-active:h00N			building-spell-mechanics.tsv	1	runtime	H,HK,xD	HK			
A09Y	Hardened Skin	custom	Assk	native-object-owned	proven-static-owner	native-object-data	unit	unit:h099					0	initializer/protected-data-only	H				
A09Z	Hardened Skin	custom	Assk	native-object-owned	proven-static-owner	native-object-data	unit	unit:h06S,unit:h098					0	initializer/protected-data-only	H				
A0A0	Hardened Skin	custom	Assk	native-object-owned	proven-static-owner	native-object-data	unit	unit:h06T,unit:h06U					0	initializer/protected-data-only	H				
A0A1	Sphere	custom	Asph	native-object-indirect	proven-structured-indirect	native-object-data				A00J:spb1			0	initializer/protected-data-only	H				
A0A2	Sphere	custom	Asph	native-object-indirect	proven-structured-indirect	native-object-data				A00J:spb1			0	initializer/protected-data-only	H				
A0A3	AOE damage upon death	custom	Amnx	native-object-owned	proven-static-owner	native-object-data	unit	unit:n01V					0	initializer/protected-data-only	H				
A0A4	Sphere	custom	Asph	native-object-indirect	proven-structured-indirect	native-object-data				A00J:spb1			0	initializer/protected-data-only	H				
A0A5	Issue buy order	custom	Aspb	control-ui-helper	proven-runtime-infrastructure	control-helper							0	runtime	BD,H,completeRoundStart,main,markBuilderSharedControl	BD,completeRoundStart,main,markBuilderSharedControl	addProtectedAbility,unit_getAbilityLevel	addProtectedAbility	
A0A6	Infostealer's (spell steal)	custom	Asps	native-object-owned	proven-static-owner	native-object-data	unit	unit:o00F	unit-default-active:o00F				1	initializer/protected-data-only	H,xD				
A0A7	Heal	custom	Ahea	native-object-owned+normalized-script	proven-static-owner	native+normalized-script	unit	unit:h07B	unit-default-active:h07B			unit-spell-mechanics.tsv,unit-spell-semantics.tsv	1	runtime	BK,H,xD	BK			
A0A8	HEL: Sorceress (healing wave)	custom	AChv	scripted-normalized	proven-normalized-runtime	normalized-script						unit-spell-mechanics.tsv,unit-spell-semantics.tsv	1	runtime	H,UnitSpellClosure_registerUnitSpellWithTargetOrder_RaceElvenAbilities_cast_registerUnitSpellWithTargetOrder_RaceElvenAbilities1,xD	UnitSpellClosure_registerUnitSpellWithTargetOrder_RaceElvenAbilities_cast_registerUnitSpellWithTargetOrder_RaceElvenAbilities1	dummyCastTargetFrom		
A0A9	Melee Lightning Damage Bonus	custom	AIlx	native-object-owned	proven-static-owner	native-object-data	unit	unit:h07B					0	initializer/protected-data-only	H				
A0AA	Chain Lightning	custom	ACcl	native-object-indirect	proven-structured-indirect	native-object-data				A0A9:Iobu			1	initializer/protected-data-only	H,xD				
A0AB	Cripple	custom	Acri	native-object-indirect	proven-structured-indirect	native-object-data				A0AC:Iobu			1	initializer/protected-data-only	H,xD				
A0AC	Item Attack Lightning Bonus (new)	custom	AIll	native-object-owned	proven-static-owner	native-object-data	unit	unit:n027					0	initializer/protected-data-only	H				
A0AD	Cleaving Attack	custom	ACce	native-object-owned	proven-static-owner	native-object-data	unit	unit:h074,unit:n027					0	initializer/protected-data-only	H				
A0AE	Parasite	custom	ACpa	native-object-owned+normalized-script	proven-static-owner	native+normalized-script	unit	unit:n027	unit-default-active:n027			unit-spell-mechanics.tsv,unit-spell-semantics.tsv	1	runtime	H,oK,xD	oK			
A0AF	Impale	custom	ACmp	scripted-normalized	proven-normalized-runtime	normalized-script						unit-spell-mechanics.tsv,unit-spell-semantics.tsv	1	runtime	H,annihilatorSpell,xD	annihilatorSpell	dummyCastPointFrom		
A0AG	Critical Strike	custom	ACct	native-object-owned	proven-static-owner	native-object-data	unit	unit:n027,unit:n02G					0	initializer/protected-data-only	H				
A0AH	Spell Resist (legendary)	custom	AIsr	native-object-owned+normalized-script	proven-static-owner	native+normalized-script	unit	unit:e004,unit:e00C,unit:h00W,unit:h03V,unit:h074,unit:n01P,unit:n027,unit:n02G,unit:n02I,unit:n034,unit:n03O,unit:u00D				building-spell-mechanics.tsv,runtime-system-mechanics.tsv	0	runtime	H,applyWildernessObeliskBuff,hasNoPowerArmorExclusion	applyWildernessObeliskBuff,hasNoPowerArmorExclusion	unit_getAbilityLevel		
A0AI	Spell Damage Reduction	custom	AIsr	native-object-owned+normalized-script	proven-static-owner	native+normalized-script	unit	unit:n024,unit:n02J,unit:n02K,unit:n02L				building-spell-mechanics.tsv,runtime-system-mechanics.tsv	0	runtime	H,applyWildernessObeliskBuff,hasNoPowerArmorExclusion	applyWildernessObeliskBuff,hasNoPowerArmorExclusion	unit_getAbilityLevel		
A0AJ	Spiked Barricades	custom	Aspi	unused-orphaned	proven-unused	unused							0	initializer/protected-data-only	H				custom ability subgraph has no reachable effective unit/item association, normalized semantic root, readable runtime reference, protected overlay, or engine-implicit role
A0AK	NOR: Chilling Mushroom	custom	AHtb	scripted-normalized	proven-normalized-runtime	normalized-script						building-spell-mechanics.tsv	1	runtime	H,mushroomSpell,xD	mushroomSpell	dummyCastTargetWithVision		
A0AL	HEL: Blademaster (spell resist)	custom	AIsr	native-object-owned+normalized-script	proven-static-owner	native+normalized-script	unit	unit:n006				runtime-system-mechanics.tsv	0	runtime	H,hasNoPowerArmorExclusion	hasNoPowerArmorExclusion	unit_getAbilityLevel		
A0AN	HEL: Elder Blademaster (spell resist)	custom	AIsr	native-object-owned+normalized-script	proven-static-owner	native+normalized-script	unit	unit:n00Y				runtime-system-mechanics.tsv	0	runtime	H,hasNoPowerArmorExclusion	hasNoPowerArmorExclusion	unit_getAbilityLevel		
A0AO	NAT: Black Spider (slow poison)	custom	Aven	native-object-owned	proven-static-owner	native-object-data	unit	unit:n00U					0	initializer/protected-data-only	H				
A0AP	NAT: Giant Spider (slow poison)	custom	Aven	native-object-owned	proven-static-owner	native-object-data	unit	unit:n01N					0	initializer/protected-data-only	H				
A0AQ	NAT: Giant Spider (spawn forest spiders)	custom	Aspy	native-object-owned	proven-static-owner	native-object-data	unit	unit:n01N					0	initializer/protected-data-only	H				
A0AR	NAT: Giant Spider (Web)	custom	Aweb	native-object-owned	proven-static-owner	native-object-data	unit	unit:n01N	unit-default-active:n01N				1	initializer/protected-data-only	H,xD				
A0AS	NAT: Brood Mother (Web)	custom	Aweb	native-object-owned+normalized-script	proven-static-owner	native+normalized-script	unit	unit:n01W				unit-spell-semantics.tsv	1	initializer/protected-data-only	H,xD				
A0AT	NAT: Brood Mother (slow poison)	custom	Aven	native-object-owned	proven-static-owner	native-object-data	unit	unit:n01W					0	initializer/protected-data-only	H				
A0AU	NAT: Brood Mother (spawn giant spiders)	custom	Aspy	native-object-owned	proven-static-owner	native-object-data	unit	unit:n01W					0	initializer/protected-data-only	H				
A0AV	NAT: Brood Mother (infest)	custom	ACpa	native-object-owned+normalized-script	proven-static-owner	native+normalized-script	unit	unit:n01W	unit-default-active:n01W			unit-spell-mechanics.tsv,unit-spell-semantics.tsv	1	runtime	H,JK,xD	JK			
A0AW	NAT: Furbolg Shaman (rejuvenation)	custom	Arej	scripted-normalized	proven-normalized-runtime	normalized-script						unit-spell-mechanics.tsv,unit-spell-semantics.tsv	1	runtime	H,UnitSpellClosure_registerUnitSpellWithTargetOrder_RaceNatureAbilities_cast_registerUnitSpellWithTargetOrder_RaceNatureAbilities,xD	UnitSpellClosure_registerUnitSpellWithTargetOrder_RaceNatureAbilities_cast_registerUnitSpellWithTargetOrder_RaceNatureAbilities	dummyCastTargetFrom1		
A0AX	NAT: Furbolg Elder Shaman (rejuvenation)	custom	Arej	scripted-normalized	proven-normalized-runtime	normalized-script						unit-spell-mechanics.tsv,unit-spell-semantics.tsv	1	runtime	H,UnitSpellClosure_registerUnitSpellWithTargetOrder_RaceNatureAbilities_cast_registerUnitSpellWithTargetOrder_RaceNatureAbilities1,xD	UnitSpellClosure_registerUnitSpellWithTargetOrder_RaceNatureAbilities_cast_registerUnitSpellWithTargetOrder_RaceNatureAbilities1	dummyCastTargetFrom1		
A0AY	NAT: Dryad (spell resist)	custom	AIsr	native-object-owned+normalized-script	proven-static-owner	native+normalized-script	unit	unit:e006				runtime-system-mechanics.tsv	0	runtime	H,hasNoPowerArmorExclusion	hasNoPowerArmorExclusion	unit_getAbilityLevel		
A0AZ	NAT: Keeper of the Groove (spell resist)	custom	AIsr	native-object-owned+normalized-script	proven-static-owner	native+normalized-script	unit	unit:e009,unit:n02X				runtime-system-mechanics.tsv	0	runtime	H,hasNoPowerArmorExclusion	hasNoPowerArmorExclusion	unit_getAbilityLevel		
A0B0	NAT: Ancient Keeper (natures aura)	custom	ACua	native-object-owned	proven-static-owner	native-object-data	unit	unit:e00C					0	initializer/protected-data-only	H				
A0B1	NAT: Bear (bash)	custom	ACbh	native-object-owned	proven-static-owner	native-object-data	unit	unit:n029					0	initializer/protected-data-only	H				
A0B2	NAT: Ancient Bear (bash)	custom	ACbh	native-object-owned	proven-static-owner	native-object-data	unit	unit:n02B					0	initializer/protected-data-only	H				
A0B3	NAT: Bear (critical strike)	custom	ACct	native-object-owned	proven-static-owner	native-object-data	unit	unit:n029					0	initializer/protected-data-only	H				
A0B4	NAT: Ancient Bear (critical strike)	custom	ACct	native-object-owned	proven-static-owner	native-object-data	unit	unit:n02B					0	initializer/protected-data-only	H				
A0B5	Bloodlust	custom	ACbb	scripted-normalized	proven-normalized-runtime	normalized-script						production-unit-special-mechanics.tsv	1	runtime	H,applyProtectedAbilityFieldsForJassAdd,handleTargetDamageEffects,xD	handleTargetDamageEffects	feralRage		
A0B6	Bloodlust	custom	ACbb	scripted-normalized	proven-normalized-runtime	normalized-script						production-unit-special-mechanics.tsv	1	runtime	H,applyProtectedAbilityFieldsForJassAdd,handleTargetDamageEffects,xD	handleTargetDamageEffects	feralRage		
A0B7	NAT: Bear (feral rage)	custom	Ainf	scripted-normalized	proven-normalized-runtime	normalized-script						production-unit-special-mechanics.tsv	1	runtime	H,applyProtectedAbilityFieldsForJassAdd,handleTargetDamageEffects,xD	handleTargetDamageEffects	feralRage		
A0B8	NAT: Ancient Bear (feral rage)	custom	Ainf	scripted-normalized	proven-normalized-runtime	normalized-script						production-unit-special-mechanics.tsv	1	runtime	H,applyProtectedAbilityFieldsForJassAdd,handleTargetDamageEffects,xD	handleTargetDamageEffects	feralRage		
A0B9	COR: Void Keeper (Incinerate)	custom	ANic	native-object-owned	proven-static-owner	native-object-data	unit	unit:n01A					0	initializer/protected-data-only	H				
A0BA	NAT: Emerald Dragon (corrosive breath (poison))	custom	Aven	unused-orphaned	proven-unused	unused							0	initializer/protected-data-only	H				custom ability subgraph has no reachable effective unit/item association, normalized semantic root, readable runtime reference, protected overlay, or engine-implicit role
A0BB	NAT: Emerald Dragon (armor reduce)	custom	AIcb	unused-orphaned	proven-unused	unused							0	initializer/protected-data-only	H				custom ability subgraph has no reachable effective unit/item association, normalized semantic root, readable runtime reference, protected overlay, or engine-implicit role
A0BC	NAT: Mounatin Giant (Grab Tree)	custom	Agra	native-object-owned+normalized-script	proven-static-owner	native+normalized-script	unit	unit:e00F				production-unit-special-mechanics.tsv	1	initializer/protected-data-only	H,xD				
A0BD	NAT: Ancient of Gale	custom	ANto	scripted-normalized	proven-normalized-runtime	normalized-script						building-spell-mechanics.tsv	1	runtime	H,kE,setArtilleryModeAbilityIds,xD	kE,setArtilleryModeAbilityIds			
A0BE	NAT: Mountain Giant (hardened skin)	custom	Assk	native-object-owned	proven-static-owner	native-object-data	unit	unit:e00F					0	initializer/protected-data-only	H				
A0BF	NAT: Mountain Giant (damage reduce %)	custom	AUts	native-object-owned	proven-static-owner	native-object-data	unit	unit:e00F					0	initializer/protected-data-only	H				
A0BG	Channel	custom	ANcl	runtime-granted-normalized	proven-normalized-runtime	normalized-script						runtime-system-mechanics.tsv	0	runtime	EC,H,checkCagedPathingMarker,checkUncagedPathingPulse,trackTrainedUnitPathing	EC,checkCagedPathingMarker,checkUncagedPathingPulse,trackTrainedUnitPathing	__wurst_safe_GetUnitAbilityLevel,addProtectedAbility,unit_removeAbility	addProtectedAbility	
A0BH	NAT: Mountain Giant (pulverize)	custom	ACpv	native-object-owned	proven-static-owner	native-object-data	unit	unit:e00F					0	initializer/protected-data-only	H				
A0BI	NAT: Mountain Giant (taunt)	custom	Atau	native-object-owned+normalized-script	proven-static-owner	native+normalized-script	unit	unit:e00F				unit-spell-semantics.tsv	1	initializer/protected-data-only	H,xD				
A0BJ	NAT: Mountain Giant (taunt dummy)	custom	ACpa	native-object-owned+normalized-script	proven-static-owner	native+normalized-script	unit	unit:e00F	unit-default-active:e00F			unit-spell-mechanics.tsv,unit-spell-semantics.tsv	1	runtime	H,JK,xD	JK			
A0BK	NAT: Treant (thorns)	custom	ANth	native-object-owned	proven-static-owner	native-object-data	unit	unit:e00D					0	initializer/protected-data-only	H				
A0BL	NAT: Banish	custom	AHbn	scripted-normalized	proven-normalized-runtime	normalized-script						building-spell-mechanics.tsv	1	runtime	H,banishGuardianSpell,checkAllMigratedVisionDummyOrders,magicRuinSpell,xD	banishGuardianSpell,magicRuinSpell	chaosControlDummy,dummyCastTargetWithVision		
A0BM	NAT: Banish (dummy)	custom	ACpa	native-object-owned+normalized-script	proven-static-owner	native+normalized-script	building	building:h02C	unit-default-active:h02C			building-spell-mechanics.tsv	1	runtime	H,JK,xD	JK			
A0BN	NAT: Ancient protector (bash)	custom	AHbh	native-object-owned	proven-static-owner	native-object-data	building	building:n02D					0	initializer/protected-data-only	H				
A0BO	NAT: Ancient of Gale (dummy)	custom	ACpa	native-object-owned+normalized-script	proven-static-owner	native+normalized-script	building	building:h02A	unit-default-active:h02A			building-spell-mechanics.tsv	1	runtime	H,JK,xD	JK			
A0BP	NAT: Ancient of Gale (dummy, -na)	custom	ACpa	protected-runtime-overlay	protected-overlay-only	protected-field-overlay							1	initializer/protected-data-only	H,xD				
A0BQ	NAT: Ancient of Gale (-na)	custom	ANto	scripted-normalized	proven-normalized-runtime	normalized-script						building-spell-mechanics.tsv	1	runtime	H,setArtilleryModeAbilityIds,xD	setArtilleryModeAbilityIds			
A0BR	NAT: Curse of Nature	custom	AHab	unused-orphaned	proven-unused	unused							0	initializer/protected-data-only	H				custom ability subgraph has no reachable effective unit/item association, normalized semantic root, readable runtime reference, protected overlay, or engine-implicit role
A0BS	NAT: Ancient of Wonders (dummy)	custom	ACpa	native-object-owned+normalized-script	proven-static-owner	native+normalized-script	building	building:h02D	unit-default-active:h02D			building-spell-mechanics.tsv,runtime-system-mechanics.tsv	1	runtime	CallbackPeriodic_doPeriodically_RaceNatureAbilities_call_doPeriodically_RaceNatureAbilities,H,JK,xD	CallbackPeriodic_doPeriodically_RaceNatureAbilities_call_doPeriodically_RaceNatureAbilities,JK	noteBuildingSpellEffectForE2e		
A0BT	NAT: Keeper of the Groove (natures touch)	custom	Ahea	native-object-owned+normalized-script	proven-static-owner	native+normalized-script	unit	unit:e009	unit-default-active:e009			unit-spell-mechanics.tsv,unit-spell-semantics.tsv	1	runtime	H,JK,xD	JK			
A0BU	NAT: Keeper of the Grove (summon treants)	custom	AOsf	native-object-owned+normalized-script	proven-static-owner	native+normalized-script	unit	unit:e009				unit-spell-semantics.tsv	1	initializer/protected-data-only	H,xD				
A0BV	NAT: Ancient Keeper (spell immune)	custom	Arsk	native-object-owned+normalized-script	proven-static-owner	native+normalized-script	unit	unit:e00C,unit:h06B				building-spell-mechanics.tsv,runtime-system-mechanics.tsv	0	runtime	H,applyWildernessObeliskBuff,hasNoPowerArmorExclusion	applyWildernessObeliskBuff,hasNoPowerArmorExclusion	unit_getAbilityLevel		
A0BW	NAT: Ancient Keeper (incorporeal)	custom	ACev	native-object-owned	proven-static-owner	native-object-data	unit	unit:e00C					0	initializer/protected-data-only	H				
A0BX	NAT: Ancient Keeper (treants sprout)	custom	ACpa	native-object-owned+normalized-script	proven-static-owner	native+normalized-script	unit	unit:e00C	unit-default-active:e00C			unit-spell-mechanics.tsv,unit-spell-semantics.tsv	1	runtime	H,JK,xD	JK			
A0BY	NAT: Bear (cleaving attack)	custom	ACce	native-object-owned	proven-static-owner	native-object-data	unit	unit:n029					0	initializer/protected-data-only	H				
A0BZ	NAT: Ancient Bear (cleaving attack)	custom	ACce	native-object-owned	proven-static-owner	native-object-data	unit	unit:n02B					0	initializer/protected-data-only	H				
A0C0	NAT: Furbolg Shaman (rejuvenation (dummy))	custom	Ahea	native-object-owned+normalized-script	proven-static-owner	native+normalized-script	unit	unit:n026	unit-default-active:n026			unit-spell-mechanics.tsv,unit-spell-semantics.tsv	1	runtime	H,JK,xD	JK			
A0C1	NAT: Furbolg Elder Shaman (rejuvenation (dummy))	custom	Ahea	native-object-owned+normalized-script	proven-static-owner	native+normalized-script	unit	unit:n028	unit-default-active:n028			unit-spell-mechanics.tsv,unit-spell-semantics.tsv	1	runtime	H,JK,xD	JK			
A0C2	NAT: Furbolg Elder Shaman (manaburn orb)	custom	AIlx	native-object-owned	proven-static-owner	native-object-data	unit	unit:n028					0	initializer/protected-data-only	H				
A0C3	NAT: Furbolg Elder Shaman (manaburn)	custom	AEmb	native-object-indirect	proven-structured-indirect	native-object-data				A0C2:Iobu			1	initializer/protected-data-only	H,xD				
A0C4	Channel	custom	ANcl	native-object-owned+normalized-script	proven-static-owner	native+normalized-script	unit	unit:n029,unit:n02B				production-unit-special-mechanics.tsv	0	runtime	H,handleTargetDamageEffects,startBearHibernate	handleTargetDamageEffects,startBearHibernate	unit_getAbilityLevel,unit_removeAbility		
A0C5	Channel	custom	ANcl	native-object-owned+normalized-script	proven-static-owner	native+normalized-script	unit	unit:h03P,unit:h03R,unit:n029,unit:n02B,unit:o00E				production-unit-special-mechanics.tsv	0	runtime	H,handleTargetDamageEffects,setupUnit,vampireCharge	handleTargetDamageEffects,setupUnit,vampireCharge	addProtectedAbility,unit_getAbilityLevel,unit_removeAbility	addProtectedAbility	
A0C6	Item Life Regeneration	custom	Arll	runtime-granted-normalized	proven-normalized-runtime	normalized-script						production-unit-special-mechanics.tsv	0	runtime	H,finishBearHibernate,handleTargetDamageEffects,startBearSleep	finishBearHibernate,handleTargetDamageEffects,startBearSleep	addProtectedAbility,unit_removeAbility	addProtectedAbility	
A0C7	Item Life Regeneration	custom	Arll	runtime-granted-normalized	proven-normalized-runtime	normalized-script						production-unit-special-mechanics.tsv	0	runtime	H,finishBearHibernate,handleTargetDamageEffects,startBearSleep	finishBearHibernate,handleTargetDamageEffects,startBearSleep	addProtectedAbility,unit_removeAbility	addProtectedAbility	
A0C8	Item Damage Bonus	custom	AItx	runtime-granted-normalized	proven-normalized-runtime	normalized-script						production-unit-special-mechanics.tsv	0	runtime	H,handleSourceDamageEffects,startBearSleep	handleSourceDamageEffects,startBearSleep	addProtectedAbility,unit_removeAbility	addProtectedAbility	
A0C9	Spell Book	custom	Aspb	runtime-granted-normalized	proven-normalized-runtime	normalized-script						production-unit-special-mechanics.tsv	0	runtime	H,tornadoStackProc	tornadoStackProc	__wurst_safe_SetUnitAbilityLevel,addProtectedAbility,unit_getAbilityLevel	addProtectedAbility	
A0CA	Slow Aura	custom	Aasl	native-object-indirect	proven-structured-indirect	native-object-data				A0C9:spb1			0	initializer/protected-data-only	H				
A0CB	Item Armor Bonus	custom	AId1	scripted-normalized	proven-normalized-runtime	normalized-script				A0C9:spb1		production-unit-special-mechanics.tsv	0	initializer/protected-data-only	H				
A0CC	Item Armor Bonus	custom	AId1	scripted-normalized	proven-normalized-runtime	normalized-script				A0C9:spb1		production-unit-special-mechanics.tsv	0	initializer/protected-data-only	H				
A0CD	Item Armor Bonus	custom	AId1	scripted-normalized	proven-normalized-runtime	normalized-script				A0C9:spb1		production-unit-special-mechanics.tsv	0	initializer/protected-data-only	H				
A0CE	Tornado (Unit Damage Aura)	custom	Atdg	native-object-owned	proven-static-owner	native-object-data	unit	unit:n02E,unit:n02F					0	initializer/protected-data-only	H				
A0CF	NAT: Mountain Giant (spell resist)	custom	AIsr	native-object-owned+normalized-script	proven-static-owner	native+normalized-script	unit	unit:e00F				runtime-system-mechanics.tsv	0	runtime	H,hasNoPowerArmorExclusion	hasNoPowerArmorExclusion	unit_getAbilityLevel		
A0CG	NEL: Faerie Dragon (heal)	custom	Ahea	native-object-owned+normalized-script	proven-static-owner	native+normalized-script	unit	unit:e000	unit-default-active:e000			unit-spell-mechanics.tsv,unit-spell-semantics.tsv	1	runtime	H,LK,xD	LK			
A0CH	ELE: Elemental Of Lightning (orb)	custom	AIlx	native-object-owned	proven-static-owner	native-object-data	unit	unit:h03P					0	initializer/protected-data-only	H				
A0CI	ELE: Greater Elemental Of Lightning (orb)	custom	AIlx	native-object-owned	proven-static-owner	native-object-data	unit	unit:h03R					0	initializer/protected-data-only	H				
A0CJ	ELE: Elemental Of Lightning (forked lightning)	custom	ACfl	native-object-indirect	proven-structured-indirect	native-object-data				A0CH:Iobu			1	initializer/protected-data-only	H,xD				
A0CK	ELE: Greater Elemental Of Lightning (forked lightning)	custom	ACfl	native-object-indirect	proven-structured-indirect	native-object-data				A0CI:Iobu			1	initializer/protected-data-only	H,xD				
A0CL	ELE: Elemental Of Fire (split)	custom	ANlm	native-object-owned	proven-static-owner	native-object-data	unit	unit:u00C					1	initializer/protected-data-only	H,xD				
A0CM	ELE: Greater Elemental Of Fire (firebreath orb)	custom	AIlx	native-object-owned	proven-static-owner	native-object-data	unit	unit:h030					0	initializer/protected-data-only	H				
A0CN	ELE: Greater Elemental Of Fire (firebreath)	custom	ACbc	native-object-indirect	proven-structured-indirect	native-object-data				A0CM:Iobu			1	initializer/protected-data-only	H,xD				
A0CO	ELE: Elemental Of Earth	custom	Awar	native-object-owned	proven-static-owner	native-object-data	unit	unit:h034					0	initializer/protected-data-only	H				
A0CP	ELE: Greater Elemental Of Earth	custom	Awar	native-object-owned	proven-static-owner	native-object-data	unit	unit:h03N					0	initializer/protected-data-only	H				
A0CQ	ELE: Elemental Of Wind (slow aura)	custom	AOae	native-object-owned	proven-static-owner	native-object-data	unit	unit:o00D					0	initializer/protected-data-only	H				
A0CR	ELE: Greater Elemental Of Wind (slow aura)	custom	AOae	native-object-owned	proven-static-owner	native-object-data	unit	unit:o00E					0	initializer/protected-data-only	H				
A0CS	ELE: Lesser Elemental Of Water (evasion)	custom	ACes	native-object-owned	proven-static-owner	native-object-data	unit	unit:h02W					0	initializer/protected-data-only	H				
A0CT	ELE: Elemental Of Water (evasion)	custom	ACes	native-object-owned	proven-static-owner	native-object-data	unit	unit:h02X					0	initializer/protected-data-only	H				
A0CU	ELE: Greater Elemental Of Water (illusions)	custom	AOmi	native-object-owned+normalized-script	proven-static-owner	native+normalized-script	unit	unit:h02Y				production-unit-special-mechanics.tsv	1	initializer/protected-data-only	H,xD				
A0CV	Channel ( Assasin Target )	custom	ANcl	native-object-owned	proven-static-owner	native-object-data	unit	unit:e001,unit:e003,unit:e004,unit:e006,unit:e007,unit:e009,unit:e00A,unit:e00B,unit:e00G,unit:e00J,unit:h00U,unit:h00W,unit:h02W,unit:h02X,unit:h02Y,unit:h03P,unit:h03R,unit:h03V,unit:h05C,unit:h07B,unit:h0A2,unit:hmtm,unit:hrif,unit:n005,unit:n008,unit:n00A,unit:n00S,unit:n014,unit:n015,unit:n019,unit:n01A,unit:n01L,unit:n01V,unit:n022,unit:n026,unit:n028,unit:n02M,unit:n02S,unit:n02T,unit:n030,unit:n035,unit:o001,unit:o003,unit:o00A,unit:o00F,unit:o00G,unit:u003,unit:u005,unit:u009,unit:u00D,unit:z000,unit:z002					0	initializer/protected-data-only	H				
A0CW	ELE: Onis Alis	custom	Asph	unused-orphaned	proven-unused	unused							0	initializer/protected-data-only	H				custom ability subgraph has no reachable effective unit/item association, normalized semantic root, readable runtime reference, protected overlay, or engine-implicit role
A0CX	ELE: Onis Coruscus	custom	Asph	unused-orphaned	proven-unused	unused							0	initializer/protected-data-only	H				custom ability subgraph has no reachable effective unit/item association, normalized semantic root, readable runtime reference, protected overlay, or engine-implicit role
A0CY	ELE: Elemental Rain	custom	ACpa	protected-runtime-overlay	protected-overlay-only	protected-field-overlay							1	initializer/protected-data-only	H,xD				
A0CZ	ELE: Enchant	custom	ACpa	protected-runtime-overlay	protected-overlay-only	protected-field-overlay							1	initializer/protected-data-only	H,xD				
A0D0	ELE: Elemental Rain (Meteor Shower)	custom	ACrg	scripted-normalized	proven-normalized-runtime	normalized-script						building-spell-mechanics.tsv	1	runtime	H,frostSpell,xD	frostSpell	dummyCastPointFrom		
A0D1	ELE: Elemental Rain (Blizzard)	custom	AHbz	scripted-normalized	proven-normalized-runtime	normalized-script						building-spell-mechanics.tsv	1	runtime	H,kE,setArtilleryModeAbilityIds,xD	kE,setArtilleryModeAbilityIds			
A0D2	ELE: Elemental Rain (Blizzard) (-na)	custom	AHbz	scripted-normalized	proven-normalized-runtime	normalized-script						building-spell-mechanics.tsv	1	runtime	H,setArtilleryModeAbilityIds,xD	setArtilleryModeAbilityIds			
A0D3	ELE: Elemental Rain (Meteor Shower)	custom	ACrg	protected-runtime-overlay	protected-overlay-only	protected-field-overlay							1	initializer/protected-data-only	H,xD				
A0D4	ELE: Enchant(Forge Weapon)	custom	Awar	unused-orphaned	proven-unused	unused							0	initializer/protected-data-only	H				custom ability subgraph has no reachable effective unit/item association, normalized semantic root, readable runtime reference, protected overlay, or engine-implicit role
A0D5	ELE: ElectroShieldElemental	custom	AHtb	runtime-granted-normalized	proven-normalized-runtime	normalized-script						production-unit-special-mechanics.tsv	1	runtime	H,castLightningShield,xD	castLightningShield	__wurst_safe_SetUnitAbilityLevel,addProtectedAbility	addProtectedAbility	
A0D6	ELE: Enchant(Rock Shield)	custom	AId4	native-object-indirect	proven-structured-indirect	native-object-data				A0F3:spb1			0	initializer/protected-data-only	H				
A0D7	ELE: Enchant(Haste)	custom	AOae	scripted-normalized	proven-normalized-runtime	normalized-script						building-spell-mechanics.tsv,runtime-system-mechanics.tsv	0	runtime	DamageListener_addListener_doAfter_ObeliskOfLight_onEvent_addListener_doAfter_ObeliskOfLight,H,holyShrineSpell	DamageListener_addListener_doAfter_ObeliskOfLight_onEvent_addListener_doAfter_ObeliskOfLight,holyShrineSpell	unit_removeAbility		
A0D8	ELE: Elemental Guard Tower (Immolation)	custom	Apig	unused-orphaned	proven-unused	unused							0	initializer/protected-data-only	H				custom ability subgraph has no reachable effective unit/item association, normalized semantic root, readable runtime reference, protected overlay, or engine-implicit role
A0D9	ELE: Elemental Guard Tower (Discharge)	custom	Apxf	native-object-owned	proven-static-owner	native-object-data	building	building:h076					0	initializer/protected-data-only	H				
A0DA	ELE: Elemental Guard Tower (Shield of Mist)	custom	Aclf	runtime-preload-only	proven-initializer-preload-only	preload-helper							1	runtime	H,PC,applyProtectedAbilityFieldsForJassAdd,xD	PC	safeUnitAddAbility	safeUnitAddAbility	PC creates generic dummy e008, adds protected A0DA, then immediately removes the dummy; A0DA has no effective owner or other readable runtime reference, so this proves preload/cache warm-up only
A0DB	ELE: Elemental Guard Tower	custom	AIlx	unused-orphaned	proven-unused	unused							0	initializer/protected-data-only	H				custom ability subgraph has no reachable effective unit/item association, normalized semantic root, readable runtime reference, protected overlay, or engine-implicit role
A0DC	ELE: Elemental Guard Tower (Boulder)	custom	ACtb	runtime-granted-normalized	proven-normalized-runtime	normalized-script				A0DB:Iobu		runtime-system-mechanics.tsv	1	runtime	H,applyProtectedAbilityFieldsForJassAdd,boulderAttackProc,xD	boulderAttackProc	addProtectedAbility	addProtectedAbility	
A0DD	Channel	custom	ANcl	control-ui-helper	proven-runtime-infrastructure	control-helper							0	runtime	H,ZK,raceChooserAbilityIdAt	ZK,raceChooserAbilityIdAt			
A0DE	Channel	custom	ANcl	control-ui-helper	proven-runtime-infrastructure	control-helper							0	runtime	H,ZK,raceChooserAbilityIdAt	ZK,raceChooserAbilityIdAt			
A0DF	Channel	custom	ANcl	control-ui-helper	proven-runtime-infrastructure	control-helper							0	runtime	H,ZK,raceChooserAbilityIdAt	ZK,raceChooserAbilityIdAt			
A0DG	Channel	custom	ANcl	control-ui-helper	proven-runtime-infrastructure	control-helper							0	runtime	H,ZK,raceChooserAbilityIdAt	ZK,raceChooserAbilityIdAt			
A0DH	Channel	custom	ANcl	control-ui-helper	proven-runtime-infrastructure	control-helper							0	runtime	H,ZK,raceChooserAbilityIdAt	ZK,raceChooserAbilityIdAt			
A0DI	Channel	custom	ANcl	control-ui-helper	proven-runtime-infrastructure	control-helper							0	runtime	H,ZK,raceChooserAbilityIdAt	ZK,raceChooserAbilityIdAt			
A0DJ	Channel	custom	ANcl	control-ui-helper	proven-runtime-infrastructure	control-helper							0	runtime	H,ZK,raceChooserAbilityIdAt	ZK,raceChooserAbilityIdAt			
A0DK	Channel	custom	ANcl	control-ui-helper	proven-runtime-infrastructure	control-helper							0	runtime	H,ZK,raceChooserAbilityIdAt	ZK,raceChooserAbilityIdAt			
A0DL	Channel	custom	ANcl	control-ui-helper	proven-runtime-infrastructure	control-helper							0	runtime	H,ZK,raceChooserAbilityIdAt	ZK,raceChooserAbilityIdAt			
A0DM	Channel	custom	ANcl	control-ui-helper	proven-runtime-infrastructure	control-helper							0	runtime	H,ZK,raceChooserAbilityIdAt	ZK,raceChooserAbilityIdAt			
A0DN	Channel	custom	ANcl	control-ui-helper	proven-runtime-infrastructure	control-helper							0	runtime	H,ZK,raceChooserAbilityIdAt	ZK,raceChooserAbilityIdAt			
A0DO	Channel	custom	ANcl	control-ui-helper	proven-runtime-infrastructure	control-helper							0	runtime	H,ZK,raceChooserAbilityIdAt	ZK,raceChooserAbilityIdAt			
A0DP	Channel	custom	ANcl	control-ui-helper	proven-runtime-infrastructure	control-helper							0	runtime	BC,H,aN,mK,vN	BC,aN,mK,vN	__wurst_safe_SetPlayerAbilityAvailable,safeUnitAddAbility	safeUnitAddAbility	
A0DQ	Channel	custom	ANcl	control-ui-helper	proven-runtime-infrastructure	control-helper							0	runtime	BC,H,aN,mK,vN	BC,aN,mK,vN	__wurst_safe_SetPlayerAbilityAvailable,safeUnitAddAbility	safeUnitAddAbility	
A0DR	Channel	custom	ANcl	control-ui-helper	proven-runtime-infrastructure	control-helper							0	runtime	BC,H,mK,vN	BC,mK,vN	safeUnitAddAbility	safeUnitAddAbility	
A0DS	Elemental Building	custom	ANcl	native-object-owned+normalized-script	proven-static-owner	native+normalized-script	building	building:h03X,building:h03Y,building:h03Z,building:h040,building:h041,building:h042,building:h044,building:h045,building:h046,building:h04A,building:h04C,building:h04D				unit-spell-mechanics.tsv,unit-spell-semantics.tsv	0	runtime	H,KE,fJ,improveSpecialBuilding,onBuildingFinished	KE,fJ,improveSpecialBuilding,onBuildingFinished	unit_getAbilityLevel		
A0DT	Lesser Water Elemental	custom	ACpa	protected-runtime-overlay	protected-overlay-only	protected-field-overlay							1	initializer/protected-data-only	H,xD				
A0DU	NAT: Force of Nature	custom	AEfn	protected-runtime-overlay	protected-overlay-only	protected-field-overlay							1	initializer/protected-data-only	H,xD				
A0DV	ELE: ObeliskOfElements (dummy)	custom	ACpa	native-object-owned+normalized-script	proven-static-owner	native+normalized-script	building	building:h060	unit-default-active:h060			building-spell-mechanics.tsv	1	runtime	H,xD,xK	xK			
A0DW	Channel	custom	ANcl	native-object-owned+normalized-script	proven-static-owner	native+normalized-script	unit	unit:h034,unit:h03N				production-unit-special-mechanics.tsv	0	runtime	H,handleSourceDamageEffects	handleSourceDamageEffects	unit_getAbilityLevel		
A0DX	Channel	custom	ANcl	native-object-owned+normalized-script	proven-static-owner	native+normalized-script	unit	unit:h03P,unit:h03R				production-unit-special-mechanics.tsv	0	runtime	H,handleTargetDamageEffects	handleTargetDamageEffects	unit_getAbilityLevel		
A0DY	ELE: Greater Elemental Of Fire (split)	custom	ANlm	native-object-owned+normalized-script	proven-static-owner	native+normalized-script	unit	unit:u00F				production-unit-special-mechanics.tsv	1	initializer/protected-data-only	H,xD				
A0DZ	Channel	custom	ANcl	native-object-owned+normalized-script	proven-static-owner	native+normalized-script	unit	unit:u00C,unit:u00F				production-unit-special-mechanics.tsv	0	runtime	H,KE,onUnitTrained,setupUnit	KE,onUnitTrained,setupUnit	unit_getAbilityLevel		
A0E0	Channel	custom	ANcl	native-object-owned	proven-static-owner	native-object-data	unit	unit:h02Z,unit:h030					0	initializer/protected-data-only	H				
A0E1	Parasite	custom	ACpa	native-object-owned+normalized-script	proven-static-owner	native+normalized-script	unit	unit:h03V	unit-default-active:h03V			unit-spell-mechanics.tsv,unit-spell-semantics.tsv	1	runtime	CI,H,xD	CI			
A0E2	Frost Nova	custom	AUfn	protected-runtime-overlay	protected-overlay-only	protected-field-overlay							1	initializer/protected-data-only	H,xD				
A0E3	ELE: monsoon	custom	ACmo	scripted-normalized	proven-normalized-runtime	normalized-script						building-spell-mechanics.tsv	1	runtime	H,kE,setArtilleryModeAbilityIds,xD	kE,setArtilleryModeAbilityIds			
A0E4	ELE: monsoon (-na)	custom	ACmo	scripted-normalized	proven-normalized-runtime	normalized-script						building-spell-mechanics.tsv	1	runtime	H,setArtilleryModeAbilityIds,xD	setArtilleryModeAbilityIds			
A0E5	ELE: Elemental of Wind (effect)	custom	Asph	marker-data-only	proven-runtime-infrastructure	marker-only	unit	unit:o00D,unit:o00E					1	runtime	H,onUnitEnteredMap,xD	onUnitEnteredMap	unit_getAbilityLevel		Elemental of Wind presentation marker; onUnitEnteredMap only queries its presence to set vertex alpha from unit level
A0E6	ELE: Greater Elemental of Wind (effect)	custom	Asph	native-object-owned	proven-static-owner	native-object-data	unit	unit:o00E					1	initializer/protected-data-only	H,xD				
A0E7	Water Elemental	custom	ACpa	protected-runtime-overlay	protected-overlay-only	protected-field-overlay							1	initializer/protected-data-only	H,xD				
A0E8	Greater Water Elemental	custom	ACpa	protected-runtime-overlay	protected-overlay-only	protected-field-overlay							1	initializer/protected-data-only	H,xD				
A0E9	Elemental Of Earth	custom	ACpa	protected-runtime-overlay	protected-overlay-only	protected-field-overlay							1	initializer/protected-data-only	H,xD				
A0EA	Greater Elemental Of Earth	custom	ACpa	protected-runtime-overlay	protected-overlay-only	protected-field-overlay							1	initializer/protected-data-only	H,xD				
A0EB	Elemental Of Lightning	custom	ACpa	protected-runtime-overlay	protected-overlay-only	protected-field-overlay							1	initializer/protected-data-only	H,xD				
A0EC	Greater Elemental Of Lightning	custom	ACpa	protected-runtime-overlay	protected-overlay-only	protected-field-overlay							1	initializer/protected-data-only	H,xD				
A0ED	Elemental Of Fire	custom	ACpa	protected-runtime-overlay	protected-overlay-only	protected-field-overlay							1	initializer/protected-data-only	H,xD				
A0EE	Greater Elemental Of Fire	custom	ACpa	protected-runtime-overlay	protected-overlay-only	protected-field-overlay							1	initializer/protected-data-only	H,xD				
A0EF	Lesser Elemental Of Wind	custom	ACpa	protected-runtime-overlay	protected-overlay-only	protected-field-overlay							1	initializer/protected-data-only	H,xD				
A0EG	Elemental Of Wind	custom	ACpa	protected-runtime-overlay	protected-overlay-only	protected-field-overlay							1	initializer/protected-data-only	H,xD				
A0EH	Greater Elemental Of Wind	custom	ACpa	protected-runtime-overlay	protected-overlay-only	protected-field-overlay							1	initializer/protected-data-only	H,xD				
A0EI	ELE: Book of Conjuration	custom	ACpa	native-object-owned+normalized-script	proven-static-owner	native+normalized-script	building	building:h06F	unit-default-active:h06F			building-spell-mechanics.tsv	1	runtime	H,xD,xK	xK			
A0EJ	NAT: Wisp explosion	custom	Amnx	unused-orphaned	proven-unused	unused							0	initializer/protected-data-only	H				custom ability subgraph has no reachable effective unit/item association, normalized semantic root, readable runtime reference, protected overlay, or engine-implicit role
A0EK	Channel	custom	ANcl	native-object-owned+normalized-script	proven-static-owner	native+normalized-script	building	building:h062				unit-spell-mechanics.tsv,unit-spell-semantics.tsv	0	runtime	H,improveSpecialBuilding,xK,yK	improveSpecialBuilding,xK,yK	addProtectedAbility,unit_removeAbility	addProtectedAbility	
A0EL	Mana Regeneration	custom	ANre	runtime-granted-normalized	proven-normalized-runtime	normalized-script						unit-spell-mechanics.tsv,unit-spell-semantics.tsv	0	runtime	CallbackSingle_doAfter_BuildingCatalogE2E_call_doAfter_BuildingCatalogE2E19,H,fJ,improveSpecialBuilding,setupUnit	fJ,improveSpecialBuilding,setupUnit	__wurst_safe_SetUnitAbilityLevel,__wurst_safe_UnitMakeAbilityPermanent,addProtectedAbility,unit_getAbilityLevel	addProtectedAbility	
A0EM	NAT: Wisp (stun)	custom	ACbh	native-object-owned+normalized-script	proven-static-owner	native+normalized-script	unit	unit:h06B				runtime-system-mechanics.tsv	0	initializer/protected-data-only	H				
A0EN	Kaboom!	custom	Asds	runtime-granted-normalized	proven-normalized-runtime	normalized-script						production-unit-special-mechanics.tsv	0	runtime	H,vampireCharge	vampireCharge	addProtectedAbility	addProtectedAbility	
A0EO	Channel	custom	ANcl	protected-runtime-overlay	protected-overlay-only	protected-field-overlay							1	initializer/protected-data-only	H,xD				
A0EP	ELE: Enchant (forged weapon)	custom	ANak	protected-runtime-overlay	protected-overlay-only	protected-field-overlay				A0EQ:Iobu			1	initializer/protected-data-only	H,xD				
A0EQ	NOT WORKING	custom	AIlx	unused-orphaned	proven-unused	unused							0	initializer/protected-data-only	H				custom ability subgraph has no reachable effective unit/item association, normalized semantic root, readable runtime reference, protected overlay, or engine-implicit role
A0ER	Channel	custom	ANcl	unused-orphaned	proven-unused	unused							0	initializer/protected-data-only	H				custom ability subgraph has no reachable effective unit/item association, normalized semantic root, readable runtime reference, protected overlay, or engine-implicit role
A0ES	Slow Aura	custom	Aasl	runtime-granted-normalized	proven-normalized-runtime	normalized-script						runtime-system-mechanics.tsv	0	runtime	H,fJ	fJ	addProtectedAbility	addProtectedAbility	
A0ET	ELE: Linker	custom	ACct	native-object-owned	proven-static-owner	native-object-data	building	building:h063					0	initializer/protected-data-only	H				
A0EU	(Sod) Freezing Breath	custom	Afrz	native-object-owned+normalized-script	proven-static-owner	native+normalized-script	unit	unit:h06C				building-spell-mechanics.tsv	0	runtime	H,shrineOfDestructionSpell	shrineOfDestructionSpell	__wurst_safe_SetUnitAbilityLevel		
A0EV	ELE: Boulder	custom	Amgl	runtime-granted-normalized	proven-normalized-runtime	normalized-script						runtime-system-mechanics.tsv	0	runtime	H,iD	iD	safeUnitAddAbility	safeUnitAddAbility	
A0EW	ELE: Shield of Mist	custom	Amgl	unused-orphaned	proven-unused	unused							0	initializer/protected-data-only	H				custom ability subgraph has no reachable effective unit/item association, normalized semantic root, readable runtime reference, protected overlay, or engine-implicit role
A0EX	ELE: Discharge	custom	Amgl	native-object-owned	proven-static-owner	native-object-data	building	building:h076					0	initializer/protected-data-only	H				
A0EY	Cripple	custom	ACcr	protected-runtime-overlay	protected-overlay-only	protected-field-overlay							1	initializer/protected-data-only	H,xD				
A0EZ	Channel	custom	ANcl	native-object-owned+normalized-script	proven-static-owner	native+normalized-script	unit	unit:n005				unit-spell-mechanics.tsv	0	runtime	CallbackSingle_doAfter_doAfter_doAfter_RaceHumanAbilities_call_doAfter_doAfter_doAfter_RaceHumanAbilities,H,NL,deathPactEmergency,handleTargetDamageEffects,setupUnit	CallbackSingle_doAfter_doAfter_doAfter_RaceHumanAbilities_call_doAfter_doAfter_doAfter_RaceHumanAbilities,NL,deathPactEmergency,handleTargetDamageEffects,setupUnit	addProtectedAbility,unit_getAbilityLevel,unit_removeAbility	addProtectedAbility	
A0F0	ELE: Greater Elemental Of Lightning (orb)buildings	custom	AIlx	native-object-owned	proven-static-owner	native-object-data	unit	unit:h03R					0	initializer/protected-data-only	H				
A0F1	Slow Aura	custom	Aasl	scripted-normalized	proven-normalized-runtime	normalized-script						building-spell-mechanics.tsv,runtime-system-mechanics.tsv	0	runtime	DamageListener_addListener_doAfter_ObeliskOfLight_onEvent_addListener_doAfter_ObeliskOfLight,H,handleSourceDamageEffects,holyShrineSpell,isCeremonialTotemTarget	DamageListener_addListener_doAfter_ObeliskOfLight_onEvent_addListener_doAfter_ObeliskOfLight,handleSourceDamageEffects,holyShrineSpell,isCeremonialTotemTarget	unit_getAbilityLevel,unit_removeAbility		
A0F2	Slow Aura	custom	Aasl	native-object-indirect	proven-structured-indirect	native-object-data				A0F3:spb1			0	initializer/protected-data-only	H				
A0F3	Spell Book	custom	Aspb	scripted-normalized	proven-normalized-runtime	normalized-script						building-spell-mechanics.tsv,runtime-system-mechanics.tsv	0	runtime	DamageListener_addListener_doAfter_ObeliskOfLight_onEvent_addListener_doAfter_ObeliskOfLight,H,holyShrineSpell	DamageListener_addListener_doAfter_ObeliskOfLight_onEvent_addListener_doAfter_ObeliskOfLight,holyShrineSpell	unit_removeAbility		
A0F4	Channel	custom	ANcl	runtime-granted-normalized	proven-normalized-runtime	normalized-script						building-spell-mechanics.tsv,runtime-system-mechanics.tsv	0	runtime	DamageListener_addListener_doAfter_ObeliskOfLight_onEvent_addListener_doAfter_ObeliskOfLight,H,holyShrineSpell,isHolyShrineTarget	DamageListener_addListener_doAfter_ObeliskOfLight_onEvent_addListener_doAfter_ObeliskOfLight,holyShrineSpell,isHolyShrineTarget	addProtectedAbility,unit_getAbilityLevel,unit_removeAbility	addProtectedAbility	
A0F5	Elemental Unit	custom	ANcl	native-object-owned+normalized-script	proven-static-owner	native+normalized-script	unit	unit:h02W,unit:h02X,unit:h02Y,unit:h02Z,unit:h030,unit:h034,unit:h03N,unit:h03P,unit:h03R,unit:o00C,unit:o00D,unit:o00E				runtime-system-mechanics.tsv	0	runtime	H,fJ	fJ	unit_getAbilityLevel		
A0F6	ELE: Greater Elemental Of Lightning (forked lightning) buildings	custom	ACfl	native-object-indirect	proven-structured-indirect	native-object-data				A0F0:Iobu			1	initializer/protected-data-only	H,xD				
A0F7	ELE: Elemental Of Lightning (orb)buildings	custom	AIlx	native-object-owned	proven-static-owner	native-object-data	unit	unit:h03P					0	initializer/protected-data-only	H				
A0F8	ELE: Elemental Of Lightning (forked lightning)buildgins	custom	ACfl	native-object-indirect	proven-structured-indirect	native-object-data				A0F7:Iobu			1	initializer/protected-data-only	H,xD				
A0F9	NOR: Ice Queen (frost nova) warlock	custom	ACfn	scripted-normalized	proven-normalized-runtime	normalized-script						unit-spell-mechanics.tsv,unit-spell-semantics.tsv	1	runtime	H,warlockSpell,xD	warlockSpell	dummyCastTargetFrom		
A0FA	ELE: Elemental Of Water Greater (evasion)	custom	ACes	native-object-owned	proven-static-owner	native-object-data	unit	unit:h02Y					0	initializer/protected-data-only	H				
A0FB	Parasite(leg troll)	custom	ACpa	native-object-owned+normalized-script	proven-static-owner	native+normalized-script	unit	unit:n02G	unit-default-active:n02G			unit-spell-mechanics.tsv,unit-spell-semantics.tsv	1	runtime	H,VK,xD	VK			
A0FC	Ensnare (Leg Troll)	custom	Aens	scripted-normalized	proven-normalized-runtime	normalized-script						unit-spell-mechanics.tsv,unit-spell-semantics.tsv	1	runtime	H,checkAllMigratedVisionDummyOrders,forestTrollTrapperSpell,xD	forestTrollTrapperSpell	dummyCastTargetWithVision		
A0FD	Liquid Fire ( Sod )	custom	Aliq	unused-orphaned	proven-unused	unused							0	initializer/protected-data-only	H				custom ability subgraph has no reachable effective unit/item association, normalized semantic root, readable runtime reference, protected overlay, or engine-implicit role
A0FE	( SOD ) damage overtime	custom	ACvs	native-object-owned+normalized-script	proven-static-owner	native+normalized-script	unit	unit:h06C				building-spell-mechanics.tsv	0	runtime	H,shrineOfDestructionSpell	shrineOfDestructionSpell	__wurst_safe_SetUnitAbilityLevel		
A0FF	(Sod ) Burning Oil	custom	Abof	protected-runtime-overlay	protected-overlay-only	protected-field-overlay							1	initializer/protected-data-only	H,xD				
A0FG	ELE: Meteor Shower	custom	ACpa	native-object-owned+normalized-script	proven-static-owner	native+normalized-script	building	building:h06E	unit-default-active:h06E			building-spell-mechanics.tsv	1	runtime	H,xD,xK	xK			
A0FH	water lesser(spell resist)	custom	AIsr	native-object-owned+normalized-script	proven-static-owner	native+normalized-script	unit	unit:h02W				runtime-system-mechanics.tsv	0	runtime	H,hasNoPowerArmorExclusion	hasNoPowerArmorExclusion	unit_getAbilityLevel		
A0FI	water (spell resist)	custom	AIsr	native-object-owned+normalized-script	proven-static-owner	native+normalized-script	unit	unit:h02X				runtime-system-mechanics.tsv	0	runtime	H,hasNoPowerArmorExclusion	hasNoPowerArmorExclusion	unit_getAbilityLevel		
A0FJ	water greater (spell resist)	custom	AIsr	native-object-owned+normalized-script	proven-static-owner	native+normalized-script	unit	unit:h02Y				runtime-system-mechanics.tsv	0	runtime	H,hasNoPowerArmorExclusion	hasNoPowerArmorExclusion	unit_getAbilityLevel		
A0FK	Channel ( Assasin NotTarget )	custom	ANcl	native-object-owned	proven-static-owner	native-object-data	unit	unit:h03B,unit:h03C,unit:h06T,unit:n006					0	initializer/protected-data-only	H				
A0FL	Barrage Igloo	custom	Aroc	native-object-owned	proven-static-owner	native-object-data	unit	unit:n02I					1	initializer/protected-data-only	H,xD				
A0FM	Igloo frost chance	custom	AIlx	native-object-owned	proven-static-owner	native-object-data	unit	unit:n02I					0	initializer/protected-data-only	H				
A0FN	spell resist 50%	custom	AIsr	scripted-normalized	proven-normalized-runtime	normalized-script						runtime-system-mechanics.tsv	0	runtime	H,hasNoPowerArmorExclusion	hasNoPowerArmorExclusion	unit_getAbilityLevel		
A0FO	TypeTwins	custom	ANcl	native-object-owned+normalized-script	proven-static-owner	native+normalized-script	unit	unit:e00E,unit:n02K,unit:n02L				runtime-system-mechanics.tsv	0	runtime	EventListener_add_CompanionSpawning_onEvent_add_CompanionSpawning,H	EventListener_add_CompanionSpawning_onEvent_add_CompanionSpawning	unit_getAbilityLevel		
A0FP	Critical Strike(twins)	custom	ACct	native-object-owned	proven-static-owner	native-object-data	unit	unit:n02L					0	initializer/protected-data-only	H				
A0FQ	Cleaving Attack Twins	custom	ACce	native-object-owned	proven-static-owner	native-object-data	unit	unit:n02K					0	initializer/protected-data-only	H				
A0FR	Twin: Smile and Cry	custom	ANpi	native-object-owned	proven-static-owner	native-object-data	unit	unit:n02K					0	initializer/protected-data-only	H				
A0FS	Twins:Thunder Clap	custom	AHtc	scripted-normalized	proven-normalized-runtime	normalized-script						unit-spell-mechanics.tsv,unit-spell-semantics.tsv	1	runtime	CallbackSingle_doAfter_RaceChaosAbilities_call_doAfter_RaceChaosAbilities1,H,xD	CallbackSingle_doAfter_RaceChaosAbilities_call_doAfter_RaceChaosAbilities1	dummyCarrierCastImmediate		
A0FT	Twins:Shockwave	custom	ACsh	protected-runtime-overlay	protected-overlay-only	protected-field-overlay							1	initializer/protected-data-only	H,xD				
A0FU	Parasite(twins)	custom	ACpa	native-object-owned+normalized-script	proven-static-owner	native+normalized-script	unit	unit:n02L	unit-default-active:n02L			unit-spell-mechanics.tsv,unit-spell-semantics.tsv	1	runtime	H,lK,xD	lK			
A0FV	Demolisher	custom	ANde	native-object-owned	proven-static-owner	native-object-data	unit	unit:e00G					0	initializer/protected-data-only	H				
A0FW	Life Drain Visioneer	custom	ACdr	protected-runtime-overlay	protected-overlay-only	protected-field-overlay							1	initializer/protected-data-only	H,xD				
A0FX	Parasite( life drain)	custom	ACpa	protected-runtime-overlay	protected-overlay-only	protected-field-overlay							1	initializer/protected-data-only	H,xD				
A0FY	Channel	custom	ANcl	control-ui-helper	proven-runtime-infrastructure	control-helper							0	runtime	H,ZK,mK	ZK,mK			
A0FZ	AOE damage upon death	custom	Amnx	native-object-owned+normalized-script	proven-static-owner	native+normalized-script	unit	unit:n02M				production-unit-special-mechanics.tsv	0	initializer/protected-data-only	H				
A0G0	Channel	custom	ANcl	control-ui-helper	proven-runtime-infrastructure	control-helper							0	runtime	H,ZK,raceChooserAbilityIdAt	ZK,raceChooserAbilityIdAt			
A0G1	Ambush	custom	ANwk	protected-runtime-overlay	protected-overlay-only	protected-field-overlay							1	initializer/protected-data-only	H,xD				
A0G2	Heavy Bolt	custom	ACvs	native-object-owned	proven-static-owner	native-object-data	unit	unit:n02S,unit:n02T					0	initializer/protected-data-only	H				
A0G3	Evasion	custom	ACev	native-object-owned	proven-static-owner	native-object-data	unit	unit:n02W,unit:n03G					0	initializer/protected-data-only	H				
A0G4	Sandstorm	custom	ACsi	scripted-normalized	proven-normalized-runtime	normalized-script						building-spell-mechanics.tsv	1	runtime	BuildingSpellClosure_registerBuildingSpell_RaceDesertAbilities_cast_registerBuildingSpell_RaceDesertAbilities2,H,xD	BuildingSpellClosure_registerBuildingSpell_RaceDesertAbilities_cast_registerBuildingSpell_RaceDesertAbilities2	dummyCarrierWithAbilities		
A0G5	DST: Blind 16%	custom	AIdf	native-object-owned	proven-static-owner	native-object-data	unit	unit:n032					0	initializer/protected-data-only	H				
A0G6	DST: Thorns	custom	AUts	native-object-owned	proven-static-owner	native-object-data	unit	unit:n02V					0	initializer/protected-data-only	H				
A0G7	DST: Thorns 70%	custom	AUts	native-object-owned	proven-static-owner	native-object-data	unit	unit:n02U					0	initializer/protected-data-only	H				
A0G8	DST: Sandkin abil	custom	ACpa	native-object-owned+normalized-script	proven-static-owner	native+normalized-script	unit	unit:n030,unit:n035	unit-default-active:n030,unit-default-active:n035			unit-spell-mechanics.tsv,unit-spell-semantics.tsv	1	runtime	H,rK,xD	rK			
A0G9	DST: Harpy auto	custom	ACpa	native-object-owned+normalized-script	proven-static-owner	native+normalized-script	unit	unit:n032	unit-default-active:n032			unit-spell-mechanics.tsv,unit-spell-semantics.tsv	1	runtime	H,rK,xD	rK			
A0GA	Sandcloud	custom	ACsi	scripted-normalized	proven-normalized-runtime	normalized-script						unit-spell-mechanics.tsv,unit-spell-semantics.tsv	1	runtime	H,spellSandCloud,xD	spellSandCloud			
A0GB	DST: Ogre auto	custom	ACpa	native-object-owned+normalized-script	proven-static-owner	native+normalized-script	unit	unit:n02Y	unit-default-active:n02Y			unit-spell-mechanics.tsv,unit-spell-semantics.tsv	1	runtime	H,rK,xD	rK			
A0GC	SandStorm	custom	ANpi	scripted-normalized	proven-normalized-runtime	normalized-script						building-spell-mechanics.tsv	0	runtime	BuildingSpellClosure_registerBuildingSpell_RaceDesertAbilities_cast_registerBuildingSpell_RaceDesertAbilities2,H	BuildingSpellClosure_registerBuildingSpell_RaceDesertAbilities_cast_registerBuildingSpell_RaceDesertAbilities2	dummyCarrierWithAbilities		
A0GD	DST: Blind	custom	ANdh	native-object-indirect	proven-structured-indirect	native-object-data				A0G5:Iobu			1	initializer/protected-data-only	H,xD				
A0GE	Oasis Ability	custom	ACpa	native-object-owned+normalized-script	proven-static-owner	native+normalized-script	building	building:h079	unit-default-active:h079			building-spell-mechanics.tsv	1	runtime	H,rK,xD	rK			
A0GF	Peyote abil	custom	ACpa	native-object-owned+normalized-script	proven-static-owner	native+normalized-script	building	building:h07A	unit-default-active:h07A			building-spell-mechanics.tsv	1	runtime	H,rK,xD	rK			
A0GG	Searing Arrows	custom	ACsa	native-object-owned	proven-static-owner	native-object-data	unit	unit:n02T	unit-default-active:n02T				1	initializer/protected-data-only	H,xD				
A0GH	Quick Sand M	custom	AUau	unused-orphaned	proven-unused	unused							0	initializer/protected-data-only	H				custom ability subgraph has no reachable effective unit/item association, normalized semantic root, readable runtime reference, protected overlay, or engine-implicit role
A0GI	Quick Sand S	custom	ACac	native-object-owned	proven-static-owner	native-object-data	unit	unit:e00I					0	initializer/protected-data-only	H				
A0GJ	Sand Replenish	custom	Ambt	unused-orphaned	proven-unused	unused							0	initializer/protected-data-only	H				custom ability subgraph has no reachable effective unit/item association, normalized semantic root, readable runtime reference, protected overlay, or engine-implicit role
A0GK	SandStorm abil	custom	ACpa	native-object-owned+normalized-script	proven-static-owner	native+normalized-script	building	building:n03A	unit-default-active:n03A			building-spell-mechanics.tsv	1	runtime	H,rK,xD	rK			
A0GL	Razor Spray	custom	AEfk	native-object-owned+normalized-script	proven-static-owner	native+normalized-script	unit	unit:n02U	unit-default-active:n02U			production-unit-special-mechanics.tsv	1	runtime	H,handleFanOfKnives,xD	handleFanOfKnives	__wurst_safe_BlzGetUnitAbilityCooldownRemaining,__wurst_safe_BlzGetUnitAbilityManaCost,unit_getAbilityLevel		
A0GM	Harpy Swarm	custom	AUls	scripted-normalized	proven-normalized-runtime	normalized-script						unit-spell-mechanics.tsv,unit-spell-semantics.tsv	1	runtime	H,UnitSpellClosure_registerUnitSpellWithTargetOrder_RaceDesertAbilities_cast_registerUnitSpellWithTargetOrder_RaceDesertAbilities3,xD	UnitSpellClosure_registerUnitSpellWithTargetOrder_RaceDesertAbilities_cast_registerUnitSpellWithTargetOrder_RaceDesertAbilities3	dummyCastImmediateFrom1		
A0GN	PAN: Panda Monk Heal	custom	Ahea	native-object-owned+normalized-script	proven-static-owner	native+normalized-script	unit	unit:n03E,unit:n03T	unit-default-active:n03E,unit-default-active:n03T			unit-spell-mechanics.tsv,unit-spell-semantics.tsv	1	runtime	H,NI,xD	NI			
A0GO	Channel	custom	ANcl	control-ui-helper	proven-runtime-infrastructure	control-helper							0	runtime	H,ZK,raceChooserAbilityIdAt	ZK,raceChooserAbilityIdAt			
A0GP	PAN: Healing Spray	custom	ANhs	scripted-normalized	proven-normalized-runtime	normalized-script						unit-spell-mechanics.tsv,unit-spell-semantics.tsv	1	runtime	H,UnitSpellClosure_registerUnitSpellWithTargetOrder_MonkHeal_cast_registerUnitSpellWithTargetOrder_MonkHeal,xD	UnitSpellClosure_registerUnitSpellWithTargetOrder_MonkHeal_cast_registerUnitSpellWithTargetOrder_MonkHeal	dummyCastPointFrom		
A0GQ	PAN: Drunk	custom	ACct	native-object-owned	proven-static-owner	native-object-data	unit	unit:n03G,unit:n03J					0	initializer/protected-data-only	H				
A0GR	OgreLords rage	custom	Absk	native-object-owned+normalized-script	proven-static-owner	native+normalized-script	unit	unit:n02Y				unit-spell-semantics.tsv	1	initializer/protected-data-only	H,xD				
A0GS	PAN: Drunk resistance	custom	Assk	native-object-owned	proven-static-owner	native-object-data	unit	unit:n03G					0	initializer/protected-data-only	H				
A0GT	Inner Fire	custom	Ainf	native-object-owned	proven-static-owner	native-object-data	unit	unit:o00G	unit-default-active:o00G				1	initializer/protected-data-only	H,xD				
A0GU	Bash	custom	ACbh	native-object-owned	proven-static-owner	native-object-data	unit	unit:n02Y					0	initializer/protected-data-only	H				
A0GV	Spell Damage Reduction	custom	AIsr	native-object-owned+normalized-script	proven-static-owner	native+normalized-script	unit	unit:h07S				runtime-system-mechanics.tsv	0	runtime	H,hasNoPowerArmorExclusion	hasNoPowerArmorExclusion	unit_getAbilityLevel		
A0GW	Thunderpaw Spire Ability	custom	ACpa	native-object-owned+normalized-script	proven-static-owner	native+normalized-script	building	building:h07R	unit-default-active:h07R			building-spell-mechanics.tsv	1	runtime	H,wN,xD	wN			
A0GX	Blood Corrosion	custom	Apoi	unused-orphaned	proven-unused	unused							0	initializer/protected-data-only	H				custom ability subgraph has no reachable effective unit/item association, normalized semantic root, readable runtime reference, protected overlay, or engine-implicit role
A0GY	Blood Corrosion	custom	AId1	runtime-granted-normalized	proven-normalized-runtime	normalized-script						production-unit-special-mechanics.tsv,runtime-system-mechanics.tsv	0	runtime	DamageListener_addListener_doAfter_ObeliskOfLight_onEvent_addListener_doAfter_ObeliskOfLight,H,applyVampireArmorReduction	DamageListener_addListener_doAfter_ObeliskOfLight_onEvent_addListener_doAfter_ObeliskOfLight,applyVampireArmorReduction	__wurst_safe_SetUnitAbilityLevel,addProtectedAbility,unit_getAbilityLevel,unit_removeAbility	addProtectedAbility	
A0GZ	Cloud Ship Multishot	custom	Aroc	native-object-owned	proven-static-owner	native-object-data	unit	unit:h07S					0	initializer/protected-data-only	H				
A0H0	spell resist 20%	custom	AIsr	native-object-owned+normalized-script	proven-static-owner	native+normalized-script	unit	unit:n00K,unit:n02Z				runtime-system-mechanics.tsv	0	runtime	H,hasNoPowerArmorExclusion	hasNoPowerArmorExclusion	unit_getAbilityLevel		
A0H1	DST: Matriarch auto	custom	ACpa	native-object-owned+normalized-script	proven-static-owner	native+normalized-script	unit	unit:n034	unit-default-active:n034			unit-spell-mechanics.tsv,unit-spell-semantics.tsv	1	runtime	H,rK,xD	rK			
A0H2	PAN: Zen Field Aura	custom	AOae	native-object-owned	proven-static-owner	native-object-data	unit	unit:n03M					0	initializer/protected-data-only	H				
A0H3	Matriarchs visual	custom	Asp1	native-object-owned	proven-static-owner	native-object-data	unit	unit:n034					0	initializer/protected-data-only	H				
A0H4	Echo Blink	custom	ANcl	native-object-owned+normalized-script	proven-static-owner	native+normalized-script	unit	unit:n03I				production-unit-special-mechanics.tsv	1	runtime	DamageListener_addListener_doAfter_ThunderpawSpire_onEvent_addListener_doAfter_ThunderpawSpire,H,xD	DamageListener_addListener_doAfter_ThunderpawSpire_onEvent_addListener_doAfter_ThunderpawSpire	__wurst_safe_BlzGetUnitAbilityCooldownRemaining,__wurst_safe_BlzStartUnitAbilityCooldown		
A0H5	QuickSand L	custom	AOae	native-object-owned	proven-static-owner	native-object-data	unit	unit:e00I					0	initializer/protected-data-only	H				
A0H6	PAN: Withering Touch	custom	ACpa	native-object-owned+normalized-script	proven-static-owner	native+normalized-script	building	building:h07T	unit-default-active:h07T			building-spell-mechanics.tsv	1	runtime	H,pJ,xD	pJ			
A0H7	PAN: Drunk resistance 2	custom	Assk	native-object-owned	proven-static-owner	native-object-data	unit	unit:n03J					0	initializer/protected-data-only	H				
A0H8	PAN: Drunk 2	custom	ACct	unused-orphaned	proven-unused	unused							0	initializer/protected-data-only	H				custom ability subgraph has no reachable effective unit/item association, normalized semantic root, readable runtime reference, protected overlay, or engine-implicit role
A0H9	Whirlstone Brew	custom	AEpa	native-object-owned	proven-static-owner	native-object-data	unit	unit:o00H	unit-default-active:o00H				1	initializer/protected-data-only	H,xD				
A0HA	PAN: Drunk 3	custom	ACct	native-object-owned	proven-static-owner	native-object-data	unit	unit:n03O					0	initializer/protected-data-only	H				
A0HB	Scroll of Speed	custom	AIsa	runtime-granted-normalized	proven-normalized-runtime	normalized-script						item-mechanics.tsv	0	runtime	H,OnPointCast_onPointCast_RescueStrikeRuntime_fireEx_onPointCast_RescueStrikeRuntime2	OnPointCast_onPointCast_RescueStrikeRuntime_fireEx_onPointCast_RescueStrikeRuntime2	addProtectedAbility	addProtectedAbility	
A0HC	PAN: Drunk resistance 3	custom	Assk	native-object-owned	proven-static-owner	native-object-data	unit	unit:n03O					0	initializer/protected-data-only	H				
A0HD	Static Remnant Explosion	custom	Amin	native-object-owned+normalized-script	proven-static-owner	native+normalized-script	unit	unit:n03R				production-unit-special-mechanics.tsv	0	initializer/protected-data-only	H				
A0HE	AOE damage upon death remnant	custom	Amnx	unused-orphaned	proven-unused	unused							0	initializer/protected-data-only	H				custom ability subgraph has no reachable effective unit/item association, normalized semantic root, readable runtime reference, protected overlay, or engine-implicit role
A0HF	Evasion	custom	ACev	native-object-owned	proven-static-owner	native-object-data	unit	unit:n03J,unit:n03O					0	initializer/protected-data-only	H				
A0HG	PAN: Whirlwind	custom	ACct	native-object-owned+normalized-script	proven-static-owner	native+normalized-script	unit	unit:n03J				production-unit-special-mechanics.tsv	0	runtime	H,qP	qP			
A0HH	PAN: Brewcommand Aura	custom	ACac	native-object-owned	proven-static-owner	native-object-data	unit	unit:n03O					0	initializer/protected-data-only	H				
A0HI	PAN: Healing Spray 2	custom	ANhs	scripted-normalized	proven-normalized-runtime	normalized-script						unit-spell-mechanics.tsv,unit-spell-semantics.tsv	1	runtime	H,UnitSpellClosure_registerUnitSpellWithTargetOrder_MonkHeal_cast_registerUnitSpellWithTargetOrder_MonkHeal1,xD	UnitSpellClosure_registerUnitSpellWithTargetOrder_MonkHeal_cast_registerUnitSpellWithTargetOrder_MonkHeal1	dummyCastPointFrom		
A0HJ	Scroll of Speed Trigger	custom	ANcl	native-object-owned+normalized-script	proven-static-owner	native+normalized-script	item	item:I00F				item-mechanics.tsv	0	runtime	EventListener_add_BuildingCatalogE2E_onEvent_add_BuildingCatalogE2E11,H,buildingCatalogPointItemAbilityId,gL	buildingCatalogPointItemAbilityId,gL	EventListener_addSpellInternal		
A0HK	DST: Gnolls auto	custom	ACpa	protected-runtime-overlay	protected-overlay-only	protected-field-overlay							1	initializer/protected-data-only	H,xD				
A0HL	Fowlhunter 3x	custom	ACct	native-object-owned	proven-static-owner	native-object-data	unit	unit:n02T					0	initializer/protected-data-only	H				
A0HM	Fowlhunter 2x	custom	ACct	native-object-owned	proven-static-owner	native-object-data	unit	unit:n02S					0	initializer/protected-data-only	H				
A0HN	Parasite	custom	ACpa	native-object-owned+normalized-script	proven-static-owner	native+normalized-script	building	building:h07U	unit-default-active:h07U			building-spell-mechanics.tsv,corpse-building-mechanics.tsv	1	runtime	H,mP,xD	mP			
A0HO	Parasite	custom	ACpa	native-object-owned+normalized-script	proven-static-owner	native+normalized-script	building	building:h07W	unit-default-active:h07W			building-spell-mechanics.tsv	1	runtime	FL,H,xD	FL			
A0HP	Sandcloud2x	custom	ACsi	scripted-normalized	proven-normalized-runtime	normalized-script						unit-spell-mechanics.tsv,unit-spell-semantics.tsv	1	runtime	H,spellSandCloud,xD	spellSandCloud			
A0HQ	Sandshield	custom	AOae	native-object-owned	proven-static-owner	native-object-data	unit	unit:n035					0	initializer/protected-data-only	H				
A0HR	Troll Damage Bonus	custom	AItx	scripted-normalized	proven-normalized-runtime	normalized-script						production-unit-special-mechanics.tsv	0	runtime	H,IN	IN			
A0HS	Global Endurance	custom	ACpa	native-object-owned+normalized-script	proven-static-owner	native+normalized-script	building	building:h07Z	unit-default-active:h07Z			building-spell-mechanics.tsv	1	runtime	H,VK,xD	VK			
A0HT	Global Healing	custom	ACpa	native-object-owned+normalized-script	proven-static-owner	native+normalized-script	building	building:h07Y	unit-default-active:h07Y			building-spell-mechanics.tsv	1	runtime	H,VK,xD	VK			
A0HU	GlobalHealWard	custom	AChw	unused-orphaned	proven-unused	unused							0	initializer/protected-data-only	H				custom ability subgraph has no reachable effective unit/item association, normalized semantic root, readable runtime reference, protected overlay, or engine-implicit role
A0HV	pp spell resist	custom	AIsr	runtime-granted-normalized	proven-normalized-runtime	normalized-script						runtime-system-mechanics.tsv	0	runtime	DamageListener_addListener_doAfter_ObeliskOfLight_onEvent_addListener_doAfter_ObeliskOfLight,H,applyPowerArmor	DamageListener_addListener_doAfter_ObeliskOfLight_onEvent_addListener_doAfter_ObeliskOfLight,applyPowerArmor	addProtectedAbility,unit_removeAbility	addProtectedAbility	
A0HW	DST: salam burn	custom	ANab	native-object-indirect	proven-structured-indirect	native-object-data				A0HX:Iobu			1	initializer/protected-data-only	H,xD				
A0HX	DST: salamanders	custom	AIdf	native-object-owned	proven-static-owner	native-object-data	unit	unit:n02Z					0	initializer/protected-data-only	H				
A0HY	Coral Armor Aura	custom	ACav	runtime-granted-normalized	proven-normalized-runtime	normalized-script						runtime-system-mechanics.tsv	0	runtime	H,iD	iD	safeUnitAddAbility	safeUnitAddAbility	
A0HZ	+9arm 400aoe	custom	AHad	native-object-owned	proven-static-owner	native-object-data	unit	unit:h074					0	initializer/protected-data-only	H				
A0I0	Prayer	custom	Ahea	native-object-owned+normalized-script	proven-static-owner	native+normalized-script	unit	unit:h074	unit-default-active:h074			unit-spell-mechanics.tsv,unit-spell-semantics.tsv	1	runtime	DK,H,xD	DK			
A0I1	Prayer: heal+mana	custom	AIra	scripted-normalized	proven-normalized-runtime	normalized-script						unit-spell-mechanics.tsv,unit-spell-semantics.tsv	1	runtime	H,UnitSpellClosure_registerUnitSpellWithTargetOrder_RaceHumanAbilities_cast_registerUnitSpellWithTargetOrder_RaceHumanAbilities3,xD	UnitSpellClosure_registerUnitSpellWithTargetOrder_RaceHumanAbilities_cast_registerUnitSpellWithTargetOrder_RaceHumanAbilities3	dummyCarrierWithAbilities1		
A0I2	Prayer: +dmg +armor	custom	AIrr	scripted-normalized	proven-normalized-runtime	normalized-script						unit-spell-mechanics.tsv,unit-spell-semantics.tsv	0	runtime	H,UnitSpellClosure_registerUnitSpellWithTargetOrder_RaceHumanAbilities_cast_registerUnitSpellWithTargetOrder_RaceHumanAbilities3	UnitSpellClosure_registerUnitSpellWithTargetOrder_RaceHumanAbilities_cast_registerUnitSpellWithTargetOrder_RaceHumanAbilities3	dummyCarrierWithAbilities1		
A0I3	Resurrection	custom	AHre	unused-orphaned	proven-unused	unused							0	initializer/protected-data-only	H				custom ability subgraph has no reachable effective unit/item association, normalized semantic root, readable runtime reference, protected overlay, or engine-implicit role
A0I4	Prayer: resurrection	custom	AHre	scripted-normalized	proven-normalized-runtime	normalized-script						unit-spell-mechanics.tsv,unit-spell-semantics.tsv	1	runtime	H,UnitSpellClosure_registerUnitSpellWithTargetOrder_RaceHumanAbilities_cast_registerUnitSpellWithTargetOrder_RaceHumanAbilities3,xD	UnitSpellClosure_registerUnitSpellWithTargetOrder_RaceHumanAbilities_cast_registerUnitSpellWithTargetOrder_RaceHumanAbilities3	dummyCarrierWithAbilities1		
A0I5	AA Crit 1.45x	custom	ACct	unused-orphaned	proven-unused	unused							0	initializer/protected-data-only	H				custom ability subgraph has no reachable effective unit/item association, normalized semantic root, readable runtime reference, protected overlay, or engine-implicit role
A0IL	succomb	custom	ACmp	protected-runtime-overlay	protected-overlay-only	protected-field-overlay							1	initializer/protected-data-only	H,xD				
A0J6	DST: Pulverize	custom	Awar	native-object-owned	proven-static-owner	native-object-data	unit	unit:n02X					0	initializer/protected-data-only	H				
A0J7	DST: Pulverize2	custom	Awar	native-object-owned	proven-static-owner	native-object-data	unit	unit:n02Y					0	initializer/protected-data-only	H				
A0JD	Peyote	custom	ANab	protected-runtime-overlay	protected-overlay-only	protected-field-overlay							1	initializer/protected-data-only	H,xD				
A0KB	Life Steal	custom	AIva	native-object-owned	proven-static-owner	native-object-data	unit	unit:n032					0	initializer/protected-data-only	H				
A0Z1	Carapace Aura	custom	AHad	native-object-owned	proven-static-owner	native-object-data	building	building:h0Z5					0	initializer/protected-data-only	H				
A9FS	Far Sight	custom	AOfs	scripted-normalized	proven-normalized-runtime	normalized-script						building-spell-mechanics.tsv,corpse-building-mechanics.tsv	0	runtime	H,mP	mP			
ACrj	Rejuvenation	original	ACrj	unused-orphaned	proven-unused	unused					units:n013:uabs		0	none					stock Rejuvenation delta is not effectively owned or script-referenced; n013 retains ACrj only in base ability-skin metadata while its effective uabi replaces it with A05A,A05C
AM01	Leave Detect	custom	Adef	marker-data-only	proven-runtime-infrastructure	marker-only							0	runtime	H,hJ	hJ	__wurst_ensureInt		
AM02	Root	custom	Aro1	marker-data-only	proven-runtime-infrastructure	marker-only							0	runtime	H,QG	QG	__wurst_ensureInt		
AM03	Permanent Invisibility	custom	Apiv	control-ui-helper	proven-runtime-infrastructure	control-helper	unit	unit:x001					0	runtime	H,QG	QG	__wurst_ensureInt		Permanent Invisibility on the pooled x001 Effect Dummy Unit; QG only initializes the generic dummy-pool helper state
AM04	Build Tiny Scout Tower	custom	AIbt	native-object-owned+normalized-script	proven-static-owner	native+normalized-script	item	item:IM02				perk-mechanics.tsv	0	runtime	CJ,H	CJ	__wurst_ensureInt		
AM05	Multi Shot	custom	Aroc	native-object-owned+normalized-script	proven-static-owner	native+normalized-script	building	building:h082				perk-mechanics.tsv	0	runtime	CJ,H	CJ	__wurst_ensureInt		
AM06	Combat Stance: Execute	custom	ANcl	scripted-normalized	proven-normalized-runtime	normalized-script						perk-mechanics.tsv	0	runtime	AJ,H	AJ	__wurst_ensureInt		
AM07	Combat Stance: Open Fire	custom	ANcl	scripted-normalized	proven-normalized-runtime	normalized-script						perk-mechanics.tsv	0	runtime	AJ,H	AJ	__wurst_ensureInt		
AM08	Item Armor Bonus	custom	AId4	scripted-normalized	proven-normalized-runtime	normalized-script						perk-mechanics.tsv	0	runtime	H,HJ	HJ	__wurst_ensureInt		
AM09	Item Armor Bonus	custom	AId4	scripted-normalized	proven-normalized-runtime	normalized-script						perk-mechanics.tsv	0	runtime	H,HJ	HJ	__wurst_ensureInt		
AM0a	Production Enchantment	custom	ANcl	scripted-normalized	proven-normalized-runtime	normalized-script						perk-mechanics.tsv	0	runtime	H,vJ	vJ	__wurst_ensureInt		
AM0b	Item Armor Bonus	custom	AId4	scripted-normalized	proven-normalized-runtime	normalized-script						perk-mechanics.tsv	0	runtime	H,vJ	vJ	__wurst_ensureInt		
AM0c	Critical Strike	custom	ACct	scripted-normalized	proven-normalized-runtime	normalized-script						perk-mechanics.tsv	0	runtime	H,vJ	vJ	__wurst_ensureInt		
AM0d	Spell Enchantment	custom	ANcl	scripted-normalized	proven-normalized-runtime	normalized-script						perk-mechanics.tsv	0	runtime	H,vJ	vJ	__wurst_ensureInt		
AM0e	Critical Strike	custom	ACct	scripted-normalized	proven-normalized-runtime	normalized-script						perk-mechanics.tsv	0	runtime	H,vJ	vJ	__wurst_ensureInt		
AM0f	Critical Strike	custom	ACct	marker-data-only	proven-runtime-infrastructure	marker-only							0	runtime	H,LG	LG	__wurst_ensureInt		
AM0g	Critical Strike	custom	ACct	marker-data-only	proven-runtime-infrastructure	marker-only							0	runtime	H,LG	LG	__wurst_ensureInt		
AM0h	Critical Strike	custom	ACct	marker-data-only	proven-runtime-infrastructure	marker-only							0	runtime	H,LG	LG	__wurst_ensureInt		
AM0i	Critical Strike	custom	ACct	marker-data-only	proven-runtime-infrastructure	marker-only							0	runtime	H,LG	LG	__wurst_ensureInt		
AM0j	Critical Strike	custom	ACct	marker-data-only	proven-runtime-infrastructure	marker-only							0	runtime	H,LG	LG	__wurst_ensureInt		
AM0k	Critical Strike	custom	ACct	marker-data-only	proven-runtime-infrastructure	marker-only							0	runtime	H,LG	LG	__wurst_ensureInt		
AM0l	Critical Strike	custom	ACct	marker-data-only	proven-runtime-infrastructure	marker-only							0	runtime	H,LG	LG	__wurst_ensureInt		
AM0m	Critical Strike	custom	ACct	marker-data-only	proven-runtime-infrastructure	marker-only							0	runtime	H,LG	LG	__wurst_ensureInt		
AM0o	Critical Strike	custom	ACct	marker-data-only	proven-runtime-infrastructure	marker-only							0	runtime	H,LG	LG	__wurst_ensureInt		
AM0p	Critical Strike	custom	ACct	marker-data-only	proven-runtime-infrastructure	marker-only							0	runtime	H,LG	LG	__wurst_ensureInt		
AM0q	Critical Strike	custom	ACct	marker-data-only	proven-runtime-infrastructure	marker-only							0	runtime	H,LG	LG	__wurst_ensureInt		
AM0r	Critical Strike	custom	ACct	marker-data-only	proven-runtime-infrastructure	marker-only							0	runtime	H,LG	LG	__wurst_ensureInt		
AM0t	Critical Strike	custom	ACct	marker-data-only	proven-runtime-infrastructure	marker-only							0	runtime	H,LG	LG	__wurst_ensureInt		
AM0u	Critical Strike	custom	ACct	marker-data-only	proven-runtime-infrastructure	marker-only							0	runtime	H,LG	LG	__wurst_ensureInt		
AM0w	Critical Strike	custom	ACct	marker-data-only	proven-runtime-infrastructure	marker-only							0	runtime	H,LG	LG	__wurst_ensureInt		
AM0x	Critical Strike	custom	ACct	marker-data-only	proven-runtime-infrastructure	marker-only							0	runtime	H,LG	LG	__wurst_ensureInt		
AM0y	Item Illusions	custom	AIil	scripted-normalized	proven-normalized-runtime	normalized-script						building-spell-mechanics.tsv	0	runtime	H,rK	rK	__wurst_ensureInt		
AM0z	Root	custom	Aro1	marker-data-only	proven-runtime-infrastructure	marker-only							0	runtime	H,MH	MH	__wurst_ensureInt		
AM0{	Explode Snow	custom	ANcl	scripted-normalized	proven-normalized-runtime	normalized-script						building-spell-mechanics.tsv	0	runtime	FL,H	FL	__wurst_ensureInt		
ANic	COR: Void Walker (Incinerate)	original	ANic	native-object-owned	proven-static-owner	native-object-data	unit	unit:n019					0	none					
ARal	Sync	original	ARal	native-engine-implicit	proven-engine-implicit	native-engine-command							0	none					Rally/Sync native command; 167 effective map units have non-empty Units Trained (sample h000,h002,h003,h004,h007,h009)
AUbu	Build (Undead)	original	AUbu	native-engine-implicit	proven-engine-implicit	native-engine-command							0	none					Build (Undead) native command; 29 effective undead-race map units have non-empty Structures Built (sample X006,X00C,X00E,X00O,X00P,X017)
Aall	Shop Sharing, Allied Bldg.	original	Aall	control-ui-helper	proven-runtime-infrastructure	control-helper	building	building:h06M,building:h07J,building:h07K,building:hcas					0	runtime	createRoundCastlesAndContinue	createRoundCastlesAndContinue	unit_removeAbility		native allied-shop-sharing control ability on round castles; createRoundCastlesAndContinue removes it when shared control is disabled
Aasl	Slow Aura	original	Aasl	native-object-owned	proven-static-owner	native-object-data	unit	unit:n02E,unit:n02F			units:n02E:uabs,units:n02F:uabs		0	none					
AcfS	Cloud of Fog	custom	AIfg	native-object-owned+normalized-script	proven-static-owner	native+normalized-script	item	item:IcfS				perk-mechanics.tsv	0	runtime	H,OJ	OJ			
Adtg	True Sight	original	Adtg	native-object-owned	proven-static-owner	native-object-data	unit	unit:e00G					0	none					
Agra	War Club	original	Agra	protected-runtime-overlay	protected-overlay-only	protected-field-overlay					units:e00F:uabs		1	initializer/protected-data-only	xD				
Ahrp	Repair	original	Ahrp	native-object-owned	proven-static-owner	native-object-data	unit	unit:X006,unit:X00C,unit:X00E,unit:X00O,unit:X00P,unit:X017,unit:X018,unit:X019,unit:X01A,unit:X051,unit:X075,unit:X078,unit:X07P,unit:X0Z0,unit:h00C,unit:h00E,unit:h00O,unit:h00P,unit:h017,unit:h018,unit:h019,unit:h01A,unit:h051,unit:h075,unit:h078,unit:u006	unit-default-active:X006,unit-default-active:X00C,unit-default-active:X00E,unit-default-active:X00O,unit-default-active:X00P,unit-default-active:X017,unit-default-active:X018,unit-default-active:X019,unit-default-active:X01A,unit-default-active:X051,unit-default-active:X075,unit-default-active:X078,unit-default-active:X07P,unit-default-active:h00C,unit-default-active:h00E,unit-default-active:h00O,unit-default-active:h00P,unit-default-active:h017,unit-default-active:h018,unit-default-active:h019,unit-default-active:h01A,unit-default-active:h051,unit-default-active:h075,unit-default-active:h078,unit-default-active:u006		units:X00C:uabs,units:X00E:uabs,units:X00O:uabs,units:X00P:uabs,units:X017:uabs,units:X018:uabs,units:X019:uabs,units:X01A:uabs,units:X051:uabs,units:X06P:uabs,units:X075:uabs,units:X078:uabs,units:X07P:uabs,units:X089:uabs,units:X0Z0:uabs,units:h00C:uabs,units:h00E:uabs,units:h00O:uabs,units:h00P:uabs,units:h017:uabs,units:h018:uabs,units:h019:uabs,units:h01A:uabs,units:h051:uabs,units:h06P:uabs,units:h075:uabs,units:h078:uabs,units:h089:uabs		0	none					
Ahsb	Sundering Blades	original	Ahsb	unused-orphaned	proven-unused	unused							0	none					stock Sundering Blades requires Rhsb, but 9.27 has no effective Rhsb researcher or readable Rhsb script literal and all hkni-derived map units replace the stock ability list
Ane2	Select Unit	original	Ane2	native-object-owned	proven-static-owner	native-object-data	building	building:h06M,building:h07J,building:h07K,building:hcas			units:nshp:uabs		0	none					
Asla	Sleep Always	original	Asla	runtime-granted-normalized	proven-normalized-runtime	normalized-script						production-unit-special-mechanics.tsv	0	runtime	finishBearHibernate,handleTargetDamageEffects,startBearSleep	finishBearHibernate,handleTargetDamageEffects,startBearSleep	addProtectedAbility,unit_removeAbility	addProtectedAbility	
Ast9	Stasis Trap	custom	Asta	scripted-normalized	proven-normalized-runtime	normalized-script						building-spell-mechanics.tsv	0	runtime	BuildingSpellClosure_registerBuildingSpell_RaceOrcAbilities_cast_registerBuildingSpell_RaceOrcAbilities1,H	BuildingSpellClosure_registerBuildingSpell_RaceOrcAbilities_cast_registerBuildingSpell_RaceOrcAbilities1	dummyCastPointFrom		
AstB	Healing Ward Aura	custom	Aoar	scripted-normalized	proven-normalized-runtime	normalized-script						building-spell-mechanics.tsv	0	runtime	BuildingSpellClosure_registerBuildingSpell_RaceOrcAbilities_cast_registerBuildingSpell_RaceOrcAbilities2,H	BuildingSpellClosure_registerBuildingSpell_RaceOrcAbilities_cast_registerBuildingSpell_RaceOrcAbilities2	dummyCarrierWithAbility		
AstC	Endurance Aura	custom	SCae	scripted-normalized	proven-normalized-runtime	normalized-script						building-spell-mechanics.tsv	0	runtime	BuildingSpellClosure_registerBuildingSpell_RaceOrcAbilities_cast_registerBuildingSpell_RaceOrcAbilities3,H	BuildingSpellClosure_registerBuildingSpell_RaceOrcAbilities_cast_registerBuildingSpell_RaceOrcAbilities3	dummyCarrierWithAbility		
Atdg	Building Damage Aura	original	Atdg	native-object-owned	proven-static-owner	native-object-data	unit	unit:n02E			units:n02E:uabs,units:n02F:uabs		0	none					
Awha	Gather	original	Awha	native-object-owned+normalized-script	proven-static-owner	native+normalized-script	unit	unit:h06B	unit-default-active:h06B		units:e008:uabs,units:e00E:uabs,units:e00I:uabs,units:e00M:uabs,units:x001:uabs,units:x003:uabs	building-spell-mechanics.tsv,runtime-system-mechanics.tsv	0	runtime	CallbackPeriodic_doPeriodically_RaceNatureAbilities_call_doPeriodically_RaceNatureAbilities	CallbackPeriodic_doPeriodically_RaceNatureAbilities_call_doPeriodically_RaceNatureAbilities	unit_removeAbility		
IBA0	Channel	custom	ANcl	control-ui-helper	proven-runtime-infrastructure	control-helper				A0A5:spb1			1	runtime	H,gL,xD	gL	EventListener_addSpellInternal		
IBA1	Channel	custom	ANcl	control-ui-helper	proven-runtime-infrastructure	control-helper				A0A5:spb1			1	runtime	H,gL,xD	gL	EventListener_addSpellInternal		
IBA2	Channel	custom	ANcl	control-ui-helper	proven-runtime-infrastructure	control-helper				A0A5:spb1			1	runtime	H,gL,xD	gL	EventListener_addSpellInternal		
IBA3	Channel	custom	ANcl	control-ui-helper	proven-runtime-infrastructure	control-helper				A0A5:spb1			1	runtime	H,gL,xD	gL	EventListener_addSpellInternal		
IBA4	Channel	custom	ANcl	control-ui-helper	proven-runtime-infrastructure	control-helper				A0A5:spb1			1	runtime	H,gL,xD	gL	EventListener_addSpellInternal		
IBA5	Channel	custom	ANcl	control-ui-helper	proven-runtime-infrastructure	control-helper				A0A5:spb1			1	runtime	H,gL,xD	gL	EventListener_addSpellInternal		
IBA6	Channel	custom	ANcl	control-ui-helper	proven-runtime-infrastructure	control-helper				A0A5:spb1			1	runtime	H,gL,xD	gL	EventListener_addSpellInternal		
IBA7	Channel	custom	ANcl	control-ui-helper	proven-runtime-infrastructure	control-helper				A0A5:spb1			1	runtime	H,gL,xD	gL	EventListener_addSpellInternal		
IBA8	Channel	custom	ANcl	control-ui-helper	proven-runtime-infrastructure	control-helper				A0A5:spb1			1	runtime	H,gL,xD	gL	EventListener_addSpellInternal		
IBA9	Buy Speedscroll	custom	ANcl	control-ui-helper	proven-runtime-infrastructure	control-helper				A0A5:spb1			1	runtime	H,gL,xD	gL	EventListener_addSpellInternal		
S000	PAN: Breath Aura	custom	SCae	unused-orphaned	proven-unused	unused							0	initializer/protected-data-only	H				custom ability subgraph has no reachable effective unit/item association, normalized semantic root, readable runtime reference, protected overlay, or engine-implicit role
ZE2E	Channel	custom	ANcl	e2e-only	verification-only	e2e-only							0	e2e-only	H,dH				
cfOL	Chain Lightning	custom	ACcl	scripted-normalized	proven-normalized-runtime	normalized-script						item-mechanics.tsv	0	runtime	H,iJ	iJ			
