table	rawcode	base_rawcode	level	name	tip	ubertip	mana_cost	cooldown	range	area	targets	buffs	data_fields_json	data_fields_labeled_json
original	ACrj	ACrj	1	Rejuvenation	Rejuvenation	Heals a target friendly unit for <ACrj,DataA1> hit points over <ACrj,Dur1> seconds.	125	5	400	-	air,ground,friend,vuln,invu,self,organic,neutral	Brej	"{""DataA"":400,""DataB"":100,""DataC"":3,""DataD"":0}"	"{""Allow When Full"":3,""Hit Points Gained"":400,""Mana Points Gained"":100,""No Target Required"":0}"
original	ANic	ANic	1	COR: Void Walker (Incinerate)	Incinerate	Each attack onto the same target deals 7 damage more than the one before. If the target dies, it explodes dealing 40 spell damage to enemies in 90 AoE and half of the damage to units in 180 AoE	0	0	-	-	enemy,neutral,organic,nonancient	BNic	"{""DataA"":7,""DataB"":80,""DataC"":150,""DataD"":40,""DataE"":200,""DataF"":0.2}"	"{""Bonus Damage Multiplier"":7,""Death Damage Delay"":0.2,""Death Damage Full Amount"":80,""Death Damage Full Area"":150,""Death Damage Half Amount"":40,""Death Damage Half Area"":200}"
original	AUbu	AUbu	1	Build (Undead)			0	0	-	-	_		{}	{}
original	Aall	Aall	1	Shop Sharing, Allied Bldg.			0	0	4500	-	_		"{""DataA"":4500,""DataB"":1,""DataC"":1,""DataD"":1}"	"{""Activation Radius"":4500,""Interaction Type"":1,""Show Select Unit Button"":1,""Show Unit Indicator"":1}"
original	Aasl	Aasl	1	Slow Aura			0	0	 - 	350	air,enemies,ground,invulnerable,sapper,vulnerable,ward	Basl	"{""DataA"":-0.25,""DataB"":-0.25,""DataC"":"" - ""}"	"{""Always Autocast"":"" - "",""Attack Speed Factor"":-0.25,""Movement Speed Factor"":-0.25}"
original	Agra	Agra	1	War Club	War Club	Picks up a tree to give the Mountain Giant Siege damage, and increased attack range. |nLasts for <Agra,DataE1> strikes.	0	99	800	-	tree	Bgra	"{""DataA"":0.8,""DataB"":1.5,""DataC"":0,""DataD"":1,""DataE"":20}"	"{""Attach Delay"":0.8,""Disabled Attack Index"":0,""Enabled Attack Index"":1,""Maximum Attacks"":20,""Remove Delay"":1.5}"
original	Ahrp	Ahrp	1	Repair	Repair	Repairs mechanical units and structures at the cost of resources.	0	0	50	-	mechanical,friend,nonancient,ground,air,structure,bridge,alive,dead,invu,vuln		"{""DataA"":0.35,""DataB"":1.5,""DataC"":0.15,""DataD"":0.6,""DataE"":75}"	"{""Naval Range Bonus"":75,""Powerbuild Cost"":0.15,""Powerbuild Rate"":0.6,""Repair Cost Ratio"":0.35,""Repair Time Ratio"":1.5}"
original	Ane2	Ane2	1	Select Unit	Select Unit		0	0	4500	-	_		"{""DataA"":4500,""DataB"":16,""DataC"":0,""DataD"":0}"	"{""Activation Radius"":4500,""Interaction Type"":16,""Show Select Unit Button"":0,""Show Unit Indicator"":0}"
original	Asla	Asla	1	Sleep Always	Sleep	Unit sleeps until awoken.	0	0	-	-	_		"{""DataA"":1,""DataB"":1}"	"{""Allow On Any Player Slot"":1,""Sleep Once"":1}"
original	Atdg	Atdg	1	Building Damage Aura			0	0		250	enemies,mechanical,structure	Btdg	"{""DataA"":15,""DataB"":100,""DataC"":15,""DataD"":0,""DataE"":0}"	"{""Damage Per Second"":15,""Medium Damage Per Second"":15,""Medium Damage Radius"":100,""Small Damage Per Second"":0,""Small Damage Radius"":0}"
original	Awha	Awha	1	Gather	Gather	Mines gold from Entangled Gold Mines and harvests lumber from trees.	0	0	900	-	alive,dead,invulnerable,tree		"{""DataA"":5,""DataB"":5,""DataC"":150}"	"{""Art Attachment Height"":150,""Intervals Before Changing Trees"":5,""Lumber per Interval"":5}"
original	ARal	ARal	1	Sync			0	0	-	-	_		{}	{}
original	Adtg	Adtg	1	True Sight	True Sight	Reveals nearby invisible units.	0	0	1200	-	vuln,invu		"{""DataA"":3}"	"{""Detection Type"":3}"
original	Ahsb	Ahsb	1	Sundering Blades	Sundering Blades	Increases damage dealt to enemy targets with Medium armor by <Ahsb,DataB1,%>%.	0	0	-	0	ground,enemy,neutral		"{""DataA"":0,""DataB"":0.15,""DataC"":5}"	"{""Bonus Damage (Flat)"":0,""Bonus Damage (Percent)"":0.15,""Defense Type Affected"":5}"
custom	AM01	Adef	1	Leave Detect	Defend	Activate to take only <Adef,DataA1,%>% of the damage from Piercing attacks. While Defend is active, movement is reduced by <Adef,DataC1,%>% of normal speed.	0	0	-	-	air,ground,structure,debris,neutral,enemy,ward,vuln,invu		"{""DataA"":0.5,""DataB"":1,""DataC"":0.3,""DataD"":0,""DataE"":1,""DataF"":30,""DataG"":0,""DataH"":1}"	"{""Attack Speed Factor"":0,""Chance to Deflect"":30,""Damage Dealt (%)"":1,""Damage Taken (%)"":0.5,""Deflect Damage Taken (Piercing)"":0,""Deflect Damage Taken (Spells)"":1,""Magic Damage Reduction"":1,""Movement Speed Factor"":0.3}"
custom	AM02	Aro1	1	Root	Root	Burrows the Ancient's roots into the ground, rendering it immobile, but allowing it to build units. For the Ancient Protector, this allows it to hurl enormous rocks through the air to damage enemy units. Also gives the Ancient Fortified armor.	0	0	-	-	_		"{""DataA"":1,""DataB"":2,""DataC"":0,""DataD"":2}"	"{""Rooted Turning"":0,""Rooted Weapons"":1,""Uprooted Defense Type"":2,""Uprooted Weapons"":2}"
custom	AM03	Apiv	1	Permanent Invisibility			0	0	-	-	_		"{""DataA"":0}"	"{""Auto-Acquire Attack Targets"":0}"
custom	AcfS	AIfg	1	Cloud of Fog	Portable Cloud Machine	Disables tower attacks in the target area for 12 seconds.	0	60	99999	225	vuln,invu,structure	Bclf	"{""DataA"":2,""DataB"":0,""DataC"":0,""DataD"":0}"	"{""Attack Speed Modifier"":0,""Attacks Prevented"":2,""Chance To Miss (%)"":0,""Movement Speed Modifier"":0}"
custom	A0-1	ANcl	1	Blink	Blink	Teleports the worker anywhere in your castle.	0	0	10000	-	_		"{""DataA"":0,""DataB"":2,""DataC"":1,""DataD"":0,""DataE"":0,""DataF"":""blink""}"	"{""Art Duration"":0,""Base Order ID"":""blink"",""Disable Other Abilities"":0,""Follow Through Time"":0,""Options"":1,""Target Type"":2}"
custom	AM04	AIbt	1	Build Tiny Scout Tower	Build Tiny Guard Tower	"Constructs a tiny guard tower at the target location.
|cffFFFF80Attack Type:|cffFFFF00 Pierce|n|cffFFFF80Range:|cffFFFF00 900|n|cffFFFF80Average DPS:|cffFFFF00 45|r"	0	0	100	-	_		{}	{}
custom	AM05	Aroc	1	Multi Shot	Multi Shot	Shoots at 3 targets simultaneously.	0	0	-	900	air,enemies,ground		"{""DataA"":0,""DataB"":99999,""DataC"":1}"	"{""Damage Per Target"":0,""Maximum Number of Targets"":1,""Maximum Total Damage"":99999}"
custom	AM06	ANcl	1	Combat Stance: Execute	Combat Stance: Execute (switch to Open Fire)	"Currently in Execute stance. Activate to switch to Open Fire.

Execute (+25% attack damage below 35% HP, -15% above 70%).
Open Fire (+18% attack damage above 70% HP, -15% below 35%)."	0	10	500	-	_		"{""DataA"":0,""DataB"":0,""DataC"":1,""DataD"":0,""DataE"":0,""DataF"":""acidbomb""}"	"{""Art Duration"":0,""Base Order ID"":""acidbomb"",""Disable Other Abilities"":0,""Follow Through Time"":0,""Options"":1,""Target Type"":0}"
custom	AM07	ANcl	1	Combat Stance: Open Fire	Combat Stance: Open Fire (switch to Execute)	"Currently in Open Fire stance. Activate to switch to Execute.

Open Fire (+18% attack damage above 70% HP, -15% below 35%).
Execute (+25% attack damage below 35% HP, -15% above 70%)."	0	10	500	-	_		"{""DataA"":0,""DataB"":0,""DataC"":1,""DataD"":0,""DataE"":0,""DataF"":""charm""}"	"{""Art Duration"":0,""Base Order ID"":""charm"",""Disable Other Abilities"":0,""Follow Through Time"":0,""Options"":1,""Target Type"":0}"
custom	AM08	AId4	1	Item Armor Bonus	Forward Line	Provides armor while fighting outside your castle.	0	0	-	-	_		"{""DataA"":3}"	"{""Defense Bonus"":3}"
custom	AM09	AId4	1	Item Armor Bonus	Forward Line	Reduced armor while fighting inside your castle.	0	0	-	-	_		"{""DataA"":-2}"	"{""Defense Bonus"":-2}"
custom	AM0a	ANcl	1	Production Enchantment	Production Enchantment	Mark one allied production building. Units trained there gain +14% damage and +14% max HP.	0	90	99999	-	friend,structure		"{""DataA"":0,""DataB"":1,""DataC"":1,""DataD"":0,""DataE"":0,""DataF"":""cripple""}"	"{""Art Duration"":0,""Base Order ID"":""cripple"",""Disable Other Abilities"":0,""Follow Through Time"":0,""Options"":1,""Target Type"":1}"
custom	AM0d	ANcl	1	Spell Enchantment	Spell Enchantment	Mark one allied spell building for +0.20 mana regen. Other spell buildings have -0.05 mana regen.	0	90	99999	-	friend,structure		"{""DataA"":0,""DataB"":1,""DataC"":1,""DataD"":0,""DataE"":0,""DataF"":""faeriefire""}"	"{""Art Duration"":0,""Base Order ID"":""faeriefire"",""Disable Other Abilities"":0,""Follow Through Time"":0,""Options"":1,""Target Type"":1}"
custom	AM0b	AId4	1	Item Armor Bonus	Production Enchantment	This production building is enchanted. Units trained here receive the Production Enchantment bonus.	0	0	-	-	_		"{""DataA"":0}"	"{""Defense Bonus"":0}"
custom	AM0c	ACct	1	Critical Strike	Production Enchantment	Trained from an enchanted production building.	0	0	-	0	air,ground,enemy,neutral		"{""DataA"":0,""DataB"":1,""DataC"":0,""DataD"":0,""DataE"":0,""DataF"":""-""}"	"{""Chance to Critical Strike"":0,""Chance to Evade"":0,""Damage Bonus"":0,""Damage Multiplier"":1,""Exclude Item Damage"":""-"",""Never Miss"":0}"
custom	AM0e	ACct	1	Critical Strike	Spell Enchantment	This spell building is enchanted for +0.20 mana regen.	0	0	-	0	air,ground,enemy,neutral		"{""DataA"":0,""DataB"":1,""DataC"":0,""DataD"":0,""DataE"":0,""DataF"":""-""}"	"{""Chance to Critical Strike"":0,""Chance to Evade"":0,""Damage Bonus"":0,""Damage Multiplier"":1,""Exclude Item Damage"":""-"",""Never Miss"":0}"
custom	AM0f	ACct	1	Critical Strike	Critical Strike	Gives a <ACct,DataA1>% chance to do <ACct,DataB1> times normal damage on an attack.	0	0	-	0	air,ground,enemy,neutral		"{""DataA"":20,""DataB"":2,""DataC"":0,""DataD"":0,""DataE"":0,""DataF"":""-""}"	"{""Chance to Critical Strike"":20,""Chance to Evade"":0,""Damage Bonus"":0,""Damage Multiplier"":2,""Exclude Item Damage"":""-"",""Never Miss"":0}"
custom	AM0g	ACct	1	Critical Strike	Critical Strike	Gives a <ACct,DataA1>% chance to do <ACct,DataB1> times normal damage on an attack.	0	0	-	0	air,ground,enemy,neutral		"{""DataA"":20,""DataB"":2,""DataC"":0,""DataD"":0,""DataE"":0,""DataF"":""-""}"	"{""Chance to Critical Strike"":20,""Chance to Evade"":0,""Damage Bonus"":0,""Damage Multiplier"":2,""Exclude Item Damage"":""-"",""Never Miss"":0}"
custom	AM0h	ACct	1	Critical Strike	Critical Strike	Gives a <ACct,DataA1>% chance to do <ACct,DataB1> times normal damage on an attack.	0	0	-	0	air,ground,enemy,neutral		"{""DataA"":20,""DataB"":2,""DataC"":0,""DataD"":0,""DataE"":0,""DataF"":""-""}"	"{""Chance to Critical Strike"":20,""Chance to Evade"":0,""Damage Bonus"":0,""Damage Multiplier"":2,""Exclude Item Damage"":""-"",""Never Miss"":0}"
custom	AM0i	ACct	1	Critical Strike	Critical Strike	Gives a <ACct,DataA1>% chance to do <ACct,DataB1> times normal damage on an attack.	0	0	-	0	air,ground,enemy,neutral		"{""DataA"":20,""DataB"":2,""DataC"":0,""DataD"":0,""DataE"":0,""DataF"":""-""}"	"{""Chance to Critical Strike"":20,""Chance to Evade"":0,""Damage Bonus"":0,""Damage Multiplier"":2,""Exclude Item Damage"":""-"",""Never Miss"":0}"
custom	AM0j	ACct	1	Critical Strike	Critical Strike	Gives a <ACct,DataA1>% chance to do <ACct,DataB1> times normal damage on an attack.	0	0	-	0	air,ground,enemy,neutral		"{""DataA"":20,""DataB"":2,""DataC"":0,""DataD"":0,""DataE"":0,""DataF"":""-""}"	"{""Chance to Critical Strike"":20,""Chance to Evade"":0,""Damage Bonus"":0,""Damage Multiplier"":2,""Exclude Item Damage"":""-"",""Never Miss"":0}"
custom	AM0k	ACct	1	Critical Strike	Critical Strike	Gives a <ACct,DataA1>% chance to do <ACct,DataB1> times normal damage on an attack.	0	0	-	0	air,ground,enemy,neutral		"{""DataA"":20,""DataB"":2,""DataC"":0,""DataD"":0,""DataE"":0,""DataF"":""-""}"	"{""Chance to Critical Strike"":20,""Chance to Evade"":0,""Damage Bonus"":0,""Damage Multiplier"":2,""Exclude Item Damage"":""-"",""Never Miss"":0}"
custom	AM0l	ACct	1	Critical Strike	Critical Strike	Gives a <ACct,DataA1>% chance to do <ACct,DataB1> times normal damage on an attack.	0	0	-	0	air,ground,enemy,neutral		"{""DataA"":20,""DataB"":2,""DataC"":0,""DataD"":0,""DataE"":0,""DataF"":""-""}"	"{""Chance to Critical Strike"":20,""Chance to Evade"":0,""Damage Bonus"":0,""Damage Multiplier"":2,""Exclude Item Damage"":""-"",""Never Miss"":0}"
custom	AM0m	ACct	1	Critical Strike	Critical Strike	Gives a <ACct,DataA1>% chance to do <ACct,DataB1> times normal damage on an attack.	0	0	-	0	air,ground,enemy,neutral		"{""DataA"":20,""DataB"":2,""DataC"":0,""DataD"":0,""DataE"":0,""DataF"":""-""}"	"{""Chance to Critical Strike"":20,""Chance to Evade"":0,""Damage Bonus"":0,""Damage Multiplier"":2,""Exclude Item Damage"":""-"",""Never Miss"":0}"
custom	AM0o	ACct	1	Critical Strike	Critical Strike	Gives a <ACct,DataA1>% chance to do <ACct,DataB1> times normal damage on an attack.	0	0	-	0	air,ground,enemy,neutral		"{""DataA"":20,""DataB"":2,""DataC"":0,""DataD"":0,""DataE"":0,""DataF"":""-""}"	"{""Chance to Critical Strike"":20,""Chance to Evade"":0,""Damage Bonus"":0,""Damage Multiplier"":2,""Exclude Item Damage"":""-"",""Never Miss"":0}"
custom	AM0p	ACct	1	Critical Strike	Critical Strike	Gives a <ACct,DataA1>% chance to do <ACct,DataB1> times normal damage on an attack.	0	0	-	0	air,ground,enemy,neutral		"{""DataA"":20,""DataB"":2,""DataC"":0,""DataD"":0,""DataE"":0,""DataF"":""-""}"	"{""Chance to Critical Strike"":20,""Chance to Evade"":0,""Damage Bonus"":0,""Damage Multiplier"":2,""Exclude Item Damage"":""-"",""Never Miss"":0}"
custom	AM0q	ACct	1	Critical Strike	Critical Strike	Gives a <ACct,DataA1>% chance to do <ACct,DataB1> times normal damage on an attack.	0	0	-	0	air,ground,enemy,neutral		"{""DataA"":20,""DataB"":2,""DataC"":0,""DataD"":0,""DataE"":0,""DataF"":""-""}"	"{""Chance to Critical Strike"":20,""Chance to Evade"":0,""Damage Bonus"":0,""Damage Multiplier"":2,""Exclude Item Damage"":""-"",""Never Miss"":0}"
custom	AM0r	ACct	1	Critical Strike	Critical Strike	Gives a <ACct,DataA1>% chance to do <ACct,DataB1> times normal damage on an attack.	0	0	-	0	air,ground,enemy,neutral		"{""DataA"":20,""DataB"":2,""DataC"":0,""DataD"":0,""DataE"":0,""DataF"":""-""}"	"{""Chance to Critical Strike"":20,""Chance to Evade"":0,""Damage Bonus"":0,""Damage Multiplier"":2,""Exclude Item Damage"":""-"",""Never Miss"":0}"
custom	AM0t	ACct	1	Critical Strike	Critical Strike	Gives a <ACct,DataA1>% chance to do <ACct,DataB1> times normal damage on an attack.	0	0	-	0	air,ground,enemy,neutral		"{""DataA"":20,""DataB"":2,""DataC"":0,""DataD"":0,""DataE"":0,""DataF"":""-""}"	"{""Chance to Critical Strike"":20,""Chance to Evade"":0,""Damage Bonus"":0,""Damage Multiplier"":2,""Exclude Item Damage"":""-"",""Never Miss"":0}"
custom	AM0u	ACct	1	Critical Strike	Critical Strike	Gives a <ACct,DataA1>% chance to do <ACct,DataB1> times normal damage on an attack.	0	0	-	0	air,ground,enemy,neutral		"{""DataA"":20,""DataB"":2,""DataC"":0,""DataD"":0,""DataE"":0,""DataF"":""-""}"	"{""Chance to Critical Strike"":20,""Chance to Evade"":0,""Damage Bonus"":0,""Damage Multiplier"":2,""Exclude Item Damage"":""-"",""Never Miss"":0}"
custom	AM0w	ACct	1	Critical Strike	Critical Strike	Gives a <ACct,DataA1>% chance to do <ACct,DataB1> times normal damage on an attack.	0	0	-	0	air,ground,enemy,neutral		"{""DataA"":20,""DataB"":2,""DataC"":0,""DataD"":0,""DataE"":0,""DataF"":""-""}"	"{""Chance to Critical Strike"":20,""Chance to Evade"":0,""Damage Bonus"":0,""Damage Multiplier"":2,""Exclude Item Damage"":""-"",""Never Miss"":0}"
custom	AM0x	ACct	1	Critical Strike	Critical Strike	Gives a <ACct,DataA1>% chance to do <ACct,DataB1> times normal damage on an attack.	0	0	-	0	air,ground,enemy,neutral		"{""DataA"":20,""DataB"":2,""DataC"":0,""DataD"":0,""DataE"":0,""DataF"":""-""}"	"{""Chance to Critical Strike"":20,""Chance to Evade"":0,""Damage Bonus"":0,""Damage Multiplier"":2,""Exclude Item Damage"":""-"",""Never Miss"":0}"
custom	ZE2E	ANcl	1	Channel	 	Channels powerful warding magic.	0	0	500	-	_		"{""DataA"":180,""DataB"":0,""DataC"":0,""DataD"":0.98,""DataE"":1,""DataF"":""channel""}"	"{""Art Duration"":0.98,""Base Order ID"":""channel"",""Disable Other Abilities"":1,""Follow Through Time"":180,""Options"":0,""Target Type"":0}"
custom	ZE2E	ANcl	2	Channel	 	Channels powerful warding magic.	0	0	500	-	_		"{""DataA"":180,""DataB"":0,""DataC"":0,""DataD"":0.98,""DataE"":1,""DataF"":""-""}"	"{""Art Duration"":0.98,""Base Order ID"":""-"",""Disable Other Abilities"":1,""Follow Through Time"":180,""Options"":0,""Target Type"":0}"
custom	ZE2E	ANcl	3	Channel	 	Channels powerful warding magic.	0	0	500	-	_		"{""DataA"":180,""DataB"":0,""DataC"":0,""DataD"":0.98,""DataE"":1,""DataF"":""-""}"	"{""Art Duration"":0.98,""Base Order ID"":""-"",""Disable Other Abilities"":1,""Follow Through Time"":180,""Options"":0,""Target Type"":0}"
custom	ZE2E	ANcl	4	Channel	 								{}	{}
custom	ZE2E	ANcl	5	Channel	 								{}	{}
custom	ZE2E	ANcl	6	Channel	 								{}	{}
custom	ZE2E	ANcl	7	Channel	 								{}	{}
custom	ZE2E	ANcl	8	Channel	 								{}	{}
custom	ZE2E	ANcl	9	Channel	 								{}	{}
custom	ZE2E	ANcl	10	Channel	 								{}	{}
custom	ZE2E	ANcl	11	Channel	 								{}	{}
custom	ZE2E	ANcl	12	Channel	 								{}	{}
custom	ZE2E	ANcl	13	Channel	 								{}	{}
custom	ZE2E	ANcl	14	Channel	 								{}	{}
custom	ZE2E	ANcl	15	Channel	 								{}	{}
custom	ZE2E	ANcl	16	Channel	 								{}	{}
custom	ZE2E	ANcl	17	Channel	 								{}	{}
custom	ZE2E	ANcl	18	Channel	 								{}	{}
custom	ZE2E	ANcl	19	Channel	 								{}	{}
custom	ZE2E	ANcl	20	Channel	 								{}	{}
custom	ZE2E	ANcl	21	Channel	 								{}	{}
custom	ZE2E	ANcl	22	Channel	 								{}	{}
custom	ZE2E	ANcl	23	Channel	 								{}	{}
custom	ZE2E	ANcl	24	Channel	 								{}	{}
custom	ZE2E	ANcl	25	Channel	 								{}	{}
custom	ZE2E	ANcl	26	Channel	 								{}	{}
custom	ZE2E	ANcl	27	Channel	 								{}	{}
custom	ZE2E	ANcl	28	Channel	 								{}	{}
custom	ZE2E	ANcl	29	Channel	 								{}	{}
custom	ZE2E	ANcl	30	Channel	 								{}	{}
custom	ZE2E	ANcl	31	Channel	 								{}	{}
custom	ZE2E	ANcl	32	Channel	 								{}	{}
custom	ZE2E	ANcl	33	Channel	 								{}	{}
custom	ZE2E	ANcl	34	Channel	 								{}	{}
custom	ZE2E	ANcl	35	Channel	 								{}	{}
custom	ZE2E	ANcl	36	Channel	 								{}	{}
custom	ZE2E	ANcl	37	Channel	 								{}	{}
custom	ZE2E	ANcl	38	Channel	 								{}	{}
custom	ZE2E	ANcl	39	Channel	 								{}	{}
custom	ZE2E	ANcl	40	Channel	 								{}	{}
custom	ZE2E	ANcl	41	Channel	 								{}	{}
custom	ZE2E	ANcl	42	Channel	 								{}	{}
custom	ZE2E	ANcl	43	Channel	 								{}	{}
custom	ZE2E	ANcl	44	Channel	 								{}	{}
custom	ZE2E	ANcl	45	Channel	 								{}	{}
custom	ZE2E	ANcl	46	Channel	 								{}	{}
custom	ZE2E	ANcl	47	Channel	 								{}	{}
custom	ZE2E	ANcl	48	Channel	 								{}	{}
custom	ZE2E	ANcl	49	Channel	 								{}	{}
custom	ZE2E	ANcl	50	Channel	 								{}	{}
custom	ZE2E	ANcl	51	Channel	 								{}	{}
custom	ZE2E	ANcl	52	Channel	 								{}	{}
custom	ZE2E	ANcl	53	Channel	 								{}	{}
custom	ZE2E	ANcl	54	Channel	 								{}	{}
custom	ZE2E	ANcl	55	Channel	 								{}	{}
custom	ZE2E	ANcl	56	Channel	 								{}	{}
custom	ZE2E	ANcl	57	Channel	 								{}	{}
custom	ZE2E	ANcl	58	Channel	 								{}	{}
custom	ZE2E	ANcl	59	Channel	 								{}	{}
custom	ZE2E	ANcl	60	Channel	 								{}	{}
custom	ZE2E	ANcl	61	Channel	 								{}	{}
custom	ZE2E	ANcl	62	Channel	 								{}	{}
custom	ZE2E	ANcl	63	Channel	 								{}	{}
custom	ZE2E	ANcl	64	Channel	 								{}	{}
custom	cfOL	ACcl	1	Chain Lightning	Chain Lightning	Hurls a bolt of lightning that bounces up to <ACcl,DataB1> times, dealing <ACcl,DataA1> damage to the primary target. Each jump deals less damage.	0	0	99999	600	air,enemies,ground,neutral		"{""DataA"":1000,""DataB"":4,""DataC"":0.1}"	"{""Damage Reduction per Target"":0.1,""Damage per Target"":1000,""Number of Targets Hit"":4}"
custom	cfOL	ACcl	2	Chain Lightning			0	0	99999	600	air,enemies,ground,neutral		"{""DataA"":1000,""DataB"":6,""DataC"":0.1}"	"{""Damage Reduction per Target"":0.1,""Damage per Target"":1000,""Number of Targets Hit"":6}"
custom	cfOL	ACcl	3	Chain Lightning			0	0	99999	600	air,enemies,ground,neutral		"{""DataA"":1000,""DataB"":8,""DataC"":0.1}"	"{""Damage Reduction per Target"":0.1,""Damage per Target"":1000,""Number of Targets Hit"":8}"
custom	cfOL	ACcl	4	Chain Lightning			0	0	99999	600	air,enemies,ground,neutral		"{""DataA"":1000,""DataB"":10,""DataC"":0.1}"	"{""Damage Reduction per Target"":0.1,""Damage per Target"":1000,""Number of Targets Hit"":10}"
custom	cfOL	ACcl	5	Chain Lightning			0	0	99999	600	air,enemies,ground,neutral		"{""DataA"":1000,""DataB"":12,""DataC"":0.1}"	"{""Damage Reduction per Target"":0.1,""Damage per Target"":1000,""Number of Targets Hit"":12}"
custom	A000	Apxf	1	HEL: Obelisk of Light	Phoenix Fire	Fires down streams of flame, lighting nearby enemies on fire.	0	5		99999	ground,air,enemy	B01M	"{""DataA"":180,""DataB"":0}"	"{""Damage Per Second"":0,""Initial Damage"":180}"
custom	A001	AEbl	1	Blink	Blink [|cffffcc00D|r]	Teleports the worker a short distance	9999	99	99999	-	_		"{""DataA"":30000,""DataB"":100}"	"{""Maximum Range"":30000,""Minimum Range"":100}"
custom	A002	Apxf	1	Death	Phoenix Fire	Fires down streams of flame, lighting nearby enemies on fire.	0	10		99999	ground,air,enemy		"{""DataA"":9999,""DataB"":0}"	"{""Damage Per Second"":0,""Initial Damage"":9999}"
custom	A003	Afbt	1	Feedback	Feedback	This tower's attacks destroy <Afbt,DataA1> mana per hit against any unit, causing bonus damage equal to the mana destroyed.|n|nAdditionally, attacks made by this tower cause <Afbt,DataE1> bonus damage against summoned units.	0	0	-	-	air,ground,enemy,neutral		"{""DataA"":25,""DataB"":1,""DataC"":25,""DataD"":1,""DataE"":10}"	"{""Damage Ratio - Heros (%)"":1,""Damage Ratio - Units (%)"":1,""Max Mana Drained - Heros"":25,""Max Mana Drained - Units"":25,""Summoned Damage"":10}"
custom	A004	Ahea	1	NAT: Dryad (natures touch)	Heal	Heals a target friendly non-mechanical wounded unit for <Ahea,DataA1> hit points.	9999	99	250	-	air,friend,ground,invulnerable,neutral,nonancient,organic,self,vulnerable	Bhea	"{""DataA"":75}"	"{""Hit Points Gained"":75}"
custom	A005	ANfs	1	Rescue Strike	Rescue Strike [|cffffcc00V|r]	Kills all enemies in the target area and reveals stealthed enemies in a larger area.|n|n |cffFF0000WARNING: You can use this spell only once per round. Use it wisely, it decides most matches!|r	9999	99	1000	700	air,enemies,ground,sapper	BHfs	"{""DataA"":0,""DataB"":0.33,""DataC"":0,""DataD"":1,""DataE"":1,""DataF"":""-""}"	"{""Building Reduction"":1,""Full Damage Dealt"":0,""Full Damage Interval"":0.33,""Half Damage Dealt"":0,""Half Damage Interval"":1,""Maximum Damage"":""-""}"
custom	A006	ACpv	1	Pulverize	Pulverize	Gives a <ACpv,DataA1>% chance that an attack will deal <ACpv,DataB1> damage to nearby units.	0	0	-	-	ground,enemy,neutral		"{""DataA"":30,""DataB"":100,""DataC"":150,""DataD"":250}"	"{""Chance to Stomp (%)"":30,""Damage Dealt"":100,""Full Damage Radius"":150,""Half Damage Radius"":250}"
custom	A007	ACnr	1	Life Regeneration Aura			0	0	-	700	air,friend,ground,invulnerable,vulnerable		"{""DataA"":7.5,""DataB"":0}"	"{""Amount of Hit Points Regenerated"":7.5,""Percentage"":0}"
custom	A008	ACnr	1	Life Regeneration Aura			0	0	-	700	air,friend,ground,invulnerable,nonsapper,self,structure,vulnerable		"{""DataA"":2.5,""DataB"":0}"	"{""Amount of Hit Points Regenerated"":2.5,""Percentage"":0}"
custom	A009	ACce	1	Cleaving Attack	Cleaving Attack	The creature strikes with such force that <ACce,DataA1,%>% of their damage strikes through to enemies near the primary attacked unit.	0	0	-	230	ground,enemy,neutral		"{""DataA"":0.35}"	"{""Distributed Damage Factor"":0.35}"
custom	A00A	Ahrp	1	Repair	Repair	Repairs buildings.	0	0	50	-	mechanical,friend,nonancient,ground,air,structure,bridge,alive,dead,invu,vuln		"{""DataA"":0.35,""DataB"":1.5,""DataC"":0.15,""DataD"":0.6,""DataE"":75}"	"{""Naval Range Bonus"":75,""Powerbuild Cost"":0.15,""Powerbuild Rate"":0.6,""Repair Cost Ratio"":0.35,""Repair Time Ratio"":1.5}"
custom	A00B	AHtc	1	Thunder Clap	Thunder Clap - [|cffffcc00Level 1|r]	Slams the ground, dealing <AHtc,DataA1> damage to nearby enemy land units and slowing their movement by <AHtc,DataC1,%>% and attack rate by <AHtc,DataD1,%>%.	9999	99	-	375	enemies,ground	B01W	"{""DataA"":40,""DataB"":0,""DataC"":0.5,""DataD"":0.5,""DataE"":""-""}"	"{""AOE Damage"":40,""Attack Speed Reduction (%)"":0.5,""Maximum Damage"":""-"",""Movement Speed Reduction (%)"":0.5,""Specific Target Damage"":0}"
custom	A00C	Aspo	1	Slow Poison	Slow Poison	A poison attack that deals <Aspo,DataA1> damage per second, and slows the target enemy's movement by <Aspo,DataB1,%>% and attack by <Aspo,DataC1,%>% for <Aspo,Dur1> seconds.	0	0	-	-	air,ground,organic	Bspo,Bssd	"{""DataA"":4,""DataB"":0.35,""DataC"":0.35,""DataD"":1}"	"{""Attack Speed Factor"":0.35,""Damage Per Second"":4,""Movement Speed Factor"":0.35,""Stacking Type"":1}"
custom	A00D	ACct	1	Critical Strike	Critical Strike	Gives a <ACct,DataA1>% chance to do <ACct,DataB1> times normal damage on an attack.	0	0	-	0	air,ground,enemy,neutral		"{""DataA"":10,""DataB"":2,""DataC"":0,""DataD"":0,""DataE"":0,""DataF"":""-""}"	"{""Chance to Critical Strike"":10,""Chance to Evade"":0,""Damage Bonus"":0,""Damage Multiplier"":2,""Exclude Item Damage"":""-"",""Never Miss"":0}"
custom	A00E	Apxf	1	Kills	Phoenix Fire	Fires down streams of flame, lighting nearby enemies on fire.	0	0.5		900	ground,air,enemy		"{""DataA"":75,""DataB"":0}"	"{""Damage Per Second"":0,""Initial Damage"":75}"
custom	A00F	AHab	1	Brilliance Aura	Brilliance Aura - [|cffffcc00Level 1|r]	Gives additional mana regeneration to nearby friendly units.	-	0	-	0	self	B011	"{""DataA"":1,""DataB"":0}"	"{""Mana Regeneration Increase"":1,""Percent Bonus"":0}"
custom	A00G	Apsh	1	Phase Shift	Phase Shift	Causes this unit to shift out of existence whenever it takes damage, temporarily avoiding any further damage. |nLasts <Apsh,Dur1> second.	9999	99	-	-	_	Bpsh	"{""DataA"":0,""DataB"":0}"	"{""Attack Speed Reduction (%)"":0,""Movement Speed Reduction (%)"":0}"
custom	A00H	AHfa	1	TriggerAttack	Searing Arrows - [|cffffcc00Level 1|r]	Adds <AHfa,DataA1> bonus fire damage to an attack against enemies, but drains mana with each shot fired.	9999	99	600	-	air,enemies,ground,neutral		"{""DataA"":0}"	"{""Damage Bonus"":0}"
custom	A00I	AEfk	1	Fan of Knives	Fan of Knives - [|cffffcc00Level 1|r]	The Warden hurls a flurry of knives, damaging nearby enemies. Each knife does <AEfk,DataA1> damage.	9999	99	-	370	air,enemies,ground		"{""DataA"":270,""DataB"":99999,""DataC"":0,""DataD"":100}"	"{""Damage Per Target"":270,""Maximum Number of Targets"":0,""Maximum Speed Adjustment"":100,""Maximum Total Damage"":99999}"
custom	A00J	Aspb	1	Spell Book			0	0	-	-	_		"{""DataA"":"""",""DataB"":1,""DataC"":0,""DataD"":0,""DataE"":""spellbook""}"	"{""Base Order ID"":""spellbook"",""Maximum Spells"":0,""Minimum Spells"":0,""Shared Spell Cooldown"":1,""Spell List"":""""}"
custom	A00J	Aspb	2	Spell Book									"{""DataA"":""A027"",""DataC"":1,""DataD"":1}"	"{""Maximum Spells"":1,""Minimum Spells"":1,""Spell List"":""A027""}"
custom	A00J	Aspb	3	Spell Book									"{""DataA"":""A027,A0A1"",""DataC"":2,""DataD"":2}"	"{""Maximum Spells"":2,""Minimum Spells"":2,""Spell List"":""A027,A0A1""}"
custom	A00J	Aspb	4	Spell Book									"{""DataA"":""A027,A0A1,A0A2"",""DataC"":3,""DataD"":3}"	"{""Maximum Spells"":3,""Minimum Spells"":3,""Spell List"":""A027,A0A1,A0A2""}"
custom	A00J	Aspb	5	Spell Book									"{""DataA"":""A027,A0A1,A0A2,A0A4"",""DataC"":4,""DataD"":4}"	"{""Maximum Spells"":4,""Minimum Spells"":4,""Spell List"":""A027,A0A1,A0A2,A0A4""}"
custom	A00K	ACpa	1	Parasite	Parasite	Afflicts a target enemy unit with a deadly parasite that deals <ANpa,DataA1> damage per second for <ANpa,Dur1> seconds. If the afflicted unit dies while under the effect of Parasite, a minor minion will spawn from its corpse.	9999	99	90	-	air,enemies,ground,neutral,nonhero	B019	"{""DataA"":0,""DataB"":0,""DataC"":0,""DataD"":0,""DataE"":1}"	"{""Attack Speed Factor"":0,""Damage per Second"":0,""Movement Speed Factor"":0,""Stacking Type"":0,""Summoned Unit Count"":1}"
custom	A00L	ACcl	1	Chain Lightning	Chain Lightning	Hurls a bolt of lightning that bounces up to <ACcl,DataB1> times, dealing <ACcl,DataA1> damage to the primary target. Each jump deals less damage.	9999	99	800	600	air,enemies,ground,neutral		"{""DataA"":230,""DataB"":7,""DataC"":0.2}"	"{""Damage Reduction per Target"":0.2,""Damage per Target"":230,""Number of Targets Hit"":7}"
custom	A00M	ACpa	1	Parasite	Earthquake	Splits the earth below a random enemy unit, damaging and slowing all enemy ground units in that region. Deals 40 spell damage, slows by 50% for 10 seconds.|n|n|cffFFFF80Cooldown:|cffFFFF00 10 |rseconds	9999	99	99999	-	enemies,ground,invulnerable,mechanical,neutral,structure		"{""DataA"":0,""DataB"":0,""DataC"":0,""DataD"":0,""DataE"":1}"	"{""Attack Speed Factor"":0,""Damage per Second"":0,""Movement Speed Factor"":0,""Stacking Type"":0,""Summoned Unit Count"":1}"
custom	A00N	ACch	1	Charm	Charm	Takes permanent control of a target enemy unit. |nCharm cannot be used on Heroes, or creeps above level <ACch,DataA1>.	9999	20	99999	-	air,ground,nonhero,enemy,neutral		"{""DataA"":5}"	"{""Maximum Creep Level"":5}"
custom	A00O	ACpa	1	NAG: Oracle	Control Enemy	Gains control of a random enemy unit.|n|n|cffFFFF80Cooldown:|cffFFFF00 16 |rseconds	9999	99	99999	-	enemies,ground,invulnerable,mechanical,neutral,structure		"{""DataA"":0,""DataB"":0,""DataC"":0,""DataD"":0,""DataE"":1}"	"{""Attack Speed Factor"":0,""Damage per Second"":0,""Movement Speed Factor"":0,""Stacking Type"":0,""Summoned Unit Count"":1}"
custom	A00P	ACcv	1	Crushing Wave	Tidal Wave	Hurls a gigantic wave that deals 200 damage to ground units in a line.	9999	99	99999	200	enemies,ground,neutral	BUcs	"{""DataA"":270,""DataB"":99999,""DataC"":12000,""DataD"":200}"	"{""Damage"":270,""Distance"":12000,""Final Area"":200,""Max Damage"":99999}"
custom	A00Q	ACpv	1	Pulverize	Pulverize	Gives a <ACpv,DataA1>% chance that an attack will deal <ACpv,DataB1> damage to nearby units.	0	0	-	-	ground,enemy,neutral		"{""DataA"":30,""DataB"":300,""DataC"":150,""DataD"":250}"	"{""Chance to Stomp (%)"":30,""Damage Dealt"":300,""Full Damage Radius"":150,""Half Damage Radius"":250}"
custom	A00R	ANde	1	Demolish	Demolish	Causes attacks to do <ANde,DataB1> times normal damage to buildings.	0	0	-	-	enemy,structure		"{""DataA"":100,""DataB"":2,""DataC"":0,""DataD"":0}"	"{""Chance to Demolish"":100,""Damage Multiplier (Buildings)"":2,""Damage Multiplier (Heroes)"":0,""Damage Multiplier (Units)"":0}"
custom	A00S	AOcr	1	Killer Strike	Critical Strike - [|cffffcc00Level 1|r]	Gives a <AOcr,DataA1>% chance to do <AOcr,DataB1> times normal damage on an attack.	-	0	-	0	air,ground,enemy,neutral		"{""DataA"":30,""DataB"":20,""DataC"":0,""DataD"":0,""DataE"":0,""DataF"":0}"	"{""Chance to Critical Strike"":30,""Chance to Evade"":0,""Damage Bonus"":0,""Damage Multiplier"":20,""Exclude Item Damage"":0,""Never Miss"":0}"
custom	A00T	ACes	1	Evasion	Evasion	Gives a <ACes,DataA1,%>% percent chance to avoid an attack.	-	0	-	-	_		"{""DataA"":0.08}"	"{""Chance to Evade"":0.08}"
custom	A00U	ACev	1	Evasion	Evasion	Gives a <ACev,DataA1,%>% percent chance to avoid an attack.	-	0	-	-	_		"{""DataA"":0.15}"	"{""Chance to Evade"":0.15}"
custom	A00V	ACct	1	Critical Strike	Critical Strike	Gives a <ACct,DataA1>% chance to do <ACct,DataB1> times normal damage on an attack.	0	0	-	0	air,ground,enemy,neutral		"{""DataA"":25,""DataB"":2.5,""DataC"":0,""DataD"":0,""DataE"":0,""DataF"":""-""}"	"{""Chance to Critical Strike"":25,""Chance to Evade"":0,""Damage Bonus"":0,""Damage Multiplier"":2.5,""Exclude Item Damage"":""-"",""Never Miss"":0}"
custom	A00W	ACff	1	Faerie Fire	Faerie Fire	Reduces a target enemy unit's armor by <ACff,DataA1> and gives vision of that unit. |nLasts <ACff,Dur1> seconds.	9999	99	900	-	air,ground,enemy,neutral	Bfae	"{""DataA"":6,""DataB"":1}"	"{""Always Autocast"":1,""Defense Reduction"":6}"
custom	A00X	Ahea	1	HEL: Wizard (Heal (dummy))	Heal	Heals a target friendly non-mechanical wounded unit for <Ahea,DataA1> hit points.	9999	99	500	-	air,ground,friend,vuln,invu,self,organic,nonancient,neutral	Bhea	"{""DataA"":1}"	"{""Hit Points Gained"":1}"
custom	A00Y	AChv	1	HEL: Wizard (Heal)	Healing Wave	Calls forth a wave of healing energy that bounces up to <AChv,DataB1> times, healing <AChv,DataA1> damage on the primary target. Each jump heals less damage.	9999	99	900	500	air,ground,friend,self,vuln,invu,organic		"{""DataA"":300,""DataB"":6,""DataC"":0.2}"	"{""Damage Reduction per Target"":0.2,""Damage per Target"":300,""Number of Targets Hit"":6}"
custom	A00Z	AIlx	1	HEL: Wizard (Lightning)			0	0	-	-	air,enemies,ground,ward		"{""DataA"":0,""DataB"":30,""DataC"":30,""DataD"":30,""DataE"":0}"	"{""Chance To Hit Heros (%)"":30,""Chance To Hit Summons (%)"":30,""Chance To Hit Units (%)"":30,""Damage Bonus"":0,""Enabled Attack Index"":0}"
custom	A010	Apxf	1	Phoenix Fire	Phoenix Fire	Fires down streams of flame, lighting nearby enemies on fire.	0	3		700	air,enemies,ground,structure	B01D	"{""DataA"":75,""DataB"":25}"	"{""Damage Per Second"":25,""Initial Damage"":75}"
custom	A011	AHad	1	Devotion Aura	Devotion Aura - [|cffffcc00Level 1|r]	Gives <AHad,DataA1,.> additional armor to nearby friendly units.	0	0	-	450	air,ground,friend,self,vuln,invu	BHad	"{""DataA"":2,""DataB"":0}"	"{""Armor Bonus"":2,""Percent Bonus"":0}"
custom	A012	ANpi	1	Permanent Immolation	Permanent Immolation	Burns nearby enemy units for <ANpi,DataA1> points of damage per second.	0	0	-	300	air,enemies,ground,neutral	BNpi	"{""DataA"":33,""DataB"":0,""DataC"":0}"	"{""Buffer Mana Required"":0,""Damage per Interval"":33,""Mana Drained per Second"":0}"
custom	A013	Aasl	1	Slow Aura			0	0	 - 	0	_	B01E	"{""DataA"":0,""DataB"":0,""DataC"":"" - ""}"	"{""Always Autocast"":"" - "",""Attack Speed Factor"":0,""Movement Speed Factor"":0}"
custom	A014	Afbt	1	Feedback	Feedback	This tower's attacks destroy <Afbt,DataA1> mana per hit against any unit, causing bonus damage equal to the mana destroyed.|n|nAdditionally, attacks made by this tower cause <Afbt,DataE1> bonus damage against summoned units.	0	0	-	-	air,ground,enemy,neutral		"{""DataA"":40,""DataB"":1,""DataC"":40,""DataD"":1,""DataE"":10}"	"{""Damage Ratio - Heros (%)"":1,""Damage Ratio - Units (%)"":1,""Max Mana Drained - Heros"":40,""Max Mana Drained - Units"":40,""Summoned Damage"":10}"
custom	A015	Aroc	1	Barrage	Multi Shot	This tower shoots at up to 5 enemies at once	0	99	-	600	air,enemies,ground		"{""DataA"":0,""DataB"":99999,""DataC"":3}"	"{""Damage Per Target"":0,""Maximum Number of Targets"":3,""Maximum Total Damage"":99999}"
custom	A016	Ablo	1	Gjall Horn Buff	Bloodlust	Increases a friendly unit's attack rate by <Ablo,DataA1,%>% and movement speed by <Ablo,DataB1,%>%. |nLasts <Ablo,Dur1> seconds.	9999	99	600	-	air,friend,ground,neutral	B000	"{""DataA"":0.4,""DataB"":0,""DataC"":0.2}"	"{""Attack Speed Increase (%)"":0.4,""Movement Speed Increase (%)"":0,""Scaling Factor"":0.2}"
custom	A016	Ablo	2	Gjall Horn Buff					600		air,friend,ground,neutral	B000	"{""DataA"":0.45,""DataC"":0.225}"	"{""Attack Speed Increase (%)"":0.45,""Scaling Factor"":0.225}"
custom	A016	Ablo	3	Gjall Horn Buff					600		air,friend,ground,neutral	B000	"{""DataA"":0.5,""DataC"":0.25}"	"{""Attack Speed Increase (%)"":0.5,""Scaling Factor"":0.25}"
custom	A016	Ablo	4	Gjall Horn Buff					600		air,friend,ground,neutral	B000	"{""DataA"":0.55,""DataC"":0.25}"	"{""Attack Speed Increase (%)"":0.55,""Scaling Factor"":0.25}"
custom	A017	ACpa	1	Parasite	Hex	Turns random enemy unit into a sheep for 45 seconds.|n|n|cffFFFF80Cooldown:|cffFFFF00 10 |rseconds	9999	99	99999	-	enemies,ground,invulnerable,mechanical,neutral,structure		"{""DataA"":0,""DataB"":0,""DataC"":0,""DataD"":0,""DataE"":1}"	"{""Attack Speed Factor"":0,""Damage per Second"":0,""Movement Speed Factor"":0,""Stacking Type"":0,""Summoned Unit Count"":1}"
custom	A018	AOhx	1	Hex	Hex - [|cffffcc00Level 1|r]	Transforms an enemy unit into a random critter for <AOhx,Dur1> seconds. Hex disables a unit’s abilities, item usage, ability to attack, and slows the unit to minimum movement speed.	9999	99	25000	-	air,enemies,ground,neutral	BOhx	"{""DataA"":99,""DataB"":""n00F"",""DataC"":""n00G"",""DataD"":""n00F"",""DataE"":""n00F""}"	"{""Maximum Creep Level"":99,""Morph Units - Air"":""n00G"",""Morph Units - Amphibious"":""n00F"",""Morph Units - Ground"":""n00F"",""Morph Units - Water"":""n00F""}"
custom	A019	ACac	1	Command Aura	Command Aura	Gives extra damage to the attacks of nearby friendly units.	0	0	-	900	air,ground,friend,self,vuln,invu	BOac	"{""DataA"":0.2,""DataB"":1,""DataC"":1,""DataD"":0}"	"{""Attack Damage Increase"":0.2,""Flat Bonus"":0,""Melee Bonus"":1,""Ranged Bonus"":1}"
custom	A01A	ACbh	1	Bash	Bash	Gives a <ACbh,DataA1>% chance that an attack will do <ACbh,DataC1> bonus damage and stun an opponent for <ACbh,Dur1> seconds.	0	0	-	0	ground	BPSE	"{""DataA"":20,""DataB"":0,""DataC"":25,""DataD"":0,""DataE"":0}"	"{""Chance to Bash"":20,""Chance to Miss"":0,""Damage Bonus"":25,""Damage Multiplier"":0,""Never Miss"":0}"
custom	A01B	AIlx	1	Melee Lightning Damage Bonus			0	0	-	-	air,enemies,ground,ward		"{""DataA"":0,""DataB"":10,""DataC"":10,""DataD"":10,""DataE"":0}"	"{""Chance To Hit Heros (%)"":10,""Chance To Hit Summons (%)"":10,""Chance To Hit Units (%)"":10,""Damage Bonus"":0,""Enabled Attack Index"":0}"
custom	A01C	ANth	1	NAG: Dragon Turtle (spiked shell)	Spiked Shell	Razor-sharp spikes on the Turtle's shell deal <ANth,DataA1,%>% of an enemy unit's melee attack damage back to it.	-	0	-	-	_	BUtt	"{""DataA"":0.6,""DataB"":0.8,""DataC"":0}"	"{""Defense Bonus"":0,""Received Damage Factor"":0.8,""Returned Damage Factor"":0.6}"
custom	A01D	ACtb	1	Hurl Boulder	Hurl Boulder	A magical boulder that is thrown at an enemy unit, causing <ACtb,DataA1> points of damage and stunning the target for <ACtb,Dur1> seconds.	9999	99	800	-	air,ground,organic,enemy,neutral	BPSE	"{""DataA"":100}"	"{""Damage"":100}"
custom	A01E	ACpa	1	Parasite	Hell's Fist	Disables random enemy building for 6 minutes in early game stage and for 20 minutes in late game, dealing 400 chaos damage to it.In very rare cases can target legendary buildings and Main Castle.Has an extra chance to target same building, also it causes buildings to take damage over time.|n|nCooldown:|cffffff00 40 |rseconds	9999	99	99999	-	enemies,ground,invulnerable,mechanical,neutral,structure		"{""DataA"":0,""DataB"":0,""DataC"":0,""DataD"":0,""DataE"":1}"	"{""Attack Speed Factor"":0,""Damage per Second"":0,""Movement Speed Factor"":0,""Stacking Type"":0,""Summoned Unit Count"":1}"
custom	A01F	ACce	1	Cleaving Attack	Cleaving Attack	The creature strikes with such force that <ACce,DataA1,%>% of their damage strikes through to enemies near the primary attacked unit.	0	0	-	175	ground,enemy,neutral		"{""DataA"":0.25}"	"{""Distributed Damage Factor"":0.25}"
custom	A01G	Acrs	1	Curse	Curse	Curses a target enemy unit, causing it to have a <Acrs,DataA1,%>% chance to miss on an attack. |nLasts <Acrs,Dur1> seconds.	9999	99	800	-	air,enemies,ground,neutral	Bcrs	"{""DataA"":0.35}"	"{""Chance to Miss"":0.35}"
custom	A01H	AHtb	1	Storm Bolt	Storm Bolt - [|cffffcc00Level 1|r]	Throws a magical hammer at a target enemy unit, dealing <AHtb,DataA1> damage and stunning the target for <AHtb,Dur1> seconds.	9999	99	99999	-	debris,enemies,ground,neutral,structure		"{""DataA"":99999}"	"{""Damage"":99999}"
custom	A01I	AHfs	1	Flame Strike	Flame Strike - [|cffffcc00Level 1|r]	Conjures a pillar of flame that burns ground units for 45 damage a second for 3 seconds. As the pillar of flame subsides, units within the fire continue to take minor damage.	9999	99	99999	325	debris,enemies,ground,neutral,self,structure,tree	BHfs	"{""DataA"":25,""DataB"":0.25,""DataC"":4,""DataD"":1,""DataE"":0.4,""DataF"":150}"	"{""Building Reduction"":0.4,""Full Damage Dealt"":25,""Full Damage Interval"":0.25,""Half Damage Dealt"":4,""Half Damage Interval"":1,""Maximum Damage"":150}"
custom	A01J	ACpa	1	Parasite	Eruption	Damages the area around a random enemy unit dealing 100 dps spell damage for 2.75 seconds. Cannot damage more than 6 units concurrently. Deals only 40% damage to buildings.|n|n|cffFFFF80Cooldown:|cffFFFF00 13 |rseconds	9999	99	99999	-	enemies,ground,invulnerable,mechanical,neutral,structure		"{""DataA"":0,""DataB"":0,""DataC"":0,""DataD"":0,""DataE"":1}"	"{""Attack Speed Factor"":0,""Damage per Second"":0,""Movement Speed Factor"":0,""Stacking Type"":0,""Summoned Unit Count"":1}"
custom	A01K	ACpa	1	Parasite	Holy Power	|cffffac00Utility|r|n|n|cff80ff00Holy Fervour|r • Applies a |cffffff0040|r-|cffffff0055|r% |cff959697(+5% per building)|r attack speed buff to nearby allies, which lasts |cffffff0060|rs. The effect grows in power for every Gjallarhorn built. • Cooldown: |cffffff007|rs.	9999	99	99999	-	enemies,ground,invulnerable,mechanical,neutral,structure		"{""DataA"":0,""DataB"":0,""DataC"":0,""DataD"":0,""DataE"":1}"	"{""Attack Speed Factor"":0,""Damage per Second"":0,""Movement Speed Factor"":0,""Stacking Type"":0,""Summoned Unit Count"":1}"
custom	A01L	ANpi	1	Permanent Immolation	Permanent Immolation	Burns nearby enemy units for <ANpi,DataA1> points of damage per second.	0	0	-	250	air,enemies,ground,neutral,organic	B001	"{""DataA"":8,""DataB"":0,""DataC"":0}"	"{""Buffer Mana Required"":0,""Damage per Interval"":8,""Mana Drained per Second"":0}"
custom	A01M	Aslo	1	Slow	Slow	Slows a target enemy unit's attack rate by <Aslo,DataB1,%>% and movement speed by <Aslo,DataA1,%>%. |nLasts <Aslo,Dur1> seconds.	9999	99	800	-	air,ground,enemy	B01P	"{""DataA"":0.3,""DataB"":0.3,""DataC"":""-""}"	"{""Always Autocast"":""-"",""Attack Speed Factor"":0.3,""Movement Speed Factor"":0.3}"
custom	A01N	ACac	1	Command Aura	Command Aura	Gives extra damage to the attacks of nearby friendly units.	0	0	-	450	air,enemies,ground,organic,vulnerable,ward	B002	"{""DataA"":-0.15,""DataB"":1,""DataC"":1,""DataD"":0}"	"{""Attack Damage Increase"":-0.15,""Flat Bonus"":0,""Melee Bonus"":1,""Ranged Bonus"":1}"
custom	A01O	ACvp	1	Vampiric Aura	Vampiric Aura	Nearby friendly melee units gain <ACvp,DataA1,%>% of their attack damage when they hit enemy units.	-	0	-	900	air,friend,ground,invulnerable,organic,vulnerable	BUav	"{""DataA"":0.35}"	"{""Attack Damage Stolen (%)"":0.35}"
custom	A01P	ACvp	1	Vampiric Aura	Vampiric Aura	Nearby friendly melee units gain <ACvp,DataA1,%>% of their attack damage when they hit enemy units.	-	0	-	900	self	BUav	"{""DataA"":0.4}"	"{""Attack Damage Stolen (%)"":0.4}"
custom	A01Q	ACpa	1	Parasite	Advanced Raise Dead	Uses a corpse to spawn a random tier 1 skeleton, with a 10% chance for a tier 2 instead.|n|n|cffFFFF80Cooldown:|cffFFFF00 12 |rseconds	9999	99	99999	-	enemies,ground,invulnerable,mechanical,neutral,structure		"{""DataA"":0,""DataB"":0,""DataC"":0,""DataD"":0,""DataE"":1}"	"{""Attack Speed Factor"":0,""Damage per Second"":0,""Movement Speed Factor"":0,""Stacking Type"":0,""Summoned Unit Count"":1}"
custom	A01R	ANde	1	Demolish	Demolish	Causes attacks to do <ANde,DataB1> times normal damage to buildings.	0	0	-	-	enemy,structure		"{""DataA"":100,""DataB"":1.5,""DataC"":0,""DataD"":0}"	"{""Chance to Demolish"":100,""Damage Multiplier (Buildings)"":1.5,""Damage Multiplier (Heroes)"":0,""Damage Multiplier (Units)"":0}"
custom	A01S	ACpv	1	Pulverize	Pulverize	Gives a <ACpv,DataA1>% chance that an attack will deal <ACpv,DataB1> damage to nearby units.	0	0	-	-	ground,enemy,neutral		"{""DataA"":35,""DataB"":125,""DataC"":150,""DataD"":250}"	"{""Chance to Stomp (%)"":35,""Damage Dealt"":125,""Full Damage Radius"":150,""Half Damage Radius"":250}"
custom	A01T	ANpi	1	UND: City Of Decay	Decay	Slowly dissolves all organic enemies on the entire map. They take 10 spell damage every second, until they die. Multiples of this building offer no additional benefit.	0	0	-	20000	air,enemies,ground,neutral,organic	B003	"{""DataA"":10,""DataB"":0,""DataC"":0}"	"{""Buffer Mana Required"":0,""Damage per Interval"":10,""Mana Drained per Second"":0}"
custom	A01U	ACbh	1	Bash	Soul Steal	Attacks have a 5% chance to instantly kill their target.	0	0	-	0	ground	B005	"{""DataA"":5,""DataB"":0,""DataC"":999999,""DataD"":0,""DataE"":0}"	"{""Chance to Bash"":5,""Chance to Miss"":0,""Damage Bonus"":999999,""Damage Multiplier"":0,""Never Miss"":0}"
custom	A01V	AHad	1	Devotion Aura	Corrosion	Enemies nearby have their armor reduced by 3 until they leave the area.	0	0	-	500	air,enemies,ground,vulnerable	B004	"{""DataA"":-3,""DataB"":0}"	"{""Armor Bonus"":-3,""Percent Bonus"":0}"
custom	A01W	ACpa	1	Parasite	Erase	Picks a random enemy unit and then kills all units of that type that the enemy controls.|n|n|cffFFFF80Cooldown:|cffFFFF00 50 |rseconds |cffFFFF00-12.5|r seconds per upgrade.	9999	99	99999	-	enemies,ground,invulnerable,mechanical,neutral,structure		"{""DataA"":0,""DataB"":0,""DataC"":0,""DataD"":0,""DataE"":1}"	"{""Attack Speed Factor"":0,""Damage per Second"":0,""Movement Speed Factor"":0,""Stacking Type"":0,""Summoned Unit Count"":1}"
custom	A01X	AHtb	1	Storm Bolt	Storm Bolt - [|cffffcc00Level 1|r]	Throws a magical hammer at a target enemy unit, dealing <AHtb,DataA1> damage and stunning the target for <AHtb,Dur1> seconds.	9999	99	99999	-	air,debris,enemies,ground,neutral,structure	B005	"{""DataA"":99999}"	"{""Damage"":99999}"
custom	A01Y	Arai	1	Raise Dead	Raise Dead	Raises <Arai,DataA1> skeletons from a corpse.	75	99	600	900	dead	Brai	"{""DataA"":1,""DataB"":0,""DataC"":""u004"",""DataD"":""-""}"	"{""Unit Type One"":""u004"",""Unit Type Two"":""-"",""Units Summoned (Type One)"":1,""Units Summoned (Type Two)"":0}"
custom	A01Z	ACdm	1	NAG Winged Snake: Dispel	Abolish Magic	Dispels positive buffs from enemy units, and negative buffs from friendly units. |n|cffffcc00Deals <ACdm,DataB1> damage to summoned units.|r	9999	0	800	-	air,ground,ward,invu,vuln,tree		"{""DataA"":0,""DataB"":300}"	"{""Mana Loss"":0,""Summoned Unit Damage"":300}"
custom	A020	ACvs	1	Envenomed Weapons	Poisoned Arrows	The Arrows of this tower are coated with lesser poison that lasts 4 seconds dealing 5 damage per second and slowing attack and movementspeed by 25%.	0	0	-	-	air,ground,organic	Bpoi,Bpsd	"{""DataA"":5,""DataB"":0.25,""DataC"":0.25,""DataD"":1}"	"{""Attack Speed Factor"":0.25,""Damage per Second"":5,""Movement Speed Factor"":0.25,""Stacking Type"":1}"
custom	A021	Aasl	1	Slow Aura			0	0	 - 	0	self	B01X	"{""DataA"":0,""DataB"":0,""DataC"":"" - ""}"	"{""Always Autocast"":"" - "",""Attack Speed Factor"":0,""Movement Speed Factor"":0}"
custom	A022	Aasl	1	Slow Aura			0	0	 - 	0	self	Basl	"{""DataA"":0,""DataB"":0,""DataC"":"" - ""}"	"{""Always Autocast"":"" - "",""Attack Speed Factor"":0,""Movement Speed Factor"":0}"
custom	A023	Aasl	1	Slow Aura			0	0	 - 	0	self	B01X	"{""DataA"":0,""DataB"":0,""DataC"":"" - ""}"	"{""Always Autocast"":"" - "",""Attack Speed Factor"":0,""Movement Speed Factor"":0}"
custom	A024	Aasl	1	Slow Aura			0	0	 - 	0	self	B01X	"{""DataA"":0,""DataB"":0,""DataC"":"" - ""}"	"{""Always Autocast"":"" - "",""Attack Speed Factor"":0,""Movement Speed Factor"":0}"
custom	A025	ACct	1	Critical Strike	Critical Strike	Gives a <ACct,DataA1>% chance to do <ACct,DataB1> times normal damage on an attack.	0	0	-	0	air,ground,enemy,neutral		"{""DataA"":20,""DataB"":2,""DataC"":0,""DataD"":0,""DataE"":0,""DataF"":""-""}"	"{""Chance to Critical Strike"":20,""Chance to Evade"":0,""Damage Bonus"":0,""Damage Multiplier"":2,""Exclude Item Damage"":""-"",""Never Miss"":0}"
custom	A026	ACbh	1	Bash	Bash	Gives a <ACbh,DataA1>% chance that an attack will do <ACbh,DataC1> bonus damage and stun an opponent for <ACbh,Dur1> seconds.	0	0	-	0	ground	BPSE	"{""DataA"":15,""DataB"":0,""DataC"":25,""DataD"":0,""DataE"":0}"	"{""Chance to Bash"":15,""Chance to Miss"":0,""Damage Bonus"":25,""Damage Multiplier"":0,""Never Miss"":0}"
custom	A027	Asph	1	Sphere			0	1	-	-	_		{}	{}
custom	A028	Aasl	1	Slow Aura			0	0	 - 	0	self	Basl	"{""DataA"":0,""DataB"":0,""DataC"":"" - ""}"	"{""Always Autocast"":"" - "",""Attack Speed Factor"":0,""Movement Speed Factor"":0}"
custom	A029	Aasl	1	Slow Aura			0	0	 - 	0	self	Basl	"{""DataA"":0,""DataB"":0,""DataC"":"" - ""}"	"{""Always Autocast"":"" - "",""Attack Speed Factor"":0,""Movement Speed Factor"":0}"
custom	A02A	Asph	1	Sphere			0	1	-	-	_		{}	{}
custom	A02B	AIcb	1	Item Attack Corruption Bonus			0	0	-	-	ground,air,ward	BIcb	"{""DataA"":5,""DataB"":10,""DataE"":1}"	"{""Armor Penalty"":10,""Damage Bonus Dice"":5,""Enabled Attack Index"":1}"
custom	A02C	AHad	1	COR: Eey Of Corruption (permanent)	Gaze of Corruption	Decreases the armor of all enemy units by 6 and increases their spell damage taken by 12%.	0	0	-	99999	air,enemies,ground,vulnerable,ward	B00Q	"{""DataA"":-6,""DataB"":0}"	"{""Armor Bonus"":-6,""Percent Bonus"":0}"
custom	A02D	Apxf	1	Blast	Phoenix Fire	Fires down streams of flame, lighting nearby enemies on fire.	0	1		750	ground,air,enemy	B01O	"{""DataA"":60,""DataB"":0}"	"{""Damage Per Second"":0,""Initial Damage"":60}"
custom	A02E	ANcl	1	Channel	Channel	Channels powerful warding magic.	0	0	500	-	_		"{""DataA"":180,""DataB"":0,""DataC"":0,""DataD"":0.98,""DataE"":1,""DataF"":""channel""}"	"{""Art Duration"":0.98,""Base Order ID"":""channel"",""Disable Other Abilities"":1,""Follow Through Time"":180,""Options"":0,""Target Type"":0}"
custom	A02F	AIcd	1	Damage Add			0	0	-	15000	air,ground,friend,self,vuln,invu	B008	"{""DataA"":0.33,""DataB"":1,""DataC"":1,""DataD"":0}"	"{""Attack Damage Increase"":0.33,""Flat Bonus"":0,""Melee Bonus"":1,""Ranged Bonus"":1}"
custom	A02G	AIdb	1	Scroll Heal			0	99	25000	1000	ground,air,friend,self,invu,vuln	B01C	"{""DataA"":8,""DataB"":400,""DataC"":200}"	"{""Defense Bonus"":8,""Hit Points Gained"":400,""Mana Points Gained"":200}"
custom	A02H	AIcl	1	Chain Lightning			0	99	2500	1	air,enemies,ground,neutral		"{""DataA"":1,""DataB"":1,""DataC"":0.1}"	"{""Damage Reduction per Target"":0.1,""Damage per Target"":1,""Number of Targets Hit"":1}"
custom	A02I	Absk	1	Berserk	Berserk	Causes this unit to attack <Absk,DataB1,%>% faster, but take <Absk,DataC1,%>% more damage.	0	99	-	-	_	B007	"{""DataA"":0.25,""DataB"":2,""DataC"":0.1}"	"{""Attack Speed Increase"":2,""Damage Taken Increase"":0.1,""Movement Speed Increase"":0.25}"
custom	A02J	Abof	1	Burning Oil	Burning Oil	Drenches the Demolisher ammo in burning oil, causing them to light the ground on fire and burn enemy units.	125	10	800	225	enemies,ground,neutral,structure	Bbof	"{""DataA"":12,""DataB"":0.25,""DataC"":3,""DataD"":1,""DataE"":1,""DataF"":""-""}"	"{""Building Reduction"":1,""Full Damage Dealt"":12,""Full Damage Interval"":0.25,""Half Damage Dealt"":3,""Half Damage Interval"":1,""Maximum Damage"":""-""}"
custom	A02K	Abof	1	Burning Oil	Burning Oil	Drenches the Demolisher ammo in burning oil, causing them to light the ground on fire and burn enemy units.	125	10	800	150	enemies,ground,neutral,structure	Bbof	"{""DataA"":5,""DataB"":0.25,""DataC"":3,""DataD"":1,""DataE"":1,""DataF"":""-""}"	"{""Building Reduction"":1,""Full Damage Dealt"":5,""Full Damage Interval"":0.25,""Half Damage Dealt"":3,""Half Damage Interval"":1,""Maximum Damage"":""-""}"
custom	A02L	ACct	1	Critical Strike	Critical Strike	Gives a <ACct,DataA1>% chance to do <ACct,DataB1> times normal damage on an attack.	0	0	-	0	air,ground,enemy,neutral		"{""DataA"":10,""DataB"":1.5,""DataC"":0,""DataD"":0,""DataE"":0,""DataF"":""-""}"	"{""Chance to Critical Strike"":10,""Chance to Evade"":0,""Damage Bonus"":0,""Damage Multiplier"":1.5,""Exclude Item Damage"":""-"",""Never Miss"":0}"
custom	A02M	Ainf	1	Inner Fire	Inner Fire	Increases a target friendly unit's damage by <Ainf,DataA1,%>% and armor by <Ainf,DataB1>. |nLasts <Ainf,Dur1> seconds.	35	99	600	-	air,friend,ground,neutral,self	B009	"{""DataA"":0.2,""DataB"":4,""DataC"":600,""DataD"":3}"	"{""Autocast Range"":600,""Damage Increase (%)"":0.2,""Defense Increase"":4,""Life Regen Rate"":3}"
custom	A02N	ACce	1	Cleaving Attack	Cleaving Attack	The creature strikes with such force that <ACce,DataA1,%>% of their damage strikes through to enemies near the primary attacked unit.	0	0	-	200	ground,enemy,neutral		"{""DataA"":0.3}"	"{""Distributed Damage Factor"":0.3}"
custom	A02O	Aasl	1	Slow Aura			0	0	 - 	0	self	Basl	"{""DataA"":0,""DataB"":0,""DataC"":"" - ""}"	"{""Always Autocast"":"" - "",""Attack Speed Factor"":0,""Movement Speed Factor"":0}"
custom	A02P	ACpv	1	Pulverize	Pulverize	Gives a <ACpv,DataA1>% chance that an attack will deal <ACpv,DataB1> damage to nearby units.	0	0	-	-	ground,enemy,neutral		"{""DataA"":35,""DataB"":130,""DataC"":200,""DataD"":200}"	"{""Chance to Stomp (%)"":35,""Damage Dealt"":130,""Full Damage Radius"":200,""Half Damage Radius"":200}"
custom	A02Q	Assk	1	Hardened Skin	Hardened Skin	Reduces all attacks on the Mountain Giant by <Assk,DataC1> damage. Attacks cannot be reduced below <Assk,DataB1> damage.	0	0	-	-	enemy,ally		"{""DataA"":50,""DataB"":5,""DataC"":35,""DataD"":1,""DataE"":1}"	"{""Chance to Reduce Damage (%)"":50,""Ignored Damage"":35,""Include Melee Damage"":1,""Include Ranged Damage"":1,""Minimum Damage"":5}"
custom	A02R	ACct	1	Critical Strike	Critical Strike	Gives a <ACct,DataA1>% chance to do <ACct,DataB1> times normal damage on an attack.	0	0	-	0	air,ground,enemy,neutral		"{""DataA"":10,""DataB"":3,""DataC"":0,""DataD"":0,""DataE"":0,""DataF"":""-""}"	"{""Chance to Critical Strike"":10,""Chance to Evade"":0,""Damage Bonus"":0,""Damage Multiplier"":3,""Exclude Item Damage"":""-"",""Never Miss"":0}"
custom	A02S	AOsf	1	Feral Spirit	Feral Spirit - [|cffffcc00Level 1|r]	Summons <AOsf,DataB1> Spirit Wolf companions. Each wolf has <osw1,realHP> hit points and deals <osw1,mindmg1> - <osw1,maxdmg1> damage. |nLasts <AOsf,Dur1> seconds. |n|n|cffffcc00Attacks land units.|r	9999	99	800	200	_	B00A	"{""DataB"":2}"	"{""Number of Summoned Units"":2}"
custom	A02T	ACpu	1	NAG: Siren (Purge)	Purge	Removes all buffs from a target unit, and slows its movement speed by a factor of <ACpu,DataA1>. Purged units will slowly regain their movement speed over <ACpu,Dur1> seconds. |n|cffffcc00Deals <ACpu,DataC1> damage to summoned units.|r	9999	99	1000	-	air,ground,tree,vulnerable,ward	Bprg	"{""DataA"":5,""DataB"":10,""DataC"":150,""DataD"":1,""DataE"":0,""DataF"":200}"	"{""Attack Update Frequency"":10,""Hero Pause Duration"":0,""Mana Loss"":200,""Movement Update Frequency"":5,""Summoned Unit Damage"":150,""Unit Pause Duration"":1}"
custom	A02U	ACpa	1	NAG: Siren (Purge (cd))	Parasite	Afflicts a target enemy unit with a deadly parasite that deals <ANpa,DataA1> damage per second for <ANpa,Dur1> seconds. If the afflicted unit dies while under the effect of Parasite, a minor minion will spawn from its corpse.	50	99	800	-	air,enemies,ground,neutral,nonhero,vulnerable	B019	"{""DataA"":0,""DataB"":0,""DataC"":0,""DataD"":0,""DataE"":1}"	"{""Attack Speed Factor"":0,""Damage per Second"":0,""Movement Speed Factor"":0,""Stacking Type"":0,""Summoned Unit Count"":1}"
custom	A02V	ACct	1	Critical Strike	Critical Strike	Gives a <ACct,DataA1>% chance to do <ACct,DataB1> times normal damage on an attack.	0	0	-	0	air,ground,enemy,neutral		"{""DataA"":25,""DataB"":2,""DataC"":0,""DataD"":0,""DataE"":0,""DataF"":""-""}"	"{""Chance to Critical Strike"":25,""Chance to Evade"":0,""Damage Bonus"":0,""Damage Multiplier"":2,""Exclude Item Damage"":""-"",""Never Miss"":0}"
custom	A02W	ACct	1	Critical Strike	Critical Strike	Gives a <ACct,DataA1>% chance to do <ACct,DataB1> times normal damage on an attack.	0	0	-	0	air,ground,enemy,neutral		"{""DataA"":30,""DataB"":3,""DataC"":0,""DataD"":0,""DataE"":0,""DataF"":""-""}"	"{""Chance to Critical Strike"":30,""Chance to Evade"":0,""Damage Bonus"":0,""Damage Multiplier"":3,""Exclude Item Damage"":""-"",""Never Miss"":0}"
custom	A02X	ACce	1	NAG: RG (Cleaving Attack)	Cleaving Attack	The creature strikes with such force that <ACce,DataA1,%>% of their damage strikes through to enemies near the primary attacked unit.	0	0	-	260	ground,enemy,neutral		"{""DataA"":0.35}"	"{""Distributed Damage Factor"":0.35}"
custom	A02Y	Asph	1	Sphere			0	1	-	-	_		{}	{}
custom	A02Z	ACpa	1	ORC: Serpent Rock	Poison Area	Spits poison onto an area near a random enemy unit. All units that get hit by this poison get their armor reduced by 5, their attack and movement speed reduced by 20% and take damage over time. The poison lasts 5 seconds.|n|n|cffFFFF80Cooldown:|cffFFFF00 12 |rseconds	9999	99	99999	-	enemies,ground,invulnerable,mechanical,neutral,structure		"{""DataA"":0,""DataB"":0,""DataC"":0,""DataD"":0,""DataE"":1}"	"{""Attack Speed Factor"":0,""Damage per Second"":0,""Movement Speed Factor"":0,""Stacking Type"":0,""Summoned Unit Count"":1}"
custom	A030	ANab	1	ORC: Serpent Rock	Acid Bomb - [|cffffcc00Level 1|r]	Hurls a flask of acid at a target.  The flask breaks upon impact, splashing a powerful acid on nearby hostile units.|n|nDecreases armor by <ANab,DataC1>; deals <ANab,DataD1> damage per second to the primary target; deals slightly less damage to nearby targets.|nLasts <ANab,Dur1> seconds.	9999	99	50000	425	air,enemies,ground,neutral,organic	B00C	"{""DataA"":-0.2,""DataB"":-0.2,""DataC"":5,""DataD"":30,""DataE"":30,""DataF"":1}"	"{""Armor Penalty"":5,""Attack Speed Reduction (%)"":-0.2,""Damage Interval"":1,""Movement Speed Reduction (%)"":-0.2,""Primary Damage"":30,""Secondary Damage"":30}"
custom	A031	Awrg	1	War Stomp	War Stomp	Slams the ground, dealing <Awrg,DataA1> damage to nearby enemy land units and stunning them for <Awrg,Dur1> seconds.	9999	99	-	25000	air,enemies,ground	B00D	"{""DataA"":0,""DataB"":0,""DataC"":2000}"	"{""Damage"":0,""Terrain Deformation Amplitude"":0,""Terrain Deformation Duration (ms)"":2000}"
custom	A032	ACpa	1	Parasite	Global Stasis	Stuns all enemy units for 4.5 seconds.|n|n|cffFFFF80Cooldown:|cffFFFF00 40 |rseconds	9999	99	99999	-	enemies,ground,invulnerable,mechanical,neutral,structure		"{""DataA"":0,""DataB"":0,""DataC"":0,""DataD"":0,""DataE"":1}"	"{""Attack Speed Factor"":0,""Damage per Second"":0,""Movement Speed Factor"":0,""Stacking Type"":0,""Summoned Unit Count"":1}"
custom	A033	ACpa	1	UND: Death Pit	Sudden Death	Kills a random enemy unit instantly.|n|n|cffFFFF80Cooldown:|cffFFFF00 15 |rseconds	9999	99	99999	-	enemies,ground,invulnerable,mechanical,neutral,structure		"{""DataA"":0,""DataB"":0,""DataC"":0,""DataD"":0,""DataE"":1}"	"{""Attack Speed Factor"":0,""Damage per Second"":0,""Movement Speed Factor"":0,""Stacking Type"":0,""Summoned Unit Count"":1}"
custom	A034	AHad	1	ORC: Defensive Kodo (defensive aura)	Devotion Aura - [|cffffcc00Level 1|r]	Gives <AHad,DataA1,.> additional armor to nearby friendly units.	0	0	-	900	air,ground,friend,self,vuln,invu	B00E	"{""DataA"":4,""DataB"":0}"	"{""Armor Bonus"":4,""Percent Bonus"":0}"
custom	A035	AIar	1	ORC: Offensive Kodo (damage aura)			0	0	 - 	900	air,ground,friend,self,vuln,invu	B00F	"{""DataA"":0.3,""DataB"":1,""DataC"":0,""DataD"":0}"	"{""Damage Bonus (%)"":0.3,""Flat Bonus"":0,""Melee Bonus"":1,""Ranged Bonus"":0}"
custom	A036	Asph	1	Sphere			0	1	-	-	_		{}	{}
custom	A037	Asph	1	Sphere			0	1	-	-	_		{}	{}
custom	A038	Aven	1	Envenomed Spears	Envenomed Spears	Deals <Aven,DataA1> poison damage per second. |nLasts <Aven,Dur1> seconds.	0	0	-	-	air,ground,organic	B00G	"{""DataA"":12,""DataB"":0.25,""DataC"":0.25,""DataD"":1}"	"{""Attack Speed Factor"":0.25,""Damage per Second"":12,""Movement Speed Factor"":0.25,""Stacking Type"":1}"
custom	A039	ACpa	1	ORC: Ceremonial Totem	Tribal Blessing	Gives a random friendly unit permanently +20 damage, +20% attackspeed, 3 armor and 200 hitpoints. Also gives one of the following:|n- Demolish (x1.5)|n- Critical Strike (25%, x2)|n- Evasion (30%)|n|n|cffFFFF80Cooldown:|cffFFFF00 10 |rseconds	9999	99	99999	-	enemies,ground,invulnerable,mechanical,neutral,structure		"{""DataA"":0,""DataB"":0,""DataC"":0,""DataD"":0,""DataE"":1}"	"{""Attack Speed Factor"":0,""Damage per Second"":0,""Movement Speed Factor"":0,""Stacking Type"":0,""Summoned Unit Count"":1}"
custom	A03A	AItn	1	Item Damage Bonus			0	0	-	-	_		"{""DataA"":20}"	"{""Attack Bonus"":20}"
custom	A03B	AIs2	1	Item Attack Speed Bonus			0	0	-	-	_		"{""DataA"":0.2}"	"{""Attack Speed Increase"":0.2}"
custom	A03C	Afra	1	Frost Attack	Frost Attack	Adds a cold effect to this unit's attacks that slows enemy units' movement speed.	0	0	-	-	air,ground	Bfro	{}	{}
custom	A03D	AIl2	1	Item Life Bonus			0	0	-	-	_		"{""DataA"":200}"	"{""Max Life Gained"":200}"
custom	A03E	AIrr	1	Quad Damage		Gives friendly nearby units a <AIrr,DataA1,%>% bonus to damage. |nLasts <AIrr,Dur1> seconds.	0	0	-	0	air,notself	B00I	"{""DataA"":0,""DataB"":0,""DataC"":0,""DataD"":0,""DataE"":0,""DataF"":0,""DataG"":0}"	"{""Damage Increase (%)"":0,""Defense Increase"":0,""Life Regeneration Rate"":0,""Mana Regen"":0,""Max Units"":0,""Prefer Friendlies"":0,""Prefer Hostiles"":0}"
custom	A03F	AIrr	1	Double Damage		Gives friendly nearby units a <AIrr,DataA1,%>% bonus to damage. |nLasts <AIrr,Dur1> seconds.	0	0	-	0	air,notself	B00H	"{""DataA"":0,""DataB"":0,""DataC"":0,""DataD"":0,""DataE"":0,""DataF"":0,""DataG"":0}"	"{""Damage Increase (%)"":0,""Defense Increase"":0,""Life Regeneration Rate"":0,""Mana Regen"":0,""Max Units"":0,""Prefer Friendlies"":0,""Prefer Hostiles"":0}"
custom	A03G	Adef	1	Defend	Defend	Activate to take only <Adef,DataA1,%>% of the damage from Piercing attacks. While Defend is active, movement is reduced by <Adef,DataC1,%>% of normal speed.	0	0	-	-	air,ground,structure,debris,neutral,enemy,ward,vuln,invu		"{""DataA"":0.4,""DataB"":1,""DataC"":0,""DataD"":0,""DataE"":0.5,""DataF"":50,""DataG"":0,""DataH"":1}"	"{""Attack Speed Factor"":0,""Chance to Deflect"":50,""Damage Dealt (%)"":1,""Damage Taken (%)"":0.4,""Deflect Damage Taken (Piercing)"":0,""Deflect Damage Taken (Spells)"":1,""Magic Damage Reduction"":0.5,""Movement Speed Factor"":0}"
custom	A03H	AHre	1	Resurrection	Resurrection	Brings back to life the corpses of <AHre,DataA1> friendly nearby units.	9999	99	400	900	air,ground,dead,friend		"{""DataA"":1,""DataB"":0}"	"{""Number of Corpses Raised"":1,""Raised Units Are Invulnerable"":0}"
custom	A03I	Ainf	1	HUM: Inner Fire (paladin)	Inner Fire	Increases a target friendly unit's damage by <Ainf,DataA1,%>% and armor by <Ainf,DataB1>. |nLasts <Ainf,Dur1> seconds.	9999	99	800	-	air,ground,friend,neutral,self	B00J	"{""DataA"":0,""DataB"":9,""DataC"":800,""DataD"":24}"	"{""Autocast Range"":800,""Damage Increase (%)"":0,""Defense Increase"":9,""Life Regen Rate"":24}"
custom	A03J	AHad	1	Devotion Aura	Devotion Aura - [|cffffcc00Level 1|r]	Gives <AHad,DataA1,.> additional armor to nearby friendly units.	0	0	-	400	air,ground,friend,self,vuln,invu	B01B	"{""DataA"":3,""DataB"":0}"	"{""Armor Bonus"":3,""Percent Bonus"":0}"
custom	A03K	Ahea	1	HUM: Crusader/Paladin Heal	Heal	Heals a target friendly non-mechanical wounded unit for <Ahea,DataA1> hit points.	9999	99	300	-	air,ground,friend,vuln,invu,self,organic,nonancient,neutral	Bhea	"{""DataA"":25}"	"{""Hit Points Gained"":25}"
custom	A03L	AIl1	1	Item Life Bonus			0	0	-	-	_		"{""DataA"":100}"	"{""Max Life Gained"":100}"
custom	A03M	Ainf	1	HUM: Crusader (inner fire)	Inner Fire	Increases a target friendly unit's damage by <Ainf,DataA1,%>% and armor by <Ainf,DataB1>. |nLasts <Ainf,Dur1> seconds.	9999	99	800	-	air,ground,friend,neutral,self	B00J	"{""DataA"":0,""DataB"":6,""DataC"":800,""DataD"":16}"	"{""Autocast Range"":800,""Damage Increase (%)"":0,""Defense Increase"":6,""Life Regen Rate"":16}"
custom	A03N	Aroc	1	Barrage	Barrage	Allows Siege Engines to fire powerful rockets at nearby enemy air units.	0	99	-	600	air,enemies,ground		"{""DataA"":0,""DataB"":99999,""DataC"":1}"	"{""Damage Per Target"":0,""Maximum Number of Targets"":1,""Maximum Total Damage"":99999}"
custom	A03O	Aroc	1	Barrage	Barrage	Allows Siege Engines to fire powerful rockets at nearby enemy air units.	0	99	-	720	air,enemies,ground		"{""DataA"":0,""DataB"":99999,""DataC"":5}"	"{""Damage Per Target"":0,""Maximum Number of Targets"":5,""Maximum Total Damage"":99999}"
custom	A03P	ACev	1	Evasion	Evasion	Gives a <ACev,DataA1,%>% percent chance to avoid an attack.	-	0	-	-	_		"{""DataA"":0.25}"	"{""Chance to Evade"":0.25}"
custom	A03Q	ANcl	1	Channel	Channel	Channels powerful warding magic.	0	0	500	-	_		"{""DataA"":180,""DataB"":0,""DataC"":0,""DataD"":0.98,""DataE"":1,""DataF"":""channel""}"	"{""Art Duration"":0.98,""Base Order ID"":""channel"",""Disable Other Abilities"":1,""Follow Through Time"":180,""Options"":0,""Target Type"":0}"
custom	A03R	ACro	1	Roar	Roar	Gives nearby friendly units a <ACro,DataA1,%>% bonus to damage. |nLasts <ACro,Dur1> seconds.	9999	0	-	525	air,ground,friend,self	B00K	"{""DataA"":0.25,""DataB"":0,""DataC"":0,""DataD"":0,""DataE"":0,""DataF"":0,""DataG"":0}"	"{""Damage Increase (%)"":0.25,""Defense Increase"":0,""Life Regeneration Rate"":0,""Mana Regen"":0,""Max Units"":0,""Prefer Friendlies"":0,""Prefer Hostiles"":0}"
custom	A03S	ACpa	1	Parasite	Parasite	Afflicts a target enemy unit with a deadly parasite that deals <ANpa,DataA1> damage per second for <ANpa,Dur1> seconds. If the afflicted unit dies while under the effect of Parasite, a minor minion will spawn from its corpse.	9999	99	400	-	enemies,ground,neutral,nonhero,structure	B019	"{""DataA"":0,""DataB"":0,""DataC"":0,""DataD"":0,""DataE"":1}"	"{""Attack Speed Factor"":0,""Damage per Second"":0,""Movement Speed Factor"":0,""Stacking Type"":0,""Summoned Unit Count"":1}"
custom	A03T	AOae	1	Endurance Aura	Endurance Aura - [|cffffcc00Level 1|r]	Increases nearby friendly units' movement speed by <AOae,DataA1,%>% and attack rate by <AOae,DataB1,%>%.	-	0	-	25000	air,ground,friend,self,vuln,invu	B00L	"{""DataA"":0.15,""DataB"":0.3}"	"{""Attack Speed Increase (%)"":0.3,""Movement Speed Increase (%)"":0.15}"
custom	A03U	ANcl	1	Channel	Channel	Channels powerful warding magic.	0	0	500	-	_		"{""DataA"":180,""DataB"":0,""DataC"":0,""DataD"":0.98,""DataE"":1,""DataF"":""channel""}"	"{""Art Duration"":0.98,""Base Order ID"":""channel"",""Disable Other Abilities"":1,""Follow Through Time"":180,""Options"":0,""Target Type"":0}"
custom	A03V	Asph	1	Sphere			0	1	-	-	_		{}	{}
custom	A03W	Aenr	1	Entangling Roots	Entangling Roots	Causes roots to burst from the ground, immobilizing a target enemy unit for <Aenr,Dur1> seconds, and dealing <Aenr,DataA1> damage per second.	9999	99	800	-	air,enemies,ground,neutral,nonhero	B00M	"{""DataA"":15}"	"{""Damage per Second"":15}"
custom	A03X	AIlx	1	Melee Lightning Damage Bonus			0	0	-	-	air,enemies,ground,ward		"{""DataA"":0,""DataB"":5,""DataC"":5,""DataD"":5,""DataE"":0}"	"{""Chance To Hit Heros (%)"":5,""Chance To Hit Summons (%)"":5,""Chance To Hit Units (%)"":5,""Damage Bonus"":0,""Enabled Attack Index"":0}"
custom	A03Y	Afrb	1	Frost Breath			0	0	-	-	air,enemies,ground	Bfro	{}	{}
custom	A03Z	ACf2	1	Frost Armor	Frost Armor	Creates a shield of frost around a target friendly unit. The shield adds <ACfa,DataB1> armor and slows melee units that attack it for <ACfa,Dur1> seconds. |nLasts <ACfa,DataA1> seconds.	9999	99	800	-	air,ground,friend,self,neutral	BUfa,Bfro	"{""DataA"":30,""DataB"":3.5}"	"{""Armor Bonus"":3.5,""Armor Duration"":30}"
custom	A040	ACf2	1	Frost Armor	Frost Armor	Creates a shield of frost around a target friendly unit. The shield adds <ACfa,DataB1> armor and slows melee units that attack it for <ACfa,Dur1> seconds. |nLasts <ACfa,DataA1> seconds.	9999	99	800	-	air,ground,friend,self,neutral	BUfa,Bfro	"{""DataA"":45,""DataB"":7}"	"{""Armor Bonus"":7,""Armor Duration"":45}"
custom	A041	ANhs	1	Healing Spray	Healing Spray - [|cffffcc00Level 1|r]	Sprays <ANhs,DataF1> waves of healing mist; each wave heals <ANhs,DataA1> damage to all units in an area.	75	0	800	250	ground,air,organic,vuln,invu	BNhs	"{""DataA"":40,""DataB"":1,""DataC"":6,""DataD"":280,""DataE"":1,""DataF"":3}"	"{""Building Damage Factor"":1,""Damage Amount"":40,""Damage Interval"":1,""Max Damage"":280,""Missile Count"":6,""Wave Count"":3}"
custom	A042	ACba	1	Brilliance Aura	Brilliance Aura	Gives additional mana regeneration to nearby friendly units of <ACba,DataA1,.> mana per second.	0	0	-	800	air,ground,friend,self,vuln,invu	B00N	"{""DataA"":0.5,""DataB"":0}"	"{""Mana Regeneration Increase"":0.5,""Percent Bonus"":0}"
custom	A043	ACfn	1	NOR: Ice Queen (frost nova)	Frost Nova	Blasts enemy units with a wave of frost that deals <ACfn,DataB1> damage to the target, and <ACfn,DataA1> nova damage. Cold damage slows units' movement and attack rate for <ACfn,Dur1> seconds.	9999	99	800	300	air,enemies,ground,neutral	Bfro	"{""DataA"":75,""DataB"":150,""DataE"":""-""}"	"{""Area of Effect Damage"":75,""Maximum Damage"":""-"",""Specific Target Damage"":150}"
custom	A044	ACpa	1	Parasite	Parasite	Afflicts a target enemy unit with a deadly parasite that deals <ANpa,DataA1> damage per second for <ANpa,Dur1> seconds. If the afflicted unit dies while under the effect of Parasite, a minor minion will spawn from its corpse.	9999	99	750	-	air,enemies,ground,neutral	B019	"{""DataA"":0,""DataB"":0,""DataC"":0,""DataD"":0,""DataE"":1}"	"{""Attack Speed Factor"":0,""Damage per Second"":0,""Movement Speed Factor"":0,""Stacking Type"":0,""Summoned Unit Count"":1}"
custom	A045	Aenr	1	Entangling Roots	Entangling Roots	Causes roots to burst from the ground, immobilizing a target enemy unit for <Aenr,Dur1> seconds, and dealing <Aenr,DataA1> damage per second.	9999	99	800	-	air,enemies,ground,neutral,nonhero,structure	B00M	"{""DataA"":30}"	"{""Damage per Second"":30}"
custom	A046	AIlx	1	Melee Lightning Damage Bonus			0	0	-	-	air,enemies,ground,structure,ward		"{""DataA"":0,""DataB"":20,""DataC"":20,""DataD"":20,""DataE"":0}"	"{""Chance To Hit Heros (%)"":20,""Chance To Hit Summons (%)"":20,""Chance To Hit Units (%)"":20,""Damage Bonus"":0,""Enabled Attack Index"":0}"
custom	A047	Aenr	1	Entangling Roots	Entangling Roots	Causes roots to burst from the ground, immobilizing a target enemy unit for <Aenr,Dur1> seconds, and dealing <Aenr,DataA1> damage per second.	9999	99	800	-	air,enemies,ground,neutral,nonhero	B00M	"{""DataA"":20}"	"{""Damage per Second"":20}"
custom	A048	AIlx	1	Melee Lightning Damage Bonus			0	0	-	-	air,enemies,ground,ward		"{""DataA"":0,""DataB"":10,""DataC"":10,""DataD"":10,""DataE"":0}"	"{""Chance To Hit Heros (%)"":10,""Chance To Hit Summons (%)"":10,""Chance To Hit Units (%)"":10,""Damage Bonus"":0,""Enabled Attack Index"":0}"
custom	A049	AIlx	1	Melee Lightning Damage Bonus			0	0	-	-	air,enemies,ground,ward		"{""DataA"":0,""DataB"":10,""DataC"":10,""DataD"":10,""DataE"":0}"	"{""Chance To Hit Heros (%)"":10,""Chance To Hit Summons (%)"":10,""Chance To Hit Units (%)"":10,""Damage Bonus"":0,""Enabled Attack Index"":0}"
custom	A04A	Asph	1	Sphere			0	1	-	-	_		{}	{}
custom	A04B	Asph	1	Sphere			0	1	-	-	_		{}	{}
custom	A04C	Asph	1	Sphere			0	1	-	-	_		{}	{}
custom	A04D	ACce	1	Cleaving Attack	Cleaving Attack	The creature strikes with such force that <ACce,DataA1,%>% of their damage strikes through to enemies near the primary attacked unit.	0	0	-	250	enemies,ground,neutral,structure		"{""DataA"":0.4}"	"{""Distributed Damage Factor"":0.4}"
custom	A04E	ACct	1	Critical Strike	Critical Strike	Gives a <ACct,DataA1>% chance to do <ACct,DataB1> times normal damage on an attack.	0	0	-	0	air,enemies,ground,neutral,structure		"{""DataA"":15,""DataB"":3,""DataC"":0,""DataD"":0,""DataE"":0,""DataF"":""-""}"	"{""Chance to Critical Strike"":15,""Chance to Evade"":0,""Damage Bonus"":0,""Damage Multiplier"":3,""Exclude Item Damage"":""-"",""Never Miss"":0}"
custom	A04F	Afrz	1	Freezing Breath	Freezing Breath	When used on a building, temporarily stops all building activities. |nLasts <Afrz,Dur1> seconds.	0	0	-	1000	structure,enemy	Bfrz	{}	{}
custom	A04G	AHtb	1	Storm Bolt	Storm Bolt - [|cffffcc00Level 1|r]	Throws a magical hammer at a target enemy unit, dealing <AHtb,DataA1> damage and stunning the target for <AHtb,Dur1> seconds.	9999	99	25000	-	air,debris,enemies,ground,neutral,structure	BPSE	"{""DataA"":99999}"	"{""Damage"":99999}"
custom	A04H	Aenr	1	Entangling Roots	Entangling Roots	Causes roots to burst from the ground, immobilizing a target enemy unit for <Aenr,Dur1> seconds, and dealing <Aenr,DataA1> damage per second.	9999	99	800	-	air,enemies,ground,neutral,nonhero,structure	B00M	"{""DataA"":15}"	"{""Damage per Second"":15}"
custom	A04I	ACpa	1	Parasite	Onset of Winter	Sends out 3 orbs that travel in a straight line and bounce off of horizontal boundries. Each one reduces attack and movement speed of enemies around it by 30% and picks a random target every 2s. Flying foes takes 125 spell damage and are frozen solid for 8s. Ground adversaries hit cannot move or attack for 15s and take 15 spell damage every second for the duration.|n|n|cffFFFF80Cooldown:|cffFFFF00 35 |rseconds	9999	99	99999	-	enemies,ground,invulnerable,mechanical,neutral,structure		"{""DataA"":0,""DataB"":0,""DataC"":0,""DataD"":0,""DataE"":1}"	"{""Attack Speed Factor"":0,""Damage per Second"":0,""Movement Speed Factor"":0,""Stacking Type"":0,""Summoned Unit Count"":1}"
custom	A04J	ACpa	1	Parasite	Hailstone	Fires a chunk of enchanted ice at a random enemy building, which does 50 chaos damage and freezes it solid for 10s, completely stopping all actions for the duration.|n|n|cffFFFF80Cooldown:|cffFFFF00 12 |rseconds	9999	99	99999	-	enemies,ground,invulnerable,mechanical,neutral,structure		"{""DataA"":0,""DataB"":0,""DataC"":0,""DataD"":0,""DataE"":1}"	"{""Attack Speed Factor"":0,""Damage per Second"":0,""Movement Speed Factor"":0,""Stacking Type"":0,""Summoned Unit Count"":1}"
custom	A04K	Afrz	1	Freezing Breath	Freezing Breath	When used on a building, temporarily stops all building activities. |nLasts <Afrz,Dur1> seconds.	0	0	-	1000	enemies,ground,structure	Bfrz	{}	{}
custom	A04L	ACpa	1	Parasite	Hailstone	Fires a chunk of enchanted ice at a random enemy building. Ground targets around the impact take 100 chaos damage and are frozen solid for 12s, completely stopping all actions for the duration.|n|n|cffFFFF80Cooldown:|cffFFFF00 15 |rseconds	9999	99	99999	-	enemies,ground,invulnerable,mechanical,neutral,structure		"{""DataA"":0,""DataB"":0,""DataC"":0,""DataD"":0,""DataE"":1}"	"{""Attack Speed Factor"":0,""Damage per Second"":0,""Movement Speed Factor"":0,""Stacking Type"":0,""Summoned Unit Count"":1}"
custom	A04M	Asph	1	Sphere			0	99	-	-	self		{}	{}
custom	A04N	AIll	1	Item Attack Lightning Bonus (new)			0	0	-	-	ground,air,ward		"{""DataA"":0,""DataB"":10,""DataC"":0,""DataD"":10,""DataE"":2}"	"{""Chance To Hit Heros (%)"":0,""Chance To Hit Summons (%)"":10,""Chance To Hit Units (%)"":10,""Damage Bonus"":0,""Enabled Attack Index"":2}"
custom	A04O	ANch	1	Charm	Charm	Takes permanent control of a target enemy unit. |nCharm pierces spell immunity, but cannot be used on Heroes, or creeps above level <ANch,DataA1>.	9999	99	700	-	air,enemies,ground,neutral,nonhero,ward		"{""DataA"":10}"	"{""Maximum Creep Level"":10}"
custom	A04P	AIll	1	Item Attack Lightning Bonus (new)			0	0	-	-	ground,air,ward		"{""DataA"":0,""DataB"":100,""DataC"":100,""DataD"":100,""DataE"":2}"	"{""Chance To Hit Heros (%)"":100,""Chance To Hit Summons (%)"":100,""Chance To Hit Units (%)"":100,""Damage Bonus"":0,""Enabled Attack Index"":2}"
custom	A04Q	ACcr	1	Cripple	Cripple	Reduces movement speed by <ACcr,DataA1,%>%, attack rate by <ACcr,DataB1,%>%, and damage by <ACcr,DataC1,%>% of a target enemy unit. |nLasts <ACcr,Dur1> seconds.	9999	99	600	-	air,enemies,ground,neutral,ward	B00R	"{""DataA"":0,""DataB"":0,""DataC"":0.27}"	"{""Attack Speed Reduction (%)"":0,""Damage Reduction"":0.27,""Movement Speed Reduction (%)"":0}"
custom	A04R	ACpa	1	Parasite	Gaze of Corruption	Decreases the armor of all enemy units by 12 for 20 seconds|n|n|cffFFFF80Cooldown:|cffFFFF00 50 |rseconds	50	99	99999	-	enemies,ground,invulnerable,mechanical,neutral,structure		"{""DataA"":0,""DataB"":0,""DataC"":0,""DataD"":0,""DataE"":1}"	"{""Attack Speed Factor"":0,""Damage per Second"":0,""Movement Speed Factor"":0,""Stacking Type"":0,""Summoned Unit Count"":1}"
custom	A04S	AIad	1	COR: Eye of Corruption			0	0	-	99999	air,enemies,ground,vulnerable,ward	B00Q	"{""DataA"":0,""DataB"":0}"	"{""Armor Bonus"":0,""Percent Bonus"":0}"
custom	A04T	AOae	1	Endurance Aura	Endurance Aura - [|cffffcc00Level 1|r]	Increases nearby friendly units' movement speed by <AOae,DataA1,%>% and attack rate by <AOae,DataB1,%>%.	-	0	-	900	ground,friend,air,self,invulnerable,vulnerable,ward	B00P	"{""DataA"":0,""DataB"":0.18}"	"{""Attack Speed Increase (%)"":0.18,""Movement Speed Increase (%)"":0}"
custom	A04U	ACpa	1	Parasite	Eldritch Prison	Summons 6 tentacles around a random ground enemy, that block movement and attack targets nearby.|n|n|cffFFFF80Cooldown:|cffFFFF00 12 |rseconds	9999	99	99999	-	enemies,ground,invulnerable,mechanical,neutral,structure		"{""DataA"":0,""DataB"":0,""DataC"":0,""DataD"":0,""DataE"":1}"	"{""Attack Speed Factor"":0,""Damage per Second"":0,""Movement Speed Factor"":0,""Stacking Type"":0,""Summoned Unit Count"":1}"
custom	A04V	Amnx	1	AOE damage upon death			0	0	-	-	ground,enemies,structure,debris,ward		"{""DataA"":125,""DataB"":100,""DataC"":225,""DataD"":50}"	"{""Full Damage Amount"":100,""Full Damage Radius"":125,""Partial Damage Amount"":50,""Partial Damage Radius"":225}"
custom	A04W	AIll	1	Item Attack Lightning Bonus (new)			0	0	-	-	enemies,ground,structure		"{""DataA"":0,""DataB"":100,""DataC"":100,""DataD"":100,""DataE"":2}"	"{""Chance To Hit Heros (%)"":100,""Chance To Hit Summons (%)"":100,""Chance To Hit Units (%)"":100,""Damage Bonus"":0,""Enabled Attack Index"":2}"
custom	A04X	AUcs	1	Carrion Swarm	Carrion Swarm - [|cffffcc00Level 1|r]	Sends a horde of bats to deal <AUcs,DataA1> damage to each enemy unit in a cone.	9999	99	700	100	enemies,ground,structure		"{""DataA"":60,""DataB"":99999,""DataC"":700,""DataD"":100}"	"{""Damage"":60,""Distance"":700,""Final Area"":100,""Max Damage"":99999}"
custom	A04Y	Amnx	1	AOE damage upon death			0	0	-	-	ground,enemies,structure,debris,ward		"{""DataA"":150,""DataB"":150,""DataC"":275,""DataD"":75}"	"{""Full Damage Amount"":150,""Full Damage Radius"":150,""Partial Damage Amount"":75,""Partial Damage Radius"":275}"
custom	A04Z	Afak	1	Orb of Annihilation	Orb of Annihilation	Adds <Afak,DataA1> bonus damage to the Destroyer's attack and causes his attacks to do area of effect damage.	9999	0	900	250	air,enemies,ground		"{""DataA"":15,""DataB"":0.5,""DataC"":0.25,""DataD"":75,""DataE"":175}"	"{""Damage Bonus"":15,""Full Damage Radius"":75,""Half Damage Radius"":175,""Medium Damage Factor"":0.5,""Small Damage Factor"":0.25}"
custom	A050	ACct	1	Critical Strike	Critical Strike	Gives a <ACct,DataA1>% chance to do <ACct,DataB1> times normal damage on an attack.	0	0	-	0	ground,enemies,air,neutral,ward		"{""DataA"":20,""DataB"":2,""DataC"":0,""DataD"":0,""DataE"":0,""DataF"":""-""}"	"{""Chance to Critical Strike"":20,""Chance to Evade"":0,""Damage Bonus"":0,""Damage Multiplier"":2,""Exclude Item Damage"":""-"",""Never Miss"":0}"
custom	A051	Asph	1	Sphere			0	1	-	-	_		{}	{}
custom	A052	Aegr	1	COR: Shadow Dragon (Damage Reflect)	Elune's Grace	Reduces the damage taken from Piercing attacks to <Aegr,DataA1,%>%, and spells and Magic attacks to <Aegr,DataE1,%>%.	0	0	-	-	ground,enemies,structure,air,neutral,organic,debris,invulnerable,vulnerable,ward		"{""DataA"":0.8,""DataB"":1,""DataC"":0,""DataD"":0,""DataE"":0.8,""DataF"":50,""DataG"":0.8,""DataH"":0.8}"	"{""Attack Speed Factor"":0,""Chance to Deflect"":50,""Damage Dealt (%)"":1,""Damage Taken (%)"":0.8,""Deflect Damage Taken (Piercing)"":0.8,""Deflect Damage Taken (Spells)"":0.8,""Magic Damage Reduction"":0.8,""Movement Speed Factor"":0}"
custom	A053	Asph	1	Sphere			0	1	-	-	_		{}	{}
custom	A054	AIll	1	Item Attack Lightning Bonus (new)			0	0	-	-	ground,air,ward		"{""DataA"":0,""DataB"":100,""DataC"":100,""DataD"":100,""DataE"":2}"	"{""Chance To Hit Heros (%)"":100,""Chance To Hit Summons (%)"":100,""Chance To Hit Units (%)"":100,""Damage Bonus"":0,""Enabled Attack Index"":2}"
custom	A055	Acri	1	Cripple	Cripple	Reduces movement speed by <Acri,DataA1,%>%, attack rate by <Acri,DataB1,%>%, and damage by <Acri,DataC1,%>% of a target enemy unit. |nLasts <Acri,Dur1> seconds.	9999	99	600	-	air,enemies,ground,neutral,ward	B00R	"{""DataA"":0,""DataB"":0,""DataC"":0.55}"	"{""Attack Speed Reduction (%)"":0,""Damage Reduction"":0.55,""Movement Speed Reduction (%)"":0}"
custom	A056	ANpi	1	Corrupted: Void Walker	Permanent Immolation	Burns nearby enemy units for <ANpi,DataA1> points of damage per second.	0	0	-	220	ground,enemies,neutral,notself,organic,self	B00S	"{""DataA"":-5,""DataB"":0,""DataC"":0}"	"{""Buffer Mana Required"":0,""Damage per Interval"":-5,""Mana Drained per Second"":0}"
custom	A057	ACpa	1	COR: Well Of Pain	Touch of Pain	|cffFFFF80Ability:|cffFFFF00 Touch of Pain|r|nStrikes a random enemy for 160 spell damage, prioritising wounded ones. On kill, spawns a Ghost of Sorrow to fight for you. This building is able to store multiple charges, which can be manually released in a burst.|n|n|cffFFFF80Cooldown:|cffFFFF00 5 |rseconds	9999	99	99999	-	enemies,ground,invulnerable,mechanical,neutral,structure		"{""DataA"":0,""DataB"":0,""DataC"":0,""DataD"":0,""DataE"":1}"	"{""Attack Speed Factor"":0,""Damage per Second"":0,""Movement Speed Factor"":0,""Stacking Type"":0,""Summoned Unit Count"":1}"
custom	A058	Asph	1	Sphere			0	1	-	-	_		{}	{}
custom	A059	ACpv	1	Pulverize	Pulverize	Gives a <ACpv,DataA1>% chance that an attack will deal <ACpv,DataB1> damage to nearby units.	0	0	-	-	ground,enemy,neutral		"{""DataA"":25,""DataB"":80,""DataC"":150,""DataD"":250}"	"{""Chance to Stomp (%)"":25,""Damage Dealt"":80,""Full Damage Radius"":150,""Half Damage Radius"":250}"
custom	A05A	ACpv	1	Pulverize	Pulverize	Gives a <ACpv,DataA1>% chance that an attack will deal <ACpv,DataB1> damage to nearby units.	0	0	-	-	ground,enemy,neutral		"{""DataA"":30,""DataB"":140,""DataC"":150,""DataD"":250}"	"{""Chance to Stomp (%)"":30,""Damage Dealt"":140,""Full Damage Radius"":150,""Half Damage Radius"":250}"
custom	A05B	Acht	1	Howl of Terror	Howl of Terror	Emits a terrifying howl that reduces nearby enemy units' attack damage by <Acht,DataA1,%>% for <Acht,Dur1> seconds.	9999	99	-	850	air,ground,enemy,neutral	B01R	"{""DataA"":0.3,""DataB"":4,""DataC"":0,""DataD"":""-"",""DataE"":""-"",""DataF"":""-"",""DataG"":""-""}"	"{""Damage Increase (%)"":0.3,""Defense Increase"":4,""Life Regeneration Rate"":0,""Mana Regen"":""-"",""Max Units"":""-"",""Prefer Friendlies"":""-"",""Prefer Hostiles"":""-""}"
custom	A05C	ACpa	1	Parasite	Parasite	Afflicts a target enemy unit with a deadly parasite that deals <ANpa,DataA1> damage per second for <ANpa,Dur1> seconds. If the afflicted unit dies while under the effect of Parasite, a minor minion will spawn from its corpse.	9999	99	150	-	air,enemies,ground,neutral,nonhero	B019	"{""DataA"":0,""DataB"":0,""DataC"":0,""DataD"":0,""DataE"":1}"	"{""Attack Speed Factor"":0,""Damage per Second"":0,""Movement Speed Factor"":0,""Stacking Type"":0,""Summoned Unit Count"":1}"
custom	A05D	Awrs	1	War Stomp	War Stomp	Slams the ground, dealing <Awrs,DataA1> damage to nearby enemy land units and stunning them for <Awrs,Dur1> seconds.	9999	99	-	250	ground	BPSE	"{""DataA"":75,""DataB"":-50,""DataC"":300}"	"{""Damage"":75,""Terrain Deformation Amplitude"":-50,""Terrain Deformation Duration (ms)"":300}"
custom	A05E	ACpa	1	Parasite	Parasite	Afflicts a target enemy unit with a deadly parasite that deals <ANpa,DataA1> damage per second for <ANpa,Dur1> seconds. If the afflicted unit dies while under the effect of Parasite, a minor minion will spawn from its corpse.	9999	99	100	-	enemies,ground,neutral,nonhero	B019	"{""DataA"":0,""DataB"":0,""DataC"":0,""DataD"":0,""DataE"":1}"	"{""Attack Speed Factor"":0,""Damage per Second"":0,""Movement Speed Factor"":0,""Stacking Type"":0,""Summoned Unit Count"":1}"
custom	A05F	AHad	1	Devotion Aura	Devotion Aura - [|cffffcc00Level 1|r]	Gives <AHad,DataA1,.> additional armor to nearby friendly units.	0	0	-	400	air,enemies,ground,vulnerable	B00W	"{""DataA"":-2,""DataB"":0}"	"{""Armor Bonus"":-2,""Percent Bonus"":0}"
custom	A05G	AHad	1	Devotion Aura	Devotion Aura - [|cffffcc00Level 1|r]	Gives <AHad,DataA1,.> additional armor to nearby friendly units.	0	0	-	650	air,enemies,ground,vulnerable	B00W	"{""DataA"":-4,""DataB"":0}"	"{""Armor Bonus"":-4,""Percent Bonus"":0}"
custom	A05H	AHfs	1	Flame Strike	Flame Strike - [|cffffcc00Level 1|r]	Conjures a pillar of flame that burns ground units for 45 damage a second for 3 seconds. As the pillar of flame subsides, units within the fire continue to take minor damage.	9999	99	99999	325	debris,enemies,ground,neutral,self,tree	BHfs	"{""DataA"":25,""DataB"":0.25,""DataC"":4,""DataD"":1,""DataE"":0,""DataF"":150}"	"{""Building Reduction"":0,""Full Damage Dealt"":25,""Full Damage Interval"":0.25,""Half Damage Dealt"":4,""Half Damage Interval"":1,""Maximum Damage"":150}"
custom	A05I	ACct	1	Critical Strike	Critical Strike	Gives a <ACct,DataA1>% chance to do <ACct,DataB1> times normal damage on an attack.	0	0	-	0	air,ground,enemy,neutral		"{""DataA"":25,""DataB"":2,""DataC"":0,""DataD"":0,""DataE"":0,""DataF"":""-""}"	"{""Chance to Critical Strike"":25,""Chance to Evade"":0,""Damage Bonus"":0,""Damage Multiplier"":2,""Exclude Item Damage"":""-"",""Never Miss"":0}"
custom	A05J	ACev	1	Evasion	Evasion	Gives a <ACev,DataA1,%>% percent chance to avoid an attack.	-	0	-	-	_		"{""DataA"":0.35}"	"{""Chance to Evade"":0.35}"
custom	A05K	ACbh	1	Bash	Blunt Force Trauma	Gives a <ACbh,DataA1>% chance that an attack will do <ACbh,DataC1> bonus damage and stun an opponent for <ACbh,Dur1> seconds.	0	0	-	0	ground	BPSE	"{""DataA"":15,""DataB"":0,""DataC"":25,""DataD"":0,""DataE"":0}"	"{""Chance to Bash"":15,""Chance to Miss"":0,""Damage Bonus"":25,""Damage Multiplier"":0,""Never Miss"":0}"
custom	A05L	Arai	1	Raise Dead	Raise Dead	Raises <Arai,DataA1> skeletons from a corpse.	75	99	600	900	dead	Brai	"{""DataA"":1,""DataB"":0,""DataC"":""u008"",""DataD"":""-""}"	"{""Unit Type One"":""u008"",""Unit Type Two"":""-"",""Units Summoned (Type One)"":1,""Units Summoned (Type Two)"":0}"
custom	A05M	AUcs	1	Carrion Swarm	Carrion Swarm - [|cffffcc00Level 1|r]	Sends a horde of bats to deal <AUcs,DataA1> damage to each enemy unit in a cone.	9999	99	700	150	air,ground	BUcs	"{""DataA"":70,""DataB"":9999,""DataC"":650,""DataD"":300}"	"{""Damage"":70,""Distance"":650,""Final Area"":300,""Max Damage"":9999}"
custom	A05N	AIlx	1	UND: Mighty Necromancer (carrion swarm)			0	0	-	-	air,enemies,ground,structure,ward		"{""DataA"":0,""DataB"":25,""DataC"":25,""DataD"":25,""DataE"":0}"	"{""Chance To Hit Heros (%)"":25,""Chance To Hit Summons (%)"":25,""Chance To Hit Units (%)"":25,""Damage Bonus"":0,""Enabled Attack Index"":0}"
custom	A05O	Asph	1	Sphere			0	1	-	-	_		{}	{}
custom	A05P	ANpi	1	Permanent Immolation	Permanent Immolation	Burns nearby enemy units for <ANpi,DataA1> points of damage per second.	0	0	-	290	air,enemies,ground,neutral,organic	B001	"{""DataA"":12,""DataB"":0,""DataC"":0}"	"{""Buffer Mana Required"":0,""Damage per Interval"":12,""Mana Drained per Second"":0}"
custom	A05Q	ACvs	1	Envenomed Weapons	Envenomed Weapons	Deals <ACvs,DataA1> poison damage per second. |nLasts <ACvs,Dur1> seconds.	0	0	-	-	air,ground,organic	B003	"{""DataA"":8,""DataB"":0.15,""DataC"":0,""DataD"":1}"	"{""Attack Speed Factor"":0,""Damage per Second"":8,""Movement Speed Factor"":0.15,""Stacking Type"":1}"
custom	A05R	Aap1	1	Disease Cloud	Disease Cloud	Infects nearby enemy living units with Disease Cloud. Disease Cloud deals <Aap1,DataB1> damage per second. |nLasts <Aap1,DataA1> seconds.	0	0	-	350	air,enemies,ground,neutral,organic	Bapl	"{""DataA"":120,""DataB"":18,""DataC"":5}"	"{""Aura Duration"":120,""Damage per Second"":18,""Duration of Plague Ward"":5}"
custom	A05S	ACvs	1	Envenomed Weapons	Envenomed Weapons	Deals <ACvs,DataA1> poison damage per second. |nLasts <ACvs,Dur1> seconds.	0	0	-	-	air,ground,organic	B00U	"{""DataA"":15,""DataB"":0.3,""DataC"":0,""DataD"":1}"	"{""Attack Speed Factor"":0,""Damage per Second"":15,""Movement Speed Factor"":0.3,""Stacking Type"":1}"
custom	A05T	ANpi	1	Permanent Immolation	Permanent Immolation	Burns nearby enemy units for <ANpi,DataA1> points of damage per second.	0	0	-	350	air,enemies,ground,neutral,organic	B001	"{""DataA"":2,""DataB"":0,""DataC"":0}"	"{""Buffer Mana Required"":0,""Damage per Interval"":2,""Mana Drained per Second"":0}"
custom	A05U	ACpa	1	Parasite	Raise Dead	Uses a corpse to raise a tier 2-3 skeleton.|n|n|cffFFFF80Cooldown:|cffFFFF00 12 |rseconds	9999	99	99999	-	enemies,ground,invulnerable,mechanical,neutral,structure		"{""DataA"":0,""DataB"":0,""DataC"":0,""DataD"":0,""DataE"":1}"	"{""Attack Speed Factor"":0,""Damage per Second"":0,""Movement Speed Factor"":0,""Stacking Type"":0,""Summoned Unit Count"":1}"
custom	A05V	AEah	1	CHA: Quill Demon (thorns aura)	Thorns Aura - [|cffffcc00Level 1|r]	An aura that gives friendly nearby units a damage reflection, which deals <AEah,DataA1,%>% of an enemy unit's melee attack damage back to it.	-	0	-	350	air,ground,friend,self,vuln,invu	B00V	"{""DataA"":0.35,""DataB"":1}"	"{""Damage Dealt to Attackers"":0.35,""Damage is Percent Received"":1}"
custom	A05W	ACce	1	Cleaving Attack	Cleaving Attack	The creature strikes with such force that <ACce,DataA1,%>% of their damage strikes through to enemies near the primary attacked unit.	0	0	-	175	ground,enemy,neutral		"{""DataA"":0.25}"	"{""Distributed Damage Factor"":0.25}"
custom	A05X	ACcl	1	Chain Lightning	Chain Lightning	Hurls a bolt of lightning that bounces up to <ACcl,DataB1> times, dealing <ACcl,DataA1> damage to the primary target. Each jump deals less damage.	9999	99	700	500	air,enemies,ground,neutral		"{""DataA"":150,""DataB"":5,""DataC"":0.25}"	"{""Damage Reduction per Target"":0.25,""Damage per Target"":150,""Number of Targets Hit"":5}"
custom	A05Y	ACct	1	Critical Strike	Critical Strike	Gives a <ACct,DataA1>% chance to do <ACct,DataB1> times normal damage on an attack.	0	0	-	0	air,ground,enemy,neutral		"{""DataA"":30,""DataB"":3,""DataC"":0,""DataD"":0,""DataE"":0,""DataF"":""-""}"	"{""Chance to Critical Strike"":30,""Chance to Evade"":0,""Damage Bonus"":0,""Damage Multiplier"":3,""Exclude Item Damage"":""-"",""Never Miss"":0}"
custom	A05Z	ACce	1	Cleaving Attack	Cleaving Attack	The creature strikes with such force that <ACce,DataA1,%>% of their damage strikes through to enemies near the primary attacked unit.	0	0	-	200	ground,enemy,neutral		"{""DataA"":0.35}"	"{""Distributed Damage Factor"":0.35}"
custom	A060	ACce	1	Cleaving Attack	Cleaving Attack	The creature strikes with such force that <ACce,DataA1,%>% of their damage strikes through to enemies near the primary attacked unit.	0	0	-	175	ground,enemy,neutral		"{""DataA"":0.25}"	"{""Distributed Damage Factor"":0.25}"
custom	A061	Afbt	1	Feedback	Feedback	This tower's attacks destroy <Afbt,DataA1> mana per hit against any unit, causing bonus damage equal to the mana destroyed.|n|nAdditionally, attacks made by this tower cause <Afbt,DataE1> bonus damage against summoned units.	0	0	-	-	air,ground,enemy,neutral		"{""DataA"":25,""DataB"":1,""DataC"":25,""DataD"":1,""DataE"":10}"	"{""Damage Ratio - Heros (%)"":1,""Damage Ratio - Units (%)"":1,""Max Mana Drained - Heros"":25,""Max Mana Drained - Units"":25,""Summoned Damage"":10}"
custom	A062	ACct	1	Critical Strike	Critical Strike	Gives a <ACct,DataA1>% chance to do <ACct,DataB1> times normal damage on an attack.	0	0	-	0	air,ground,enemy,neutral		"{""DataA"":10,""DataB"":1.5,""DataC"":0,""DataD"":0,""DataE"":0,""DataF"":""-""}"	"{""Chance to Critical Strike"":10,""Chance to Evade"":0,""Damage Bonus"":0,""Damage Multiplier"":1.5,""Exclude Item Damage"":""-"",""Never Miss"":0}"
custom	A063	ACce	1	Cleaving Attack	Cleaving Attack	The creature strikes with such force that <ACce,DataA1,%>% of their damage strikes through to enemies near the primary attacked unit.	0	0	-	200	ground,enemy,neutral		"{""DataA"":0.27}"	"{""Distributed Damage Factor"":0.27}"
custom	A064	Afrb	1	Frost Breath			0	0	-	-	air,enemies,ground	Bfro	{}	{}
custom	A065	ACce	1	Cleaving Attack	Cleaving Attack	The creature strikes with such force that <ACce,DataA1,%>% of their damage strikes through to enemies near the primary attacked unit.	0	0	-	175	ground,enemy,neutral		"{""DataA"":0.25}"	"{""Distributed Damage Factor"":0.25}"
custom	A066	ACct	1	Critical Strike	Critical Strike	Gives a <ACct,DataA1>% chance to do <ACct,DataB1> times normal damage on an attack.	0	0	-	0	air,ground,enemy,neutral		"{""DataA"":20,""DataB"":2,""DataC"":0,""DataD"":0,""DataE"":0,""DataF"":""-""}"	"{""Chance to Critical Strike"":20,""Chance to Evade"":0,""Damage Bonus"":0,""Damage Multiplier"":2,""Exclude Item Damage"":""-"",""Never Miss"":0}"
custom	A067	ACce	1	Cleaving Attack	Cleaving Attack	The creature strikes with such force that <ACce,DataA1,%>% of their damage strikes through to enemies near the primary attacked unit.	0	0	-	175	ground,enemy,neutral		"{""DataA"":0.25}"	"{""Distributed Damage Factor"":0.25}"
custom	A068	ACbh	1	Bash	Bash	Gives a <ACbh,DataA1>% chance that an attack will do <ACbh,DataC1> bonus damage and stun an opponent for <ACbh,Dur1> seconds.	0	0	-	0	ground	BPSE	"{""DataA"":15,""DataB"":0,""DataC"":25,""DataD"":0,""DataE"":0}"	"{""Chance to Bash"":15,""Chance to Miss"":0,""Damage Bonus"":25,""Damage Multiplier"":0,""Never Miss"":0}"
custom	A069	Afak	1	Orb of Annihilation	Orb of Annihilation	Adds <Afak,DataA1> bonus damage to the Destroyer's attack and causes his attacks to do area of effect damage.	9999	0	900	250	air,enemies,ground		"{""DataA"":25,""DataB"":0.66,""DataC"":0.33,""DataD"":75,""DataE"":175}"	"{""Damage Bonus"":25,""Full Damage Radius"":75,""Half Damage Radius"":175,""Medium Damage Factor"":0.66,""Small Damage Factor"":0.33}"
custom	A06A	ACct	1	Critical Strike	Light's Blessing	Non-legendary allied units gain a 20-40% (+20% per building) chance to be revived once with a delay of 2s. To maximize the effect you need two Shrines.	0	0	-	0	air,ground,enemy,neutral		"{""DataA"":20,""DataB"":2,""DataC"":0,""DataD"":0,""DataE"":0,""DataF"":""-""}"	"{""Chance to Critical Strike"":20,""Chance to Evade"":0,""Damage Bonus"":0,""Damage Multiplier"":2,""Exclude Item Damage"":""-"",""Never Miss"":0}"
custom	A06B	ACct	1	Critical Strike	Hand of Justice	Whenever an allied building is destroyed there is a 40% chance that the Golden Shrine of Justice will kill the source that killed the building. This chance stacks only once per team (Max 2 Shrines).	0	0	-	0	air,ground,enemy,neutral		"{""DataA"":20,""DataB"":2,""DataC"":0,""DataD"":0,""DataE"":0,""DataF"":""-""}"	"{""Chance to Critical Strike"":20,""Chance to Evade"":0,""Damage Bonus"":0,""Damage Multiplier"":2,""Exclude Item Damage"":""-"",""Never Miss"":0}"
custom	A06C	Aakb	1	QuadDamageAura	War Drums	Adds a damage increase to the attacks of nearby friendly units.	0	0	-	25000	air,ground,friend,self,vuln,invu	B00I	"{""DataA"":3,""DataB"":1,""DataC"":1,""DataD"":0,""DataE"":1}"	"{""Attack Damage Increase"":3,""Flat Bonus"":0,""Melee Bonus"":1,""Play Channel Animation"":1,""Ranged Bonus"":1}"
custom	A06D	Aakb	1	DoubleDamageAura	War Drums	Adds a damage increase to the attacks of nearby friendly units.	0	0	-	25000	air,ground,friend,self,vuln,invu	B00H	"{""DataA"":1,""DataB"":1,""DataC"":1,""DataD"":0,""DataE"":1}"	"{""Attack Damage Increase"":1,""Flat Bonus"":0,""Melee Bonus"":1,""Play Channel Animation"":1,""Ranged Bonus"":1}"
custom	A06E	Asph	1	Rescue Strike Effect			0	1	-	-	_		{}	{}
custom	A06F	ACct	1	Critical Strike	Critical Strike	Gives a <ACct,DataA1>% chance to do <ACct,DataB1> times normal damage on an attack.	0	0	-	0	air,enemies,neutral		"{""DataA"":40,""DataB"":3,""DataC"":0,""DataD"":0,""DataE"":0,""DataF"":""-""}"	"{""Chance to Critical Strike"":40,""Chance to Evade"":0,""Damage Bonus"":0,""Damage Multiplier"":3,""Exclude Item Damage"":""-"",""Never Miss"":0}"
custom	A06G	Aasl	1	Slow Aura			0	0	 - 	0	_	B01U	"{""DataA"":0,""DataB"":0,""DataC"":"" - ""}"	"{""Always Autocast"":"" - "",""Attack Speed Factor"":0,""Movement Speed Factor"":0}"
custom	A06H	Aens	1	Ensnare	Ensnare	Causes a target enemy unit to be bound to the ground so that it cannot move for <Aens,Dur1> seconds. Air units that are ensnared can be attacked as though they were land units.	0	99	800	-	air,enemies,mechanical,neutral,organic	Bena,Beng	"{""DataA"":0.6,""DataB"":200,""DataC"":128}"	"{""Air Unit Height"":200,""Air Unit Lower Duration"":0.6,""Melee Attack Range"":128}"
custom	A06I	ACpa	1	Parasite	Parasite	Afflicts a target enemy unit with a deadly parasite that deals <ANpa,DataA1> damage per second for <ANpa,Dur1> seconds. If the afflicted unit dies while under the effect of Parasite, a minor minion will spawn from its corpse.	9999	99	600	-	air,enemies,mechanical,neutral,organic	B00T	"{""DataA"":0,""DataB"":0,""DataC"":0,""DataD"":0,""DataE"":1}"	"{""Attack Speed Factor"":0,""Damage per Second"":0,""Movement Speed Factor"":0,""Stacking Type"":0,""Summoned Unit Count"":1}"
custom	A06J	Aspy	1	Spawn Hydra			0	0	-	-	_		"{""DataA"":2,""DataB"":""n01Q""}"	"{""Number of Units"":2,""Unit Type"":""n01Q""}"
custom	A06K	Aspy	1	Spawn Hydra			0	0	-	-	_		"{""DataA"":2,""DataB"":""n01R""}"	"{""Number of Units"":2,""Unit Type"":""n01R""}"
custom	A06L	ACct	1	Critical Strike	Critical Strike	Gives a <ACct,DataA1>% chance to do <ACct,DataB1> times normal damage on an attack.	0	0	-	0	air,ground,enemy,neutral		"{""DataA"":20,""DataB"":2,""DataC"":0,""DataD"":0,""DataE"":0,""DataF"":""-""}"	"{""Chance to Critical Strike"":20,""Chance to Evade"":0,""Damage Bonus"":0,""Damage Multiplier"":2,""Exclude Item Damage"":""-"",""Never Miss"":0}"
custom	A06M	ACct	1	Critical Strike	Call to Arms	Whenever an allied structure trains a unit, there is a 16% chance that an additional unit of this type will be instantly trained, fighting for the Shrine owner. Cannot train legendary units.	0	0	-	0	air,ground,enemy,neutral		"{""DataA"":20,""DataB"":2,""DataC"":0,""DataD"":0,""DataE"":0,""DataF"":""-""}"	"{""Chance to Critical Strike"":20,""Chance to Evade"":0,""Damage Bonus"":0,""Damage Multiplier"":2,""Exclude Item Damage"":""-"",""Never Miss"":0}"
custom	A06N	ACvp	1	UND: Greater Vampir (vampiric aura)	Vampiric Aura	Nearby friendly melee units gain <ACvp,DataA1,%>% of their attack damage when they hit enemy units.	-	0	-	900	self	BUav	"{""DataA"":0.7}"	"{""Attack Damage Stolen (%)"":0.7}"
custom	A06O	Asph	1	Sphere			0	1	-	-	_		{}	{}
custom	A06P	ACpa	1	NOR: Chilling Mushroom	Freezing Blast	"Freezes an air unit stunning it for 2.5 seconds and dealing 150 |cff8080ffspell damage|r.|n
|cff00FF00Others: 100%|r|n|cffFF0000Hero: 70%|nDivine: 25%|r
|n|cffFFFF80Cooldown:|cffFFFF00 6 |rseconds"	9999	99	99999	-	enemies,ground,invulnerable,mechanical,neutral,structure		"{""DataA"":0,""DataB"":0,""DataC"":0,""DataD"":0,""DataE"":1}"	"{""Attack Speed Factor"":0,""Damage per Second"":0,""Movement Speed Factor"":0,""Stacking Type"":0,""Summoned Unit Count"":1}"
custom	A06Q	Aens	1	Ensnare	Ensnare	Causes a target enemy unit to be bound to the ground so that it cannot move for <Aens,Dur1> seconds. Air units that are ensnared can be attacked as though they were land units.	0	99	25000	-	air,enemies,ground,neutral	B00X,B00X	"{""DataA"":0.35,""DataB"":50,""DataC"":128}"	"{""Air Unit Height"":50,""Air Unit Lower Duration"":0.35,""Melee Attack Range"":128}"
custom	A06R	ACpa	1	Parasite	Present of Chaos	"Sends chaotic forces into a random enemy unit.
These forces have one of the following effects on the target unit:
-The unit explodes (no bounty)
-The unit dies (you gain bounty)
-The unit transforms into a Mutation that fights for you
-The unit is hexed or banished
-The unit receives 500 damage
-The unit gets 400 bonus health and +25 damage and is fully healed
-The unit is stunned for 6 seconds and receives 200 spell damage
-Nothing happens at all|n|n|cffFFFF80Cooldown:|cffFFFF00 10 |rseconds"	9999	99	99999	-	enemies,ground,invulnerable,mechanical,neutral,structure		"{""DataA"":0,""DataB"":0,""DataC"":0,""DataD"":0,""DataE"":1}"	"{""Attack Speed Factor"":0,""Damage per Second"":0,""Movement Speed Factor"":0,""Stacking Type"":0,""Summoned Unit Count"":1}"
custom	A06S	AHtb	1	Storm Bolt	Storm Bolt - [|cffffcc00Level 1|r]	Throws a magical hammer at a target enemy unit, dealing <AHtb,DataA1> damage and stunning the target for <AHtb,Dur1> seconds.	9999	99	99999	-	debris,enemies,ground,neutral		"{""DataA"":200}"	"{""Damage"":200}"
custom	A06T	AIl2	1	Item Life Bonus			0	0	-	-	_		"{""DataA"":400}"	"{""Max Life Gained"":400}"
custom	A06U	AIth	1	Item Damage Bonus			0	0	-	-	_		"{""DataA"":25}"	"{""Attack Bonus"":25}"
custom	A06V	Asph	1	Legendary Unit			0	1	-	-	_		{}	{}
custom	A06W	AOae	1	Endurance Aura	Endurance Aura - [|cffffcc00Level 1|r]	Increases nearby friendly units' movement speed by <AOae,DataA1,%>% and attack rate by <AOae,DataB1,%>%.	-	0	-	0	self	B00Z	"{""DataA"":0,""DataB"":0}"	"{""Attack Speed Increase (%)"":0,""Movement Speed Increase (%)"":0}"
custom	A06X	AOae	1	Endurance Aura	Endurance Aura - [|cffffcc00Level 1|r]	Increases nearby friendly units' movement speed by <AOae,DataA1,%>% and attack rate by <AOae,DataB1,%>%.	-	0	-	0	self	B00Y	"{""DataA"":0,""DataB"":0}"	"{""Attack Speed Increase (%)"":0,""Movement Speed Increase (%)"":0}"
custom	A06Y	AOae	1	Endurance Aura	Endurance Aura - [|cffffcc00Level 1|r]	Increases nearby friendly units' movement speed by <AOae,DataA1,%>% and attack rate by <AOae,DataB1,%>%.	-	0	-	0	self	B010	"{""DataA"":0,""DataB"":0}"	"{""Attack Speed Increase (%)"":0,""Movement Speed Increase (%)"":0}"
custom	A06Z	ANss	1	Spell Shield			0	99	-	-	_	BNss	{}	{}
custom	A070	Amgl	1	Leg-anti-hex	Moon Glaive	Gives the Huntress the ability to strike additional units with her bouncing glaive attacks, and changes their armor type to Heavy.	0	0	-	-	_		{}	{}
custom	A071	Ahrp	1	Repair	Repair	Repairs buildings.	0	0	50	-	mechanical,friend,nonancient,ground,air,structure,bridge,alive,dead,invu,vuln		"{""DataA"":0.35,""DataB"":1.5,""DataC"":0.15,""DataD"":0.6,""DataE"":75}"	"{""Naval Range Bonus"":75,""Powerbuild Cost"":0.15,""Powerbuild Rate"":0.6,""Repair Cost Ratio"":0.35,""Repair Time Ratio"":1.5}"
custom	A073	ACev	1	Evasion	Evasion	Gives a <ACev,DataA1,%>% percent chance to avoid an attack.	-	0	-	-	_		"{""DataA"":0.3}"	"{""Chance to Evade"":0.3}"
custom	A074	ACev	1	Evasion	Evasion	Gives a <ACev,DataA1,%>% percent chance to avoid an attack.	-	0	-	-	_		"{""DataA"":0.4}"	"{""Chance to Evade"":0.4}"
custom	A075	Afbt	1	Feedback	Feedback	This tower's attacks destroy <Afbt,DataA1> mana per hit against any unit, causing bonus damage equal to the mana destroyed.|n|nAdditionally, attacks made by this tower cause <Afbt,DataE1> bonus damage against summoned units.	0	0	-	-	air,ground,enemy,neutral		"{""DataA"":60,""DataB"":2.2,""DataC"":60,""DataD"":2.2,""DataE"":10}"	"{""Damage Ratio - Heros (%)"":2.2,""Damage Ratio - Units (%)"":2.2,""Max Mana Drained - Heros"":60,""Max Mana Drained - Units"":60,""Summoned Damage"":10}"
custom	A076	Afbt	1	Feedback	Feedback	This tower's attacks destroy <Afbt,DataA1> mana per hit against any unit, causing bonus damage equal to the mana destroyed.|n|nAdditionally, attacks made by this tower cause <Afbt,DataE1> bonus damage against summoned units.	0	0	-	-	air,ground,enemy,neutral		"{""DataA"":40,""DataB"":1.7,""DataC"":40,""DataD"":1.7,""DataE"":10}"	"{""Damage Ratio - Heros (%)"":1.7,""Damage Ratio - Units (%)"":1.7,""Max Mana Drained - Heros"":40,""Max Mana Drained - Units"":40,""Summoned Damage"":10}"
custom	A077	AOwk	1	Wind Walk	Wind Walk - [|cffffcc00Level 1|r]	Allows the Blademaster to become invisible, move through units, and move <AOwk,DataB1,%>% faster for <AOwk,Dur1> seconds. If the Blademaster attacks a unit to break invisibility, the attack will do <AOwk,DataC1> bonus damage.	9999	99	-	-	air,ground,enemy,neutral	B012	"{""DataA"":2,""DataB"":0.3,""DataC"":150,""DataD"":1,""DataE"":0}"	"{""Backstab Damage"":150,""Backstab Damage [Owk4]"":1,""Movement Speed Increase (%)"":0.3,""Start Cooldown when Decloak"":0,""Transition Time"":2}"
custom	A078	AOwk	1	Wind Walk	Wind Walk - [|cffffcc00Level 1|r]	Allows the Blademaster to become invisible, move through units, and move <AOwk,DataB1,%>% faster for <AOwk,Dur1> seconds. If the Blademaster attacks a unit to break invisibility, the attack will do <AOwk,DataC1> bonus damage.	9999	99	-	-	air,ground,enemy,neutral	B012	"{""DataA"":1.3,""DataB"":0.45,""DataC"":300,""DataD"":1,""DataE"":0}"	"{""Backstab Damage"":300,""Backstab Damage [Owk4]"":1,""Movement Speed Increase (%)"":0.45,""Start Cooldown when Decloak"":0,""Transition Time"":1.3}"
custom	A079	AEtq	1	NEL: Druid (Heal Rain)	Tranquility	Causes rains of healing energy to pour down in a large area, healing friendly allied units for <AEtq,DataA1> hit points per second. |nLasts <AEtq,Dur1> seconds.	125	60	 - 	900	air,ground,friend,self,vuln,invu,neutral	AEtr	"{""DataA"":20,""DataB"":1,""DataC"":1,""DataD"":""-""}"	"{""Building Reduction"":1,""Heal Interval"":1,""Initial Immunity Duration"":""-"",""Life Healed"":20}"
custom	A07A	AEer	1	Entangling Roots	Entangling Roots - [|cffffcc00Level 1|r]	Causes roots to burst from the ground, immobilizing and disarming a target enemy unit for <AEer,Dur1> seconds, and dealing <AEer,DataA1> damage per second.	9999	99	900	-	enemies,ground,neutral	BEer	"{""DataA"":15}"	"{""Damage per Second"":15}"
custom	A07B	Arsk	1	Resistant Skin	Resistant Skin	Reduces the duration of negative spells and renders the Mountain Giant immune to certain spells.	0	0	-	-	_		{}	{}
custom	A07C	AIcb	1	Item Attack Corruption Bonus			0	0	-	-	ground,air,ward	B01Q	"{""DataA"":0,""DataB"":4,""DataE"":1}"	"{""Armor Penalty"":4,""Damage Bonus Dice"":0,""Enabled Attack Index"":1}"
custom	A07D	AIcb	1	Item Attack Corruption Bonus			0	0	-	-	ground,air,ward	B01Q	"{""DataA"":0,""DataB"":7,""DataE"":1}"	"{""Armor Penalty"":7,""Damage Bonus Dice"":0,""Enabled Attack Index"":1}"
custom	A07E	ANcl	1	Channel	Channel	Channels powerful warding magic.	0	0	500	-	_		"{""DataA"":180,""DataB"":0,""DataC"":0,""DataD"":0.98,""DataE"":1,""DataF"":""channel""}"	"{""Art Duration"":0.98,""Base Order ID"":""channel"",""Disable Other Abilities"":1,""Follow Through Time"":180,""Options"":0,""Target Type"":0}"
custom	A07F	ANcl	1	Channel	Channel	Channels powerful warding magic.	0	0	500	-	_		"{""DataA"":180,""DataB"":0,""DataC"":0,""DataD"":0.98,""DataE"":1,""DataF"":""channel""}"	"{""Art Duration"":0.98,""Base Order ID"":""channel"",""Disable Other Abilities"":1,""Follow Through Time"":180,""Options"":0,""Target Type"":0}"
custom	A07G	ANcl	1	Summoned Unit	Channel	Channels powerful warding magic.	0	0	500	-	_		"{""DataA"":180,""DataB"":0,""DataC"":0,""DataD"":0.98,""DataE"":1,""DataF"":""channel""}"	"{""Art Duration"":0.98,""Base Order ID"":""channel"",""Disable Other Abilities"":1,""Follow Through Time"":180,""Options"":0,""Target Type"":0}"
custom	A07H	ANcl	1	TypeLegendary	Channel	Channels powerful warding magic.	0	0	500	-	_		"{""DataA"":180,""DataB"":0,""DataC"":0,""DataD"":0.98,""DataE"":1,""DataF"":""channel""}"	"{""Art Duration"":0.98,""Base Order ID"":""channel"",""Disable Other Abilities"":1,""Follow Through Time"":180,""Options"":0,""Target Type"":0}"
custom	A07I	ANcl	1	Channel	Channel	Channels powerful warding magic.	0	0	500	-	_		"{""DataA"":180,""DataB"":0,""DataC"":0,""DataD"":0.98,""DataE"":1,""DataF"":""channel""}"	"{""Art Duration"":0.98,""Base Order ID"":""channel"",""Disable Other Abilities"":1,""Follow Through Time"":180,""Options"":0,""Target Type"":0}"
custom	A07J	ANcl	1	Channel	Channel	Channels powerful warding magic.	0	0	500	-	_		"{""DataA"":180,""DataB"":0,""DataC"":0,""DataD"":0.98,""DataE"":1,""DataF"":""channel""}"	"{""Art Duration"":0.98,""Base Order ID"":""channel"",""Disable Other Abilities"":1,""Follow Through Time"":180,""Options"":0,""Target Type"":0}"
custom	A07K	ANcl	1	Channel(troll)	Channel	Channels powerful warding magic.	0	0	500	-	_		"{""DataA"":180,""DataB"":0,""DataC"":0,""DataD"":0.98,""DataE"":1,""DataF"":""channel""}"	"{""Art Duration"":0.98,""Base Order ID"":""channel"",""Disable Other Abilities"":1,""Follow Through Time"":180,""Options"":0,""Target Type"":0}"
custom	A07L	Afbt	1	Feedback	Feedback	This tower's attacks destroy <Afbt,DataA1> mana per hit against any unit, causing bonus damage equal to the mana destroyed.|n|nAdditionally, attacks made by this tower cause <Afbt,DataE1> bonus damage against summoned units.	0	0	-	-	air,ground,enemy,neutral		"{""DataA"":25,""DataB"":1,""DataC"":25,""DataD"":1,""DataE"":10}"	"{""Damage Ratio - Heros (%)"":1,""Damage Ratio - Units (%)"":1,""Max Mana Drained - Heros"":25,""Max Mana Drained - Units"":25,""Summoned Damage"":10}"
custom	A07M	ANcl	1	Channel	Channel	Channels powerful warding magic.	0	0	500	-	_		"{""DataA"":180,""DataB"":0,""DataC"":0,""DataD"":0.98,""DataE"":1,""DataF"":""channel""}"	"{""Art Duration"":0.98,""Base Order ID"":""channel"",""Disable Other Abilities"":1,""Follow Through Time"":180,""Options"":0,""Target Type"":0}"
custom	A07N	ANcl	1	Channel	Channel	Channels powerful warding magic.	0	0	500	-	_		"{""DataA"":180,""DataB"":0,""DataC"":0,""DataD"":0.98,""DataE"":1,""DataF"":""channel""}"	"{""Art Duration"":0.98,""Base Order ID"":""channel"",""Disable Other Abilities"":1,""Follow Through Time"":180,""Options"":0,""Target Type"":0}"
custom	A07O	ANcl	1	Channel	Channel	Channels powerful warding magic.	0	0	500	-	_		"{""DataA"":180,""DataB"":0,""DataC"":0,""DataD"":0.98,""DataE"":1,""DataF"":""channel""}"	"{""Art Duration"":0.98,""Base Order ID"":""channel"",""Disable Other Abilities"":1,""Follow Through Time"":180,""Options"":0,""Target Type"":0}"
custom	A07P	ACpa	1	Parasite	Parasite	Afflicts a target enemy unit with a deadly parasite that deals <ANpa,DataA1> damage per second for <ANpa,Dur1> seconds. If the afflicted unit dies while under the effect of Parasite, a minor minion will spawn from its corpse.	9999	99	800	-	enemies,ground,neutral,nonhero,vulnerable	B019	"{""DataA"":0,""DataB"":0,""DataC"":0,""DataD"":0,""DataE"":1}"	"{""Attack Speed Factor"":0,""Damage per Second"":0,""Movement Speed Factor"":0,""Stacking Type"":0,""Summoned Unit Count"":1}"
custom	A07Q	AEer	1	Entangling Roots	Entangling Roots - [|cffffcc00Level 1|r]	Causes roots to burst from the ground, immobilizing and disarming a target enemy unit for <AEer,Dur1> seconds, and dealing <AEer,DataA1> damage per second.	9999	99	1000	-	enemies,ground,neutral	BEer	"{""DataA"":35}"	"{""Damage per Second"":35}"
custom	A07R	ACpa	1	Parasite	Parasite	Afflicts a target enemy unit with a deadly parasite that deals <ANpa,DataA1> damage per second for <ANpa,Dur1> seconds. If the afflicted unit dies while under the effect of Parasite, a minor minion will spawn from its corpse.	9999	99	700	-	enemies,ground,neutral,nonhero,vulnerable	B019	"{""DataA"":0,""DataB"":0,""DataC"":0,""DataD"":0,""DataE"":1}"	"{""Attack Speed Factor"":0,""Damage per Second"":0,""Movement Speed Factor"":0,""Stacking Type"":0,""Summoned Unit Count"":1}"
custom	A07T	AEsf	1	NEL: Starfall	Starfall	Calls down waves of falling stars that damage nearby enemy units. Each wave deals <AEsf,DataA1> damage. |nLasts for <AEsf,Dur1> seconds. Pierces spell immunity.	9999	180	 - 	1000	air,ground,structure,enemy,neutral	AEsd	"{""DataA"":100,""DataB"":2,""DataC"":0.4}"	"{""Building Reduction"":0.4,""Damage Dealt"":100,""Damage Interval"":2}"
custom	A07U	ACpa	1	Parasite	Starfall	Stars fall down from the sky around a random enemy unit damaging all enemies in its area for 11 seconds dealing 50 dps spell damage. Buildings receive only 40% of this damage.|n|n|cffFFFF80Cooldown:|cffFFFF00 30 |rseconds	9999	99	99999	-	enemies,ground,invulnerable,mechanical,neutral,structure		"{""DataA"":0,""DataB"":0,""DataC"":0,""DataD"":0,""DataE"":1}"	"{""Attack Speed Factor"":0,""Damage per Second"":0,""Movement Speed Factor"":0,""Stacking Type"":0,""Summoned Unit Count"":1}"
custom	A07V	Amgl	1	Moon Glaive	Restoration Aura	Increases the hitpoint regeneration of nearby friendly units in 700 range by 7.5 hp/sec and the armor of nearby buildings by 8. The unit heal of Coral Statues stacks with each other, the armor aura does not.	0	0	-	-	_		{}	{}
custom	A07W	Amgl	1	Moon Glaive	Lightbeam	Shoots a beam of light at a random visible enemy unit dealing 180 |cff8080ffspell damage|r to it and removing all status effects.|n|n|cffFFFF80Cooldown:|cffFFFF00 5 |rseconds	0	0	-	-	_		{}	{}
custom	A07X	AHtb	1	Killzor	Storm Bolt - [|cffffcc00Level 1|r]	Throws a magical hammer at a target enemy unit, dealing <AHtb,DataA1> damage and stunning the target for <AHtb,Dur1> seconds.	9999	99	99999	-	air,allies,debris,enemies,friend,ground,neutral,structure	B018	"{""DataA"":10000}"	"{""Damage"":10000}"
custom	A07Y	Asp1	1	Sphere			0	1	-	-	_		{}	{}
custom	A07Z	Afbt	1	Feedback	Feedback	The attacks of this tower burn up to 35 mana dealing 175% of the burned amount in damage. Deals 30 bonus damage to summoned units.	0	0	-	-	air,ground,enemy,neutral		"{""DataA"":35,""DataB"":1.75,""DataC"":35,""DataD"":1.75,""DataE"":10}"	"{""Damage Ratio - Heros (%)"":1.75,""Damage Ratio - Units (%)"":1.75,""Max Mana Drained - Heros"":35,""Max Mana Drained - Units"":35,""Summoned Damage"":10}"
custom	A080	Apxf	1	World Freezer Phoenix Fire	World Freezer Phoenix Fire	Fires down streams of flame, lighting nearby enemies on fire.	0	0.25		700	air,enemies,ground,structure	B015	"{""DataA"":30,""DataB"":0}"	"{""Damage Per Second"":0,""Initial Damage"":30}"
custom	A081	AOae	1	freezer orb slow	Endurance Aura - [|cffffcc00Level 1|r]	Increases nearby friendly units' movement speed by <AOae,DataA1,%>% and attack rate by <AOae,DataB1,%>%.	-	0	-	750	air,enemies,ground,vulnerable	B014	"{""DataA"":-0.3,""DataB"":-0.3}"	"{""Attack Speed Increase (%)"":-0.3,""Movement Speed Increase (%)"":-0.3}"
custom	A082	AHtb	1	Storm Bolt	Storm Bolt - [|cffffcc00Level 1|r]	Throws a magical hammer at a target enemy unit, dealing <AHtb,DataA1> damage and stunning the target for <AHtb,Dur1> seconds.	9999	99	800	-	air,debris,enemies,ground,neutral	B015	"{""DataA"":125}"	"{""Damage"":125}"
custom	A083	AHtb	1	Storm Bolt	Storm Bolt - [|cffffcc00Level 1|r]	Throws a magical hammer at a target enemy unit, dealing <AHtb,DataA1> damage and stunning the target for <AHtb,Dur1> seconds.	9999	99	800	-	air,debris,enemies,ground,neutral,structure	B015	"{""DataA"":0}"	"{""Damage"":0}"
custom	A084	Apxf	1	World Freezer Phoenix Fire -na	World Freezer Phoenix Fire -na	Fires down streams of flame, lighting nearby enemies on fire.	0	0.25		700	air,enemies,ground	B015	"{""DataA"":30,""DataB"":0}"	"{""Damage Per Second"":0,""Initial Damage"":30}"
custom	A085	Arai	1	Raise Dead	Raise Dead	Raises <Arai,DataA1> skeletons from a corpse.	9999	99	600	900	dead	Brai	"{""DataA"":2,""DataB"":0,""DataC"":""u00E"",""DataD"":""-""}"	"{""Unit Type One"":""u00E"",""Unit Type Two"":""-"",""Units Summoned (Type One)"":2,""Units Summoned (Type Two)"":0}"
custom	A086	AUdd	1	Death And Decay	Death And Decay	Damages everything in its area of effect by <AUdd,DataA1,%>% of its max hit points per second. Also destroys trees. |nLasts <AUdd,Dur1> seconds.	9999	99	1000	350	air,enemies,ground,ward	BUdd	"{""DataA"":0.08,""DataB"":0.1}"	"{""Building Reduction"":0.1,""Max Life Drained per Second (%)"":0.08}"
custom	A087	AUdp	1	UND Lich King: Death Pact	Death Pact - [|cffffcc00Level 1|r]	Kills a target friendly Undead unit, giving <AUdp,DataB1,%>% of its hit points to the Death Knight.	50	15	800	-	air,enemies,ground,nonhero,organic,vulnerable		"{""DataA"":0,""DataB"":1,""DataC"":0,""DataD"":0,""DataE"":0}"	"{""Leave Target Alive"":0,""Life Conversion As Percent"":0,""Life Converted to Life"":1,""Life Converted to Mana"":0,""Mana Conversion As Percent"":0}"
custom	A088	AItx	1	Item Damage Bonus			0	0	-	-	_		"{""DataA"":12}"	"{""Attack Bonus"":12}"
custom	A089	AId3	1	Item Armor Bonus			0	0	-	-	_		"{""DataA"":3}"	"{""Defense Bonus"":3}"
custom	A08A	AIdb	1	Item Temporary Area Armor Bonus			0	0	250	250	air,friend,ground,self,vulnerable	B016	"{""DataA"":6,""DataB"":175,""DataC"":50}"	"{""Defense Bonus"":6,""Hit Points Gained"":175,""Mana Points Gained"":50}"
custom	A08B	ACpa	1	Parasite	Elune's Protection	Casts a blessing that triggers when any ally takes attack damage. Restores 175 hp, 50 mana, and increases armor by 6 for 6s to all units in the area. The effect can be stored multiple times if it's not activated.|n|n|cffFFFF80Cooldown:|cffFFFF00 20|r seconds	9999	99	99999	-	enemies,ground,invulnerable,mechanical,neutral,structure		"{""DataA"":0,""DataB"":0,""DataC"":0,""DataD"":0,""DataE"":1}"	"{""Attack Speed Factor"":0,""Damage per Second"":0,""Movement Speed Factor"":0,""Stacking Type"":0,""Summoned Unit Count"":1}"
custom	A08C	AIsr	1	NEL: Obelisk Of Wilderness (spell resist)			0	0	-	-	_		"{""DataA"":0,""DataB"":0.5}"	"{""Damage Bonus"":0,""Damage Reduction"":0.5}"
custom	A08D	Assk	1	Hardened Skin	Hardened Skin	Reduces all attacks on the Mountain Giant by <Assk,DataC1> damage. Attacks cannot be reduced below <Assk,DataB1> damage.	0	0	-	-	enemy,ally		"{""DataA"":40,""DataB"":0,""DataC"":40,""DataD"":1,""DataE"":1}"	"{""Chance to Reduce Damage (%)"":40,""Ignored Damage"":40,""Include Melee Damage"":1,""Include Ranged Damage"":1,""Minimum Damage"":0}"
custom	A08E	ACpa	1	NEL: Obelisk of Wilderness	Resistance of the Wilderness	Blesses a friendly random unit with the resistance of the wilderness, giving it permanently 50% spell damage reduction and a 40% chance to reduce incoming attack damage by 40. Has an extra chance to target units that don't have the buff yet.|n|n|cffFFFF80Cooldown:|cffFFFF00 7 |rseconds	9999	99	99999	-	enemies,ground,invulnerable,mechanical,neutral,structure		"{""DataA"":0,""DataB"":0,""DataC"":0,""DataD"":0,""DataE"":1}"	"{""Attack Speed Factor"":0,""Damage per Second"":0,""Movement Speed Factor"":0,""Stacking Type"":0,""Summoned Unit Count"":1}"
custom	A08F	AOae	1	Endurance Aura	Endurance Aura - [|cffffcc00Level 1|r]	Increases nearby friendly units' movement speed by <AOae,DataA1,%>% and attack rate by <AOae,DataB1,%>%.	-	0	-	0	self	B017	"{""DataA"":0,""DataB"":0}"	"{""Attack Speed Increase (%)"":0,""Movement Speed Increase (%)"":0}"
custom	A08G	Ahrp	1	Repair	Repair	Repairs buildings.	0	0	50	-	mechanical,friend,nonancient,ground,air,structure,bridge,alive,dead,invu,vuln		"{""DataA"":0.35,""DataB"":1.5,""DataC"":0.15,""DataD"":0.6,""DataE"":75}"	"{""Naval Range Bonus"":75,""Powerbuild Cost"":0.15,""Powerbuild Rate"":0.6,""Repair Cost Ratio"":0.35,""Repair Time Ratio"":1.5}"
custom	A08H	ANcl	1	Channel	Channel	Channels powerful warding magic.	0	0	500	-	_		"{""DataA"":180,""DataB"":0,""DataC"":0,""DataD"":0.98,""DataE"":1,""DataF"":""channel""}"	"{""Art Duration"":0.98,""Base Order ID"":""channel"",""Disable Other Abilities"":1,""Follow Through Time"":180,""Options"":0,""Target Type"":0}"
custom	A08I	ACbh	1	Bash	Bash	Gives a <ACbh,DataA1>% chance that an attack will do <ACbh,DataC1> bonus damage and stun an opponent for <ACbh,Dur1> seconds.	0	0	-	0	air,ground	BPSE	"{""DataA"":10,""DataB"":0,""DataC"":50,""DataD"":0,""DataE"":0}"	"{""Chance to Bash"":10,""Chance to Miss"":0,""Damage Bonus"":50,""Damage Multiplier"":0,""Never Miss"":0}"
custom	A08J	ACbh	1	Bash	Bash	Gives a <ACbh,DataA1>% chance that an attack will do <ACbh,DataC1> bonus damage and stun an opponent for <ACbh,Dur1> seconds.	0	0	-	0	air,ground	BPSE	"{""DataA"":20,""DataB"":0,""DataC"":125,""DataD"":0,""DataE"":0}"	"{""Chance to Bash"":20,""Chance to Miss"":0,""Damage Bonus"":125,""Damage Multiplier"":0,""Never Miss"":0}"
custom	A08K	AIsr	1	ZZZauberschaden-Reduzierung			0	0	-	-	_		"{""DataA"":0,""DataB"":0.9}"	"{""Damage Bonus"":0,""Damage Reduction"":0.9}"
custom	A08L	AId4	1	Item Armor Bonus			0	0	-	-	_		"{""DataA"":3}"	"{""Defense Bonus"":3}"
custom	A08M	ACev	1	Evasion	Evasion	Gives a <ACev,DataA1,%>% percent chance to avoid an attack.	-	0	-	-	_		"{""DataA"":0.3}"	"{""Chance to Evade"":0.3}"
custom	A08N	Asph	1	Sphere			0	1	-	-	_		{}	{}
custom	A08O	AIsr	1	Spell Damage Reduction			0	0	-	-	_		"{""DataA"":0,""DataB"":0.8}"	"{""Damage Bonus"":0,""Damage Reduction"":0.8}"
custom	A08P	Aasl	1	Slow Aura			0	0	 - 	0	_	B01F	"{""DataA"":0,""DataB"":0,""DataC"":"" - ""}"	"{""Always Autocast"":"" - "",""Attack Speed Factor"":0,""Movement Speed Factor"":0}"
custom	A08Q	ACf3	1	Damage 200	Finger of Pain	Horribly cripples the innards of a creature or building.	9999	99	99999	-	air,ancient,enemies,friend,ground,nonancient,structure		"{""DataA"":0.25,""DataB"":1,""DataC"":200}"	"{""Damage"":200,""Graphic Delay"":0.25,""Graphic Duration"":1}"
custom	A08R	ANde	1	Demolish	Demolish	Causes attacks to do <ANde,DataB1> times normal damage to buildings.	0	0	-	-	enemy,structure		"{""DataA"":100,""DataB"":1.5,""DataC"":0,""DataD"":0}"	"{""Chance to Demolish"":100,""Damage Multiplier (Buildings)"":1.5,""Damage Multiplier (Heroes)"":0,""Damage Multiplier (Units)"":0}"
custom	A08S	Aenr	1	Entangling Roots	Entangling Roots	Causes roots to burst from the ground, immobilizing a target enemy unit for <Aenr,Dur1> seconds, and dealing <Aenr,DataA1> damage per second.	9999	99	800	-	air,enemies,ground,neutral,nonhero,structure	B00M	"{""DataA"":0}"	"{""Damage per Second"":0}"
custom	A08T	AEsf	1	NEL: Starfall (-na)	Starfall	Calls down waves of falling stars that damage nearby enemy units. Each wave deals <AEsf,DataA1> damage. |nLasts for <AEsf,Dur1> seconds. Pierces spell immunity.	9999	180	 - 	1000	air,enemies,ground,neutral	AEsd	"{""DataA"":100,""DataB"":2,""DataC"":0}"	"{""Building Reduction"":0,""Damage Dealt"":100,""Damage Interval"":2}"
custom	A08U	AHtb	1	HEL: Dragonhawk (SolarStrike)	Storm Bolt - [|cffffcc00Level 1|r]	Throws a magical hammer at a target enemy unit, dealing <AHtb,DataA1> damage and stunning the target for <AHtb,Dur1> seconds.	9999	99	99999	-	air,enemies,mechanical,organic	B018	"{""DataA"":80}"	"{""Damage"":80}"
custom	A08V	ACpa	1	Parasite	Parasite	Afflicts a target enemy unit with a deadly parasite that deals <ANpa,DataA1> damage per second for <ANpa,Dur1> seconds. If the afflicted unit dies while under the effect of Parasite, a minor minion will spawn from its corpse.	50	99	800	-	air,enemies,neutral,nonhero	B01V	"{""DataA"":0,""DataB"":0,""DataC"":0,""DataD"":0,""DataE"":1}"	"{""Attack Speed Factor"":0,""Damage per Second"":0,""Movement Speed Factor"":0,""Stacking Type"":0,""Summoned Unit Count"":1}"
custom	A08W	ACbl	1	Bloodlust	Bloodlust	Increases a target friendly unit's attack rate by <ACbl,DataA1,%>% and movement speed by <ACbl,DataB1,%>% for <ACbl,Dur1> seconds.	9999	99	600	-	air,friend,ground,neutral,organic,self	B019	"{""DataA"":0,""DataB"":0,""DataC"":0}"	"{""Attack Speed Increase (%)"":0,""Movement Speed Increase (%)"":0,""Scaling Factor"":0}"
custom	A08X	ANcl	1	Channel	Channel	Channels powerful warding magic.	0	0	500	-	_		"{""DataA"":180,""DataB"":0,""DataC"":0,""DataD"":0.98,""DataE"":1,""DataF"":""channel""}"	"{""Art Duration"":0.98,""Base Order ID"":""channel"",""Disable Other Abilities"":1,""Follow Through Time"":180,""Options"":0,""Target Type"":0}"
custom	A08Y	ANcl	1	Scroll of Stone Trigger	Channel	Channels powerful warding magic.	0	0	25000	1000	_		"{""DataA"":0,""DataB"":2,""DataC"":3,""DataD"":0,""DataE"":0,""DataF"":""cyclone""}"	"{""Art Duration"":0,""Base Order ID"":""cyclone"",""Disable Other Abilities"":0,""Follow Through Time"":0,""Options"":3,""Target Type"":2}"
custom	A08Z	ACbh	1	MEH: Iron Golem (bash)	Bash	Gives a <ACbh,DataA1>% chance that an attack will do <ACbh,DataC1> bonus damage and stun an opponent for <ACbh,Dur1> seconds.	0	0	-	0	ground	BPSE	"{""DataA"":15,""DataB"":0,""DataC"":40,""DataD"":0,""DataE"":0}"	"{""Chance to Bash"":15,""Chance to Miss"":0,""Damage Bonus"":40,""Damage Multiplier"":0,""Never Miss"":0}"
custom	A090	ACbh	1	Bash 2	Bash	Gives a <ACbh,DataA1>% chance that an attack will do <ACbh,DataC1> bonus damage and stun an opponent for <ACbh,Dur1> seconds.	0	0	-	0	ground	BPSE	"{""DataA"":50,""DataB"":0,""DataC"":100,""DataD"":0,""DataE"":0}"	"{""Chance to Bash"":50,""Chance to Miss"":0,""Damage Bonus"":100,""Damage Multiplier"":0,""Never Miss"":0}"
custom	A091	ACpv	1	Pulverize	Pulverize	Gives a <ACpv,DataA1>% chance that an attack will deal <ACpv,DataB1> damage to nearby units.	0	0	-	-	ground,enemy,neutral		"{""DataA"":25,""DataB"":60,""DataC"":150,""DataD"":250}"	"{""Chance to Stomp (%)"":25,""Damage Dealt"":60,""Full Damage Radius"":150,""Half Damage Radius"":250}"
custom	A092	ACpv	1	Pulverize	Pulverize	Gives a <ACpv,DataA1>% chance that an attack will deal <ACpv,DataB1> damage to nearby units.	0	0	-	-	ground,enemy,neutral		"{""DataA"":40,""DataB"":150,""DataC"":150,""DataD"":250}"	"{""Chance to Stomp (%)"":40,""Damage Dealt"":150,""Full Damage Radius"":150,""Half Damage Radius"":250}"
custom	A093	AIsr	1	Spell Damage Reduction			0	0	-	-	_		"{""DataA"":0,""DataB"":0.3}"	"{""Damage Bonus"":0,""Damage Reduction"":0.3}"
custom	A094	ACce	1	Cleaving Attack	Cleaving Attack	The creature strikes with such force that <ACce,DataA1,%>% of their damage strikes through to enemies near the primary attacked unit.	0	0	-	160	ground,enemy,neutral		"{""DataA"":1}"	"{""Distributed Damage Factor"":1}"
custom	A095	ACpa	1	Parasite	Parasite	Afflicts a target enemy unit with a deadly parasite that deals <ANpa,DataA1> damage per second for <ANpa,Dur1> seconds. If the afflicted unit dies while under the effect of Parasite, a minor minion will spawn from its corpse.	9999	99	99999	-	enemies,ground,invulnerable,mechanical,neutral,structure	B01T	"{""DataA"":0,""DataB"":0,""DataC"":0,""DataD"":0,""DataE"":1}"	"{""Attack Speed Factor"":0,""Damage per Second"":0,""Movement Speed Factor"":0,""Stacking Type"":0,""Summoned Unit Count"":1}"
custom	A096	Amb2	1	MECCCC	Replenish Mana	Replenish the mana of a target friendly unit.	9999	0	900	0	air,friend,ground,invulnerable,self,vulnerable		"{""DataA"":1,""DataB"":0,""DataC"":10,""DataD"":-1,""DataE"":0}"	"{""Autocast Requirement"":10,""Hit Points Gained"":0,""Mana Gained"":1,""Regenerate Only At Night"":0,""Water Height"":-1}"
custom	A097	Amnx	1	AOE damage upon death			0	0	-	-	ground,structure,debris,enemy		"{""DataA"":150,""DataB"":250,""DataC"":375,""DataD"":125}"	"{""Full Damage Amount"":250,""Full Damage Radius"":150,""Partial Damage Amount"":125,""Partial Damage Radius"":375}"
custom	A098	Amin	1	Mine - exploding			0	0	175	-	_		"{""DataA"":5,""DataB"":2}"	"{""Activation Delay"":5,""Invisibility Transition Time"":2}"
custom	A099	Asds	1	Kaboom!	Kaboom!	Deals <Asds,DataB1> damage in a small area. Effective against buildings and trees.	0	0	10	-	debris,enemies,ground,structure,tree,ward		"{""DataA"":150,""DataB"":275,""DataC"":300,""DataD"":125,""DataE"":0.75,""DataF"":0}"	"{""Building Damage Factor"":0.75,""Explodes on Death"":0,""Full Damage Amount"":275,""Full Damage Radius"":150,""Partial Damage Amount"":125,""Partial Damage Radius"":300}"
custom	A09A	Absk	1	Check Range	Display Range	Shows the range of this building	0	99	-	-	_	Bbsk	"{""DataA"":0,""DataB"":0,""DataC"":0}"	"{""Attack Speed Increase"":0,""Damage Taken Increase"":0,""Movement Speed Increase"":0}"
custom	A09B	Amnx	1	AOE damage upon death			0	0	-	-	ground,enemies,structure,debris,ward		"{""DataA"":150,""DataB"":50,""DataC"":300,""DataD"":25}"	"{""Full Damage Amount"":50,""Full Damage Radius"":150,""Partial Damage Amount"":25,""Partial Damage Radius"":300}"
custom	A09B	Amnx	2	AOE damage upon death							ground,enemies,structure,debris,ward		"{""DataA"":190,""DataB"":100,""DataC"":350,""DataD"":50}"	"{""Full Damage Amount"":100,""Full Damage Radius"":190,""Partial Damage Amount"":50,""Partial Damage Radius"":350}"
custom	A09B	Amnx	3	AOE damage upon death							ground,enemies,structure,debris,ward		"{""DataA"":230,""DataB"":200,""DataC"":400,""DataD"":100}"	"{""Full Damage Amount"":200,""Full Damage Radius"":230,""Partial Damage Amount"":100,""Partial Damage Radius"":400}"
custom	A09B	Amnx	4	AOE damage upon death							ground,enemies,structure,debris,ward		"{""DataA"":270,""DataB"":400,""DataC"":450,""DataD"":200}"	"{""Full Damage Amount"":400,""Full Damage Radius"":270,""Partial Damage Amount"":200,""Partial Damage Radius"":450}"
custom	A09B	Amnx	5	AOE damage upon death							ground,enemies,structure,debris,ward		"{""DataA"":310,""DataB"":800,""DataC"":500,""DataD"":400}"	"{""Full Damage Amount"":800,""Full Damage Radius"":310,""Partial Damage Amount"":400,""Partial Damage Radius"":500}"
custom	A09C	AIs2	1	Item Attack Speed Bonus			0	0	-	-	_		"{""DataA"":0}"	"{""Attack Speed Increase"":0}"
custom	A09C	AIs2	2	Item Attack Speed Bonus									"{""DataA"":0.5}"	"{""Attack Speed Increase"":0.5}"
custom	A09C	AIs2	3	Item Attack Speed Bonus									"{""DataA"":1}"	"{""Attack Speed Increase"":1}"
custom	A09C	AIs2	4	Item Attack Speed Bonus									"{""DataA"":1.5}"	"{""Attack Speed Increase"":1.5}"
custom	A09C	AIs2	5	Item Attack Speed Bonus									"{""DataA"":2}"	"{""Attack Speed Increase"":2}"
custom	A09D	ACpa	1	Parasite	Parasite	Afflicts a target enemy unit with a deadly parasite that deals <ANpa,DataA1> damage per second for <ANpa,Dur1> seconds. If the afflicted unit dies while under the effect of Parasite, a minor minion will spawn from its corpse.	9999	99	600	-	enemies,ground,neutral,nonhero,vulnerable	B019	"{""DataA"":0,""DataB"":0,""DataC"":0,""DataD"":0,""DataE"":1}"	"{""Attack Speed Factor"":0,""Damage per Second"":0,""Movement Speed Factor"":0,""Stacking Type"":0,""Summoned Unit Count"":1}"
custom	A09F	Apxf	1	MEH: Rocket Tank (rockets)	Phoenix Fire	Fires down streams of flame, lighting nearby enemies on fire.	0	1		850	air,enemies	B01N	"{""DataA"":85,""DataB"":0}"	"{""Damage Per Second"":0,""Initial Damage"":85}"
custom	A09G	ANcl	1	Gold Coin Trigger	Channel	Channels powerful warding magic.	0	0	25000	-	invulnerable,self		"{""DataA"":0,""DataB"":1,""DataC"":1,""DataD"":0,""DataE"":0,""DataF"":""flamingattack""}"	"{""Art Duration"":0,""Base Order ID"":""flamingattack"",""Disable Other Abilities"":0,""Follow Through Time"":0,""Options"":1,""Target Type"":1}"
custom	A09H	ANcl	1	TypeMurloc	Channel	Channels powerful warding magic.	0	0	500	-	_		"{""DataA"":180,""DataB"":0,""DataC"":0,""DataD"":0.98,""DataE"":1,""DataF"":""channel""}"	"{""Art Duration"":0.98,""Base Order ID"":""channel"",""Disable Other Abilities"":1,""Follow Through Time"":180,""Options"":0,""Target Type"":0}"
custom	A09I	ACbh	1	Bash	Bash	Gives a <ACbh,DataA1>% chance that an attack will do <ACbh,DataC1> bonus damage and stun an opponent for <ACbh,Dur1> seconds.	0	0	-	0	air	BPSE	"{""DataA"":30,""DataB"":0,""DataC"":40,""DataD"":0,""DataE"":0}"	"{""Chance to Bash"":30,""Chance to Miss"":0,""Damage Bonus"":40,""Damage Multiplier"":0,""Never Miss"":0}"
custom	A09J	ACbh	1	Bash	Bash	Gives a <ACbh,DataA1>% chance that an attack will do <ACbh,DataC1> bonus damage and stun an opponent for <ACbh,Dur1> seconds.	0	0	-	0	air	BPSE	"{""DataA"":50,""DataB"":0,""DataC"":60,""DataD"":0,""DataE"":0}"	"{""Chance to Bash"":50,""Chance to Miss"":0,""Damage Bonus"":60,""Damage Multiplier"":0,""Never Miss"":0}"
custom	A09K	Ahrp	1	MEH: Gobbo Machinist (repair)	Repair	Repairs mechanical units and structures at the cost of resources.	0	0	200	-	air,friend,ground,mechanical,structure		"{""DataA"":0,""DataB"":0.45,""DataC"":0.15,""DataD"":0.6,""DataE"":300}"	"{""Naval Range Bonus"":300,""Powerbuild Cost"":0.15,""Powerbuild Rate"":0.6,""Repair Cost Ratio"":0,""Repair Time Ratio"":0.45}"
custom	A09L	AHad	1	Devotion Aura	Devotion Aura - [|cffffcc00Level 1|r]	Gives <AHad,DataA1,.> additional armor to nearby friendly units.	0	0	-	0	self	B01H	"{""DataA"":2,""DataB"":0}"	"{""Armor Bonus"":2,""Percent Bonus"":0}"
custom	A09L	AHad	2	Devotion Aura	Devotion Aura - [|cffffcc00Level 2|r]	Gives <AHad,DataA2,.> additional armor to nearby friendly units.	-	-	-	0	self	B01H	"{""DataA"":4,""DataB"":0}"	"{""Armor Bonus"":4,""Percent Bonus"":0}"
custom	A09M	AIl1	1	Stacking Life Bonus			0	0	-	-	_		"{""DataA"":0}"	"{""Max Life Gained"":0}"
custom	A09M	AIl1	2	Stacking Life Bonus									"{""DataA"":-50}"	"{""Max Life Gained"":-50}"
custom	A09M	AIl1	3	Stacking Life Bonus									"{""DataA"":-100}"	"{""Max Life Gained"":-100}"
custom	A09M	AIl1	4	Stacking Life Bonus									"{""DataA"":-150}"	"{""Max Life Gained"":-150}"
custom	A09M	AIl1	5	Stacking Life Bonus									"{""DataA"":-200}"	"{""Max Life Gained"":-200}"
custom	A09M	AIl1	6	Stacking Life Bonus									"{""DataA"":-250}"	"{""Max Life Gained"":-250}"
custom	A09M	AIl1	7	Stacking Life Bonus									"{""DataA"":-300}"	"{""Max Life Gained"":-300}"
custom	A09M	AIl1	8	Stacking Life Bonus									"{""DataA"":-350}"	"{""Max Life Gained"":-350}"
custom	A09M	AIl1	9	Stacking Life Bonus									"{""DataA"":-400}"	"{""Max Life Gained"":-400}"
custom	A09M	AIl1	10	Stacking Life Bonus									"{""DataA"":-450}"	"{""Max Life Gained"":-450}"
custom	A09N	ACpa	1	Parasite	Energy Shield	Shields a random friendly unit with energy, giving it +2 armor. The next time this unit is targeted by a negative building ability, the ability will not have any effect and the shield will vanish. Has an extra chance to target units that don't have a shield yet.|n|n|cffFFFF80Cooldown:|cffFFFF00 7 |rseconds	9999	99	99999	1	enemies,ground,invulnerable,mechanical,neutral,structure		"{""DataA"":0,""DataB"":0,""DataC"":0,""DataD"":0,""DataE"":1}"	"{""Attack Speed Factor"":0,""Damage per Second"":0,""Movement Speed Factor"":0,""Stacking Type"":0,""Summoned Unit Count"":1}"
custom	A09O	ACpa	1	Parasite	Greater Energy Shield	Shields a random friendly unit with energy, giving it +4 armor. The next two times this unit is targeted by a negative building ability, the ability will not have any effect. In addition, the fisrt time the unit is targeted by a negative building ability, it will heal the unit. Has an extra chance to target units that don't have a shield yet. If affected by eraser, the shield will vanish without healing the unit.|n|n|cffFFFF80Cooldown:|cffFFFF00 7 |rseconds	9999	99	99999	1	enemies,ground,invulnerable,mechanical,neutral,structure		"{""DataA"":0,""DataB"":0,""DataC"":0,""DataD"":0,""DataE"":1}"	"{""Attack Speed Factor"":0,""Damage per Second"":0,""Movement Speed Factor"":0,""Stacking Type"":0,""Summoned Unit Count"":1}"
custom	A09P	AHab	1	Brilliance Aura	Power Up	Increases the mana regeneration of nearby buildings by 0.20 mana/sec	-	0	-	180	friend,invulnerable,structure,vulnerable	B01I	"{""DataA"":0.2,""DataB"":0}"	"{""Mana Regeneration Increase"":0.2,""Percent Bonus"":0}"
custom	A09Q	AId2	1	Item Armor Bonus			0	0	-	-	_		"{""DataA"":4}"	"{""Defense Bonus"":4}"
custom	A09R	ACac	1	Command Aura	Command Aura	Gives extra damage to the attacks of nearby friendly units.	0	0	-	0	self	B01J	"{""DataA"":0.2,""DataB"":1,""DataC"":1,""DataD"":0}"	"{""Attack Damage Increase"":0.2,""Flat Bonus"":0,""Melee Bonus"":1,""Ranged Bonus"":1}"
custom	A09S	AHad	1	Power Armor	Power Armor	Increases the armor of nearby buildings by 2. Empowered buildings are immune to certain negative buffs. If a building with power armor spawns a unit, the unit gains +20% damage, +4 armor, 15% spell resistance and +150 hitpoints	0	0	-	180	friend,structure,self,invulnerable,vulnerable	B01K	"{""DataA"":2,""DataB"":0}"	"{""Armor Bonus"":2,""Percent Bonus"":0}"
custom	A09T	ACcl	1	Chain Lightning	Chain Lightning	Hurls a bolt of lightning that bounces up to <ACcl,DataB1> times, dealing <ACcl,DataA1> damage to the primary target. Each jump deals less damage.	9999	99	700	700	air,enemies,ground,neutral		"{""DataA"":50,""DataB"":8,""DataC"":0.15}"	"{""Damage Reduction per Target"":0.15,""Damage per Target"":50,""Number of Targets Hit"":8}"
custom	A09U	Amgl	1	Moon Glaive	Energy Burst	Attacks have a 15% chance to release a chain lightning, which does 50 spell damage to 8 targets. Each bounce does 20% less than its predecessor.	0	0	-	-	_		{}	{}
custom	A09V	Aakb	1	War Drums	Power Ammo	Increases the damage of nearby towers by 25%	0	0	-	180	friend,invulnerable,structure,vulnerable	B01L	"{""DataA"":0.25,""DataB"":0,""DataC"":1,""DataD"":0,""DataE"":1}"	"{""Attack Damage Increase"":0.25,""Flat Bonus"":0,""Melee Bonus"":0,""Play Channel Animation"":1,""Ranged Bonus"":1}"
custom	A09W	Aspo	1	Slow Poison	Greater Poison Attack	Deals 20 damage per second and slows attack and movementspeed by 70%. Lasts 8 seconds	0	0	-	-	air,ground,organic	Bspo,Bssd	"{""DataA"":20,""DataB"":0.7,""DataC"":0.7,""DataD"":1}"	"{""Attack Speed Factor"":0.7,""Damage Per Second"":20,""Movement Speed Factor"":0.7,""Stacking Type"":1}"
custom	A09X	ACpa	1	Parasite	Parasite	Afflicts a target enemy unit with a deadly parasite that deals <ANpa,DataA1> damage per second for <ANpa,Dur1> seconds. If the afflicted unit dies while under the effect of Parasite, a minor minion will spawn from its corpse.	9999	99	99999	-	enemies,ground,neutral,nonhero,sapper,vulnerable	B019	"{""DataA"":0,""DataB"":0,""DataC"":0,""DataD"":0,""DataE"":1}"	"{""Attack Speed Factor"":0,""Damage per Second"":0,""Movement Speed Factor"":0,""Stacking Type"":0,""Summoned Unit Count"":1}"
custom	A09Y	Assk	1	Hardened Skin	Hardened Skin	Reduces all attacks on the Mountain Giant by <Assk,DataC1> damage. Attacks cannot be reduced below <Assk,DataB1> damage.	0	0	-	-	enemy,ally		"{""DataA"":100,""DataB"":5,""DataC"":18,""DataD"":1,""DataE"":1}"	"{""Chance to Reduce Damage (%)"":100,""Ignored Damage"":18,""Include Melee Damage"":1,""Include Ranged Damage"":1,""Minimum Damage"":5}"
custom	A09Z	Assk	1	Hardened Skin	Hardened Skin	Reduces all attacks on the Mountain Giant by <Assk,DataC1> damage. Attacks cannot be reduced below <Assk,DataB1> damage.	0	0	-	-	enemy,ally		"{""DataA"":100,""DataB"":5,""DataC"":24,""DataD"":1,""DataE"":1}"	"{""Chance to Reduce Damage (%)"":100,""Ignored Damage"":24,""Include Melee Damage"":1,""Include Ranged Damage"":1,""Minimum Damage"":5}"
custom	A0A0	Assk	1	Hardened Skin	Hardened Skin	Reduces all attacks on the Mountain Giant by <Assk,DataC1> damage. Attacks cannot be reduced below <Assk,DataB1> damage.	0	0	-	-	enemy,ally		"{""DataA"":100,""DataB"":5,""DataC"":12,""DataD"":1,""DataE"":1}"	"{""Chance to Reduce Damage (%)"":100,""Ignored Damage"":12,""Include Melee Damage"":1,""Include Ranged Damage"":1,""Minimum Damage"":5}"
custom	A0A1	Asph	1	Sphere			0	1	-	-	_		{}	{}
custom	A0A2	Asph	1	Sphere			0	1	-	-	_		{}	{}
custom	A0A3	Amnx	1	AOE damage upon death			0	0	-	-	debris,enemies,ground,structure,ward		"{""DataA"":150,""DataB"":150,""DataC"":280,""DataD"":75}"	"{""Full Damage Amount"":150,""Full Damage Radius"":150,""Partial Damage Amount"":75,""Partial Damage Radius"":280}"
custom	A0A4	Asph	1	Sphere			0	1	-	-	_		{}	{}
custom	A0A5	Aspb	1	Issue buy order	Issue buy order	Order owning player to buy an item.	0	0	-	-	_		"{""DataA"":""IBA8,IBA6,IBA5,IBA7,IBA3,IBA4,IBA2,IBA9,AIsr,IBA0,IBA1"",""DataB"":0,""DataC"":11,""DataD"":11,""DataE"":""spellbook""}"	"{""Base Order ID"":""spellbook"",""Maximum Spells"":11,""Minimum Spells"":11,""Shared Spell Cooldown"":0,""Spell List"":""IBA8,IBA6,IBA5,IBA7,IBA3,IBA4,IBA2,IBA9,AIsr,IBA0,IBA1""}"
custom	A0A6	Asps	1	Infostealer's (spell steal)	Spell Steal	Steals a positive buff from an enemy unit and applies it to a nearby friendly unit, or takes a negative buff from a friendly unit and applies it to a nearby enemy unit.	9999	99	700	700	air,enemies,friend,ground,self,sapper,ward		{}	{}
custom	A0A7	Ahea	1	Heal	Heal	Heals a target friendly non-mechanical wounded unit for <Ahea,DataA1> hit points.	9999	99	500	-	air,ground,friend,vuln,invu,self,organic,nonancient,neutral	Bhea	"{""DataA"":1}"	"{""Hit Points Gained"":1}"
custom	A0A8	AChv	1	HEL: Sorceress (healing wave)	Healing Wave	Calls forth a wave of healing energy that bounces up to <AChv,DataB1> times, healing <AChv,DataA1> damage on the primary target. Each jump heals less damage.	9999	99	900	500	air,ground,friend,self,vuln,invu,organic		"{""DataA"":150,""DataB"":2,""DataC"":0.4}"	"{""Damage Reduction per Target"":0.4,""Damage per Target"":150,""Number of Targets Hit"":2}"
custom	A0A9	AIlx	1	Melee Lightning Damage Bonus			0	0	-	-	air,enemies,ground,ward		"{""DataA"":0,""DataB"":25,""DataC"":25,""DataD"":25,""DataE"":0}"	"{""Chance To Hit Heros (%)"":25,""Chance To Hit Summons (%)"":25,""Chance To Hit Units (%)"":25,""Damage Bonus"":0,""Enabled Attack Index"":0}"
custom	A0AA	ACcl	1	Chain Lightning	Chain Lightning	Hurls a bolt of lightning that bounces up to <ACcl,DataB1> times, dealing <ACcl,DataA1> damage to the primary target. Each jump deals less damage.	9999	99	700	400	air,enemies,ground,neutral		"{""DataA"":150,""DataB"":2,""DataC"":0.3}"	"{""Damage Reduction per Target"":0.3,""Damage per Target"":150,""Number of Targets Hit"":2}"
custom	A0AB	Acri	1	Cripple	Cripple	Reduces movement speed by <Acri,DataA1,%>%, attack rate by <Acri,DataB1,%>%, and damage by <Acri,DataC1,%>% of a target enemy unit. |nLasts <Acri,Dur1> seconds.	9999	99	600	-	air,enemies,ground,neutral,ward	B00R	"{""DataA"":0,""DataB"":0,""DataC"":1}"	"{""Attack Speed Reduction (%)"":0,""Damage Reduction"":1,""Movement Speed Reduction (%)"":0}"
custom	A0AC	AIll	1	Item Attack Lightning Bonus (new)			0	0	-	-	ground,air,ward		"{""DataA"":0,""DataB"":100,""DataC"":100,""DataD"":100,""DataE"":2}"	"{""Chance To Hit Heros (%)"":100,""Chance To Hit Summons (%)"":100,""Chance To Hit Units (%)"":100,""Damage Bonus"":0,""Enabled Attack Index"":2}"
custom	A0AD	ACce	1	Cleaving Attack	Cleaving Attack	The creature strikes with such force that <ACce,DataA1,%>% of their damage strikes through to enemies near the primary attacked unit.	0	0	-	225	ground,enemy,neutral		"{""DataA"":0.4}"	"{""Distributed Damage Factor"":0.4}"
custom	A0AE	ACpa	1	Parasite	Parasite	Afflicts a target enemy unit with a deadly parasite that deals <ANpa,DataA1> damage per second for <ANpa,Dur1> seconds. If the afflicted unit dies while under the effect of Parasite, a minor minion will spawn from its corpse.	9999	99	400	-	enemies,ground,nonhero,vulnerable	B01T	"{""DataA"":0,""DataB"":0,""DataC"":0,""DataD"":0,""DataE"":1}"	"{""Attack Speed Factor"":0,""Damage per Second"":0,""Movement Speed Factor"":0,""Stacking Type"":0,""Summoned Unit Count"":1}"
custom	A0AF	ACmp	1	Impale	Impale	Slams the ground, sending a wave of force out in a straight line, dealing <ACmp,DataA1> damage and hurling enemy ground units into the air in their wake, stunning them for <ACmp,Dur1> seconds.	9999	11	1000	200	enemies,ground,neutral	B01S	"{""DataA"":800,""DataB"":0.3,""DataC"":250,""DataD"":0.1,""DataE"":0,""DataF"":0}"	"{""Air Time (seconds)"":0.1,""Airborne Targets Vulnerable"":0,""Damage Dealt"":250,""Uninterruptible"":0,""Wave Distance"":800,""Wave Time (seconds)"":0.3}"
custom	A0AG	ACct	1	Critical Strike	Critical Strike	Gives a <ACct,DataA1>% chance to do <ACct,DataB1> times normal damage on an attack.	0	0	-	0	air,ground,enemy,neutral		"{""DataA"":15,""DataB"":2,""DataC"":0,""DataD"":0,""DataE"":0,""DataF"":""-""}"	"{""Chance to Critical Strike"":15,""Chance to Evade"":0,""Damage Bonus"":0,""Damage Multiplier"":2,""Exclude Item Damage"":""-"",""Never Miss"":0}"
custom	A0AH	AIsr	1	Spell Resist (legendary)			0	0	-	-	_		"{""DataA"":0,""DataB"":0.7}"	"{""Damage Bonus"":0,""Damage Reduction"":0.7}"
custom	A0AI	AIsr	1	Spell Damage Reduction			0	0	-	-	_		"{""DataA"":0,""DataB"":0.9}"	"{""Damage Bonus"":0,""Damage Reduction"":0.9}"
custom	A0AJ	Aspi	1	Spiked Barricades			0	0	-	-	enemy		{}	{}
custom	A0AK	AHtb	1	NOR: Chilling Mushroom	Storm Bolt - [|cffffcc00Level 1|r]	Throws a magical hammer at a target enemy unit, dealing <AHtb,DataA1> damage and stunning the target for <AHtb,Dur1> seconds.	9999	99	99999	-	air,debris,enemies,neutral	B00X	"{""DataA"":200}"	"{""Damage"":200}"
custom	A0AL	AIsr	1	HEL: Blademaster (spell resist)			0	0	-	-	_		"{""DataA"":0,""DataB"":0.15}"	"{""Damage Bonus"":0,""Damage Reduction"":0.15}"
custom	A0AN	AIsr	1	HEL: Elder Blademaster (spell resist)			0	0	-	-	_		"{""DataA"":0,""DataB"":0.25}"	"{""Damage Bonus"":0,""Damage Reduction"":0.25}"
custom	A0AO	Aven	1	NAT: Black Spider (slow poison)	Envenomed Spears	Deals <Aven,DataA1> poison damage per second. |nLasts <Aven,Dur1> seconds.	0	0	-	-	air,ground,organic	B00G	"{""DataA"":5,""DataB"":0,""DataC"":0.1,""DataD"":1}"	"{""Attack Speed Factor"":0.1,""Damage per Second"":5,""Movement Speed Factor"":0,""Stacking Type"":1}"
custom	A0AP	Aven	1	NAT: Giant Spider (slow poison)	Envenomed Spears	Deals <Aven,DataA1> poison damage per second. |nLasts <Aven,Dur1> seconds.	0	0	-	-	air,ground,organic	B00G	"{""DataA"":8,""DataB"":0,""DataC"":0.15,""DataD"":1}"	"{""Attack Speed Factor"":0.15,""Damage per Second"":8,""Movement Speed Factor"":0,""Stacking Type"":1}"
custom	A0AQ	Aspy	1	NAT: Giant Spider (spawn forest spiders)			0	0	-	-	_		"{""DataA"":2,""DataB"":""n00T""}"	"{""Number of Units"":2,""Unit Type"":""n00T""}"
custom	A0AR	Aweb	1	NAT: Giant Spider (Web)	Web	Binds a target enemy air unit in webbing, forcing it to the ground. Webbed units can be hit as though they were land units. |nLasts <Aweb,Dur1> seconds.	0	99	450	-	ground,air,enemy,neutral	Bwea,Bweb	"{""DataA"":0.6,""DataB"":200,""DataC"":128}"	"{""Air Unit Height"":200,""Air Unit Lower Duration"":0.6,""Melee Attack Range"":128}"
custom	A0AS	Aweb	1	NAT: Brood Mother (Web)	Web	Binds a target enemy air unit in webbing, forcing it to the ground. Webbed units can be hit as though they were land units. |nLasts <Aweb,Dur1> seconds.	0	99	450	-	ground,air,enemy,neutral	Bwea,Bweb	"{""DataA"":0.6,""DataB"":200,""DataC"":128}"	"{""Air Unit Height"":200,""Air Unit Lower Duration"":0.6,""Melee Attack Range"":128}"
custom	A0AT	Aven	1	NAT: Brood Mother (slow poison)	Envenomed Spears	Deals <Aven,DataA1> poison damage per second. |nLasts <Aven,Dur1> seconds.	0	0	-	-	air,ground,organic	Bpoi,Bpsd	"{""DataA"":32,""DataB"":0,""DataC"":0.25,""DataD"":1}"	"{""Attack Speed Factor"":0.25,""Damage per Second"":32,""Movement Speed Factor"":0,""Stacking Type"":1}"
custom	A0AU	Aspy	1	NAT: Brood Mother (spawn giant spiders)			0	0	-	-	_		"{""DataA"":1,""DataB"":""n01N""}"	"{""Number of Units"":1,""Unit Type"":""n01N""}"
custom	A0AV	ACpa	1	NAT: Brood Mother (infest)	Parasite	Afflicts a target enemy unit with a deadly parasite that deals <ANpa,DataA1> damage per second for <ANpa,Dur1> seconds. If the afflicted unit dies while under the effect of Parasite, a minor minion will spawn from its corpse.	50	99	500	-	air,ground,enemy,organic,neutral,nonhero	B022	"{""DataA"":20,""DataB"":0,""DataC"":0,""DataD"":8,""DataE"":2}"	"{""Attack Speed Factor"":0,""Damage per Second"":20,""Movement Speed Factor"":0,""Stacking Type"":8,""Summoned Unit Count"":2}"
custom	A0AW	Arej	1	NAT: Furbolg Shaman (rejuvenation)	Rejuvenation	Heals a target friendly unit for <Arej,DataA1> hit points over <Arej,Dur1> seconds.	9999	99	800	-	air,ground,friend,vuln,invu,self,organic,neutral	Brej	"{""DataA"":200,""DataB"":0,""DataC"":3,""DataD"":0}"	"{""Allow When Full"":3,""Hit Points Gained"":200,""Mana Points Gained"":0,""No Target Required"":0}"
custom	A0AX	Arej	1	NAT: Furbolg Elder Shaman (rejuvenation)	Rejuvenation	Heals a target friendly unit for <Arej,DataA1> hit points over <Arej,Dur1> seconds.	9999	99	800	-	air,ground,friend,vuln,invu,self,organic,neutral	Brej	"{""DataA"":400,""DataB"":0,""DataC"":3,""DataD"":0}"	"{""Allow When Full"":3,""Hit Points Gained"":400,""Mana Points Gained"":0,""No Target Required"":0}"
custom	A0AY	AIsr	1	NAT: Dryad (spell resist)			0	0	-	-	_		"{""DataA"":0,""DataB"":0.15}"	"{""Damage Bonus"":0,""Damage Reduction"":0.15}"
custom	A0AZ	AIsr	1	NAT: Keeper of the Groove (spell resist)			0	0	-	-	_		"{""DataA"":0,""DataB"":0.2}"	"{""Damage Bonus"":0,""Damage Reduction"":0.2}"
custom	A0B0	ACua	1	NAT: Ancient Keeper (natures aura)	Unholy Aura	Increases nearby friendly units' movement speed by <ACua,DataA1,%>% and life regeneration rate by <ACua,DataB1,%>%.	-	0	-	350	air,friend,ground,invulnerable,self,sapper,vulnerable	B024	"{""DataA"":0,""DataB"":15,""DataC"":0}"	"{""Life Regeneration Increase (%)"":15,""Movement Speed Increase (%)"":0,""Percent Bonus"":0}"
custom	A0B1	ACbh	1	NAT: Bear (bash)	Bash	Gives a <ACbh,DataA1>% chance that an attack will do <ACbh,DataC1> bonus damage and stun an opponent for <ACbh,Dur1> seconds.	0	0	-	0	ground	BPSE	"{""DataA"":15,""DataB"":0,""DataC"":50,""DataD"":0,""DataE"":0}"	"{""Chance to Bash"":15,""Chance to Miss"":0,""Damage Bonus"":50,""Damage Multiplier"":0,""Never Miss"":0}"
custom	A0B2	ACbh	1	NAT: Ancient Bear (bash)	Bash	Gives a <ACbh,DataA1>% chance that an attack will do <ACbh,DataC1> bonus damage and stun an opponent for <ACbh,Dur1> seconds.	0	0	-	0	ground	BPSE	"{""DataA"":30,""DataB"":0,""DataC"":65,""DataD"":0,""DataE"":0}"	"{""Chance to Bash"":30,""Chance to Miss"":0,""Damage Bonus"":65,""Damage Multiplier"":0,""Never Miss"":0}"
custom	A0B3	ACct	1	NAT: Bear (critical strike)	Critical Strike	Gives a <ACct,DataA1>% chance to do <ACct,DataB1> times normal damage on an attack.	0	0	-	0	air,ground,enemy,neutral		"{""DataA"":20,""DataB"":2,""DataC"":0,""DataD"":0,""DataE"":0,""DataF"":""-""}"	"{""Chance to Critical Strike"":20,""Chance to Evade"":0,""Damage Bonus"":0,""Damage Multiplier"":2,""Exclude Item Damage"":""-"",""Never Miss"":0}"
custom	A0B4	ACct	1	NAT: Ancient Bear (critical strike)	Critical Strike	Gives a <ACct,DataA1>% chance to do <ACct,DataB1> times normal damage on an attack.	0	0	-	0	air,ground,enemy,neutral		"{""DataA"":30,""DataB"":2,""DataC"":0,""DataD"":0,""DataE"":0,""DataF"":""-""}"	"{""Chance to Critical Strike"":30,""Chance to Evade"":0,""Damage Bonus"":0,""Damage Multiplier"":2,""Exclude Item Damage"":""-"",""Never Miss"":0}"
custom	A0B5	ACbb	1	Bloodlust	Bloodlust	Increases a target friendly unit's attack rate by <ACbb,DataA1,%>% and movement speed by <ACbb,DataB1,%>% for <ACbb,Dur1> seconds.	9999	8	600	-	air,ground,friend,organic,self,neutral	Bfzy	"{""DataA"":0.2,""DataB"":0,""DataC"":0.2}"	"{""Attack Speed Increase (%)"":0.2,""Movement Speed Increase (%)"":0,""Scaling Factor"":0.2}"
custom	A0B6	ACbb	1	Bloodlust	Bloodlust	Increases a target friendly unit's attack rate by <ACbb,DataA1,%>% and movement speed by <ACbb,DataB1,%>% for <ACbb,Dur1> seconds.	9999	8	600	-	air,ground,friend,organic,self,neutral	Bfzy	"{""DataA"":0.3,""DataB"":0,""DataC"":0.2}"	"{""Attack Speed Increase (%)"":0.3,""Movement Speed Increase (%)"":0,""Scaling Factor"":0.2}"
custom	A0B7	Ainf	1	NAT: Bear (feral rage)	Inner Fire	Increases a target friendly unit's damage by <Ainf,DataA1,%>% and armor by <Ainf,DataB1>. |nLasts <Ainf,Dur1> seconds.	9999	99	800	-	air,ground,friend,neutral,self	B025	"{""DataA"":0.2,""DataB"":0,""DataC"":0,""DataD"":0}"	"{""Autocast Range"":0,""Damage Increase (%)"":0.2,""Defense Increase"":0,""Life Regen Rate"":0}"
custom	A0B8	Ainf	1	NAT: Ancient Bear (feral rage)	Inner Fire	Increases a target friendly unit's damage by <Ainf,DataA1,%>% and armor by <Ainf,DataB1>. |nLasts <Ainf,Dur1> seconds.	9999	99	800	-	air,ground,friend,neutral,self	B025	"{""DataA"":0.3,""DataB"":0,""DataC"":0,""DataD"":0}"	"{""Autocast Range"":0,""Damage Increase (%)"":0.3,""Defense Increase"":0,""Life Regen Rate"":0}"
custom	A0B9	ANic	1	COR: Void Keeper (Incinerate)	Incinerate	Each attack onto the same target deals 7 damage more than the one before. If the target dies, it explodes dealing 80 spell damage to enemies in 90 AoE and half of the damage to units in 180 AoE	0	0	-	-	enemy,neutral,organic,nonancient	BNic	"{""DataA"":7,""DataB"":160,""DataC"":150,""DataD"":80,""DataE"":200,""DataF"":0.2}"	"{""Bonus Damage Multiplier"":7,""Death Damage Delay"":0.2,""Death Damage Full Amount"":160,""Death Damage Full Area"":150,""Death Damage Half Amount"":80,""Death Damage Half Area"":200}"
custom	A0BA	Aven	1	NAT: Emerald Dragon (corrosive breath (poison))	Envenomed Spears	Deals <Aven,DataA1> poison damage per second. |nLasts <Aven,Dur1> seconds.	0	0	-	-	air,ground,organic	Bpoi,Bpsd	"{""DataA"":10,""DataB"":0,""DataC"":0,""DataD"":1}"	"{""Attack Speed Factor"":0,""Damage per Second"":10,""Movement Speed Factor"":0,""Stacking Type"":1}"
custom	A0BB	AIcb	1	NAT: Emerald Dragon (armor reduce)			0	0	-	-	air,enemies,ground,ward	BIcb	"{""DataA"":0,""DataB"":2,""DataE"":2}"	"{""Armor Penalty"":2,""Damage Bonus Dice"":0,""Enabled Attack Index"":2}"
custom	A0BB	AIcb	2	NAT: Emerald Dragon (armor reduce)								BIcb	"{""DataB"":4,""DataE"":2}"	"{""Armor Penalty"":4,""Enabled Attack Index"":2}"
custom	A0BB	AIcb	3	NAT: Emerald Dragon (armor reduce)								BIcb	"{""DataB"":6,""DataE"":2}"	"{""Armor Penalty"":6,""Enabled Attack Index"":2}"
custom	A0BC	Agra	1	NAT: Mounatin Giant (Grab Tree)	War Club	Picks up a tree to give the Mountain Giant Siege damage, and increased attack range. |nLasts for <Agra,DataE1> strikes.	0	99	800	-	tree	Bgra	"{""DataA"":0.8,""DataB"":1.5,""DataC"":0,""DataD"":1,""DataE"":10}"	"{""Attach Delay"":0.8,""Disabled Attack Index"":0,""Enabled Attack Index"":1,""Maximum Attacks"":10,""Remove Delay"":1.5}"
custom	A0BD	ANto	1	NAT: Ancient of Gale	Tornado	Summons a fierce controllable Tornado that slows enemy units' movement speed, randomly tosses enemy ground units into the air and damages enemy buildings. Pierces spell immunity. |nLasts <ANto,Dur1> seconds.	9999	99	99999	-	_	BNto	{}	{}
custom	A0BE	Assk	1	NAT: Mountain Giant (hardened skin)	Hardened Skin	Reduces all attacks on the Mountain Giant by <Assk,DataC1> damage. Attacks cannot be reduced below <Assk,DataB1> damage.	0	0	-	-	air,enemies,ground		"{""DataA"":100,""DataB"":5,""DataC"":25,""DataD"":1,""DataE"":1}"	"{""Chance to Reduce Damage (%)"":100,""Ignored Damage"":25,""Include Melee Damage"":1,""Include Ranged Damage"":1,""Minimum Damage"":5}"
custom	A0BF	AUts	1	NAT: Mountain Giant (damage reduce %)	Spiked Carapace - [|cffffcc00Level 1|r]	Enhances the Crypt Lord's chitinous armor with organic barbs, giving the Crypt Lord <AUts,DataC1> bonus armor and returning <AUts,DataA1,%>% of melee attack damage to enemies.	-	0	-	-	_		"{""DataA"":0,""DataB"":0.8,""DataC"":0}"	"{""Defense Bonus"":0,""Received Damage Factor"":0.8,""Returned Damage Factor"":0}"
custom	A0BG	ANcl	1	Channel	Channel	Channels powerful warding magic.	0	0	500	-	_		"{""DataA"":180,""DataB"":0,""DataC"":0,""DataD"":0.98,""DataE"":1,""DataF"":""channel""}"	"{""Art Duration"":0.98,""Base Order ID"":""channel"",""Disable Other Abilities"":1,""Follow Through Time"":180,""Options"":0,""Target Type"":0}"
custom	A0BH	ACpv	1	NAT: Mountain Giant (pulverize)	Pulverize	Gives a <ACpv,DataA1>% chance that an attack will deal <ACpv,DataB1> damage to nearby units.	0	0	-	-	enemies,ground,neutral		"{""DataA"":30,""DataB"":200,""DataC"":175,""DataD"":0}"	"{""Chance to Stomp (%)"":30,""Damage Dealt"":200,""Full Damage Radius"":175,""Half Damage Radius"":0}"
custom	A0BI	Atau	1	NAT: Mountain Giant (taunt)	Taunt	The closest <Atau,DataA1> enemies are forced to attack this unit.	0	99	-	350	air,ground,enemy,vuln,invu		"{""DataA"":10,""DataB"":0,""DataC"":0,""DataD"":""-"",""DataE"":""-""}"	"{""Interval between Pulses"":""-"",""Max Units"":0,""Number of Pulses"":""-"",""Prefer Friendlies"":0,""Prefer Hostiles"":10}"
custom	A0BJ	ACpa	1	NAT: Mountain Giant (taunt dummy)	Parasite	Afflicts a target enemy unit with a deadly parasite that deals <ANpa,DataA1> damage per second for <ANpa,Dur1> seconds. If the afflicted unit dies while under the effect of Parasite, a minor minion will spawn from its corpse.	9999	99	150	-	air,enemies,ground,sapper,ward	B019	"{""DataA"":0,""DataB"":0,""DataC"":0,""DataD"":0,""DataE"":1}"	"{""Attack Speed Factor"":0,""Damage per Second"":0,""Movement Speed Factor"":0,""Stacking Type"":0,""Summoned Unit Count"":1}"
custom	A0BK	ANth	1	NAT: Treant (thorns)	Spiked Shell	Razor-sharp spikes on the Turtle's shell deal <ANth,DataA1,%>% of an enemy unit's melee attack damage back to it.	-	0	-	-	_	BUtt	"{""DataA"":0.1,""DataB"":1,""DataC"":0}"	"{""Defense Bonus"":0,""Received Damage Factor"":1,""Returned Damage Factor"":0.1}"
custom	A0BL	AHbn	1	NAT: Banish	Banish - [|cffffcc00Level 1|r]	Turns a non-mechanical unit ethereal and slows its movement speed by <AHbn,DataA1,%>% for <AHbn,Dur1> seconds. Ethereal creatures cannot attack, but they can cast spells and certain spells cast upon them will have a greater effect.	9999	0	99999	-	air,enemies,ground	BHbn	"{""DataA"":0.5,""DataB"":0}"	"{""Attack Speed Reduction (%)"":0,""Movement Speed Reduction (%)"":0.5}"
custom	A0BM	ACpa	1	NAT: Banish (dummy)	Banish	"Turns an enemy unit ethereal. Ethereal creatures cannot attack, but they can cast spells and all heals and damage applied to them is amplified by |cff00ffff66%|r.
Lasts 30 seconds."	9999	99	99999	-	enemies,ground,invulnerable,mechanical,neutral,structure		"{""DataA"":0,""DataB"":0,""DataC"":0,""DataD"":0,""DataE"":1}"	"{""Attack Speed Factor"":0,""Damage per Second"":0,""Movement Speed Factor"":0,""Stacking Type"":0,""Summoned Unit Count"":1}"
custom	A0BN	AHbh	1	NAT: Ancient protector (bash)	Bash	Gives a <AHbh,DataA1>% chance that an attack will do <AHbh,DataC1> bonus damage and stun an opponent for <AHbh,Dur1> seconds.	-	0	-	0	air,enemies,ground	BPSE	"{""DataA"":25,""DataB"":0,""DataC"":45,""DataD"":0,""DataE"":""-""}"	"{""Chance to Bash"":25,""Chance to Miss"":0,""Damage Bonus"":45,""Damage Multiplier"":0,""Never Miss"":""-""}"
custom	A0BO	ACpa	1	NAT: Ancient of Gale (dummy)	Cyclone	Slows enemies units attack and movement speed by 25% and deals 40 dps in 250 AoE for 7 seconds. Buildings take 50% of damage.|n|n|cffFFFF80Cooldown:|cffFFFF00 14 |rseconds	9999	99	99999	-	enemies,ground,invulnerable,mechanical,neutral,structure		"{""DataA"":0,""DataB"":0,""DataC"":0,""DataD"":0,""DataE"":1}"	"{""Attack Speed Factor"":0,""Damage per Second"":0,""Movement Speed Factor"":0,""Stacking Type"":0,""Summoned Unit Count"":1}"
custom	A0BP	ACpa	1	NAT: Ancient of Gale (dummy, -na)	Cyclone	Slows enemies units attack and movement speed by 25% and deals 40 dps in 250 AoE for 7 seconds.|n|n|cffFFFF80Cooldown:|cffFFFF00 14 |rseconds	9999	99	99999	-	enemies,ground,invulnerable,mechanical,neutral		"{""DataA"":0,""DataB"":0,""DataC"":0,""DataD"":0,""DataE"":1}"	"{""Attack Speed Factor"":0,""Damage per Second"":0,""Movement Speed Factor"":0,""Stacking Type"":0,""Summoned Unit Count"":1}"
custom	A0BQ	ANto	1	NAT: Ancient of Gale (-na)	Tornado	Summons a fierce controllable Tornado that slows enemy units' movement speed, randomly tosses enemy ground units into the air and damages enemy buildings. Pierces spell immunity. |nLasts <ANto,Dur1> seconds.	9999	99	99999	-	_	BNto	{}	{}
custom	A0BR	AHab	1	NAT: Curse of Nature	Curse of Nature	Gives additional mana regeneration to nearby friendly units.	-	0	-	99999	enemies	B020	"{""DataA"":-0.5,""DataB"":0}"	"{""Mana Regeneration Increase"":-0.5,""Percent Bonus"":0}"
custom	A0BS	ACpa	1	NAT: Ancient of Wonders (dummy)	Call of Nature	Summons forest spirits which attack enemy units with 50% chance to stun it and whenever a wisp dies it explodes dealing 150 |cff8080ffspell damage|r in 350 range|n|n|cffFFFF80Cooldown:|cffFFFF00 40 |rseconds	9999	99	99999	-	enemies,ground,invulnerable,mechanical,neutral,structure		"{""DataA"":0,""DataB"":0,""DataC"":0,""DataD"":0,""DataE"":1}"	"{""Attack Speed Factor"":0,""Damage per Second"":0,""Movement Speed Factor"":0,""Stacking Type"":0,""Summoned Unit Count"":1}"
custom	A0BT	Ahea	1	NAT: Keeper of the Groove (natures touch)	Heal	Heals a target friendly non-mechanical wounded unit for <Ahea,DataA1> hit points.	9999	99	450	-	air,friend,ground,invulnerable,neutral,nonancient,organic,self,vulnerable	Bhea	"{""DataA"":150}"	"{""Hit Points Gained"":150}"
custom	A0BU	AOsf	1	NAT: Keeper of the Grove (summon treants)	Feral Spirit - [|cffffcc00Level 1|r]	Summons <AOsf,DataB1> Spirit Wolf companions. Each wolf has <osw1,realHP> hit points and deals <osw1,mindmg1> - <osw1,maxdmg1> damage. |nLasts <AOsf,Dur1> seconds. |n|n|cffffcc00Attacks land units.|r	9999	99	800	200	_	B021	"{""DataB"":2}"	"{""Number of Summoned Units"":2}"
custom	A0BV	Arsk	1	NAT: Ancient Keeper (spell immune)	Resistant Skin	Reduces the duration of negative spells and renders the Mountain Giant immune to certain spells.	0	0	-	-	_		{}	{}
custom	A0BW	ACev	1	NAT: Ancient Keeper (incorporeal)	Evasion	Gives a <ACev,DataA1,%>% percent chance to avoid an attack.	-	0	-	-	_		"{""DataA"":0.25}"	"{""Chance to Evade"":0.25}"
custom	A0BX	ACpa	1	NAT: Ancient Keeper (treants sprout)	Parasite	Afflicts a target enemy unit with a deadly parasite that deals <ANpa,DataA1> damage per second for <ANpa,Dur1> seconds. If the afflicted unit dies while under the effect of Parasite, a minor minion will spawn from its corpse.	9999	99	400	-	enemies,ground,neutral	B019	"{""DataA"":0,""DataB"":0,""DataC"":0,""DataD"":0,""DataE"":1}"	"{""Attack Speed Factor"":0,""Damage per Second"":0,""Movement Speed Factor"":0,""Stacking Type"":0,""Summoned Unit Count"":1}"
custom	A0BY	ACce	1	NAT: Bear (cleaving attack)	Cleaving Attack	The creature strikes with such force that <ACce,DataA1,%>% of their damage strikes through to enemies near the primary attacked unit.	0	0	-	150	ground,enemy,neutral		"{""DataA"":0.3}"	"{""Distributed Damage Factor"":0.3}"
custom	A0BZ	ACce	1	NAT: Ancient Bear (cleaving attack)	Cleaving Attack	The creature strikes with such force that <ACce,DataA1,%>% of their damage strikes through to enemies near the primary attacked unit.	0	0	-	175	ground,enemy,neutral		"{""DataA"":0.35}"	"{""Distributed Damage Factor"":0.35}"
custom	A0C0	Ahea	1	NAT: Furbolg Shaman (rejuvenation (dummy))	Heal	Heals a target friendly non-mechanical wounded unit for <Ahea,DataA1> hit points.	9999	99	250	-	air,friend,ground,invulnerable,neutral,nonancient,organic,self,vulnerable	Bhea	"{""DataA"":0.01}"	"{""Hit Points Gained"":0.01}"
custom	A0C1	Ahea	1	NAT: Furbolg Elder Shaman (rejuvenation (dummy))	Heal	Heals a target friendly non-mechanical wounded unit for <Ahea,DataA1> hit points.	9999	99	250	-	air,friend,ground,invulnerable,neutral,nonancient,organic,self,vulnerable	Bhea	"{""DataA"":0.01}"	"{""Hit Points Gained"":0.01}"
custom	A0C2	AIlx	1	NAT: Furbolg Elder Shaman (manaburn orb)			0	0	-	-	air,enemies,ground,ward		"{""DataA"":0,""DataB"":30,""DataC"":30,""DataD"":30,""DataE"":0}"	"{""Chance To Hit Heros (%)"":30,""Chance To Hit Summons (%)"":30,""Chance To Hit Units (%)"":30,""Damage Bonus"":0,""Enabled Attack Index"":0}"
custom	A0C3	AEmb	1	NAT: Furbolg Elder Shaman (manaburn)	Mana Burn - [|cffffcc00Level 1|r]	Sends a bolt of negative energy that burns up to <AEmb,DataA1> points of a target enemy unit's mana. The mana combusts, dealing damage equal to the amount of mana burned.	9999	99	800	-	air,enemies,ground,ward		"{""DataA"":150,""DataB"":0.25,""DataC"":1}"	"{""Bolt Delay"":0.25,""Bolt Lifetime"":1,""Max Mana Drained"":150}"
custom	A0C4	ANcl	1	Channel	Channel	Channels powerful warding magic.	0	0	500	-	_		"{""DataA"":180,""DataB"":0,""DataC"":0,""DataD"":0.98,""DataE"":1,""DataF"":""channel""}"	"{""Art Duration"":0.98,""Base Order ID"":""channel"",""Disable Other Abilities"":1,""Follow Through Time"":180,""Options"":0,""Target Type"":0}"
custom	A0C5	ANcl	1	Channel	Channel	Channels powerful warding magic.	0	0	500	-	_		"{""DataA"":180,""DataB"":0,""DataC"":0,""DataD"":0.98,""DataE"":1,""DataF"":""channel""}"	"{""Art Duration"":0.98,""Base Order ID"":""channel"",""Disable Other Abilities"":1,""Follow Through Time"":180,""Options"":0,""Target Type"":0}"
custom	A0C6	Arll	1	Item Life Regeneration			0	0	-	-	_		"{""DataA"":20}"	"{""Hit Points Regenerated Per Second"":20}"
custom	A0C7	Arll	1	Item Life Regeneration			0	0	-	-	_		"{""DataA"":40}"	"{""Hit Points Regenerated Per Second"":40}"
custom	A0C8	AItx	1	Item Damage Bonus			0	0	-	-	_		"{""DataA"":115}"	"{""Attack Bonus"":115}"
custom	A0C9	Aspb	1	Spell Book			0	0	-	-	_		"{""DataA"":""A0CC,A0CA"",""DataB"":1,""DataC"":2,""DataD"":2,""DataE"":""spellbook""}"	"{""Base Order ID"":""spellbook"",""Maximum Spells"":2,""Minimum Spells"":2,""Shared Spell Cooldown"":1,""Spell List"":""A0CC,A0CA""}"
custom	A0C9	Aspb	2	Spell Book									"{""DataA"":""A0CB,A0CA"",""DataC"":2,""DataD"":2}"	"{""Maximum Spells"":2,""Minimum Spells"":2,""Spell List"":""A0CB,A0CA""}"
custom	A0C9	Aspb	3	Spell Book									"{""DataA"":""A0CD,A0CA"",""DataC"":2,""DataD"":2}"	"{""Maximum Spells"":2,""Minimum Spells"":2,""Spell List"":""A0CD,A0CA""}"
custom	A0CA	Aasl	1	Slow Aura			0	0	 - 	100	self	B023	"{""DataA"":0,""DataB"":0,""DataC"":"" - ""}"	"{""Always Autocast"":"" - "",""Attack Speed Factor"":0,""Movement Speed Factor"":0}"
custom	A0CB	AId1	1	Item Armor Bonus			0	0	-	-	_		"{""DataA"":-4}"	"{""Defense Bonus"":-4}"
custom	A0CC	AId1	1	Item Armor Bonus			0	0	-	-	_		"{""DataA"":-2}"	"{""Defense Bonus"":-2}"
custom	A0CD	AId1	1	Item Armor Bonus			0	0	-	-	_		"{""DataA"":-6}"	"{""Defense Bonus"":-6}"
custom	A0CE	Atdg	1	Tornado (Unit Damage Aura)			0	0		250	air,enemies,ground,sapper,ward	Btdg	"{""DataA"":40,""DataB"":250,""DataC"":40,""DataD"":0,""DataE"":0}"	"{""Damage Per Second"":40,""Medium Damage Per Second"":40,""Medium Damage Radius"":250,""Small Damage Per Second"":0,""Small Damage Radius"":0}"
custom	A0CF	AIsr	1	NAT: Mountain Giant (spell resist)			0	0	-	-	_		"{""DataA"":0,""DataB"":0.5}"	"{""Damage Bonus"":0,""Damage Reduction"":0.5}"
custom	A0CG	Ahea	1	NEL: Faerie Dragon (heal)	Heal	Heals a target friendly non-mechanical wounded unit for <Ahea,DataA1> hit points.	9999	99	400	-	air,friend,ground,invulnerable,neutral,nonancient,organic,self,vulnerable	Bhea	"{""DataA"":175}"	"{""Hit Points Gained"":175}"
custom	A0CH	AIlx	1	ELE: Elemental Of Lightning (orb)			0	0	-	-	air,enemies,ground,ward		"{""DataA"":0,""DataB"":100,""DataC"":100,""DataD"":100,""DataE"":1}"	"{""Chance To Hit Heros (%)"":100,""Chance To Hit Summons (%)"":100,""Chance To Hit Units (%)"":100,""Damage Bonus"":0,""Enabled Attack Index"":1}"
custom	A0CI	AIlx	1	ELE: Greater Elemental Of Lightning (orb)			0	0	-	-	air,enemies,ground,ward		"{""DataA"":0,""DataB"":100,""DataC"":100,""DataD"":100,""DataE"":1}"	"{""Chance To Hit Heros (%)"":100,""Chance To Hit Summons (%)"":100,""Chance To Hit Units (%)"":100,""Damage Bonus"":0,""Enabled Attack Index"":1}"
custom	A0CJ	ACfl	1	ELE: Elemental Of Lightning (forked lightning)	Forked Lightning	Calls forth a cone of lightning on a target enemy unit, hitting up to <ACfl,DataB1> enemy units for <ACfl,DataA1> damage.	9999	99	350	125	air,enemies,ground,ward		"{""DataA"":50,""DataB"":3,""DataC"":350,""DataD"":400}"	"{""Damage per Target"":50,""Distance"":350,""Final Area"":400,""Number of Targets Hit"":3}"
custom	A0CK	ACfl	1	ELE: Greater Elemental Of Lightning (forked lightning)	Forked Lightning	Calls forth a cone of lightning on a target enemy unit, hitting up to <ACfl,DataB1> enemy units for <ACfl,DataA1> damage.	9999	99	400	125	air,enemies,ground,ward		"{""DataA"":80,""DataB"":5,""DataC"":350,""DataD"":400}"	"{""Damage per Target"":80,""Distance"":350,""Final Area"":400,""Number of Targets Hit"":5}"
custom	A0CL	ANlm	1	ELE: Elemental Of Fire (split)	Summon Lava Spawn - [|cffffcc00Level 1|r]	Summons a Lava Spawn, a resilient and deadly fire creature. As a Lava Spawn deals damage, it consumes the flesh of its target, thereby fueling its fires and eventually splitting into two healthy Lava Spawns.|n|nHas <nlv1,realHP> hit points and deals <nlv1,mindmg1> - <nlv1,maxdmg1> damage.|nLasts <ANlm,Dur1> seconds.|n|n|cffffcc00Attacks ground and air units.|r	9999	32	-	200	enemy,neutral,air,ground,ward	BNlm	"{""DataA"":1,""DataB"":5,""DataC"":15,""DataD"":0.5,""DataE"":12,""DataF"":3}"	"{""Generation Count"":3,""Life Duration Split Bonus"":12,""Max Hitpoint Factor"":0.5,""Split Attack Count"":15,""Split Delay"":5,""Summoned Unit Count"":1}"
custom	A0CM	AIlx	1	ELE: Greater Elemental Of Fire (firebreath orb)			0	0	-	-	air,enemies,ground		"{""DataA"":0,""DataB"":20,""DataC"":20,""DataD"":20,""DataE"":0}"	"{""Chance To Hit Heros (%)"":20,""Chance To Hit Summons (%)"":20,""Chance To Hit Units (%)"":20,""Damage Bonus"":0,""Enabled Attack Index"":0}"
custom	A0CN	ACbc	1	ELE: Greater Elemental Of Fire (firebreath)	Breath of Fire	Breathes a cone of fire at enemy units, dealing <ACbc,DataA1> damage.	9999	99	700	150	air,enemies,ground	BNbf	"{""DataA"":95,""DataB"":900,""DataC"":800,""DataD"":400,""DataE"":0}"	"{""Damage"":95,""Damage Per Second"":0,""Distance"":800,""Final Area"":400,""Max Damage"":900}"
custom	A0CO	Awar	1	ELE: Elemental Of Earth	Pulverize	Gives a <Awar,DataA1>% chance that an attack will deal <Awar,DataB1> damage to nearby units.	0	0	-	-	enemies,ground,ward		"{""DataA"":20,""DataB"":100,""DataC"":200,""DataD"":300}"	"{""Chance to Stomp (%)"":20,""Damage Dealt"":100,""Full Damage Radius"":200,""Half Damage Radius"":300}"
custom	A0CP	Awar	1	ELE: Greater Elemental Of Earth	Pulverize	Gives a <Awar,DataA1>% chance that an attack will deal <Awar,DataB1> damage to nearby units.	0	0	-	-	enemies,ground,ward		"{""DataA"":25,""DataB"":200,""DataC"":200,""DataD"":300}"	"{""Chance to Stomp (%)"":25,""Damage Dealt"":200,""Full Damage Radius"":200,""Half Damage Radius"":300}"
custom	A0CQ	AOae	1	ELE: Elemental Of Wind (slow aura)	Endurance Aura - [|cffffcc00Level 1|r]	Increases nearby friendly units' movement speed by <AOae,DataA1,%>% and attack rate by <AOae,DataB1,%>%.	-	0	-	700	air,enemies,ward	B026	"{""DataA"":-0.2,""DataB"":-0.2}"	"{""Attack Speed Increase (%)"":-0.2,""Movement Speed Increase (%)"":-0.2}"
custom	A0CR	AOae	1	ELE: Greater Elemental Of Wind (slow aura)	Endurance Aura - [|cffffcc00Level 1|r]	Increases nearby friendly units' movement speed by <AOae,DataA1,%>% and attack rate by <AOae,DataB1,%>%.	-	0	-	700	air,enemies,ward	B026	"{""DataA"":-0.35,""DataB"":-0.35}"	"{""Attack Speed Increase (%)"":-0.35,""Movement Speed Increase (%)"":-0.35}"
custom	A0CS	ACes	1	ELE: Lesser Elemental Of Water (evasion)	Evasion	Gives a <ACes,DataA1,%>% percent chance to avoid an attack.	-	0	-	-	air,enemies,ground,structure		"{""DataA"":0.5}"	"{""Chance to Evade"":0.5}"
custom	A0CT	ACes	1	ELE: Elemental Of Water (evasion)	Evasion	Gives a <ACes,DataA1,%>% percent chance to avoid an attack.	-	0	-	-	air,enemies,ground,structure		"{""DataA"":0.6}"	"{""Chance to Evade"":0.6}"
custom	A0CU	AOmi	1	ELE: Greater Elemental Of Water (illusions)	Mirror Image - [|cffffcc00Level 1|r]	Confuses the enemy by creating <AOmi,DataA1> illusion of the Blademaster. Dispels all magic from the Blademaster. |nLasts <AOmi,Dur1> seconds.	9999	3	128	1000	air,enemies,ground,structure	BOmi	"{""DataA"":1,""DataB"":0.6,""DataC"":2,""DataD"":0.5}"	"{""Animation Delay"":0.5,""Damage Dealt (%)"":0.6,""Damage Taken (%)"":2,""Number of Images"":1}"
custom	A0CV	ANcl	1	Channel ( Assasin Target )	Channel	Channels powerful warding magic.	0	0	500	-	_		"{""DataA"":180,""DataB"":0,""DataC"":0,""DataD"":0.98,""DataE"":1,""DataF"":""channel""}"	"{""Art Duration"":0.98,""Base Order ID"":""channel"",""Disable Other Abilities"":1,""Follow Through Time"":180,""Options"":0,""Target Type"":0}"
custom	A0CW	Asph	1	ELE: Onis Alis			0	1	-	-	_		{}	{}
custom	A0CX	Asph	1	ELE: Onis Coruscus			0	1	-	-	_		{}	{}
custom	A0CY	ACpa	1	ELE: Elemental Rain	Elemental Rain	Casts 1 from next 3 spells:|n- Monsoon (40dmg/sec, 5 sec)|n- Meteor Shower 200dmg, 15dmg/sec, 3 sec)|n- Blizzard (25dmg/wave, 7 waves)|n|n|cffFFFF80Cooldown:|cffFFFF00 14 |rseconds	9999	99	99999	-	enemies,ground,invulnerable,mechanical,neutral,structure		"{""DataA"":0,""DataB"":0,""DataC"":0,""DataD"":0,""DataE"":1}"	"{""Attack Speed Factor"":0,""Damage per Second"":0,""Movement Speed Factor"":0,""Stacking Type"":0,""Summoned Unit Count"":1}"
custom	A0CZ	ACpa	1	ELE: Enchant	Enchant	Enchants a random allied unit with an elemental buff, improving its traits.|n|n|cffFFFF80Cooldown:|cffFFFF00 9 |rseconds	9999	99	99999	-	enemies,ground,invulnerable,mechanical,neutral,structure		"{""DataA"":0,""DataB"":0,""DataC"":0,""DataD"":0,""DataE"":1}"	"{""Attack Speed Factor"":0,""Damage per Second"":0,""Movement Speed Factor"":0,""Stacking Type"":0,""Summoned Unit Count"":1}"
custom	A0D0	ACrg	1	ELE: Elemental Rain (Meteor Shower)	Rain of Fire	Calls down waves of fire that damage units in an area. Each wave deals <ACrg,DataB1> initial damage and <ACrg,DataE1> damage per second for <ACrg,Dur1> seconds. |nLasts for <ACrg,DataA1> waves.	9999	99	800	300	air,enemies	BNrd,BNrf	"{""DataA"":5,""DataB"":30,""DataC"":5,""DataD"":0.5,""DataE"":15,""DataF"":99999}"	"{""Building Reduction"":0.5,""Damage"":30,""Damage Per Second"":15,""Maximum Damage per Wave"":99999,""Number of Shards"":5,""Number of Waves"":5}"
custom	A0D1	AHbz	1	ELE: Elemental Rain (Blizzard)	Blizzard - [|cffffcc00Level 1|r]	Calls down <AHbz,DataA1> freezing ice shard waves; each wave deals <AHbz,DataB1> damage to units in an area.	9999	99	800	300	enemies,ground,structure	BHbd,BHbz	"{""DataA"":7,""DataB"":30,""DataC"":7,""DataD"":0.5,""DataE"":0,""DataF"":99999}"	"{""Building Reduction"":0.5,""Damage"":30,""Damage Per Second"":0,""Maximum Damage per Wave"":99999,""Number of Shards"":7,""Number of Waves"":7}"
custom	A0D2	AHbz	1	ELE: Elemental Rain (Blizzard) (-na)	Blizzard - [|cffffcc00Level 1|r]	Calls down <AHbz,DataA1> freezing ice shard waves; each wave deals <AHbz,DataB1> damage to units in an area.	9999	99	800	300	enemies,ground	BHbd,BHbz	"{""DataA"":7,""DataB"":40,""DataC"":7,""DataD"":1,""DataE"":0,""DataF"":500}"	"{""Building Reduction"":1,""Damage"":40,""Damage Per Second"":0,""Maximum Damage per Wave"":500,""Number of Shards"":7,""Number of Waves"":7}"
custom	A0D3	ACrg	1	ELE: Elemental Rain (Meteor Shower)	Rain of Fire	Calls down waves of fire that damage units in an area. Each wave deals <ACrg,DataB1> initial damage and <ACrg,DataE1> damage per second for <ACrg,Dur1> seconds. |nLasts for <ACrg,DataA1> waves.	9999	99	800	300	air,enemies,ground	BNrd,BNrf	"{""DataA"":5,""DataB"":30,""DataC"":5,""DataD"":0.75,""DataE"":15,""DataF"":99999}"	"{""Building Reduction"":0.75,""Damage"":30,""Damage Per Second"":15,""Maximum Damage per Wave"":99999,""Number of Shards"":5,""Number of Waves"":5}"
custom	A0D4	Awar	1	ELE: Enchant(Forge Weapon)	Pulverize	Gives a <Awar,DataA1>% chance that an attack will deal <Awar,DataB1> damage to nearby units.	0	0	-	-	air,enemies,ground	B02A	"{""DataA"":15,""DataB"":50,""DataC"":200,""DataD"":300}"	"{""Chance to Stomp (%)"":15,""Damage Dealt"":50,""Full Damage Radius"":200,""Half Damage Radius"":300}"
custom	A0D5	AHtb	1	ELE: ElectroShieldElemental	Storm Bolt - [|cffffcc00Level 1|r]	Throws a magical hammer at a target enemy unit, dealing <AHtb,DataA1> damage and stunning the target for <AHtb,Dur1> seconds.	9999	9	600	-	air,ground,debris,enemy,neutral,organic	B028	"{""DataA"":25}"	"{""Damage"":25}"
custom	A0D5	AHtb	2	ELE: ElectroShieldElemental	Storm Bolt - [|cffffcc00Level 2|r]	Throws a magical hammer at a target enemy unit, dealing <AHtb,DataA2> damage and stunning the target for <AHtb,Dur2> seconds.	9999	9	600	-	air,ground,debris,enemy,neutral,organic	B028	"{""DataA"":50}"	"{""Damage"":50}"
custom	A0D6	AId4	1	ELE: Enchant(Rock Shield)			0	0	-	-	_	B02C	"{""DataA"":15}"	"{""Defense Bonus"":15}"
custom	A0D7	AOae	1	ELE: Enchant(Haste)	Endurance Aura - [|cffffcc00Level 1|r]	Increases nearby friendly units' movement speed by <AOae,DataA1,%>% and attack rate by <AOae,DataB1,%>%.	-	0	-	0	self	B02B	"{""DataA"":0.15,""DataB"":0.7}"	"{""Attack Speed Increase (%)"":0.7,""Movement Speed Increase (%)"":0.15}"
custom	A0D8	Apig	1	ELE: Elemental Guard Tower (Immolation)	Immolation	Burns nearby enemy units for 40 points of damage per second in 600 range.	0	0	-	600	air,enemies,ground	Bpig	"{""DataA"":40,""DataB"":0,""DataC"":0}"	"{""Buffer Mana Required"":0,""Damage per Interval"":40,""Mana Drained per Second"":0}"
custom	A0D9	Apxf	1	ELE: Elemental Guard Tower (Discharge)	Phoenix Fire	Fires down streams of flame, lighting nearby enemies on fire.	0	0.1		800	air,enemies,ground		"{""DataA"":25,""DataB"":0}"	"{""Damage Per Second"":0,""Initial Damage"":25}"
custom	A0DA	Aclf	1	ELE: Elemental Guard Tower (Shield of Mist)	Cloud	Cast on enemy buildings with ranged attacks to stop the buildings from attacking. |nLasts <Aclf,Dur1> seconds.	9999	99	1000	250	enemies,ground	Bclf	"{""DataA"":1,""DataB"":0,""DataC"":0,""DataD"":0}"	"{""Attack Speed Modifier"":0,""Attacks Prevented"":1,""Chance To Miss (%)"":0,""Movement Speed Modifier"":0}"
custom	A0DB	AIlx	1	ELE: Elemental Guard Tower			0	0	-	-	air,enemies,ground		"{""DataA"":0,""DataB"":70,""DataC"":70,""DataD"":70,""DataE"":0}"	"{""Chance To Hit Heros (%)"":70,""Chance To Hit Summons (%)"":70,""Chance To Hit Units (%)"":70,""Damage Bonus"":0,""Enabled Attack Index"":0}"
custom	A0DC	ACtb	1	ELE: Elemental Guard Tower (Boulder)	Hurl Boulder	A magical boulder that is thrown at an enemy unit, causing <ACtb,DataA1> points of damage and stunning the target for <ACtb,Dur1> seconds.	9999	99	800	-	air,enemies,ground	BPSE	"{""DataA"":100}"	"{""Damage"":100}"
custom	A0DD	ANcl	1	Channel	|cffFFD900Choose Chaos Legion|r	The Forces of Chaos summon horrible demons and use destructive magic to defeat their enemies. Chaos has no siege unit, but many strong units with chaos damage. Chaos has NO TOWER!	0	0	500	-	_		"{""DataA"":0.01,""DataB"":0,""DataC"":17,""DataD"":0.98,""DataE"":1,""DataF"":""creephealoff""}"	"{""Art Duration"":0.98,""Base Order ID"":""creephealoff"",""Disable Other Abilities"":1,""Follow Through Time"":0.01,""Options"":17,""Target Type"":0}"
custom	A0DE	ANcl	1	Channel	|cffFFD900Choose the Elven Union|r	The elven races have gathered to defend their realms. Elves use strong magic to weaken enemies and aid friendly units. They've got a pretty good siege weapon and a low ranged tower with multishot.	0	0	500	-	_		"{""DataA"":0.01,""DataB"":0,""DataC"":17,""DataD"":0.98,""DataE"":1,""DataF"":""creepheal""}"	"{""Art Duration"":0.98,""Base Order ID"":""creepheal"",""Disable Other Abilities"":1,""Follow Through Time"":0.01,""Options"":17,""Target Type"":0}"
custom	A0DF	ANcl	1	Channel	|cffFFD900Choose Corrupted Ones Conglomerate|r	Corrupted by evil demons, these former friendly creatures have turned into minions of darkness. They use dark magic to influence their enemies and can build a tower with splash damage.	0	0	500	-	_		"{""DataA"":0.01,""DataB"":0,""DataC"":17,""DataD"":0.98,""DataE"":1,""DataF"":""creepdevour""}"	"{""Art Duration"":0.98,""Base Order ID"":""creepdevour"",""Disable Other Abilities"":1,""Follow Through Time"":0.01,""Options"":17,""Target Type"":0}"
custom	A0DG	ANcl	1	Channel	|cffFFD900Choose Human Alliance|r	Humans use many cheap units to overrun the enemy. They can use artillery to demolish the enemy base without having to attack it directly. This race has a basic defense tower.	0	0	500	-	_		"{""DataA"":0.01,""DataB"":0,""DataC"":17,""DataD"":0.98,""DataE"":1,""DataF"":""creepanimatedead""}"	"{""Art Duration"":0.98,""Base Order ID"":""creepanimatedead"",""Disable Other Abilities"":1,""Follow Through Time"":0.01,""Options"":17,""Target Type"":0}"
custom	A0DH	ANcl	1	Channel	|cffFFD900Choose the Orcish Horde|r	The Orcish Horde trains tough fighters and supports them with shamanic magic. Their axe masters are feared all over the battlefield. An anti-air tower is available to Orcs.	0	0	500	-	_		"{""DataA"":0.01,""DataB"":0,""DataC"":17,""DataD"":0.98,""DataE"":1,""DataF"":""corporealform""}"	"{""Art Duration"":0.98,""Base Order ID"":""corporealform"",""Disable Other Abilities"":1,""Follow Through Time"":0.01,""Options"":17,""Target Type"":0}"
custom	A0DI	ANcl	1	Channel	|cffFFD900Choose Naga Faction|r	The Nagas have above average powerful units with a high hitpoint regeneration. In addition many expensive special buildings are available to them. But note that this race has NO TOWERS!	0	0	500	-	_		"{""DataA"":0.01,""DataB"":0,""DataC"":17,""DataD"":0.98,""DataE"":1,""DataF"":""controlmagic""}"	"{""Art Duration"":0.98,""Base Order ID"":""controlmagic"",""Disable Other Abilities"":1,""Follow Through Time"":0.01,""Options"":17,""Target Type"":0}"
custom	A0DJ	ANcl	1	Channel	|cffFFD900Choose Northern Realms|r	The nordic creatures stand united against everyone who wants to invade their beloved icy plains and mountains. They use strong freezing and chilling magic. Nordics can defend their buildings with a chilling splash tower.	0	0	500	-	_		"{""DataA"":0.01,""DataB"":0,""DataC"":17,""DataD"":0.98,""DataE"":1,""DataF"":""coldarrowstarg""}"	"{""Art Duration"":0.98,""Base Order ID"":""coldarrowstarg"",""Disable Other Abilities"":1,""Follow Through Time"":0.01,""Options"":17,""Target Type"":0}"
custom	A0DK	ANcl	1	Channel	|cffFFD900Choose Night Elves|r	Night Elfs have split from the Elven Union and fight on their own for their goddess Elune. They are fragile creatures but they know how to evade enemies blows and protect themselves from harmful magic. They have a tower with feedback.	0	0	500	-	_		"{""DataA"":0.01,""DataB"":0,""DataC"":17,""DataD"":0.98,""DataE"":1,""DataF"":""coldarrows""}"	"{""Art Duration"":0.98,""Base Order ID"":""coldarrows"",""Disable Other Abilities"":1,""Follow Through Time"":0.01,""Options"":17,""Target Type"":0}"
custom	A0DL	ANcl	1	Channel	|cffFFD900Choose the Undead Forces|r	Undead Forces use necromantic magic to reanimate dead units. They bring death and disease to their enemies. An undead builder is able to construct a spirit tower to defend your base.	0	0	500	-	_		"{""DataA"":0.01,""DataB"":0,""DataC"":17,""DataD"":0.98,""DataE"":1,""DataF"":""coupleinstant""}"	"{""Art Duration"":0.98,""Base Order ID"":""coupleinstant"",""Disable Other Abilities"":1,""Follow Through Time"":0.01,""Options"":17,""Target Type"":0}"
custom	A0DM	ANcl	1	Channel	|cffFFD900Choose Mech Coalition|r	Clever goblin tinkers and machinists have gathered to assemble their own army! Their units have a lot of splash damage and high armor but lack ranged and magic attacks. They have a good tower with a bouncing attack.	0	0	500	-	_		"{""DataA"":0.01,""DataB"":0,""DataC"":17,""DataD"":0.98,""DataE"":1,""DataF"":""cloudoffog""}"	"{""Art Duration"":0.98,""Base Order ID"":""cloudoffog"",""Disable Other Abilities"":1,""Follow Through Time"":0.01,""Options"":17,""Target Type"":0}"
custom	A0DN	ANcl	1	Channel	|cffFFD900Choose Nature Force|r	The forces of Nature itself are called to fight for their masters. Specializing in strong units and healing buffs, the Nature Race is slightly more expensive but better than the average race.	0	0	500	-	_		"{""DataA"":0.01,""DataB"":0,""DataC"":17,""DataD"":0.98,""DataE"":1,""DataF"":""chemicalrage""}"	"{""Art Duration"":0.98,""Base Order ID"":""chemicalrage"",""Disable Other Abilities"":1,""Follow Through Time"":0.01,""Options"":17,""Target Type"":0}"
custom	A0DO	ANcl	1	Channel	|cffFFD900Choose Elementals' Universe|r	Elementals is the eldest race and exists since universe  appeared. Its units are pretty strong but also expensive. Elementals use control of elements for destroying its enemies and reinforcement magic for allies. This is the unique race that can decrease build time for its units. Has defense tower.	0	0	500	-	_		"{""DataA"":0.01,""DataB"":0,""DataC"":17,""DataD"":0.98,""DataE"":1,""DataF"":""charm""}"	"{""Art Duration"":0.98,""Base Order ID"":""charm"",""Disable Other Abilities"":1,""Follow Through Time"":0.01,""Options"":17,""Target Type"":0}"
custom	A0DP	ANcl	1	Channel	Next	Next page.	0	0	500	-	_		"{""DataA"":0.01,""DataB"":0,""DataC"":17,""DataD"":0.98,""DataE"":0,""DataF"":""clusterrockets""}"	"{""Art Duration"":0.98,""Base Order ID"":""clusterrockets"",""Disable Other Abilities"":0,""Follow Through Time"":0.01,""Options"":17,""Target Type"":0}"
custom	A0DQ	ANcl	1	Channel	Previous	Previous page.	0	0	500	-	_		"{""DataA"":0.01,""DataB"":0,""DataC"":17,""DataD"":0.98,""DataE"":0,""DataF"":""corrosivebreath""}"	"{""Art Duration"":0.98,""Base Order ID"":""corrosivebreath"",""Disable Other Abilities"":0,""Follow Through Time"":0.01,""Options"":17,""Target Type"":0}"
custom	A0DR	ANcl	1	Channel	|cffFFD900Random Race|r	You will get a random race.	0	0	500	-	_		"{""DataA"":0.01,""DataB"":0,""DataC"":17,""DataD"":0.98,""DataE"":1,""DataF"":""coupletarget""}"	"{""Art Duration"":0.98,""Base Order ID"":""coupletarget"",""Disable Other Abilities"":1,""Follow Through Time"":0.01,""Options"":17,""Target Type"":0}"
custom	A0DS	ANcl	1	Elemental Building	Channel	Channels powerful warding magic.	0	0	500	-	_		"{""DataA"":180,""DataB"":0,""DataC"":0,""DataD"":0.98,""DataE"":1,""DataF"":""roar""}"	"{""Art Duration"":0.98,""Base Order ID"":""roar"",""Disable Other Abilities"":1,""Follow Through Time"":180,""Options"":0,""Target Type"":0}"
custom	A0DT	ACpa	1	Lesser Water Elemental	Trains Lesser Elemental Of Water	|cffffac00Unit|r / |cffffffffSpawn rate: |r|cffffff0022|rs|n|n|cffffffffAttack |r|cff959697(ground)|r|cffffffff: |rNormal (|cffffff0030|r range, |cffffff0028|r dps)|n|cffffffffAttack |r|cff959697(air)|r|cffffffff: |rPierce (|cffffff00120|r range, |cffffff0018|r dps)|n|cffffffffArmor:|r Medium (|cffffff001|r) / |cffffffffHitpoints:|r |cffffff00300|r|n|n|cff80ff00Liquid Body|r • Attacks that directly target this unit have a |cffffff0050|r% chance to do no damage and spell damage taken is reduced by |cffffff0030|r%.	9999	99	99999	-	enemies,ground,invulnerable,mechanical,neutral,structure		"{""DataA"":0,""DataB"":0,""DataC"":0,""DataD"":0,""DataE"":1}"	"{""Attack Speed Factor"":0,""Damage per Second"":0,""Movement Speed Factor"":0,""Stacking Type"":0,""Summoned Unit Count"":1}"
custom	A0DU	AEfn	1	NAT: Force of Nature	Force of Nature - [|cffffcc00Level 1|r]	Converts a small area of trees into <AEfn,DataA1> Treants. Treants have <efon,realHP> hit points and deal <efon,mindmg1> - <efon,maxdmg1> damage. Can learn Nature's Blessing. |nLasts <AEfn,Dur1> seconds. |n|n|cffffcc00Attacks land units.|r	9999	99	800	300	tree	BEfn	"{""DataA"":10}"	"{""Number of Summoned Units"":10}"
custom	A0DV	ACpa	1	ELE: ObeliskOfElements (dummy)	Enchant	Gives 1 of 4 abilities to a random allied unit:|n- Forge Weapon: gives splash damage (250rng, 50%)|n- Rock Shield: adds 15 armor points|n- Haste: increase attack and movement speed by 75% and 25% respectively|n- Rejuvenation: heals 450 hp instantly|n|nHas an extra chance to target units that don't have the enchantment yet	9999	99	99999	-	enemies,ground,invulnerable,mechanical,neutral,structure		"{""DataA"":0,""DataB"":0,""DataC"":0,""DataD"":0,""DataE"":1}"	"{""Attack Speed Factor"":0,""Damage per Second"":0,""Movement Speed Factor"":0,""Stacking Type"":0,""Summoned Unit Count"":1}"
custom	A0DW	ANcl	1	Channel	Channel	Channels powerful warding magic.	0	0	500	-	_		"{""DataA"":180,""DataB"":0,""DataC"":0,""DataD"":0.98,""DataE"":1,""DataF"":""channel""}"	"{""Art Duration"":0.98,""Base Order ID"":""channel"",""Disable Other Abilities"":1,""Follow Through Time"":180,""Options"":0,""Target Type"":0}"
custom	A0DX	ANcl	1	Channel	Channel	Channels powerful warding magic.	0	0	500	-	_		"{""DataA"":180,""DataB"":0,""DataC"":0,""DataD"":0.98,""DataE"":1,""DataF"":""channel""}"	"{""Art Duration"":0.98,""Base Order ID"":""channel"",""Disable Other Abilities"":1,""Follow Through Time"":180,""Options"":0,""Target Type"":0}"
custom	A0DY	ANlm	1	ELE: Greater Elemental Of Fire (split)	Summon Lava Spawn - [|cffffcc00Level 1|r]	Summons a Lava Spawn, a resilient and deadly fire creature. As a Lava Spawn deals damage, it consumes the flesh of its target, thereby fueling its fires and eventually splitting into two healthy Lava Spawns.|n|nHas <nlv1,realHP> hit points and deals <nlv1,mindmg1> - <nlv1,maxdmg1> damage.|nLasts <ANlm,Dur1> seconds.|n|n|cffffcc00Attacks ground and air units.|r	9999	99	-	0	enemy,neutral,air,ground,ward	BNlm	"{""DataA"":1,""DataB"":2,""DataC"":15,""DataD"":0.5,""DataE"":0,""DataF"":3}"	"{""Generation Count"":3,""Life Duration Split Bonus"":0,""Max Hitpoint Factor"":0.5,""Split Attack Count"":15,""Split Delay"":2,""Summoned Unit Count"":1}"
custom	A0DZ	ANcl	1	Channel	Channel	Channels powerful warding magic.	0	0	500	-	_		"{""DataA"":180,""DataB"":0,""DataC"":0,""DataD"":0.98,""DataE"":1,""DataF"":""channel""}"	"{""Art Duration"":0.98,""Base Order ID"":""channel"",""Disable Other Abilities"":1,""Follow Through Time"":180,""Options"":0,""Target Type"":0}"
custom	A0E0	ANcl	1	Channel	Channel	Channels powerful warding magic.	0	0	500	-	_		"{""DataA"":180,""DataB"":0,""DataC"":0,""DataD"":0.98,""DataE"":1,""DataF"":""channel""}"	"{""Art Duration"":0.98,""Base Order ID"":""channel"",""Disable Other Abilities"":1,""Follow Through Time"":180,""Options"":0,""Target Type"":0}"
custom	A0E1	ACpa	1	Parasite	Parasite	Afflicts a target enemy unit with a deadly parasite that deals <ANpa,DataA1> damage per second for <ANpa,Dur1> seconds. If the afflicted unit dies while under the effect of Parasite, a minor minion will spawn from its corpse.	9999	99	800	-	air,enemies,ground,neutral,nonhero,vulnerable	B019	"{""DataA"":0,""DataB"":0,""DataC"":0,""DataD"":0,""DataE"":1}"	"{""Attack Speed Factor"":0,""Damage per Second"":0,""Movement Speed Factor"":0,""Stacking Type"":0,""Summoned Unit Count"":1}"
custom	A0E2	AUfn	1	Frost Nova	Frost Nova - [|cffffcc00Level 1|r]	Blasts enemy units with a wave of frost that deals <AUfn,DataB1> damage to the target, and <AUfn,DataA1> nova damage. Cold damage slows units' movement and attack rate for <AUfn,Dur1> seconds.	9999	99	600	100	air,enemies,ground,neutral,organic	B029	"{""DataA"":50,""DataB"":0,""DataE"":""-""}"	"{""Area of Effect Damage"":50,""Maximum Damage"":""-"",""Specific Target Damage"":0}"
custom	A0E2	AUfn	2	Frost Nova	Frost Nova - [|cffffcc00Level 2|r]	Blasts enemy units with a wave of frost that deals <AUfn,DataB2> damage to the target, and <AUfn,DataA2> nova damage. Cold damage slows units' movement and attack rate for <AUfn,Dur2> seconds.	9999	99	600	200	air,enemies,ground,neutral,organic	B029	"{""DataA"":100,""DataB"":0,""DataE"":""-""}"	"{""Area of Effect Damage"":100,""Maximum Damage"":""-"",""Specific Target Damage"":0}"
custom	A0E2	AUfn	3	Frost Nova	Frost Nova - [|cffffcc00Level 3|r]	Blasts enemy units with a wave of frost that deals <AUfn,DataB3> damage to the target, and <AUfn,DataA3> nova damage. Cold damage slows units' movement and attack rate for <AUfn,Dur3> seconds.	9999	99	600	300	air,enemies,ground,neutral,organic	B029	"{""DataA"":150,""DataB"":0,""DataE"":""-""}"	"{""Area of Effect Damage"":150,""Maximum Damage"":""-"",""Specific Target Damage"":0}"
custom	A0E3	ACmo	1	ELE: monsoon	Monsoon - [|cffffcc00Level 1|r]	Calls down a storm of lightning to strike enemy units for <ACmo,DataA1> damage in a small target area. |nLasts <ACmo,Dur1> seconds.	9999	10	500	300	enemies,ground	ANmd	"{""DataA"":50,""DataB"":1,""DataC"":0}"	"{""Building Reduction"":0,""Damage Dealt"":50,""Damage Interval"":1}"
custom	A0E4	ACmo	1	ELE: monsoon (-na)	Monsoon - [|cffffcc00Level 1|r]	Calls down a storm of lightning to strike enemy units for <ACmo,DataA1> damage in a small target area. |nLasts <ACmo,Dur1> seconds.	9999	10	500	300	enemies,ground	ANmd	"{""DataA"":50,""DataB"":1,""DataC"":1}"	"{""Building Reduction"":1,""Damage Dealt"":50,""Damage Interval"":1}"
custom	A0E5	Asph	1	ELE: Elemental of Wind (effect)			0	99	-	-	_		{}	{}
custom	A0E6	Asph	1	ELE: Greater Elemental of Wind (effect)			0	99	-	-	_		{}	{}
custom	A0E7	ACpa	1	Water Elemental	Trains Elemental Of Water	|cffffac00Unit|r / |cffffffffSpawn rate: |r|cffffff0031|rs|n|n|cffffffffAttack |r|cff959697(ground)|r|cffffffff: |rNormal (|cffffff0030|r range, |cffffff0040|r dps)|n|cffffffffAttack |r|cff959697(air)|r|cffffffff: |rPierce (|cffffff00120|r range, |cffffff0029|r dps)|n|cffffffffArmor:|r Medium (|cffffff003|r) / |cffffffffHitpoints:|r |cffffff00500|r|n|n|cff80ff00Liquid Body|r • Attacks that directly target this unit have a |cffffff0060|r% chance to do no damage and spell damage taken is reduced by |cffffff0040|r%.	9999	99	99999	-	enemies,ground,invulnerable,mechanical,neutral,structure		"{""DataA"":0,""DataB"":0,""DataC"":0,""DataD"":0,""DataE"":1}"	"{""Attack Speed Factor"":0,""Damage per Second"":0,""Movement Speed Factor"":0,""Stacking Type"":0,""Summoned Unit Count"":1}"
custom	A0E8	ACpa	1	Greater Water Elemental	Trains Greater Elemental Of Water	|cffffac00Unit|r / |cffffffffSpawn rate: |r|cffffff0040|rs|n|n|cffffffffAttack |r|cff959697(ground)|r|cffffffff: |rNormal (|cffffff0030|r range, |cffffff0066|r dps)|n|cffffffffAttack |r|cff959697(air)|r|cffffffff: |rPierce (|cffffff00120|r range, |cffffff0066|r dps)|n|cffffffffArmor:|r Medium (|cffffff007|r) / |cffffffffHitpoints:|r |cffffff00650|r|n|n|cff80ff00Illusion|r • Attacks have a |cffffff0020|r% chance to create an imperfect copy of this unit. It takes |cffffff00100|r% more damage and has |cffffff0040|r% less attack.|n|n|cff80ff00Liquid Body|r • Attacks that directly target this unit have a |cffffff0070|r% chance to do no damage and spell damage taken is reduced by |cffffff0050|r%.	9999	99	99999	-	enemies,ground,invulnerable,mechanical,neutral,structure		"{""DataA"":0,""DataB"":0,""DataC"":0,""DataD"":0,""DataE"":1}"	"{""Attack Speed Factor"":0,""Damage per Second"":0,""Movement Speed Factor"":0,""Stacking Type"":0,""Summoned Unit Count"":1}"
custom	A0E9	ACpa	1	Elemental Of Earth	Trains Elemental of Earth	|n|cffFFFF80Attack:|r Siege (|cffFFFF00melee|r,|cffFFFF00 50|r dps)|n|cffFFFF80Armor:|r Hero (|cffFFFF004|r)|n|cffFFFF80Hitpoints: |cffFFFF00450|r|n|cffFFFF80Abilities:|r|n|n|cff80ff00Pulverize|r|nDeals 100 damage with 20% chance in 200 AoE and half of damage in 300 AoE|n|n|cff80ff00Power of Earth|r|nDeals additional damage proportionally to the elemental's current life (50dmg*currentHP/maxHP)	9999	99	99999	-	enemies,ground,invulnerable,mechanical,neutral,structure		"{""DataA"":0,""DataB"":0,""DataC"":0,""DataD"":0,""DataE"":1}"	"{""Attack Speed Factor"":0,""Damage per Second"":0,""Movement Speed Factor"":0,""Stacking Type"":0,""Summoned Unit Count"":1}"
custom	A0EA	ACpa	1	Greater Elemental Of Earth	Trains Greater Elemental of Earth	|n|cffFFFF80Attack:|r Siege (|cffFFFF00melee|r,|cffFFFF00 83|r dps)|n|cffFFFF80Armor:|r Hero (|cffFFFF008|r)|n|cffFFFF80Hitpoints: |cffFFFF00950|r|n|cffFFFF80Abilities:|r|n|n|cff80ff00Pulverize|r|nDeals 200 damage with 25% in 200 AoE and half of damage in 300 AoE|n|n|cff80ff00Power of Earth|r|nDeals additional damage proportionally to the elemental's current life (100dmg*currentHP/maxHP)	9999	99	99999	-	enemies,ground,invulnerable,mechanical,neutral,structure		"{""DataA"":0,""DataB"":0,""DataC"":0,""DataD"":0,""DataE"":1}"	"{""Attack Speed Factor"":0,""Damage per Second"":0,""Movement Speed Factor"":0,""Stacking Type"":0,""Summoned Unit Count"":1}"
custom	A0EB	ACpa	1	Elemental Of Lightning	Trains Elemental of Lightning	|n|cffFFFF80Attack:|r Spell (|cffFFFF00350|r rng|r,|cffFFFF00 1|r dps)|n|cffFFFF80Armor:|r Heavy (|cffFFFF003|r)|n|cffFFFF80Hitpoints: |cffFFFF00400|r|n|cffFFFF80Abilities:|r|n|n|cff80ff00Lightning Attack|r|nDeals 50 damage up to 3 targets in 600 range|n|n|cff80ff00Lightning Shield|r|nWhenever elemental is attacked by melee unit there is 15% chance on attacker get stunned for 2 seconds	9999	99	99999	-	enemies,ground,invulnerable,mechanical,neutral,structure		"{""DataA"":0,""DataB"":0,""DataC"":0,""DataD"":0,""DataE"":1}"	"{""Attack Speed Factor"":0,""Damage per Second"":0,""Movement Speed Factor"":0,""Stacking Type"":0,""Summoned Unit Count"":1}"
custom	A0EC	ACpa	1	Greater Elemental Of Lightning	Trains Greater Elemental of Lightning	|n|cffFFFF80Attack:|r Spell (|cffFFFF00400|r rng|r,|cffFFFF00 1|r dps)|n|cffFFFF80Armor:|r Heavy (|cffFFFF009|r)|n|cffFFFF80Hitpoints: |cffFFFF00800|r|n|cffFFFF80Abilities:|r|n|n|cff80ff00Lightning Attack|r|nDeals 80 damage up to 5 targets in 600 range|n|n|cff80ff00Lightning Shield|r|nWhenever elemental is attacked by melee unit there is 30% chance on attacker get stunned for 4 seconds	9999	99	99999	-	enemies,ground,invulnerable,mechanical,neutral,structure		"{""DataA"":0,""DataB"":0,""DataC"":0,""DataD"":0,""DataE"":1}"	"{""Attack Speed Factor"":0,""Damage per Second"":0,""Movement Speed Factor"":0,""Stacking Type"":0,""Summoned Unit Count"":1}"
custom	A0ED	ACpa	1	Elemental Of Fire	Trains Elemental Of Fire	|n|cffFFFF80Attack:|r Chaos (|cffFFFF00400|r rng|r,|cffFFFF00 34|r dps)|n|cffFFFF80Armor:|r Heavy (|cffFFFF003|r)|n|cffFFFF80Hitpoints: |cffFFFF00525|r	9999	99	99999	-	enemies,ground,invulnerable,mechanical,neutral,structure		"{""DataA"":0,""DataB"":0,""DataC"":0,""DataD"":0,""DataE"":1}"	"{""Attack Speed Factor"":0,""Damage per Second"":0,""Movement Speed Factor"":0,""Stacking Type"":0,""Summoned Unit Count"":1}"
custom	A0EE	ACpa	1	Greater Elemental Of Fire	Trains Greater Elemental Of Fire	|n|cffFFFF80Attack:|r Chaos (|cffFFFF00450|r rng|r,|cffFFFF00 51|r dps)|n|cffFFFF80Armor:|r Heavy (|cffFFFF007|r)|n|cffFFFF80Hitpoints: |cffFFFF00900|r|n|cffFFFF80Abilities:|r|n|n|cff80ff00Split|r|nEvery 15 attacks elemental splits into 2|n|n|cff80ff00Fire Breath|r|nHas 20% chance to cast Fire Breath on attack. Deals 150 damage.	9999	99	99999	-	enemies,ground,invulnerable,mechanical,neutral,structure		"{""DataA"":0,""DataB"":0,""DataC"":0,""DataD"":0,""DataE"":1}"	"{""Attack Speed Factor"":0,""Damage per Second"":0,""Movement Speed Factor"":0,""Stacking Type"":0,""Summoned Unit Count"":1}"
custom	A0EF	ACpa	1	Lesser Elemental Of Wind	Trains Lesser Elemental of Wind	|n|cffFFFF80Attack:|r Pierce (|cffFFFF00400|r rng|r,|cffFFFF00 30|r dps)|n|cffFFFF80Armor:|r Medium (|cffFFFF002|r)|n|cffFFFF80Hitpoints: |cffFFFF00350|r|n|cffFFFF80Abilities:|r|n|n|cff80ff00Flying|r|nThis unit is flying	9999	99	99999	-	enemies,ground,invulnerable,mechanical,neutral,structure		"{""DataA"":0,""DataB"":0,""DataC"":0,""DataD"":0,""DataE"":1}"	"{""Attack Speed Factor"":0,""Damage per Second"":0,""Movement Speed Factor"":0,""Stacking Type"":0,""Summoned Unit Count"":1}"
custom	A0EG	ACpa	1	Elemental Of Wind	Trains Elemental of Wind	|n|cffFFFF80Attack: 1|r Pierce (|cffFFFF00450|r rng|r,|cffFFFF00 43|r dps)|n|cffFFFF80Attack: 2|r Pierce (|cffFFFF00450|r rng|r,|cffFFFF00 37|r dps)|n|cffFFFF80Armor:|r Medium (|cffFFFF004|r)|n|cffFFFF80Hitpoints: |cffFFFF00550|r|n|cffFFFF80Abilities:|r|n|n|cff80ff00Flying|r|nThis unit is flying|n|n|cff80ff00Gale|r|nReduces attack and movement speed of enemy air units by 20% in 500 range	9999	99	99999	-	enemies,ground,invulnerable,mechanical,neutral,structure		"{""DataA"":0,""DataB"":0,""DataC"":0,""DataD"":0,""DataE"":1}"	"{""Attack Speed Factor"":0,""Damage per Second"":0,""Movement Speed Factor"":0,""Stacking Type"":0,""Summoned Unit Count"":1}"
custom	A0EH	ACpa	1	Greater Elemental Of Wind	Trains Greater Elemental of Wind	|n|cffFFFF80Attack: 1|r Pierce (|cffFFFF00450|r rng|r,|cffFFFF00 55|r dps)|n|cffFFFF80Attack: 2|r Pierce (|cffFFFF00450|r rng|r,|cffFFFF00 43|r dps)|n|cffFFFF80Armor:|r Medium (|cffFFFF009|r)|n|cffFFFF80Hitpoints: |cffFFFF001300|r|n|cffFFFF80Abilities:|r|n|n|cff80ff00Flying|r|nThis unit is flying|n|n|cff80ff00Gale|r|nReduces attack and movement speed of enemy air units by 35% in 500 range	9999	99	99999	-	enemies,ground,invulnerable,mechanical,neutral,structure		"{""DataA"":0,""DataB"":0,""DataC"":0,""DataD"":0,""DataE"":1}"	"{""Attack Speed Factor"":0,""Damage per Second"":0,""Movement Speed Factor"":0,""Stacking Type"":0,""Summoned Unit Count"":1}"
custom	A0EI	ACpa	1	ELE: Book of Conjuration	Elemental Rain	Casts one of the next spells:|n- Monsoon (15dmg/sec, 5 sec)|n- Blizzard (30dmg/wave, 7 waves)|n|n|cffFFFF80Cooldown:|cffFFFF00 15 |rseconds	9999	99	99999	-	enemies,ground,invulnerable,mechanical,neutral,structure		"{""DataA"":0,""DataB"":0,""DataC"":0,""DataD"":0,""DataE"":1}"	"{""Attack Speed Factor"":0,""Damage per Second"":0,""Movement Speed Factor"":0,""Stacking Type"":0,""Summoned Unit Count"":1}"
custom	A0EJ	Amnx	1	NAT: Wisp explosion			0	0	-	-	air,enemies,ground		"{""DataA"":500,""DataB"":300,""DataC"":700,""DataD"":150}"	"{""Full Damage Amount"":300,""Full Damage Radius"":500,""Partial Damage Amount"":150,""Partial Damage Radius"":700}"
custom	A0EK	ANcl	1	Channel	Mana Transfusion	Transfers 0.30 mana per minute to the targeted building. Targeted building can not be changed to another one. For nonelemental buildings mana regeneration is twice slow.	0	0	500	-	friend,structure		"{""DataA"":0.98,""DataB"":1,""DataC"":17,""DataD"":0.98,""DataE"":1,""DataF"":""absorb""}"	"{""Art Duration"":0.98,""Base Order ID"":""absorb"",""Disable Other Abilities"":1,""Follow Through Time"":0.98,""Options"":17,""Target Type"":1}"
custom	A0EL	ANre	1	Mana Regeneration			0	0	-	500	structure,self		"{""DataA"":0.15,""DataB"":0}"	"{""Amount Regenerated"":0.15,""Percentage"":0}"
custom	A0EL	ANre	2	Mana Regeneration							structure,self		"{""DataA"":0.3}"	"{""Amount Regenerated"":0.3}"
custom	A0EM	ACbh	1	NAT: Wisp (stun)	Bash	Gives a <ACbh,DataA1>% chance that an attack will do <ACbh,DataC1> bonus damage and stun an opponent for <ACbh,Dur1> seconds.	0	0	-	0	air,enemies,ground	BPSE	"{""DataA"":50,""DataB"":0,""DataC"":0,""DataD"":0,""DataE"":0}"	"{""Chance to Bash"":50,""Chance to Miss"":0,""Damage Bonus"":0,""Damage Multiplier"":0,""Never Miss"":0}"
custom	A0EN	Asds	1	Kaboom!	Kaboom!	Deals <Asds,DataB1> damage in a small area. Effective against buildings and trees.	0	0	0	-	air,enemies,ward,structure,debris		"{""DataA"":250,""DataB"":375,""DataC"":350,""DataD"":225,""DataE"":0.75,""DataF"":1}"	"{""Building Damage Factor"":0.75,""Explodes on Death"":1,""Full Damage Amount"":375,""Full Damage Radius"":250,""Partial Damage Amount"":225,""Partial Damage Radius"":350}"
custom	A0EO	ANcl	1	Channel	Cancel	Cancels all ongoing recruitment processes.	0	99	500	-	_		"{""DataA"":0.01,""DataB"":0,""DataC"":17,""DataD"":0.98,""DataE"":1,""DataF"":""absorb""}"	"{""Art Duration"":0.98,""Base Order ID"":""absorb"",""Disable Other Abilities"":1,""Follow Through Time"":0.01,""Options"":17,""Target Type"":0}"
custom	A0EP	ANak	1	ELE: Enchant (forged weapon)	Quill Spray	Adds <ANak,DataA1> bonus damage to the Quill Beast's attack and causes its attacks to do area of effect damage.	9999	0	1200	250	air,enemies,ground		"{""DataA"":0,""DataB"":0.5,""DataC"":0,""DataD"":250,""DataE"":0}"	"{""Damage Bonus"":0,""Full Damage Radius"":250,""Half Damage Radius"":0,""Medium Damage Factor"":0.5,""Small Damage Factor"":0}"
custom	A0EQ	AIlx	1	NOT WORKING			0	0	-	-	air,enemies,ground	B02A	"{""DataA"":0,""DataB"":100,""DataC"":100,""DataD"":100,""DataE"":0}"	"{""Chance To Hit Heros (%)"":100,""Chance To Hit Summons (%)"":100,""Chance To Hit Units (%)"":100,""Damage Bonus"":0,""Enabled Attack Index"":0}"
custom	A0ER	ANcl	1	Channel	Channel	Channels powerful warding magic.	0	0	500	-	_		"{""DataA"":180,""DataB"":0,""DataC"":0,""DataD"":0.98,""DataE"":1,""DataF"":""roar""}"	"{""Art Duration"":0.98,""Base Order ID"":""roar"",""Disable Other Abilities"":1,""Follow Through Time"":180,""Options"":0,""Target Type"":0}"
custom	A0ES	Aasl	1	Slow Aura			0	0	 - 	350	air,enemies,ground,invulnerable,sapper,vulnerable,ward	B02D	"{""DataA"":-0.8,""DataB"":0,""DataC"":"" - ""}"	"{""Always Autocast"":"" - "",""Attack Speed Factor"":0,""Movement Speed Factor"":-0.8}"
custom	A0ET	ACct	1	ELE: Linker	Link	"When one of your elemental units dies, it heals nearby allied units. Heals 17.5 * (elemental production buildings amount). Can't heal more than 500 hp.
|cffc0c0c0In ultimate modes (-um & -ud) this building will count each player's elemental production buildings separately, as if they had their own linker.|r"	0	0	-	0	air,ground,enemy,neutral		"{""DataA"":20,""DataB"":2,""DataC"":0,""DataD"":0,""DataE"":0,""DataF"":""-""}"	"{""Chance to Critical Strike"":20,""Chance to Evade"":0,""Damage Bonus"":0,""Damage Multiplier"":2,""Exclude Item Damage"":""-"",""Never Miss"":0}"
custom	A0EU	Afrz	1	(Sod) Freezing Breath	Freezing Breath	When used on a building, temporarily stops all building activities. |nLasts <Afrz,Dur1> seconds.	0	0	-	0	enemies,ground,structure	BEsh	{}	{}
custom	A0EU	Afrz	2	(Sod) Freezing Breath							enemies,ground,structure	BEsh	{}	{}
custom	A0EU	Afrz	3	(Sod) Freezing Breath							enemies,ground,structure	BEsh	{}	{}
custom	A0EU	Afrz	4	(Sod) Freezing Breath							enemies,ground,structure	BEsh	{}	{}
custom	A0EV	Amgl	1	ELE: Boulder	Boulder	Has a 70% chance to stun unit for 10 seconds and deal 100 additional damage.	0	0	-	-	_		{}	{}
custom	A0EW	Amgl	1	ELE: Shield of Mist	Shield of Mist	Prevents any melee attack on this tower.	0	0	-	-	_		{}	{}
custom	A0EX	Amgl	1	ELE: Discharge	Discharge	Every 0.1 seconds deals 25 damage to a random enemy unit.	0	0	-	-	_		{}	{}
custom	A0EY	ACcr	1	Cripple	Cripple	Reduces movement speed by <ACcr,DataA1,%>%, attack rate by <ACcr,DataB1,%>%, and damage by <ACcr,DataC1,%>% of a target enemy unit. |nLasts <ACcr,Dur1> seconds.	9999	10	600	-	air,ground,enemy,organic,neutral	B029	"{""DataA"":0.3,""DataB"":0.3,""DataC"":0}"	"{""Attack Speed Reduction (%)"":0.3,""Damage Reduction"":0,""Movement Speed Reduction (%)"":0.3}"
custom	A0EY	ACcr	2	Cripple					600		air,ground,enemy,organic,neutral	B029	"{""DataA"":0.6,""DataB"":0.6}"	"{""Attack Speed Reduction (%)"":0.6,""Movement Speed Reduction (%)"":0.6}"
custom	A0EY	ACcr	3	Cripple					600		air,ground,enemy,organic,neutral	B029	"{""DataA"":0.9,""DataB"":0.9}"	"{""Attack Speed Reduction (%)"":0.9,""Movement Speed Reduction (%)"":0.9}"
custom	A0EZ	ANcl	1	Channel	Channel	Channels powerful warding magic.	0	0	500	-	_		"{""DataA"":180,""DataB"":0,""DataC"":0,""DataD"":0.98,""DataE"":1,""DataF"":""channel""}"	"{""Art Duration"":0.98,""Base Order ID"":""channel"",""Disable Other Abilities"":1,""Follow Through Time"":180,""Options"":0,""Target Type"":0}"
custom	A0F0	AIlx	1	ELE: Greater Elemental Of Lightning (orb)buildings			0	0	-	-	enemies,structure		"{""DataA"":0,""DataB"":100,""DataC"":100,""DataD"":100,""DataE"":1}"	"{""Chance To Hit Heros (%)"":100,""Chance To Hit Summons (%)"":100,""Chance To Hit Units (%)"":100,""Damage Bonus"":0,""Enabled Attack Index"":1}"
custom	A0F1	Aasl	1	Slow Aura			0	0	 - 	100	self	B02A	"{""DataA"":0,""DataB"":0,""DataC"":"" - ""}"	"{""Always Autocast"":"" - "",""Attack Speed Factor"":0,""Movement Speed Factor"":0}"
custom	A0F2	Aasl	1	Slow Aura			0	0	 - 	100	self	B02C	"{""DataA"":0,""DataB"":0,""DataC"":"" - ""}"	"{""Always Autocast"":"" - "",""Attack Speed Factor"":0,""Movement Speed Factor"":0}"
custom	A0F3	Aspb	1	Spell Book			0	0	-	-	_		"{""DataA"":""A0D6,A0F2"",""DataB"":1,""DataC"":2,""DataD"":2,""DataE"":""spellbook""}"	"{""Base Order ID"":""spellbook"",""Maximum Spells"":2,""Minimum Spells"":2,""Shared Spell Cooldown"":1,""Spell List"":""A0D6,A0F2""}"
custom	A0F4	ANcl	1	Channel	Channel	Channels powerful warding magic.	0	0	500	-	_		"{""DataA"":180,""DataB"":0,""DataC"":0,""DataD"":0.98,""DataE"":1,""DataF"":""channel""}"	"{""Art Duration"":0.98,""Base Order ID"":""channel"",""Disable Other Abilities"":1,""Follow Through Time"":180,""Options"":0,""Target Type"":0}"
custom	A0F5	ANcl	1	Elemental Unit	Channel	Channels powerful warding magic.	0	0	500	-	_		"{""DataA"":180,""DataB"":0,""DataC"":0,""DataD"":0.98,""DataE"":1,""DataF"":""channel""}"	"{""Art Duration"":0.98,""Base Order ID"":""channel"",""Disable Other Abilities"":1,""Follow Through Time"":180,""Options"":0,""Target Type"":0}"
custom	A0F6	ACfl	1	ELE: Greater Elemental Of Lightning (forked lightning) buildings	Forked Lightning	Calls forth a cone of lightning on a target enemy unit, hitting up to <ACfl,DataB1> enemy units for <ACfl,DataA1> damage.	9999	99	400	125	enemies,structure		"{""DataA"":40,""DataB"":1,""DataC"":350,""DataD"":400}"	"{""Damage per Target"":40,""Distance"":350,""Final Area"":400,""Number of Targets Hit"":1}"
custom	A0F7	AIlx	1	ELE: Elemental Of Lightning (orb)buildings			0	0	-	-	enemies,structure		"{""DataA"":0,""DataB"":100,""DataC"":100,""DataD"":100,""DataE"":1}"	"{""Chance To Hit Heros (%)"":100,""Chance To Hit Summons (%)"":100,""Chance To Hit Units (%)"":100,""Damage Bonus"":0,""Enabled Attack Index"":1}"
custom	A0F8	ACfl	1	ELE: Elemental Of Lightning (forked lightning)buildgins	Forked Lightning	Calls forth a cone of lightning on a target enemy unit, hitting up to <ACfl,DataB1> enemy units for <ACfl,DataA1> damage.	9999	99	350	125	enemies,structure		"{""DataA"":25,""DataB"":1,""DataC"":350,""DataD"":400}"	"{""Damage per Target"":25,""Distance"":350,""Final Area"":400,""Number of Targets Hit"":1}"
custom	A0F9	ACfn	1	NOR: Ice Queen (frost nova) warlock	Frost Nova	Blasts enemy units with a wave of frost that deals <ACfn,DataB1> damage to the target, and <ACfn,DataA1> nova damage. Cold damage slows units' movement and attack rate for <ACfn,Dur1> seconds.	9999	99	800	370	air,enemies,ground,neutral,ward		"{""DataA"":270,""DataB"":0,""DataE"":""-""}"	"{""Area of Effect Damage"":270,""Maximum Damage"":""-"",""Specific Target Damage"":0}"
custom	A0FA	ACes	1	ELE: Elemental Of Water Greater (evasion)	Evasion	Gives a <ACes,DataA1,%>% percent chance to avoid an attack.	-	0	-	-	air,enemies,ground,structure		"{""DataA"":0.7}"	"{""Chance to Evade"":0.7}"
custom	A0FB	ACpa	1	Parasite(leg troll)	Parasite	Afflicts a target enemy unit with a deadly parasite that deals <ANpa,DataA1> damage per second for <ANpa,Dur1> seconds. If the afflicted unit dies while under the effect of Parasite, a minor minion will spawn from its corpse.	9999	99	600	-	air,enemies,mechanical,neutral,organic	B00T	"{""DataA"":0,""DataB"":0,""DataC"":0,""DataD"":0,""DataE"":1}"	"{""Attack Speed Factor"":0,""Damage per Second"":0,""Movement Speed Factor"":0,""Stacking Type"":0,""Summoned Unit Count"":1}"
custom	A0FC	Aens	1	Ensnare (Leg Troll)	Ensnare	Causes a target enemy unit to be bound to the ground so that it cannot move for <Aens,Dur1> seconds. Air units that are ensnared can be attacked as though they were land units.	0	99	800	-	air,enemies,mechanical,neutral,organic	Bena,Beng	"{""DataA"":0.6,""DataB"":200,""DataC"":128}"	"{""Air Unit Height"":200,""Air Unit Lower Duration"":0.6,""Melee Attack Range"":128}"
custom	A0FD	Aliq	1	Liquid Fire ( Sod )	Liquid Fire	Flings a volatile liquid that causes buildings to take damage over time. Buildings that are currently taking damage from Liquid Fire have their repair time increased by <Aliq,DataE1,%>%, and have their attack rate reduced by <Aliq,DataC1,%>%.	0	0	-	0	structure,enemy,neutral	Bliq	"{""DataA"":8,""DataB"":0,""DataC"":0.8,""DataD"":0}"	"{""Attack Speed Reduction"":0.8,""Extra Damage Per Second"":8,""Movement Speed Reduction"":0,""Repairs Allowed"":0}"
custom	A0FE	ACvs	1	( SOD ) damage overtime	Poisoned Arrows	The Arrows of this tower are coated with lesser poison that lasts 4 seconds dealing 5 damage per second and slowing attack and movementspeed by 25%.	0	0	-	-	enemies,structure		"{""DataA"":1,""DataB"":0,""DataC"":0,""DataD"":1}"	"{""Attack Speed Factor"":0,""Damage per Second"":1,""Movement Speed Factor"":0,""Stacking Type"":1}"
custom	A0FE	ACvs	2	( SOD ) damage overtime							enemies,structure		"{""DataA"":2}"	"{""Damage per Second"":2}"
custom	A0FE	ACvs	3	( SOD ) damage overtime							enemies,structure		"{""DataA"":3}"	"{""Damage per Second"":3}"
custom	A0FE	ACvs	4	( SOD ) damage overtime							enemies,structure		"{""DataA"":4}"	"{""Damage per Second"":4}"
custom	A0FF	Abof	1	(Sod ) Burning Oil	Burning Oil	Drenches the Demolisher ammo in burning oil, causing them to light the ground on fire and burn enemy units.	9999	99	800	128	enemies,ground,structure	Bbof	"{""DataA"":3.5,""DataB"":1,""DataC"":0,""DataD"":1,""DataE"":1,""DataF"":""-""}"	"{""Building Reduction"":1,""Full Damage Dealt"":3.5,""Full Damage Interval"":1,""Half Damage Dealt"":0,""Half Damage Interval"":1,""Maximum Damage"":""-""}"
custom	A0FG	ACpa	1	ELE: Meteor Shower	Meteor Shower	Meteor Shower 150dmg, 50dmg/sec, 3 sec)|nAttacking only air units.|n|n|cffFFFF80Cooldown:|cffFFFF00 15 |rseconds	9999	99	99999	-	air,enemies,invulnerable,mechanical,neutral,structure		"{""DataA"":0,""DataB"":0,""DataC"":0,""DataD"":0,""DataE"":1}"	"{""Attack Speed Factor"":0,""Damage per Second"":0,""Movement Speed Factor"":0,""Stacking Type"":0,""Summoned Unit Count"":1}"
custom	A0FH	AIsr	1	water lesser(spell resist)			0	0	-	-	_		"{""DataA"":0,""DataB"":0.3}"	"{""Damage Bonus"":0,""Damage Reduction"":0.3}"
custom	A0FI	AIsr	1	water (spell resist)			0	0	-	-	_		"{""DataA"":0,""DataB"":0.4}"	"{""Damage Bonus"":0,""Damage Reduction"":0.4}"
custom	A0FJ	AIsr	1	water greater (spell resist)			0	0	-	-	_		"{""DataA"":0,""DataB"":0.5}"	"{""Damage Bonus"":0,""Damage Reduction"":0.5}"
custom	A0FK	ANcl	1	Channel ( Assasin NotTarget )	Channel	Channels powerful warding magic.	0	0	500	-	_		"{""DataA"":180,""DataB"":0,""DataC"":0,""DataD"":0.98,""DataE"":1,""DataF"":""channel""}"	"{""Art Duration"":0.98,""Base Order ID"":""channel"",""Disable Other Abilities"":1,""Follow Through Time"":180,""Options"":0,""Target Type"":0}"
custom	A0FL	Aroc	1	Barrage Igloo	Barrage	Allows Siege Engines to fire powerful rockets at nearby enemy air units.	0	99	-	720	air,enemies,ground		"{""DataA"":0,""DataB"":99999,""DataC"":3}"	"{""Damage Per Target"":0,""Maximum Number of Targets"":3,""Maximum Total Damage"":99999}"
custom	A0FM	AIlx	1	Igloo frost chance			0	0	-	-	air,enemies,ground,ward		"{""DataA"":0,""DataB"":10,""DataC"":10,""DataD"":10,""DataE"":0}"	"{""Chance To Hit Heros (%)"":10,""Chance To Hit Summons (%)"":10,""Chance To Hit Units (%)"":10,""Damage Bonus"":0,""Enabled Attack Index"":0}"
custom	A0FN	AIsr	1	spell resist 50%			0	0	-	-	_		"{""DataA"":0,""DataB"":0.5}"	"{""Damage Bonus"":0,""Damage Reduction"":0.5}"
custom	A0FO	ANcl	1	TypeTwins	Channel	Channels powerful warding magic.	0	0	500	-	_		"{""DataA"":180,""DataB"":0,""DataC"":0,""DataD"":0.98,""DataE"":1,""DataF"":""channel""}"	"{""Art Duration"":0.98,""Base Order ID"":""channel"",""Disable Other Abilities"":1,""Follow Through Time"":180,""Options"":0,""Target Type"":0}"
custom	A0FP	ACct	1	Critical Strike(twins)	Critical Strike	Gives a <ACct,DataA1>% chance to do <ACct,DataB1> times normal damage on an attack.	0	0	-	0	air,ground,enemy,neutral		"{""DataA"":30,""DataB"":4,""DataC"":0,""DataD"":0,""DataE"":0,""DataF"":""-""}"	"{""Chance to Critical Strike"":30,""Chance to Evade"":0,""Damage Bonus"":0,""Damage Multiplier"":4,""Exclude Item Damage"":""-"",""Never Miss"":0}"
custom	A0FQ	ACce	1	Cleaving Attack Twins	Cleaving Attack	The creature strikes with such force that <ACce,DataA1,%>% of their damage strikes through to enemies near the primary attacked unit.	0	0	-	350	ground,enemy,neutral		"{""DataA"":0.5}"	"{""Distributed Damage Factor"":0.5}"
custom	A0FR	ANpi	1	Twin: Smile and Cry	Decay	Deals 10 spell damage per second to all non mechanical enemy units.	0	0	-	600	air,enemies,ground,neutral,organic	B00K	"{""DataA"":25,""DataB"":0,""DataC"":0}"	"{""Buffer Mana Required"":0,""Damage per Interval"":25,""Mana Drained per Second"":0}"
custom	A0FS	AHtc	1	Twins:Thunder Clap	Thunder Clap - [|cffffcc00Level 1|r]	Slams the ground, dealing <AHtc,DataA1> damage to nearby enemy land units and slowing their movement by <AHtc,DataC1,%>% and attack rate by <AHtc,DataD1,%>%.	9999	99	-	600	enemies,ground	Bslo	"{""DataA"":20,""DataB"":0,""DataC"":0.5,""DataD"":0.5,""DataE"":""-""}"	"{""AOE Damage"":20,""Attack Speed Reduction (%)"":0.5,""Maximum Damage"":""-"",""Movement Speed Reduction (%)"":0.5,""Specific Target Damage"":0}"
custom	A0FT	ACsh	1	Twins:Shockwave	Shockwave	A wave of force that ripples outward, causing <ACsh,DataA1> damage to land units in a line.	9999	99	700	200	ground,structure,enemy	BOsh	"{""DataA"":500,""DataB"":900,""DataC"":800,""DataD"":200}"	"{""Damage"":500,""Distance"":800,""Final Area"":200,""Maximum Damage"":900}"
custom	A0FU	ACpa	1	Parasite(twins)	Parasite	Afflicts a target enemy unit with a deadly parasite that deals <ANpa,DataA1> damage per second for <ANpa,Dur1> seconds. If the afflicted unit dies while under the effect of Parasite, a minor minion will spawn from its corpse.	9999	99	800	-	enemies,ground,neutral,nonhero,vulnerable	B019	"{""DataA"":0,""DataB"":0,""DataC"":0,""DataD"":0,""DataE"":1}"	"{""Attack Speed Factor"":0,""Damage per Second"":0,""Movement Speed Factor"":0,""Stacking Type"":0,""Summoned Unit Count"":1}"
custom	A0FV	ANde	1	Demolisher	Demolish	Causes attacks to do <ANde,DataB1> times normal damage to buildings.	0	0	-	-	enemy,structure		"{""DataA"":100,""DataB"":3,""DataC"":0,""DataD"":0}"	"{""Chance to Demolish"":100,""Damage Multiplier (Buildings)"":3,""Damage Multiplier (Heroes)"":0,""Damage Multiplier (Units)"":0}"
custom	A0FW	ACdr	1	Life Drain Visioneer	Life Drain	Absorbs the life essence of a target enemy unit by taking <ACdr,DataA1> hit points per second from it and giving them to the caster. |nLasts <ACdr,Dur1> seconds.	9999	99	500	950	air,enemies,ground,organic	Bdcb,Bdcl,Bdcm,Bdtb,Bdtl,Bdtm,Bdbb,Bdbl,Bdbm	"{""DataA"":10,""DataB"":0,""DataC"":0.1,""DataD"":10,""DataE"":0,""DataF"":0,""DataG"":0,""DataH"":0,""DataI"":0}"	"{""Bonus Life Decay"":0,""Bonus Life Factor"":0,""Bonus Mana Decay"":0,""Bonus Mana Factor"":0,""Drain Interval (seconds)"":0.1,""Hit Points Drained"":10,""Life Transferred Per Second"":10,""Mana Points Drained"":0,""Mana Transferred Per Second"":0}"
custom	A0FX	ACpa	1	Parasite( life drain)	Parasite	Afflicts a target enemy unit with a deadly parasite that deals <ANpa,DataA1> damage per second for <ANpa,Dur1> seconds. If the afflicted unit dies while under the effect of Parasite, a minor minion will spawn from its corpse.	9999	99	500	-	air,enemies,ground,organic	B019	"{""DataA"":0,""DataB"":0,""DataC"":0,""DataD"":0,""DataE"":1}"	"{""Attack Speed Factor"":0,""Damage per Second"":0,""Movement Speed Factor"":0,""Stacking Type"":0,""Summoned Unit Count"":1}"
custom	A0FY	ANcl	1	Channel	|cffFFD900Choose Ultimate Builder|r	Ultimate builder is the most unpredictable and powerful builder across all universe.It randomly attaches structures from other known races.	0	0	500	-	_		"{""DataA"":0.01,""DataB"":0,""DataC"":17,""DataD"":0.98,""DataE"":1,""DataF"":""ambush""}"	"{""Art Duration"":0.98,""Base Order ID"":""ambush"",""Disable Other Abilities"":1,""Follow Through Time"":0.01,""Options"":17,""Target Type"":0}"
custom	A0HZ	AHad	1	+9arm 400aoe	Devotion Aura - [|cffffcc00Level 1|r]	Gives <AHad,DataA1,.> additional armor to nearby friendly units.	0	0	-	420	air,friend,ground,invulnerable,self,vulnerable	B01B	"{""DataA"":9,""DataB"":0}"	"{""Armor Bonus"":9,""Percent Bonus"":0}"
custom	A0I0	Ahea	1	Prayer	Heal	Heals a target friendly non-mechanical wounded unit for <Ahea,DataA1> hit points.	9999	99	300	-	air,friend,ground,self	Bhea	"{""DataA"":0.1}"	"{""Hit Points Gained"":0.1}"
custom	A0I1	AIra	1	Prayer: heal+mana			0	99	250	450	air,friend,ground,invulnerable,organic,vulnerable		"{""DataA"":50,""DataB"":50}"	"{""Hit Points Restored"":50,""Mana Points Restored"":50}"
custom	A0I2	AIrr	1	Prayer: +dmg +armor		Gives friendly nearby units a <AIrr,DataA1,%>% bonus to damage. |nLasts <AIrr,Dur1> seconds.	0	0	-	450	air,friend,ground,invulnerable,organic,vulnerable	B00J	"{""DataA"":0.2,""DataB"":3,""DataC"":0,""DataD"":0,""DataE"":0,""DataF"":0,""DataG"":0}"	"{""Damage Increase (%)"":0.2,""Defense Increase"":3,""Life Regeneration Rate"":0,""Mana Regen"":0,""Max Units"":0,""Prefer Friendlies"":0,""Prefer Hostiles"":0}"
custom	A0I3	AHre	1	Resurrection	Resurrection	Brings back to life the corpses of <AHre,DataA1> friendly nearby units.	200	240	400	900	air,ground,dead,friend		"{""DataA"":6,""DataB"":0}"	"{""Number of Corpses Raised"":6,""Raised Units Are Invulnerable"":0}"
custom	A0I4	AHre	1	Prayer: resurrection		Brings back to life the corpses of <AHre,DataA1> friendly nearby units.	9999	99	400	500	air,dead,friend,ground,organic		"{""DataA"":3,""DataB"":0}"	"{""Number of Corpses Raised"":3,""Raised Units Are Invulnerable"":0}"
custom	IBA0	ANcl	1	Channel	Double Damage	Increases the damage of all allied units by 100% for 30 seconds.	0	99	500	-	_		"{""DataA"":0.01,""DataB"":0,""DataC"":1,""DataD"":0.01,""DataE"":0,""DataF"":""ancestralspirittarget""}"	"{""Art Duration"":0.01,""Base Order ID"":""ancestralspirittarget"",""Disable Other Abilities"":0,""Follow Through Time"":0.01,""Options"":1,""Target Type"":0}"
custom	IBA1	ANcl	1	Channel	Quad Damage	Increases the damage of all allied units by 300% for 30 seconds.	0	99	500	-	_		"{""DataA"":0.01,""DataB"":0,""DataC"":1,""DataD"":0.01,""DataE"":0,""DataF"":""acolyteharvest""}"	"{""Art Duration"":0.01,""Base Order ID"":""acolyteharvest"",""Disable Other Abilities"":0,""Follow Through Time"":0.01,""Options"":1,""Target Type"":0}"
custom	IBA2	ANcl	1	Channel	Orb of Lightning	Allows your worker to fire a chainlightning at target enemy unit once every minute. The chainlightning hits 10 targets, dealing 1000 damage to the first target.	0	99	500	-	_		"{""DataA"":0.01,""DataB"":0,""DataC"":1,""DataD"":0.01,""DataE"":0,""DataF"":""auraunholy""}"	"{""Art Duration"":0.01,""Base Order ID"":""auraunholy"",""Disable Other Abilities"":0,""Follow Through Time"":0.01,""Options"":1,""Target Type"":0}"
custom	IBA3	ANcl	1	Channel	Drum'n'Bass Bass Drums	Gives all allied units +33% damage.	0	99	500	-	_		"{""DataA"":0.01,""DataB"":0,""DataC"":1,""DataD"":0.01,""DataE"":0,""DataF"":""absorb""}"	"{""Art Duration"":0.01,""Base Order ID"":""absorb"",""Disable Other Abilities"":0,""Follow Through Time"":0.01,""Options"":1,""Target Type"":0}"
custom	IBA4	ANcl	1	Channel	Cheese	Allowing you to build one more legendary structure.	0	99	500	-	_		"{""DataA"":0.01,""DataB"":0,""DataC"":1,""DataD"":0.01,""DataE"":0,""DataF"":""acidbomb""}"	"{""Art Duration"":0.01,""Base Order ID"":""acidbomb"",""Disable Other Abilities"":0,""Follow Through Time"":0.01,""Options"":1,""Target Type"":0}"
custom	IBA5	ANcl	1	Channel	Scroll of Stone	When used, the scroll heals 400 hitpoints, 200 mana and gives 8 bonus armor for 30 seconds to all allied units in a huge area.	0	99	500	-	_		"{""DataA"":0.01,""DataB"":0,""DataC"":1,""DataD"":0.01,""DataE"":0,""DataF"":""ancestralspirit""}"	"{""Art Duration"":0.01,""Base Order ID"":""ancestralspirit"",""Disable Other Abilities"":0,""Follow Through Time"":0.01,""Options"":1,""Target Type"":0}"
custom	IBA6	ANcl	1	Channel	Drum'n'Bass Bassline Generator	Increases the movementspeed of all friendly units by 15% and their attackspeed by 30%.	0	99	500	-	_		"{""DataA"":0.01,""DataB"":0,""DataC"":1,""DataD"":0.01,""DataE"":0,""DataF"":""auravampiric""}"	"{""Art Duration"":0.01,""Base Order ID"":""auravampiric"",""Disable Other Abilities"":0,""Follow Through Time"":0.01,""Options"":1,""Target Type"":0}"
custom	IBA7	ANcl	1	Channel	Blast Staff	Launches one magic projectile per second at a random nearby enemy. Projectiles deal 60 spell damage.	0	99	500	-	_		"{""DataA"":0.01,""DataB"":0,""DataC"":1,""DataD"":0.01,""DataE"":0,""DataF"":""ambush""}"	"{""Art Duration"":0.01,""Base Order ID"":""ambush"",""Disable Other Abilities"":0,""Follow Through Time"":0.01,""Options"":1,""Target Type"":0}"
custom	IBA8	ANcl	1	Channel	Rune of Repair	Repairs buildings near the worker. Stacks with other Runes and Coral Statues.	0	99	500	-	_		"{""DataA"":0.01,""DataB"":0,""DataC"":1,""DataD"":0.01,""DataE"":0,""DataF"":""antimagicshell""}"	"{""Art Duration"":0.01,""Base Order ID"":""antimagicshell"",""Disable Other Abilities"":0,""Follow Through Time"":0.01,""Options"":1,""Target Type"":0}"
custom	A0FZ	Amnx	1	AOE damage upon death			0	0	-	-	debris,enemies,ground,structure,ward		"{""DataA"":160,""DataB"":325,""DataC"":320,""DataD"":175}"	"{""Full Damage Amount"":325,""Full Damage Radius"":160,""Partial Damage Amount"":175,""Partial Damage Radius"":320}"
custom	A0G0	ANcl	1	Channel	|cffFFD900Choose Desert Dwellers|r	Summon the indomitable spirit of the vast sands with this faction's sun-scorched warriors and arid sorcery. Their units boast exceptional resilience and survival skills, thriving where others falter.	0	0	500	-	_		"{""DataA"":0.01,""DataB"":0,""DataC"":17,""DataD"":0.98,""DataE"":1,""DataF"":""creepthunderclap""}"	"{""Art Duration"":0.98,""Base Order ID"":""creepthunderclap"",""Disable Other Abilities"":1,""Follow Through Time"":0.01,""Options"":17,""Target Type"":0}"
custom	A0G6	AUts	1	DST: Thorns	Spiked Carapace - [|cffffcc00Level 1|r]	Enhances the Crypt Lord's chitinous armor with organic barbs, giving the Crypt Lord <AUts,DataC1> bonus armor and returning <AUts,DataA1,%>% of melee attack damage to enemies.	-	0	-	-	_	B02S	"{""DataA"":0.35,""DataB"":1,""DataC"":0}"	"{""Defense Bonus"":0,""Received Damage Factor"":1,""Returned Damage Factor"":0.35}"
custom	A0HL	ACct	1	Fowlhunter 3x	Critical Strike	Gives a <ACct,DataA1>% chance to do <ACct,DataB1> times normal damage on an attack.	0	0	-	0	air,enemies		"{""DataA"":100,""DataB"":3,""DataC"":0,""DataD"":0,""DataE"":0,""DataF"":""-""}"	"{""Chance to Critical Strike"":100,""Chance to Evade"":0,""Damage Bonus"":0,""Damage Multiplier"":3,""Exclude Item Damage"":""-"",""Never Miss"":0}"
custom	A0HK	ACpa	1	DST: Gnolls auto	Parasite	Afflicts a target enemy unit with a deadly parasite that deals <ANpa,DataA1> damage per second for <ANpa,Dur1> seconds. If the afflicted unit dies while under the effect of Parasite, a minor minion will spawn from its corpse.	9999	99	340	-	air,enemies	B019	"{""DataA"":0,""DataB"":0,""DataC"":0,""DataD"":0,""DataE"":1}"	"{""Attack Speed Factor"":0,""Damage per Second"":0,""Movement Speed Factor"":0,""Stacking Type"":0,""Summoned Unit Count"":1}"
custom	A0G2	ACvs	1	Heavy Bolt	Envenomed Weapons	Deals <ACvs,DataA1> poison damage per second. |nLasts <ACvs,Dur1> seconds.	0	0	-	-	air,ground	B019,B019	"{""DataA"":0.01,""DataB"":0.2,""DataC"":0,""DataD"":1}"	"{""Attack Speed Factor"":0,""Damage per Second"":0.01,""Movement Speed Factor"":0.2,""Stacking Type"":1}"
custom	A0G1	ANwk	1	Ambush	|cffffcc00W|rind Walk - [|cffffcc00Level 1|r]	Allows the Blademaster to become invisible, and move <AOwk,DataB1,%>% faster for <AOwk,Dur1> seconds. If the Blademaster attacks a unit to break invisibility, the attack will do <AOwk,DataC1> bonus damage.	9999	99	-	-	air,enemies,ground,neutral	B012	"{""DataA"":0.4,""DataB"":0.5,""DataC"":300,""DataD"":1,""DataE"":""-""}"	"{""Backstab Damage"":300,""Backstab Damage [Owk4]"":1,""Movement Speed Increase (%)"":0.5,""Start Cooldown when Decloak"":""-"",""Transition Time"":0.4}"
custom	A0G3	ACev	1	Evasion	Evasion	Gives a <ACev,DataA1,%>% percent chance to avoid an attack.	-	0	-	-	_		"{""DataA"":0.1}"	"{""Chance to Evade"":0.1}"
custom	A0HM	ACct	1	Fowlhunter 2x	Critical Strike	Gives a <ACct,DataA1>% chance to do <ACct,DataB1> times normal damage on an attack.	0	0	-	0	air,enemies		"{""DataA"":100,""DataB"":2,""DataC"":0,""DataD"":0,""DataE"":0,""DataF"":""-""}"	"{""Chance to Critical Strike"":100,""Chance to Evade"":0,""Damage Bonus"":0,""Damage Multiplier"":2,""Exclude Item Damage"":""-"",""Never Miss"":0}"
custom	A0H3	Asp1	1	Matriarchs visual			0	1	-	-	_		{}	{}
custom	A0H1	ACpa	1	DST: Matriarch auto	Parasite	Afflicts a target enemy unit with a deadly parasite that deals <ANpa,DataA1> damage per second for <ANpa,Dur1> seconds. If the afflicted unit dies while under the effect of Parasite, a minor minion will spawn from its corpse.	9999	99	350	-	air,enemies,ground	B019	"{""DataA"":0,""DataB"":0,""DataC"":0,""DataD"":0,""DataE"":1}"	"{""Attack Speed Factor"":0,""Damage per Second"":0,""Movement Speed Factor"":0,""Stacking Type"":0,""Summoned Unit Count"":1}"
custom	A0G9	ACpa	1	DST: Harpy auto	Parasite	Afflicts a target enemy unit with a deadly parasite that deals <ANpa,DataA1> damage per second for <ANpa,Dur1> seconds. If the afflicted unit dies while under the effect of Parasite, a minor minion will spawn from its corpse.	9999	99	450	-	air,enemies,ground,organic	B019	"{""DataA"":0,""DataB"":0,""DataC"":0,""DataD"":0,""DataE"":1}"	"{""Attack Speed Factor"":0,""Damage per Second"":0,""Movement Speed Factor"":0,""Stacking Type"":0,""Summoned Unit Count"":1}"
custom	A0G5	AIdf	1	DST: Blind 16%			0	0	-	-	air,enemies,ground,structure,ward		"{""DataA"":0,""DataB"":16,""DataC"":16,""DataD"":16,""DataE"":0}"	"{""Chance To Hit Heros (%)"":16,""Chance To Hit Summons (%)"":16,""Chance To Hit Units (%)"":16,""Damage Bonus"":0,""Enabled Attack Index"":0}"
custom	A0KB	AIva	1	Life Steal			0	0	-	-	air,ground,enemy		"{""DataA"":0.23}"	"{""Life Stolen Per Attack"":0.23}"
custom	A0J6	Awar	1	DST: Pulverize	Pulverize	Gives a <Awar,DataA1>% chance that an attack will deal <Awar,DataB1> damage to nearby units.	0	0	-	-	enemies,ground		"{""DataA"":30,""DataB"":60,""DataC"":60,""DataD"":100}"	"{""Chance to Stomp (%)"":30,""Damage Dealt"":60,""Full Damage Radius"":60,""Half Damage Radius"":100}"
custom	A0J7	Awar	1	DST: Pulverize2	Pulverize	Gives a <Awar,DataA1>% chance that an attack will deal <Awar,DataB1> damage to nearby units.	0	0	-	-	enemies,ground		"{""DataA"":40,""DataB"":150,""DataC"":80,""DataD"":150}"	"{""Chance to Stomp (%)"":40,""Damage Dealt"":150,""Full Damage Radius"":80,""Half Damage Radius"":150}"
custom	A0GR	Absk	1	OgreLords rage	Berserk	Causes this unit to attack <Absk,DataB1,%>% faster, but take <Absk,DataC1,%>% more damage.	0	99	-	-	_	B02T	"{""DataA"":0.15,""DataB"":1.4,""DataC"":0.01}"	"{""Attack Speed Increase"":1.4,""Damage Taken Increase"":0.01,""Movement Speed Increase"":0.15}"
custom	A0GB	ACpa	1	DST: Ogre auto	Parasite	Afflicts a target enemy unit with a deadly parasite that deals <ANpa,DataA1> damage per second for <ANpa,Dur1> seconds. If the afflicted unit dies while under the effect of Parasite, a minor minion will spawn from its corpse.	9999	99	180	-	enemies,ground	B019	"{""DataA"":0,""DataB"":0,""DataC"":0,""DataD"":0,""DataE"":1}"	"{""Attack Speed Factor"":0,""Damage per Second"":0,""Movement Speed Factor"":0,""Stacking Type"":0,""Summoned Unit Count"":1}"
custom	A0GU	ACbh	1	Bash	Bash	Gives a <ACbh,DataA1>% chance that an attack will do <ACbh,DataC1> bonus damage and stun an opponent for <ACbh,Dur1> seconds.	0	0	-	0	ground	BPSE	"{""DataA"":20,""DataB"":0,""DataC"":80,""DataD"":0,""DataE"":0}"	"{""Chance to Bash"":20,""Chance to Miss"":0,""Damage Bonus"":80,""Damage Multiplier"":0,""Never Miss"":0}"
custom	A0HQ	AOae	1	Sandshield	Endurance Aura - [|cffffcc00Level 1|r]	Increases nearby friendly units' movement speed by <AOae,DataA1,%>% and attack rate by <AOae,DataB1,%>%.	-	0	-	90	enemies,ward,ground,invulnerable,vulnerable	B02W	"{""DataA"":-0.2,""DataB"":-0.35}"	"{""Attack Speed Increase (%)"":-0.35,""Movement Speed Increase (%)"":-0.2}"
custom	A0G8	ACpa	1	DST: Sandkin abil	Parasite	Afflicts a target enemy unit with a deadly parasite that deals <ANpa,DataA1> damage per second for <ANpa,Dur1> seconds. If the afflicted unit dies while under the effect of Parasite, a minor minion will spawn from its corpse.	9999	99	450	-	enemies,ground	B019	"{""DataA"":0,""DataB"":0,""DataC"":0,""DataD"":0,""DataE"":1}"	"{""Attack Speed Factor"":0,""Damage per Second"":0,""Movement Speed Factor"":0,""Stacking Type"":0,""Summoned Unit Count"":1}"
custom	A0G7	AUts	1	DST: Thorns 70%	Spiked Carapace - [|cffffcc00Level 1|r]	Enhances the Crypt Lord's chitinous armor with organic barbs, giving the Crypt Lord <AUts,DataC1> bonus armor and returning <AUts,DataA1,%>% of melee attack damage to enemies.	-	0	-	-	_	B02S	"{""DataA"":0.7,""DataB"":1,""DataC"":0}"	"{""Defense Bonus"":0,""Received Damage Factor"":1,""Returned Damage Factor"":0.7}"
custom	A0HX	AIdf	1	DST: salamanders			0	0	-	-	air,enemies,ground		"{""DataA"":0,""DataB"":35,""DataC"":35,""DataD"":35,""DataE"":0}"	"{""Chance To Hit Heros (%)"":35,""Chance To Hit Summons (%)"":35,""Chance To Hit Units (%)"":35,""Damage Bonus"":0,""Enabled Attack Index"":0}"
custom	A0GE	ACpa	1	Oasis Ability	Replenishment	|cffFFFF80Ability: |cffFFFF00Replenishment|r|nReplenishes 175 hitpoints and 40 manapoints of a random allied unit that is missing hitpoints or manapoints. Prioritizes very low hitpoint units.|n|n|cffFFFF80Cooldown:|cffFFFF00 5 |rseconds	9999	99	99999	-	enemies,ground,invulnerable,mechanical,neutral,structure		"{""DataA"":0,""DataB"":0,""DataC"":0,""DataD"":0,""DataE"":1}"	"{""Attack Speed Factor"":0,""Damage per Second"":0,""Movement Speed Factor"":0,""Stacking Type"":0,""Summoned Unit Count"":1}"
custom	A0GF	ACpa	1	Peyote abil	Peyote	|cffFFFF80Ability:|cffFFFF00 Hallucinogenic|r|nCreates an illusion of a random living enemy. Illusions deal 125%, take 75% damage and last 60 seconds.|n|n|cffFFFF80Cooldown:|cffFFFF00 15|r seconds	9999	99	99999	-	enemies,ground,invulnerable,mechanical,neutral,structure		"{""DataA"":0,""DataB"":0,""DataC"":0,""DataD"":0,""DataE"":1}"	"{""Attack Speed Factor"":0,""Damage per Second"":0,""Movement Speed Factor"":0,""Stacking Type"":0,""Summoned Unit Count"":1}"
custom	A0H5	AOae	1	QuickSand L	Endurance Aura - [|cffffcc00Level 1|r]	Increases nearby friendly units' movement speed by <AOae,DataA1,%>% and attack rate by <AOae,DataB1,%>%.	-	0	-	200	enemies,ground,invulnerable,vulnerable	B02U	"{""DataA"":-0.25,""DataB"":-0.2}"	"{""Attack Speed Increase (%)"":-0.2,""Movement Speed Increase (%)"":-0.25}"
custom	A0IL	ACmp	1	succomb	Impal|cffffcc00e|r - [|cffffcc00Level 1|r]	Slams the ground with the Crypt Lord's massive claws, shooting spiked tendrils out in a straight line, dealing <AUim,DataC1> damage and hurling enemy ground units into the air in their wake, stunning them for <AUim,Dur1> seconds.	9999	99	700	1	self	B031	"{""DataA"":1,""DataB"":0,""DataC"":0,""DataD"":3,""DataE"":0,""DataF"":0}"	"{""Air Time (seconds)"":3,""Airborne Targets Vulnerable"":0,""Damage Dealt"":0,""Uninterruptible"":0,""Wave Distance"":1,""Wave Time (seconds)"":0}"
custom	A0JD	ANab	1	Peyote	Acid Bomb - [|cffffcc00Level 1|r]	Hurls a flask of acid at a target.  The flask breaks upon impact, splashing a powerful acid on nearby hostile units.|n|nDecreases armor by <ANab,DataC1>; deals <ANab,DataD1> damage per second to the primary target; deals slightly less damage to nearby targets.|nLasts <ANab,Dur1> seconds.	9999	99	50000	1	air,enemies,ground,neutral,organic	BUsl	"{""DataA"":-1,""DataB"":-1,""DataC"":0,""DataD"":1,""DataE"":20,""DataF"":0.5}"	"{""Armor Penalty"":0,""Attack Speed Reduction (%)"":-1,""Damage Interval"":0.5,""Movement Speed Reduction (%)"":-1,""Primary Damage"":1,""Secondary Damage"":20}"
custom	A0G4	ACsi	1	Sandstorm	Silence	Stops all enemies in a target area from casting spells for <ACsi,Dur1> seconds.	9999	99	9999	99999	air,enemies,ground,vulnerable	B02R	"{""DataA"":0,""DataB"":0.65,""DataC"":-0.3,""DataD"":-0.3}"	"{""Attack Speed Modifier"":-0.3,""Attacks Prevented"":0,""Chance To Miss (%)"":0.65,""Movement Speed Modifier"":-0.3}"
custom	A0GC	ANpi	1	SandStorm	Sandstorm	Affected by Sandstorm.	0	0	-	20000	air,enemies,ground,vulnerable	B02R	"{""DataA"":20,""DataB"":0,""DataC"":0}"	"{""Buffer Mana Required"":0,""Damage per Interval"":20,""Mana Drained per Second"":0}"
custom	A0HP	ACsi	1	Sandcloud2x	Silence	Stops all enemies in a target area from casting spells for <ACsi,Dur1> seconds.	9999	99	1000	300	air,enemies,structure,ground,neutral,invulnerable,vulnerable	B02R	"{""DataA"":0,""DataB"":0.45,""DataC"":0,""DataD"":0}"	"{""Attack Speed Modifier"":0,""Attacks Prevented"":0,""Chance To Miss (%)"":0.45,""Movement Speed Modifier"":0}"
custom	A0GA	ACsi	1	Sandcloud	Silence	Stops all enemies in a target area from casting spells for <ACsi,Dur1> seconds.	9999	99	1000	220	air,enemies,structure,ground,neutral,invulnerable,vulnerable	B02R	"{""DataA"":0,""DataB"":0.3,""DataC"":0,""DataD"":0}"	"{""Attack Speed Modifier"":0,""Attacks Prevented"":0,""Chance To Miss (%)"":0.3,""Movement Speed Modifier"":0}"
custom	A0HW	ANab	1	DST: salam burn	Acid Bomb - [|cffffcc00Level 1|r]	Hurls a flask of acid at a target.  The flask breaks upon impact, splashing a powerful acid on nearby hostile units.|n|nDecreases armor by <ANab,DataC1>; deals <ANab,DataD1> damage per second to the primary target; deals slightly less damage to nearby targets.|nLasts <ANab,Dur1> seconds.	9999	99	999	128	air,enemies,ground	B02Q	"{""DataA"":-0.2,""DataB"":-0.3,""DataC"":4,""DataD"":2,""DataE"":10,""DataF"":0.5}"	"{""Armor Penalty"":4,""Attack Speed Reduction (%)"":-0.3,""Damage Interval"":0.5,""Movement Speed Reduction (%)"":-0.2,""Primary Damage"":2,""Secondary Damage"":10}"
custom	A0GD	ANdh	1	DST: Blind	Drunken Haze - [|cffffcc00Level 1|r]	Drenches enemy units in alcohol, causing their movement speed to be reduced by <ANdh,DataC1,%>%, and have a <ANdh,DataB1,%>% chance to miss on attacks. When units with Drunken Haze cast on them are hit by Breath of Fire, they will ignite and take burn damage. |nLasts <ANdh,Dur1> seconds.	9999	99	600	16	air,enemies,ground	B02O	"{""DataA"":0,""DataB"":0.65,""DataC"":0.5,""DataD"":0}"	"{""Attack Speed Modifier"":0,""Attacks Prevented"":0,""Chance To Miss (%)"":0.65,""Movement Speed Modifier"":0.5}"
custom	A0GK	ACpa	1	SandStorm abil	Sandstorm	Cast Sandstorm over the whole area wich blinds and slows the enemies(65% miss chance, -30% AS\MS), storm does 20 dmg per second|n|n|cffFFFF80Duration:|cffFFFF00 6 |rseconds|n|cffFFFF80Cooldown:|cffFFFF00 40 |rseconds	9999	99	99999	-	enemies,ground,invulnerable,mechanical,neutral,structure		"{""DataA"":0,""DataB"":0,""DataC"":0,""DataD"":0,""DataE"":1}"	"{""Attack Speed Factor"":0,""Damage per Second"":0,""Movement Speed Factor"":0,""Stacking Type"":0,""Summoned Unit Count"":1}"
custom	A0GG	ACsa	1	Searing Arrows	Searing Arrows	Adds <ACsa,DataA1> bonus fire damage to an attack against enemies, but drains mana with each shot fired.	9999	0	375	-	enemies,ground,neutral,structure		"{""DataA"":45}"	"{""Damage Bonus"":45}"
custom	A0GH	AUau	1	Quick Sand M	Unholy Aura - [|cffffcc00Level 1|r]	Increases nearby friendly units' movement speed by <AUau,DataA1,%>% and life regeneration rate.	 - 	0	 - 	200	air,ground,friend,self,vuln,invu		"{""DataA"":0,""DataB"":-2,""DataC"":0}"	"{""Life Regeneration Increase (%)"":-2,""Movement Speed Increase (%)"":0,""Percent Bonus"":0}"
custom	A0GI	ACac	1	Quick Sand S	Command Aura	Gives extra damage to the attacks of nearby friendly units.	0	0	-	200	air,ground,friend,self,vuln,invu	BOac	"{""DataA"":-0.5,""DataB"":1,""DataC"":1,""DataD"":0}"	"{""Attack Damage Increase"":-0.5,""Flat Bonus"":0,""Melee Bonus"":1,""Ranged Bonus"":1}"
custom	A0GJ	Ambt	1	Sand Replenish	Replenish Mana and Life	Replenish the life and mana of a target friendly unit.	0	0	99999	99999	air,ground,invu,vuln,friend,organic		"{""DataA"":1,""DataB"":1,""DataC"":100,""DataD"":0,""DataE"":0}"	"{""Autocast Requirement"":100,""Hit Points Gained"":1,""Mana Gained"":1,""Regenerate Only At Night"":0,""Water Height"":0}"
custom	A0GL	AEfk	1	Razor Spray	Razor Spray	The Warden hurls a flurry of knives, damaging nearby enemies. Each knife does <AEfk,DataA1> damage.	9999	99	-	400	air,ground,enemy,organic		"{""DataA"":45,""DataB"":300,""DataC"":0,""DataD"":100}"	"{""Damage Per Target"":45,""Maximum Number of Targets"":0,""Maximum Speed Adjustment"":100,""Maximum Total Damage"":300}"
custom	A0GM	AUls	1	Harpy Swarm	Locust Swarm	Creates a swarm of angry locusts that bite and tear at nearby enemy units. As they chew the enemy flesh, they convert it into a substance that restores hit points to the Crypt Lord when they return. Pierces spell immunity. |nLasts <AUls,HeroDur1> seconds.	9999	99	-	800	air,ground,enemy		"{""DataA"":7,""DataB"":0.15,""DataC"":2,""DataD"":0.75,""DataE"":20}"	"{""Damage Return Factor"":0.75,""Damage Return Threshold"":20,""Max Swarm Units Per Target"":2,""Number of Swarm Units"":7,""Unit Release Interval (seconds)"":0.15}"
custom	A0GN	Ahea	1	PAN: Panda Monk Heal	Heal	Heals a target friendly non-mechanical wounded unit for <Ahea,DataA1> hit points.	9999	99	350	-	air,ground,friend,vuln,invu,self,organic,nonancient,neutral	Bhea	"{""DataA"":50}"	"{""Hit Points Gained"":50}"
custom	A0GO	ANcl	1	Channel	|cffFFD900Choose Pandaren Empire|r	Playful, clumsy, and undeniably adorable—yet when threatened, these charming pandas unleash surprising wit and ferocity, swiftly obliterating enemies who underestimate them.	0	0	500	-	_		"{""DataA"":0.01,""DataB"":0,""DataC"":17,""DataD"":0.98,""DataE"":1,""DataF"":""cripple""}"	"{""Art Duration"":0.98,""Base Order ID"":""cripple"",""Disable Other Abilities"":1,""Follow Through Time"":0.01,""Options"":17,""Target Type"":0}"
custom	A0GP	ANhs	1	PAN: Healing Spray	Healing Spray - [|cffffcc00Level 1|r]	Sprays <ANhs,DataF1> waves of healing mist; each wave heals <ANhs,DataA1> damage to all units in an area.	9999	0	500	175	air,friend,ground	BNhs	"{""DataA"":40,""DataB"":1,""DataC"":3,""DataD"":250,""DataE"":1,""DataF"":1}"	"{""Building Damage Factor"":1,""Damage Amount"":40,""Damage Interval"":1,""Max Damage"":250,""Missile Count"":3,""Wave Count"":1}"
custom	A0GQ	ACct	1	PAN: Drunk	Drunk	Gives a 20% chance to do <ACct,DataB1> times normal damage on an attack.	0	0	-	0	air,ground,enemy,neutral		"{""DataA"":20,""DataB"":0.1,""DataC"":0,""DataD"":0,""DataE"":0,""DataF"":""-""}"	"{""Chance to Critical Strike"":20,""Chance to Evade"":0,""Damage Bonus"":0,""Damage Multiplier"":0.1,""Exclude Item Damage"":""-"",""Never Miss"":0}"
custom	A0GS	Assk	1	PAN: Drunk resistance	Hardened Skin	Reduces all attacks on the Mountain Giant by <Assk,DataC1> damage. Attacks cannot be reduced below <Assk,DataB1> damage.	0	0	-	-	air,enemies,ground		"{""DataA"":100,""DataB"":0,""DataC"":15,""DataD"":1,""DataE"":1}"	"{""Chance to Reduce Damage (%)"":100,""Ignored Damage"":15,""Include Melee Damage"":1,""Include Ranged Damage"":1,""Minimum Damage"":0}"
custom	A0GT	Ainf	1	Inner Fire	Inner Fire	Increases a target friendly unit's damage by <Ainf,DataA1,%>% and armor by <Ainf,DataB1>. |nLasts <Ainf,Dur1> seconds.	35	99	600	-	air,friend,ground,neutral,self	B009	"{""DataA"":0.4,""DataB"":5,""DataC"":600,""DataD"":8}"	"{""Autocast Range"":600,""Damage Increase (%)"":0.4,""Defense Increase"":5,""Life Regen Rate"":8}"
custom	A0GW	ACpa	1	Thunderpaw Spire Ability	Call of Thunder	|cffFFFF80Ability: |cffFFFF00Call of Thunder|r|nAfter this spell has been cast, the next time an allied melee unit damages an enemy with an attack (not spell), the damage instance is amplified by up to 200% by a lightning strike. Deals at least 75 and up to 300 damage. Half damage to air units.|n|n|cffFFFF80Cooldown:|cffFFFF00 15 |rseconds	9999	99	99999	-	enemies,ground,invulnerable,mechanical,neutral,structure		"{""DataA"":0,""DataB"":0,""DataC"":0,""DataD"":0,""DataE"":1}"	"{""Attack Speed Factor"":0,""Damage per Second"":0,""Movement Speed Factor"":0,""Stacking Type"":0,""Summoned Unit Count"":1}"
custom	A0GX	Apoi	1	Blood Corrosion	Poison Sting		0	0	-	-	air,ground,organic	Bpoi,Bpsd	"{""DataA"":4,""DataB"":0,""DataC"":0,""DataD"":1}"	"{""Attack Speed Factor"":0,""Damage per Second"":4,""Movement Speed Factor"":0,""Stacking Type"":1}"
custom	A0GY	AId1	1	Blood Corrosion			0	0	-	-	_		"{""DataA"":-2}"	"{""Defense Bonus"":-2}"
custom	A0GY	AId1	2	Blood Corrosion									"{""DataA"":-4}"	"{""Defense Bonus"":-4}"
custom	A0GY	AId1	3	Blood Corrosion									"{""DataA"":-6}"	"{""Defense Bonus"":-6}"
custom	A0GY	AId1	4	Blood Corrosion									"{""DataA"":-8}"	"{""Defense Bonus"":-8}"
custom	A0GY	AId1	5	Blood Corrosion									"{""DataA"":-10}"	"{""Defense Bonus"":-10}"
custom	A0GZ	Aroc	1	Cloud Ship Multishot	Barrage	Allows Siege Engines to fire powerful rockets at nearby enemy air units.	0	2	-	530	enemies		"{""DataA"":72,""DataB"":630,""DataC"":1}"	"{""Damage Per Target"":72,""Maximum Number of Targets"":1,""Maximum Total Damage"":630}"
custom	A0H2	AOae	1	PAN: Zen Field Aura	Zen Field Aura	Decreases enemy units'  attack rate by 20%.	-	0	-	600	air,enemies,ground,organic	B02E	"{""DataA"":0,""DataB"":-0.2}"	"{""Attack Speed Increase (%)"":-0.2,""Movement Speed Increase (%)"":0}"
custom	A0H4	ANcl	1	Echo Blink	Channel	Channels powerful warding magic.	0	99	500	-	_		"{""DataA"":0,""DataB"":0,""DataC"":1,""DataD"":0,""DataE"":0,""DataF"":""earthquake""}"	"{""Art Duration"":0,""Base Order ID"":""earthquake"",""Disable Other Abilities"":0,""Follow Through Time"":0,""Options"":1,""Target Type"":0}"
custom	A0H6	ACpa	1	PAN: Withering Touch	Withering Touch	|cffFFFF80Ability: |cffFFFF00Withering Touch|r|nSends a bolt of negative energy that burns up to 200 points of a target enemy unit's mana. The mana combusts, dealing damage equal to the twice amount of mana burned. Prioritizes units, which have more than 100 points of mana.|n|n|cffFFFF80Cooldown:|cffFFFF00 13 |rseconds	9999	99	99999	-	enemies,ground,invulnerable,mechanical,neutral,structure		"{""DataA"":0,""DataB"":0,""DataC"":0,""DataD"":0,""DataE"":1}"	"{""Attack Speed Factor"":0,""Damage per Second"":0,""Movement Speed Factor"":0,""Stacking Type"":0,""Summoned Unit Count"":1}"
custom	A0H7	Assk	1	PAN: Drunk resistance 2	Hardened Skin	Reduces all attacks on the Mountain Giant by <Assk,DataC1> damage. Attacks cannot be reduced below <Assk,DataB1> damage.	0	0	-	-	air,enemies,ground		"{""DataA"":100,""DataB"":0,""DataC"":30,""DataD"":1,""DataE"":1}"	"{""Chance to Reduce Damage (%)"":100,""Ignored Damage"":30,""Include Melee Damage"":1,""Include Ranged Damage"":1,""Minimum Damage"":0}"
custom	A0H8	ACct	1	PAN: Drunk 2	Drunk 2	Gives a 30% chance to do <ACct,DataB1> times normal damage on an attack.	0	0	-	0	air,ground,enemy,neutral		"{""DataA"":30,""DataB"":0.1,""DataC"":0,""DataD"":0,""DataE"":0,""DataF"":""-""}"	"{""Chance to Critical Strike"":30,""Chance to Evade"":0,""Damage Bonus"":0,""Damage Multiplier"":0.1,""Exclude Item Damage"":""-"",""Never Miss"":0}"
custom	A0H9	AEpa	1	Whirlstone Brew	Poison Arrows - [|cffffcc00Level 1|r]	Adds <AHfa,DataA1> bonus fire damage to an attack against enemies, but drains mana with each shot fired.	9999	0	1050	300	air,ground,organic		"{""DataA"":300,""DataB"":0,""DataC"":0,""DataD"":0,""DataE"":0}"	"{""Attack Speed Factor"":0,""Damage per Second"":0,""Extra Damage"":300,""Movement Speed Factor"":0,""Stacking Type"":0}"
custom	A0HA	ACct	1	PAN: Drunk 3	Drunk 3	Gives a 50% chance to do <ACct,DataB1> times normal damage on an attack.	0	0	-	0	air,ground,enemy,neutral		"{""DataA"":50,""DataB"":0.1,""DataC"":0,""DataD"":0,""DataE"":0,""DataF"":""-""}"	"{""Chance to Critical Strike"":50,""Chance to Evade"":0,""Damage Bonus"":0,""Damage Multiplier"":0.1,""Exclude Item Damage"":""-"",""Never Miss"":0}"
custom	A0HC	Assk	1	PAN: Drunk resistance 3	Hardened Skin	Reduces all attacks on the Mountain Giant by <Assk,DataC1> damage. Attacks cannot be reduced below <Assk,DataB1> damage.	0	0	-	-	air,enemies,ground		"{""DataA"":100,""DataB"":0,""DataC"":50,""DataD"":1,""DataE"":1}"	"{""Chance to Reduce Damage (%)"":100,""Ignored Damage"":50,""Include Melee Damage"":1,""Include Ranged Damage"":1,""Minimum Damage"":0}"
custom	S000	SCae	1	PAN: Breath Aura	Endurance Aura	Decreases nearby enemy attackspeed	0	0	-	400	air,enemies,ground	BOae	"{""DataA"":-0.5,""DataB"":0}"	"{""Attack Speed Increase (%)"":0,""Movement Speed Increase (%)"":-0.5}"
custom	A0HD	Amin	1	Static Remnant Explosion			0	0	150	-	_		"{""DataA"":0.75,""DataB"":300}"	"{""Activation Delay"":0.75,""Invisibility Transition Time"":300}"
custom	A0HE	Amnx	1	AOE damage upon death remnant			0	0	-	-	ground,structure,debris,enemy		"{""DataA"":300,""DataB"":250,""DataC"":400,""DataD"":50}"	"{""Full Damage Amount"":250,""Full Damage Radius"":300,""Partial Damage Amount"":50,""Partial Damage Radius"":400}"
custom	A0HF	ACev	1	Evasion	Evasion	Gives a <ACev,DataA1,%>% percent chance to avoid an attack.	-	0	-	-	_		"{""DataA"":0.2}"	"{""Chance to Evade"":0.2}"
custom	A0HG	ACct	1	PAN: Whirlwind	Critical Strike	Gives a <ACct,DataA1>% chance to do <ACct,DataB1> times normal damage on an attack.	0	0	-	0	air,ground,enemy,neutral		"{""DataA"":0,""DataB"":0,""DataC"":0,""DataD"":0,""DataE"":0,""DataF"":""-""}"	"{""Chance to Critical Strike"":0,""Chance to Evade"":0,""Damage Bonus"":0,""Damage Multiplier"":0,""Exclude Item Damage"":""-"",""Never Miss"":0}"
custom	A0HH	ACac	1	PAN: Brewcommand Aura	Command Aura	Gives extra damage to the attacks of nearby friendly units.	0	0	-	600	air,ground,friend,self,vuln,invu	B02F	"{""DataA"":0.2,""DataB"":1,""DataC"":1,""DataD"":0}"	"{""Attack Damage Increase"":0.2,""Flat Bonus"":0,""Melee Bonus"":1,""Ranged Bonus"":1}"
custom	A0HI	ANhs	1	PAN: Healing Spray 2	Healing Spray - [|cffffcc00Level 1|r]	Sprays <ANhs,DataF1> waves of healing mist; each wave heals <ANhs,DataA1> damage to all units in an area.	9999	0	500	175	air,friend,ground	BNhs	"{""DataA"":85,""DataB"":1,""DataC"":4,""DataD"":1200,""DataE"":1,""DataF"":1}"	"{""Building Damage Factor"":1,""Damage Amount"":85,""Damage Interval"":1,""Max Damage"":1200,""Missile Count"":4,""Wave Count"":1}"
custom	A0GV	AIsr	1	Spell Damage Reduction			0	0	-	-	_		"{""DataA"":0,""DataB"":0.45}"	"{""Damage Bonus"":0,""Damage Reduction"":0.45}"
custom	A0H0	AIsr	1	spell resist 20%			0	0	-	-	_		"{""DataA"":0,""DataB"":0.2}"	"{""Damage Bonus"":0,""Damage Reduction"":0.2}"
custom	A0HB	AIsa	1	Scroll of Speed			0	60	-	1000	air,ground,friend,self,vuln,invu	Bspe	"{""DataA"":2}"	"{""Movement Speed Increase"":2}"
custom	A0HJ	ANcl	1	Scroll of Speed Trigger	Channel	Channels powerful warding magic.	0	0	25000	1000	_		"{""DataA"":0,""DataB"":2,""DataC"":3,""DataD"":0,""DataE"":0,""DataF"":""cyclone""}"	"{""Art Duration"":0,""Base Order ID"":""cyclone"",""Disable Other Abilities"":0,""Follow Through Time"":0,""Options"":3,""Target Type"":2}"
custom	IBA9	ANcl	1	Buy Speedscroll	Scroll of Speed	When used, the scroll heals 400 hitpoints, 200 mana and gives 8 bonus armor for 30 seconds to all allied units in a huge area.	0	99	500	-	_		"{""DataA"":0.01,""DataB"":0,""DataC"":1,""DataD"":0.01,""DataE"":0,""DataF"":""chemicalrage""}"	"{""Art Duration"":0.01,""Base Order ID"":""chemicalrage"",""Disable Other Abilities"":0,""Follow Through Time"":0.01,""Options"":1,""Target Type"":0}"
custom	A0HN	ACpa	1	Parasite	Purify	|cffffac00Utility|r|n|n|cff80ff00Purification|r • Does |cffffff00150|r spell damage and reveals all enemies for |cffffff007|rs in an area around a random corpse, consuming all corpses within |cffffff00220|r range of it. • Cooldown: |cffffff0015|rs.	9999	99	99999	-	enemies,ground,invulnerable,mechanical,neutral,structure		"{""DataA"":0,""DataB"":0,""DataC"":0,""DataD"":0,""DataE"":1}"	"{""Attack Speed Factor"":0,""Damage per Second"":0,""Movement Speed Factor"":0,""Stacking Type"":0,""Summoned Unit Count"":1}"
custom	A0HO	ACpa	1	Parasite	Snowfall	"Calls down a veil of snow upon a random enemy, freezing the ground beneath them.
Allied units standing on snow take |cffffcc0020%|r less damage.

The snow can be consumed by |cffffcc00Wrath of Winter|r to unleash icy explosions.

|n|cffFFFF80Cooldown:|cffFFFF00 15 |rseconds"	9999	99	99999	-	enemies,ground,invulnerable,mechanical,neutral,structure		"{""DataA"":0,""DataB"":0,""DataC"":0,""DataD"":0,""DataE"":1}"	"{""Attack Speed Factor"":0,""Damage per Second"":0,""Movement Speed Factor"":0,""Stacking Type"":0,""Summoned Unit Count"":1}"
custom	A0HR	AItx	1	Troll Damage Bonus			0	0	-	-	_		"{""DataA"":30}"	"{""Attack Bonus"":30}"
custom	A0HR	AItx	2	Troll Damage Bonus									"{""DataA"":60}"	"{""Attack Bonus"":60}"
custom	A0HR	AItx	3	Troll Damage Bonus									"{""DataA"":90}"	"{""Attack Bonus"":90}"
custom	A0HS	ACpa	1	Global Endurance	Global Endurance	Increases AS and MS of all friendly units by 33% for 6 seconds.|n|n|cffFFFF80Cooldown:|cffFFFF00 40 |rseconds	9999	99	99999	-	enemies,ground,invulnerable,mechanical,neutral,structure		"{""DataA"":0,""DataB"":0,""DataC"":0,""DataD"":0,""DataE"":1}"	"{""Attack Speed Factor"":0,""Damage per Second"":0,""Movement Speed Factor"":0,""Stacking Type"":0,""Summoned Unit Count"":1}"
custom	A0HT	ACpa	1	Global Healing	Global Healing	Healls all friendly units by 30 hp/s for 8 seconds.|n|n|cffFFFF80Cooldown:|cffFFFF00 40 |rseconds	9999	99	99999	-	enemies,ground,invulnerable,mechanical,neutral,structure		"{""DataA"":0,""DataB"":0,""DataC"":0,""DataD"":0,""DataE"":1}"	"{""Attack Speed Factor"":0,""Damage per Second"":0,""Movement Speed Factor"":0,""Stacking Type"":0,""Summoned Unit Count"":1}"
custom	A0HU	AChw	1	GlobalHealWard	Healing Ward	Summons an immovable ward that heals <Aoar,DataA1,%>% of a nearby friendly non-mechanical unit's hit points per second. |nLasts <AChw,Dur1> seconds.	200	0	500	-	_	Bhwd	{}	{}
custom	A0HV	AIsr	1	pp spell resist			0	0	-	-	_		"{""DataA"":0,""DataB"":0.15}"	"{""Damage Bonus"":0,""Damage Reduction"":0.15}"
custom	A0HY	ACav	1	Coral Armor Aura	Devotion Aura	Gives <ACav,DataA1> additional armor to nearby friendly units.	0	0	-	700	friend,invulnerable,self,structure,vulnerable	B02G	"{""DataA"":8,""DataB"":0}"	"{""Armor Bonus"":8,""Percent Bonus"":0}"
custom	A0I5	ACct	1	AA Crit 1.45x	Critical Strike	Gives a <ACct,DataA1>% chance to do <ACct,DataB1> times normal damage on an attack.	0	0	-	0	air,enemies		"{""DataA"":100,""DataB"":1.45,""DataC"":0,""DataD"":0,""DataE"":0,""DataF"":""-""}"	"{""Chance to Critical Strike"":100,""Chance to Evade"":0,""Damage Bonus"":0,""Damage Multiplier"":1.45,""Exclude Item Damage"":""-"",""Never Miss"":0}"
custom	A0Z1	AHad	1	Carapace Aura	Devotion Aura - [|cffffcc00Level 1|r]	Gives <AHad,DataA1,.> additional armor to nearby friendly units.	0	0	-	500	air,ground,friend,self,vuln,invu	BHad	"{""DataA"":4,""DataB"":0}"	"{""Armor Bonus"":4,""Percent Bonus"":0}"
custom	AM0y	AIil	1	Item Illusions			0	0	99999	0	ground,air	BIil	"{""DataA"":1.25,""DataB"":0.75}"	"{""Damage Dealt (% of normal)"":1.25,""Damage Received Multiplier"":0.75}"
custom	AM0z	Aro1	1	Root	Root	Burrows the Ancient's roots into the ground, rendering it immobile, but allowing it to build units. For the Ancient Protector, this allows it to hurl enormous rocks through the air to damage enemy units. Also gives the Ancient Fortified armor.	0	0	-	-	_		"{""DataA"":1,""DataB"":2,""DataC"":0,""DataD"":2}"	"{""Rooted Turning"":0,""Rooted Weapons"":1,""Uprooted Defense Type"":2,""Uprooted Weapons"":2}"
custom	A9FS	AOfs	1	Far Sight	Far Sight - [|cffffcc00Level 1|r]	Reveals the area of the map that it is cast upon for <AOfs,Dur1> seconds. Also reveals invisible units.	0	0	99999	400	_		"{""DataA"":3}"	"{""Detection Type"":3}"
custom	A9FS	AOfs	2	Far Sight	Far Sight - [|cffffcc00Level 2|r]	Reveals the area of the map that it is cast upon for <AOfs,Dur1> seconds. Also reveals invisible units.	60	-	99999	1800	_		"{""DataA"":3}"	"{""Detection Type"":3}"
custom	A9FS	AOfs	3	Far Sight	Far Sight - [|cffffcc00Level 3|r]	Reveals the area of the map that it is cast upon for <AOfs,Dur1> seconds. Also reveals invisible units.	50	-	99999	4000	_		"{""DataA"":3}"	"{""Detection Type"":3}"
custom	A09E	AHtc	1	Thunder Clap	Thunder Clap - [|cffffcc00Level 1|r]	Slams the ground, dealing <AHtc,DataA1> damage to nearby enemy land units and slowing their movement by <AHtc,DataC1,%>% and attack rate by <AHtc,DataD1,%>%.	9999	99	-	300	enemies,ground	B01Y	"{""DataA"":20,""DataB"":0,""DataC"":0.5,""DataD"":0.5,""DataE"":""-""}"	"{""AOE Damage"":20,""Attack Speed Reduction (%)"":0.5,""Maximum Damage"":""-"",""Movement Speed Reduction (%)"":0.5,""Specific Target Damage"":0}"
custom	AM0{	ANcl	1	Explode Snow	Explode Snow	Consumes snow-covered tiles in the target area, exploding them and dealing 350.0 damage to enemy units standing on consumed snow. Shares cooldown with all Snowveil Fountains.	0	10	99999	384	air,ground,terrain		"{""DataA"":0,""DataB"":2,""DataC"":3,""DataD"":0,""DataE"":0,""DataF"":""blink""}"	"{""Art Duration"":0,""Base Order ID"":""blink"",""Disable Other Abilities"":0,""Follow Through Time"":0,""Options"":3,""Target Type"":2}"
custom	Ast9	Asta	1	Stasis Trap	Stasis Trap	Summons an invisible and immovable ward that stuns enemy land units around it. The trap activates when an enemy land unit approaches and destroys all other stasis wards in its area of effect. Wards are spell immune. |nThe trap lasts <Asta,Dur1> seconds. |nThe stun lasts <Asta,DataD1> seconds.	0	0	99999	-	air,ground,enemies	Bsta	"{""DataA"":0.001,""DataB"":99999,""DataC"":99999,""DataD"":4,""DataE"":0.001}"	"{""Activation Delay"":0.001,""Detection Radius"":99999,""Detonation Delay"":0.001,""Detonation Radius"":99999,""Stun Duration"":4}"
custom	AstB	Aoar	1	Healing Ward Aura			0	0	-	99999	ground,air,organic,vuln,invu,friend,neutral	Boar	"{""DataA"":20,""DataB"":0}"	"{""Amount of Hit Points Regenerated"":20,""Percentage"":0}"
custom	AstC	SCae	1	Endurance Aura	Endurance Aura	Increases nearby friendly units' movement speed by <SCae,DataA1,%>% and attack rate by <SCae,DataB1,%>%.	0	0	-	99999	air,ground,friend,self	BOae	"{""DataA"":0.33,""DataB"":0.33}"	"{""Attack Speed Increase (%)"":0.33,""Movement Speed Increase (%)"":0.33}"
