placement_index	editor_id	rawcode	object_kind	name	x	y	z	angle_degrees	scale_x	scale_y	scale_z	visible	solid	fixed_z	variation	life	pathing_texture	footprint_width_cells	footprint_height_cells	footprint_width_world_units	footprint_height_world_units	unwalkable_cells	unflyable_cells	unbuildable_cells	footprint_hex_rows
0	1070	ZPsh	doodad	Shrub	-236.856	-2466.709	359.032	352.0252693283778	1.004	1.004	1.004	1	1	0	0	255	none								
1	1069	ZPsh	doodad	Shrub	-17.25	-3097.886	378.58	251.01281004681368	0.965	0.965	0.965	1	1	0	0	255	none								
2	1068	ZPsh	doodad	Shrub	-54.266	-3157.607	372.452	297.02132099581877	1.019	1.019	1.019	1	1	0	2	255	none								
3	1067	ZPsh	doodad	Shrub	-441.351	-2988.147	308.635	253.99219058149393	0.929	0.929	0.929	1	1	0	2	255	none								
4	1066	ZPsh	doodad	Shrub	-627.241	-2905.427	353.328	282.0098267633912	0.914	0.914	0.914	1	1	0	1	255	none								
5	1065	ZPsh	doodad	Shrub	-51.207	-2635.94	340.236	233.99596353142817	0.869	0.869	0.869	1	1	0	0	255	none								
6	1064	ZPsh	doodad	Shrub	-349.94	-2703.361	304.518	68.98411853375111	1.035	1.035	1.035	1	1	0	1	255	none								
7	1063	ZPsh	doodad	Shrub	-232.229	-3136.742	310.312	63.999385716112954	1.109	1.109	1.109	1	1	0	0	255	none								
8	1073	ZPsh	doodad	Shrub	-211.557	-3490.304	379.994	311.00149119701086	0.851	0.851	0.851	1	1	0	1	255	none								
9	946	B002	destructable	WALL -|	-2144	2016	391.1	269.9777130656439	1.1	1.1	1.1	1	1	1	0		PathTextures\StoneWall1Path.tga	10	2	320	64	20	0	20	5555555555/5555555555
10	945	B002	destructable	WALL -|	-2464	2016	391.1	269.9777130656439	1.1	1.1	1.1	1	1	1	0		PathTextures\StoneWall1Path.tga	10	2	320	64	20	0	20	5555555555/5555555555
11	944	B002	destructable	WALL -|	-2784	2016	391.1	269.9777130656439	1.1	1.1	1.1	1	1	1	0		PathTextures\StoneWall1Path.tga	10	2	320	64	20	0	20	5555555555/5555555555
12	943	B002	destructable	WALL -|	-3104	2016	391.1	269.9777130656439	1.1	1.1	1.1	1	1	1	0		PathTextures\StoneWall1Path.tga	10	2	320	64	20	0	20	5555555555/5555555555
13	1833	YTab	destructable	Pathing Blocker (Air)	1952	-672	301.5	269.9777130656439	1	1	1	1	1	0	0		PathTextures\2x2Cyan.tga	2	2	64	64	0	4	4	66/66
14	995	D000	doodad	Wall Hori -|	5024	-2016	525.5	0	1.1	1.1	1.1	1	1	0	0	255	PathTextures\StoneWall3Path.tga	2	10	64	320	20	0	20	55/55/55/55/55/55/55/55/55/55
15	1047	ZPfw	doodad	Flowers	5838.424	2012.885	525.5	295.0159687128609	0.947	0.947	0.947	1	1	0	3	255	none								
16	1045	ZPfw	doodad	Flowers	4822.34	1998.253	525.5	127.0247431805035	1.1	1.1	1.1	1	1	0	0	255	none								
17	976	ZObz	doodad	Ruins Brazier	-3520	-1088	461.5	0	0.8	0.8	0.8	1	1	0	0	255	PathTextures\4x4Default.tga	4	4	128	128	16	0	16	5555/5555/5555/5555
18	994	D000	doodad	Wall Hori -|	4704	-2016	525.5	0	1.1	1.1	1.1	1	1	0	0	255	PathTextures\StoneWall3Path.tga	2	10	64	320	20	0	20	55/55/55/55/55/55/55/55/55/55
19	993	D000	doodad	Wall Hori -|	5664	-2016	525.5	0	1.1	1.1	1.1	1	1	0	0	255	PathTextures\StoneWall3Path.tga	2	10	64	320	20	0	20	55/55/55/55/55/55/55/55/55/55
20	1881	YTab	destructable	Pathing Blocker (Air)	6368	2144	333.5	269.9777130656439	1	1	1	1	1	0	0		PathTextures\2x2Cyan.tga	2	2	64	64	0	4	4	66/66
21	992	D001	doodad	Wall Hori |-|	3808	-2016	525.5	0	1.1	1.1	1.1	1	1	0	0	255	PathTextures\StoneWall3Path.tga	2	10	64	320	20	0	20	55/55/55/55/55/55/55/55/55/55
22	975	D000	doodad	Wall Hori -|	4384	-2016	525.5	0	1.1	1.1	1.1	1	1	0	0	255	PathTextures\StoneWall3Path.tga	2	10	64	320	20	0	20	55/55/55/55/55/55/55/55/55/55
23	233	YTab	destructable	Pathing Blocker (Air)	3488	-2080	389.5	269.9777130656439	1	1	1	1	1	0	0		PathTextures\2x2Cyan.tga	2	2	64	64	0	4	4	66/66
24	1274	ATtr	destructable	Ashenvale Tree Wall	384	1088	268.5	269.9777130656439	0.814	0.814	0.814	1	1	0	2		PathTextures\4x4Default.tga	4	4	128	128	16	0	16	5555/5555/5555/5555
25	1273	ATtr	destructable	Ashenvale Tree Wall	256	1152	269.5	269.9777130656439	1.16	1.16	1.16	1	1	0	3		PathTextures\4x4Default.tga	4	4	128	128	16	0	16	5555/5555/5555/5555
26	1270	ATtr	destructable	Ashenvale Tree Wall	-576	1216	281.188	269.9777130656439	0.973	0.973	0.973	1	1	0	1		PathTextures\4x4Default.tga	4	4	128	128	16	0	16	5555/5555/5555/5555
27	1115	ZPsh	doodad	Shrub	-584.238	1131.318	270.817	187.98745258242312	0.899	0.899	0.899	1	1	0	2	255	none								
28	1269	ATtr	destructable	Ashenvale Tree Wall	-576	-1216	269.375	269.9777130656439	1.057	1.057	1.057	1	1	0	1		PathTextures\4x4Default.tga	4	4	128	128	16	0	16	5555/5555/5555/5555
29	1268	YTab	destructable	Pathing Blocker (Air)	-3552	2144	325.5	269.9777130656439	1	1	1	1	1	0	0		PathTextures\2x2Cyan.tga	2	2	64	64	0	4	4	66/66
30	1267	YTab	destructable	Pathing Blocker (Air)	3488	2080	389.5	269.9777130656439	1	1	1	1	1	0	0		PathTextures\2x2Cyan.tga	2	2	64	64	0	4	4	66/66
31	969	D000	doodad	Wall Hori -|	-4064	2016	519.1	0	1.1	1.1	1.1	1	1	1	0	255	PathTextures\StoneWall3Path.tga	2	10	64	320	20	0	20	55/55/55/55/55/55/55/55/55/55
32	968	D000	doodad	Wall Hori -|	-5664	2016	519.1	0	1.1	1.1	1.1	1	1	1	0	255	PathTextures\StoneWall3Path.tga	2	10	64	320	20	0	20	55/55/55/55/55/55/55/55/55/55
33	967	D000	doodad	Wall Hori -|	-5344	2016	519.1	0	1.1	1.1	1.1	1	1	1	0	255	PathTextures\StoneWall3Path.tga	2	10	64	320	20	0	20	55/55/55/55/55/55/55/55/55/55
34	942	B003	destructable	WALL |-|	-3424	2016	391.1	269.9777130656439	1.1	1.1	1.1	1	1	1	0		PathTextures\StoneWall1Path.tga	10	2	320	64	20	0	20	5555555555/5555555555
35	225	D000	doodad	Wall Hori -|	-2784	-2016	359.1	0	1.1	1.1	1.1	1	1	1	0	255	PathTextures\StoneWall3Path.tga	2	10	64	320	20	0	20	55/55/55/55/55/55/55/55/55/55
36	1074	ZPsh	doodad	Shrub	-216.435	-3491.94	377.91	353.9733258318226	0.874	0.874	0.874	1	1	0	0	255	none								
37	1062	DOjp	doodad	Pile of Junk	0	-2816	353.25	75.00017538262475	0.897	0.897	0.897	1	1	0	0	255	PathTextures\4x4Default.tga	4	4	128	128	16	0	16	5555/5555/5555/5555
38	1061	DOjp	doodad	Pile of Junk	-512	-2688	337.25	114.99262948275624	1.124	1.124	1.124	1	1	0	0	255	PathTextures\4x4Default.tga	4	4	128	128	16	0	16	5555/5555/5555/5555
39	1060	LOt1	doodad	Trash	-128	-2560	330.5	253.01816232977157	0.956	0.956	0.956	1	1	0	0	255	PathTextures\4x4Default.tga	4	4	128	128	16	0	16	5555/5555/5555/5555
40	1059	LOtz	doodad	Torch Glowing	-124.632	-2816.686	308.994	211.02035594668217	1.182	1.182	1.182	1	1	0	0	255	none								
41	1058	LOtz	doodad	Torch Glowing	-388.733	-2804.616	296.755	321.02825261180027	1.09	1.09	1.09	1	1	0	0	255	none								
42	1057	APms	doodad	Mushrooms	-1131.737	-1402.054	270.079	238.9806963490664	1.197	1.197	1.197	1	1	0	2	255	none								
43	1056	APms	doodad	Mushrooms	-1315.721	-1430.396	317.541	180.99736748182707	0.854	0.854	0.854	1	1	0	0	255	none								
44	960	D002	doodad	Wall Vert -|	-3552	1632	493.5	0	1.1	1.1	1.1	1	1	1	0	255	PathTextures\StoneWall1Path.tga	10	2	320	64	20	0	20	5555555555/5555555555
45	991	B002	destructable	WALL -|	2144	2016	397.5	269.9777130656439	1.1	1.1	1.1	1	1	0	0		PathTextures\StoneWall1Path.tga	10	2	320	64	20	0	20	5555555555/5555555555
46	990	B002	destructable	WALL -|	3104	2016	397.5	269.9777130656439	1.1	1.1	1.1	1	1	0	0		PathTextures\StoneWall1Path.tga	10	2	320	64	20	0	20	5555555555/5555555555
47	989	B002	destructable	WALL -|	2464	2016	397.5	269.9777130656439	1.1	1.1	1.1	1	1	0	0		PathTextures\StoneWall1Path.tga	10	2	320	64	20	0	20	5555555555/5555555555
48	1007	D000	doodad	Wall Hori -|	4384	2016	525.5	0	1.1	1.1	1.1	1	1	0	0	255	PathTextures\StoneWall3Path.tga	2	10	64	320	20	0	20	55/55/55/55/55/55/55/55/55/55
49	1006	D001	doodad	Wall Hori |-|	3808	2016	525.5	0	1.1	1.1	1.1	1	1	0	0	255	PathTextures\StoneWall3Path.tga	2	10	64	320	20	0	20	55/55/55/55/55/55/55/55/55/55
50	1054	ZPsh	doodad	Shrub	-1984.805	2066.199	325.091	191.02412889661647	0.912	0.912	0.912	1	1	0	0	255	none								
51	1053	ZPfw	doodad	Flowers	-5537.714	2796.989	351.543	10.026761414789405	1.083	1.083	1.083	1	1	0	0	255	none								
52	1264	YTab	destructable	Pathing Blocker (Air)	1952	2080	293.5	269.9777130656439	1	1	1	1	1	0	0		PathTextures\2x2Cyan.tga	2	2	64	64	0	4	4	66/66
53	1051	ZPfw	doodad	Flowers	5548.209	-1549.876	525.5	205.00429909780854	1.179	1.179	1.179	1	1	0	3	255	none								
54	239	YTab	destructable	Pathing Blocker (Air)	4000	-2144	333.5	269.9777130656439	1	1	1	1	1	0	0		PathTextures\2x2Cyan.tga	2	2	64	64	0	4	4	66/66
55	55	ZOfp	doodad	Ruins Firepot	-1856	-576	285.125	0	0.8	0.8	0.8	1	1	0	0	255	PathTextures\4x4Default.tga	4	4	128	128	16	0	16	5555/5555/5555/5555
56	1008	D000	doodad	Wall Hori -|	5984	2016	525.5	0	1.1	1.1	1.1	1	1	0	0	255	PathTextures\StoneWall3Path.tga	2	10	64	320	20	0	20	55/55/55/55/55/55/55/55/55/55
57	57	ZOfp	doodad	Ruins Firepot	-1856	576	287.313	0	0.8	0.8	0.8	1	1	0	0	255	PathTextures\4x4Default.tga	4	4	128	128	16	0	16	5555/5555/5555/5555
58	1880	YTab	destructable	Pathing Blocker (Air)	6304	2080	461.5	269.9777130656439	1	1	1	1	1	0	0		PathTextures\2x2Cyan.tga	2	2	64	64	0	4	4	66/66
59	238	YTab	destructable	Pathing Blocker (Air)	3936	-2144	333.5	269.9777130656439	1	1	1	1	1	0	0		PathTextures\2x2Cyan.tga	2	2	64	64	0	4	4	66/66
60	1050	ZPfw	doodad	Flowers	4816.225	-879.389	525.5	255.0235146127294	0.86	0.86	0.86	1	1	0	0	255	none								
61	900	ZPsh	doodad	Shrub	-3271.241	2753.674	295.121	231.99061124847034	1	1	1	1	1	0	2	255	none								
62	908	B002	destructable	WALL -|	3424	2016	397.5	269.9777130656439	1.1	1.1	1.1	1	1	0	0		PathTextures\StoneWall1Path.tga	10	2	320	64	20	0	20	5555555555/5555555555
63	63	ZOfp	doodad	Ruins Firepot	-3392	640	397.5	169.02254956359286	0.8	0.8	0.8	1	1	0	0	255	PathTextures\4x4Default.tga	4	4	128	128	16	0	16	5555/5555/5555/5555
64	899	ZPsh	doodad	Shrub	-4547.008	2782.88	308.743	156.01640761412315	1	1	1	1	1	0	0	255	none								
65	1875	YTab	destructable	Pathing Blocker (Air)	6176	2144	333.5	269.9777130656439	1	1	1	1	1	0	0		PathTextures\2x2Cyan.tga	2	2	64	64	0	4	4	66/66
66	893	ZRrk	doodad	Rocks	-3840	2496	277.25	121.00868633162987	1	1	1	1	1	0	3	255	PathTextures\4x4Default.tga	4	4	128	128	16	0	16	5555/5555/5555/5555
67	892	ZRrk	doodad	Rocks	-3968	2432	279.75	231.99061124847034	1	1	1	1	1	0	0	255	PathTextures\4x4Default.tga	4	4	128	128	16	0	16	5555/5555/5555/5555
68	65	ZOfp	doodad	Ruins Firepot	3392	640	397.5	353.8587342727964	0.8	0.8	0.8	1	1	0	0	255	PathTextures\4x4Default.tga	4	4	128	128	16	0	16	5555/5555/5555/5555
69	1049	ZPfw	doodad	Flowers	4133.904	-1554.063	525.5	200.01956628017038	0.967	0.967	0.967	1	1	0	3	255	none								
70	1265	ZSas	doodad	Archway	-2016.157	50.027	227.91	0	1.65	1.65	1.65	1	1	1	0	255	none								
71	112	ZSas	doodad	Archway	1978.809	24.276	204.37	0	1.65	1.65	1.65	1	1	1	0	255	none								
72	216	D002	doodad	Wall Vert -|	3552	1120	493.5	0	1.1	1.1	1.1	1	1	0	0	255	PathTextures\StoneWall1Path.tga	10	2	320	64	20	0	20	5555555555/5555555555
73	215	D002	doodad	Wall Vert -|	3552	1888	493.5	0	1.1	1.1	1.1	1	1	0	0	255	PathTextures\StoneWall1Path.tga	10	2	320	64	20	0	20	5555555555/5555555555
74	898	ZPsh	doodad	Shrub	-3936.802	2651.535	298.486	167.01719728063497	1	1	1	1	1	0	2	255	none								
75	901	ZPsh	doodad	Shrub	-1674.759	2503.373	328.018	291.0052641469451	1	1	1	1	1	0	2	255	none								
76	902	ZPsh	doodad	Shrub	-1884.179	2707.481	385.305	156.01640761412315	1	1	1	1	1	0	2	255	none								
77	1222	YTab	destructable	Pathing Blocker (Air)	3552	-2016	493.5	269.9777130656439	1	1	1	1	1	0	0		PathTextures\2x2Cyan.tga	2	2	64	64	0	4	4	66/66
78	1275	B002	destructable	WALL -|	2144	-2016	397.5	269.9777130656439	1.1	1.1	1.1	1	1	0	0		PathTextures\StoneWall1Path.tga	10	2	320	64	20	0	20	5555555555/5555555555
79	971	D000	doodad	Wall Hori -|	2784	-2016	397.5	0	1.1	1.1	1.1	1	1	0	0	255	PathTextures\StoneWall3Path.tga	2	10	64	320	20	0	20	55/55/55/55/55/55/55/55/55/55
80	970	D000	doodad	Wall Hori -|	3424	-2016	397.5	0	1.1	1.1	1.1	1	1	0	0	255	PathTextures\StoneWall3Path.tga	2	10	64	320	20	0	20	55/55/55/55/55/55/55/55/55/55
81	298	D000	doodad	Wall Hori -|	2464	-2016	397.5	0	1.1	1.1	1.1	1	1	0	0	255	PathTextures\StoneWall3Path.tga	2	10	64	320	20	0	20	55/55/55/55/55/55/55/55/55/55
82	1023	YTab	destructable	Pathing Blocker (Air)	-3488	-2080	389.5	269.9777130656439	1	1	1	1	1	0	0		PathTextures\2x2Cyan.tga	2	2	64	64	0	4	4	66/66
83	1263	YTab	destructable	Pathing Blocker (Air)	1952	-2016	301.5	269.9777130656439	1	1	1	1	1	0	0		PathTextures\2x2Cyan.tga	2	2	64	64	0	4	4	66/66
84	1046	ZPfw	doodad	Flowers	4965.419	920.191	525.5	70.989470816709	1.142	1.142	1.142	1	1	0	2	255	none								
85	1223	YTab	destructable	Pathing Blocker (Air)	3552	-2080	437.5	269.9777130656439	1	1	1	1	1	0	0		PathTextures\2x2Cyan.tga	2	2	64	64	0	4	4	66/66
86	165	ZOfp	doodad	Ruins Firepot	-3648	-576	525.5	353.8587342727964	0.8	0.8	0.8	1	1	0	0	255	PathTextures\4x4Default.tga	4	4	128	128	16	0	16	5555/5555/5555/5555
87	87	LTbx	destructable	Barrel	5408	-2208	270.172	229.01123071379007	1.307	1.307	1.307	1	1	0	0		PathTextures\2x2Default.tga	2	2	64	64	4	0	4	55/55
88	897	ZPsh	doodad	Shrub	-3768.688	2559.66	288.554	246.0280772291755	1	1	1	1	1	0	0	255	none								
89	896	ZPsh	doodad	Shrub	-3871.423	2406.339	272.906	145.98964619933375	1	1	1	1	1	0	2	255	none								
90	895	ZRrk	doodad	Rocks	-2368	3392	319.813	37.01307356545118	1	1	1	1	1	0	0	255	PathTextures\4x4Default.tga	4	4	128	128	16	0	16	5555/5555/5555/5555
91	939	D003	doodad	Wall Vert |-|	-2016	736	359.1	0	1.1	1.1	1.1	1	1	1	0	255	PathTextures\StoneWall1Path.tga	10	2	320	64	20	0	20	5555555555/5555555555
92	1044	ZPfw	doodad	Flowers	-3845.295	-1398.877	525.5	183.97674801650734	1.182	1.182	1.182	1	1	0	1	255	none								
93	1879	YTab	destructable	Pathing Blocker (Air)	6240	2080	461.5	269.9777130656439	1	1	1	1	1	0	0		PathTextures\2x2Cyan.tga	2	2	64	64	0	4	4	66/66
94	1878	YTab	destructable	Pathing Blocker (Air)	6304	2144	333.5	269.9777130656439	1	1	1	1	1	0	0		PathTextures\2x2Cyan.tga	2	2	64	64	0	4	4	66/66
95	957	D001	doodad	Wall Hori |-|	-5984	-2016	519.1	0	1.1	1.1	1.1	1	1	1	0	255	PathTextures\StoneWall3Path.tga	2	10	64	320	20	0	20	55/55/55/55/55/55/55/55/55/55
96	956	D000	doodad	Wall Hori -|	-5344	-2016	519.1	0	1.1	1.1	1.1	1	1	1	0	255	PathTextures\StoneWall3Path.tga	2	10	64	320	20	0	20	55/55/55/55/55/55/55/55/55/55
97	955	D000	doodad	Wall Hori -|	-5024	-2016	519.1	0	1.1	1.1	1.1	1	1	1	0	255	PathTextures\StoneWall3Path.tga	2	10	64	320	20	0	20	55/55/55/55/55/55/55/55/55/55
98	954	D000	doodad	Wall Hori -|	-5664	-2016	519.1	0	1.1	1.1	1.1	1	1	1	0	255	PathTextures\StoneWall3Path.tga	2	10	64	320	20	0	20	55/55/55/55/55/55/55/55/55/55
99	953	D000	doodad	Wall Hori -|	-4064	-2016	519.1	0	1.1	1.1	1.1	1	1	1	0	255	PathTextures\StoneWall3Path.tga	2	10	64	320	20	0	20	55/55/55/55/55/55/55/55/55/55
100	1877	YTab	destructable	Pathing Blocker (Air)	6048	2144	333.5	269.9777130656439	1	1	1	1	1	0	0		PathTextures\2x2Cyan.tga	2	2	64	64	0	4	4	66/66
101	1043	ZPfw	doodad	Flowers	-4508.351	-1633.525	525.5	251.98683829853604	1.164	1.164	1.164	1	1	0	1	255	none								
102	1042	ZPfw	doodad	Flowers	-5712.263	-1180.126	525.5	21.027551081301212	0.94	0.94	0.94	1	1	0	4	255	none								
103	937	D002	doodad	Wall Vert -|	-2016	1824	359.1	0	1.1	1.1	1.1	1	1	1	0	255	PathTextures\StoneWall1Path.tga	10	2	320	64	20	0	20	5555555555/5555555555
104	894	ZRrk	doodad	Rocks	-3200	2816	297.75	222.021145613194	1	1	1	1	1	0	7	255	PathTextures\4x4Default.tga	4	4	128	128	16	0	16	5555/5555/5555/5555
105	132	ATtr	destructable	Ashenvale Tree Wall	-960	1600	362.375	269.9777130656439	1.137	1.137	1.137	1	1	0	0		PathTextures\4x4Default.tga	4	4	128	128	16	0	16	5555/5555/5555/5555
106	888	ZPvp	doodad	Viny Plant	864	-2848	447.734	88.98034558381684	1	1	1	1	1	0	0	255	PathTextures\2x2Default.tga	2	2	64	64	4	0	4	55/55
107	887	ZPvp	doodad	Viny Plant	2528	3040	314.703	231.01658299674793	1	1	1	1	1	0	0	255	PathTextures\2x2Default.tga	2	2	64	64	4	0	4	55/55
108	886	ZPvp	doodad	Viny Plant	-1376	-2464	326.672	2.0053522829578814	1	1	1	1	1	0	0	255	PathTextures\2x2Default.tga	2	2	64	64	4	0	4	55/55
109	936	D002	doodad	Wall Vert -|	-2016	1056	359.1	0	1.1	1.1	1.1	1	1	1	0	255	PathTextures\StoneWall1Path.tga	10	2	320	64	20	0	20	5555555555/5555555555
110	7	D002	doodad	Wall Vert -|	-2016	1568	359.1	0	1.1	1.1	1.1	1	1	1	0	255	PathTextures\StoneWall1Path.tga	10	2	320	64	20	0	20	5555555555/5555555555
111	1532	YTab	destructable	Pathing Blocker (Air)	-3168	-2144	301.5	269.9777130656439	1	1	1	1	1	0	0		PathTextures\2x2Cyan.tga	2	2	64	64	0	4	4	66/66
112	114	ZOfp	doodad	Ruins Firepot	-3648	576	525.5	353.8587342727964	0.8	0.8	0.8	1	1	0	0	255	PathTextures\4x4Default.tga	4	4	128	128	16	0	16	5555/5555/5555/5555
113	1876	YTab	destructable	Pathing Blocker (Air)	6240	2144	333.5	269.9777130656439	1	1	1	1	1	0	0		PathTextures\2x2Cyan.tga	2	2	64	64	0	4	4	66/66
114	1052	D000	doodad	Wall Hori -|	4064	2016	525.5	0	1.1	1.1	1.1	1	1	0	0	255	PathTextures\StoneWall3Path.tga	2	10	64	320	20	0	20	55/55/55/55/55/55/55/55/55/55
115	1012	D000	doodad	Wall Hori -|	5664	2016	525.5	0	1.1	1.1	1.1	1	1	0	0	255	PathTextures\StoneWall3Path.tga	2	10	64	320	20	0	20	55/55/55/55/55/55/55/55/55/55
116	1011	D000	doodad	Wall Hori -|	4704	2016	525.5	0	1.1	1.1	1.1	1	1	0	0	255	PathTextures\StoneWall3Path.tga	2	10	64	320	20	0	20	55/55/55/55/55/55/55/55/55/55
117	1041	ZPfw	doodad	Flowers	-5219.2	967.617	525.5	181.97139573354949	0.902	0.902	0.902	1	1	0	4	255	none								
118	1040	ZPfw	doodad	Flowers	-4613.515	1474.325	525.5	55.97797658428142	0.938	0.938	0.938	1	1	0	2	255	none								
119	1039	APms	doodad	Mushrooms	-1133.04	-3310.465	390.221	4.984732817638162	0.936	0.936	0.936	1	1	0	0	255	none								
120	1038	APms	doodad	Mushrooms	-1783.293	-2941.83	319.022	2.0053522829578814	0.8	0.8	0.8	1	1	0	3	255	none								
121	1874	YTab	destructable	Pathing Blocker (Air)	6112	2144	333.5	269.9777130656439	1	1	1	1	1	0	0		PathTextures\2x2Cyan.tga	2	2	64	64	0	4	4	66/66
122	1036	APms	doodad	Mushrooms	-1222.669	-3310.101	403.128	313.0068434799687	0.913	0.913	0.913	1	1	0	2	255	none								
123	123	ATtr	destructable	Ashenvale Tree Wall	-512	1344	315.875	269.9777130656439	1.146	1.146	1.146	1	1	0	3		PathTextures\4x4Default.tga	4	4	128	128	16	0	16	5555/5555/5555/5555
124	124	ATtr	destructable	Ashenvale Tree Wall	-192	1536	340.5	269.9777130656439	0.895	0.895	0.895	1	1	0	1		PathTextures\4x4Default.tga	4	4	128	128	16	0	16	5555/5555/5555/5555
125	912	ATtc	destructable	Ashenvale Canopy Tree	544	1184	269.125	269.9777130656439	0.965	0.965	0.965	1	1	0	1		PathTextures\2x2Default.tga	2	2	64	64	4	0	4	55/55
126	126	ATtr	destructable	Ashenvale Tree Wall	832	1600	365.325	269.9777130656439	1.118	1.118	1.118	1	1	1	4		PathTextures\4x4Default.tga	4	4	128	128	16	0	16	5555/5555/5555/5555
127	1110	ZPsh	doodad	Shrub	-1665.494	1193.936	269.37	244.99675319794	1.109	1.109	1.109	1	1	0	1	255	none								
128	1015	ATtr	destructable	Ashenvale Tree Wall	-64	-1216	269.5	269.9777130656439	1.095	1.095	1.095	1	1	0	0		PathTextures\4x4Default.tga	4	4	128	128	16	0	16	5555/5555/5555/5555
129	1112	ZPsh	doodad	Shrub	-1548.422	1549.369	340.773	244.99675319794	1.109	1.109	1.109	1	1	0	1	255	none								
130	130	ATtr	destructable	Ashenvale Tree Wall	-256	1664	366	269.9777130656439	0.962	0.962	0.962	1	1	0	3		PathTextures\4x4Default.tga	4	4	128	128	16	0	16	5555/5555/5555/5555
131	131	ATtr	destructable	Ashenvale Tree Wall	-960	1728	392.813	269.9777130656439	1.047	1.047	1.047	1	1	0	2		PathTextures\4x4Default.tga	4	4	128	128	16	0	16	5555/5555/5555/5555
132	889	ZPvp	doodad	Viny Plant	-5408	-2528	304.094	39.018425848409066	1	1	1	1	1	0	1	255	PathTextures\2x2Default.tga	2	2	64	64	4	0	4	55/55
133	133	ATtr	destructable	Ashenvale Tree Wall	-832	1664	344.125	269.9777130656439	0.856	0.856	0.856	1	1	0	3		PathTextures\4x4Default.tga	4	4	128	128	16	0	16	5555/5555/5555/5555
134	1465	YTfb	destructable	Pathing Blocker (Both)	-2016	-544	377.578	269.9777130656439	1	1	1	1	1	0	0		PathTextures\2x2Unflyable.tga	2	2	64	64	4	4	4	77/77
135	1615	YTab	destructable	Pathing Blocker (Air)	-1952	-1824	301.5	269.9777130656439	1	1	1	1	1	0	0		PathTextures\2x2Cyan.tga	2	2	64	64	0	4	4	66/66
136	1435	ZPfw	doodad	Flowers	-1012.085	-2328.555	360.508	189.01877661365856	0.849	0.849	0.849	1	1	0	0	255	none								
137	1434	ZPfw	doodad	Flowers	-1120.976	-2440.74	359.462	158.02175989708104	1.135	1.135	1.135	1	1	0	0	255	none								
138	174	ATtr	destructable	Ashenvale Tree Wall	576	-1344	271.625	269.9777130656439	1.016	1.016	1.016	1	1	0	3		PathTextures\4x4Default.tga	4	4	128	128	16	0	16	5555/5555/5555/5555
139	173	ATtr	destructable	Ashenvale Tree Wall	768	-1344	273.875	269.9777130656439	1.047	1.047	1.047	1	1	0	2		PathTextures\4x4Default.tga	4	4	128	128	16	0	16	5555/5555/5555/5555
140	1430	ZPfw	doodad	Flowers	678.244	-2273.014	308.441	189.99280486538098	0.901	0.901	0.901	1	1	0	0	255	none								
141	141	ATtr	destructable	Ashenvale Tree Wall	896	-1536	394.25	269.9777130656439	0.878	0.878	0.878	1	1	1	4		PathTextures\4x4Default.tga	4	4	128	128	16	0	16	5555/5555/5555/5555
142	142	ATtr	destructable	Ashenvale Tree Wall	1024	-1536	367.6	269.9777130656439	0.987	0.987	0.987	1	1	1	0		PathTextures\4x4Default.tga	4	4	128	128	16	0	16	5555/5555/5555/5555
143	1114	ZPsh	doodad	Shrub	-644.556	1227.04	282.49	244.99675319794	1.109	1.109	1.109	1	1	0	1	255	none								
144	1479	LOo1	doodad	Banner Orc	4512	-352	525.5	269.0036848139215	0.8	0.8	0.8	1	1	0	1	255	PathTextures\2x2Default.tga	2	2	64	64	4	0	4	55/55
145	237	YTab	destructable	Pathing Blocker (Air)	3872	-2144	333.5	269.9777130656439	1	1	1	1	1	0	0		PathTextures\2x2Cyan.tga	2	2	64	64	0	4	4	66/66
146	1440	ZPfw	doodad	Flowers	-2868.603	-3095.729	332.141	194.00350943129675	1	1	1	1	1	0	1	255	none								
147	1659	YTab	destructable	Pathing Blocker (Air)	3488	-544	465.5	269.9777130656439	1	1	1	1	1	0	0		PathTextures\2x2Cyan.tga	2	2	64	64	0	4	4	66/66
148	1892	YTab	destructable	Pathing Blocker (Air)	1952	1568	301.5	269.9777130656439	1	1	1	1	1	0	0		PathTextures\2x2Cyan.tga	2	2	64	64	0	4	4	66/66
149	1478	LOo1	doodad	Banner Orc	4512	352	525.5	269.0036848139215	0.8	0.8	0.8	1	1	0	1	255	PathTextures\2x2Default.tga	2	2	64	64	4	0	4	55/55
150	150	ARrk	doodad	Rocks	192	1536	331.375	218.98446929900064	0.922	0.922	0.922	1	1	1	3	255	PathTextures\4x4Default.tga	4	4	128	128	16	0	16	5555/5555/5555/5555
151	151	ARrk	doodad	Rocks	128	1664	360.1	286.02053132930695	1.195	1.195	1.195	1	1	1	4	255	PathTextures\4x4Default.tga	4	4	128	128	16	0	16	5555/5555/5555/5555
152	152	LTba	destructable	Barricade	-192	-3072	311.125	313.98087173169114	0.979	0.979	0.979	1	1	0	1		PathTextures\4x4Default.tga	4	4	128	128	16	0	16	5555/5555/5555/5555
153	153	ARrk	doodad	Rocks	-768	1472	292.5	191.02412889661647	1.194	1.194	1.194	1	1	0	1	255	PathTextures\4x4Default.tga	4	4	128	128	16	0	16	5555/5555/5555/5555
154	154	ZPsh	doodad	Shrub	-705.368	1516.799	295.845	291.9792923986675	0.961	0.961	0.961	1	1	0	0	255	none								
155	155	ZPsh	doodad	Shrub	-773.624	1544.185	301.94	33.00236899953541	1.137	1.137	1.137	1	1	0	0	255	none								
156	156	ZPsh	doodad	Shrub	-798.457	1514.081	304.547	134.01482828109954	1.108	1.108	1.108	1	1	0	2	255	none								
157	157	ZPsh	doodad	Shrub	-718.974	1431.652	292.618	236.9753440661085	1.113	1.113	1.113	1	1	0	0	255	none								
158	158	APbs	doodad	Bush	-352	1376	303.313	288.9999118639872	1.044	1.044	1.044	1	1	0	0	255	PathTextures\2x2Default.tga	2	2	64	64	4	0	4	55/55
159	159	APbs	doodad	Bush	-352	1440	318.594	357.98403039773837	1.08	1.08	1.08	1	1	0	0	255	PathTextures\2x2Default.tga	2	2	64	64	4	0	4	55/55
160	1461	ZPsh	doodad	Shrub	878.524	-2299.885	343.874	15.01149423242757	1.096	1.096	1.096	1	1	0	2	255	none								
161	161	AOhs	doodad	Stump Hollow	576	1600	292.5	13.980170201192088	0.868	0.868	0.868	1	1	0	0	255	PathTextures\4x4Default.tga	4	4	128	128	16	0	16	5555/5555/5555/5555
162	1035	APms	doodad	Mushrooms	-1212.464	-3159.285	382.763	282.0098267633912	0.846	0.846	0.846	1	1	0	3	255	none								
163	1034	ZPsh	doodad	Shrub	1617.793	-2666.811	362.164	240.98604863202425	0.877	0.877	0.877	1	1	0	1	255	none								
164	1033	ZPsh	doodad	Shrub	1639.3	-2734.725	362.997	326.01298542943846	1.005	1.005	1.005	1	1	0	0	255	none								
165	220	D002	doodad	Wall Vert -|	3552	-800	493.5	0	1.1	1.1	1.1	1	1	0	0	255	PathTextures\StoneWall1Path.tga	10	2	320	64	20	0	20	5555555555/5555555555
166	1873	YTab	destructable	Pathing Blocker (Air)	5984	2144	333.5	269.9777130656439	1	1	1	1	1	0	0		PathTextures\2x2Cyan.tga	2	2	64	64	0	4	4	66/66
167	167	ZPfw	doodad	Flowers	-718.05	1415.962	292.073	269.0036848139215	1.068	1.068	1.068	1	1	0	0	255	none								
168	168	ZPfw	doodad	Flowers	244.173	1476.672	320.546	207.00965138076646	1.111	1.111	1.111	1	1	0	1	255	none								
169	169	ZPfw	doodad	Flowers	255.245	1568.857	338.518	205.97832734953096	0.816	0.816	0.816	1	1	0	2	255	none								
170	170	ZPfw	doodad	Flowers	885.265	1491.185	362.674	247.0021054808979	0.95	0.95	0.95	1	1	0	4	255	none								
171	171	ZPfw	doodad	Flowers	-177.641	1469.448	317.639	112.01324894807595	1.115	1.115	1.115	1	1	0	0	255	none								
172	1477	LOh1	doodad	Banner Human	-4512	-352	526.391	269.0036848139215	0.983	0.983	0.983	1	1	0	0	255	PathTextures\2x2Default.tga	2	2	64	64	4	0	4	55/55
173	1476	LOh1	doodad	Banner Human	-4512	352	526.391	269.0036848139215	0.874	0.874	0.874	1	1	0	1	255	PathTextures\2x2Default.tga	2	2	64	64	4	0	4	55/55
174	1540	YTab	destructable	Pathing Blocker (Air)	-2848	-2144	301.5	269.9777130656439	1	1	1	1	1	0	0		PathTextures\2x2Cyan.tga	2	2	64	64	0	4	4	66/66
175	1439	ZPfw	doodad	Flowers	-2516.951	-2948.289	319.675	83.99561276617868	0.997	0.997	0.997	1	1	0	3	255	none								
176	1872	YTab	destructable	Pathing Blocker (Air)	5920	2144	333.5	269.9777130656439	1	1	1	1	1	0	0		PathTextures\2x2Cyan.tga	2	2	64	64	0	4	4	66/66
177	1871	YTab	destructable	Pathing Blocker (Air)	5728	2144	333.5	269.9777130656439	1	1	1	1	1	0	0		PathTextures\2x2Cyan.tga	2	2	64	64	0	4	4	66/66
178	1870	YTab	destructable	Pathing Blocker (Air)	5856	2144	333.5	269.9777130656439	1	1	1	1	1	0	0		PathTextures\2x2Cyan.tga	2	2	64	64	0	4	4	66/66
179	1869	YTab	destructable	Pathing Blocker (Air)	5792	2144	333.5	269.9777130656439	1	1	1	1	1	0	0		PathTextures\2x2Cyan.tga	2	2	64	64	0	4	4	66/66
180	1010	D000	doodad	Wall Hori -|	5024	2016	525.5	0	1.1	1.1	1.1	1	1	0	0	255	PathTextures\StoneWall3Path.tga	2	10	64	320	20	0	20	55/55/55/55/55/55/55/55/55/55
181	1032	ZPsh	doodad	Shrub	1660.528	-2715.386	370.768	273.01438937983727	0.983	0.983	0.983	1	1	0	0	255	none								
182	295	D000	doodad	Wall Hori -|	3104	-2016	397.5	0	1.1	1.1	1.1	1	1	0	0	255	PathTextures\StoneWall3Path.tga	2	10	64	320	20	0	20	55/55/55/55/55/55/55/55/55/55
183	1030	AOnt	doodad	Totem Lantern	4448	-2656	422.641	216.00508876432036	0.948	0.948	0.948	1	1	0	2	255	PathTextures\2x2Default.tga	2	2	64	64	4	0	4	55/55
184	1029	AOnt	doodad	Totem Lantern	1184	2272	267.625	227.97990668255457	1.057	1.057	1.057	1	1	0	2	255	PathTextures\2x2Default.tga	2	2	64	64	4	0	4	55/55
185	1591	YTab	destructable	Pathing Blocker (Air)	-3424	2208	269.5	269.9777130656439	1	1	1	1	1	0	0		PathTextures\2x2Cyan.tga	2	2	64	64	0	4	4	66/66
186	1868	YTab	destructable	Pathing Blocker (Air)	5536	2144	333.5	269.9777130656439	1	1	1	1	1	0	0		PathTextures\2x2Cyan.tga	2	2	64	64	0	4	4	66/66
187	113	ZOfp	doodad	Ruins Firepot	3648	-576	525.5	353.8587342727964	0.8	0.8	0.8	1	1	0	0	255	PathTextures\4x4Default.tga	4	4	128	128	16	0	16	5555/5555/5555/5555
188	15	ZOfp	doodad	Ruins Firepot	3648	576	525.5	353.8587342727964	0.8	0.8	0.8	1	1	0	0	255	PathTextures\4x4Default.tga	4	4	128	128	16	0	16	5555/5555/5555/5555
189	1531	YTab	destructable	Pathing Blocker (Air)	-2976	-2144	301.5	269.9777130656439	1	1	1	1	1	0	0		PathTextures\2x2Cyan.tga	2	2	64	64	0	4	4	66/66
190	1028	ASbc	doodad	Broken Column	-1088	-3328	346.25	63.02535746439057	0.92	0.92	0.92	1	1	1	1	255	PathTextures\4x4Default.tga	4	4	128	128	16	0	16	5555/5555/5555/5555
191	1027	AOnt	doodad	Totem Lantern	2208	-3232	434.969	70.989470816709	1.062	1.062	1.062	1	1	0	2	255	PathTextures\2x2Default.tga	2	2	64	64	4	0	4	55/55
192	1026	AOsr	doodad	Remains Scorched	-1737.063	-2503.917	286.041	297.02132099581877	0.892	0.892	0.892	1	1	0	0	255	none								
193	1025	ASbc	doodad	Broken Column	-1280	-3008	375.2	141.978941633418	0.891	0.891	0.891	1	1	1	0	255	PathTextures\4x4Default.tga	4	4	128	128	16	0	16	5555/5555/5555/5555
194	1024	ASbc	doodad	Broken Column	-1344	-3392	362.288	313.0068434799687	0.849	0.849	0.849	1	1	1	1	255	PathTextures\4x4Default.tga	4	4	128	128	16	0	16	5555/5555/5555/5555
195	1867	YTab	destructable	Pathing Blocker (Air)	5472	2144	333.5	269.9777130656439	1	1	1	1	1	0	0		PathTextures\2x2Cyan.tga	2	2	64	64	0	4	4	66/66
196	927	ZOss	doodad	Ruins Stones	1664	-2688	395.2	147.99499848229166	1.739	1.739	1.739	1	1	1	2	255	PathTextures\4x4Default.tga	4	4	128	128	16	0	16	5555/5555/5555/5555
197	926	LOsc	doodad	Corpse Sitting	5344	-2272	272.031	220.0157933302361	1.186	1.186	1.186	1	1	0	0	255	PathTextures\2x2Default.tga	2	2	64	64	4	0	4	55/55
198	925	ZPsh	doodad	Shrub	5562.666	-2327.758	277.103	288.9999118639872	1.074	1.074	1.074	1	1	0	0	255	none								
199	924	ZPsh	doodad	Shrub	5413.426	-2297.785	272.047	19.022198798343332	1.074	1.074	1.074	1	1	0	1	255	none								
200	1055	D003	doodad	Wall Vert |-|	-3552	-1888	493.5	0	1.1	1.1	1.1	1	1	1	0	255	PathTextures\StoneWall1Path.tga	10	2	320	64	20	0	20	5555555555/5555555555
201	923	ZPsh	doodad	Shrub	6028.905	-2143.336	334.829	328.9923659641187	1.033	1.033	1.033	1	1	0	0	255	none								
202	922	ZPsh	doodad	Shrub	5503.919	-2287.592	271.68	2.9793805346802804	1.161	1.161	1.161	1	1	0	2	255	none								
203	921	ZPsh	doodad	Shrub	5359.444	-2228.881	270.77	339.0191273789081	1.016	1.016	1.016	1	1	0	1	255	none								
204	920	ATtr	destructable	Ashenvale Tree Wall	5568	-2304	270.75	269.9777130656439	0.831	0.831	0.831	1	1	0	2		PathTextures\4x4Default.tga	4	4	128	128	16	0	16	5555/5555/5555/5555
205	1593	YTab	destructable	Pathing Blocker (Air)	-3232	-2144	301.5	269.9777130656439	1	1	1	1	1	0	0		PathTextures\2x2Cyan.tga	2	2	64	64	0	4	4	66/66
206	1071	ZPsh	doodad	Shrub	-522.174	-2653.759	345.687	158.02175989708104	1.029	1.029	1.029	1	1	0	2	255	none								
207	1072	ZPsh	doodad	Shrub	36.486	-2946.316	373.289	176.0126346641889	0.877	0.877	0.877	1	1	0	2	255	none								
208	1530	YTab	destructable	Pathing Blocker (Air)	-2784	-2144	301.5	269.9777130656439	1	1	1	1	1	0	0		PathTextures\2x2Cyan.tga	2	2	64	64	0	4	4	66/66
209	891	ZRrk	doodad	Rocks	-3968	2560	292.75	169.99657781531528	1	1	1	1	1	0	3	255	PathTextures\4x4Default.tga	4	4	128	128	16	0	16	5555/5555/5555/5555
210	958	D000	doodad	Wall Hori -|	4064	-2016	525.5	0	1.1	1.1	1.1	1	1	0	0	255	PathTextures\StoneWall3Path.tga	2	10	64	320	20	0	20	55/55/55/55/55/55/55/55/55/55
211	890	ZPms	doodad	Mushrooms	-3616	-3104	413.094	269.9777130656439	1	1	1	1	1	0	3	255	PathTextures\2x2Default.tga	2	2	64	64	4	0	4	55/55
212	919	LTcr	destructable	Crates	5760	-2176	269.5	319.99692858056477	0.874	0.874	0.874	1	1	0	0		PathTextures\4x4Default.tga	4	4	128	128	16	0	16	5555/5555/5555/5555
213	224	LTbr	destructable	Barrel	5472	-2208	270.141	284.9892072980715	1.215	1.215	1.215	1	1	0	0		PathTextures\2x2Default.tga	2	2	64	64	4	0	4	55/55
214	1866	YTab	destructable	Pathing Blocker (Air)	5664	2144	333.5	269.9777130656439	1	1	1	1	1	0	0		PathTextures\2x2Cyan.tga	2	2	64	64	0	4	4	66/66
215	172	ATtr	destructable	Ashenvale Tree Wall	-960	-1280	273.625	269.9777130656439	1.084	1.084	1.084	1	1	0	4		PathTextures\4x4Default.tga	4	4	128	128	16	0	16	5555/5555/5555/5555
216	1865	YTab	destructable	Pathing Blocker (Air)	5600	2144	333.5	269.9777130656439	1	1	1	1	1	0	0		PathTextures\2x2Cyan.tga	2	2	64	64	0	4	4	66/66
217	16	YTab	destructable	Pathing Blocker (Air)	-3488	-544	465.5	269.9777130656439	1	1	1	1	1	0	0		PathTextures\2x2Cyan.tga	2	2	64	64	0	4	4	66/66
218	251	ZPsh	doodad	Shrub	-1269.763	-1451.776	290.991	167.99122553235736	0.879	0.879	0.879	1	1	0	0	255	none								
219	252	ZPsh	doodad	Shrub	-1244.381	-1555.63	269.5	225.97455439959666	1.128	1.128	1.128	1	1	0	0	255	none								
220	253	ZPsh	doodad	Shrub	-1199.945	-1581.997	269.5	178.01798694714677	0.824	0.824	0.824	1	1	0	1	255	none								
221	254	AOhs	doodad	Stump Hollow	-1216	-1472	278.375	11.000789666511807	0.947	0.947	0.947	1	1	0	0	255	PathTextures\4x4Default.tga	4	4	128	128	16	0	16	5555/5555/5555/5555
222	255	APms	doodad	Mushrooms	-1218.597	-1540.655	269.5	61.99403343315508	0.818	0.818	0.818	1	1	0	0	255	none								
223	256	APms	doodad	Mushrooms	-1179.401	-1538.519	269.5	255.0235146127294	0.829	0.829	0.829	1	1	0	1	255	none								
224	257	APms	doodad	Mushrooms	-1248.544	-1515.503	273.788	255.99754286445182	0.814	0.814	0.814	1	1	0	1	255	none								
225	258	AOnt	doodad	Totem Lantern	-352	-2528	350.297	242.01737266325975	1.138	1.138	1.138	1	1	0	2	255	PathTextures\2x2Default.tga	2	2	64	64	4	0	4	55/55
226	259	APms	doodad	Mushrooms	-1201.722	-1578.579	269.5	266.0243042792412	0.832	0.832	0.832	1	1	0	2	255	none								
227	260	APms	doodad	Mushrooms	-1200.456	-1627.639	269.5	341.9985079135884	0.967	0.967	0.967	1	1	0	0	255	none								
228	261	APms	doodad	Mushrooms	-1253.969	-1621.598	269.5	337.0137750959502	1.097	1.097	1.097	1	1	0	2	255	none								
229	262	LOt1	doodad	Trash	-512	-2816	325	284.0151790463491	1.035	1.035	1.035	1	1	0	0	255	PathTextures\4x4Default.tga	4	4	128	128	16	0	16	5555/5555/5555/5555
230	263	APms	doodad	Mushrooms	-1285.813	-1561.846	275.454	110.00789666511805	0.807	0.807	0.807	1	1	0	1	255	none								
231	264	APms	doodad	Mushrooms	-1315.352	-1516.985	309.027	236.0013158143861	0.807	0.807	0.807	1	1	0	1	255	none								
232	265	APms	doodad	Mushrooms	-1329.876	-1641.32	314.112	172.97595834999555	0.835	0.835	0.835	1	1	0	1	255	none								
233	266	APms	doodad	Mushrooms	-1214.395	-1364.191	284.583	83.99561276617868	0.851	0.851	0.851	1	1	0	2	255	none								
234	267	APms	doodad	Mushrooms	-1297.999	-1607.213	286.602	138.99956109873773	0.959	0.959	0.959	1	1	0	2	255	none								
235	229	D000	doodad	Wall Hori -|	-3104	-2016	359.1	0	1.1	1.1	1.1	1	1	1	0	255	PathTextures\StoneWall3Path.tga	2	10	64	320	20	0	20	55/55/55/55/55/55/55/55/55/55
236	1456	ZPsh	doodad	Shrub	1273.14	-2313.294	312.86	205.00429909780854	0.82	0.82	0.82	1	1	0	0	255	none								
237	270	ZPfw	doodad	Flowers	986.759	-1574.099	360.64	125.99341914926802	1.129	1.129	1.129	1	1	0	3	255	none								
238	1864	YTab	destructable	Pathing Blocker (Air)	5408	2144	333.5	269.9777130656439	1	1	1	1	1	0	0		PathTextures\2x2Cyan.tga	2	2	64	64	0	4	4	66/66
239	68	ZOfp	doodad	Ruins Firepot	3392	-640	397.5	0	0.8	0.8	0.8	1	1	0	0	255	PathTextures\4x4Default.tga	4	4	128	128	16	0	16	5555/5555/5555/5555
240	1460	ZPsh	doodad	Shrub	850.407	-2275.815	332.106	19.996227050065727	0.826	0.826	0.826	1	1	0	2	255	none								
241	274	AObd	doodad	Birds	-862.656	1600.685	343.306	63.02535746439057	1.103	1.103	1.103	1	1	0	0	255	none								
242	275	AObd	doodad	Birds	-292.548	1641.215	358.999	90.98569786677474	1.036	1.036	1.036	1	1	0	0	255	none								
243	276	AObd	doodad	Birds	732.693	1677.146	347.98	236.0013158143861	0.838	0.838	0.838	1	1	0	0	255	none								
244	277	NOft	doodad	Fire Pit Trashed	0	1536	317.75	6.990085100596044	0.934	0.934	0.934	1	1	0	0	255	PathTextures\4x4Default.tga	4	4	128	128	16	0	16	5555/5555/5555/5555
245	278	DOtp	doodad	Pile of Treasure	-320	-3072	296.25	156.99043586584557	0.967	0.967	0.967	1	1	0	0	255	PathTextures\4x4Default.tga	4	4	128	128	16	0	16	5555/5555/5555/5555
246	279	LOtz	doodad	Torch Glowing	416	-1184	270.266	0	1	1	1	1	1	0	0	255	none								
247	913	ASbr	doodad	Rubble	-4480	2624	299.125	169.02254956359286	1	1	1	1	1	0	0	255	PathTextures\4x4Default.tga	4	4	128	128	16	0	16	5555/5555/5555/5555
248	281	LOtz	doodad	Torch Glowing	-416	-1184	264.531	0	1	1	1	1	1	0	0	255	none								
249	218	D002	doodad	Wall Vert -|	3552	1376	493.5	0	1.1	1.1	1.1	1	1	0	0	255	PathTextures\StoneWall1Path.tga	10	2	320	64	20	0	20	5555555555/5555555555
250	918	LTcr	destructable	Crates	5440	-2304	272.125	191.99815714833886	1.155	1.155	1.155	1	1	0	0		PathTextures\4x4Default.tga	4	4	128	128	16	0	16	5555/5555/5555/5555
251	284	LOtz	doodad	Torch Glowing	-416	1184	274.047	0	1	1	1	1	1	0	0	255	none								
252	285	LOtz	doodad	Torch Glowing	416	1184	270.156	0	1	1	1	1	1	0	0	255	none								
253	914	ASbr	doodad	Rubble	-4352	2560	310	304.0114060964148	1	1	1	1	1	0	1	255	PathTextures\4x4Default.tga	4	4	128	128	16	0	16	5555/5555/5555/5555
254	287	LOtz	doodad	Torch Glowing	-129.204	3458.839	548.994	0	1	1	1	1	1	0	0	255	none								
255	288	LOtz	doodad	Torch Glowing	-256.597	3458.839	548.989	0	1	1	1	1	1	0	0	255	none								
256	289	LOtz	doodad	Torch Glowing	-254.081	3330.567	548.759	0	1	1	1	1	1	0	0	255	none								
257	290	LOtz	doodad	Torch Glowing	-126.891	3333.117	548.991	0	1	1	1	1	1	0	0	255	none								
258	1266	YTab	destructable	Pathing Blocker (Air)	2016	2080	341.5	269.9777130656439	1	1	1	1	1	0	0		PathTextures\2x2Cyan.tga	2	2	64	64	0	4	4	66/66
259	13	D002	doodad	Wall Vert -|	-3552	1120	493.5	0	1.1	1.1	1.1	1	1	1	0	255	PathTextures\StoneWall1Path.tga	10	2	320	64	20	0	20	5555555555/5555555555
260	293	LOtz	doodad	Torch Glowing	-1981.173	-2025.582	330.673	326.01298542943846	0.955	0.955	0.955	1	1	0	0	255	none								
261	294	LOtz	doodad	Torch Glowing	-1984.539	2073.95	320.955	185.00807204774284	1.159	1.159	1.159	1	1	0	0	255	none								
262	1863	YTab	destructable	Pathing Blocker (Air)	5024	2144	333.5	269.9777130656439	1	1	1	1	1	0	0		PathTextures\2x2Cyan.tga	2	2	64	64	0	4	4	66/66
263	1862	YTab	destructable	Pathing Blocker (Air)	5280	2144	333.5	269.9777130656439	1	1	1	1	1	0	0		PathTextures\2x2Cyan.tga	2	2	64	64	0	4	4	66/66
264	1861	YTab	destructable	Pathing Blocker (Air)	5216	2144	333.5	269.9777130656439	1	1	1	1	1	0	0		PathTextures\2x2Cyan.tga	2	2	64	64	0	4	4	66/66
265	1860	YTab	destructable	Pathing Blocker (Air)	5344	2144	333.5	269.9777130656439	1	1	1	1	1	0	0		PathTextures\2x2Cyan.tga	2	2	64	64	0	4	4	66/66
266	299	ZPsh	doodad	Shrub	-66.668	3384.764	548.521	211.9943841984046	1.033	1.033	1.033	1	1	0	1	255	none								
267	300	ZPsh	doodad	Shrub	-193.841	3535.291	548.766	293.010616429903	0.931	0.931	0.931	1	1	0	0	255	none								
268	301	ZPsh	doodad	Shrub	-117.071	3530.966	548.806	277.02509394575304	1.199	1.199	1.199	1	1	0	1	255	none								
269	302	ZPsh	doodad	Shrub	-68.019	3503.227	548.569	291.0052641469451	0.914	0.914	0.914	1	1	0	2	255	none								
270	303	ZPsh	doodad	Shrub	-14.221	3419.747	548.111	72.99482309966687	1.038	1.038	1.038	1	1	0	2	255	none								
271	304	ZPsh	doodad	Shrub	-30.935	3312.885	548.264	214.9737647330849	1.147	1.147	1.147	1	1	0	0	255	none								
272	305	ZPsh	doodad	Shrub	-80.567	3253.707	548.683	235.0272875626637	0.934	0.934	0.934	1	1	0	1	255	none								
273	306	ZPsh	doodad	Shrub	-135.843	3220.354	548.972	101.01245928156413	0.946	0.946	0.946	1	1	0	1	255	none								
274	307	ZPsh	doodad	Shrub	-175.361	3207.3	548.82	97.97578296737078	1.136	1.136	1.136	1	1	0	2	255	none								
275	308	ZPsh	doodad	Shrub	-229.07	3218.713	548.634	299.0266732787767	0.926	0.926	0.926	1	1	0	2	255	none								
276	309	ZPsh	doodad	Shrub	-297.616	3248.637	548.223	205.97832734953096	1.097	1.097	1.097	1	1	0	2	255	none								
277	310	ZPsh	doodad	Shrub	-330.631	3291.631	548.452	37.01307356545118	1.079	1.079	1.079	1	1	0	1	255	none								
278	311	ZPsh	doodad	Shrub	-348.808	3382.997	548.961	191.02412889661647	1.111	1.111	1.111	1	1	0	2	255	none								
279	312	ZPsh	doodad	Shrub	-344.064	3449.606	548.996	13.980170201192088	1.11	1.11	1.11	1	1	0	1	255	none								
280	313	ZPsh	doodad	Shrub	-312.376	3513.821	548.625	141.978941633418	1	1	1	1	1	0	1	255	none								
281	314	ZPsh	doodad	Shrub	-266.386	3554.944	548.566	187.0134243307007	1.115	1.115	1.115	1	1	0	2	255	none								
282	315	ZPsh	doodad	Shrub	-165.931	3572.68	548.705	211.02035594668217	0.88	0.88	0.88	1	1	0	0	255	none								
283	316	ZPsh	doodad	Shrub	-248.571	3222.446	548.57	258.0028951474097	1.17	1.17	1.17	1	1	0	2	255	none								
284	317	ZPsh	doodad	Shrub	-103.477	3274.344	548.828	154.98508358288768	1.05	1.05	1.05	1	1	0	2	255	none								
285	318	ZPsh	doodad	Shrub	66.044	1609.128	342.081	330.0236899953542	0.835	0.835	0.835	1	1	0	1	255	none								
286	319	ZPsh	doodad	Shrub	114.238	1623.093	364.973	317.9915762976069	1.096	1.096	1.096	1	1	1	1	255	none								
287	320	ZPsh	doodad	Shrub	241.362	1579.304	340.582	13.006141949469686	0.942	0.942	0.942	1	1	0	2	255	none								
288	1859	YTab	destructable	Pathing Blocker (Air)	5088	2144	333.5	269.9777130656439	1	1	1	1	1	0	0		PathTextures\2x2Cyan.tga	2	2	64	64	0	4	4	66/66
289	322	ZPsh	doodad	Shrub	1628.06	-1212.05	318.295	167.01719728063497	1.099	1.099	1.099	1	1	0	1	255	none								
290	323	ZPsh	doodad	Shrub	-16.957	3232.051	548.295	344.00386019654627	0.882	0.882	0.882	1	1	0	2	255	none								
291	324	ZPsh	doodad	Shrub	19.757	3170.22	548.189	213.99973648136248	1.178	1.178	1.178	1	1	0	1	255	none								
292	325	ZPsh	doodad	Shrub	70.626	3106.851	543.378	13.980170201192088	0.82	0.82	0.82	1	1	0	2	255	none								
293	326	ZPsh	doodad	Shrub	-187.439	3143.306	545.81	19.022198798343332	1.013	1.013	1.013	1	1	0	2	255	none								
294	327	ZPsh	doodad	Shrub	-194.71	3058.143	538.928	240.98604863202425	1.185	1.185	1.185	1	1	0	0	255	none								
295	328	ZPsh	doodad	Shrub	-371.035	3246.036	547.52	81.9902604832208	0.852	0.852	0.852	1	1	0	1	255	none								
296	329	ZPsh	doodad	Shrub	-395.542	3225.092	546.639	171.02790184655072	1.097	1.097	1.097	1	1	0	1	255	none								
297	330	ZPsh	doodad	Shrub	-444.278	3187.217	541.154	260.98227568208995	0.868	0.868	0.868	1	1	0	0	255	none								
298	331	ZPsh	doodad	Shrub	-397.897	3432.647	549.158	207.98367963248882	0.959	0.959	0.959	1	1	0	2	255	none								
299	332	ZPsh	doodad	Shrub	-442.27	3432.647	549.664	198.01421399721252	1.166	1.166	1.166	1	1	0	2	255	none								
300	333	ZPsh	doodad	Shrub	-511.825	3428.833	550.612	108.00254438216018	0.853	0.853	0.853	1	1	0	1	255	none								
301	334	ZPsh	doodad	Shrub	23.152	3387.304	554.647	35.9817495342157	1.122	1.122	1.122	1	1	0	1	255	none								
302	335	ZPsh	doodad	Shrub	90.203	3398.554	573.898	317.0175480458845	0.883	0.883	0.883	1	1	0	1	255	none								
303	336	ZPsh	doodad	Shrub	57.91	3376.11	564.627	233.02193527970581	1.061	1.061	1.061	1	1	0	1	255	none								
304	337	ZPsh	doodad	Shrub	117.799	3364.973	581.821	240.01202038030183	1.073	1.073	1.073	1	1	0	1	255	none								
305	338	ZPsh	doodad	Shrub	-61.062	3530.251	548.56	214.9737647330849	1.142	1.142	1.142	1	1	0	1	255	none								
306	339	ZPsh	doodad	Shrub	-20.017	3568.649	548.493	158.99578814880346	1.159	1.159	1.159	1	1	0	0	255	none								
307	340	ZPsh	doodad	Shrub	21.161	3593.953	550.33	174.007282381231	0.911	0.911	0.911	1	0	0	0	255	none								
308	341	ZPsh	doodad	Shrub	-344.063	3508.057	548.587	255.99754286445182	1.156	1.156	1.156	1	1	0	1	255	none								
309	342	ZPsh	doodad	Shrub	-385.923	3555	548.009	150.0003507652495	0.888	0.888	0.888	1	1	0	1	255	none								
310	343	ZPsh	doodad	Shrub	-372.566	3541.457	548.21	337.0137750959502	1.16	1.16	1.16	1	1	0	0	255	none								
311	344	ZPsh	doodad	Shrub	-413.572	3591.637	547.022	357.98403039773837	0.982	0.982	0.982	1	0	0	2	255	none								
312	345	ZPsh	doodad	Shrub	-204.402	3584.709	548.595	280.97850273215573	0.936	0.936	0.936	1	0	0	1	255	none								
313	346	ZPsh	doodad	Shrub	-204.647	3617.277	548.328	17.99087476710785	0.966	0.966	0.966	1	0	0	0	255	none								
314	347	ZPsh	doodad	Shrub	-201.229	3655.248	548.03	216.97911701604275	1.112	1.112	1.112	1	0	0	0	255	none								
315	348	APms	doodad	Mushrooms	-16.334	3389.401	548.128	258.9769233991321	1.169	1.169	1.169	1	1	0	2	255	none								
316	349	APms	doodad	Mushrooms	-61.909	3512.799	548.545	108.97657263388257	0.977	0.977	0.977	1	1	0	0	255	none								
317	350	APms	doodad	Mushrooms	-194.151	3555.988	548.704	273.01438937983727	1.189	1.189	1.189	1	1	0	2	255	none								
318	351	APms	doodad	Mushrooms	-364.495	3398.215	548.983	163.9805209664416	0.894	0.894	0.894	1	1	0	0	255	none								
319	352	APms	doodad	Mushrooms	-184.438	3226.339	548.802	99.00710699860626	1.172	1.172	1.172	1	1	0	3	255	none								
320	353	APms	doodad	Mushrooms	-65.645	3266.884	548.571	19.996227050065727	0.854	0.854	0.854	1	1	0	3	255	none								
321	354	APms	doodad	Mushrooms	-312.944	3258.951	548.186	187.98745258242312	1.124	1.124	1.124	1	1	0	0	255	none								
322	355	ASbr	doodad	Rubble	64	3200	553.625	200.01956628017038	1.028	1.028	1.028	1	1	0	1	255	PathTextures\4x4Default.tga	4	4	128	128	16	0	16	5555/5555/5555/5555
323	356	ASbr	doodad	Rubble	-128	3136	546.125	198.01421399721252	1.002	1.002	1.002	1	1	0	1	255	PathTextures\4x4Default.tga	4	4	128	128	16	0	16	5555/5555/5555/5555
324	357	APms	doodad	Mushrooms	-324.151	3520.732	548.545	75.00017538262475	1.178	1.178	1.178	1	1	0	3	255	none								
325	358	ASbr	doodad	Rubble	-320	3136	541.313	297.9953492475411	0.802	0.802	0.802	1	1	0	1	255	PathTextures\4x4Default.tga	4	4	128	128	16	0	16	5555/5555/5555/5555
326	359	ASra	doodad	Rock Archway	-192	3424	548.969	269.9777130656439	1.117	1.117	1.117	1	1	0	0	255	PathTextures\CityArch.tga	28	6	896	192	72	0	168	5555554444444444444444555555/5555554444444444444444555555/5555554444444444444444555555/5555554444444444444444555555/5555554444444444444444555555/5555554444444444444444555555
327	360	ASbr	doodad	Rubble	-448	3264	547.625	306.9907866310951	0.861	0.861	0.861	1	1	0	1	255	PathTextures\4x4Default.tga	4	4	128	128	16	0	16	5555/5555/5555/5555
328	1858	YTab	destructable	Pathing Blocker (Air)	5152	2144	333.5	269.9777130656439	1	1	1	1	1	0	0		PathTextures\2x2Cyan.tga	2	2	64	64	0	4	4	66/66
329	362	ASbr	doodad	Rubble	-448	1600	321.313	101.01245928156413	1.192	1.192	1.192	1	1	0	0	255	PathTextures\4x4Default.tga	4	4	128	128	16	0	16	5555/5555/5555/5555
330	363	ATtc	destructable	Ashenvale Canopy Tree	-864	3296	449.266	269.9777130656439	1.161	1.161	1.161	1	1	0	0		PathTextures\2x2Default.tga	2	2	64	64	4	0	4	55/55
331	364	ATtc	destructable	Ashenvale Canopy Tree	-416	2912	455.406	269.9777130656439	0.928	0.928	0.928	1	1	0	1		PathTextures\2x2Default.tga	2	2	64	64	4	0	4	55/55
332	365	ATtc	destructable	Ashenvale Canopy Tree	160	2912	464.719	269.9777130656439	1.11	1.11	1.11	1	1	0	2		PathTextures\2x2Default.tga	2	2	64	64	4	0	4	55/55
333	366	NOfp	doodad	Fire Pit	-5184	3136	457.063	134.01482828109954	1.199	1.199	1.199	1	1	0	0	255	PathTextures\4x4Default.tga	4	4	128	128	16	0	16	5555/5555/5555/5555
334	367	ATtc	destructable	Ashenvale Canopy Tree	416	3424	508.063	269.9777130656439	0.817	0.817	0.817	1	1	0	2		PathTextures\2x2Default.tga	2	2	64	64	4	0	4	55/55
335	368	ATtc	destructable	Ashenvale Canopy Tree	-736	3424	523.078	269.9777130656439	0.812	0.812	0.812	1	1	0	1		PathTextures\2x2Default.tga	2	2	64	64	4	0	4	55/55
336	369	ATtc	destructable	Ashenvale Canopy Tree	96	2848	437.297	269.9777130656439	0.815	0.815	0.815	1	1	0	2		PathTextures\2x2Default.tga	2	2	64	64	4	0	4	55/55
337	370	ATtc	destructable	Ashenvale Canopy Tree	-480	2976	473.859	269.9777130656439	1.156	1.156	1.156	1	1	0	1		PathTextures\2x2Default.tga	2	2	64	64	4	0	4	55/55
338	371	LOsc	doodad	Corpse Sitting	-5280	3168	465.578	341.9985079135884	0.977	0.977	0.977	1	1	0	0	255	PathTextures\2x2Default.tga	2	2	64	64	4	0	4	55/55
339	372	LOsc	doodad	Corpse Sitting	-5088	3168	436.078	220.0157933302361	0.935	0.935	0.935	1	1	0	0	255	PathTextures\2x2Default.tga	2	2	64	64	4	0	4	55/55
340	373	YOec	doodad	Crates Empty	-5344	3168	458.359	330.0236899953542	0.98	0.98	0.98	1	1	0	2	255	PathTextures\2x2Default.tga	2	2	64	64	4	0	4	55/55
341	374	ATtc	destructable	Ashenvale Canopy Tree	544	3360	432.906	269.9777130656439	1.194	1.194	1.194	1	1	0	0		PathTextures\2x2Default.tga	2	2	64	64	4	0	4	55/55
342	375	YOec	doodad	Crates Empty	-5344	3232	459.859	293.9846446816254	1.003	1.003	1.003	1	1	0	2	255	PathTextures\2x2Default.tga	2	2	64	64	4	0	4	55/55
343	376	LOic	doodad	Corpse Impaled	-5408	3296	448.031	191.02412889661647	1.036	1.036	1.036	1	1	0	1	255	PathTextures\2x2Default.tga	2	2	64	64	4	0	4	55/55
344	377	AOks	doodad	Statue Keeper	832	2944	272.25	269.9777130656439	0.9	0.9	0.9	1	1	0	0	255	PathTextures\8x8Default.tga	8	8	256	256	64	0	64	55555555/55555555/55555555/55555555/55555555/55555555/55555555/55555555
345	378	LOtz	doodad	Torch Glowing	5189.227	3085.958	500.486	189.99280486538098	1.045	1.045	1.045	1	1	0	0	255	none								
346	379	LOgr	doodad	Grave	5088	3296	497.328	207.98367963248882	0.91	0.91	0.91	1	1	0	0	255	PathTextures\2x2Default.tga	2	2	64	64	4	0	4	55/55
347	380	LOgr	doodad	Grave	5216	2912	493.094	52.99859604960115	0.883	0.883	0.883	1	1	0	0	255	PathTextures\2x2Default.tga	2	2	64	64	4	0	4	55/55
348	381	LOgr	doodad	Grave	5088	2784	488.172	306.9907866310951	1.018	1.018	1.018	1	1	0	0	255	PathTextures\2x2Default.tga	2	2	64	64	4	0	4	55/55
349	382	YOfs	doodad	Fire Small	5216.48	2910.106	492.945	194.97753768301914	1	1	1	1	1	0	0	255	_								
350	383	AObo	doodad	Obelisk Broken	5184	3072	502.25	191.02412889661647	0.901	0.901	0.901	1	1	0	1	255	PathTextures\4x4Default.tga	4	4	128	128	16	0	16	5555/5555/5555/5555
351	384	YOfs	doodad	Fire Small	5088.088	2774.868	488.597	123.01403861458775	1	1	1	1	1	0	0	255	_								
352	385	YOfs	doodad	Fire Small	5091.695	3268.531	500.466	339.99315563063055	1	1	1	1	1	0	0	255	_								
353	386	APbs	doodad	Bush	5280	3168	468.75	77.00552766558265	1.166	1.166	1.166	1	1	0	0	255	PathTextures\2x2Default.tga	2	2	64	64	4	0	4	55/55
354	387	APbs	doodad	Bush	5344	2848	448.078	57.98332886723931	0.956	0.956	0.956	1	1	0	0	255	PathTextures\2x2Default.tga	2	2	64	64	4	0	4	55/55
355	388	APbs	doodad	Bush	5216	2720	477.578	86.00096504913657	0.888	0.888	0.888	1	1	0	0	255	PathTextures\2x2Default.tga	2	2	64	64	4	0	4	55/55
356	389	APbs	doodad	Bush	4960	2656	464.703	280.97850273215573	1.124	1.124	1.124	1	1	0	0	255	PathTextures\2x2Default.tga	2	2	64	64	4	0	4	55/55
357	390	APbs	doodad	Bush	4960	2976	446.969	150.0003507652495	1.025	1.025	1.025	1	1	0	0	255	PathTextures\2x2Default.tga	2	2	64	64	4	0	4	55/55
358	391	APbs	doodad	Bush	4960	3296	500.406	220.0157933302361	0.929	0.929	0.929	1	1	0	0	255	PathTextures\2x2Default.tga	2	2	64	64	4	0	4	55/55
359	392	APbs	doodad	Bush	4704	3360	410.922	145.01561794761136	0.956	0.956	0.956	1	1	0	0	255	PathTextures\2x2Default.tga	2	2	64	64	4	0	4	55/55
360	393	APbs	doodad	Bush	5280	2528	407.484	282.9838550151136	0.884	0.884	0.884	1	1	0	0	255	PathTextures\2x2Default.tga	2	2	64	64	4	0	4	55/55
361	394	APct	doodad	Cattail	4166.845	3258.431	270.522	315.0121957629266	1	1	1	1	1	0	0	255	none								
362	395	APbs	doodad	Bush	5408	2848	419.25	119.00333404867199	0.853	0.853	0.853	1	1	0	0	255	PathTextures\2x2Default.tga	2	2	64	64	4	0	4	55/55
363	396	APbs	doodad	Bush	5472	3232	395.578	185.00807204774284	1.031	1.031	1.031	1	1	0	0	255	PathTextures\2x2Default.tga	2	2	64	64	4	0	4	55/55
364	397	APbs	doodad	Bush	5472	3168	398.906	211.9943841984046	1.197	1.197	1.197	1	1	0	0	255	PathTextures\2x2Default.tga	2	2	64	64	4	0	4	55/55
365	398	APbs	doodad	Bush	4384	3360	268	121.00868633162987	1	1	1	1	1	0	0	255	PathTextures\2x2Default.tga	2	2	64	64	4	0	4	55/55
366	399	APbs	doodad	Bush	5024	2464	397.188	211.9943841984046	1.068	1.068	1.068	1	1	0	0	255	PathTextures\2x2Default.tga	2	2	64	64	4	0	4	55/55
367	400	APbs	doodad	Bush	5216	2656	465.484	172.97595834999555	0.97	0.97	0.97	1	1	0	0	255	PathTextures\2x2Default.tga	2	2	64	64	4	0	4	55/55
368	401	APbs	doodad	Bush	5280	2720	459.641	119.97736230039438	0.924	0.924	0.924	1	1	0	0	255	PathTextures\2x2Default.tga	2	2	64	64	4	0	4	55/55
369	402	ZPsh	doodad	Shrub	5277.739	2656.246	448.232	172.97595834999555	1.138	1.138	1.138	1	1	0	2	255	none								
370	403	ZPsh	doodad	Shrub	5273.899	2505.306	397.876	147.99499848229166	0.881	0.881	0.881	1	1	0	2	255	none								
371	404	ZPsh	doodad	Shrub	4996.253	2428.585	375.665	275.0197416627951	1.081	1.081	1.081	1	1	0	2	255	none								
372	405	ZPsh	doodad	Shrub	4943.481	2635.508	456.112	55.97797658428142	1.121	1.121	1.121	1	1	0	0	255	none								
373	406	ZPsh	doodad	Shrub	5008.617	3169.387	497.017	350.9939452971423	1.189	1.189	1.189	1	1	0	2	255	none								
374	407	ZPsh	doodad	Shrub	5297.128	3187.537	460.111	209.98903191544673	1.179	1.179	1.179	1	1	0	1	255	none								
375	408	ZPsh	doodad	Shrub	5452.79	3095.91	407.81	258.0028951474097	0.836	0.836	0.836	1	1	0	2	255	none								
376	409	ZPsh	doodad	Shrub	5402.049	3127.659	425.512	269.0036848139215	1.029	1.029	1.029	1	1	0	2	255	none								
377	410	ZPsh	doodad	Shrub	5396.298	2647.126	407.813	339.0191273789081	1.097	1.097	1.097	1	1	0	1	255	none								
378	411	APbs	doodad	Bush	4448	3040	251.938	348.98859301418446	1	1	1	1	1	0	0	255	PathTextures\2x2Default.tga	2	2	64	64	4	0	4	55/55
379	412	ZPsh	doodad	Shrub	4963.705	3061.224	459.667	238.00666809734398	0.939	0.939	0.939	1	1	0	0	255	none								
380	413	ZPsh	doodad	Shrub	4873.113	3336.468	485.881	145.01561794761136	1.17	1.17	1.17	1	1	0	2	255	none								
381	414	ZPsh	doodad	Shrub	4791.158	3461.653	415.685	61.02000518143267	1.037	1.037	1.037	1	1	0	2	255	none								
382	415	ATtr	destructable	Ashenvale Tree Wall	4928	3456	468.375	269.9777130656439	0.888	0.888	0.888	1	1	0	0		PathTextures\4x4Default.tga	4	4	128	128	16	0	16	5555/5555/5555/5555
383	416	ATtr	destructable	Ashenvale Tree Wall	5376	3008	440.75	269.9777130656439	0.964	0.964	0.964	1	1	0	1		PathTextures\4x4Default.tga	4	4	128	128	16	0	16	5555/5555/5555/5555
384	417	ATtr	destructable	Ashenvale Tree Wall	5376	3328	412.5	269.9777130656439	0.842	0.842	0.842	1	1	0	0		PathTextures\4x4Default.tga	4	4	128	128	16	0	16	5555/5555/5555/5555
385	418	ATtr	destructable	Ashenvale Tree Wall	5312	2624	429.125	269.9777130656439	1.136	1.136	1.136	1	1	0	1		PathTextures\4x4Default.tga	4	4	128	128	16	0	16	5555/5555/5555/5555
386	419	ATtr	destructable	Ashenvale Tree Wall	4992	2560	454.75	269.9777130656439	0.927	0.927	0.927	1	1	0	0		PathTextures\4x4Default.tga	4	4	128	128	16	0	16	5555/5555/5555/5555
387	420	AOgs	doodad	Statue Guardian of Aszune	-1152	2944	260	269.9777130656439	1.149	1.149	1.149	1	1	0	0	255	PathTextures\8x8Cross.tga	8	8	256	256	48	0	48	00555500/00555500/55555555/55555555/55555555/55555555/00555500/00555500
388	421	ATtr	destructable	Ashenvale Tree Wall	4736	3072	386	269.9777130656439	1.192	1.192	1.192	1	1	0	2		PathTextures\4x4Default.tga	4	4	128	128	16	0	16	5555/5555/5555/5555
389	422	ATtr	destructable	Ashenvale Tree Wall	4928	3136	462.125	269.9777130656439	0.804	0.804	0.804	1	1	0	1		PathTextures\4x4Default.tga	4	4	128	128	16	0	16	5555/5555/5555/5555
390	423	ATtr	destructable	Ashenvale Tree Wall	5248	3520	408.875	269.9777130656439	1.178	1.178	1.178	1	1	0	4		PathTextures\4x4Default.tga	4	4	128	128	16	0	16	5555/5555/5555/5555
391	424	ATtr	destructable	Ashenvale Tree Wall	5248	3392	430.375	269.9777130656439	1.022	1.022	1.022	1	1	0	0		PathTextures\4x4Default.tga	4	4	128	128	16	0	16	5555/5555/5555/5555
392	425	ARrk	doodad	Rocks	768	2752	261.75	291.9792923986675	1.073	1.073	1.073	1	1	0	2	255	PathTextures\4x4Default.tga	4	4	128	128	16	0	16	5555/5555/5555/5555
393	426	ARrk	doodad	Rocks	960	2752	266.5	350.0199170454199	1.143	1.143	1.143	1	1	0	0	255	PathTextures\4x4Default.tga	4	4	128	128	16	0	16	5555/5555/5555/5555
394	427	ARrk	doodad	Rocks	960	3136	270	33.00236899953541	0.968	0.968	0.968	1	1	0	3	255	PathTextures\4x4Default.tga	4	4	128	128	16	0	16	5555/5555/5555/5555
395	428	ARrk	doodad	Rocks	704	3136	310.5	37.98710181717358	1.033	1.033	1.033	1	1	0	4	255	PathTextures\4x4Default.tga	4	4	128	128	16	0	16	5555/5555/5555/5555
396	429	ARrk	doodad	Rocks	640	2880	286.75	222.99517386491638	0.885	0.885	0.885	1	1	0	0	255	PathTextures\4x4Default.tga	4	4	128	128	16	0	16	5555/5555/5555/5555
397	430	ARrk	doodad	Rocks	1024	2944	269.5	143.01026566465347	0.873	0.873	0.873	1	1	0	4	255	PathTextures\4x4Default.tga	4	4	128	128	16	0	16	5555/5555/5555/5555
398	431	ARrk	doodad	Rocks	-960	2816	278.375	295.0159687128609	0.863	0.863	0.863	1	1	0	0	255	PathTextures\4x4Default.tga	4	4	128	128	16	0	16	5555/5555/5555/5555
399	432	ARrk	doodad	Rocks	-1024	3072	312.25	178.99201519886918	1.151	1.151	1.151	1	1	0	0	255	PathTextures\4x4Default.tga	4	4	128	128	16	0	16	5555/5555/5555/5555
400	433	ARrk	doodad	Rocks	-1280	3072	253	207.00965138076646	0.887	0.887	0.887	1	1	0	3	255	PathTextures\4x4Default.tga	4	4	128	128	16	0	16	5555/5555/5555/5555
401	434	ARrk	doodad	Rocks	-1280	2816	241.5	103.017811564522	1.061	1.061	1.061	1	1	0	6	255	PathTextures\4x4Default.tga	4	4	128	128	16	0	16	5555/5555/5555/5555
402	435	ARrk	doodad	Rocks	-1216	2688	240.5	229.01123071379007	0.974	0.974	0.974	1	1	0	5	255	PathTextures\4x4Default.tga	4	4	128	128	16	0	16	5555/5555/5555/5555
403	436	ARrk	doodad	Rocks	-1088	2752	254.375	24.980959867703895	1.021	1.021	1.021	1	1	0	9	255	PathTextures\4x4Default.tga	4	4	128	128	16	0	16	5555/5555/5555/5555
404	437	ARrk	doodad	Rocks	-960	2944	305.125	33.00236899953541	1.184	1.184	1.184	1	1	0	7	255	PathTextures\4x4Default.tga	4	4	128	128	16	0	16	5555/5555/5555/5555
405	438	ARrk	doodad	Rocks	-1152	3264	289	101.98648753328652	1.057	1.057	1.057	1	1	0	2	255	PathTextures\4x4Default.tga	4	4	128	128	16	0	16	5555/5555/5555/5555
406	439	ARrk	doodad	Rocks	-1152	3136	279.25	127.0247431805035	0.971	0.971	0.971	1	1	0	5	255	PathTextures\4x4Default.tga	4	4	128	128	16	0	16	5555/5555/5555/5555
407	440	ARrk	doodad	Rocks	-1344	2944	221.625	136.02018056405743	1.199	1.199	1.199	1	1	0	2	255	PathTextures\4x4Default.tga	4	4	128	128	16	0	16	5555/5555/5555/5555
408	441	ARrk	doodad	Rocks	896	3264	271	70.0154425649866	0.921	0.921	0.921	1	1	0	2	255	PathTextures\4x4Default.tga	4	4	128	128	16	0	16	5555/5555/5555/5555
409	442	ARrk	doodad	Rocks	640	3008	310	299.0266732787767	0.812	0.812	0.812	1	1	0	4	255	PathTextures\4x4Default.tga	4	4	128	128	16	0	16	5555/5555/5555/5555
410	443	ARrk	doodad	Rocks	832	2624	247.063	278.9731504491978	0.889	0.889	0.889	1	1	0	5	255	PathTextures\4x4Default.tga	4	4	128	128	16	0	16	5555/5555/5555/5555
411	444	ZPsh	doodad	Shrub	-1093.392	2875.492	264.515	189.01877661365856	1.026	1.026	1.026	1	1	0	0	255	none								
412	445	ARrk	doodad	Rocks	1088	3072	278.75	333.0030705300345	1.034	1.034	1.034	1	1	0	0	255	PathTextures\4x4Default.tga	4	4	128	128	16	0	16	5555/5555/5555/5555
413	446	ZPsh	doodad	Shrub	981.091	2746.368	266.967	317.0175480458845	0.961	0.961	0.961	1	1	0	1	255	none								
414	447	ARrk	doodad	Rocks	1024	2624	267.375	313.98087173169114	1.158	1.158	1.158	1	1	0	3	255	PathTextures\4x4Default.tga	4	4	128	128	16	0	16	5555/5555/5555/5555
415	448	ZPsh	doodad	Shrub	999.371	2927.045	269.421	192.97218540006128	1.099	1.099	1.099	1	1	0	2	255	none								
416	449	ZPsh	doodad	Shrub	963.228	2942.039	269.489	284.9892072980715	0.838	0.838	0.838	1	1	0	1	255	none								
417	450	ZPsh	doodad	Shrub	961.48	2930.344	269.421	207.98367963248882	1.149	1.149	1.149	1	1	0	0	255	none								
418	451	ZPsh	doodad	Shrub	934.243	2867.552	268.992	143.98429391637586	0.997	0.997	0.997	1	1	0	1	255	none								
419	452	ZPsh	doodad	Shrub	950.927	3077.186	269.843	165.0118449976771	0.893	0.893	0.893	1	1	0	0	255	none								
420	453	ZPsh	doodad	Shrub	771.399	3137.698	284.117	180.02333923010465	1.086	1.086	1.086	1	1	0	1	255	none								
421	454	ZPsh	doodad	Shrub	823.306	3185.591	280.375	138.0255328470153	1.169	1.169	1.169	1	1	0	2	255	none								
422	455	ZPsh	doodad	Shrub	695.381	2972.483	290.482	220.98982158195852	0.83	0.83	0.83	1	1	0	1	255	none								
423	456	ZPsh	doodad	Shrub	733.32	2823.21	272.536	322.97630911524504	1.098	1.098	1.098	1	1	0	1	255	none								
424	457	ZPsh	doodad	Shrub	732.467	3018.034	287.584	105.9971920992023	0.864	0.864	0.864	1	1	0	0	255	none								
425	458	ZPsh	doodad	Shrub	822.241	2729.112	260.784	134.01482828109954	0.92	0.92	0.92	1	1	0	2	255	none								
426	459	ZPsh	doodad	Shrub	855.971	2773.997	265.474	350.0199170454199	1.011	1.011	1.011	1	1	0	1	255	none								
427	460	ZPsh	doodad	Shrub	908.039	2601.769	255.258	176.0126346641889	0.936	0.936	0.936	1	1	0	1	255	none								
428	461	ZPsh	doodad	Shrub	1052.323	2666.466	268.904	42.97183463481174	0.922	0.922	0.922	1	1	0	1	255	none								
429	462	ZPsh	doodad	Shrub	1090.421	2977.285	276.414	229.01123071379007	0.912	0.912	0.912	1	1	0	2	255	none								
430	463	ZPsh	doodad	Shrub	1075.977	3116.439	276.7	233.02193527970581	1.117	1.117	1.117	1	1	0	2	255	none								
431	464	ZPsh	doodad	Shrub	853.36	3235.558	276.714	125.99341914926802	0.891	0.891	0.891	1	1	0	1	255	none								
432	465	ZPsh	doodad	Shrub	583.42	3048.3	350.502	277.02509394575304	1.194	1.194	1.194	1	1	0	1	255	none								
433	466	ZPsh	doodad	Shrub	603.945	2972.257	314.198	130.97815196690618	0.967	0.967	0.967	1	1	0	1	255	none								
434	467	ZPsh	doodad	Shrub	698.423	2813.686	274.303	121.00868633162987	0.815	0.815	0.815	1	1	0	0	255	none								
435	468	ZPsh	doodad	Shrub	755.815	2764.116	263.803	178.01798694714677	1.172	1.172	1.172	1	1	0	1	255	none								
436	469	ZPsh	doodad	Shrub	-1054.539	2829.169	265.225	112.01324894807595	0.909	0.909	0.909	1	1	0	1	255	none								
437	470	ZPsh	doodad	Shrub	-1061.314	2798.916	261.137	289.97394011570964	0.819	0.819	0.819	1	1	0	0	255	none								
438	471	ZPsh	doodad	Shrub	-1039.279	2971.72	288.961	145.01561794761136	0.977	0.977	0.977	1	1	0	1	255	none								
439	472	ZPsh	doodad	Shrub	-970.787	2905.64	294.445	207.00965138076646	0.808	0.808	0.808	1	1	0	2	255	none								
440	473	ZPsh	doodad	Shrub	-1048.699	3066.032	303.839	256.97157111617423	0.948	0.948	0.948	1	1	0	1	255	none								
441	474	ZPsh	doodad	Shrub	-1138.415	3134.669	283.972	304.0114060964148	1.086	1.086	1.086	1	1	0	1	255	none								
442	475	ZPsh	doodad	Shrub	-1223.952	3186.729	272.276	258.9769233991321	1.078	1.078	1.078	1	1	0	0	255	none								
443	476	ZPsh	doodad	Shrub	-1315.41	3014.145	236.529	112.01324894807595	1.158	1.158	1.158	1	1	0	0	255	none								
444	477	ZPsh	doodad	Shrub	-1253.661	2915.577	241.406	277.99912219747546	0.812	0.812	0.812	1	1	0	1	255	none								
445	478	ZPsh	doodad	Shrub	-1318.573	2865.483	229.093	346.98324073122654	0.957	0.957	0.957	1	1	0	2	255	none								
446	479	ZPsh	doodad	Shrub	-1238.913	2727.658	240.506	19.996227050065727	1.179	1.179	1.179	1	1	0	0	255	none								
447	480	ZPsh	doodad	Shrub	-1144.074	2649.686	241.723	313.0068434799687	0.981	0.981	0.981	1	1	0	0	255	none								
448	481	ZPsh	doodad	Shrub	-1132.459	2761.548	249.573	48.013863231962986	0.865	0.865	0.865	1	1	0	1	255	none								
449	482	ZPsh	doodad	Shrub	-1182.665	2812.245	247.072	44.97718691776963	1.132	1.132	1.132	1	1	0	2	255	none								
450	483	ZPsh	doodad	Shrub	-1014	2673.562	254.428	350.0199170454199	0.845	0.845	0.845	1	1	0	2	255	none								
451	484	ZPsh	doodad	Shrub	-958.935	2735.129	265.75	191.99815714833886	1.011	1.011	1.011	1	1	0	1	255	none								
452	485	ZPsh	doodad	Shrub	-923.93	2847.785	291.949	99.98113525032866	0.845	0.845	0.845	1	1	0	2	255	none								
453	486	ZPsh	doodad	Shrub	-911.029	2951.751	321.418	63.02535746439057	1.033	1.033	1.033	1	1	0	2	255	none								
454	487	ZPsh	doodad	Shrub	-991.653	3109.673	334.377	291.0052641469451	1.153	1.153	1.153	1	1	0	2	255	none								
455	488	ZPsh	doodad	Shrub	-1347.055	2851.751	221.599	355.97867811478045	0.868	0.868	0.868	1	1	0	1	255	none								
456	489	APbs	doodad	Bush	160	2848	421.781	350.0199170454199	0.89	0.89	0.89	1	1	0	0	255	PathTextures\2x2Default.tga	2	2	64	64	4	0	4	55/55
457	490	APbs	doodad	Bush	-416	2976	488.328	260.98227568208995	1.15	1.15	1.15	1	1	0	0	255	PathTextures\2x2Default.tga	2	2	64	64	4	0	4	55/55
458	491	APbs	doodad	Bush	-800	3296	487.922	258.9769233991321	0.834	0.834	0.834	1	1	0	0	255	PathTextures\2x2Default.tga	2	2	64	64	4	0	4	55/55
459	492	APbs	doodad	Bush	544	3296	429.313	266.0243042792412	1.007	1.007	1.007	1	1	0	0	255	PathTextures\2x2Default.tga	2	2	64	64	4	0	4	55/55
460	493	ZPsh	doodad	Shrub	502.885	3351.953	464.06	233.02193527970581	1.179	1.179	1.179	1	1	0	1	255	none								
461	494	ZPsh	doodad	Shrub	117.607	2887.345	460.694	119.00333404867199	1.031	1.031	1.031	1	1	0	2	255	none								
462	495	ZPsh	doodad	Shrub	169.748	2900.197	453.395	233.02193527970581	1.036	1.036	1.036	1	1	0	1	255	none								
463	496	ZPsh	doodad	Shrub	102.987	2802.276	404.57	258.9769233991321	1.163	1.163	1.163	1	1	0	1	255	none								
464	497	ZPsh	doodad	Shrub	571.764	3439.935	410.955	46.9825392007275	0.988	0.988	0.988	1	1	0	0	255	none								
465	498	ZPsh	doodad	Shrub	-428.735	2881.825	432.572	48.013863231962986	0.853	0.853	0.853	1	1	0	2	255	none								
466	499	ZPsh	doodad	Shrub	-470.087	2899.878	434.371	79.98490820026291	1.094	1.094	1.094	1	1	0	1	255	none								
467	500	ZPsh	doodad	Shrub	-376.85	2856.924	428.209	161.97516868348373	0.824	0.824	0.824	1	1	0	1	255	none								
468	501	ZPsh	doodad	Shrub	-888.696	3274.978	429.426	86.97499330085897	1.157	1.157	1.157	1	1	0	2	255	none								
469	502	ZPsh	doodad	Shrub	-832.341	3227.393	449.311	244.99675319794	1.109	1.109	1.109	1	1	0	1	255	none								
470	503	ZPsh	doodad	Shrub	-774.674	3299.542	504.363	207.00965138076646	0.971	0.971	0.971	1	1	0	1	255	none								
471	504	ZPsh	doodad	Shrub	-44.644	2905.542	490.396	302.0060538134569	1.035	1.035	1.035	1	1	0	2	255	none								
472	505	ZPsh	doodad	Shrub	-190.261	2895.277	481.416	10.026761414789405	1.038	1.038	1.038	1	1	0	1	255	none								
473	506	ZPsh	doodad	Shrub	297.204	2949.503	432.424	44.00315866604723	1.084	1.084	1.084	1	1	0	1	255	none								
474	507	ZPsh	doodad	Shrub	348.868	3126.913	495.17	11.974817918234205	0.829	0.829	0.829	1	1	0	1	255	none								
475	508	ZPsh	doodad	Shrub	450.374	3195.127	472.725	213.0257082296401	0.864	0.864	0.864	1	1	0	1	255	none								
476	509	ZPsh	doodad	Shrub	-48.756	2780.78	402.999	139.97358935046012	0.935	0.935	0.935	1	1	0	0	255	none								
477	510	ZPsh	doodad	Shrub	-614.854	3139.021	503.479	123.01403861458775	1.137	1.137	1.137	1	1	0	1	255	none								
478	511	ZPsh	doodad	Shrub	-569.312	3000.817	460.369	258.0028951474097	1.139	1.139	1.139	1	1	0	1	255	none								
479	512	ZPsh	doodad	Shrub	-572.823	2972.933	446.538	235.0272875626637	1.122	1.122	1.122	1	1	0	2	255	none								
480	513	ZPsh	doodad	Shrub	-772.024	3131.671	446.017	187.98745258242312	0.899	0.899	0.899	1	1	0	2	255	none								
481	514	ZPsh	doodad	Shrub	-439.802	3126.08	530.181	244.02272494621766	1.009	1.009	1.009	1	1	0	2	255	none								
482	515	ZPsh	doodad	Shrub	-1003	3437.846	372.057	8.995437383553925	0.811	0.811	0.811	1	1	0	2	255	none								
483	516	ZPsh	doodad	Shrub	-936.4	3240.998	393.803	271.9830653486018	0.876	0.876	0.876	1	1	0	0	255	none								
484	517	ATtr	destructable	Ashenvale Tree Wall	2048	3008	402.5	269.9777130656439	1.053	1.053	1.053	1	1	0	0		PathTextures\4x4Default.tga	4	4	128	128	16	0	16	5555/5555/5555/5555
485	518	ATtr	destructable	Ashenvale Tree Wall	2112	2752	445	269.9777130656439	1	1	1	1	1	0	2		PathTextures\4x4Default.tga	4	4	128	128	16	0	16	5555/5555/5555/5555
486	519	ATtr	destructable	Ashenvale Tree Wall	1984	2560	462.375	269.9777130656439	0.916	0.916	0.916	1	1	0	2		PathTextures\4x4Default.tga	4	4	128	128	16	0	16	5555/5555/5555/5555
487	520	ATtr	destructable	Ashenvale Tree Wall	1792	2624	419	269.9777130656439	0.889	0.889	0.889	1	1	0	1		PathTextures\4x4Default.tga	4	4	128	128	16	0	16	5555/5555/5555/5555
488	521	ATtr	destructable	Ashenvale Tree Wall	1856	2944	395.5	269.9777130656439	1.192	1.192	1.192	1	1	0	3		PathTextures\4x4Default.tga	4	4	128	128	16	0	16	5555/5555/5555/5555
489	522	ATtr	destructable	Ashenvale Tree Wall	1920	2816	461.75	269.9777130656439	1.023	1.023	1.023	1	1	0	1		PathTextures\4x4Default.tga	4	4	128	128	16	0	16	5555/5555/5555/5555
490	523	ATtr	destructable	Ashenvale Tree Wall	1920	2688	492	269.9777130656439	0.937	0.937	0.937	1	1	0	2		PathTextures\4x4Default.tga	4	4	128	128	16	0	16	5555/5555/5555/5555
491	524	LTbs	destructable	Barrel	1888	2592	453.078	90.98569786677474	1.245	1.245	1.245	1	1	0	0		PathTextures\2x2Default.tga	2	2	64	64	4	0	4	55/55
492	525	LTbs	destructable	Barrel	2016	2656	482.594	105.9971920992023	1.463	1.463	1.463	1	1	0	0		PathTextures\2x2Default.tga	2	2	64	64	4	0	4	55/55
493	526	APbs	doodad	Bush	2016	2784	464.438	255.0235146127294	1.196	1.196	1.196	1	1	0	0	255	PathTextures\2x2Default.tga	2	2	64	64	4	0	4	55/55
494	527	APbs	doodad	Bush	1824	2720	445.578	88.98034558381684	0.857	0.857	0.857	1	1	0	0	255	PathTextures\2x2Default.tga	2	2	64	64	4	0	4	55/55
495	528	APbs	doodad	Bush	1952	3040	388.063	328.0183377123963	1.137	1.137	1.137	1	1	0	0	255	PathTextures\2x2Default.tga	2	2	64	64	4	0	4	55/55
496	529	ZPsh	doodad	Shrub	2039.261	2619.232	475.701	63.999385716112954	1.195	1.195	1.195	1	1	0	0	255	none								
497	530	ZPsh	doodad	Shrub	2089.654	2766.143	450.897	66.97876625079324	1.086	1.086	1.086	1	1	0	1	255	none								
498	531	ZPsh	doodad	Shrub	1860.302	2650.229	456.237	83.02158451445628	0.879	0.879	0.879	1	1	0	2	255	none								
499	532	ZPsh	doodad	Shrub	1842.217	2636.992	444.74	288.02588361226486	0.971	0.971	0.971	1	1	0	2	255	none								
500	533	ZPsh	doodad	Shrub	1891.806	2521.437	419.915	225.0005261478743	0.908	0.908	0.908	1	1	0	0	255	none								
501	534	ZPsh	doodad	Shrub	1860.598	2747.72	455.123	355.0046498630581	0.914	0.914	0.914	1	1	0	1	255	none								
502	535	ZPsh	doodad	Shrub	2186.034	2800.265	406.168	52.024567797878746	0.996	0.996	0.996	1	1	0	1	255	none								
503	536	ZPsh	doodad	Shrub	2114.448	2982.284	395.331	211.9943841984046	1.059	1.059	1.059	1	1	0	1	255	none								
504	537	ZPsh	doodad	Shrub	1685.268	2647.858	373.178	189.99280486538098	0.967	0.967	0.967	1	1	0	0	255	none								
505	538	ZPsh	doodad	Shrub	1904.185	2410.319	346.84	64.97341396783534	0.887	0.887	0.887	1	1	0	1	255	none								
506	539	ZPsh	doodad	Shrub	2054	2485.522	417.679	249.98148601557818	0.883	0.883	0.883	1	1	0	1	255	none								
507	540	ZPfw	doodad	Flowers	1996.896	2484.937	413.486	161.97516868348373	1.001	1.001	1.001	1	1	0	1	255	none								
508	541	ZPfw	doodad	Flowers	2088.168	2705.683	465.341	176.9866629159113	0.823	0.823	0.823	1	1	0	1	255	none								
509	542	ZPfw	doodad	Flowers	1827.278	2867.524	412.641	194.00350943129675	1.08	1.08	1.08	1	1	0	2	255	none								
510	543	AOhs	doodad	Stump Hollow	-3136	3392	391.813	224.0264978961519	1.011	1.011	1.011	1	1	0	0	255	PathTextures\4x4Default.tga	4	4	128	128	16	0	16	5555/5555/5555/5555
511	544	ARrk	doodad	Rocks	-3968	3328	372.75	319.02290032884235	0.914	0.914	0.914	1	1	0	3	255	PathTextures\4x4Default.tga	4	4	128	128	16	0	16	5555/5555/5555/5555
512	545	ARrk	doodad	Rocks	-3904	3200	365	289.97394011570964	1.094	1.094	1.094	1	1	0	9	255	PathTextures\4x4Default.tga	4	4	128	128	16	0	16	5555/5555/5555/5555
513	546	ARrk	doodad	Rocks	-3840	3072	373.25	311.00149119701086	1.106	1.106	1.106	1	1	0	4	255	PathTextures\4x4Default.tga	4	4	128	128	16	0	16	5555/5555/5555/5555
514	547	ARrk	doodad	Rocks	-3712	3008	359.625	165.0118449976771	1.053	1.053	1.053	1	1	0	6	255	PathTextures\4x4Default.tga	4	4	128	128	16	0	16	5555/5555/5555/5555
515	548	ARrk	doodad	Rocks	-3840	2944	366.25	315.0121957629266	0.816	0.816	0.816	1	1	0	9	255	PathTextures\4x4Default.tga	4	4	128	128	16	0	16	5555/5555/5555/5555
516	549	ARrk	doodad	Rocks	-3712	2880	368	22.975607584746015	1.066	1.066	1.066	1	1	0	9	255	PathTextures\4x4Default.tga	4	4	128	128	16	0	16	5555/5555/5555/5555
517	550	ZPsh	doodad	Shrub	-3759.703	3072.883	357.734	240.98604863202425	0.83	0.83	0.83	1	1	0	0	255	none								
518	551	ZPsh	doodad	Shrub	-3787.479	2953.94	367.621	187.0134243307007	0.869	0.869	0.869	1	1	0	2	255	none								
519	552	ZPsh	doodad	Shrub	-3931.869	3205.855	365.607	121.98271458335228	0.907	0.907	0.907	1	1	0	1	255	none								
520	553	ZPsh	doodad	Shrub	-3672.069	2911.219	357.139	127.99877143222591	1.052	1.052	1.052	1	1	0	2	255	none								
521	554	ZPfw	doodad	Flowers	-3742.617	2859.814	363.009	277.02509394575304	0.89	0.89	0.89	1	1	0	4	255	none								
522	555	ZPfw	doodad	Flowers	-4006.379	3262.953	360.143	0	0.979	0.979	0.979	1	1	0	1	255	none								
523	556	ZPfw	doodad	Flowers	-3752.234	3130.191	346.33	322.97630911524504	1.06	1.06	1.06	1	1	0	1	255	none								
524	557	ZPfw	doodad	Flowers	-1015.433	2769.338	264.539	235.0272875626637	1.113	1.113	1.113	1	1	0	4	255	none								
525	558	ZPfw	doodad	Flowers	-1288.911	2880.698	236.417	313.98087173169114	1.13	1.13	1.13	1	1	0	2	255	none								
526	559	ZPfw	doodad	Flowers	-1287.268	2880.927	236.833	244.02272494621766	0.801	0.801	0.801	1	1	0	1	255	none								
527	560	ZPfw	doodad	Flowers	-1232.635	3145.259	267.308	341.02447966186594	0.942	0.942	0.942	1	1	0	2	255	none								
528	561	ZPfw	doodad	Flowers	800.604	2717.066	258.791	198.01421399721252	1.09	1.09	1.09	1	1	0	4	255	none								
529	562	ZPfw	doodad	Flowers	712.914	2948.653	283.986	339.0191273789081	0.835	0.835	0.835	1	1	0	1	255	none								
530	563	ZPfw	doodad	Flowers	1018.27	2780.587	268.551	288.9999118639872	0.876	0.876	0.876	1	1	0	0	255	none								
531	564	ZPfw	doodad	Flowers	875.913	3190.197	273.599	92.01702189801023	1.119	1.119	1.119	1	1	0	3	255	none								
532	565	ZPfw	doodad	Flowers	-3115.883	3345.226	398.473	229.01123071379007	0.819	0.819	0.819	1	1	0	4	255	none								
533	566	APms	doodad	Mushrooms	-3142.624	3324.423	399.107	335.00842281299236	1.052	1.052	1.052	1	1	0	2	255	none								
534	567	APms	doodad	Mushrooms	-3088.526	3296.649	397.25	121.00868633162987	0.985	0.985	0.985	1	1	0	1	255	none								
535	568	APms	doodad	Mushrooms	-3180.666	3414.119	391.792	341.02447966186594	1.01	1.01	1.01	1	1	0	0	255	none								
536	569	APms	doodad	Mushrooms	-3068.946	3405.416	385.502	266.99833253096364	1.067	1.067	1.067	1	1	0	2	255	none								
537	570	APms	doodad	Mushrooms	-3186.523	3531.466	373.553	321.02825261180027	1.135	1.135	1.135	1	1	0	3	255	none								
538	571	APms	doodad	Mushrooms	-3185.426	3355.403	396.077	55.97797658428142	1.023	1.023	1.023	1	1	0	2	255	none								
539	572	APms	doodad	Mushrooms	-3161.487	3276.478	385.88	52.99859604960115	1.089	1.089	1.089	1	1	0	2	255	none								
540	573	APms	doodad	Mushrooms	-3167.287	3315.082	395.388	169.02254956359286	1.195	1.195	1.195	1	1	0	3	255	none								
541	574	APms	doodad	Mushrooms	-3049.789	3314.23	394.057	231.99061124847034	1.058	1.058	1.058	1	1	0	0	255	none								
542	575	APms	doodad	Mushrooms	-3002.562	3317.37	378.87	99.98113525032866	0.937	0.937	0.937	1	1	0	3	255	none								
543	576	APms	doodad	Mushrooms	-3077.027	3436.023	380.511	59.01465289847479	1.198	1.198	1.198	1	1	0	1	255	none								
544	577	APms	doodad	Mushrooms	-2999.177	3452.852	349.028	33.976397251257815	0.961	0.961	0.961	1	1	0	0	255	none								
545	578	APms	doodad	Mushrooms	-2914.728	3380.434	339.392	81.9902604832208	0.814	0.814	0.814	1	1	0	2	255	none								
546	579	APms	doodad	Mushrooms	-3224.868	3429.034	382.426	280.97850273215573	1.007	1.007	1.007	1	1	0	0	255	none								
547	580	APms	doodad	Mushrooms	-3271.197	3317.906	359.927	176.9866629159113	0.912	0.912	0.912	1	1	0	0	255	none								
548	581	ATtr	destructable	Ashenvale Tree Wall	3072	-3328	442.5	269.9777130656439	1.149	1.149	1.149	1	1	0	3		PathTextures\4x4Default.tga	4	4	128	128	16	0	16	5555/5555/5555/5555
549	582	ATtr	destructable	Ashenvale Tree Wall	3584	-3200	368.75	269.9777130656439	1.164	1.164	1.164	1	1	0	1		PathTextures\4x4Default.tga	4	4	128	128	16	0	16	5555/5555/5555/5555
550	583	ATtr	destructable	Ashenvale Tree Wall	3648	-3328	307.5	269.9777130656439	0.802	0.802	0.802	1	1	0	1		PathTextures\4x4Default.tga	4	4	128	128	16	0	16	5555/5555/5555/5555
551	584	ATtr	destructable	Ashenvale Tree Wall	5056	-2944	421	269.9777130656439	1.142	1.142	1.142	1	1	0	3		PathTextures\4x4Default.tga	4	4	128	128	16	0	16	5555/5555/5555/5555
552	585	APms	doodad	Mushrooms	-3139.805	3194.22	369.213	96.02772646392597	1.061	1.061	1.061	1	1	0	2	255	none								
553	586	ATtr	destructable	Ashenvale Tree Wall	5120	-3072	442.5	269.9777130656439	0.936	0.936	0.936	1	1	0	3		PathTextures\4x4Default.tga	4	4	128	128	16	0	16	5555/5555/5555/5555
554	587	ATtr	destructable	Ashenvale Tree Wall	5440	-3072	430.625	269.9777130656439	0.986	0.986	0.986	1	1	0	2		PathTextures\4x4Default.tga	4	4	128	128	16	0	16	5555/5555/5555/5555
555	588	ATtr	destructable	Ashenvale Tree Wall	5440	-3264	416.688	269.9777130656439	0.99	0.99	0.99	1	1	0	1		PathTextures\4x4Default.tga	4	4	128	128	16	0	16	5555/5555/5555/5555
556	589	APms	doodad	Mushrooms	-3009.859	3235.615	378.363	172.97595834999555	0.845	0.845	0.845	1	1	0	3	255	none								
557	590	ATtr	destructable	Ashenvale Tree Wall	4288	-2432	383.875	269.9777130656439	1.01	1.01	1.01	1	1	0	2		PathTextures\4x4Default.tga	4	4	128	128	16	0	16	5555/5555/5555/5555
558	591	ATtr	destructable	Ashenvale Tree Wall	896	-3200	478.4	269.9777130656439	1.09	1.09	1.09	1	1	1	4		PathTextures\4x4Default.tga	4	4	128	128	16	0	16	5555/5555/5555/5555
559	592	ATtr	destructable	Ashenvale Tree Wall	896	-3072	479.75	269.9777130656439	0.889	0.889	0.889	1	1	0	2		PathTextures\4x4Default.tga	4	4	128	128	16	0	16	5555/5555/5555/5555
560	593	ATtr	destructable	Ashenvale Tree Wall	768	-3200	464.75	269.9777130656439	0.87	0.87	0.87	1	1	0	3		PathTextures\4x4Default.tga	4	4	128	128	16	0	16	5555/5555/5555/5555
561	594	ATtr	destructable	Ashenvale Tree Wall	-832	-2752	364.75	269.9777130656439	1.162	1.162	1.162	1	1	0	0		PathTextures\4x4Default.tga	4	4	128	128	16	0	16	5555/5555/5555/5555
562	595	ATtr	destructable	Ashenvale Tree Wall	-832	-2880	361.313	269.9777130656439	1.056	1.056	1.056	1	1	0	1		PathTextures\4x4Default.tga	4	4	128	128	16	0	16	5555/5555/5555/5555
563	596	ATtr	destructable	Ashenvale Tree Wall	-960	-2816	358.5	269.9777130656439	0.851	0.851	0.851	1	1	0	3		PathTextures\4x4Default.tga	4	4	128	128	16	0	16	5555/5555/5555/5555
564	597	ATtr	destructable	Ashenvale Tree Wall	-704	-2816	360.5	269.9777130656439	0.993	0.993	0.993	1	1	0	0		PathTextures\4x4Default.tga	4	4	128	128	16	0	16	5555/5555/5555/5555
565	598	ATtr	destructable	Ashenvale Tree Wall	-2048	-2944	388.75	269.9777130656439	1.062	1.062	1.062	1	1	0	0		PathTextures\4x4Default.tga	4	4	128	128	16	0	16	5555/5555/5555/5555
566	599	ATtr	destructable	Ashenvale Tree Wall	-1920	-3136	368.5	269.9777130656439	1.131	1.131	1.131	1	1	0	2		PathTextures\4x4Default.tga	4	4	128	128	16	0	16	5555/5555/5555/5555
567	600	ATtr	destructable	Ashenvale Tree Wall	-4672	-3264	346.688	269.9777130656439	1.05	1.05	1.05	1	1	0	1		PathTextures\4x4Default.tga	4	4	128	128	16	0	16	5555/5555/5555/5555
568	601	ATtr	destructable	Ashenvale Tree Wall	-4608	-3136	364.375	269.9777130656439	1.007	1.007	1.007	1	1	0	1		PathTextures\4x4Default.tga	4	4	128	128	16	0	16	5555/5555/5555/5555
569	602	ATtr	destructable	Ashenvale Tree Wall	-4544	-3264	340	269.9777130656439	0.903	0.903	0.903	1	1	0	3		PathTextures\4x4Default.tga	4	4	128	128	16	0	16	5555/5555/5555/5555
570	603	ATtr	destructable	Ashenvale Tree Wall	128	-2880	391	269.9777130656439	1.137	1.137	1.137	1	1	0	4		PathTextures\4x4Default.tga	4	4	128	128	16	0	16	5555/5555/5555/5555
571	604	ATtr	destructable	Ashenvale Tree Wall	128	-3008	402.25	269.9777130656439	0.962	0.962	0.962	1	1	0	1		PathTextures\4x4Default.tga	4	4	128	128	16	0	16	5555/5555/5555/5555
572	605	ATtr	destructable	Ashenvale Tree Wall	256	-2880	385.625	269.9777130656439	1.184	1.184	1.184	1	1	0	2		PathTextures\4x4Default.tga	4	4	128	128	16	0	16	5555/5555/5555/5555
573	606	ATtr	destructable	Ashenvale Tree Wall	-3520	-3136	422.438	269.9777130656439	0.81	0.81	0.81	1	1	0	4		PathTextures\4x4Default.tga	4	4	128	128	16	0	16	5555/5555/5555/5555
574	607	ATtr	destructable	Ashenvale Tree Wall	-3584	-3008	405.875	269.9777130656439	1.079	1.079	1.079	1	1	0	2		PathTextures\4x4Default.tga	4	4	128	128	16	0	16	5555/5555/5555/5555
575	608	ATtr	destructable	Ashenvale Tree Wall	-2816	-3072	338.05	269.9777130656439	0.897	0.897	0.897	1	1	1	0		PathTextures\4x4Default.tga	4	4	128	128	16	0	16	5555/5555/5555/5555
576	609	ATtr	destructable	Ashenvale Tree Wall	-3200	-2752	412.7	269.9777130656439	0.944	0.944	0.944	1	1	1	0		PathTextures\4x4Default.tga	4	4	128	128	16	0	16	5555/5555/5555/5555
577	610	ATtr	destructable	Ashenvale Tree Wall	-2048	2944	423.5	269.9777130656439	1.167	1.167	1.167	1	1	0	4		PathTextures\4x4Default.tga	4	4	128	128	16	0	16	5555/5555/5555/5555
578	611	ATtr	destructable	Ashenvale Tree Wall	-1920	2944	399	269.9777130656439	0.836	0.836	0.836	1	1	0	0		PathTextures\4x4Default.tga	4	4	128	128	16	0	16	5555/5555/5555/5555
579	612	ATtr	destructable	Ashenvale Tree Wall	-2112	2816	402.875	269.9777130656439	0.922	0.922	0.922	1	1	0	2		PathTextures\4x4Default.tga	4	4	128	128	16	0	16	5555/5555/5555/5555
580	613	ATtr	destructable	Ashenvale Tree Wall	-1984	2816	408	269.9777130656439	0.829	0.829	0.829	1	1	0	0		PathTextures\4x4Default.tga	4	4	128	128	16	0	16	5555/5555/5555/5555
581	614	ATtr	destructable	Ashenvale Tree Wall	-2112	3072	403.625	269.9777130656439	0.994	0.994	0.994	1	1	0	0		PathTextures\4x4Default.tga	4	4	128	128	16	0	16	5555/5555/5555/5555
582	615	ATtr	destructable	Ashenvale Tree Wall	-4480	3264	340.25	269.9777130656439	1.165	1.165	1.165	1	1	0	0		PathTextures\4x4Default.tga	4	4	128	128	16	0	16	5555/5555/5555/5555
583	616	ATtr	destructable	Ashenvale Tree Wall	-4544	3136	339.875	269.9777130656439	0.948	0.948	0.948	1	1	0	3		PathTextures\4x4Default.tga	4	4	128	128	16	0	16	5555/5555/5555/5555
584	617	ATtr	destructable	Ashenvale Tree Wall	-2944	2560	370.5	269.9777130656439	0.911	0.911	0.911	1	1	0	4		PathTextures\4x4Default.tga	4	4	128	128	16	0	16	5555/5555/5555/5555
585	618	ATtr	destructable	Ashenvale Tree Wall	-2880	2688	369.375	269.9777130656439	0.849	0.849	0.849	1	1	0	2		PathTextures\4x4Default.tga	4	4	128	128	16	0	16	5555/5555/5555/5555
586	619	ATtr	destructable	Ashenvale Tree Wall	3776	2816	449.25	269.9777130656439	0.849	0.849	0.849	1	1	0	0		PathTextures\4x4Default.tga	4	4	128	128	16	0	16	5555/5555/5555/5555
587	620	ATtr	destructable	Ashenvale Tree Wall	3648	2880	429.5	269.9777130656439	1.053	1.053	1.053	1	1	1	0		PathTextures\4x4Default.tga	4	4	128	128	16	0	16	5555/5555/5555/5555
588	621	ATtr	destructable	Ashenvale Tree Wall	3776	2944	478.75	269.9777130656439	1.084	1.084	1.084	1	1	1	4		PathTextures\4x4Default.tga	4	4	128	128	16	0	16	5555/5555/5555/5555
589	622	ATtr	destructable	Ashenvale Tree Wall	3840	3072	446.5	269.9777130656439	0.877	0.877	0.877	1	1	0	1		PathTextures\4x4Default.tga	4	4	128	128	16	0	16	5555/5555/5555/5555
590	623	ATtr	destructable	Ashenvale Tree Wall	2816	3008	393.375	269.9777130656439	0.841	0.841	0.841	1	1	0	4		PathTextures\4x4Default.tga	4	4	128	128	16	0	16	5555/5555/5555/5555
591	624	ATtr	destructable	Ashenvale Tree Wall	2880	2880	366.563	269.9777130656439	1.097	1.097	1.097	1	1	0	1		PathTextures\4x4Default.tga	4	4	128	128	16	0	16	5555/5555/5555/5555
592	625	ATtr	destructable	Ashenvale Tree Wall	3200	2432	413.5	269.9777130656439	1.128	1.128	1.128	1	1	0	1		PathTextures\4x4Default.tga	4	4	128	128	16	0	16	5555/5555/5555/5555
593	626	ATtr	destructable	Ashenvale Tree Wall	2112	-3264	424.063	269.9777130656439	0.878	0.878	0.878	1	1	0	0		PathTextures\4x4Default.tga	4	4	128	128	16	0	16	5555/5555/5555/5555
594	627	ATtr	destructable	Ashenvale Tree Wall	2176	-3136	433.875	269.9777130656439	0.805	0.805	0.805	1	1	0	4		PathTextures\4x4Default.tga	4	4	128	128	16	0	16	5555/5555/5555/5555
595	628	ATtr	destructable	Ashenvale Tree Wall	-5376	-2944	361.25	269.9777130656439	0.997	0.997	0.997	1	1	0	2		PathTextures\4x4Default.tga	4	4	128	128	16	0	16	5555/5555/5555/5555
596	629	ATtr	destructable	Ashenvale Tree Wall	-3264	3456	367.125	269.9777130656439	1.111	1.111	1.111	1	1	0	4		PathTextures\4x4Default.tga	4	4	128	128	16	0	16	5555/5555/5555/5555
597	630	ATtr	destructable	Ashenvale Tree Wall	-3264	3328	365.875	269.9777130656439	0.834	0.834	0.834	1	1	0	3		PathTextures\4x4Default.tga	4	4	128	128	16	0	16	5555/5555/5555/5555
598	631	ATtr	destructable	Ashenvale Tree Wall	-2752	3392	308.688	269.9777130656439	1.01	1.01	1.01	1	1	0	2		PathTextures\4x4Default.tga	4	4	128	128	16	0	16	5555/5555/5555/5555
599	632	ATtr	destructable	Ashenvale Tree Wall	-3968	3456	362	269.9777130656439	0.879	0.879	0.879	1	1	0	3		PathTextures\4x4Default.tga	4	4	128	128	16	0	16	5555/5555/5555/5555
600	633	ATtr	destructable	Ashenvale Tree Wall	-5120	3520	377.375	269.9777130656439	0.932	0.932	0.932	1	1	0	2		PathTextures\4x4Default.tga	4	4	128	128	16	0	16	5555/5555/5555/5555
601	634	ATtr	destructable	Ashenvale Tree Wall	-4992	3456	396.5	269.9777130656439	0.98	0.98	0.98	1	1	0	0		PathTextures\4x4Default.tga	4	4	128	128	16	0	16	5555/5555/5555/5555
602	635	ATtr	destructable	Ashenvale Tree Wall	-4928	3328	370.3	269.9777130656439	1.134	1.134	1.134	1	1	1	1		PathTextures\4x4Default.tga	4	4	128	128	16	0	16	5555/5555/5555/5555
603	636	ATtr	destructable	Ashenvale Tree Wall	-4864	3520	397.625	269.9777130656439	1.166	1.166	1.166	1	1	0	0		PathTextures\4x4Default.tga	4	4	128	128	16	0	16	5555/5555/5555/5555
604	637	ATtr	destructable	Ashenvale Tree Wall	-5568	2752	349.313	269.9777130656439	1.051	1.051	1.051	1	1	0	4		PathTextures\4x4Default.tga	4	4	128	128	16	0	16	5555/5555/5555/5555
605	638	ATtr	destructable	Ashenvale Tree Wall	-5568	2880	363.25	269.9777130656439	0.939	0.939	0.939	1	1	0	3		PathTextures\4x4Default.tga	4	4	128	128	16	0	16	5555/5555/5555/5555
606	639	ATtr	destructable	Ashenvale Tree Wall	-4800	2560	301.625	269.9777130656439	1.016	1.016	1.016	1	1	0	2		PathTextures\4x4Default.tga	4	4	128	128	16	0	16	5555/5555/5555/5555
607	640	APct	doodad	Cattail	-4330.84	-2685.772	242.043	324.9816613982029	0.939	0.939	0.939	1	1	0	0	255	none								
608	641	APct	doodad	Cattail	-4295.007	-3090.557	266.952	313.0068434799687	0.878	0.878	0.878	1	1	0	0	255	none								
609	642	APct	doodad	Cattail	-3996.486	-2995.081	265.563	75.00017538262475	0.876	0.876	0.876	1	1	0	0	255	none								
610	643	ARrk	doodad	Rocks	-4160	-2752	247.75	121.00868633162987	1.026	1.026	1.026	1	1	0	2	255	PathTextures\4x4Default.tga	4	4	128	128	16	0	16	5555/5555/5555/5555
611	644	ARrk	doodad	Rocks	-4032	-3072	267	123.01403861458775	1.024	1.024	1.024	1	1	0	5	255	PathTextures\4x4Default.tga	4	4	128	128	16	0	16	5555/5555/5555/5555
612	645	APbs	doodad	Bush	-4192	-2656	269.844	169.99657781531528	1.174	1.174	1.174	1	1	0	0	255	PathTextures\2x2Default.tga	2	2	64	64	4	0	4	55/55
613	646	ZPsh	doodad	Shrub	-4593.908	-2601.612	273.868	213.0257082296401	1.003	1.003	1.003	1	1	0	2	255	none								
614	647	ZPsh	doodad	Shrub	-4373.891	-2959.651	263.439	288.02588361226486	0.945	0.945	0.945	1	1	0	2	255	none								
615	648	ZPsh	doodad	Shrub	-4297	-3061.971	264.035	231.01658299674793	1.115	1.115	1.115	1	1	0	0	255	none								
616	649	ZPsh	doodad	Shrub	-4019.007	-2947.001	254.034	313.0068434799687	0.841	0.841	0.841	1	1	0	1	255	none								
617	650	ZPsh	doodad	Shrub	-3950.576	-2850.833	260	308.0221106623306	0.858	0.858	0.858	1	1	0	0	255	none								
618	651	ZPsh	doodad	Shrub	-3956.166	-2722.257	258.51	224.0264978961519	0.849	0.849	0.849	1	1	0	2	255	none								
619	652	ZPsh	doodad	Shrub	-3904.045	-2764.746	266.517	79.01087994854052	0.931	0.931	0.931	1	1	0	0	255	none								
620	653	ZPsh	doodad	Shrub	-4424.884	-2605.668	250.599	108.97657263388257	1.083	1.083	1.083	1	1	0	1	255	none								
621	654	ZPsh	doodad	Shrub	-4261.546	-2751.819	240.067	341.9985079135884	0.917	0.917	0.917	1	1	0	2	255	none								
622	655	ZPsh	doodad	Shrub	-4280.382	-2746.917	239.442	83.99561276617868	1.035	1.035	1.035	1	1	0	1	255	none								
623	656	ZPsh	doodad	Shrub	-4229.909	-2765.305	239.261	205.97832734953096	0.825	0.825	0.825	1	1	0	0	255	none								
624	657	ZPsh	doodad	Shrub	-4212.768	-2774.435	238.253	181.97139573354949	1.103	1.103	1.103	1	1	0	0	255	none								
625	658	ZPsh	doodad	Shrub	-4211.71	-2771.021	239.19	236.9753440661085	1.112	1.112	1.112	1	1	0	0	255	none								
626	659	ZPsh	doodad	Shrub	-4136.404	-2680.244	265.286	68.98411853375111	0.949	0.949	0.949	1	1	0	0	255	none								
627	660	ZPsh	doodad	Shrub	-4005.165	-2972.533	260.475	130.97815196690618	1.013	1.013	1.013	1	1	0	0	255	none								
628	661	ZPsh	doodad	Shrub	-4456.68	-2860.126	267.886	19.022198798343332	1.102	1.102	1.102	1	1	0	2	255	none								
629	662	ZPsh	doodad	Shrub	-4552.489	-2815.535	279.799	278.9731504491978	0.894	0.894	0.894	1	1	0	0	255	none								
630	663	ZPsh	doodad	Shrub	-1689.424	3508.427	250.211	0.9740282517223995	0.971	0.971	0.971	1	1	0	1	255	none								
631	664	ZPsh	doodad	Shrub	-1683.666	3305.822	243.05	130.0041237151838	0.951	0.951	0.951	1	1	0	1	255	none								
632	665	ZPsh	doodad	Shrub	-1689.59	3275.997	245.91	196.98288996597702	0.899	0.899	0.899	1	1	0	0	255	none								
633	666	ZPsh	doodad	Shrub	-1497.171	2632.802	243.749	68.98411853375111	1.12	1.12	1.12	1	1	0	2	255	none								
634	667	ZPsh	doodad	Shrub	-1624.01	2783.163	263.581	231.99061124847034	0.878	0.878	0.878	1	1	0	1	255	none								
635	668	ZPsh	doodad	Shrub	-1591.478	2734.406	258.12	209.98903191544673	0.946	0.946	0.946	1	1	0	2	255	none								
636	669	ZPsh	doodad	Shrub	-1212.627	2320.43	251.081	86.00096504913657	1.007	1.007	1.007	1	1	0	2	255	none								
637	670	ZPsh	doodad	Shrub	-1121.079	2248.81	263.901	169.99657781531528	1.188	1.188	1.188	1	1	0	0	255	none								
638	671	ZPsh	doodad	Shrub	-882.908	2511.658	227.613	26.012283898939373	0.847	0.847	0.847	1	1	0	2	255	none								
639	672	ZPsh	doodad	Shrub	-743.411	2564.274	232.804	288.9999118639872	1.069	1.069	1.069	1	1	0	1	255	none								
640	673	APct	doodad	Cattail	-1237.921	2601.573	224.994	295.0159687128609	1.182	1.182	1.182	1	1	0	0	255	none								
641	674	APct	doodad	Cattail	-1377.958	3198.651	228.061	322.0022808635227	1.077	1.077	1.077	1	1	0	0	255	none								
642	675	APct	doodad	Cattail	34.181	2579.738	245.641	17.99087476710785	1	1	1	1	1	0	0	255	none								
643	676	APct	doodad	Cattail	986.526	2361.091	232.965	6.016056848873643	1.099	1.099	1.099	1	1	0	0	255	none								
644	677	APct	doodad	Cattail	645.71	1860.692	239.097	253.01816232977157	1.022	1.022	1.022	1	1	0	0	255	none								
645	678	ARrk	doodad	Rocks	384	2624	255.75	275.0197416627951	1.131	1.131	1.131	1	1	0	3	255	PathTextures\4x4Default.tga	4	4	128	128	16	0	16	5555/5555/5555/5555
646	679	ARrk	doodad	Rocks	192	2048	244.75	191.99815714833886	0.825	0.825	0.825	1	1	0	3	255	PathTextures\4x4Default.tga	4	4	128	128	16	0	16	5555/5555/5555/5555
647	680	ARrk	doodad	Rocks	64	2176	239.5	348.98859301418446	1.138	1.138	1.138	1	1	0	2	255	PathTextures\4x4Default.tga	4	4	128	128	16	0	16	5555/5555/5555/5555
648	681	ZPsh	doodad	Shrub	110.65	2151.94	235.682	306.9907866310951	0.853	0.853	0.853	1	1	0	0	255	none								
649	682	ZPsh	doodad	Shrub	121.836	2108.996	247.261	278.9731504491978	1.09	1.09	1.09	1	1	0	2	255	none								
650	683	ZPsh	doodad	Shrub	323.303	2621.779	260.746	21.027551081301212	1.159	1.159	1.159	1	1	0	0	255	none								
651	684	ZPsh	doodad	Shrub	227.632	2008.656	246.673	136.99420881577984	0.992	0.992	0.992	1	1	0	2	255	none								
652	685	ZPsh	doodad	Shrub	156.088	2027.381	264.49	330.0236899953542	0.898	0.898	0.898	1	1	0	2	255	none								
653	686	ZPsh	doodad	Shrub	18.883	2110.492	277.914	278.9731504491978	0.834	0.834	0.834	1	1	0	2	255	none								
654	687	ZPsh	doodad	Shrub	81.184	2095.88	264.421	136.99420881577984	0.939	0.939	0.939	1	1	0	1	255	none								
655	688	APbs	doodad	Bush	-352	2656	285.922	154.0110553311653	1.055	1.055	1.055	1	1	0	0	255	PathTextures\2x2Default.tga	2	2	64	64	4	0	4	55/55
656	689	ZPsh	doodad	Shrub	-399.612	2620.146	261.672	39.992454100131454	1.191	1.191	1.191	1	1	0	0	255	none								
657	690	AWfs	doodad	Fish	175.558	2529.805	225.238	132.00947599814165	1.019	1.019	1.019	1	1	0	0	255	none								
658	691	AWfs	doodad	Fish	422.43	1931.015	217.507	322.0022808635227	1.171	1.171	1.171	1	1	0	0	255	none								
659	692	IWbg	doodad	Bubbles Steam	589.964	2248.087	264.45	198.9882422489349	1.049	1.049	1.049	1	1	0	0	255	none								
660	693	AWfs	doodad	Fish	541.879	1902.449	217.589	94.02237418096809	0.871	0.871	0.871	1	1	0	0	255	none								
661	694	AWfs	doodad	Fish	983.076	2254.497	221.141	30.02298846485514	0.802	0.802	0.802	1	1	0	0	255	none								
662	695	AWfs	doodad	Fish	984.042	2121.187	223.719	55.97797658428142	1.04	1.04	1.04	1	1	0	0	255	none								
663	696	AWfs	doodad	Fish	-4322.165	-2806.9	228.614	350.0199170454199	1.095	1.095	1.095	1	1	0	0	255	none								
664	697	AWfs	doodad	Fish	-691.891	2354.154	222.506	202.02491856312827	0.925	0.925	0.925	1	1	0	0	255	none								
665	698	AWfs	doodad	Fish	-960.75	2430.349	215.062	180.02333923010465	0.992	0.992	0.992	1	1	0	0	255	none								
666	699	ZWsf	doodad	Fish School	-1003.747	2356.999	225.63	297.02132099581877	1.143	1.143	1.143	1	1	0	0	255	none								
667	700	ZWsf	doodad	Fish School	610.378	2518.086	199.945	178.01798694714677	0.863	0.863	0.863	1	1	0	0	255	none								
668	701	NWfb	doodad	Floating Box	480	2080	264.45	240.98604863202425	0.916	0.916	0.916	1	1	0	0	255	PathTextures\2x2Default.tga	2	2	64	64	4	0	4	55/55
669	702	AWlp	doodad	Lily Pads	920.562	2447.475	264.45	337.0137750959502	1.172	1.172	1.172	1	1	0	0	255	none								
670	703	ZPsh	doodad	Shrub	446.314	2661.548	264.677	249.00745776385577	1.181	1.181	1.181	1	1	0	2	255	none								
671	704	AWlp	doodad	Lily Pads	-1369.598	3162.741	264.45	114.99262948275624	0.919	0.919	0.919	1	1	0	0	255	none								
672	705	AWfl	doodad	Lily Pads Floating	-1422.471	3211.202	264.45	85.02693679741417	0.992	0.992	0.992	1	1	0	2	255	none								
673	706	AWlp	doodad	Lily Pads	-1373.249	3264.802	264.45	61.99403343315508	1.141	1.141	1.141	1	1	0	0	255	none								
674	707	AWlp	doodad	Lily Pads	-4318.603	-2967.695	264.45	282.0098267633912	1.14	1.14	1.14	1	1	0	0	255	none								
675	708	AWlp	doodad	Lily Pads	794.62	1880.599	264.45	6.016056848873643	0.851	0.851	0.851	1	1	0	0	255	none								
676	709	AWlp	doodad	Lily Pads	706.544	1832.118	261.084	284.0151790463491	0.989	0.989	0.989	1	1	0	0	255	none								
677	710	AWfl	doodad	Lily Pads Floating	841.298	1926.698	264.45	238.9806963490664	1.09	1.09	1.09	1	1	0	1	255	none								
678	711	AWlp	doodad	Lily Pads	878.814	1927.652	264.45	176.9866629159113	0.862	0.862	0.862	1	1	0	0	255	none								
679	712	AWfl	doodad	Lily Pads Floating	731.318	1891.344	264.45	55.97797658428142	1.06	1.06	1.06	1	1	0	2	255	none								
680	713	AWfl	doodad	Lily Pads Floating	779.699	1940.686	264.45	183.97674801650734	0.928	0.928	0.928	1	1	0	0	255	none								
681	714	AWfl	doodad	Lily Pads Floating	680.911	1904.378	264.45	350.9939452971423	0.876	0.876	0.876	1	1	0	0	255	none								
682	715	AWfl	doodad	Lily Pads Floating	876.962	2001.204	264.45	19.022198798343332	0.912	0.912	0.912	1	1	0	1	255	none								
683	716	AWfl	doodad	Lily Pads Floating	907.655	1971.849	264.45	271.0090370968794	0.88	0.88	0.88	1	1	0	2	255	none								
684	717	AWfl	doodad	Lily Pads Floating	826.827	1971.431	264.45	333.0030705300345	1.173	1.173	1.173	1	1	0	1	255	none								
685	718	ZPsh	doodad	Shrub	-1307.218	3370.155	251.893	8.995437383553925	1.029	1.029	1.029	1	1	0	2	255	none								
686	719	ZPsh	doodad	Shrub	1107.823	2300.071	256.593	273.9884176315597	1.073	1.073	1.073	1	1	0	0	255	none								
687	720	AWfl	doodad	Lily Pads Floating	899.543	2397.641	264.45	258.0028951474097	0.98	0.98	0.98	1	1	0	1	255	none								
688	721	AWfl	doodad	Lily Pads Floating	848.161	2465.063	264.45	52.024567797878746	1.19	1.19	1.19	1	1	0	2	255	none								
689	722	AWfl	doodad	Lily Pads Floating	-1453.717	3143.654	264.45	311.9755194487333	1.144	1.144	1.144	1	1	0	0	255	none								
690	723	AWfl	doodad	Lily Pads Floating	-1429.487	3305.371	264.45	35.0077212824933	1.141	1.141	1.141	1	1	0	0	255	none								
691	724	AWfl	doodad	Lily Pads Floating	-1454.53	3225.853	264.45	335.9824510647147	0.837	0.837	0.837	1	1	0	0	255	none								
692	725	AWfl	doodad	Lily Pads Floating	-1427.718	3174.755	264.45	322.0022808635227	1.147	1.147	1.147	1	1	0	2	255	none								
693	726	ZPsh	doodad	Shrub	-1659.928	3365.275	235.539	52.024567797878746	1.177	1.177	1.177	1	1	0	1	255	none								
694	727	ZPsh	doodad	Shrub	-1714.551	3206.705	258.482	280.97850273215573	0.801	0.801	0.801	1	1	0	2	255	none								
695	728	ZPsh	doodad	Shrub	-1760.532	3335.552	272.714	240.98604863202425	0.926	0.926	0.926	1	1	0	0	255	none								
696	729	ZPsh	doodad	Shrub	-1016.587	2510.326	231.525	242.9914009149821	0.961	0.961	0.961	1	1	0	0	255	none								
697	730	ZPsh	doodad	Shrub	-1017.542	2533.405	235.97	300.97472978222146	0.909	0.909	0.909	1	1	0	1	255	none								
698	731	ZPsh	doodad	Shrub	-958.556	2573.003	241.26	260.98227568208995	0.9	0.9	0.9	1	1	0	2	255	none								
699	732	ZPsh	doodad	Shrub	-960.736	2570.522	240.944	200.9935945318928	0.88	0.88	0.88	1	1	0	2	255	none								
700	733	ZPsh	doodad	Shrub	-1085.746	2567.821	237.849	341.9985079135884	0.847	0.847	0.847	1	1	0	1	255	none								
701	734	ZPsh	doodad	Shrub	-294.382	2172.141	319.183	194.97753768301914	0.956	0.956	0.956	1	1	0	1	255	none								
702	735	ZPsh	doodad	Shrub	-307.996	2199.972	304.407	251.01281004681368	1.173	1.173	1.173	1	1	0	0	255	none								
703	736	ZPsh	doodad	Shrub	-381.401	2228.992	292.077	330.99771824707665	0.856	0.856	0.856	1	1	0	1	255	none								
704	737	ZPsh	doodad	Shrub	-443.317	2239.009	286.261	330.99771824707665	0.849	0.849	0.849	1	1	0	2	255	none								
705	738	ZPsh	doodad	Shrub	-558.092	2267.416	264.347	130.97815196690618	1.181	1.181	1.181	1	1	0	2	255	none								
706	739	ZPsh	doodad	Shrub	-199.123	2224.153	275.394	236.0013158143861	1.157	1.157	1.157	1	1	0	1	255	none								
707	740	ZPsh	doodad	Shrub	-254.578	2287.479	249.358	116.0239535139917	1.035	1.035	1.035	1	1	0	2	255	none								
708	741	ZPsh	doodad	Shrub	607.736	1798.351	260.949	278.9731504491978	1.002	1.002	1.002	1	1	0	2	255	none								
709	742	ZPsh	doodad	Shrub	713.237	1846.838	255.314	99.00710699860626	0.865	0.865	0.865	1	1	0	2	255	none								
710	743	ZPsh	doodad	Shrub	770.657	1873.467	250.678	8.021409131831525	1.082	1.082	1.082	1	1	0	1	255	none								
711	744	ZPsh	doodad	Shrub	857.331	1890.312	251.25	136.02018056405743	1.033	1.033	1.033	1	1	0	0	255	none								
712	745	ZPsh	doodad	Shrub	1052.377	2337.718	247.041	262.0135997133255	1.108	1.108	1.108	1	1	0	2	255	none								
713	746	ATtr	destructable	Ashenvale Tree Wall	-1344	3456	240.75	269.9777130656439	1.088	1.088	1.088	1	1	0	1		PathTextures\4x4Default.tga	4	4	128	128	16	0	16	5555/5555/5555/5555
714	747	ATtr	destructable	Ashenvale Tree Wall	-832	2560	235.25	269.9777130656439	1.063	1.063	1.063	1	1	0	2		PathTextures\4x4Default.tga	4	4	128	128	16	0	16	5555/5555/5555/5555
715	748	ATtr	destructable	Ashenvale Tree Wall	-64	2176	272.25	269.9777130656439	0.84	0.84	0.84	1	1	0	4		PathTextures\4x4Default.tga	4	4	128	128	16	0	16	5555/5555/5555/5555
716	749	ATtr	destructable	Ashenvale Tree Wall	1088	2368	256.313	269.9777130656439	0.879	0.879	0.879	1	1	0	1		PathTextures\4x4Default.tga	4	4	128	128	16	0	16	5555/5555/5555/5555
717	750	ZPsh	doodad	Shrub	1019.915	2408.171	249.112	291.0052641469451	1.194	1.194	1.194	1	1	0	1	255	none								
718	751	ARrk	doodad	Rocks	4224	-3008	248.5	198.01421399721252	1.063	1.063	1.063	1	1	0	8	255	PathTextures\4x4Default.tga	4	4	128	128	16	0	16	5555/5555/5555/5555
719	752	ARrk	doodad	Rocks	4416	-2560	414.125	222.021145613194	0.976	0.976	0.976	1	1	0	8	255	PathTextures\4x4Default.tga	4	4	128	128	16	0	16	5555/5555/5555/5555
720	753	ARrk	doodad	Rocks	4864	-3328	266.25	247.97613373262033	1.072	1.072	1.072	1	1	0	9	255	PathTextures\4x4Default.tga	4	4	128	128	16	0	16	5555/5555/5555/5555
721	754	ARrk	doodad	Rocks	3712	-3456	253.75	275.0197416627951	1.078	1.078	1.078	1	1	0	4	255	PathTextures\4x4Default.tga	4	4	128	128	16	0	16	5555/5555/5555/5555
722	755	ARrk	doodad	Rocks	4352	-3008	255	253.01816232977157	1.016	1.016	1.016	1	1	0	7	255	PathTextures\4x4Default.tga	4	4	128	128	16	0	16	5555/5555/5555/5555
723	756	ARrk	doodad	Rocks	4096	-2944	261.75	33.976397251257815	0.939	0.939	0.939	1	1	0	1	255	PathTextures\4x4Default.tga	4	4	128	128	16	0	16	5555/5555/5555/5555
724	757	ARrk	doodad	Rocks	4928	-3456	254.875	99.00710699860626	0.878	0.878	0.878	1	1	0	6	255	PathTextures\4x4Default.tga	4	4	128	128	16	0	16	5555/5555/5555/5555
725	758	ZPsh	doodad	Shrub	4937.731	-3400.303	277.325	196.0088617142546	1.024	1.024	1.024	1	1	0	2	255	none								
726	759	ZPsh	doodad	Shrub	4826.436	-3360.237	243.934	97.97578296737078	1.033	1.033	1.033	1	1	0	0	255	none								
727	760	ZPsh	doodad	Shrub	4951.793	-3530.465	245.085	132.00947599814165	1.076	1.076	1.076	1	1	0	1	255	none								
728	761	ZPsh	doodad	Shrub	4131.652	-2965.377	257.67	326.9870136811608	0.922	0.922	0.922	1	1	0	2	255	none								
729	762	ZPsh	doodad	Shrub	4336.307	-2964.594	272.486	297.9953492475411	1.148	1.148	1.148	1	1	0	1	255	none								
730	763	ZPsh	doodad	Shrub	4313.591	-3000.874	255.883	61.02000518143267	1.174	1.174	1.174	1	1	0	0	255	none								
731	764	ZPsh	doodad	Shrub	4261.797	-2915.299	285.105	333.0030705300345	1.096	1.096	1.096	1	1	0	2	255	none								
732	765	ZPsh	doodad	Shrub	3739.225	-3342.809	275.038	231.99061124847034	0.844	0.844	0.844	1	1	0	2	255	none								
733	766	ZPsh	doodad	Shrub	3663.079	-3435.302	272.55	240.98604863202425	1.122	1.122	1.122	1	1	0	0	255	none								
734	767	ZPsh	doodad	Shrub	3672.525	-3339.324	297.204	271.0090370968794	0.808	0.808	0.808	1	1	0	0	255	none								
735	768	ZPfw	doodad	Flowers	4394.562	-3001.005	267.422	275.99376991451754	0.942	0.942	0.942	1	1	0	3	255	none								
736	769	ZPfw	doodad	Flowers	4040.34	-2983.51	255.972	134.98885653282196	0.863	0.863	0.863	1	1	0	4	255	none								
737	770	ZPsh	doodad	Shrub	4472.454	-2624.851	422.039	185.9821002994652	0.844	0.844	0.844	1	1	0	0	255	none								
738	771	AWlp	doodad	Lily Pads	4492.014	-3116.696	264.45	289.97394011570964	1.18	1.18	1.18	1	1	0	0	255	none								
739	772	ZPsh	doodad	Shrub	4406.126	-2649.927	416.384	147.02097023056925	1.106	1.106	1.106	1	1	0	1	255	none								
740	773	AWfl	doodad	Lily Pads Floating	4550.013	-3157.828	264.45	127.0247431805035	0.924	0.924	0.924	1	1	0	1	255	none								
741	774	AWfl	doodad	Lily Pads Floating	4420.615	-3131.498	264.45	52.99859604960115	1.198	1.198	1.198	1	1	0	1	255	none								
742	775	ZWfs	doodad	Fish Green	4026.73	-3128.122	224.867	205.00429909780854	0.879	0.879	0.879	1	1	0	0	255	none								
743	776	ASpr	doodad	Pier, Pier	1038.151	2241.366	238.345	330.0236899953542	1	1	1	1	1	0	0	255	none								
744	777	ASbr	doodad	Rubble	-256	1920	382.75	59.98868115019719	0.851	0.851	0.851	1	1	0	0	255	PathTextures\4x4Default.tga	4	4	128	128	16	0	16	5555/5555/5555/5555
745	778	ASbr	doodad	Rubble	-128	1984	357.625	322.0022808635227	0.922	0.922	0.922	1	1	0	0	255	PathTextures\4x4Default.tga	4	4	128	128	16	0	16	5555/5555/5555/5555
746	779	NWsd	doodad	Ship Destroyed	4288	-3456	168.5	253.99219058149393	1.096	1.096	1.096	1	1	0	0	255	PathTextures\8x8Default.tga	8	8	256	256	64	0	64	55555555/55555555/55555555/55555555/55555555/55555555/55555555/55555555
747	781	ASbr	doodad	Rubble	1280	3008	340.625	256.97157111617423	1.125	1.125	1.125	1	1	0	1	255	PathTextures\4x4Default.tga	4	4	128	128	16	0	16	5555/5555/5555/5555
748	783	ASbr	doodad	Rubble	1472	2816	353.375	308.0221106623306	1.004	1.004	1.004	1	1	0	2	255	PathTextures\4x4Default.tga	4	4	128	128	16	0	16	5555/5555/5555/5555
749	784	APct	doodad	Cattail	-2366.019	2541.754	253.356	300.000701530499	0.841	0.841	0.841	1	1	0	0	255	none								
750	785	ZPsh	doodad	Shrub	-2313.352	2600.206	283.047	203.97297506657304	1.039	1.039	1.039	1	1	0	1	255	none								
751	786	ZPsh	doodad	Shrub	-2327.264	2564.552	269.241	66.97876625079324	1.106	1.106	1.106	1	1	0	2	255	none								
752	787	ZPsh	doodad	Shrub	-2402.874	2635.898	265.254	273.9884176315597	0.828	0.828	0.828	1	1	0	1	255	none								
753	788	ZPsh	doodad	Shrub	-2634.51	2505.198	263.378	205.00429909780854	1.185	1.185	1.185	1	1	0	2	255	none								
754	789	ARrk	doodad	Rocks	-2304	2368	248.375	322.0022808635227	0.97	0.97	0.97	1	1	0	6	255	PathTextures\4x4Default.tga	4	4	128	128	16	0	16	5555/5555/5555/5555
755	790	ZPsh	doodad	Shrub	-2261.545	2363.493	261.009	333.97709878175687	1.105	1.105	1.105	1	1	0	1	255	none								
756	791	ARrk	doodad	Rocks	-2560	2624	259.375	165.98587324939948	0.925	0.925	0.925	1	1	0	3	255	PathTextures\4x4Default.tga	4	4	128	128	16	0	16	5555/5555/5555/5555
757	792	ZPsh	doodad	Shrub	-2529.205	2609.365	255.783	306.9907866310951	0.887	0.887	0.887	1	1	0	2	255	none								
758	793	ZPsh	doodad	Shrub	-2574.688	2323.455	251.804	198.01421399721252	0.885	0.885	0.885	1	1	0	0	255	none								
759	794	APms	doodad	Mushrooms	-2715.09	3347.985	304.377	167.99122553235736	1.029	1.029	1.029	1	1	0	3	255	none								
760	795	APms	doodad	Mushrooms	-2777.89	3370.742	313.01	337.0137750959502	0.899	0.899	0.899	1	1	0	3	255	none								
761	796	APms	doodad	Mushrooms	-2821.745	3405.675	315.886	134.98885653282196	1.132	1.132	1.132	1	1	0	1	255	none								
762	797	APms	doodad	Mushrooms	-2733.151	3447.462	305.53	176.0126346641889	0.949	0.949	0.949	1	1	0	0	255	none								
763	798	APms	doodad	Mushrooms	-2702.978	3419.684	303.336	132.00947599814165	0.826	0.826	0.826	1	1	0	0	255	none								
764	799	APms	doodad	Mushrooms	-2794.305	3443.779	309.56	30.02298846485514	1.128	1.128	1.128	1	1	0	2	255	none								
765	800	APms	doodad	Mushrooms	-2826.985	3315.514	326.635	110.00789666511805	1.033	1.033	1.033	1	1	0	3	255	none								
766	801	ZPsh	doodad	Shrub	1377.388	3062.829	368.941	205.97832734953096	0.972	0.972	0.972	1	1	0	2	255	none								
767	802	ZPsh	doodad	Shrub	1503.45	2927.666	363.783	105.9971920992023	1.172	1.172	1.172	1	1	0	1	255	none								
768	803	ZPsh	doodad	Shrub	1378.4	2930.055	360.248	266.0243042792412	1.084	1.084	1.084	1	1	0	0	255	none								
769	804	ZPsh	doodad	Shrub	1315.805	3114.931	351.944	85.02693679741417	0.834	0.834	0.834	1	1	0	1	255	none								
770	805	ZPsh	doodad	Shrub	2806.527	2916.134	384.25	286.02053132930695	0.888	0.888	0.888	1	1	0	1	255	none								
771	806	ZPsh	doodad	Shrub	2822.713	2892.812	381.107	2.9793805346802804	0.979	0.979	0.979	1	1	0	1	255	none								
772	807	ZRbs	doodad	Rubble Small	-448	-2432	390.375	39.992454100131454	0.901	0.901	0.901	1	1	0	3	255	PathTextures\4x4Default.tga	4	4	128	128	16	0	16	5555/5555/5555/5555
773	808	ZRbs	doodad	Rubble Small	-320	-2432	378.625	185.9821002994652	1.158	1.158	1.158	1	1	0	1	255	PathTextures\4x4Default.tga	4	4	128	128	16	0	16	5555/5555/5555/5555
774	809	ZRbd	doodad	Rubble Large	-4928	-2560	312.75	90.01166961505233	1.012	1.012	1.012	1	1	0	2	255	PathTextures\12x4Default.tga	12	4	384	128	48	0	48	555555555555/555555555555/555555555555/555555555555
775	810	ZRbd	doodad	Rubble Large	3392	-2752	369.625	180.02333923010465	0.97	0.97	0.97	1	1	0	0	255	PathTextures\12x4Default.tga	12	4	384	128	48	0	48	555555555555/555555555555/555555555555/555555555555
776	811	ZRbs	doodad	Rubble Small	3520	-2752	388.438	61.02000518143267	1.095	1.095	1.095	1	1	0	2	255	PathTextures\4x4Default.tga	4	4	128	128	16	0	16	5555/5555/5555/5555
777	812	ZPms	doodad	Mushrooms	3488	-2848	398.047	269.9777130656439	0.916	0.916	0.916	1	1	0	3	255	PathTextures\2x2Default.tga	2	2	64	64	4	0	4	55/55
778	813	ZRbs	doodad	Rubble Small	3264	-2624	341.875	68.01009028202871	0.974	0.974	0.974	1	1	0	2	255	PathTextures\4x4Default.tga	4	4	128	128	16	0	16	5555/5555/5555/5555
779	814	ZRrk	doodad	Rocks	-4416	3136	331.375	143.01026566465347	1.018	1.018	1.018	1	1	0	1	255	PathTextures\4x4Default.tga	4	4	128	128	16	0	16	5555/5555/5555/5555
780	815	ZPsh	doodad	Shrub	-4509.425	3107.955	337.881	189.01877661365856	0.807	0.807	0.807	1	1	0	2	255	none								
781	816	ZPsh	doodad	Shrub	-4355.523	3083.193	323.623	295.0159687128609	1.013	1.013	1.013	1	1	0	1	255	none								
782	817	ZPsh	doodad	Shrub	-4470.303	3185.337	342.27	88.00631733209445	1.112	1.112	1.112	1	1	0	0	255	none								
783	1438	ZPfw	doodad	Flowers	-2627.375	-2920.833	310.436	66.97876625079324	1.091	1.091	1.091	1	1	0	2	255	none								
784	1441	ZPms	doodad	Mushrooms	-3616	-3168	417.906	269.9777130656439	0.887	0.887	0.887	1	1	0	3	255	PathTextures\2x2Default.tga	2	2	64	64	4	0	4	55/55
785	1437	ZPfw	doodad	Flowers	-2407.649	-3455.44	319.454	15.98552248414997	1.158	1.158	1.158	1	1	0	0	255	none								
786	186	YTab	destructable	Pathing Blocker (Air)	3488	1952	429.5	269.9777130656439	1	1	1	1	1	0	0		PathTextures\2x2Cyan.tga	2	2	64	64	0	4	4	66/66
787	1031	YTab	destructable	Pathing Blocker (Air)	3488	1888	429.5	269.9777130656439	1	1	1	1	1	0	0		PathTextures\2x2Cyan.tga	2	2	64	64	0	4	4	66/66
788	823	ZRsp	doodad	Rock Spires Small	576	-2560	310.875	154.0110553311653	1	1	0.8	1	1	0	6	255	PathTextures\4x4Default.tga	4	4	128	128	16	0	16	5555/5555/5555/5555
789	824	ZPsh	doodad	Shrub	545.941	-2484.754	300.919	19.996227050065727	1.028	1.028	1.028	1	1	0	2	255	none								
790	825	ZPsh	doodad	Shrub	602.187	-2593.754	318.033	171.02790184655072	1.162	1.162	1.162	1	1	0	2	255	none								
791	826	ZRbs	doodad	Rubble Small	-2560	-2880	311.875	247.0021054808979	1.067	1.067	1.067	1	1	0	1	255	PathTextures\4x4Default.tga	4	4	128	128	16	0	16	5555/5555/5555/5555
792	827	ZRbs	doodad	Rubble Small	-2368	-3328	331.625	187.0134243307007	1.016	1.016	1.016	1	1	0	0	255	PathTextures\4x4Default.tga	4	4	128	128	16	0	16	5555/5555/5555/5555
793	828	ZRbs	doodad	Rubble Small	-2496	-3392	329.313	61.02000518143267	0.887	0.887	0.887	1	1	0	2	255	PathTextures\4x4Default.tga	4	4	128	128	16	0	16	5555/5555/5555/5555
794	829	ZRbs	doodad	Rubble Small	-4992	-2752	287.125	321.02825261180027	0.967	0.967	0.967	1	1	0	2	255	PathTextures\4x4Default.tga	4	4	128	128	16	0	16	5555/5555/5555/5555
795	830	ZPsh	doodad	Shrub	4510.56	2971.431	267.552	348.98859301418446	1	1	1	1	1	0	1	255	none								
796	831	ZPsh	doodad	Shrub	4398.359	3307.729	267.346	205.97832734953096	1	1	1	1	1	0	0	255	none								
797	832	ZPsh	doodad	Shrub	4204.635	3276.642	257.376	293.9846446816254	1	1	1	1	1	0	2	255	none								
798	833	ZPsh	doodad	Shrub	4165.999	3187.496	263.797	267.972360782686	1	1	1	1	1	0	2	255	none								
799	834	ZPsh	doodad	Shrub	4308.08	2773.036	277.164	214.9737647330849	1	1	1	1	1	0	0	255	none								
800	835	ZPsh	doodad	Shrub	4330.404	2760.205	281.705	101.98648753328652	1	1	1	1	1	0	1	255	none								
801	836	ZPsh	doodad	Shrub	4371.256	2756.887	283.223	75.97420363434716	1	1	1	1	1	0	1	255	none								
802	837	ZPsh	doodad	Shrub	4471.765	2839.71	260.988	324.00763314648054	1	1	1	1	1	0	1	255	none								
803	838	ZPsh	doodad	Shrub	4456.668	2837.951	258.812	253.99219058149393	1	1	1	1	1	0	2	255	none								
804	839	ZPsh	doodad	Shrub	4181.958	2993.035	269.739	339.0191273789081	1	1	1	1	1	0	0	255	none								
805	840	ZPsh	doodad	Shrub	4146.22	3058.707	283.096	19.022198798343332	1	1	1	1	1	0	2	255	none								
806	841	ARrk	doodad	Rocks	4224	2880	257.5	304.98543434813723	1	1	1	1	1	0	1	255	PathTextures\4x4Default.tga	4	4	128	128	16	0	16	5555/5555/5555/5555
807	842	ARrk	doodad	Rocks	4288	3328	252.875	39.992454100131454	1	1	1	1	1	0	1	255	PathTextures\4x4Default.tga	4	4	128	128	16	0	16	5555/5555/5555/5555
808	843	ARrk	doodad	Rocks	4480	2944	247.25	72.99482309966687	1	1	1	1	1	0	3	255	PathTextures\4x4Default.tga	4	4	128	128	16	0	16	5555/5555/5555/5555
809	844	ARrk	doodad	Rocks	3264	3200	287	326.01298542943846	1	1	1	1	1	0	5	255	PathTextures\4x4Default.tga	4	4	128	128	16	0	16	5555/5555/5555/5555
810	845	ARrk	doodad	Rocks	3328	3328	280.5	41.99780638308934	1	1	1	1	1	0	8	255	PathTextures\4x4Default.tga	4	4	128	128	16	0	16	5555/5555/5555/5555
811	846	ZPsh	doodad	Shrub	3281.951	3244.601	285.687	233.99596353142817	1	1	1	1	1	0	2	255	none								
812	847	ZPsh	doodad	Shrub	3375.681	3238.764	296.149	341.02447966186594	1	1	1	1	1	0	2	255	none								
813	848	APms	doodad	Mushrooms	3321.377	3227.226	286.218	255.99754286445182	1	1	1	1	1	0	2	255	none								
814	849	APms	doodad	Mushrooms	3396.553	3274.981	296.955	114.99262948275624	1	1	1	1	1	0	1	255	none								
815	850	APms	doodad	Mushrooms	3234.48	3288.29	285.685	233.02193527970581	1	1	1	1	1	0	2	255	none								
816	851	APms	doodad	Mushrooms	3397.749	3169.498	307.52	165.0118449976771	1	1	1	1	1	0	3	255	none								
817	852	ARrk	doodad	Rocks	-5056	2432	279.5	17.01684651538545	1	1	1	1	1	0	9	255	PathTextures\4x4Default.tga	4	4	128	128	16	0	16	5555/5555/5555/5555
818	853	ZPsh	doodad	Shrub	-5041.587	2592.774	302.7	266.99833253096364	1	1	1	1	1	0	0	255	none								
819	854	ARrk	doodad	Rocks	-5120	2560	289.5	13.980170201192088	1	1	1	1	1	0	4	255	PathTextures\4x4Default.tga	4	4	128	128	16	0	16	5555/5555/5555/5555
820	855	ZPsh	doodad	Shrub	-5136.861	2429.271	281.623	255.99754286445182	1	1	1	1	1	0	1	255	none								
821	856	APms	doodad	Mushrooms	-5191.387	2536.098	290.794	178.99201519886918	1	1	1	1	1	0	3	255	none								
822	857	ZPfw	doodad	Flowers	-5071.096	2484.576	284.967	194.00350943129675	1	1	1	1	1	0	3	255	none								
823	858	ARrk	doodad	Rocks	-3072	-2752	361	302.0060538134569	1	1	1	1	1	0	9	255	PathTextures\4x4Default.tga	4	4	128	128	16	0	16	5555/5555/5555/5555
824	859	ARrk	doodad	Rocks	2560	-2752	348.25	41.99780638308934	1	1	1	1	1	0	3	255	PathTextures\4x4Default.tga	4	4	128	128	16	0	16	5555/5555/5555/5555
825	860	ARrk	doodad	Rocks	2560	-2880	357.375	185.9821002994652	1	1	1	1	1	0	1	255	PathTextures\4x4Default.tga	4	4	128	128	16	0	16	5555/5555/5555/5555
826	861	ZPsh	doodad	Shrub	2591.548	-2849.205	351.068	328.0183377123963	1	1	1	1	1	0	0	255	none								
827	862	ZRbd	doodad	Rubble Large	1408	-3136	320.875	269.9777130656439	1	1	1	1	1	0	2	255	PathTextures\12x4Default.tga	12	4	384	128	48	0	48	555555555555/555555555555/555555555555/555555555555
828	863	ZRrk	doodad	Rocks	960	-2944	453.25	255.99754286445182	1	1	1	1	1	0	5	255	PathTextures\4x4Default.tga	4	4	128	128	16	0	16	5555/5555/5555/5555
829	864	ZRrk	doodad	Rocks	-320	-3456	360.25	337.0137750959502	1	1	1	1	1	0	5	255	PathTextures\4x4Default.tga	4	4	128	128	16	0	16	5555/5555/5555/5555
830	865	ZRrk	doodad	Rocks	-5120	-3200	298.75	2.9793805346802804	1	1	1	1	1	0	0	255	PathTextures\4x4Default.tga	4	4	128	128	16	0	16	5555/5555/5555/5555
831	866	ZPsh	doodad	Shrub	-5149.543	-3278.453	309.554	103.99183981624441	1	1	1	1	1	0	0	255	none								
832	867	ZRrk	doodad	Rocks	2432	3008	299	35.9817495342157	1	1	1	1	1	0	0	255	PathTextures\4x4Default.tga	4	4	128	128	16	0	16	5555/5555/5555/5555
833	868	ZRrk	doodad	Rocks	2304	3072	311.75	304.98543434813723	1	1	1	1	1	0	9	255	PathTextures\4x4Default.tga	4	4	128	128	16	0	16	5555/5555/5555/5555
834	869	ZRrk	doodad	Rocks	2496	3136	309.5	77.97955591730503	1	1	1	1	1	0	5	255	PathTextures\4x4Default.tga	4	4	128	128	16	0	16	5555/5555/5555/5555
835	870	ZRrk	doodad	Rocks	2560	2944	313.5	277.02509394575304	1	1	1	1	1	0	9	255	PathTextures\4x4Default.tga	4	4	128	128	16	0	16	5555/5555/5555/5555
836	871	ZRrk	doodad	Rocks	2432	2880	303.375	141.0049133816956	1	1	1	1	1	0	4	255	PathTextures\4x4Default.tga	4	4	128	128	16	0	16	5555/5555/5555/5555
837	872	ZPsh	doodad	Shrub	2510.759	3006.754	310.567	335.00842281299236	1	1	1	1	1	0	0	255	none								
838	873	ZPsh	doodad	Shrub	2532.769	2815.495	314.478	271.9830653486018	1	1	1	1	1	0	1	255	none								
839	874	APms	doodad	Mushrooms	2557.344	2963.174	314.494	57.98332886723931	1	1	1	1	1	0	3	255	none								
840	875	APms	doodad	Mushrooms	2511.834	3058.511	312.703	196.0088617142546	1	1	1	1	1	0	2	255	none								
841	876	APms	doodad	Mushrooms	2360.472	3017.51	311.19	255.0235146127294	1	1	1	1	1	0	1	255	none								
842	877	ZPsh	doodad	Shrub	2579.302	2335.203	291.297	269.0036848139215	1	1	1	1	1	0	0	255	none								
843	878	ZPsh	doodad	Shrub	2490.986	2411.076	346.684	141.978941633418	1	1	1	1	1	0	2	255	none								
844	879	ZPsh	doodad	Shrub	1517.159	2461.949	280.012	123.98806686631016	1	1	1	1	1	0	1	255	none								
845	880	ZPsh	doodad	Shrub	-3928.346	2339.131	272.009	165.98587324939948	1	1	1	1	1	0	1	255	none								
846	881	ZPsh	doodad	Shrub	-3240.229	2505.676	282.386	350.9939452971423	1	1	1	1	1	0	0	255	none								
847	882	ZPsh	doodad	Shrub	-3323.915	2501.989	278.855	337.9878033476726	1	1	1	1	1	0	1	255	none								
848	883	ZPsh	doodad	Shrub	-4516.932	2486.425	278.891	233.99596353142817	1	1	1	1	1	0	2	255	none								
849	884	ZPvp	doodad	Viny Plant	-4192	2400	293.969	50.019215514920866	1	1	1	1	1	0	2	255	PathTextures\2x2Default.tga	2	2	64	64	4	0	4	55/55
850	885	ZPvp	doodad	Viny Plant	-1248	1952	309.547	264.9929802480057	1	1	1	1	1	0	0	255	PathTextures\2x2Default.tga	2	2	64	64	4	0	4	55/55
851	9	D002	doodad	Wall Vert -|	-3552	-1568	493.5	0	1.1	1.1	1.1	1	1	1	0	255	PathTextures\StoneWall1Path.tga	10	2	320	64	20	0	20	5555555555/5555555555
852	12	D002	doodad	Wall Vert -|	-3552	-800	493.5	0	1.1	1.1	1.1	1	1	1	0	255	PathTextures\StoneWall1Path.tga	10	2	320	64	20	0	20	5555555555/5555555555
853	292	D002	doodad	Wall Vert -|	-3552	-1312	493.5	0	1.1	1.1	1.1	1	1	1	0	255	PathTextures\StoneWall1Path.tga	10	2	320	64	20	0	20	5555555555/5555555555
854	1857	YTab	destructable	Pathing Blocker (Air)	4960	2144	333.5	269.9777130656439	1	1	1	1	1	0	0		PathTextures\2x2Cyan.tga	2	2	64	64	0	4	4	66/66
855	1856	YTab	destructable	Pathing Blocker (Air)	4832	2144	333.5	269.9777130656439	1	1	1	1	1	0	0		PathTextures\2x2Cyan.tga	2	2	64	64	0	4	4	66/66
856	1005	ZPfw	doodad	Flowers	4075.567	2110.034	401.433	330.0236899953542	0.825	0.825	0.825	1	1	0	1	255	none								
857	1037	YTab	destructable	Pathing Blocker (Air)	-3616	-2080	461.5	269.9777130656439	1	1	1	1	1	0	0		PathTextures\2x2Cyan.tga	2	2	64	64	0	4	4	66/66
858	938	D002	doodad	Wall Vert -|	-2016	1312	359.1	0	1.1	1.1	1.1	1	1	1	0	255	PathTextures\StoneWall1Path.tga	10	2	320	64	20	0	20	5555555555/5555555555
859	8	D002	doodad	Wall Vert -|	-3552	-1056	493.5	0	1.1	1.1	1.1	1	1	1	0	255	PathTextures\StoneWall1Path.tga	10	2	320	64	20	0	20	5555555555/5555555555
860	988	B002	destructable	WALL -|	2784	2016	397.5	269.9777130656439	1.1	1.1	1.1	1	1	0	0		PathTextures\StoneWall1Path.tga	10	2	320	64	20	0	20	5555555555/5555555555
861	961	D002	doodad	Wall Vert -|	-3552	1888	493.5	0	1.1	1.1	1.1	1	1	1	0	255	PathTextures\StoneWall1Path.tga	10	2	320	64	20	0	20	5555555555/5555555555
862	973	D000	doodad	Wall Hori -|	5344	-2016	525.5	0	1.1	1.1	1.1	1	1	0	0	255	PathTextures\StoneWall3Path.tga	2	10	64	320	20	0	20	55/55/55/55/55/55/55/55/55/55
863	1048	YTab	destructable	Pathing Blocker (Air)	-3552	-2080	437.5	269.9777130656439	1	1	1	1	1	0	0		PathTextures\2x2Cyan.tga	2	2	64	64	0	4	4	66/66
864	959	D002	doodad	Wall Vert -|	-3552	1376	493.5	0	1.1	1.1	1.1	1	1	1	0	255	PathTextures\StoneWall1Path.tga	10	2	320	64	20	0	20	5555555555/5555555555
865	14	ZOfp	doodad	Ruins Firepot	-3392	-640	397.5	169.02254956359286	0.8	0.8	0.8	1	1	0	0	255	PathTextures\4x4Default.tga	4	4	128	128	16	0	16	5555/5555/5555/5555
866	1529	YTab	destructable	Pathing Blocker (Air)	-2720	-2144	301.5	269.9777130656439	1	1	1	1	1	0	0		PathTextures\2x2Cyan.tga	2	2	64	64	0	4	4	66/66
867	175	ATtr	destructable	Ashenvale Tree Wall	448	-1344	271.688	269.9777130656439	0.894	0.894	0.894	1	1	0	3		PathTextures\4x4Default.tga	4	4	128	128	16	0	16	5555/5555/5555/5555
868	149	ATtc	destructable	Ashenvale Canopy Tree	-672	-1312	269.219	269.9777130656439	1.134	1.134	1.134	1	1	0	2		PathTextures\2x2Default.tga	2	2	64	64	4	0	4	55/55
869	148	ATtc	destructable	Ashenvale Canopy Tree	-416	-1312	276.531	269.9777130656439	1.001	1.001	1.001	1	1	0	1		PathTextures\2x2Default.tga	2	2	64	64	4	0	4	55/55
870	147	ATtc	destructable	Ashenvale Canopy Tree	352	-1312	269.641	269.9777130656439	1.057	1.057	1.057	1	1	0	1		PathTextures\2x2Default.tga	2	2	64	64	4	0	4	55/55
871	146	ATtr	destructable	Ashenvale Tree Wall	192	-1088	269.313	269.9777130656439	0.935	0.935	0.935	1	1	0	3	0	PathTextures\4x4Default.tga	4	4	128	128	16	0	16	5555/5555/5555/5555
872	145	ATtr	destructable	Ashenvale Tree Wall	576	-1216	271.938	269.9777130656439	0.812	0.812	0.812	1	1	0	4		PathTextures\4x4Default.tga	4	4	128	128	16	0	16	5555/5555/5555/5555
873	144	ATtr	destructable	Ashenvale Tree Wall	448	-1216	271.938	269.9777130656439	1.007	1.007	1.007	1	1	0	1		PathTextures\4x4Default.tga	4	4	128	128	16	0	16	5555/5555/5555/5555
874	143	ATtr	destructable	Ashenvale Tree Wall	320	-1216	269.5	269.9777130656439	0.866	0.866	0.866	1	1	0	2		PathTextures\4x4Default.tga	4	4	128	128	16	0	16	5555/5555/5555/5555
875	140	ATtr	destructable	Ashenvale Tree Wall	192	-1216	269.25	269.9777130656439	0.81	0.81	0.81	1	1	0	3		PathTextures\4x4Default.tga	4	4	128	128	16	0	16	5555/5555/5555/5555
876	139	ATtr	destructable	Ashenvale Tree Wall	64	-1280	269.375	269.9777130656439	0.99	0.99	0.99	1	1	0	1		PathTextures\4x4Default.tga	4	4	128	128	16	0	16	5555/5555/5555/5555
877	138	ATtr	destructable	Ashenvale Tree Wall	-192	-1280	269.5	269.9777130656439	1.024	1.024	1.024	1	1	0	0		PathTextures\4x4Default.tga	4	4	128	128	16	0	16	5555/5555/5555/5555
878	137	ATtr	destructable	Ashenvale Tree Wall	-320	-1216	269.375	269.9777130656439	0.814	0.814	0.814	1	1	0	0		PathTextures\4x4Default.tga	4	4	128	128	16	0	16	5555/5555/5555/5555
879	136	ATtr	destructable	Ashenvale Tree Wall	-448	-1216	269.375	269.9777130656439	1.057	1.057	1.057	1	1	0	1		PathTextures\4x4Default.tga	4	4	128	128	16	0	16	5555/5555/5555/5555
880	135	ATtr	destructable	Ashenvale Tree Wall	-704	-1216	269.375	269.9777130656439	0.805	0.805	0.805	1	1	0	1		PathTextures\4x4Default.tga	4	4	128	128	16	0	16	5555/5555/5555/5555
881	134	ATtr	destructable	Ashenvale Tree Wall	-832	-1216	269.5	269.9777130656439	0.975	0.975	0.975	1	1	0	4		PathTextures\4x4Default.tga	4	4	128	128	16	0	16	5555/5555/5555/5555
882	1428	ZPfw	doodad	Flowers	1994.199	-2390.291	273.064	211.9943841984046	0.893	0.893	0.893	1	1	0	1	255	none								
883	1427	ZPsh	doodad	Shrub	2478.509	-2766.767	344.407	114.99262948275624	0.933	0.933	0.933	1	1	0	0	255	none								
884	1426	ZPsh	doodad	Shrub	1598.653	-2610.571	352.28	141.978941633418	0.938	0.938	0.938	1	1	0	2	255	none								
885	1425	ZPsh	doodad	Shrub	1588.307	-2722.718	352.959	132.98350424986407	1.039	1.039	1.039	1	1	0	2	255	none								
886	1424	ZPsh	doodad	Shrub	1705.172	-2645.473	364.467	74.02614713090236	0.964	0.964	0.964	1	1	0	2	255	none								
887	1423	ZPfw	doodad	Flowers	1710.101	-2675.727	369.134	147.02097023056925	0.845	0.845	0.845	1	1	0	0	255	none								
888	37	YTab	destructable	Pathing Blocker (Air)	-3552	2016	493.5	269.9777130656439	1	1	1	1	1	0	0		PathTextures\2x2Cyan.tga	2	2	64	64	0	4	4	66/66
889	1897	YTab	destructable	Pathing Blocker (Air)	1952	1376	301.5	269.9777130656439	1	1	1	1	1	0	0		PathTextures\2x2Cyan.tga	2	2	64	64	0	4	4	66/66
890	982	YTab	destructable	Pathing Blocker (Air)	-1952	544	337.406	269.9777130656439	1	1	1	1	1	0	0		PathTextures\2x2Cyan.tga	2	2	64	64	0	4	4	66/66
891	820	YTab	destructable	Pathing Blocker (Air)	-1952	608	313.469	269.9777130656439	1	1	1	1	1	0	0		PathTextures\2x2Cyan.tga	2	2	64	64	0	4	4	66/66
892	41	YTab	destructable	Pathing Blocker (Air)	-3488	-1760	429.5	269.9777130656439	1	1	1	1	1	0	0		PathTextures\2x2Cyan.tga	2	2	64	64	0	4	4	66/66
893	42	YTab	destructable	Pathing Blocker (Air)	-3488	-1696	429.5	269.9777130656439	1	1	1	1	1	0	0		PathTextures\2x2Cyan.tga	2	2	64	64	0	4	4	66/66
894	43	YTab	destructable	Pathing Blocker (Air)	-3488	-1632	429.5	269.9777130656439	1	1	1	1	1	0	0		PathTextures\2x2Cyan.tga	2	2	64	64	0	4	4	66/66
895	44	YTab	destructable	Pathing Blocker (Air)	-3488	-1568	429.5	269.9777130656439	1	1	1	1	1	0	0		PathTextures\2x2Cyan.tga	2	2	64	64	0	4	4	66/66
896	45	YTab	destructable	Pathing Blocker (Air)	-3488	-1504	429.5	269.9777130656439	1	1	1	1	1	0	0		PathTextures\2x2Cyan.tga	2	2	64	64	0	4	4	66/66
897	46	YTab	destructable	Pathing Blocker (Air)	-3488	-1440	429.5	269.9777130656439	1	1	1	1	1	0	0		PathTextures\2x2Cyan.tga	2	2	64	64	0	4	4	66/66
898	47	YTab	destructable	Pathing Blocker (Air)	-3488	-1376	429.5	269.9777130656439	1	1	1	1	1	0	0		PathTextures\2x2Cyan.tga	2	2	64	64	0	4	4	66/66
899	48	YTab	destructable	Pathing Blocker (Air)	-3488	-1312	429.5	269.9777130656439	1	1	1	1	1	0	0		PathTextures\2x2Cyan.tga	2	2	64	64	0	4	4	66/66
900	49	YTab	destructable	Pathing Blocker (Air)	-3488	-1248	429.5	269.9777130656439	1	1	1	1	1	0	0		PathTextures\2x2Cyan.tga	2	2	64	64	0	4	4	66/66
901	50	YTab	destructable	Pathing Blocker (Air)	-3488	-1184	429.5	269.9777130656439	1	1	1	1	1	0	0		PathTextures\2x2Cyan.tga	2	2	64	64	0	4	4	66/66
902	51	YTab	destructable	Pathing Blocker (Air)	-3488	-1120	429.5	269.9777130656439	1	1	1	1	1	0	0		PathTextures\2x2Cyan.tga	2	2	64	64	0	4	4	66/66
903	52	YTab	destructable	Pathing Blocker (Air)	-3488	-1056	429.5	269.9777130656439	1	1	1	1	1	0	0		PathTextures\2x2Cyan.tga	2	2	64	64	0	4	4	66/66
904	53	YTab	destructable	Pathing Blocker (Air)	-3488	-992	429.5	269.9777130656439	1	1	1	1	1	0	0		PathTextures\2x2Cyan.tga	2	2	64	64	0	4	4	66/66
905	56	YTab	destructable	Pathing Blocker (Air)	-3488	-928	429.5	269.9777130656439	1	1	1	1	1	0	0		PathTextures\2x2Cyan.tga	2	2	64	64	0	4	4	66/66
906	58	YTab	destructable	Pathing Blocker (Air)	-3488	-864	429.5	269.9777130656439	1	1	1	1	1	0	0		PathTextures\2x2Cyan.tga	2	2	64	64	0	4	4	66/66
907	60	YTab	destructable	Pathing Blocker (Air)	-3488	-800	429.5	269.9777130656439	1	1	1	1	1	0	0		PathTextures\2x2Cyan.tga	2	2	64	64	0	4	4	66/66
908	61	YTab	destructable	Pathing Blocker (Air)	-3488	-736	429.5	269.9777130656439	1	1	1	1	1	0	0		PathTextures\2x2Cyan.tga	2	2	64	64	0	4	4	66/66
909	230	YTab	destructable	Pathing Blocker (Air)	3616	-2016	525.5	269.9777130656439	1	1	1	1	1	0	0		PathTextures\2x2Cyan.tga	2	2	64	64	0	4	4	66/66
910	64	YTab	destructable	Pathing Blocker (Air)	-3488	-608	441.5	269.9777130656439	1	1	1	1	1	0	0		PathTextures\2x2Cyan.tga	2	2	64	64	0	4	4	66/66
911	122	YTab	destructable	Pathing Blocker (Air)	3488	1120	429.5	269.9777130656439	1	1	1	1	1	0	0		PathTextures\2x2Cyan.tga	2	2	64	64	0	4	4	66/66
912	118	YTab	destructable	Pathing Blocker (Air)	3488	864	429.5	269.9777130656439	1	1	1	1	1	0	0		PathTextures\2x2Cyan.tga	2	2	64	64	0	4	4	66/66
913	117	YTab	destructable	Pathing Blocker (Air)	3488	800	429.5	269.9777130656439	1	1	1	1	1	0	0		PathTextures\2x2Cyan.tga	2	2	64	64	0	4	4	66/66
914	1636	YTab	destructable	Pathing Blocker (Air)	-1952	-544	337.734	269.9777130656439	1	1	1	1	1	0	0		PathTextures\2x2Cyan.tga	2	2	64	64	0	4	4	66/66
915	1635	YTab	destructable	Pathing Blocker (Air)	-1952	-608	313.453	269.9777130656439	1	1	1	1	1	0	0		PathTextures\2x2Cyan.tga	2	2	64	64	0	4	4	66/66
916	1634	YTab	destructable	Pathing Blocker (Air)	-1952	-672	301.359	269.9777130656439	1	1	1	1	1	0	0		PathTextures\2x2Cyan.tga	2	2	64	64	0	4	4	66/66
917	1021	YTab	destructable	Pathing Blocker (Air)	-1952	-2080	293.5	269.9777130656439	1	1	1	1	1	0	0		PathTextures\2x2Cyan.tga	2	2	64	64	0	4	4	66/66
918	1632	YTab	destructable	Pathing Blocker (Air)	-1952	-736	301.453	269.9777130656439	1	1	1	1	1	0	0		PathTextures\2x2Cyan.tga	2	2	64	64	0	4	4	66/66
919	1631	YTab	destructable	Pathing Blocker (Air)	-1952	-800	301.5	269.9777130656439	1	1	1	1	1	0	0		PathTextures\2x2Cyan.tga	2	2	64	64	0	4	4	66/66
920	1630	YTab	destructable	Pathing Blocker (Air)	-1952	-864	301.5	269.9777130656439	1	1	1	1	1	0	0		PathTextures\2x2Cyan.tga	2	2	64	64	0	4	4	66/66
921	1629	YTab	destructable	Pathing Blocker (Air)	-1952	-928	301.5	269.9777130656439	1	1	1	1	1	0	0		PathTextures\2x2Cyan.tga	2	2	64	64	0	4	4	66/66
922	1628	YTab	destructable	Pathing Blocker (Air)	-1952	-992	301.5	269.9777130656439	1	1	1	1	1	0	0		PathTextures\2x2Cyan.tga	2	2	64	64	0	4	4	66/66
923	1627	YTab	destructable	Pathing Blocker (Air)	-1952	-1056	301.5	269.9777130656439	1	1	1	1	1	0	0		PathTextures\2x2Cyan.tga	2	2	64	64	0	4	4	66/66
924	1626	YTab	destructable	Pathing Blocker (Air)	-1952	-1120	301.5	269.9777130656439	1	1	1	1	1	0	0		PathTextures\2x2Cyan.tga	2	2	64	64	0	4	4	66/66
925	1625	YTab	destructable	Pathing Blocker (Air)	-1952	-1184	301.5	269.9777130656439	1	1	1	1	1	0	0		PathTextures\2x2Cyan.tga	2	2	64	64	0	4	4	66/66
926	1624	YTab	destructable	Pathing Blocker (Air)	-1952	-1248	301.5	269.9777130656439	1	1	1	1	1	0	0		PathTextures\2x2Cyan.tga	2	2	64	64	0	4	4	66/66
927	1623	YTab	destructable	Pathing Blocker (Air)	-1952	-1312	301.5	269.9777130656439	1	1	1	1	1	0	0		PathTextures\2x2Cyan.tga	2	2	64	64	0	4	4	66/66
928	1622	YTab	destructable	Pathing Blocker (Air)	-1952	-1376	301.5	269.9777130656439	1	1	1	1	1	0	0		PathTextures\2x2Cyan.tga	2	2	64	64	0	4	4	66/66
929	1621	YTab	destructable	Pathing Blocker (Air)	-1952	-1440	301.5	269.9777130656439	1	1	1	1	1	0	0		PathTextures\2x2Cyan.tga	2	2	64	64	0	4	4	66/66
930	1620	YTab	destructable	Pathing Blocker (Air)	-1952	-1504	301.5	269.9777130656439	1	1	1	1	1	0	0		PathTextures\2x2Cyan.tga	2	2	64	64	0	4	4	66/66
931	1619	YTab	destructable	Pathing Blocker (Air)	-1952	-1568	301.5	269.9777130656439	1	1	1	1	1	0	0		PathTextures\2x2Cyan.tga	2	2	64	64	0	4	4	66/66
932	1618	YTab	destructable	Pathing Blocker (Air)	-1952	-1632	301.5	269.9777130656439	1	1	1	1	1	0	0		PathTextures\2x2Cyan.tga	2	2	64	64	0	4	4	66/66
933	163	YTab	destructable	Pathing Blocker (Air)	3488	1248	429.5	269.9777130656439	1	1	1	1	1	0	0		PathTextures\2x2Cyan.tga	2	2	64	64	0	4	4	66/66
934	164	YTab	destructable	Pathing Blocker (Air)	3488	1312	429.5	269.9777130656439	1	1	1	1	1	0	0		PathTextures\2x2Cyan.tga	2	2	64	64	0	4	4	66/66
935	180	YTab	destructable	Pathing Blocker (Air)	3488	1376	429.5	269.9777130656439	1	1	1	1	1	0	0		PathTextures\2x2Cyan.tga	2	2	64	64	0	4	4	66/66
936	181	YTab	destructable	Pathing Blocker (Air)	3488	1440	429.5	269.9777130656439	1	1	1	1	1	0	0		PathTextures\2x2Cyan.tga	2	2	64	64	0	4	4	66/66
937	1603	YTab	destructable	Pathing Blocker (Air)	-3680	2208	269.5	269.9777130656439	1	1	1	1	1	0	0		PathTextures\2x2Cyan.tga	2	2	64	64	0	4	4	66/66
938	183	YTab	destructable	Pathing Blocker (Air)	3488	1568	429.5	269.9777130656439	1	1	1	1	1	0	0		PathTextures\2x2Cyan.tga	2	2	64	64	0	4	4	66/66
939	819	YTab	destructable	Pathing Blocker (Air)	-1952	2080	293.5	269.9777130656439	1	1	1	1	1	0	0		PathTextures\2x2Cyan.tga	2	2	64	64	0	4	4	66/66
940	271	YTab	destructable	Pathing Blocker (Air)	-1952	2144	277.5	269.9777130656439	1	1	1	1	1	0	0		PathTextures\2x2Cyan.tga	2	2	64	64	0	4	4	66/66
941	269	YTab	destructable	Pathing Blocker (Air)	-3296	2208	269.5	269.9777130656439	1	1	1	1	1	0	0		PathTextures\2x2Cyan.tga	2	2	64	64	0	4	4	66/66
942	1587	YTab	destructable	Pathing Blocker (Air)	-2976	2208	270.344	269.9777130656439	1	1	1	1	1	0	0		PathTextures\2x2Cyan.tga	2	2	64	64	0	4	4	66/66
943	1586	YTab	destructable	Pathing Blocker (Air)	-2912	2208	270.469	269.9777130656439	1	1	1	1	1	0	0		PathTextures\2x2Cyan.tga	2	2	64	64	0	4	4	66/66
944	1595	YTab	destructable	Pathing Blocker (Air)	-3552	2208	269.5	269.9777130656439	1	1	1	1	1	0	0		PathTextures\2x2Cyan.tga	2	2	64	64	0	4	4	66/66
945	1584	YTab	destructable	Pathing Blocker (Air)	-3168	2208	269.5	269.9777130656439	1	1	1	1	1	0	0		PathTextures\2x2Cyan.tga	2	2	64	64	0	4	4	66/66
946	1325	YTab	destructable	Pathing Blocker (Air)	-2848	2208	270.156	269.9777130656439	1	1	1	1	1	0	0		PathTextures\2x2Cyan.tga	2	2	64	64	0	4	4	66/66
947	1324	YTab	destructable	Pathing Blocker (Air)	-2784	2208	269.547	269.9777130656439	1	1	1	1	1	0	0		PathTextures\2x2Cyan.tga	2	2	64	64	0	4	4	66/66
948	1596	YTab	destructable	Pathing Blocker (Air)	-3488	2208	269.5	269.9777130656439	1	1	1	1	1	0	0		PathTextures\2x2Cyan.tga	2	2	64	64	0	4	4	66/66
949	1597	YTab	destructable	Pathing Blocker (Air)	-3360	2208	269.5	269.9777130656439	1	1	1	1	1	0	0		PathTextures\2x2Cyan.tga	2	2	64	64	0	4	4	66/66
950	1219	YTab	destructable	Pathing Blocker (Air)	-2720	2208	268.641	269.9777130656439	1	1	1	1	1	0	0		PathTextures\2x2Cyan.tga	2	2	64	64	0	4	4	66/66
951	1178	YTab	destructable	Pathing Blocker (Air)	-2656	2208	267.594	269.9777130656439	1	1	1	1	1	0	0		PathTextures\2x2Cyan.tga	2	2	64	64	0	4	4	66/66
952	1017	YTab	destructable	Pathing Blocker (Air)	-2592	2208	266.406	269.9777130656439	1	1	1	1	1	0	0		PathTextures\2x2Cyan.tga	2	2	64	64	0	4	4	66/66
953	1016	YTab	destructable	Pathing Blocker (Air)	-2528	2208	264.063	269.9777130656439	1	1	1	1	1	0	0		PathTextures\2x2Cyan.tga	2	2	64	64	0	4	4	66/66
954	1000	YTab	destructable	Pathing Blocker (Air)	-2400	2208	260.828	269.9777130656439	1	1	1	1	1	0	0		PathTextures\2x2Cyan.tga	2	2	64	64	0	4	4	66/66
955	782	YTab	destructable	Pathing Blocker (Air)	3488	1824	429.5	269.9777130656439	1	1	1	1	1	0	0		PathTextures\2x2Cyan.tga	2	2	64	64	0	4	4	66/66
956	780	YTab	destructable	Pathing Blocker (Air)	3488	1760	429.5	269.9777130656439	1	1	1	1	1	0	0		PathTextures\2x2Cyan.tga	2	2	64	64	0	4	4	66/66
957	1362	ZPfw	doodad	Flowers	2781.161	334.727	397.5	273.01438937983727	1	1	1	1	1	0	1	255	none								
958	185	YTab	destructable	Pathing Blocker (Air)	3488	1696	429.5	269.9777130656439	1	1	1	1	1	0	0		PathTextures\2x2Cyan.tga	2	2	64	64	0	4	4	66/66
959	184	YTab	destructable	Pathing Blocker (Air)	3488	1632	429.5	269.9777130656439	1	1	1	1	1	0	0		PathTextures\2x2Cyan.tga	2	2	64	64	0	4	4	66/66
960	166	ZPfw	doodad	Flowers	5226.407	-130.082	563.75	277.99912219747546	1.064	1.064	1.064	1	1	0	4	255	none								
961	1683	YTab	destructable	Pathing Blocker (Air)	3488	-2016	429.5	269.9777130656439	1	1	1	1	1	0	0		PathTextures\2x2Cyan.tga	2	2	64	64	0	4	4	66/66
962	1832	YTab	destructable	Pathing Blocker (Air)	1952	-736	301.5	269.9777130656439	1	1	1	1	1	0	0		PathTextures\2x2Cyan.tga	2	2	64	64	0	4	4	66/66
963	1831	YTab	destructable	Pathing Blocker (Air)	1952	-800	301.5	269.9777130656439	1	1	1	1	1	0	0		PathTextures\2x2Cyan.tga	2	2	64	64	0	4	4	66/66
964	1830	YTab	destructable	Pathing Blocker (Air)	1952	-864	301.5	269.9777130656439	1	1	1	1	1	0	0		PathTextures\2x2Cyan.tga	2	2	64	64	0	4	4	66/66
965	1829	YTab	destructable	Pathing Blocker (Air)	1952	-928	301.5	269.9777130656439	1	1	1	1	1	0	0		PathTextures\2x2Cyan.tga	2	2	64	64	0	4	4	66/66
966	1828	YTab	destructable	Pathing Blocker (Air)	1952	-992	301.5	269.9777130656439	1	1	1	1	1	0	0		PathTextures\2x2Cyan.tga	2	2	64	64	0	4	4	66/66
967	1827	YTab	destructable	Pathing Blocker (Air)	1952	-1056	301.5	269.9777130656439	1	1	1	1	1	0	0		PathTextures\2x2Cyan.tga	2	2	64	64	0	4	4	66/66
968	1826	YTab	destructable	Pathing Blocker (Air)	1952	-1120	301.5	269.9777130656439	1	1	1	1	1	0	0		PathTextures\2x2Cyan.tga	2	2	64	64	0	4	4	66/66
969	1825	YTab	destructable	Pathing Blocker (Air)	1952	-1184	301.5	269.9777130656439	1	1	1	1	1	0	0		PathTextures\2x2Cyan.tga	2	2	64	64	0	4	4	66/66
970	1824	YTab	destructable	Pathing Blocker (Air)	1952	-1248	301.5	269.9777130656439	1	1	1	1	1	0	0		PathTextures\2x2Cyan.tga	2	2	64	64	0	4	4	66/66
971	1823	YTab	destructable	Pathing Blocker (Air)	1952	-1312	301.5	269.9777130656439	1	1	1	1	1	0	0		PathTextures\2x2Cyan.tga	2	2	64	64	0	4	4	66/66
972	1822	YTab	destructable	Pathing Blocker (Air)	1952	-1376	301.5	269.9777130656439	1	1	1	1	1	0	0		PathTextures\2x2Cyan.tga	2	2	64	64	0	4	4	66/66
973	1821	YTab	destructable	Pathing Blocker (Air)	1952	-1440	301.5	269.9777130656439	1	1	1	1	1	0	0		PathTextures\2x2Cyan.tga	2	2	64	64	0	4	4	66/66
974	1820	YTab	destructable	Pathing Blocker (Air)	1952	-1504	301.5	269.9777130656439	1	1	1	1	1	0	0		PathTextures\2x2Cyan.tga	2	2	64	64	0	4	4	66/66
975	1251	YTab	destructable	Pathing Blocker (Air)	3488	736	429.5	269.9777130656439	1	1	1	1	1	0	0		PathTextures\2x2Cyan.tga	2	2	64	64	0	4	4	66/66
976	187	YTab	destructable	Pathing Blocker (Air)	3488	2016	429.5	269.9777130656439	1	1	1	1	1	0	0		PathTextures\2x2Cyan.tga	2	2	64	64	0	4	4	66/66
977	188	YTab	destructable	Pathing Blocker (Air)	3488	-1952	429.5	269.9777130656439	1	1	1	1	1	0	0		PathTextures\2x2Cyan.tga	2	2	64	64	0	4	4	66/66
978	189	YTab	destructable	Pathing Blocker (Air)	3488	-1888	429.5	269.9777130656439	1	1	1	1	1	0	0		PathTextures\2x2Cyan.tga	2	2	64	64	0	4	4	66/66
979	190	YTab	destructable	Pathing Blocker (Air)	3488	-1824	429.5	269.9777130656439	1	1	1	1	1	0	0		PathTextures\2x2Cyan.tga	2	2	64	64	0	4	4	66/66
980	191	YTab	destructable	Pathing Blocker (Air)	3488	-1760	429.5	269.9777130656439	1	1	1	1	1	0	0		PathTextures\2x2Cyan.tga	2	2	64	64	0	4	4	66/66
981	192	YTab	destructable	Pathing Blocker (Air)	3488	-1696	429.5	269.9777130656439	1	1	1	1	1	0	0		PathTextures\2x2Cyan.tga	2	2	64	64	0	4	4	66/66
982	193	YTab	destructable	Pathing Blocker (Air)	3488	-1632	429.5	269.9777130656439	1	1	1	1	1	0	0		PathTextures\2x2Cyan.tga	2	2	64	64	0	4	4	66/66
983	194	YTab	destructable	Pathing Blocker (Air)	3488	-1568	429.5	269.9777130656439	1	1	1	1	1	0	0		PathTextures\2x2Cyan.tga	2	2	64	64	0	4	4	66/66
984	195	YTab	destructable	Pathing Blocker (Air)	3488	-1504	429.5	269.9777130656439	1	1	1	1	1	0	0		PathTextures\2x2Cyan.tga	2	2	64	64	0	4	4	66/66
985	196	YTab	destructable	Pathing Blocker (Air)	3488	-1440	429.5	269.9777130656439	1	1	1	1	1	0	0		PathTextures\2x2Cyan.tga	2	2	64	64	0	4	4	66/66
986	197	YTab	destructable	Pathing Blocker (Air)	3488	-1376	429.5	269.9777130656439	1	1	1	1	1	0	0		PathTextures\2x2Cyan.tga	2	2	64	64	0	4	4	66/66
987	198	YTab	destructable	Pathing Blocker (Air)	3488	-1312	429.5	269.9777130656439	1	1	1	1	1	0	0		PathTextures\2x2Cyan.tga	2	2	64	64	0	4	4	66/66
988	199	YTab	destructable	Pathing Blocker (Air)	3488	-1248	429.5	269.9777130656439	1	1	1	1	1	0	0		PathTextures\2x2Cyan.tga	2	2	64	64	0	4	4	66/66
989	200	YTab	destructable	Pathing Blocker (Air)	3488	-1184	429.5	269.9777130656439	1	1	1	1	1	0	0		PathTextures\2x2Cyan.tga	2	2	64	64	0	4	4	66/66
990	201	YTab	destructable	Pathing Blocker (Air)	3488	-1120	429.5	269.9777130656439	1	1	1	1	1	0	0		PathTextures\2x2Cyan.tga	2	2	64	64	0	4	4	66/66
991	202	YTab	destructable	Pathing Blocker (Air)	3488	-1056	429.5	269.9777130656439	1	1	1	1	1	0	0		PathTextures\2x2Cyan.tga	2	2	64	64	0	4	4	66/66
992	203	YTab	destructable	Pathing Blocker (Air)	3488	-992	429.5	269.9777130656439	1	1	1	1	1	0	0		PathTextures\2x2Cyan.tga	2	2	64	64	0	4	4	66/66
993	204	YTab	destructable	Pathing Blocker (Air)	3488	-928	429.5	269.9777130656439	1	1	1	1	1	0	0		PathTextures\2x2Cyan.tga	2	2	64	64	0	4	4	66/66
994	205	YTab	destructable	Pathing Blocker (Air)	3488	-864	429.5	269.9777130656439	1	1	1	1	1	0	0		PathTextures\2x2Cyan.tga	2	2	64	64	0	4	4	66/66
995	206	YTab	destructable	Pathing Blocker (Air)	3488	-800	429.5	269.9777130656439	1	1	1	1	1	0	0		PathTextures\2x2Cyan.tga	2	2	64	64	0	4	4	66/66
996	207	YTab	destructable	Pathing Blocker (Air)	3488	-736	429.5	269.9777130656439	1	1	1	1	1	0	0		PathTextures\2x2Cyan.tga	2	2	64	64	0	4	4	66/66
997	208	YTab	destructable	Pathing Blocker (Air)	3488	-672	429.5	269.9777130656439	1	1	1	1	1	0	0		PathTextures\2x2Cyan.tga	2	2	64	64	0	4	4	66/66
998	219	D003	doodad	Wall Vert |-|	3552	-1888	493.5	0	1.1	1.1	1.1	1	1	0	0	255	PathTextures\StoneWall1Path.tga	10	2	320	64	20	0	20	5555555555/5555555555
999	1855	YTab	destructable	Pathing Blocker (Air)	4704	2144	333.5	269.9777130656439	1	1	1	1	1	0	0		PathTextures\2x2Cyan.tga	2	2	64	64	0	4	4	66/66
1000	1854	YTab	destructable	Pathing Blocker (Air)	4896	2144	333.5	269.9777130656439	1	1	1	1	1	0	0		PathTextures\2x2Cyan.tga	2	2	64	64	0	4	4	66/66
1001	1853	YTab	destructable	Pathing Blocker (Air)	4640	2144	333.5	269.9777130656439	1	1	1	1	1	0	0		PathTextures\2x2Cyan.tga	2	2	64	64	0	4	4	66/66
1002	1852	YTab	destructable	Pathing Blocker (Air)	4768	2144	333.5	269.9777130656439	1	1	1	1	1	0	0		PathTextures\2x2Cyan.tga	2	2	64	64	0	4	4	66/66
1003	1851	YTab	destructable	Pathing Blocker (Air)	4512	2144	333.5	269.9777130656439	1	1	1	1	1	0	0		PathTextures\2x2Cyan.tga	2	2	64	64	0	4	4	66/66
1004	1850	YTab	destructable	Pathing Blocker (Air)	4256	2144	333.5	269.9777130656439	1	1	1	1	1	0	0		PathTextures\2x2Cyan.tga	2	2	64	64	0	4	4	66/66
1005	1849	YTab	destructable	Pathing Blocker (Air)	4576	2144	333.5	269.9777130656439	1	1	1	1	1	0	0		PathTextures\2x2Cyan.tga	2	2	64	64	0	4	4	66/66
1006	1848	YTab	destructable	Pathing Blocker (Air)	4448	2144	333.5	269.9777130656439	1	1	1	1	1	0	0		PathTextures\2x2Cyan.tga	2	2	64	64	0	4	4	66/66
1007	1847	YTab	destructable	Pathing Blocker (Air)	4320	2144	333.5	269.9777130656439	1	1	1	1	1	0	0		PathTextures\2x2Cyan.tga	2	2	64	64	0	4	4	66/66
1008	1846	YTab	destructable	Pathing Blocker (Air)	4384	2144	333.5	269.9777130656439	1	1	1	1	1	0	0		PathTextures\2x2Cyan.tga	2	2	64	64	0	4	4	66/66
1009	1845	YTab	destructable	Pathing Blocker (Air)	4192	2144	333.5	269.9777130656439	1	1	1	1	1	0	0		PathTextures\2x2Cyan.tga	2	2	64	64	0	4	4	66/66
1010	1844	YTab	destructable	Pathing Blocker (Air)	4128	2144	333.5	269.9777130656439	1	1	1	1	1	0	0		PathTextures\2x2Cyan.tga	2	2	64	64	0	4	4	66/66
1011	1843	YTab	destructable	Pathing Blocker (Air)	3936	2144	333.5	269.9777130656439	1	1	1	1	1	0	0		PathTextures\2x2Cyan.tga	2	2	64	64	0	4	4	66/66
1012	1842	YTab	destructable	Pathing Blocker (Air)	4000	2144	333.5	269.9777130656439	1	1	1	1	1	0	0		PathTextures\2x2Cyan.tga	2	2	64	64	0	4	4	66/66
1013	1841	YTab	destructable	Pathing Blocker (Air)	4064	2144	333.5	269.9777130656439	1	1	1	1	1	0	0		PathTextures\2x2Cyan.tga	2	2	64	64	0	4	4	66/66
1014	1840	YTab	destructable	Pathing Blocker (Air)	3872	2144	333.5	269.9777130656439	1	1	1	1	1	0	0		PathTextures\2x2Cyan.tga	2	2	64	64	0	4	4	66/66
1015	1839	YTab	destructable	Pathing Blocker (Air)	3744	2144	333.5	269.9777130656439	1	1	1	1	1	0	0		PathTextures\2x2Cyan.tga	2	2	64	64	0	4	4	66/66
1016	1838	YTab	destructable	Pathing Blocker (Air)	3808	2144	333.5	269.9777130656439	1	1	1	1	1	0	0		PathTextures\2x2Cyan.tga	2	2	64	64	0	4	4	66/66
1017	1837	YTab	destructable	Pathing Blocker (Air)	3680	2144	333.5	269.9777130656439	1	1	1	1	1	0	0		PathTextures\2x2Cyan.tga	2	2	64	64	0	4	4	66/66
1018	1836	YTab	destructable	Pathing Blocker (Air)	3616	2144	333.5	269.9777130656439	1	1	1	1	1	0	0		PathTextures\2x2Cyan.tga	2	2	64	64	0	4	4	66/66
1019	1835	YTab	destructable	Pathing Blocker (Air)	3552	2080	437.5	269.9777130656439	1	1	1	1	1	0	0		PathTextures\2x2Cyan.tga	2	2	64	64	0	4	4	66/66
1020	1834	YTab	destructable	Pathing Blocker (Air)	3616	2080	461.5	269.9777130656439	1	1	1	1	1	0	0		PathTextures\2x2Cyan.tga	2	2	64	64	0	4	4	66/66
1021	1912	YTab	destructable	Pathing Blocker (Air)	-3616	2144	333.5	269.9777130656439	1	1	1	1	1	0	0		PathTextures\2x2Cyan.tga	2	2	64	64	0	4	4	66/66
1022	1753	YTab	destructable	Pathing Blocker (Air)	2336	2144	301.5	269.9777130656439	1	1	1	1	1	0	0		PathTextures\2x2Cyan.tga	2	2	64	64	0	4	4	66/66
1023	1754	YTab	destructable	Pathing Blocker (Air)	2400	2144	301.5	269.9777130656439	1	1	1	1	1	0	0		PathTextures\2x2Cyan.tga	2	2	64	64	0	4	4	66/66
1024	1755	YTab	destructable	Pathing Blocker (Air)	2464	2144	301.5	269.9777130656439	1	1	1	1	1	0	0		PathTextures\2x2Cyan.tga	2	2	64	64	0	4	4	66/66
1025	1756	YTab	destructable	Pathing Blocker (Air)	2528	2144	301.5	269.9777130656439	1	1	1	1	1	0	0		PathTextures\2x2Cyan.tga	2	2	64	64	0	4	4	66/66
1026	1757	YTab	destructable	Pathing Blocker (Air)	2592	2144	301.5	269.9777130656439	1	1	1	1	1	0	0		PathTextures\2x2Cyan.tga	2	2	64	64	0	4	4	66/66
1027	1758	YTab	destructable	Pathing Blocker (Air)	2656	2144	301.5	269.9777130656439	1	1	1	1	1	0	0		PathTextures\2x2Cyan.tga	2	2	64	64	0	4	4	66/66
1028	1759	YTab	destructable	Pathing Blocker (Air)	2720	2144	301.5	269.9777130656439	1	1	1	1	1	0	0		PathTextures\2x2Cyan.tga	2	2	64	64	0	4	4	66/66
1029	1760	YTab	destructable	Pathing Blocker (Air)	2784	2144	301.5	269.9777130656439	1	1	1	1	1	0	0		PathTextures\2x2Cyan.tga	2	2	64	64	0	4	4	66/66
1030	1761	YTab	destructable	Pathing Blocker (Air)	2848	2144	301.5	269.9777130656439	1	1	1	1	1	0	0		PathTextures\2x2Cyan.tga	2	2	64	64	0	4	4	66/66
1031	1813	YTab	destructable	Pathing Blocker (Air)	5984	2080	461.5	269.9777130656439	1	1	1	1	1	0	0		PathTextures\2x2Cyan.tga	2	2	64	64	0	4	4	66/66
1032	1763	YTab	destructable	Pathing Blocker (Air)	2976	2144	301.5	269.9777130656439	1	1	1	1	1	0	0		PathTextures\2x2Cyan.tga	2	2	64	64	0	4	4	66/66
1033	1764	YTab	destructable	Pathing Blocker (Air)	2912	2144	301.5	269.9777130656439	1	1	1	1	1	0	0		PathTextures\2x2Cyan.tga	2	2	64	64	0	4	4	66/66
1034	1765	YTab	destructable	Pathing Blocker (Air)	3040	2144	301.5	269.9777130656439	1	1	1	1	1	0	0		PathTextures\2x2Cyan.tga	2	2	64	64	0	4	4	66/66
1035	1766	YTab	destructable	Pathing Blocker (Air)	3104	2144	301.5	269.9777130656439	1	1	1	1	1	0	0		PathTextures\2x2Cyan.tga	2	2	64	64	0	4	4	66/66
1036	1767	YTab	destructable	Pathing Blocker (Air)	3168	2144	301.5	269.9777130656439	1	1	1	1	1	0	0		PathTextures\2x2Cyan.tga	2	2	64	64	0	4	4	66/66
1037	1768	YTab	destructable	Pathing Blocker (Air)	3232	2144	301.5	269.9777130656439	1	1	1	1	1	0	0		PathTextures\2x2Cyan.tga	2	2	64	64	0	4	4	66/66
1038	1769	YTab	destructable	Pathing Blocker (Air)	3296	2144	301.5	269.9777130656439	1	1	1	1	1	0	0		PathTextures\2x2Cyan.tga	2	2	64	64	0	4	4	66/66
1039	1770	YTab	destructable	Pathing Blocker (Air)	3360	2144	301.5	269.9777130656439	1	1	1	1	1	0	0		PathTextures\2x2Cyan.tga	2	2	64	64	0	4	4	66/66
1040	1771	YTab	destructable	Pathing Blocker (Air)	3424	2144	301.5	269.9777130656439	1	1	1	1	1	0	0		PathTextures\2x2Cyan.tga	2	2	64	64	0	4	4	66/66
1041	1772	YTab	destructable	Pathing Blocker (Air)	3488	2144	309.5	269.9777130656439	1	1	1	1	1	0	0		PathTextures\2x2Cyan.tga	2	2	64	64	0	4	4	66/66
1042	1773	YTab	destructable	Pathing Blocker (Air)	3552	2144	325.5	269.9777130656439	1	1	1	1	1	0	0		PathTextures\2x2Cyan.tga	2	2	64	64	0	4	4	66/66
1043	906	ATtr	destructable	Ashenvale Tree Wall	-1024	1280	269.25	269.9777130656439	0.895	0.895	0.895	1	1	0	1		PathTextures\4x4Default.tga	4	4	128	128	16	0	16	5555/5555/5555/5555
1044	907	ATtr	destructable	Ashenvale Tree Wall	-704	1216	277.438	269.9777130656439	0.981	0.981	0.981	1	1	0	2		PathTextures\4x4Default.tga	4	4	128	128	16	0	16	5555/5555/5555/5555
1045	1117	ATtc	destructable	Ashenvale Canopy Tree	-1504	1312	272.906	269.9777130656439	0.978	0.978	0.978	1	1	0	2		PathTextures\2x2Default.tga	2	2	64	64	4	0	4	55/55
1046	909	ATtr	destructable	Ashenvale Tree Wall	-192	1216	271.313	269.9777130656439	0.979	0.979	0.979	1	1	0	0		PathTextures\4x4Default.tga	4	4	128	128	16	0	16	5555/5555/5555/5555
1047	910	ATtr	destructable	Ashenvale Tree Wall	64	1088	276	269.9777130656439	0.912	0.912	0.912	1	1	0	3		PathTextures\4x4Default.tga	4	4	128	128	16	0	16	5555/5555/5555/5555
1048	911	ATtc	destructable	Ashenvale Canopy Tree	160	1120	271.984	269.9777130656439	1.024	1.024	1.024	1	1	0	0		PathTextures\2x2Default.tga	2	2	64	64	4	0	4	55/55
1049	1819	YTab	destructable	Pathing Blocker (Air)	1952	-1568	301.5	269.9777130656439	1	1	1	1	1	0	0		PathTextures\2x2Cyan.tga	2	2	64	64	0	4	4	66/66
1050	1592	YTab	destructable	Pathing Blocker (Air)	-3616	2208	269.5	269.9777130656439	1	1	1	1	1	0	0		PathTextures\2x2Cyan.tga	2	2	64	64	0	4	4	66/66
1051	1109	ATtr	destructable	Ashenvale Tree Wall	-1408	1216	269.5	269.9777130656439	0.887	0.887	0.887	1	1	0	2		PathTextures\4x4Default.tga	4	4	128	128	16	0	16	5555/5555/5555/5555
1052	1111	ZPsh	doodad	Shrub	-1605.177	1098.214	269.5	187.98745258242312	0.899	0.899	0.899	1	1	0	2	255	none								
1053	940	ATtr	destructable	Ashenvale Tree Wall	-1088	1152	269.5	269.9777130656439	1.106	1.106	1.106	1	1	0	0		PathTextures\4x4Default.tga	4	4	128	128	16	0	16	5555/5555/5555/5555
1054	947	ATtc	destructable	Ashenvale Canopy Tree	-992	1184	269.453	269.9777130656439	0.908	0.908	0.908	1	1	0	1		PathTextures\2x2Default.tga	2	2	64	64	4	0	4	55/55
1055	948	ATtc	destructable	Ashenvale Canopy Tree	-416	1184	274.047	269.9777130656439	0.85	0.85	0.85	1	1	0	1		PathTextures\2x2Default.tga	2	2	64	64	4	0	4	55/55
1056	983	YTab	destructable	Pathing Blocker (Air)	-2464	2208	260.563	269.9777130656439	1	1	1	1	1	0	0		PathTextures\2x2Cyan.tga	2	2	64	64	0	4	4	66/66
1057	1814	YTab	destructable	Pathing Blocker (Air)	6048	2080	461.5	269.9777130656439	1	1	1	1	1	0	0		PathTextures\2x2Cyan.tga	2	2	64	64	0	4	4	66/66
1058	981	ATtc	destructable	Ashenvale Canopy Tree	-1248	928	271.422	269.9777130656439	0.877	0.877	0.877	1	1	0	0		PathTextures\2x2Default.tga	2	2	64	64	4	0	4	55/55
1059	1818	YTab	destructable	Pathing Blocker (Air)	1952	-1632	301.5	269.9777130656439	1	1	1	1	1	0	0		PathTextures\2x2Cyan.tga	2	2	64	64	0	4	4	66/66
1060	1789	YTab	destructable	Pathing Blocker (Air)	4448	2080	461.5	269.9777130656439	1	1	1	1	1	0	0		PathTextures\2x2Cyan.tga	2	2	64	64	0	4	4	66/66
1061	999	ATtc	destructable	Ashenvale Canopy Tree	-160	-1184	269.5	269.9777130656439	0.845	0.845	0.845	1	1	0	1		PathTextures\2x2Default.tga	2	2	64	64	4	0	4	55/55
1062	1806	YTab	destructable	Pathing Blocker (Air)	5600	2080	461.5	269.9777130656439	1	1	1	1	1	0	0		PathTextures\2x2Cyan.tga	2	2	64	64	0	4	4	66/66
1063	1001	ATtc	destructable	Ashenvale Canopy Tree	1184	-1312	277.047	269.9777130656439	1.167	1.167	1.167	1	1	0	0		PathTextures\2x2Default.tga	2	2	64	64	4	0	4	55/55
1064	1013	ATtc	destructable	Ashenvale Canopy Tree	672	-1184	270.234	269.9777130656439	0.89	0.89	0.89	1	1	0	0		PathTextures\2x2Default.tga	2	2	64	64	4	0	4	55/55
1065	1272	ATtr	destructable	Ashenvale Tree Wall	-320	1216	274	269.9777130656439	0.981	0.981	0.981	1	1	0	2		PathTextures\4x4Default.tga	4	4	128	128	16	0	16	5555/5555/5555/5555
1066	1113	ZPsh	doodad	Shrub	-1488.104	1453.647	296.042	187.98745258242312	0.899	0.899	0.899	1	1	0	2	255	none								
1067	182	YTab	destructable	Pathing Blocker (Air)	3488	1504	429.5	269.9777130656439	1	1	1	1	1	0	0		PathTextures\2x2Cyan.tga	2	2	64	64	0	4	4	66/66
1068	1528	YTab	destructable	Pathing Blocker (Air)	-2656	-2144	301.5	269.9777130656439	1	1	1	1	1	0	0		PathTextures\2x2Cyan.tga	2	2	64	64	0	4	4	66/66
1069	1018	ATtr	destructable	Ashenvale Tree Wall	-1152	-1152	269.5	269.9777130656439	1.188	1.188	1.188	1	1	0	0		PathTextures\4x4Default.tga	4	4	128	128	16	0	16	5555/5555/5555/5555
1070	1020	ATtr	destructable	Ashenvale Tree Wall	-1088	-1280	280.25	269.9777130656439	1.11	1.11	1.11	1	1	0	4		PathTextures\4x4Default.tga	4	4	128	128	16	0	16	5555/5555/5555/5555
1071	1022	ATtr	destructable	Ashenvale Tree Wall	-960	-1152	269.5	269.9777130656439	1.163	1.163	1.163	1	1	0	2		PathTextures\4x4Default.tga	4	4	128	128	16	0	16	5555/5555/5555/5555
1072	1075	ATtr	destructable	Ashenvale Tree Wall	1088	-1152	269.875	269.9777130656439	0.867	0.867	0.867	1	1	0	1		PathTextures\4x4Default.tga	4	4	128	128	16	0	16	5555/5555/5555/5555
1073	1076	ATtr	destructable	Ashenvale Tree Wall	-1600	-1728	341.125	269.9777130656439	0.962	0.962	0.962	1	1	0	2		PathTextures\4x4Default.tga	4	4	128	128	16	0	16	5555/5555/5555/5555
1074	1077	ATtr	destructable	Ashenvale Tree Wall	-1536	-1600	413.25	269.9777130656439	0.878	0.878	0.878	1	1	0	4		PathTextures\4x4Default.tga	4	4	128	128	16	0	16	5555/5555/5555/5555
1075	1078	ATtr	destructable	Ashenvale Tree Wall	-1408	-1600	392.625	269.9777130656439	0.987	0.987	0.987	1	1	0	0		PathTextures\4x4Default.tga	4	4	128	128	16	0	16	5555/5555/5555/5555
1076	1079	ARrk	doodad	Rocks	-1664	-1600	356.25	319.02290032884235	1.043	1.043	1.043	1	1	0	0	255	PathTextures\4x4Default.tga	4	4	128	128	16	0	16	5555/5555/5555/5555
1077	1080	ZPfw	doodad	Flowers	-1686.511	-1698.302	345.328	117.9720100174365	1.037	1.037	1.037	1	1	0	4	255	none								
1078	1081	ZPfw	doodad	Flowers	-1445.241	-1638.099	390.729	125.99341914926802	1.129	1.129	1.129	1	1	0	3	255	none								
1079	1082	ATtc	destructable	Ashenvale Canopy Tree	-1248	-1376	291.844	269.9777130656439	1.167	1.167	1.167	1	1	0	0		PathTextures\2x2Default.tga	2	2	64	64	4	0	4	55/55
1080	1083	ATtr	destructable	Ashenvale Tree Wall	-1664	-1088	269.375	269.9777130656439	1.176	1.176	1.176	1	1	0	1		PathTextures\4x4Default.tga	4	4	128	128	16	0	16	5555/5555/5555/5555
1081	1084	ATtr	destructable	Ashenvale Tree Wall	-1344	-1216	273.75	269.9777130656439	0.867	0.867	0.867	1	1	0	1		PathTextures\4x4Default.tga	4	4	128	128	16	0	16	5555/5555/5555/5555
1082	1085	ATtr	destructable	Ashenvale Tree Wall	1600	-1088	288.813	269.9777130656439	1.188	1.188	1.188	1	1	0	3		PathTextures\4x4Default.tga	4	4	128	128	16	0	16	5555/5555/5555/5555
1083	1086	ATtr	destructable	Ashenvale Tree Wall	1472	-1152	323.375	269.9777130656439	1.188	1.188	1.188	1	1	0	0		PathTextures\4x4Default.tga	4	4	128	128	16	0	16	5555/5555/5555/5555
1084	1087	ZPfw	doodad	Flowers	1525.265	-1132.815	304.852	247.0021054808979	0.95	0.95	0.95	1	1	0	4	255	none								
1085	1088	ATtc	destructable	Ashenvale Canopy Tree	1312	-1568	286.625	269.9777130656439	0.965	0.965	0.965	1	1	0	1		PathTextures\2x2Default.tga	2	2	64	64	4	0	4	55/55
1086	1089	ATtr	destructable	Ashenvale Tree Wall	1664	-1600	368.375	269.9777130656439	0.879	0.879	0.879	1	1	0	1		PathTextures\4x4Default.tga	4	4	128	128	16	0	16	5555/5555/5555/5555
1087	1090	ATtr	destructable	Ashenvale Tree Wall	1728	1024	269.5	269.9777130656439	0.897	0.897	0.897	1	1	0	0		PathTextures\4x4Default.tga	4	4	128	128	16	0	16	5555/5555/5555/5555
1088	915	ATtc	destructable	Ashenvale Canopy Tree	1120	1184	271	269.9777130656439	1.18	1.18	1.18	1	1	0	2		PathTextures\2x2Default.tga	2	2	64	64	4	0	4	55/55
1089	1092	ARrk	doodad	Rocks	1472	1344	332.625	302.0060538134569	1	1	1	1	1	0	9	255	PathTextures\4x4Default.tga	4	4	128	128	16	0	16	5555/5555/5555/5555
1090	1107	ZPfw	doodad	Flowers	-1678.05	1671.962	380.898	269.0036848139215	1.068	1.068	1.068	1	1	0	0	255	none								
1091	1094	ATtr	destructable	Ashenvale Tree Wall	1600	1408	355	269.9777130656439	1.053	1.053	1.053	1	1	0	0		PathTextures\4x4Default.tga	4	4	128	128	16	0	16	5555/5555/5555/5555
1092	1095	ATtr	destructable	Ashenvale Tree Wall	1664	1536	356	269.9777130656439	1.084	1.084	1.084	1	1	0	4		PathTextures\4x4Default.tga	4	4	128	128	16	0	16	5555/5555/5555/5555
1093	1096	ATtr	destructable	Ashenvale Tree Wall	1728	1664	362.125	269.9777130656439	0.877	0.877	0.877	1	1	0	1		PathTextures\4x4Default.tga	4	4	128	128	16	0	16	5555/5555/5555/5555
1094	1097	ARrk	doodad	Rocks	1152	1792	286.75	326.01298542943846	1	1	1	1	1	0	5	255	PathTextures\4x4Default.tga	4	4	128	128	16	0	16	5555/5555/5555/5555
1095	1098	ARrk	doodad	Rocks	1216	1920	279.625	41.99780638308934	1	1	1	1	1	0	8	255	PathTextures\4x4Default.tga	4	4	128	128	16	0	16	5555/5555/5555/5555
1096	1099	ZPsh	doodad	Shrub	1169.951	1836.601	283.575	233.99596353142817	1	1	1	1	1	0	2	255	none								
1097	1100	ZPsh	doodad	Shrub	1263.681	1830.764	284.007	341.02447966186594	1	1	1	1	1	0	2	255	none								
1098	1101	APms	doodad	Mushrooms	1209.377	1819.226	284.57	255.99754286445182	1	1	1	1	1	0	2	255	none								
1099	1102	APms	doodad	Mushrooms	1284.553	1866.981	286.187	114.99262948275624	1	1	1	1	1	0	1	255	none								
1100	1103	APms	doodad	Mushrooms	1122.48	1880.29	277.878	233.02193527970581	1	1	1	1	1	0	2	255	none								
1101	1104	APms	doodad	Mushrooms	1285.749	1761.498	288.491	165.0118449976771	1	1	1	1	1	0	3	255	none								
1102	1105	ATtr	destructable	Ashenvale Tree Wall	-1472	1600	330.938	269.9777130656439	1.146	1.146	1.146	1	1	0	3		PathTextures\4x4Default.tga	4	4	128	128	16	0	16	5555/5555/5555/5555
1103	1106	ZPsh	doodad	Shrub	-1678.974	1687.652	378.937	236.9753440661085	1.113	1.113	1.113	1	1	0	0	255	none								
1104	1093	ATtr	destructable	Ashenvale Tree Wall	1472	1152	273.5	269.9777130656439	0.849	0.849	0.849	1	1	0	0		PathTextures\4x4Default.tga	4	4	128	128	16	0	16	5555/5555/5555/5555
1105	1091	ATtr	destructable	Ashenvale Tree Wall	1344	1408	308	269.9777130656439	0.944	0.944	0.944	1	1	0	0		PathTextures\4x4Default.tga	4	4	128	128	16	0	16	5555/5555/5555/5555
1106	916	ATtr	destructable	Ashenvale Tree Wall	1152	1088	268.625	269.9777130656439	0.942	0.942	0.942	1	1	0	1		PathTextures\4x4Default.tga	4	4	128	128	16	0	16	5555/5555/5555/5555
1107	127	ATtr	destructable	Ashenvale Tree Wall	1088	1472	343.6	269.9777130656439	0.986	0.986	0.986	1	1	1	3		PathTextures\4x4Default.tga	4	4	128	128	16	0	16	5555/5555/5555/5555
1108	917	ATtr	destructable	Ashenvale Tree Wall	1024	1216	274	269.9777130656439	0.879	0.879	0.879	1	1	0	1		PathTextures\4x4Default.tga	4	4	128	128	16	0	16	5555/5555/5555/5555
1109	129	ATtr	destructable	Ashenvale Tree Wall	832	1472	341.425	269.9777130656439	1.188	1.188	1.188	1	1	1	0		PathTextures\4x4Default.tga	4	4	128	128	16	0	16	5555/5555/5555/5555
1110	128	ATtr	destructable	Ashenvale Tree Wall	960	1536	367.325	269.9777130656439	1.188	1.188	1.188	1	1	1	3		PathTextures\4x4Default.tga	4	4	128	128	16	0	16	5555/5555/5555/5555
1111	125	ATtr	destructable	Ashenvale Tree Wall	384	1408	297	269.9777130656439	0.94	0.94	0.94	1	1	0	3		PathTextures\4x4Default.tga	4	4	128	128	16	0	16	5555/5555/5555/5555
1112	977	ZPsh	doodad	Shrub	463.37	980.707	239.847	282.9838550151136	1	1	0.943	1	1	0	2	255	none								
1113	984	APct	doodad	Cattail	-224.023	845.646	199.487	207.00965138076646	0.8	0.8	0.822	1	1	0	0	255	none								
1114	987	APct	doodad	Cattail	-264.177	876.449	207.52	344.9778884482687	0.8	0.8	0.8	1	1	0	0	255	none								
1115	1014	APct	doodad	Cattail	-260.944	832.357	188.334	194.97753768301914	0.8	0.8	0.8	1	1	0	0	255	none								
1116	1119	APct	doodad	Cattail	-186.903	786.532	180.382	83.02158451445628	0.8	0.8	0.8	1	1	0	0	255	none								
1117	1120	APct	doodad	Cattail	97.086	-877.548	190.615	70.0154425649866	0.9	0.9	1.051	1	1	0	0	255	none								
1118	1121	APct	doodad	Cattail	125.672	-913.364	209.941	75.00017538262475	0.9	0.9	0.828	1	1	0	0	255	none								
1119	1122	APct	doodad	Cattail	695.422	-829.126	180.081	236.0013158143861	0.95	0.95	0.907	1	1	0	0	255	none								
1120	1123	APct	doodad	Cattail	646.3	-877.788	203.146	200.9935945318928	0.95	0.95	1.103	1	1	0	0	255	none								
1121	1124	APct	doodad	Cattail	661.26	-805.103	170.004	50.019215514920866	0.95	0.95	0.935	1	1	0	0	255	none								
1122	1125	APct	doodad	Cattail	769.386	843.258	177.579	260.0082474303676	0.85	0.85	0.986	1	1	0	0	255	none								
1123	1126	APct	doodad	Cattail	743.168	828.654	168.689	238.00666809734398	1	1	1.062	1	1	0	0	255	none								
1124	1127	APct	doodad	Cattail	786.036	781.147	156.873	213.0257082296401	1	1	0.829	1	1	0	0	255	none								
1125	1128	APct	doodad	Cattail	-257.732	-178.696	154	30.99701671657754	0.8	0.8	0.8	1	1	0	0	255	none								
1126	1129	APct	doodad	Cattail	-249.051	-221.126	153.875	342.97253616531077	0.8	0.8	0.88	1	1	0	0	255	none								
1127	1142	ZPfw	doodad	Flowers	-252.765	-197.382	153.958	28.991664433619654	0.8	0.8	0.8	1	1	0	0	255	none								
1128	1131	ZPfw	doodad	Flowers	-724.84	817.909	190.481	231.01658299674793	1	1	1	1	1	0	3	255	none								
1129	1132	ZPfw	doodad	Flowers	-744.73	755.23	175.482	266.99833253096364	1	1	0.897	1	1	0	4	255	none								
1130	1133	ZPfw	doodad	Flowers	-694.242	847.981	197.298	68.98411853375111	1	1	0.996	1	1	0	0	255	none								
1131	1134	ZPfw	doodad	Flowers	-32.879	825.698	200.795	302.9800820651793	1	1	1.186	1	1	0	1	255	none								
1132	1135	ZPfw	doodad	Flowers	-171.695	1015.92	273.84	138.0255328470153	1	1	0.939	1	1	0	4	255	none								
1133	1136	ZPfw	doodad	Flowers	503.096	998.317	248.72	191.99815714833886	1	1	0.931	1	1	0	3	255	none								
1134	1137	ZPfw	doodad	Flowers	895.538	627.368	203.721	167.99122553235736	1	1	1.025	1	1	0	3	255	none								
1135	1138	ZPfw	doodad	Flowers	769.131	-833.904	180.99	55.97797658428142	0.95	0.95	0.981	1	1	0	3	255	none								
1136	1139	ZPfw	doodad	Flowers	676.637	-853.398	191.468	21.027551081301212	0.95	0.95	0.879	1	1	0	3	255	none								
1137	1140	ZPfw	doodad	Flowers	91.159	-896.342	196.115	331.97174649879895	0.9	0.9	0.8	1	1	0	3	255	none								
1138	1141	ZPfw	doodad	Flowers	144.956	-885.151	199.367	240.01202038030183	0.9	0.9	0.834	1	1	0	4	255	none								
1139	1130	ZPfw	doodad	Flowers	-247.876	842.527	194.306	346.00921247950413	0.8	0.8	0.8	1	1	0	2	255	none								
1140	1143	ZPfw	doodad	Flowers	-215.831	811.784	186.228	132.98350424986407	0.8	0.8	0.8	1	1	0	2	255	none								
1141	1144	APbs	doodad	Bush	32	928	254.188	55.97797658428142	1	1	0.993	1	1	0	0	255	PathTextures\2x2Default.tga	2	2	64	64	4	0	4	55/55
1142	1145	APbs	doodad	Bush	-800	800	201.328	317.9915762976069	1	1	1.157	1	1	0	0	255	PathTextures\2x2Default.tga	2	2	64	64	4	0	4	55/55
1143	1146	APbs	doodad	Bush	-224	-928	215.672	180.99736748182707	1	1	1.078	1	1	0	0	255	PathTextures\2x2Default.tga	2	2	64	64	4	0	4	55/55
1144	1147	APbs	doodad	Bush	288	-864	204.203	194.97753768301914	1	1	0.885	1	1	0	0	255	PathTextures\2x2Default.tga	2	2	64	64	4	0	4	55/55
1145	1148	APbs	doodad	Bush	800	-928	229.469	167.99122553235736	1	1	0.834	1	1	0	0	255	PathTextures\2x2Default.tga	2	2	64	64	4	0	4	55/55
1146	1149	APms	doodad	Mushrooms	386.532	-1070.885	272.179	158.02175989708104	1	1	0.948	1	1	0	2	255	none								
1147	1150	APms	doodad	Mushrooms	198.024	-1029.854	269.663	44.97718691776963	1	1	1.165	1	1	0	0	255	none								
1148	1151	APms	doodad	Mushrooms	172.211	1059.721	274.589	150.0003507652495	1	1	0.974	1	1	0	2	255	none								
1149	1152	APms	doodad	Mushrooms	-385.56	1160.559	271.294	172.97595834999555	1	1	1.142	1	1	0	2	255	none								
1150	1153	APms	doodad	Mushrooms	-435.014	1118.485	270.173	299.0266732787767	1	1	1.085	1	1	0	0	255	none								
1151	1154	APms	doodad	Mushrooms	-197.827	1158.951	269.923	68.98411853375111	1	1	1.134	1	1	0	0	255	none								
1152	1155	APms	doodad	Mushrooms	-763.862	829.111	198.675	344.9778884482687	1	1	1.155	1	1	0	3	255	none								
1153	1156	APms	doodad	Mushrooms	-827.307	817.391	215.446	77.97955591730503	1	1	1.118	1	1	0	0	255	none								
1154	1157	APms	doodad	Mushrooms	498.101	967.557	230.627	322.0022808635227	1	1	1.141	1	1	0	2	255	none								
1155	1158	APms	doodad	Mushrooms	521.01	1001.833	250.481	121.00868633162987	1	1	0.872	1	1	0	0	255	none								
1156	1159	APms	doodad	Mushrooms	810.666	837.229	189.445	123.98806686631016	1	1	0.939	1	1	0	3	255	none								
1157	1160	APms	doodad	Mushrooms	766.339	825.351	168.87	105.9971920992023	0.85	0.85	0.8	1	1	0	0	255	none								
1158	1161	APms	doodad	Mushrooms	923.533	582.055	216.762	284.0151790463491	1	1	0.883	1	1	0	0	255	none								
1159	1776	YTab	destructable	Pathing Blocker (Air)	3744	2080	461.5	269.9777130656439	1	1	1	1	1	0	0		PathTextures\2x2Cyan.tga	2	2	64	64	0	4	4	66/66
1160	1163	ARrk	doodad	Rocks	704	960	229.438	231.01658299674793	1	1	0.839	1	1	0	7	255	PathTextures\4x4Default.tga	4	4	128	128	16	0	16	5555/5555/5555/5555
1161	1164	ARrk	doodad	Rocks	-576	832	183	185.00807204774284	1	1	0.93	1	1	0	6	255	PathTextures\4x4Default.tga	4	4	128	128	16	0	16	5555/5555/5555/5555
1162	1166	ARrk	doodad	Rocks	-832	-1088	269.688	33.00236899953541	1	1	1.116	1	1	0	9	255	PathTextures\4x4Default.tga	4	4	128	128	16	0	16	5555/5555/5555/5555
1163	1165	ZPsh	doodad	Shrub	-150.947	1109.815	272.467	273.01438937983727	1	1	0.97	1	1	0	0	255	none								
1164	1193	LPrs	doodad	River Rushes	16.26	1034.004	282.384	83.99561276617868	1	1	1.024	1	1	0	2	255	none								
1165	1168	ZPsh	doodad	Shrub	230.094	762.416	159.738	220.0157933302361	1	1	0.858	1	1	0	0	255	none								
1166	1169	ZPsh	doodad	Shrub	885.474	556.502	201.79	2.9793805346802804	1	1	1.016	1	1	0	2	255	none								
1167	1170	ZPsh	doodad	Shrub	846.833	-297.252	193.218	238.9806963490664	1	1	0.948	1	1	0	2	255	none								
1168	1171	ZPsh	doodad	Shrub	894.577	-232.5	214.401	355.97867811478045	1	1	0.984	1	1	0	0	255	none								
1169	1172	ZPsh	doodad	Shrub	844.523	-862.158	215.288	22.001579333023614	1	1	1.145	1	1	0	2	255	none								
1170	1173	ZPsh	doodad	Shrub	-204.389	-867.694	190.713	158.02175989708104	1	1	1.149	1	1	0	0	255	none								
1171	1174	ZPsh	doodad	Shrub	-249.98	-856.992	191.601	200.01956628017038	1	1	0.849	1	1	0	0	255	none								
1172	1175	ZPsh	doodad	Shrub	-220.177	-898.336	204.401	194.00350943129675	1	1	1.137	1	1	0	2	255	none								
1173	1176	ZPsh	doodad	Shrub	-358.858	-226.905	154	81.01623223149839	0.8	0.8	0.905	1	1	0	1	255	none								
1174	1177	ZPsh	doodad	Shrub	-879.824	274.591	205.579	99.00710699860626	1	1	0.816	1	1	0	0	255	none								
1175	1468	YTfb	destructable	Pathing Blocker (Both)	-2016	544	377.219	269.9777130656439	1	1	1	1	1	0	0		PathTextures\2x2Unflyable.tga	2	2	64	64	4	4	4	77/77
1176	1185	CPlp	doodad	Lily Pad	691.217	-822.046	192.7	61.99403343315508	0.95	0.95	1.038	1	1	0	0	255	none								
1177	1180	CPlp	doodad	Lily Pad	-241.951	792.716	192.7	167.01719728063497	0.8	0.8	0.88	1	1	0	0	255	none								
1178	1181	CPlp	doodad	Lily Pad	748.704	768.946	192.7	189.99280486538098	0.85	0.85	0.8	1	1	0	0	255	none								
1179	1182	CPlp	doodad	Lily Pad	-254.509	-196.917	192.7	280.0044744804333	0.8	0.8	0.994	1	1	0	0	255	none								
1180	1183	CPlp	doodad	Lily Pad	-764.617	717.447	192.7	293.010616429903	1	1	0.997	1	1	0	0	255	none								
1181	1184	CPlp	doodad	Lily Pad	94.193	-851.474	181.627	112.98727719979833	0.9	0.9	0.991	1	1	0	0	255	none								
1182	1179	LPcr	doodad	Corn	303.766	-849.721	197.424	11.000789666511807	0.9	0.9	1.054	1	1	0	0	255	none								
1183	1809	YTab	destructable	Pathing Blocker (Air)	5728	2080	461.5	269.9777130656439	1	1	1	1	1	0	0		PathTextures\2x2Cyan.tga	2	2	64	64	0	4	4	66/66
1184	1187	LPcr	doodad	Corn	45.885	-95.284	149.109	242.9914009149821	0.85	0.85	0.85	1	1	0	0	255	none								
1185	1188	LPcw	doodad	Grain Scorched	159.055	1092.348	273.519	350.9939452971423	1	1	1.153	1	1	0	1	255	none								
1186	1189	LPcw	doodad	Grain Scorched	-16.174	880.08	234.504	4.010704565915763	1	1	1.116	1	1	0	1	255	none								
1187	1190	LPcw	doodad	Grain Scorched	10.435	943.803	259.774	304.98543434813723	1	1	1.171	1	1	0	1	255	none								
1188	1191	LPcw	doodad	Grain Scorched	75.285	921.238	250.373	59.98868115019719	1	1	0.851	1	1	0	1	255	none								
1189	1192	LPrs	doodad	River Rushes	-13.838	932.158	255.775	225.97455439959666	1	1	1.112	1	1	0	2	255	none								
1190	1167	ZPlp	doodad	Lily Pad	-374.132	787.215	192.7	15.98552248414997	1	1	0.974	1	1	0	0	255	none								
1191	1194	ZPlp	doodad	Lily Pad	-338.902	736.825	192.7	176.0126346641889	1	1	0.824	1	1	0	2	255	none								
1192	1195	ZPlp	doodad	Lily Pad	580.41	-290.661	192.7	81.9902604832208	1	1	0.878	1	1	0	1	255	none								
1193	1196	ZPlp	doodad	Lily Pad	584.638	-340.881	192.7	310.02746294528845	1	1	0.982	1	1	0	2	255	none								
1194	1197	ZPlp	doodad	Lily Pad	619.121	-344.265	192.7	116.99798176571409	1	1	0.929	1	1	0	2	255	none								
1195	1198	ZPlp	doodad	Lily Pad	516.114	-752.774	192.7	169.02254956359286	1	1	1.1	1	1	0	0	255	none								
1196	1199	ZPlp	doodad	Lily Pad	538.329	-773.757	192.7	178.01798694714677	1	1	1.04	1	1	0	2	255	none								
1197	1200	ZPlp	doodad	Lily Pad	558.936	-800.442	192.7	4.984732817638162	1	1	0.984	1	1	0	1	255	none								
1198	1201	ZPlp	doodad	Lily Pad	494.753	-797.849	192.7	342.97253616531077	1	1	0.93	1	1	0	1	255	none								
1199	1202	ZPlp	doodad	Lily Pad	-275.61	-765.804	192.7	6.990085100596044	1	1	0.881	1	1	0	2	255	none								
1200	1203	ZPlp	doodad	Lily Pad	-228.512	-762.473	192.7	255.0235146127294	1	1	0.851	1	1	0	0	255	none								
1201	1204	ZPlp	doodad	Lily Pad	-247.532	-814.367	192.7	176.0126346641889	1	1	0.895	1	1	0	1	255	none								
1202	1205	ZPlp	doodad	Lily Pad	-231.521	-789.626	192.7	15.01149423242757	1	1	1.048	1	1	0	2	255	none								
1203	1206	ZPlp	doodad	Lily Pad	-778.068	290.097	192.7	266.99833253096364	1	1	1.135	1	1	0	2	255	none								
1204	1207	ZPlp	doodad	Lily Pad	-741.831	292.086	192.7	110.98192491684047	1	1	1	1	1	0	1	255	none								
1205	1208	ZPlp	doodad	Lily Pad	-725.836	258	192.7	324.00763314648054	1	1	0.832	1	1	0	2	255	none								
1206	1209	ZPlp	doodad	Lily Pad	-729.74	213.591	192.7	176.9866629159113	1	1	0.923	1	1	0	1	255	none								
1207	1210	ZPlp	doodad	Lily Pad	-693.02	237.339	192.7	211.9943841984046	1	1	0.898	1	1	0	2	255	none								
1208	1211	ZPlp	doodad	Lily Pad	-685.145	243.058	192.7	311.00149119701086	1	1	1.148	1	1	0	0	255	none								
1209	1212	ZPlp	doodad	Lily Pad	-711.472	275.649	192.7	125.01939089754562	1	1	0.901	1	1	0	1	255	none								
1210	1213	ZPlp	doodad	Lily Pad	-720.316	299.122	192.7	326.01298542943846	1	1	0.855	1	1	0	1	255	none								
1211	1214	ZPlp	doodad	Lily Pad	-711.787	319.67	192.7	30.99701671657754	1	1	1.107	1	1	0	1	255	none								
1212	1215	ZPlp	doodad	Lily Pad	394.217	820.641	192.7	130.0041237151838	1	1	0.943	1	1	0	2	255	none								
1213	1216	ZPlp	doodad	Lily Pad	447.096	861.136	177.82	112.98727719979833	1	1	0.884	1	1	0	1	255	none								
1214	1217	ZPlp	doodad	Lily Pad	436.289	820.146	192.7	198.9882422489349	1	1	0.832	1	1	0	1	255	none								
1215	1218	ZPms	doodad	Mushrooms	608	1184	269.125	269.9777130656439	1	1	0.904	1	1	0	0	255	PathTextures\2x2Default.tga	2	2	64	64	4	0	4	55/55
1216	1788	YTab	destructable	Pathing Blocker (Air)	4384	2080	461.5	269.9777130656439	1	1	1	1	1	0	0		PathTextures\2x2Cyan.tga	2	2	64	64	0	4	4	66/66
1217	1220	ZPms	doodad	Mushrooms	928	-1120	270.313	269.9777130656439	1	1	1.077	1	1	0	1	255	PathTextures\2x2Default.tga	2	2	64	64	4	0	4	55/55
1218	1221	ZPms	doodad	Mushrooms	-544	-1056	269.594	269.9777130656439	1	1	1.05	1	1	0	3	255	PathTextures\2x2Default.tga	2	2	64	64	4	0	4	55/55
1219	1899	YTab	destructable	Pathing Blocker (Air)	1952	1248	301.5	269.9777130656439	1	1	1	1	1	0	0		PathTextures\2x2Cyan.tga	2	2	64	64	0	4	4	66/66
1220	1459	ZPsh	doodad	Shrub	841.987	-2305.574	336.514	342.97253616531077	0.972	0.972	0.972	1	1	0	1	255	none								
1221	1224	ZPms	doodad	Mushrooms	-1440	-1760	301.438	269.9777130656439	1	1	1.152	1	1	0	4	255	PathTextures\2x2Default.tga	2	2	64	64	4	0	4	55/55
1222	1225	ZPms	doodad	Mushrooms	1376	-1632	315.25	269.9777130656439	1	1	0.855	1	1	0	1	255	PathTextures\2x2Default.tga	2	2	64	64	4	0	4	55/55
1223	1226	ZPms	doodad	Mushrooms	-288	1504	337.594	269.9777130656439	1	1	0.843	1	1	0	1	255	PathTextures\2x2Default.tga	2	2	64	64	4	0	4	55/55
1224	1227	ZPms	doodad	Mushrooms	-1312	1312	269.672	269.9777130656439	1	1	0.802	1	1	0	4	255	PathTextures\2x2Default.tga	2	2	64	64	4	0	4	55/55
1225	1228	ZPvp	doodad	Viny Plant	160	672	155.5	70.989470816709	0.85	0.85	1.032	1	1	0	3	255	PathTextures\2x2Default.tga	2	2	64	64	4	0	4	55/55
1226	1229	ZPvp	doodad	Viny Plant	608	928	206.047	138.99956109873773	1	1	0.814	1	1	0	1	255	PathTextures\2x2Default.tga	2	2	64	64	4	0	4	55/55
1227	1230	ZPvp	doodad	Viny Plant	864	-480	195.469	275.0197416627951	0.8	0.8	0.967	1	1	0	0	255	PathTextures\2x2Default.tga	2	2	64	64	4	0	4	55/55
1228	1231	APct	doodad	Cattail	-696.13	-163.123	154	15.98552248414997	0.8	0.8	0.82	1	1	0	0	255	none								
1229	1232	APct	doodad	Cattail	-683.874	-186.971	154	130.97815196690618	0.8	0.8	0.811	1	1	0	0	255	none								
1230	1233	LPlp	doodad	Lily Pad	-687.856	-197.675	192.7	308.0221106623306	0.8	0.8	0.872	1	1	0	0	255	none								
1231	1234	LPlp	doodad	Lily Pad	-672.901	-147.564	192.7	291.0052641469451	0.8	0.8	0.8	1	1	0	0	255	none								
1232	1235	LPlp	doodad	Lily Pad	-642.444	-198.494	192.7	79.01087994854052	0.8	0.8	0.8	1	1	0	0	255	none								
1233	1236	LPlp	doodad	Lily Pad	-673.447	-217.655	192.7	330.99771824707665	0.8	0.8	0.887	1	1	0	0	255	none								
1234	1237	LPlp	doodad	Lily Pad	-729.331	-193.316	192.7	313.98087173169114	0.8	0.8	0.8	1	1	0	0	255	none								
1235	1238	ZWbg	doodad	Bubbles	744.171	775.746	192.7	335.9824510647147	0.85	0.85	0.956	1	1	0	0	255	none								
1236	1239	ZWbg	doodad	Bubbles	668.354	-803.035	192.7	251.98683829853604	0.95	0.95	1.097	1	1	0	0	255	none								
1237	1240	ZWsf	doodad	Fish School	609.416	-733.576	155.741	322.97630911524504	1.2	1.2	1.2	1	1	0	0	255	none								
1238	1241	ZWsf	doodad	Fish School	-424.693	723.241	154.695	136.99420881577984	1.2	1.2	1.2	1	1	0	0	255	none								
1239	1242	AWfs	doodad	Fish	283.753	662.971	154.572	328.0183377123963	1.2	1.2	1.2	1	1	0	0	255	none								
1240	1243	ZWfs	doodad	Fish Green	552.758	827.369	161.086	143.01026566465347	1.2	1.2	1.2	1	1	0	0	255	none								
1241	1244	AWlp	doodad	Lily Pads	228.277	720.656	192.7	150.0003507652495	0.85	0.85	0.883	1	1	0	0	255	none								
1242	1245	AWlp	doodad	Lily Pads	-330.086	754.543	192.7	306.0167583793727	1	1	0.987	1	1	0	0	255	none								
1243	1246	AWlp	doodad	Lily Pads	68.683	-165.268	192.7	130.0041237151838	0.85	0.85	0.85	1	1	0	0	255	none								
1244	1247	AWlp	doodad	Lily Pads	-236.412	-208.155	192.7	77.00552766558265	0.8	0.8	0.814	1	1	0	0	255	none								
1245	1248	AWlp	doodad	Lily Pads	-694.964	-183.855	192.7	136.02018056405743	0.8	0.8	0.881	1	1	0	0	255	none								
1246	1249	ZWsw	doodad	Seaweed	849.052	-477.607	189.196	295.9899969645833	1.5	1.5	1.5	1	1	0	3	255	none								
1247	1250	ZWsw	doodad	Seaweed	306.725	709.891	192.7	39.018425848409066	1.5	1.5	1.888	1	1	0	3	255	none								
1248	1186	LPcr	doodad	Corn	56.948	-200.185	146.172	355.97867811478045	0.8	0.8	0.8	1	1	0	0	255	none								
1249	1252	AOsr	doodad	Remains Scorched	-376.106	-117.192	154	337.0137750959502	1.2	1.2	1.2	1	1	0	0	255	none								
1250	1253	NOfg	doodad	Fire Pit with Pig	1344	960	269.625	165.98587324939948	1.2	1.2	1.2	1	1	0	0	255	PathTextures\4x4Default.tga	4	4	128	128	16	0	16	5555/5555/5555/5555
1251	1254	ASbc	doodad	Broken Column	-1408	-960	269.375	306.0167583793727	1	1	1	1	1	0	0	255	PathTextures\4x4Default.tga	4	4	128	128	16	0	16	5555/5555/5555/5555
1252	1255	ASbc	doodad	Broken Column	1664	1216	278.375	262.0135997133255	1	1	1	1	1	0	1	255	PathTextures\4x4Default.tga	4	4	128	128	16	0	16	5555/5555/5555/5555
1253	1256	ASbc	doodad	Broken Column	1088	-1664	336.875	2.9793805346802804	1	1	1	1	1	0	0	255	PathTextures\4x4Default.tga	4	4	128	128	16	0	16	5555/5555/5555/5555
1254	1257	ASbr	doodad	Rubble	1600	-1344	326.875	172.97595834999555	1	1	1	1	1	0	1	255	PathTextures\4x4Default.tga	4	4	128	128	16	0	16	5555/5555/5555/5555
1255	1258	ASbr	doodad	Rubble	1216	896	266.625	224.0264978961519	1	1	1	1	1	0	1	255	PathTextures\4x4Default.tga	4	4	128	128	16	0	16	5555/5555/5555/5555
1256	1259	ASbr	doodad	Rubble	-64	1024	281.625	256.97157111617423	1	1	1	1	1	0	2	255	PathTextures\4x4Default.tga	4	4	128	128	16	0	16	5555/5555/5555/5555
1257	1260	ASbr	doodad	Rubble	-1728	896	269.5	280.97850273215573	1	1	1	1	1	0	2	255	PathTextures\4x4Default.tga	4	4	128	128	16	0	16	5555/5555/5555/5555
1258	1261	ASbr	doodad	Rubble	-1600	832	274.313	337.9878033476726	1	1	1	1	1	0	0	255	PathTextures\4x4Default.tga	4	4	128	128	16	0	16	5555/5555/5555/5555
1259	1262	ASbr	doodad	Rubble	-1664	1024	269.5	74.02614713090236	1	1	1	1	1	0	0	255	PathTextures\4x4Default.tga	4	4	128	128	16	0	16	5555/5555/5555/5555
1260	1808	YTab	destructable	Pathing Blocker (Air)	5664	2080	461.5	269.9777130656439	1	1	1	1	1	0	0		PathTextures\2x2Cyan.tga	2	2	64	64	0	4	4	66/66
1261	217	D002	doodad	Wall Vert -|	3552	1632	493.5	0	1.1	1.1	1.1	1	1	0	0	255	PathTextures\StoneWall1Path.tga	10	2	320	64	20	0	20	5555555555/5555555555
1262	1787	YTab	destructable	Pathing Blocker (Air)	4320	2080	461.5	269.9777130656439	1	1	1	1	1	0	0		PathTextures\2x2Cyan.tga	2	2	64	64	0	4	4	66/66
1263	1786	YTab	destructable	Pathing Blocker (Air)	4256	2080	461.5	269.9777130656439	1	1	1	1	1	0	0		PathTextures\2x2Cyan.tga	2	2	64	64	0	4	4	66/66
1264	1785	YTab	destructable	Pathing Blocker (Air)	4192	2080	461.5	269.9777130656439	1	1	1	1	1	0	0		PathTextures\2x2Cyan.tga	2	2	64	64	0	4	4	66/66
1265	1784	YTab	destructable	Pathing Blocker (Air)	4128	2080	461.5	269.9777130656439	1	1	1	1	1	0	0		PathTextures\2x2Cyan.tga	2	2	64	64	0	4	4	66/66
1266	1527	YTab	destructable	Pathing Blocker (Air)	-2592	-2144	301.5	269.9777130656439	1	1	1	1	1	0	0		PathTextures\2x2Cyan.tga	2	2	64	64	0	4	4	66/66
1267	1616	YTab	destructable	Pathing Blocker (Air)	-1952	-1760	301.5	269.9777130656439	1	1	1	1	1	0	0		PathTextures\2x2Cyan.tga	2	2	64	64	0	4	4	66/66
1268	934	D002	doodad	Wall Vert -|	-2016	-736	359.084	0	1.1	1.1	1.1	1	1	1	0	255	PathTextures\StoneWall1Path.tga	10	2	320	64	20	0	20	5555555555/5555555555
1269	1526	YTab	destructable	Pathing Blocker (Air)	-2528	-2144	301.5	269.9777130656439	1	1	1	1	1	0	0		PathTextures\2x2Cyan.tga	2	2	64	64	0	4	4	66/66
1270	232	YTab	destructable	Pathing Blocker (Air)	2016	2016	365.5	269.9777130656439	1	1	1	1	1	0	0		PathTextures\2x2Cyan.tga	2	2	64	64	0	4	4	66/66
1271	1474	YTfb	destructable	Pathing Blocker (Both)	2016	544	376.406	269.9777130656439	1	1	1	1	1	0	0		PathTextures\2x2Unflyable.tga	2	2	64	64	4	4	4	77/77
1272	1617	YTab	destructable	Pathing Blocker (Air)	-1952	-1696	301.5	269.9777130656439	1	1	1	1	1	0	0		PathTextures\2x2Cyan.tga	2	2	64	64	0	4	4	66/66
1273	1277	ZPfw	doodad	Flowers	-2106.956	534.084	397.182	165.0118449976771	1	1	1	1	1	0	0	255	none								
1274	1909	YTab	destructable	Pathing Blocker (Air)	1952	608	312.906	269.9777130656439	1	1	1	1	1	0	0		PathTextures\2x2Cyan.tga	2	2	64	64	0	4	4	66/66
1275	1903	YTab	destructable	Pathing Blocker (Air)	1952	992	301.5	269.9777130656439	1	1	1	1	1	0	0		PathTextures\2x2Cyan.tga	2	2	64	64	0	4	4	66/66
1276	1907	YTab	destructable	Pathing Blocker (Air)	1952	736	301.422	269.9777130656439	1	1	1	1	1	0	0		PathTextures\2x2Cyan.tga	2	2	64	64	0	4	4	66/66
1277	1908	YTab	destructable	Pathing Blocker (Air)	1952	672	301.266	269.9777130656439	1	1	1	1	1	0	0		PathTextures\2x2Cyan.tga	2	2	64	64	0	4	4	66/66
1278	1904	YTab	destructable	Pathing Blocker (Air)	1952	928	301.5	269.9777130656439	1	1	1	1	1	0	0		PathTextures\2x2Cyan.tga	2	2	64	64	0	4	4	66/66
1279	1905	YTab	destructable	Pathing Blocker (Air)	1952	864	301.5	269.9777130656439	1	1	1	1	1	0	0		PathTextures\2x2Cyan.tga	2	2	64	64	0	4	4	66/66
1280	1906	YTab	destructable	Pathing Blocker (Air)	1952	800	301.5	269.9777130656439	1	1	1	1	1	0	0		PathTextures\2x2Cyan.tga	2	2	64	64	0	4	4	66/66
1281	1900	YTab	destructable	Pathing Blocker (Air)	1952	1184	301.5	269.9777130656439	1	1	1	1	1	0	0		PathTextures\2x2Cyan.tga	2	2	64	64	0	4	4	66/66
1282	1902	YTab	destructable	Pathing Blocker (Air)	1952	1056	301.5	269.9777130656439	1	1	1	1	1	0	0		PathTextures\2x2Cyan.tga	2	2	64	64	0	4	4	66/66
1283	1901	YTab	destructable	Pathing Blocker (Air)	1952	1120	301.5	269.9777130656439	1	1	1	1	1	0	0		PathTextures\2x2Cyan.tga	2	2	64	64	0	4	4	66/66
1284	1895	YTab	destructable	Pathing Blocker (Air)	1952	1504	301.5	269.9777130656439	1	1	1	1	1	0	0		PathTextures\2x2Cyan.tga	2	2	64	64	0	4	4	66/66
1285	1289	ZPsh	doodad	Shrub	-1914.291	554.345	310.543	222.99517386491638	1	1	1	1	1	0	1	255	none								
1286	1898	YTab	destructable	Pathing Blocker (Air)	1952	1312	301.5	269.9777130656439	1	1	1	1	1	0	0		PathTextures\2x2Cyan.tga	2	2	64	64	0	4	4	66/66
1287	1896	YTab	destructable	Pathing Blocker (Air)	1952	1440	301.5	269.9777130656439	1	1	1	1	1	0	0		PathTextures\2x2Cyan.tga	2	2	64	64	0	4	4	66/66
1288	297	LOtz	doodad	Torch Glowing	1966.407	-2074.606	306.261	22.001579333023614	0.968	0.968	0.968	1	1	0	0	255	none								
1289	119	YTab	destructable	Pathing Blocker (Air)	3488	928	429.5	269.9777130656439	1	1	1	1	1	0	0		PathTextures\2x2Cyan.tga	2	2	64	64	0	4	4	66/66
1290	1910	YTab	destructable	Pathing Blocker (Air)	1888	544	304.172	269.9777130656439	1	1	1	1	1	0	0		PathTextures\2x2Cyan.tga	2	2	64	64	0	4	4	66/66
1291	1893	YTab	destructable	Pathing Blocker (Air)	1952	1632	301.5	269.9777130656439	1	1	1	1	1	0	0		PathTextures\2x2Cyan.tga	2	2	64	64	0	4	4	66/66
1292	1296	ZPfw	doodad	Flowers	-1978.783	-417.516	364.16	53.97262430132355	1	1	1	1	1	0	1	255	none								
1293	1297	ZPfw	doodad	Flowers	-2050.818	-406.105	397.5	33.00236899953541	1	1	1	1	1	0	3	255	none								
1294	1816	YTab	destructable	Pathing Blocker (Air)	6176	2080	461.5	269.9777130656439	1	1	1	1	1	0	0		PathTextures\2x2Cyan.tga	2	2	64	64	0	4	4	66/66
1295	1815	YTab	destructable	Pathing Blocker (Air)	6112	2080	461.5	269.9777130656439	1	1	1	1	1	0	0		PathTextures\2x2Cyan.tga	2	2	64	64	0	4	4	66/66
1296	1805	YTab	destructable	Pathing Blocker (Air)	5472	2080	461.5	269.9777130656439	1	1	1	1	1	0	0		PathTextures\2x2Cyan.tga	2	2	64	64	0	4	4	66/66
1297	1804	YTab	destructable	Pathing Blocker (Air)	5408	2080	461.5	269.9777130656439	1	1	1	1	1	0	0		PathTextures\2x2Cyan.tga	2	2	64	64	0	4	4	66/66
1298	1783	YTab	destructable	Pathing Blocker (Air)	4064	2080	461.5	269.9777130656439	1	1	1	1	1	0	0		PathTextures\2x2Cyan.tga	2	2	64	64	0	4	4	66/66
1299	1782	YTab	destructable	Pathing Blocker (Air)	4000	2080	461.5	269.9777130656439	1	1	1	1	1	0	0		PathTextures\2x2Cyan.tga	2	2	64	64	0	4	4	66/66
1300	1781	YTab	destructable	Pathing Blocker (Air)	3936	2080	461.5	269.9777130656439	1	1	1	1	1	0	0		PathTextures\2x2Cyan.tga	2	2	64	64	0	4	4	66/66
1301	1780	YTab	destructable	Pathing Blocker (Air)	3872	2080	461.5	269.9777130656439	1	1	1	1	1	0	0		PathTextures\2x2Cyan.tga	2	2	64	64	0	4	4	66/66
1302	1803	YTab	destructable	Pathing Blocker (Air)	5344	2080	461.5	269.9777130656439	1	1	1	1	1	0	0		PathTextures\2x2Cyan.tga	2	2	64	64	0	4	4	66/66
1303	1802	YTab	destructable	Pathing Blocker (Air)	5280	2080	461.5	269.9777130656439	1	1	1	1	1	0	0		PathTextures\2x2Cyan.tga	2	2	64	64	0	4	4	66/66
1304	1801	YTab	destructable	Pathing Blocker (Air)	5216	2080	461.5	269.9777130656439	1	1	1	1	1	0	0		PathTextures\2x2Cyan.tga	2	2	64	64	0	4	4	66/66
1305	1800	YTab	destructable	Pathing Blocker (Air)	5152	2080	461.5	269.9777130656439	1	1	1	1	1	0	0		PathTextures\2x2Cyan.tga	2	2	64	64	0	4	4	66/66
1306	1799	YTab	destructable	Pathing Blocker (Air)	5088	2080	461.5	269.9777130656439	1	1	1	1	1	0	0		PathTextures\2x2Cyan.tga	2	2	64	64	0	4	4	66/66
1307	1798	YTab	destructable	Pathing Blocker (Air)	5024	2080	461.5	269.9777130656439	1	1	1	1	1	0	0		PathTextures\2x2Cyan.tga	2	2	64	64	0	4	4	66/66
1308	1797	YTab	destructable	Pathing Blocker (Air)	4960	2080	461.5	269.9777130656439	1	1	1	1	1	0	0		PathTextures\2x2Cyan.tga	2	2	64	64	0	4	4	66/66
1309	1796	YTab	destructable	Pathing Blocker (Air)	4896	2080	461.5	269.9777130656439	1	1	1	1	1	0	0		PathTextures\2x2Cyan.tga	2	2	64	64	0	4	4	66/66
1310	1795	YTab	destructable	Pathing Blocker (Air)	4832	2080	461.5	269.9777130656439	1	1	1	1	1	0	0		PathTextures\2x2Cyan.tga	2	2	64	64	0	4	4	66/66
1311	1794	YTab	destructable	Pathing Blocker (Air)	4768	2080	461.5	269.9777130656439	1	1	1	1	1	0	0		PathTextures\2x2Cyan.tga	2	2	64	64	0	4	4	66/66
1312	1807	YTab	destructable	Pathing Blocker (Air)	5536	2080	461.5	269.9777130656439	1	1	1	1	1	0	0		PathTextures\2x2Cyan.tga	2	2	64	64	0	4	4	66/66
1313	1778	YTab	destructable	Pathing Blocker (Air)	3680	2080	461.5	269.9777130656439	1	1	1	1	1	0	0		PathTextures\2x2Cyan.tga	2	2	64	64	0	4	4	66/66
1314	1777	YTab	destructable	Pathing Blocker (Air)	3808	2080	461.5	269.9777130656439	1	1	1	1	1	0	0		PathTextures\2x2Cyan.tga	2	2	64	64	0	4	4	66/66
1315	1751	YTab	destructable	Pathing Blocker (Air)	2208	2144	301.5	269.9777130656439	1	1	1	1	1	0	0		PathTextures\2x2Cyan.tga	2	2	64	64	0	4	4	66/66
1316	1320	ZPsh	doodad	Shrub	-1458.53	894.372	269.487	352.9992975801002	1	1	1	1	1	0	2	255	none								
1317	1321	ZPfw	doodad	Flowers	-1484.739	972.393	269.5	132.00947599814165	1	1	1	1	1	0	4	255	none								
1318	1322	ZPfw	doodad	Flowers	-1619.773	1325.299	279.309	110.98192491684047	1	1	1	1	1	0	1	255	none								
1319	1323	ZPfw	doodad	Flowers	-568.284	1670.251	287.279	266.99833253096364	1	1	1	1	1	0	2	255	none								
1320	1455	ZPfw	doodad	Flowers	1322.026	-2237.881	283.441	255.99754286445182	1.01	1.01	1.01	1	1	0	0	255	none								
1321	1458	ZPsh	doodad	Shrub	682.233	-2276.831	308.907	258.0028951474097	1.038	1.038	1.038	1	1	0	2	255	none								
1322	1433	ZPfw	doodad	Flowers	-868.224	-2202.987	328.271	222.99517386491638	1.064	1.064	1.064	1	1	0	2	255	none								
1323	1432	ZPfw	doodad	Flowers	731.433	-2346.254	320.583	128.97279968394832	0.921	0.921	0.921	1	1	0	2	255	none								
1324	1431	ZPfw	doodad	Flowers	788.939	-2331.861	329.709	37.98710181717358	0.939	0.939	0.939	1	1	0	2	255	none								
1325	1329	ZPfw	doodad	Flowers	967.675	-2262.477	354.175	331.97174649879895	1	1	1	1	1	0	2	255	none								
1326	1330	ZPfw	doodad	Flowers	1078.168	-2510.656	410.696	251.01281004681368	1	1	1	1	1	0	3	255	none								
1327	1331	ZPfw	doodad	Flowers	1667.004	-2876.396	343.934	282.9838550151136	1	1	1	1	1	0	2	255	none								
1328	1332	ZPfw	doodad	Flowers	1367.032	-2773.284	312.107	216.97911701604275	1	1	1	1	1	0	3	255	none								
1329	1333	ZPfw	doodad	Flowers	1314.661	-3106.963	346.26	107.02851613043778	1	1	1	1	1	0	0	255	none								
1330	1334	ZPfw	doodad	Flowers	1413.115	-3203.546	328.6	176.0126346641889	1	1	1	1	1	0	4	255	none								
1331	1335	ZPfw	doodad	Flowers	1528.487	-1582.101	342.774	262.0135997133255	1	1	1	1	1	0	4	255	none								
1332	1336	ZPfw	doodad	Flowers	1646.292	-1780.751	434.091	32.02834074781302	1	1	1	1	1	0	4	255	none								
1333	1337	ZPfw	doodad	Flowers	1596.447	-1638.804	372.525	255.99754286445182	1	1	1	1	1	0	0	255	none								
1334	1812	YTab	destructable	Pathing Blocker (Air)	5920	2080	461.5	269.9777130656439	1	1	1	1	1	0	0		PathTextures\2x2Cyan.tga	2	2	64	64	0	4	4	66/66
1335	1894	YTab	destructable	Pathing Blocker (Air)	1952	1696	301.5	269.9777130656439	1	1	1	1	1	0	0		PathTextures\2x2Cyan.tga	2	2	64	64	0	4	4	66/66
1336	1429	ZPfw	doodad	Flowers	2277.98	-2497.49	295.341	147.02097023056925	0.932	0.932	0.932	1	1	0	4	255	none								
1337	1341	ZPsh	doodad	Shrub	1653.853	1001.903	269.597	77.00552766558265	1	1	1	1	1	0	0	255	none								
1338	1342	ZPsh	doodad	Shrub	1695.382	856.293	271.634	97.00175471564837	1	1	1	1	1	0	0	255	none								
1339	1343	ZPsh	doodad	Shrub	1107.218	1226.318	273.43	264.0189519962833	1	1	1	1	1	0	0	255	none								
1340	1344	ZPsh	doodad	Shrub	1089.847	1174.418	270.677	165.98587324939948	1	1	1	1	1	0	0	255	none								
1341	1345	ZPsh	doodad	Shrub	1067.924	1123.468	269.099	297.9953492475411	1	1	1	1	1	0	0	255	none								
1342	1346	ZPfw	doodad	Flowers	-2979.01	1273.603	397.5	273.01438937983727	1	1	1	1	1	0	3	255	none								
1343	1347	ZPfw	doodad	Flowers	-2247.915	1527.244	397.5	229.9852589655125	1	1	1	1	1	0	4	255	none								
1344	1348	ZPfw	doodad	Flowers	-2450.823	557.637	397.5	22.975607584746015	1	1	1	1	1	0	2	255	none								
1345	1793	YTab	destructable	Pathing Blocker (Air)	4704	2080	461.5	269.9777130656439	1	1	1	1	1	0	0		PathTextures\2x2Cyan.tga	2	2	64	64	0	4	4	66/66
1346	1350	ZPfw	doodad	Flowers	-2654.355	-595.779	397.5	310.02746294528845	1	1	1	1	1	0	3	255	none								
1347	1351	ZPfw	doodad	Flowers	-3018.11	-827.497	397.5	203.97297506657304	1	1	1	1	1	0	4	255	none								
1348	1352	ZPfw	doodad	Flowers	-3027.71	-1479.797	397.5	231.99061124847034	1	1	1	1	1	0	2	255	none								
1349	1353	ZPfw	doodad	Flowers	-2300.166	-1697.63	397.5	83.02158451445628	1	1	1	1	1	0	1	255	none								
1350	1354	ZPfw	doodad	Flowers	-2323.08	-895.935	397.5	172.00193009827314	1	1	1	1	1	0	2	255	none								
1351	1355	ZPfw	doodad	Flowers	-2620.431	-1501.711	397.5	28.991664433619654	1	1	1	1	1	0	0	255	none								
1352	1356	ZPfw	doodad	Flowers	-3126.391	-1935.312	397.5	288.9999118639872	1	1	1	1	1	0	0	255	none								
1353	1357	ZPfw	doodad	Flowers	2486.777	1413.172	397.5	216.00508876432036	1	1	1	1	1	0	1	255	none								
1354	1358	ZPfw	doodad	Flowers	3033.157	1377.926	397.5	244.99675319794	1	1	1	1	1	0	2	255	none								
1355	952	D000	doodad	Wall Hori -|	-3744	-2016	519.1	0	1.1	1.1	1.1	1	1	1	0	255	PathTextures\StoneWall3Path.tga	2	10	64	320	20	0	20	55/55/55/55/55/55/55/55/55/55
1356	1792	YTab	destructable	Pathing Blocker (Air)	4640	2080	461.5	269.9777130656439	1	1	1	1	1	0	0		PathTextures\2x2Cyan.tga	2	2	64	64	0	4	4	66/66
1357	1361	ZPfw	doodad	Flowers	3211.319	-774.411	397.5	269.9777130656439	1	1	1	1	1	0	2	255	none								
1358	951	D000	doodad	Wall Hori -|	-4384	-2016	519.1	0	1.1	1.1	1.1	1	1	1	0	255	PathTextures\StoneWall3Path.tga	2	10	64	320	20	0	20	55/55/55/55/55/55/55/55/55/55
1359	1363	ZPfw	doodad	Flowers	2551.198	-774.547	397.5	180.02333923010465	1	1	1	1	1	0	1	255	none								
1360	1364	ZPfw	doodad	Flowers	2248.856	-1412.615	397.5	295.0159687128609	1	1	1	1	1	0	2	255	none								
1361	1365	ZPfw	doodad	Flowers	2697.184	-1709.485	397.5	242.01737266325975	1	1	1	1	1	0	0	255	none								
1362	1366	ZPfw	doodad	Flowers	3154.704	-1681.955	397.5	339.0191273789081	1	1	1	1	1	0	4	255	none								
1363	1367	ZPfw	doodad	Flowers	2896.573	-661.849	397.5	94.99640243269049	1	1	1	1	1	0	2	255	none								
1364	1368	ZPfw	doodad	Flowers	2800.834	-1315.299	397.5	297.02132099581877	1	1	1	1	1	0	0	255	none								
1365	1369	ZPfw	doodad	Flowers	4176.038	-1514.352	525.5	348.014564762462	1	1	1	1	1	0	3	255	none								
1366	1370	ZPfw	doodad	Flowers	3911.752	-690.996	525.5	253.99219058149393	1	1	1	1	1	0	1	255	none								
1367	931	D000	doodad	Wall Hori -|	-4704	-2016	519.1	0	1.1	1.1	1.1	1	1	1	0	255	PathTextures\StoneWall3Path.tga	2	10	64	320	20	0	20	55/55/55/55/55/55/55/55/55/55
1368	1372	IWbg	doodad	Bubbles Steam	-635.854	-161.488	192.7	300.000701530499	0.8	0.8	0.8	1	1	0	0	255	none								
1369	1373	ZWsf	doodad	Fish School	282.204	-351.249	154	242.9914009149821	0.975	0.975	0.975	1	1	0	0	255	none								
1370	1374	ZWsf	doodad	Fish School	-368.948	-473.962	154	46.9825392007275	0.908	0.908	0.908	1	1	0	0	255	none								
1371	1375	AWfs	doodad	Fish	322.261	-88.558	154	97.97578296737078	0.908	0.908	0.908	1	1	0	0	255	none								
1372	1376	AWfs	doodad	Fish	-99.376	23.444	154	289.97394011570964	1.139	1.139	1.139	1	1	0	0	255	none								
1373	1377	AWfs	doodad	Fish	-151.29	-719.063	154	344.00386019654627	1.016	1.016	1.016	1	1	0	0	255	none								
1374	1791	YTab	destructable	Pathing Blocker (Air)	4576	2080	461.5	269.9777130656439	1	1	1	1	1	0	0		PathTextures\2x2Cyan.tga	2	2	64	64	0	4	4	66/66
1375	1379	NWfb	doodad	Floating Box	480	800	192.7	156.01640761412315	1.119	1.119	1.119	1	1	0	0	255	PathTextures\2x2Default.tga	2	2	64	64	4	0	4	55/55
1376	1380	NWfb	doodad	Floating Box	544	800	192.7	13.980170201192088	1.007	1.007	1.007	1	1	0	0	255	PathTextures\2x2Default.tga	2	2	64	64	4	0	4	55/55
1377	1381	NWfp	doodad	Floating Plank	-32	-864	192.7	154.98508358288768	1.163	1.163	1.163	1	1	0	0	255	PathTextures\2x2Default.tga	2	2	64	64	4	0	4	55/55
1378	1382	NWfp	doodad	Floating Plank	-96	-800	192.7	101.01245928156413	0.84	0.84	0.84	1	1	0	0	255	PathTextures\2x2Default.tga	2	2	64	64	4	0	4	55/55
1379	1383	ZWsw	doodad	Seaweed	-544.509	537.649	192.7	75.00017538262475	1.5	1.5	1.5	1	1	0	4	255	none								
1380	1384	ZWsw	doodad	Seaweed	-504.034	509.074	192.7	262.0135997133255	1.5	1.5	1.5	1	1	0	2	255	none								
1381	1385	ZWsw	doodad	Seaweed	-492.762	433.936	192.7	154.0110553311653	1.5	1.5	1.5	1	1	0	4	255	none								
1382	1386	ZWsw	doodad	Seaweed	-569.508	473.407	192.7	231.01658299674793	1.5	1.5	1.5	1	1	0	2	255	none								
1383	1387	ZWsw	doodad	Seaweed	-543.372	557.119	192.7	13.980170201192088	1.5	1.5	1.5	1	1	0	3	255	none								
1384	1388	ZWsw	doodad	Seaweed	-512.375	615.311	192.7	2.0053522829578814	1.506	1.506	1.506	1	1	0	3	255	none								
1385	1389	LPfp	doodad	Lily Pads Floating	-613.634	542.354	192.7	127.0247431805035	0.8	0.8	0.8	1	1	0	1	255	none								
1386	1390	LPfp	doodad	Lily Pads Floating	-606.253	489.32	192.7	127.0247431805035	0.8	0.8	0.8	1	1	0	1	255	none								
1387	1391	LPfp	doodad	Lily Pads Floating	-540.456	428.599	192.7	211.9943841984046	0.8	0.8	0.8	1	1	0	0	255	none								
1388	1392	LPfp	doodad	Lily Pads Floating	-460.517	460.645	192.7	0	0.8	0.8	0.8	1	1	0	2	255	none								
1389	1393	LPfp	doodad	Lily Pads Floating	-484.685	530.135	192.7	205.00429909780854	0.8	0.8	0.8	1	1	0	0	255	none								
1390	1394	LPfp	doodad	Lily Pads Floating	-542.613	538.569	192.7	266.0243042792412	0.8	0.8	0.8	1	1	0	1	255	none								
1391	1395	LPfp	doodad	Lily Pads Floating	-507.521	493.12	192.7	339.99315563063055	0.8	0.8	0.8	1	1	0	0	255	none								
1392	1396	LPfp	doodad	Lily Pads Floating	-558.321	489.178	192.7	310.02746294528845	0.8	0.8	0.8	1	1	0	2	255	none								
1393	1397	LTlt	destructable	Summer Tree Wall	-1408	-2624	338.75	269.9777130656439	0.936	0.936	0.936	1	1	0	1		PathTextures\4x4Default.tga	4	4	128	128	16	0	16	5555/5555/5555/5555
1394	1398	LTlt	destructable	Summer Tree Wall	-1280	-2688	354.25	269.9777130656439	0.875	0.875	0.875	1	1	0	9		PathTextures\4x4Default.tga	4	4	128	128	16	0	16	5555/5555/5555/5555
1395	1399	LTlt	destructable	Summer Tree Wall	-1408	-2752	341.25	269.9777130656439	0.803	0.803	0.803	1	1	0	3		PathTextures\4x4Default.tga	4	4	128	128	16	0	16	5555/5555/5555/5555
1396	1436	ZPfw	doodad	Flowers	-2504.202	-3318.049	331.31	211.9943841984046	1.117	1.117	1.117	1	1	0	1	255	none								
1397	1401	LTlt	destructable	Summer Tree Wall	768	-2304	317.75	269.9777130656439	1.142	1.142	1.142	1	1	0	4		PathTextures\4x4Default.tga	4	4	128	128	16	0	16	5555/5555/5555/5555
1398	1402	LTlt	destructable	Summer Tree Wall	832	-2176	310.875	269.9777130656439	0.882	0.882	0.882	1	1	0	6		PathTextures\4x4Default.tga	4	4	128	128	16	0	16	5555/5555/5555/5555
1399	1454	ZPfw	doodad	Flowers	1302.705	-2336.575	303.22	359.01535442897386	1.052	1.052	1.052	1	1	0	4	255	none								
1400	1453	ZPfw	doodad	Flowers	1705.059	-2708.781	369.421	15.98552248414997	1.023	1.023	1.023	1	1	0	1	255	none								
1401	1457	ZPsh	doodad	Shrub	1264.383	-2269.108	306.959	238.00666809734398	1.122	1.122	1.122	1	1	0	2	255	none								
1402	1811	YTab	destructable	Pathing Blocker (Air)	5856	2080	461.5	269.9777130656439	1	1	1	1	1	0	0		PathTextures\2x2Cyan.tga	2	2	64	64	0	4	4	66/66
1403	1407	LTlt	destructable	Summer Tree Wall	-704	-2176	302.375	269.9777130656439	0.892	0.892	0.892	1	1	0	5		PathTextures\4x4Default.tga	4	4	128	128	16	0	16	5555/5555/5555/5555
1404	1408	LTlt	destructable	Summer Tree Wall	2176	-2304	269.5	269.9777130656439	0.97	0.97	0.97	1	1	0	3		PathTextures\4x4Default.tga	4	4	128	128	16	0	16	5555/5555/5555/5555
1405	1409	LTlt	destructable	Summer Tree Wall	2112	-2432	275	269.9777130656439	0.92	0.92	0.92	1	1	0	8		PathTextures\4x4Default.tga	4	4	128	128	16	0	16	5555/5555/5555/5555
1406	1410	LTlt	destructable	Summer Tree Wall	1920	-2432	275.75	269.9777130656439	1.068	1.068	1.068	1	1	0	3		PathTextures\4x4Default.tga	4	4	128	128	16	0	16	5555/5555/5555/5555
1407	1411	LTlt	destructable	Summer Tree Wall	2048	-2816	331.25	269.9777130656439	0.899	0.899	0.899	1	1	0	1		PathTextures\4x4Default.tga	4	4	128	128	16	0	16	5555/5555/5555/5555
1408	1412	LTlt	destructable	Summer Tree Wall	2368	-2624	338.688	269.9777130656439	1.02	1.02	1.02	1	1	0	4		PathTextures\4x4Default.tga	4	4	128	128	16	0	16	5555/5555/5555/5555
1409	1413	LTlt	destructable	Summer Tree Wall	2304	-2432	274	269.9777130656439	0.906	0.906	0.906	1	1	0	1		PathTextures\4x4Default.tga	4	4	128	128	16	0	16	5555/5555/5555/5555
1410	1414	ZPms	doodad	Mushrooms	2208	-2464	284.328	269.9777130656439	1.056	1.056	1.056	1	1	0	0	255	PathTextures\2x2Default.tga	2	2	64	64	4	0	4	55/55
1411	1415	ZPms	doodad	Mushrooms	224	-2976	393.938	269.9777130656439	0.841	0.841	0.841	1	1	0	2	255	PathTextures\2x2Default.tga	2	2	64	64	4	0	4	55/55
1412	1416	ZRrk	doodad	Rocks	-1216	-2304	351	138.99956109873773	1.072	1.072	1.072	1	1	0	8	255	PathTextures\4x4Default.tga	4	4	128	128	16	0	16	5555/5555/5555/5555
1413	1417	ZRrk	doodad	Rocks	-1088	-2240	352.563	174.007282381231	1.042	1.042	1.042	1	1	0	9	255	PathTextures\4x4Default.tga	4	4	128	128	16	0	16	5555/5555/5555/5555
1414	1418	ZRrk	doodad	Rocks	-1088	-2368	360.5	101.01245928156413	1.149	1.149	1.149	1	1	0	7	255	PathTextures\4x4Default.tga	4	4	128	128	16	0	16	5555/5555/5555/5555
1415	1419	ZPfw	doodad	Flowers	-606.963	-2140.588	304.816	264.0189519962833	1.1	1.1	1.1	1	1	0	1	255	none								
1416	1420	ZPfw	doodad	Flowers	1583.141	-2658.665	353.783	127.0247431805035	1.16	1.16	1.16	1	1	0	4	255	none								
1417	1421	ZPfw	doodad	Flowers	1616.108	-2710.916	361.038	213.99973648136248	1.168	1.168	1.168	1	1	0	0	255	none								
1418	1422	ZPfw	doodad	Flowers	1657.777	-2727.163	368.352	355.0046498630581	1.144	1.144	1.144	1	1	0	1	255	none								
1419	162	YTab	destructable	Pathing Blocker (Air)	3488	1184	429.5	269.9777130656439	1	1	1	1	1	0	0		PathTextures\2x2Cyan.tga	2	2	64	64	0	4	4	66/66
1420	228	D000	doodad	Wall Hori -|	-2144	-2016	359.1	0	1.1	1.1	1.1	1	1	1	0	255	PathTextures\StoneWall3Path.tga	2	10	64	320	20	0	20	55/55/55/55/55/55/55/55/55/55
1421	227	D000	doodad	Wall Hori -|	-2464	-2016	359.1	0	1.1	1.1	1.1	1	1	1	0	255	PathTextures\StoneWall3Path.tga	2	10	64	320	20	0	20	55/55/55/55/55/55/55/55/55/55
1422	226	B003	destructable	WALL |-|	-3424	-2016	359.1	269.9777130656439	1.1	1.1	1.1	1	1	1	0		PathTextures\StoneWall1Path.tga	10	2	320	64	20	0	20	5555555555/5555555555
1423	20	YTab	destructable	Pathing Blocker (Air)	-3488	736	429.5	269.9777130656439	1	1	1	1	1	0	0		PathTextures\2x2Cyan.tga	2	2	64	64	0	4	4	66/66
1424	21	YTab	destructable	Pathing Blocker (Air)	-3488	800	429.5	269.9777130656439	1	1	1	1	1	0	0		PathTextures\2x2Cyan.tga	2	2	64	64	0	4	4	66/66
1425	22	YTab	destructable	Pathing Blocker (Air)	-3488	864	429.5	269.9777130656439	1	1	1	1	1	0	0		PathTextures\2x2Cyan.tga	2	2	64	64	0	4	4	66/66
1426	23	YTab	destructable	Pathing Blocker (Air)	-3488	928	429.5	269.9777130656439	1	1	1	1	1	0	0		PathTextures\2x2Cyan.tga	2	2	64	64	0	4	4	66/66
1427	24	YTab	destructable	Pathing Blocker (Air)	-3488	992	429.5	269.9777130656439	1	1	1	1	1	0	0		PathTextures\2x2Cyan.tga	2	2	64	64	0	4	4	66/66
1428	25	YTab	destructable	Pathing Blocker (Air)	-3488	1056	429.5	269.9777130656439	1	1	1	1	1	0	0		PathTextures\2x2Cyan.tga	2	2	64	64	0	4	4	66/66
1429	26	YTab	destructable	Pathing Blocker (Air)	-3488	1120	429.5	269.9777130656439	1	1	1	1	1	0	0		PathTextures\2x2Cyan.tga	2	2	64	64	0	4	4	66/66
1430	27	YTab	destructable	Pathing Blocker (Air)	-3488	1184	429.5	269.9777130656439	1	1	1	1	1	0	0		PathTextures\2x2Cyan.tga	2	2	64	64	0	4	4	66/66
1431	28	YTab	destructable	Pathing Blocker (Air)	-3488	1248	429.5	269.9777130656439	1	1	1	1	1	0	0		PathTextures\2x2Cyan.tga	2	2	64	64	0	4	4	66/66
1432	29	YTab	destructable	Pathing Blocker (Air)	-3488	1312	429.5	269.9777130656439	1	1	1	1	1	0	0		PathTextures\2x2Cyan.tga	2	2	64	64	0	4	4	66/66
1433	30	YTab	destructable	Pathing Blocker (Air)	-3488	1376	429.5	269.9777130656439	1	1	1	1	1	0	0		PathTextures\2x2Cyan.tga	2	2	64	64	0	4	4	66/66
1434	31	YTab	destructable	Pathing Blocker (Air)	-3488	1440	429.5	269.9777130656439	1	1	1	1	1	0	0		PathTextures\2x2Cyan.tga	2	2	64	64	0	4	4	66/66
1435	32	YTab	destructable	Pathing Blocker (Air)	-3488	1504	429.5	269.9777130656439	1	1	1	1	1	0	0		PathTextures\2x2Cyan.tga	2	2	64	64	0	4	4	66/66
1436	33	YTab	destructable	Pathing Blocker (Air)	-3488	1568	429.5	269.9777130656439	1	1	1	1	1	0	0		PathTextures\2x2Cyan.tga	2	2	64	64	0	4	4	66/66
1437	34	YTab	destructable	Pathing Blocker (Air)	-3488	1632	429.5	269.9777130656439	1	1	1	1	1	0	0		PathTextures\2x2Cyan.tga	2	2	64	64	0	4	4	66/66
1438	35	YTab	destructable	Pathing Blocker (Air)	-3488	1696	429.5	269.9777130656439	1	1	1	1	1	0	0		PathTextures\2x2Cyan.tga	2	2	64	64	0	4	4	66/66
1439	36	YTab	destructable	Pathing Blocker (Air)	-3488	1760	429.5	269.9777130656439	1	1	1	1	1	0	0		PathTextures\2x2Cyan.tga	2	2	64	64	0	4	4	66/66
1440	160	YTab	destructable	Pathing Blocker (Air)	-3488	1824	429.5	269.9777130656439	1	1	1	1	1	0	0		PathTextures\2x2Cyan.tga	2	2	64	64	0	4	4	66/66
1441	176	YTab	destructable	Pathing Blocker (Air)	-3488	1888	429.5	269.9777130656439	1	1	1	1	1	0	0		PathTextures\2x2Cyan.tga	2	2	64	64	0	4	4	66/66
1442	177	YTab	destructable	Pathing Blocker (Air)	-3488	1952	429.5	269.9777130656439	1	1	1	1	1	0	0		PathTextures\2x2Cyan.tga	2	2	64	64	0	4	4	66/66
1443	178	YTab	destructable	Pathing Blocker (Air)	-3488	2016	429.5	269.9777130656439	1	1	1	1	1	0	0		PathTextures\2x2Cyan.tga	2	2	64	64	0	4	4	66/66
1444	1575	YTab	destructable	Pathing Blocker (Air)	-5792	-2144	333.781	269.9777130656439	1	1	1	1	1	0	0		PathTextures\2x2Cyan.tga	2	2	64	64	0	4	4	66/66
1445	1583	YTab	destructable	Pathing Blocker (Air)	-3552	2080	437.5	269.9777130656439	1	1	1	1	1	0	0		PathTextures\2x2Cyan.tga	2	2	64	64	0	4	4	66/66
1446	1582	YTab	destructable	Pathing Blocker (Air)	-5984	-2144	333.5	269.9777130656439	1	1	1	1	1	0	0		PathTextures\2x2Cyan.tga	2	2	64	64	0	4	4	66/66
1447	1581	YTab	destructable	Pathing Blocker (Air)	-6240	-2144	333.5	269.9777130656439	1	1	1	1	1	0	0		PathTextures\2x2Cyan.tga	2	2	64	64	0	4	4	66/66
1448	1580	YTab	destructable	Pathing Blocker (Air)	-6176	-2144	333.5	269.9777130656439	1	1	1	1	1	0	0		PathTextures\2x2Cyan.tga	2	2	64	64	0	4	4	66/66
1449	1579	YTab	destructable	Pathing Blocker (Air)	-6112	-2144	333.5	269.9777130656439	1	1	1	1	1	0	0		PathTextures\2x2Cyan.tga	2	2	64	64	0	4	4	66/66
1450	1578	YTab	destructable	Pathing Blocker (Air)	-6048	-2144	333.5	269.9777130656439	1	1	1	1	1	0	0		PathTextures\2x2Cyan.tga	2	2	64	64	0	4	4	66/66
1451	1577	YTab	destructable	Pathing Blocker (Air)	-5920	-2144	333.5	269.9777130656439	1	1	1	1	1	0	0		PathTextures\2x2Cyan.tga	2	2	64	64	0	4	4	66/66
1452	1576	YTab	destructable	Pathing Blocker (Air)	-5856	-2144	333.594	269.9777130656439	1	1	1	1	1	0	0		PathTextures\2x2Cyan.tga	2	2	64	64	0	4	4	66/66
1453	1574	YTab	destructable	Pathing Blocker (Air)	-5728	-2144	334.016	269.9777130656439	1	1	1	1	1	0	0		PathTextures\2x2Cyan.tga	2	2	64	64	0	4	4	66/66
1454	1573	YTab	destructable	Pathing Blocker (Air)	-5664	-2144	334.297	269.9777130656439	1	1	1	1	1	0	0		PathTextures\2x2Cyan.tga	2	2	64	64	0	4	4	66/66
1455	1572	YTab	destructable	Pathing Blocker (Air)	-5600	-2144	334.25	269.9777130656439	1	1	1	1	1	0	0		PathTextures\2x2Cyan.tga	2	2	64	64	0	4	4	66/66
1456	1326	YTab	destructable	Pathing Blocker (Air)	-3488	2080	389.5	269.9777130656439	1	1	1	1	1	0	0		PathTextures\2x2Cyan.tga	2	2	64	64	0	4	4	66/66
1457	822	YTab	destructable	Pathing Blocker (Air)	-2016	2080	341.5	269.9777130656439	1	1	1	1	1	0	0		PathTextures\2x2Cyan.tga	2	2	64	64	0	4	4	66/66
1458	1571	YTab	destructable	Pathing Blocker (Air)	-5536	-2144	333.875	269.9777130656439	1	1	1	1	1	0	0		PathTextures\2x2Cyan.tga	2	2	64	64	0	4	4	66/66
1459	1570	YTab	destructable	Pathing Blocker (Air)	-5472	-2144	333.688	269.9777130656439	1	1	1	1	1	0	0		PathTextures\2x2Cyan.tga	2	2	64	64	0	4	4	66/66
1460	1569	YTab	destructable	Pathing Blocker (Air)	-5408	-2144	333.688	269.9777130656439	1	1	1	1	1	0	0		PathTextures\2x2Cyan.tga	2	2	64	64	0	4	4	66/66
1461	1568	YTab	destructable	Pathing Blocker (Air)	-5344	-2144	333.828	269.9777130656439	1	1	1	1	1	0	0		PathTextures\2x2Cyan.tga	2	2	64	64	0	4	4	66/66
1462	1567	YTab	destructable	Pathing Blocker (Air)	-5280	-2144	334.109	269.9777130656439	1	1	1	1	1	0	0		PathTextures\2x2Cyan.tga	2	2	64	64	0	4	4	66/66
1463	1566	YTab	destructable	Pathing Blocker (Air)	-5216	-2144	334.063	269.9777130656439	1	1	1	1	1	0	0		PathTextures\2x2Cyan.tga	2	2	64	64	0	4	4	66/66
1464	1565	YTab	destructable	Pathing Blocker (Air)	-5152	-2144	333.688	269.9777130656439	1	1	1	1	1	0	0		PathTextures\2x2Cyan.tga	2	2	64	64	0	4	4	66/66
1465	1564	YTab	destructable	Pathing Blocker (Air)	-5088	-2144	333.922	269.9777130656439	1	1	1	1	1	0	0		PathTextures\2x2Cyan.tga	2	2	64	64	0	4	4	66/66
1466	1563	YTab	destructable	Pathing Blocker (Air)	-5024	-2144	334.766	269.9777130656439	1	1	1	1	1	0	0		PathTextures\2x2Cyan.tga	2	2	64	64	0	4	4	66/66
1467	1562	YTab	destructable	Pathing Blocker (Air)	-4960	-2144	335.422	269.9777130656439	1	1	1	1	1	0	0		PathTextures\2x2Cyan.tga	2	2	64	64	0	4	4	66/66
1468	179	YTab	destructable	Pathing Blocker (Air)	-3552	1952	493.5	269.9777130656439	1	1	1	1	1	0	0		PathTextures\2x2Cyan.tga	2	2	64	64	0	4	4	66/66
1469	821	YTab	destructable	Pathing Blocker (Air)	-3616	2080	461.5	269.9777130656439	1	1	1	1	1	0	0		PathTextures\2x2Cyan.tga	2	2	64	64	0	4	4	66/66
1470	1327	YTab	destructable	Pathing Blocker (Air)	-3680	2080	461.5	269.9777130656439	1	1	1	1	1	0	0		PathTextures\2x2Cyan.tga	2	2	64	64	0	4	4	66/66
1471	1328	YTab	destructable	Pathing Blocker (Air)	-3744	2080	461.5	269.9777130656439	1	1	1	1	1	0	0		PathTextures\2x2Cyan.tga	2	2	64	64	0	4	4	66/66
1472	1339	YTab	destructable	Pathing Blocker (Air)	-3808	2080	461.5	269.9777130656439	1	1	1	1	1	0	0		PathTextures\2x2Cyan.tga	2	2	64	64	0	4	4	66/66
1473	1340	YTab	destructable	Pathing Blocker (Air)	-3872	2080	461.5	269.9777130656439	1	1	1	1	1	0	0		PathTextures\2x2Cyan.tga	2	2	64	64	0	4	4	66/66
1474	1400	YTab	destructable	Pathing Blocker (Air)	-3936	2080	461.5	269.9777130656439	1	1	1	1	1	0	0		PathTextures\2x2Cyan.tga	2	2	64	64	0	4	4	66/66
1475	1403	YTab	destructable	Pathing Blocker (Air)	-4000	2080	461.5	269.9777130656439	1	1	1	1	1	0	0		PathTextures\2x2Cyan.tga	2	2	64	64	0	4	4	66/66
1476	1404	YTab	destructable	Pathing Blocker (Air)	-4064	2080	461.5	269.9777130656439	1	1	1	1	1	0	0		PathTextures\2x2Cyan.tga	2	2	64	64	0	4	4	66/66
1477	1405	YTab	destructable	Pathing Blocker (Air)	-4128	2080	461.484	269.9777130656439	1	1	1	1	1	0	0		PathTextures\2x2Cyan.tga	2	2	64	64	0	4	4	66/66
1478	1406	YTab	destructable	Pathing Blocker (Air)	-4192	2080	461.453	269.9777130656439	1	1	1	1	1	0	0		PathTextures\2x2Cyan.tga	2	2	64	64	0	4	4	66/66
1479	1462	YTab	destructable	Pathing Blocker (Air)	-4256	2080	461.453	269.9777130656439	1	1	1	1	1	0	0		PathTextures\2x2Cyan.tga	2	2	64	64	0	4	4	66/66
1480	1463	YTab	destructable	Pathing Blocker (Air)	-4320	2080	461.484	269.9777130656439	1	1	1	1	1	0	0		PathTextures\2x2Cyan.tga	2	2	64	64	0	4	4	66/66
1481	1485	YTab	destructable	Pathing Blocker (Air)	-4384	2080	461.5	269.9777130656439	1	1	1	1	1	0	0		PathTextures\2x2Cyan.tga	2	2	64	64	0	4	4	66/66
1482	1486	YTab	destructable	Pathing Blocker (Air)	-4448	2080	461.5	269.9777130656439	1	1	1	1	1	0	0		PathTextures\2x2Cyan.tga	2	2	64	64	0	4	4	66/66
1483	1487	YTab	destructable	Pathing Blocker (Air)	-4640	2080	461.5	269.9777130656439	1	1	1	1	1	0	0		PathTextures\2x2Cyan.tga	2	2	64	64	0	4	4	66/66
1484	1488	YTab	destructable	Pathing Blocker (Air)	-4832	2080	461.5	269.9777130656439	1	1	1	1	1	0	0		PathTextures\2x2Cyan.tga	2	2	64	64	0	4	4	66/66
1485	1489	YTab	destructable	Pathing Blocker (Air)	-5024	2080	461.5	269.9777130656439	1	1	1	1	1	0	0		PathTextures\2x2Cyan.tga	2	2	64	64	0	4	4	66/66
1486	1490	YTab	destructable	Pathing Blocker (Air)	-5152	2080	461.578	269.9777130656439	1	1	1	1	1	0	0		PathTextures\2x2Cyan.tga	2	2	64	64	0	4	4	66/66
1487	1491	YTab	destructable	Pathing Blocker (Air)	-5344	2080	462.328	269.9777130656439	1	1	1	1	1	0	0		PathTextures\2x2Cyan.tga	2	2	64	64	0	4	4	66/66
1488	1492	YTab	destructable	Pathing Blocker (Air)	-5472	2080	462.5	269.9777130656439	1	1	1	1	1	0	0		PathTextures\2x2Cyan.tga	2	2	64	64	0	4	4	66/66
1489	1493	YTab	destructable	Pathing Blocker (Air)	-5408	2080	462.5	269.9777130656439	1	1	1	1	1	0	0		PathTextures\2x2Cyan.tga	2	2	64	64	0	4	4	66/66
1490	1494	YTab	destructable	Pathing Blocker (Air)	-5280	2080	461.984	269.9777130656439	1	1	1	1	1	0	0		PathTextures\2x2Cyan.tga	2	2	64	64	0	4	4	66/66
1491	1495	YTab	destructable	Pathing Blocker (Air)	-5216	2080	461.734	269.9777130656439	1	1	1	1	1	0	0		PathTextures\2x2Cyan.tga	2	2	64	64	0	4	4	66/66
1492	1496	YTab	destructable	Pathing Blocker (Air)	-5088	2080	461.5	269.9777130656439	1	1	1	1	1	0	0		PathTextures\2x2Cyan.tga	2	2	64	64	0	4	4	66/66
1493	1497	YTab	destructable	Pathing Blocker (Air)	-4960	2080	461.5	269.9777130656439	1	1	1	1	1	0	0		PathTextures\2x2Cyan.tga	2	2	64	64	0	4	4	66/66
1494	1498	YTab	destructable	Pathing Blocker (Air)	-4896	2080	461.5	269.9777130656439	1	1	1	1	1	0	0		PathTextures\2x2Cyan.tga	2	2	64	64	0	4	4	66/66
1495	1499	YTab	destructable	Pathing Blocker (Air)	-4768	2080	461.5	269.9777130656439	1	1	1	1	1	0	0		PathTextures\2x2Cyan.tga	2	2	64	64	0	4	4	66/66
1496	1500	YTab	destructable	Pathing Blocker (Air)	-4704	2080	461.5	269.9777130656439	1	1	1	1	1	0	0		PathTextures\2x2Cyan.tga	2	2	64	64	0	4	4	66/66
1497	1501	YTab	destructable	Pathing Blocker (Air)	-4576	2080	461.5	269.9777130656439	1	1	1	1	1	0	0		PathTextures\2x2Cyan.tga	2	2	64	64	0	4	4	66/66
1498	1502	YTab	destructable	Pathing Blocker (Air)	-4512	2080	461.5	269.9777130656439	1	1	1	1	1	0	0		PathTextures\2x2Cyan.tga	2	2	64	64	0	4	4	66/66
1499	1503	YTab	destructable	Pathing Blocker (Air)	-5536	2080	462.422	269.9777130656439	1	1	1	1	1	0	0		PathTextures\2x2Cyan.tga	2	2	64	64	0	4	4	66/66
1500	1504	YTab	destructable	Pathing Blocker (Air)	-5600	2080	462.266	269.9777130656439	1	1	1	1	1	0	0		PathTextures\2x2Cyan.tga	2	2	64	64	0	4	4	66/66
1501	1505	YTab	destructable	Pathing Blocker (Air)	-5664	2080	462.047	269.9777130656439	1	1	1	1	1	0	0		PathTextures\2x2Cyan.tga	2	2	64	64	0	4	4	66/66
1502	1506	YTab	destructable	Pathing Blocker (Air)	-5728	2080	461.766	269.9777130656439	1	1	1	1	1	0	0		PathTextures\2x2Cyan.tga	2	2	64	64	0	4	4	66/66
1503	1507	YTab	destructable	Pathing Blocker (Air)	-5792	2080	461.594	269.9777130656439	1	1	1	1	1	0	0		PathTextures\2x2Cyan.tga	2	2	64	64	0	4	4	66/66
1504	1508	YTab	destructable	Pathing Blocker (Air)	-5856	2080	461.531	269.9777130656439	1	1	1	1	1	0	0		PathTextures\2x2Cyan.tga	2	2	64	64	0	4	4	66/66
1505	1509	YTab	destructable	Pathing Blocker (Air)	-5920	2080	461.5	269.9777130656439	1	1	1	1	1	0	0		PathTextures\2x2Cyan.tga	2	2	64	64	0	4	4	66/66
1506	1510	YTab	destructable	Pathing Blocker (Air)	-5984	2080	461.5	269.9777130656439	1	1	1	1	1	0	0		PathTextures\2x2Cyan.tga	2	2	64	64	0	4	4	66/66
1507	1511	YTab	destructable	Pathing Blocker (Air)	-6048	2080	461.5	269.9777130656439	1	1	1	1	1	0	0		PathTextures\2x2Cyan.tga	2	2	64	64	0	4	4	66/66
1508	1512	YTab	destructable	Pathing Blocker (Air)	-6112	2080	461.5	269.9777130656439	1	1	1	1	1	0	0		PathTextures\2x2Cyan.tga	2	2	64	64	0	4	4	66/66
1509	1513	YTab	destructable	Pathing Blocker (Air)	-6176	2080	461.5	269.9777130656439	1	1	1	1	1	0	0		PathTextures\2x2Cyan.tga	2	2	64	64	0	4	4	66/66
1510	1514	YTab	destructable	Pathing Blocker (Air)	-6240	2080	461.5	269.9777130656439	1	1	1	1	1	0	0		PathTextures\2x2Cyan.tga	2	2	64	64	0	4	4	66/66
1511	966	D001	doodad	Wall Hori |-|	-5984	2016	519.1	0	1.1	1.1	1.1	1	1	1	0	255	PathTextures\StoneWall3Path.tga	2	10	64	320	20	0	20	55/55/55/55/55/55/55/55/55/55
1512	965	D000	doodad	Wall Hori -|	-5024	2016	519.1	0	1.1	1.1	1.1	1	1	1	0	255	PathTextures\StoneWall3Path.tga	2	10	64	320	20	0	20	55/55/55/55/55/55/55/55/55/55
1513	964	D000	doodad	Wall Hori -|	-4704	2016	519.1	0	1.1	1.1	1.1	1	1	1	0	255	PathTextures\StoneWall3Path.tga	2	10	64	320	20	0	20	55/55/55/55/55/55/55/55/55/55
1514	963	D000	doodad	Wall Hori -|	-4384	2016	519.1	0	1.1	1.1	1.1	1	1	1	0	255	PathTextures\StoneWall3Path.tga	2	10	64	320	20	0	20	55/55/55/55/55/55/55/55/55/55
1515	1525	YTab	destructable	Pathing Blocker (Air)	-2464	-2144	301.5	269.9777130656439	1	1	1	1	1	0	0		PathTextures\2x2Cyan.tga	2	2	64	64	0	4	4	66/66
1516	1524	YTab	destructable	Pathing Blocker (Air)	-2400	-2144	301.5	269.9777130656439	1	1	1	1	1	0	0		PathTextures\2x2Cyan.tga	2	2	64	64	0	4	4	66/66
1517	1523	YTab	destructable	Pathing Blocker (Air)	-2336	-2144	301.5	269.9777130656439	1	1	1	1	1	0	0		PathTextures\2x2Cyan.tga	2	2	64	64	0	4	4	66/66
1518	1522	YTab	destructable	Pathing Blocker (Air)	-2272	-2144	301.5	269.9777130656439	1	1	1	1	1	0	0		PathTextures\2x2Cyan.tga	2	2	64	64	0	4	4	66/66
1519	1521	YTab	destructable	Pathing Blocker (Air)	-2208	-2144	301.5	269.9777130656439	1	1	1	1	1	0	0		PathTextures\2x2Cyan.tga	2	2	64	64	0	4	4	66/66
1520	1520	YTab	destructable	Pathing Blocker (Air)	-2144	-2144	301.5	269.9777130656439	1	1	1	1	1	0	0		PathTextures\2x2Cyan.tga	2	2	64	64	0	4	4	66/66
1521	1519	YTab	destructable	Pathing Blocker (Air)	-2080	-2144	301.5	269.9777130656439	1	1	1	1	1	0	0		PathTextures\2x2Cyan.tga	2	2	64	64	0	4	4	66/66
1522	1518	YTab	destructable	Pathing Blocker (Air)	-2016	-2144	293.5	269.9777130656439	1	1	1	1	1	0	0		PathTextures\2x2Cyan.tga	2	2	64	64	0	4	4	66/66
1523	1517	YTab	destructable	Pathing Blocker (Air)	-1952	-2144	277.5	269.9777130656439	1	1	1	1	1	0	0		PathTextures\2x2Cyan.tga	2	2	64	64	0	4	4	66/66
1524	1019	YTab	destructable	Pathing Blocker (Air)	1888	-2016	302.563	269.9777130656439	1	1	1	1	1	0	0		PathTextures\2x2Cyan.tga	2	2	64	64	0	4	4	66/66
1525	1605	YTab	destructable	Pathing Blocker (Air)	-3360	-2144	301.5	269.9777130656439	1	1	1	1	1	0	0		PathTextures\2x2Cyan.tga	2	2	64	64	0	4	4	66/66
1526	211	YTab	destructable	Pathing Blocker (Air)	2016	736	365.391	269.9777130656439	1	1	1	1	1	0	0		PathTextures\2x2Cyan.tga	2	2	64	64	0	4	4	66/66
1527	210	YTab	destructable	Pathing Blocker (Air)	2016	672	365.172	269.9777130656439	1	1	1	1	1	0	0		PathTextures\2x2Cyan.tga	2	2	64	64	0	4	4	66/66
1528	5	D002	doodad	Wall Vert -|	2016	1632	365.5	0	1.1	1.1	1.1	1	1	0	0	255	PathTextures\StoneWall1Path.tga	10	2	320	64	20	0	20	5555555555/5555555555
1529	120	YTab	destructable	Pathing Blocker (Air)	3488	992	429.5	269.9777130656439	1	1	1	1	1	0	0		PathTextures\2x2Cyan.tga	2	2	64	64	0	4	4	66/66
1530	933	D002	doodad	Wall Vert -|	-2016	-1504	359.1	0	1.1	1.1	1.1	1	1	1	0	255	PathTextures\StoneWall1Path.tga	10	2	320	64	20	0	20	5555555555/5555555555
1531	1889	YTab	destructable	Pathing Blocker (Air)	1888	2080	269.5	269.9777130656439	1	1	1	1	1	0	0		PathTextures\2x2Cyan.tga	2	2	64	64	0	4	4	66/66
1532	321	ZPsh	doodad	Shrub	1822.294	-1267.885	315.526	350.9939452971423	0.893	0.893	0.893	1	1	0	0	255	none								
1533	1887	YTab	destructable	Pathing Blocker (Air)	1952	1760	301.5	269.9777130656439	1	1	1	1	1	0	0		PathTextures\2x2Cyan.tga	2	2	64	64	0	4	4	66/66
1534	121	YTab	destructable	Pathing Blocker (Air)	3488	1056	429.5	269.9777130656439	1	1	1	1	1	0	0		PathTextures\2x2Cyan.tga	2	2	64	64	0	4	4	66/66
1535	221	D002	doodad	Wall Vert -|	3552	-1568	493.5	0	1.1	1.1	1.1	1	1	0	0	255	PathTextures\StoneWall1Path.tga	10	2	320	64	20	0	20	5555555555/5555555555
1536	1911	YTab	destructable	Pathing Blocker (Air)	1888	608	280.891	269.9777130656439	1	1	1	1	1	0	0		PathTextures\2x2Cyan.tga	2	2	64	64	0	4	4	66/66
1537	1541	YTab	destructable	Pathing Blocker (Air)	-3744	-2144	333.5	269.9777130656439	1	1	1	1	1	0	0		PathTextures\2x2Cyan.tga	2	2	64	64	0	4	4	66/66
1538	111	YTab	destructable	Pathing Blocker (Air)	-1952	672	301.5	269.9777130656439	1	1	1	1	1	0	0		PathTextures\2x2Cyan.tga	2	2	64	64	0	4	4	66/66
1539	110	YTab	destructable	Pathing Blocker (Air)	-1952	736	301.5	269.9777130656439	1	1	1	1	1	0	0		PathTextures\2x2Cyan.tga	2	2	64	64	0	4	4	66/66
1540	1544	YTab	destructable	Pathing Blocker (Air)	-3808	-2144	333.5	269.9777130656439	1	1	1	1	1	0	0		PathTextures\2x2Cyan.tga	2	2	64	64	0	4	4	66/66
1541	1545	YTab	destructable	Pathing Blocker (Air)	-3872	-2144	333.5	269.9777130656439	1	1	1	1	1	0	0		PathTextures\2x2Cyan.tga	2	2	64	64	0	4	4	66/66
1542	1546	YTab	destructable	Pathing Blocker (Air)	-3936	-2144	333.5	269.9777130656439	1	1	1	1	1	0	0		PathTextures\2x2Cyan.tga	2	2	64	64	0	4	4	66/66
1543	1547	YTab	destructable	Pathing Blocker (Air)	-4000	-2144	333.594	269.9777130656439	1	1	1	1	1	0	0		PathTextures\2x2Cyan.tga	2	2	64	64	0	4	4	66/66
1544	1548	YTab	destructable	Pathing Blocker (Air)	-4064	-2144	333.781	269.9777130656439	1	1	1	1	1	0	0		PathTextures\2x2Cyan.tga	2	2	64	64	0	4	4	66/66
1545	1549	YTab	destructable	Pathing Blocker (Air)	-4128	-2144	333.828	269.9777130656439	1	1	1	1	1	0	0		PathTextures\2x2Cyan.tga	2	2	64	64	0	4	4	66/66
1546	1550	YTab	destructable	Pathing Blocker (Air)	-4192	-2144	333.734	269.9777130656439	1	1	1	1	1	0	0		PathTextures\2x2Cyan.tga	2	2	64	64	0	4	4	66/66
1547	1558	YTab	destructable	Pathing Blocker (Air)	-4256	-2144	333.641	269.9777130656439	1	1	1	1	1	0	0		PathTextures\2x2Cyan.tga	2	2	64	64	0	4	4	66/66
1548	1551	YTab	destructable	Pathing Blocker (Air)	-4320	-2144	333.547	269.9777130656439	1	1	1	1	1	0	0		PathTextures\2x2Cyan.tga	2	2	64	64	0	4	4	66/66
1549	1552	YTab	destructable	Pathing Blocker (Air)	-4384	-2144	333.5	269.9777130656439	1	1	1	1	1	0	0		PathTextures\2x2Cyan.tga	2	2	64	64	0	4	4	66/66
1550	1553	YTab	destructable	Pathing Blocker (Air)	-4448	-2144	333.5	269.9777130656439	1	1	1	1	1	0	0		PathTextures\2x2Cyan.tga	2	2	64	64	0	4	4	66/66
1551	1554	YTab	destructable	Pathing Blocker (Air)	-4512	-2144	333.5	269.9777130656439	1	1	1	1	1	0	0		PathTextures\2x2Cyan.tga	2	2	64	64	0	4	4	66/66
1552	1555	YTab	destructable	Pathing Blocker (Air)	-4576	-2144	333.5	269.9777130656439	1	1	1	1	1	0	0		PathTextures\2x2Cyan.tga	2	2	64	64	0	4	4	66/66
1553	1556	YTab	destructable	Pathing Blocker (Air)	-4640	-2144	333.5	269.9777130656439	1	1	1	1	1	0	0		PathTextures\2x2Cyan.tga	2	2	64	64	0	4	4	66/66
1554	1557	YTab	destructable	Pathing Blocker (Air)	-4704	-2144	333.5	269.9777130656439	1	1	1	1	1	0	0		PathTextures\2x2Cyan.tga	2	2	64	64	0	4	4	66/66
1555	1559	YTab	destructable	Pathing Blocker (Air)	-4768	-2144	334.156	269.9777130656439	1	1	1	1	1	0	0		PathTextures\2x2Cyan.tga	2	2	64	64	0	4	4	66/66
1556	1560	YTab	destructable	Pathing Blocker (Air)	-4832	-2144	335.469	269.9777130656439	1	1	1	1	1	0	0		PathTextures\2x2Cyan.tga	2	2	64	64	0	4	4	66/66
1557	1561	YTab	destructable	Pathing Blocker (Air)	-4896	-2144	335.891	269.9777130656439	1	1	1	1	1	0	0		PathTextures\2x2Cyan.tga	2	2	64	64	0	4	4	66/66
1558	248	YTab	destructable	Pathing Blocker (Air)	-1952	2208	272.688	269.9777130656439	1	1	1	1	1	0	0		PathTextures\2x2Cyan.tga	2	2	64	64	0	4	4	66/66
1559	249	YTab	destructable	Pathing Blocker (Air)	-2016	2208	270.813	269.9777130656439	1	1	1	1	1	0	0		PathTextures\2x2Cyan.tga	2	2	64	64	0	4	4	66/66
1560	250	YTab	destructable	Pathing Blocker (Air)	-2080	2208	270.094	269.9777130656439	1	1	1	1	1	0	0		PathTextures\2x2Cyan.tga	2	2	64	64	0	4	4	66/66
1561	1588	YTab	destructable	Pathing Blocker (Air)	-3040	2208	269.781	269.9777130656439	1	1	1	1	1	0	0		PathTextures\2x2Cyan.tga	2	2	64	64	0	4	4	66/66
1562	1589	YTab	destructable	Pathing Blocker (Air)	-3104	2208	269.5	269.9777130656439	1	1	1	1	1	0	0		PathTextures\2x2Cyan.tga	2	2	64	64	0	4	4	66/66
1563	272	YTab	destructable	Pathing Blocker (Air)	-2144	2208	270.531	269.9777130656439	1	1	1	1	1	0	0		PathTextures\2x2Cyan.tga	2	2	64	64	0	4	4	66/66
1564	273	YTab	destructable	Pathing Blocker (Air)	-2208	2208	269.781	269.9777130656439	1	1	1	1	1	0	0		PathTextures\2x2Cyan.tga	2	2	64	64	0	4	4	66/66
1565	361	YTab	destructable	Pathing Blocker (Air)	-2272	2208	267.844	269.9777130656439	1	1	1	1	1	0	0		PathTextures\2x2Cyan.tga	2	2	64	64	0	4	4	66/66
1566	818	YTab	destructable	Pathing Blocker (Air)	-2336	2208	264.859	269.9777130656439	1	1	1	1	1	0	0		PathTextures\2x2Cyan.tga	2	2	64	64	0	4	4	66/66
1567	1590	YTab	destructable	Pathing Blocker (Air)	-3232	2208	269.5	269.9777130656439	1	1	1	1	1	0	0		PathTextures\2x2Cyan.tga	2	2	64	64	0	4	4	66/66
1568	1116	ATtr	destructable	Ashenvale Tree Wall	-1664	1152	269.5	269.9777130656439	0.922	0.922	0.922	1	1	0	2		PathTextures\4x4Default.tga	4	4	128	128	16	0	16	5555/5555/5555/5555
1569	1108	ATtr	destructable	Ashenvale Tree Wall	-1664	1408	303.5	269.9777130656439	0.981	0.981	0.981	1	1	0	2		PathTextures\4x4Default.tga	4	4	128	128	16	0	16	5555/5555/5555/5555
1570	1118	ATtc	destructable	Ashenvale Canopy Tree	-1696	1696	374.609	269.9777130656439	1.106	1.106	1.106	1	1	0	2		PathTextures\2x2Default.tga	2	2	64	64	4	0	4	55/55
1571	90	YTab	destructable	Pathing Blocker (Air)	-1952	2016	301.5	269.9777130656439	1	1	1	1	1	0	0		PathTextures\2x2Cyan.tga	2	2	64	64	0	4	4	66/66
1572	91	YTab	destructable	Pathing Blocker (Air)	-1952	1952	301.5	269.9777130656439	1	1	1	1	1	0	0		PathTextures\2x2Cyan.tga	2	2	64	64	0	4	4	66/66
1573	92	YTab	destructable	Pathing Blocker (Air)	-1952	1888	301.5	269.9777130656439	1	1	1	1	1	0	0		PathTextures\2x2Cyan.tga	2	2	64	64	0	4	4	66/66
1574	93	YTab	destructable	Pathing Blocker (Air)	-1952	1824	301.5	269.9777130656439	1	1	1	1	1	0	0		PathTextures\2x2Cyan.tga	2	2	64	64	0	4	4	66/66
1575	94	YTab	destructable	Pathing Blocker (Air)	-1952	1760	301.5	269.9777130656439	1	1	1	1	1	0	0		PathTextures\2x2Cyan.tga	2	2	64	64	0	4	4	66/66
1576	95	YTab	destructable	Pathing Blocker (Air)	-1952	1696	301.5	269.9777130656439	1	1	1	1	1	0	0		PathTextures\2x2Cyan.tga	2	2	64	64	0	4	4	66/66
1577	96	YTab	destructable	Pathing Blocker (Air)	-1952	1632	301.5	269.9777130656439	1	1	1	1	1	0	0		PathTextures\2x2Cyan.tga	2	2	64	64	0	4	4	66/66
1578	97	YTab	destructable	Pathing Blocker (Air)	-1952	1568	301.5	269.9777130656439	1	1	1	1	1	0	0		PathTextures\2x2Cyan.tga	2	2	64	64	0	4	4	66/66
1579	98	YTab	destructable	Pathing Blocker (Air)	-1952	1504	301.5	269.9777130656439	1	1	1	1	1	0	0		PathTextures\2x2Cyan.tga	2	2	64	64	0	4	4	66/66
1580	99	YTab	destructable	Pathing Blocker (Air)	-1952	1312	301.5	269.9777130656439	1	1	1	1	1	0	0		PathTextures\2x2Cyan.tga	2	2	64	64	0	4	4	66/66
1581	100	YTab	destructable	Pathing Blocker (Air)	-1952	1184	301.5	269.9777130656439	1	1	1	1	1	0	0		PathTextures\2x2Cyan.tga	2	2	64	64	0	4	4	66/66
1582	101	YTab	destructable	Pathing Blocker (Air)	-1952	992	301.5	269.9777130656439	1	1	1	1	1	0	0		PathTextures\2x2Cyan.tga	2	2	64	64	0	4	4	66/66
1583	102	YTab	destructable	Pathing Blocker (Air)	-1952	1440	301.5	269.9777130656439	1	1	1	1	1	0	0		PathTextures\2x2Cyan.tga	2	2	64	64	0	4	4	66/66
1584	103	YTab	destructable	Pathing Blocker (Air)	-1952	1376	301.5	269.9777130656439	1	1	1	1	1	0	0		PathTextures\2x2Cyan.tga	2	2	64	64	0	4	4	66/66
1585	104	YTab	destructable	Pathing Blocker (Air)	-1952	1248	301.5	269.9777130656439	1	1	1	1	1	0	0		PathTextures\2x2Cyan.tga	2	2	64	64	0	4	4	66/66
1586	105	YTab	destructable	Pathing Blocker (Air)	-1952	1120	301.5	269.9777130656439	1	1	1	1	1	0	0		PathTextures\2x2Cyan.tga	2	2	64	64	0	4	4	66/66
1587	106	YTab	destructable	Pathing Blocker (Air)	-1952	1056	301.5	269.9777130656439	1	1	1	1	1	0	0		PathTextures\2x2Cyan.tga	2	2	64	64	0	4	4	66/66
1588	107	YTab	destructable	Pathing Blocker (Air)	-1952	928	301.5	269.9777130656439	1	1	1	1	1	0	0		PathTextures\2x2Cyan.tga	2	2	64	64	0	4	4	66/66
1589	108	YTab	destructable	Pathing Blocker (Air)	-1952	864	301.5	269.9777130656439	1	1	1	1	1	0	0		PathTextures\2x2Cyan.tga	2	2	64	64	0	4	4	66/66
1590	109	YTab	destructable	Pathing Blocker (Air)	-1952	800	301.5	269.9777130656439	1	1	1	1	1	0	0		PathTextures\2x2Cyan.tga	2	2	64	64	0	4	4	66/66
1591	38	YTab	destructable	Pathing Blocker (Air)	-3488	-1824	429.5	269.9777130656439	1	1	1	1	1	0	0		PathTextures\2x2Cyan.tga	2	2	64	64	0	4	4	66/66
1592	39	YTab	destructable	Pathing Blocker (Air)	-3488	-1888	429.5	269.9777130656439	1	1	1	1	1	0	0		PathTextures\2x2Cyan.tga	2	2	64	64	0	4	4	66/66
1593	40	YTab	destructable	Pathing Blocker (Air)	-3488	-1952	429.5	269.9777130656439	1	1	1	1	1	0	0		PathTextures\2x2Cyan.tga	2	2	64	64	0	4	4	66/66
1594	1533	YTab	destructable	Pathing Blocker (Air)	-3488	-2016	429.5	269.9777130656439	1	1	1	1	1	0	0		PathTextures\2x2Cyan.tga	2	2	64	64	0	4	4	66/66
1595	1534	YTab	destructable	Pathing Blocker (Air)	-3488	-2144	309.5	269.9777130656439	1	1	1	1	1	0	0		PathTextures\2x2Cyan.tga	2	2	64	64	0	4	4	66/66
1596	1543	YTab	destructable	Pathing Blocker (Air)	-3552	-2144	325.5	269.9777130656439	1	1	1	1	1	0	0		PathTextures\2x2Cyan.tga	2	2	64	64	0	4	4	66/66
1597	1536	YTab	destructable	Pathing Blocker (Air)	-3680	-2144	333.5	269.9777130656439	1	1	1	1	1	0	0		PathTextures\2x2Cyan.tga	2	2	64	64	0	4	4	66/66
1598	1542	YTab	destructable	Pathing Blocker (Air)	-3616	-2144	333.5	269.9777130656439	1	1	1	1	1	0	0		PathTextures\2x2Cyan.tga	2	2	64	64	0	4	4	66/66
1599	291	D000	doodad	Wall Hori -|	-3744	2016	519.1	0	1.1	1.1	1.1	1	1	1	0	255	PathTextures\StoneWall3Path.tga	2	10	64	320	20	0	20	55/55/55/55/55/55/55/55/55/55
1600	296	LOtz	doodad	Torch Glowing	2036.423	2094.435	343.688	275.99376991451754	1.18	1.18	1.18	1	1	0	0	255	none								
1601	1885	YTab	destructable	Pathing Blocker (Air)	1952	1888	301.5	269.9777130656439	1	1	1	1	1	0	0		PathTextures\2x2Cyan.tga	2	2	64	64	0	4	4	66/66
1602	1775	YTab	destructable	Pathing Blocker (Air)	1952	-1824	301.5	269.9777130656439	1	1	1	1	1	0	0		PathTextures\2x2Cyan.tga	2	2	64	64	0	4	4	66/66
1603	1779	YTab	destructable	Pathing Blocker (Air)	1952	-1760	301.5	269.9777130656439	1	1	1	1	1	0	0		PathTextures\2x2Cyan.tga	2	2	64	64	0	4	4	66/66
1604	6	D003	doodad	Wall Vert |-|	-2016	-1824	359.1	0	1.1	1.1	1.1	1	1	1	0	255	PathTextures\StoneWall1Path.tga	10	2	320	64	20	0	20	5555555555/5555555555
1605	935	D002	doodad	Wall Vert -|	-2016	-1248	359.1	0	1.1	1.1	1.1	1	1	1	0	255	PathTextures\StoneWall1Path.tga	10	2	320	64	20	0	20	5555555555/5555555555
1606	1604	YTab	destructable	Pathing Blocker (Air)	-3424	-2144	301.5	269.9777130656439	1	1	1	1	1	0	0		PathTextures\2x2Cyan.tga	2	2	64	64	0	4	4	66/66
1607	1606	YTab	destructable	Pathing Blocker (Air)	-3296	-2144	301.5	269.9777130656439	1	1	1	1	1	0	0		PathTextures\2x2Cyan.tga	2	2	64	64	0	4	4	66/66
1608	1612	YTab	destructable	Pathing Blocker (Air)	-1952	-2016	301.5	269.9777130656439	1	1	1	1	1	0	0		PathTextures\2x2Cyan.tga	2	2	64	64	0	4	4	66/66
1609	1613	YTab	destructable	Pathing Blocker (Air)	-1952	-1952	301.5	269.9777130656439	1	1	1	1	1	0	0		PathTextures\2x2Cyan.tga	2	2	64	64	0	4	4	66/66
1610	1614	YTab	destructable	Pathing Blocker (Air)	-1952	-1888	301.5	269.9777130656439	1	1	1	1	1	0	0		PathTextures\2x2Cyan.tga	2	2	64	64	0	4	4	66/66
1611	66	YTab	destructable	Pathing Blocker (Air)	-3744	2208	269.5	269.9777130656439	1	1	1	1	1	0	0		PathTextures\2x2Cyan.tga	2	2	64	64	0	4	4	66/66
1612	67	YTab	destructable	Pathing Blocker (Air)	-3808	2208	269.5	269.9777130656439	1	1	1	1	1	0	0		PathTextures\2x2Cyan.tga	2	2	64	64	0	4	4	66/66
1613	69	YTab	destructable	Pathing Blocker (Air)	-3872	2208	269.547	269.9777130656439	1	1	1	1	1	0	0		PathTextures\2x2Cyan.tga	2	2	64	64	0	4	4	66/66
1614	70	YTab	destructable	Pathing Blocker (Air)	-3936	2208	269.641	269.9777130656439	1	1	1	1	1	0	0		PathTextures\2x2Cyan.tga	2	2	64	64	0	4	4	66/66
1615	71	YTab	destructable	Pathing Blocker (Air)	-4000	2208	269.734	269.9777130656439	1	1	1	1	1	0	0		PathTextures\2x2Cyan.tga	2	2	64	64	0	4	4	66/66
1616	72	YTab	destructable	Pathing Blocker (Air)	-4064	2208	269.828	269.9777130656439	1	1	1	1	1	0	0		PathTextures\2x2Cyan.tga	2	2	64	64	0	4	4	66/66
1617	73	YTab	destructable	Pathing Blocker (Air)	-4128	2208	269.828	269.9777130656439	1	1	1	1	1	0	0		PathTextures\2x2Cyan.tga	2	2	64	64	0	4	4	66/66
1618	74	YTab	destructable	Pathing Blocker (Air)	-4192	2208	269.734	269.9777130656439	1	1	1	1	1	0	0		PathTextures\2x2Cyan.tga	2	2	64	64	0	4	4	66/66
1619	75	YTab	destructable	Pathing Blocker (Air)	-4256	2208	269.703	269.9777130656439	1	1	1	1	1	0	0		PathTextures\2x2Cyan.tga	2	2	64	64	0	4	4	66/66
1620	76	YTab	destructable	Pathing Blocker (Air)	-4320	2208	269.734	269.9777130656439	1	1	1	1	1	0	0		PathTextures\2x2Cyan.tga	2	2	64	64	0	4	4	66/66
1621	77	YTab	destructable	Pathing Blocker (Air)	-4384	2208	269.703	269.9777130656439	1	1	1	1	1	0	0		PathTextures\2x2Cyan.tga	2	2	64	64	0	4	4	66/66
1622	78	YTab	destructable	Pathing Blocker (Air)	-4448	2208	269.609	269.9777130656439	1	1	1	1	1	0	0		PathTextures\2x2Cyan.tga	2	2	64	64	0	4	4	66/66
1623	79	YTab	destructable	Pathing Blocker (Air)	-4512	2208	269.547	269.9777130656439	1	1	1	1	1	0	0		PathTextures\2x2Cyan.tga	2	2	64	64	0	4	4	66/66
1624	80	YTab	destructable	Pathing Blocker (Air)	-4576	2208	269.516	269.9777130656439	1	1	1	1	1	0	0		PathTextures\2x2Cyan.tga	2	2	64	64	0	4	4	66/66
1625	81	YTab	destructable	Pathing Blocker (Air)	-4640	2208	269.563	269.9777130656439	1	1	1	1	1	0	0		PathTextures\2x2Cyan.tga	2	2	64	64	0	4	4	66/66
1626	82	YTab	destructable	Pathing Blocker (Air)	-4704	2208	269.688	269.9777130656439	1	1	1	1	1	0	0		PathTextures\2x2Cyan.tga	2	2	64	64	0	4	4	66/66
1627	83	YTab	destructable	Pathing Blocker (Air)	-4768	2208	269.75	269.9777130656439	1	1	1	1	1	0	0		PathTextures\2x2Cyan.tga	2	2	64	64	0	4	4	66/66
1628	84	YTab	destructable	Pathing Blocker (Air)	-4832	2208	269.75	269.9777130656439	1	1	1	1	1	0	0		PathTextures\2x2Cyan.tga	2	2	64	64	0	4	4	66/66
1629	85	YTab	destructable	Pathing Blocker (Air)	-4896	2208	269.75	269.9777130656439	1	1	1	1	1	0	0		PathTextures\2x2Cyan.tga	2	2	64	64	0	4	4	66/66
1630	86	YTab	destructable	Pathing Blocker (Air)	-4960	2208	269.75	269.9777130656439	1	1	1	1	1	0	0		PathTextures\2x2Cyan.tga	2	2	64	64	0	4	4	66/66
1631	88	YTab	destructable	Pathing Blocker (Air)	-5024	2208	270.359	269.9777130656439	1	1	1	1	1	0	0		PathTextures\2x2Cyan.tga	2	2	64	64	0	4	4	66/66
1632	89	YTab	destructable	Pathing Blocker (Air)	-5088	2208	271.578	269.9777130656439	1	1	1	1	1	0	0		PathTextures\2x2Cyan.tga	2	2	64	64	0	4	4	66/66
1633	1271	YTab	destructable	Pathing Blocker (Air)	-5152	2208	272.859	269.9777130656439	1	1	1	1	1	0	0		PathTextures\2x2Cyan.tga	2	2	64	64	0	4	4	66/66
1634	1276	YTab	destructable	Pathing Blocker (Air)	-5216	2208	274.203	269.9777130656439	1	1	1	1	1	0	0		PathTextures\2x2Cyan.tga	2	2	64	64	0	4	4	66/66
1635	1464	YTab	destructable	Pathing Blocker (Air)	-5280	2208	276.328	269.9777130656439	1	1	1	1	1	0	0		PathTextures\2x2Cyan.tga	2	2	64	64	0	4	4	66/66
1636	1484	YTab	destructable	Pathing Blocker (Air)	-5344	2208	279.234	269.9777130656439	1	1	1	1	1	0	0		PathTextures\2x2Cyan.tga	2	2	64	64	0	4	4	66/66
1637	1641	YTab	destructable	Pathing Blocker (Air)	-5408	2208	280.953	269.9777130656439	1	1	1	1	1	0	0		PathTextures\2x2Cyan.tga	2	2	64	64	0	4	4	66/66
1638	1642	YTab	destructable	Pathing Blocker (Air)	-5472	2208	281.484	269.9777130656439	1	1	1	1	1	0	0		PathTextures\2x2Cyan.tga	2	2	64	64	0	4	4	66/66
1639	1643	YTab	destructable	Pathing Blocker (Air)	-5536	2208	280.719	269.9777130656439	1	1	1	1	1	0	0		PathTextures\2x2Cyan.tga	2	2	64	64	0	4	4	66/66
1640	1644	YTab	destructable	Pathing Blocker (Air)	-5600	2208	278.656	269.9777130656439	1	1	1	1	1	0	0		PathTextures\2x2Cyan.tga	2	2	64	64	0	4	4	66/66
1641	1645	YTab	destructable	Pathing Blocker (Air)	-5664	2208	275.891	269.9777130656439	1	1	1	1	1	0	0		PathTextures\2x2Cyan.tga	2	2	64	64	0	4	4	66/66
1642	1646	YTab	destructable	Pathing Blocker (Air)	-5728	2208	272.422	269.9777130656439	1	1	1	1	1	0	0		PathTextures\2x2Cyan.tga	2	2	64	64	0	4	4	66/66
1643	1647	YTab	destructable	Pathing Blocker (Air)	-5792	2208	270.391	269.9777130656439	1	1	1	1	1	0	0		PathTextures\2x2Cyan.tga	2	2	64	64	0	4	4	66/66
1644	1648	YTab	destructable	Pathing Blocker (Air)	-5856	2208	269.797	269.9777130656439	1	1	1	1	1	0	0		PathTextures\2x2Cyan.tga	2	2	64	64	0	4	4	66/66
1645	1649	YTab	destructable	Pathing Blocker (Air)	-5920	2208	269.5	269.9777130656439	1	1	1	1	1	0	0		PathTextures\2x2Cyan.tga	2	2	64	64	0	4	4	66/66
1646	1650	YTab	destructable	Pathing Blocker (Air)	-5984	2208	269.5	269.9777130656439	1	1	1	1	1	0	0		PathTextures\2x2Cyan.tga	2	2	64	64	0	4	4	66/66
1647	1651	YTab	destructable	Pathing Blocker (Air)	-6048	2208	269.5	269.9777130656439	1	1	1	1	1	0	0		PathTextures\2x2Cyan.tga	2	2	64	64	0	4	4	66/66
1648	1652	YTab	destructable	Pathing Blocker (Air)	-6112	2208	269.5	269.9777130656439	1	1	1	1	1	0	0		PathTextures\2x2Cyan.tga	2	2	64	64	0	4	4	66/66
1649	1653	YTab	destructable	Pathing Blocker (Air)	-6176	2208	269.5	269.9777130656439	1	1	1	1	1	0	0		PathTextures\2x2Cyan.tga	2	2	64	64	0	4	4	66/66
1650	1654	YTab	destructable	Pathing Blocker (Air)	-6240	2208	269.5	269.9777130656439	1	1	1	1	1	0	0		PathTextures\2x2Cyan.tga	2	2	64	64	0	4	4	66/66
1651	1655	YTab	destructable	Pathing Blocker (Air)	-6304	2208	269.5	269.9777130656439	1	1	1	1	1	0	0		PathTextures\2x2Cyan.tga	2	2	64	64	0	4	4	66/66
1652	1657	YTab	destructable	Pathing Blocker (Air)	-6304	2080	461.5	269.9777130656439	1	1	1	1	1	0	0		PathTextures\2x2Cyan.tga	2	2	64	64	0	4	4	66/66
1653	1656	YTab	destructable	Pathing Blocker (Air)	-6176	2016	525.5	269.9777130656439	1	1	1	1	1	0	0		PathTextures\2x2Cyan.tga	2	2	64	64	0	4	4	66/66
1654	1790	YTab	destructable	Pathing Blocker (Air)	4512	2080	461.5	269.9777130656439	1	1	1	1	1	0	0		PathTextures\2x2Cyan.tga	2	2	64	64	0	4	4	66/66
1655	236	YTab	destructable	Pathing Blocker (Air)	3808	-2144	333.5	269.9777130656439	1	1	1	1	1	0	0		PathTextures\2x2Cyan.tga	2	2	64	64	0	4	4	66/66
1656	1810	YTab	destructable	Pathing Blocker (Air)	5792	2080	461.5	269.9777130656439	1	1	1	1	1	0	0		PathTextures\2x2Cyan.tga	2	2	64	64	0	4	4	66/66
1657	1752	YTab	destructable	Pathing Blocker (Air)	2272	2144	301.5	269.9777130656439	1	1	1	1	1	0	0		PathTextures\2x2Cyan.tga	2	2	64	64	0	4	4	66/66
1658	1662	YTab	destructable	Pathing Blocker (Air)	2208	-2144	301.5	269.9777130656439	1	1	1	1	1	0	0		PathTextures\2x2Cyan.tga	2	2	64	64	0	4	4	66/66
1659	1663	YTab	destructable	Pathing Blocker (Air)	2272	-2144	301.5	269.9777130656439	1	1	1	1	1	0	0		PathTextures\2x2Cyan.tga	2	2	64	64	0	4	4	66/66
1660	1664	YTab	destructable	Pathing Blocker (Air)	2336	-2144	301.5	269.9777130656439	1	1	1	1	1	0	0		PathTextures\2x2Cyan.tga	2	2	64	64	0	4	4	66/66
1661	1665	YTab	destructable	Pathing Blocker (Air)	2400	-2144	301.5	269.9777130656439	1	1	1	1	1	0	0		PathTextures\2x2Cyan.tga	2	2	64	64	0	4	4	66/66
1662	1666	YTab	destructable	Pathing Blocker (Air)	2464	-2144	301.5	269.9777130656439	1	1	1	1	1	0	0		PathTextures\2x2Cyan.tga	2	2	64	64	0	4	4	66/66
1663	1667	YTab	destructable	Pathing Blocker (Air)	2528	-2144	301.5	269.9777130656439	1	1	1	1	1	0	0		PathTextures\2x2Cyan.tga	2	2	64	64	0	4	4	66/66
1664	1668	YTab	destructable	Pathing Blocker (Air)	2592	-2144	301.5	269.9777130656439	1	1	1	1	1	0	0		PathTextures\2x2Cyan.tga	2	2	64	64	0	4	4	66/66
1665	1669	YTab	destructable	Pathing Blocker (Air)	2656	-2144	301.5	269.9777130656439	1	1	1	1	1	0	0		PathTextures\2x2Cyan.tga	2	2	64	64	0	4	4	66/66
1666	1670	YTab	destructable	Pathing Blocker (Air)	2720	-2144	301.5	269.9777130656439	1	1	1	1	1	0	0		PathTextures\2x2Cyan.tga	2	2	64	64	0	4	4	66/66
1667	1671	YTab	destructable	Pathing Blocker (Air)	2784	-2144	301.5	269.9777130656439	1	1	1	1	1	0	0		PathTextures\2x2Cyan.tga	2	2	64	64	0	4	4	66/66
1668	1672	YTab	destructable	Pathing Blocker (Air)	2848	-2144	301.5	269.9777130656439	1	1	1	1	1	0	0		PathTextures\2x2Cyan.tga	2	2	64	64	0	4	4	66/66
1669	1673	YTab	destructable	Pathing Blocker (Air)	2912	-2144	301.5	269.9777130656439	1	1	1	1	1	0	0		PathTextures\2x2Cyan.tga	2	2	64	64	0	4	4	66/66
1670	1674	YTab	destructable	Pathing Blocker (Air)	2976	-2144	301.5	269.9777130656439	1	1	1	1	1	0	0		PathTextures\2x2Cyan.tga	2	2	64	64	0	4	4	66/66
1671	1675	YTab	destructable	Pathing Blocker (Air)	3040	-2144	301.5	269.9777130656439	1	1	1	1	1	0	0		PathTextures\2x2Cyan.tga	2	2	64	64	0	4	4	66/66
1672	1676	YTab	destructable	Pathing Blocker (Air)	3104	-2144	301.5	269.9777130656439	1	1	1	1	1	0	0		PathTextures\2x2Cyan.tga	2	2	64	64	0	4	4	66/66
1673	1677	YTab	destructable	Pathing Blocker (Air)	3168	-2144	301.5	269.9777130656439	1	1	1	1	1	0	0		PathTextures\2x2Cyan.tga	2	2	64	64	0	4	4	66/66
1674	1678	YTab	destructable	Pathing Blocker (Air)	3232	-2144	301.5	269.9777130656439	1	1	1	1	1	0	0		PathTextures\2x2Cyan.tga	2	2	64	64	0	4	4	66/66
1675	1679	YTab	destructable	Pathing Blocker (Air)	3296	-2144	301.5	269.9777130656439	1	1	1	1	1	0	0		PathTextures\2x2Cyan.tga	2	2	64	64	0	4	4	66/66
1676	1680	YTab	destructable	Pathing Blocker (Air)	3360	-2144	301.5	269.9777130656439	1	1	1	1	1	0	0		PathTextures\2x2Cyan.tga	2	2	64	64	0	4	4	66/66
1677	1681	YTab	destructable	Pathing Blocker (Air)	3424	-2144	301.5	269.9777130656439	1	1	1	1	1	0	0		PathTextures\2x2Cyan.tga	2	2	64	64	0	4	4	66/66
1678	1682	YTab	destructable	Pathing Blocker (Air)	3488	-2144	309.5	269.9777130656439	1	1	1	1	1	0	0		PathTextures\2x2Cyan.tga	2	2	64	64	0	4	4	66/66
1679	974	D000	doodad	Wall Hori -|	5984	-2016	525.5	0	1.1	1.1	1.1	1	1	0	0	255	PathTextures\StoneWall3Path.tga	2	10	64	320	20	0	20	55/55/55/55/55/55/55/55/55/55
1680	1684	YTab	destructable	Pathing Blocker (Air)	3552	-2144	325.5	269.9777130656439	1	1	1	1	1	0	0		PathTextures\2x2Cyan.tga	2	2	64	64	0	4	4	66/66
1681	1931	YTab	destructable	Pathing Blocker (Air)	6304	-2144	333.5	269.9777130656439	1	1	1	1	1	0	0		PathTextures\2x2Cyan.tga	2	2	64	64	0	4	4	66/66
1682	1686	YTab	destructable	Pathing Blocker (Air)	3616	-2144	333.5	269.9777130656439	1	1	1	1	1	0	0		PathTextures\2x2Cyan.tga	2	2	64	64	0	4	4	66/66
1683	1930	YTab	destructable	Pathing Blocker (Air)	6240	-2144	333.5	269.9777130656439	1	1	1	1	1	0	0		PathTextures\2x2Cyan.tga	2	2	64	64	0	4	4	66/66
1684	1929	YTab	destructable	Pathing Blocker (Air)	6176	-2144	333.5	269.9777130656439	1	1	1	1	1	0	0		PathTextures\2x2Cyan.tga	2	2	64	64	0	4	4	66/66
1685	1928	YTab	destructable	Pathing Blocker (Air)	6112	-2144	333.5	269.9777130656439	1	1	1	1	1	0	0		PathTextures\2x2Cyan.tga	2	2	64	64	0	4	4	66/66
1686	1927	YTab	destructable	Pathing Blocker (Air)	6048	-2144	333.5	269.9777130656439	1	1	1	1	1	0	0		PathTextures\2x2Cyan.tga	2	2	64	64	0	4	4	66/66
1687	1926	YTab	destructable	Pathing Blocker (Air)	5984	-2144	333.5	269.9777130656439	1	1	1	1	1	0	0		PathTextures\2x2Cyan.tga	2	2	64	64	0	4	4	66/66
1688	1925	YTab	destructable	Pathing Blocker (Air)	5920	-2144	333.5	269.9777130656439	1	1	1	1	1	0	0		PathTextures\2x2Cyan.tga	2	2	64	64	0	4	4	66/66
1689	1924	YTab	destructable	Pathing Blocker (Air)	5856	-2144	333.5	269.9777130656439	1	1	1	1	1	0	0		PathTextures\2x2Cyan.tga	2	2	64	64	0	4	4	66/66
1690	1923	YTab	destructable	Pathing Blocker (Air)	5792	-2144	333.5	269.9777130656439	1	1	1	1	1	0	0		PathTextures\2x2Cyan.tga	2	2	64	64	0	4	4	66/66
1691	1922	YTab	destructable	Pathing Blocker (Air)	5728	-2144	333.5	269.9777130656439	1	1	1	1	1	0	0		PathTextures\2x2Cyan.tga	2	2	64	64	0	4	4	66/66
1692	1921	YTab	destructable	Pathing Blocker (Air)	5664	-2144	333.5	269.9777130656439	1	1	1	1	1	0	0		PathTextures\2x2Cyan.tga	2	2	64	64	0	4	4	66/66
1693	1920	YTab	destructable	Pathing Blocker (Air)	5600	-2144	333.5	269.9777130656439	1	1	1	1	1	0	0		PathTextures\2x2Cyan.tga	2	2	64	64	0	4	4	66/66
1694	1919	YTab	destructable	Pathing Blocker (Air)	5536	-2144	333.5	269.9777130656439	1	1	1	1	1	0	0		PathTextures\2x2Cyan.tga	2	2	64	64	0	4	4	66/66
1695	1918	YTab	destructable	Pathing Blocker (Air)	5472	-2144	333.5	269.9777130656439	1	1	1	1	1	0	0		PathTextures\2x2Cyan.tga	2	2	64	64	0	4	4	66/66
1696	1917	YTab	destructable	Pathing Blocker (Air)	5408	-2144	333.5	269.9777130656439	1	1	1	1	1	0	0		PathTextures\2x2Cyan.tga	2	2	64	64	0	4	4	66/66
1697	1916	YTab	destructable	Pathing Blocker (Air)	5344	-2144	333.5	269.9777130656439	1	1	1	1	1	0	0		PathTextures\2x2Cyan.tga	2	2	64	64	0	4	4	66/66
1698	1915	YTab	destructable	Pathing Blocker (Air)	5280	-2144	333.5	269.9777130656439	1	1	1	1	1	0	0		PathTextures\2x2Cyan.tga	2	2	64	64	0	4	4	66/66
1699	1914	YTab	destructable	Pathing Blocker (Air)	5216	-2144	333.5	269.9777130656439	1	1	1	1	1	0	0		PathTextures\2x2Cyan.tga	2	2	64	64	0	4	4	66/66
1700	1913	YTab	destructable	Pathing Blocker (Air)	5152	-2144	333.5	269.9777130656439	1	1	1	1	1	0	0		PathTextures\2x2Cyan.tga	2	2	64	64	0	4	4	66/66
1701	1471	YTab	destructable	Pathing Blocker (Air)	5088	-2144	333.5	269.9777130656439	1	1	1	1	1	0	0		PathTextures\2x2Cyan.tga	2	2	64	64	0	4	4	66/66
1702	1470	YTab	destructable	Pathing Blocker (Air)	5024	-2144	333.5	269.9777130656439	1	1	1	1	1	0	0		PathTextures\2x2Cyan.tga	2	2	64	64	0	4	4	66/66
1703	905	YTab	destructable	Pathing Blocker (Air)	4960	-2144	333.5	269.9777130656439	1	1	1	1	1	0	0		PathTextures\2x2Cyan.tga	2	2	64	64	0	4	4	66/66
1704	904	YTab	destructable	Pathing Blocker (Air)	4896	-2144	333.5	269.9777130656439	1	1	1	1	1	0	0		PathTextures\2x2Cyan.tga	2	2	64	64	0	4	4	66/66
1705	903	YTab	destructable	Pathing Blocker (Air)	4832	-2144	333.5	269.9777130656439	1	1	1	1	1	0	0		PathTextures\2x2Cyan.tga	2	2	64	64	0	4	4	66/66
1706	286	YTab	destructable	Pathing Blocker (Air)	4768	-2144	333.5	269.9777130656439	1	1	1	1	1	0	0		PathTextures\2x2Cyan.tga	2	2	64	64	0	4	4	66/66
1707	235	YTab	destructable	Pathing Blocker (Air)	3744	-2144	333.5	269.9777130656439	1	1	1	1	1	0	0		PathTextures\2x2Cyan.tga	2	2	64	64	0	4	4	66/66
1708	283	YTab	destructable	Pathing Blocker (Air)	4704	-2144	333.5	269.9777130656439	1	1	1	1	1	0	0		PathTextures\2x2Cyan.tga	2	2	64	64	0	4	4	66/66
1709	282	YTab	destructable	Pathing Blocker (Air)	4640	-2144	333.5	269.9777130656439	1	1	1	1	1	0	0		PathTextures\2x2Cyan.tga	2	2	64	64	0	4	4	66/66
1710	280	YTab	destructable	Pathing Blocker (Air)	4576	-2144	333.5	269.9777130656439	1	1	1	1	1	0	0		PathTextures\2x2Cyan.tga	2	2	64	64	0	4	4	66/66
1711	247	YTab	destructable	Pathing Blocker (Air)	4512	-2144	333.5	269.9777130656439	1	1	1	1	1	0	0		PathTextures\2x2Cyan.tga	2	2	64	64	0	4	4	66/66
1712	246	YTab	destructable	Pathing Blocker (Air)	4448	-2144	333.5	269.9777130656439	1	1	1	1	1	0	0		PathTextures\2x2Cyan.tga	2	2	64	64	0	4	4	66/66
1713	245	YTab	destructable	Pathing Blocker (Air)	4384	-2144	333.5	269.9777130656439	1	1	1	1	1	0	0		PathTextures\2x2Cyan.tga	2	2	64	64	0	4	4	66/66
1714	244	YTab	destructable	Pathing Blocker (Air)	4320	-2144	333.5	269.9777130656439	1	1	1	1	1	0	0		PathTextures\2x2Cyan.tga	2	2	64	64	0	4	4	66/66
1715	243	YTab	destructable	Pathing Blocker (Air)	4256	-2144	333.5	269.9777130656439	1	1	1	1	1	0	0		PathTextures\2x2Cyan.tga	2	2	64	64	0	4	4	66/66
1716	242	YTab	destructable	Pathing Blocker (Air)	4192	-2144	333.5	269.9777130656439	1	1	1	1	1	0	0		PathTextures\2x2Cyan.tga	2	2	64	64	0	4	4	66/66
1717	241	YTab	destructable	Pathing Blocker (Air)	4128	-2144	333.5	269.9777130656439	1	1	1	1	1	0	0		PathTextures\2x2Cyan.tga	2	2	64	64	0	4	4	66/66
1718	234	YTab	destructable	Pathing Blocker (Air)	3680	-2144	333.5	269.9777130656439	1	1	1	1	1	0	0		PathTextures\2x2Cyan.tga	2	2	64	64	0	4	4	66/66
1719	240	YTab	destructable	Pathing Blocker (Air)	4064	-2144	333.5	269.9777130656439	1	1	1	1	1	0	0		PathTextures\2x2Cyan.tga	2	2	64	64	0	4	4	66/66
1720	54	ZOfp	doodad	Ruins Firepot	1792	-576	264.75	0	0.8	0.8	0.8	1	1	0	0	255	PathTextures\4x4Default.tga	4	4	128	128	16	0	16	5555/5555/5555/5555
1721	59	ZOfp	doodad	Ruins Firepot	1792	576	268.25	0	0.8	0.8	0.8	1	1	0	0	255	PathTextures\4x4Default.tga	4	4	128	128	16	0	16	5555/5555/5555/5555
1722	1747	YTab	destructable	Pathing Blocker (Air)	1952	-2144	277.5	269.9777130656439	1	1	1	1	1	0	0		PathTextures\2x2Cyan.tga	2	2	64	64	0	4	4	66/66
1723	1745	YTab	destructable	Pathing Blocker (Air)	2016	2144	293.5	269.9777130656439	1	1	1	1	1	0	0		PathTextures\2x2Cyan.tga	2	2	64	64	0	4	4	66/66
1724	1744	YTab	destructable	Pathing Blocker (Air)	1952	-608	312.359	269.9777130656439	1	1	1	1	1	0	0		PathTextures\2x2Cyan.tga	2	2	64	64	0	4	4	66/66
1725	1743	YTab	destructable	Pathing Blocker (Air)	1952	544	336.344	269.9777130656439	1	1	1	1	1	0	0		PathTextures\2x2Cyan.tga	2	2	64	64	0	4	4	66/66
1726	1009	D000	doodad	Wall Hori -|	5344	2016	525.5	0	1.1	1.1	1.1	1	1	0	0	255	PathTextures\StoneWall3Path.tga	2	10	64	320	20	0	20	55/55/55/55/55/55/55/55/55/55
1727	1537	YTab	destructable	Pathing Blocker (Air)	-3104	-2144	301.5	269.9777130656439	1	1	1	1	1	0	0		PathTextures\2x2Cyan.tga	2	2	64	64	0	4	4	66/66
1728	1449	ZPsh	doodad	Shrub	2031.104	-607.217	382.035	198.01421399721252	1.048	1.048	1.048	1	1	0	2	255	none								
1729	1774	YTab	destructable	Pathing Blocker (Air)	1952	-1888	301.5	269.9777130656439	1	1	1	1	1	0	0		PathTextures\2x2Cyan.tga	2	2	64	64	0	4	4	66/66
1730	1890	YTab	destructable	Pathing Blocker (Air)	1888	2016	272.391	269.9777130656439	1	1	1	1	1	0	0		PathTextures\2x2Cyan.tga	2	2	64	64	0	4	4	66/66
1731	222	D002	doodad	Wall Vert -|	3552	-1056	493.5	0	1.1	1.1	1.1	1	1	0	0	255	PathTextures\StoneWall1Path.tga	10	2	320	64	20	0	20	5555555555/5555555555
1732	972	YTab	destructable	Pathing Blocker (Air)	1888	-2080	292.469	269.9777130656439	1	1	1	1	1	0	0		PathTextures\2x2Cyan.tga	2	2	64	64	0	4	4	66/66
1733	1817	YTab	destructable	Pathing Blocker (Air)	1952	-1696	301.5	269.9777130656439	1	1	1	1	1	0	0		PathTextures\2x2Cyan.tga	2	2	64	64	0	4	4	66/66
1734	1658	YTab	destructable	Pathing Blocker (Air)	2016	-2144	293.5	269.9777130656439	1	1	1	1	1	0	0		PathTextures\2x2Cyan.tga	2	2	64	64	0	4	4	66/66
1735	1891	YTab	destructable	Pathing Blocker (Air)	1888	1952	278.172	269.9777130656439	1	1	1	1	1	0	0		PathTextures\2x2Cyan.tga	2	2	64	64	0	4	4	66/66
1736	1749	YTab	destructable	Pathing Blocker (Air)	1888	-2144	278.156	269.9777130656439	1	1	1	1	1	0	0		PathTextures\2x2Cyan.tga	2	2	64	64	0	4	4	66/66
1737	1299	ZPfw	doodad	Flowers	1897.425	531.505	312.759	189.99280486538098	1	1	1	1	1	0	2	255	none								
1738	1738	YTab	destructable	Pathing Blocker (Air)	1888	-608	279.797	269.9777130656439	1	1	1	1	1	0	0		PathTextures\2x2Cyan.tga	2	2	64	64	0	4	4	66/66
1739	1316	ZPsh	doodad	Shrub	2042.454	608.282	391.961	165.0118449976771	1	1	1	1	1	0	0	255	none								
1740	1748	YTab	destructable	Pathing Blocker (Air)	1952	-2080	293.5	269.9777130656439	1	1	1	1	1	0	0		PathTextures\2x2Cyan.tga	2	2	64	64	0	4	4	66/66
1741	941	D002	doodad	Wall Vert -|	-2016	-992	359.1	0	1.1	1.1	1.1	1	1	1	0	255	PathTextures\StoneWall1Path.tga	10	2	320	64	20	0	20	5555555555/5555555555
1742	1737	YTab	destructable	Pathing Blocker (Air)	1888	-544	300.891	269.9777130656439	1	1	1	1	1	0	0		PathTextures\2x2Cyan.tga	2	2	64	64	0	4	4	66/66
1743	1338	ZPfw	doodad	Flowers	1775.278	-997.431	267.916	355.97867811478045	1	1	1	1	1	0	1	255	none								
1744	115	YTab	destructable	Pathing Blocker (Air)	3488	672	429.5	269.9777130656439	1	1	1	1	1	0	0		PathTextures\2x2Cyan.tga	2	2	64	64	0	4	4	66/66
1745	1660	YTab	destructable	Pathing Blocker (Air)	2080	-2144	301.5	269.9777130656439	1	1	1	1	1	0	0		PathTextures\2x2Cyan.tga	2	2	64	64	0	4	4	66/66
1746	1661	YTab	destructable	Pathing Blocker (Air)	2144	-2144	301.5	269.9777130656439	1	1	1	1	1	0	0		PathTextures\2x2Cyan.tga	2	2	64	64	0	4	4	66/66
1747	1746	YTab	destructable	Pathing Blocker (Air)	2080	2144	301.5	269.9777130656439	1	1	1	1	1	0	0		PathTextures\2x2Cyan.tga	2	2	64	64	0	4	4	66/66
1748	1750	YTab	destructable	Pathing Blocker (Air)	2144	2144	301.5	269.9777130656439	1	1	1	1	1	0	0		PathTextures\2x2Cyan.tga	2	2	64	64	0	4	4	66/66
1749	10	D002	doodad	Wall Vert -|	2016	1376	365.5	0	1.1	1.1	1.1	1	1	0	0	255	PathTextures\StoneWall1Path.tga	10	2	320	64	20	0	20	5555555555/5555555555
1750	2	D002	doodad	Wall Vert -|	2016	1888	365.5	0	1.1	1.1	1.1	1	1	0	0	255	PathTextures\StoneWall1Path.tga	10	2	320	64	20	0	20	5555555555/5555555555
1751	0	D003	doodad	Wall Vert |-|	2016	800	365.5	0	1.1	1.1	1.1	1	1	0	0	255	PathTextures\StoneWall1Path.tga	10	2	320	64	20	0	20	5555555555/5555555555
1752	4	D002	doodad	Wall Vert -|	2016	1120	365.5	0	1.1	1.1	1.1	1	1	0	0	255	PathTextures\StoneWall1Path.tga	10	2	320	64	20	0	20	5555555555/5555555555
1753	1883	YTab	destructable	Pathing Blocker (Air)	1952	2016	301.5	269.9777130656439	1	1	1	1	1	0	0		PathTextures\2x2Cyan.tga	2	2	64	64	0	4	4	66/66
1754	1882	YTab	destructable	Pathing Blocker (Air)	1952	2144	277.5	269.9777130656439	1	1	1	1	1	0	0		PathTextures\2x2Cyan.tga	2	2	64	64	0	4	4	66/66
1755	1886	YTab	destructable	Pathing Blocker (Air)	1952	1824	301.5	269.9777130656439	1	1	1	1	1	0	0		PathTextures\2x2Cyan.tga	2	2	64	64	0	4	4	66/66
1756	1888	YTab	destructable	Pathing Blocker (Air)	1888	2144	269.5	269.9777130656439	1	1	1	1	1	0	0		PathTextures\2x2Cyan.tga	2	2	64	64	0	4	4	66/66
1757	1538	YTab	destructable	Pathing Blocker (Air)	-3040	-2144	301.5	269.9777130656439	1	1	1	1	1	0	0		PathTextures\2x2Cyan.tga	2	2	64	64	0	4	4	66/66
1758	1539	YTab	destructable	Pathing Blocker (Air)	-2912	-2144	301.5	269.9777130656439	1	1	1	1	1	0	0		PathTextures\2x2Cyan.tga	2	2	64	64	0	4	4	66/66
1759	1884	YTab	destructable	Pathing Blocker (Air)	1952	1952	301.5	269.9777130656439	1	1	1	1	1	0	0		PathTextures\2x2Cyan.tga	2	2	64	64	0	4	4	66/66
1760	1475	YTfb	destructable	Pathing Blocker (Both)	2016	608	368.844	269.9777130656439	1	1	1	1	1	0	0		PathTextures\2x2Unflyable.tga	2	2	64	64	4	4	4	77/77
1761	1762	YTab	destructable	Pathing Blocker (Air)	1952	-1952	301.5	269.9777130656439	1	1	1	1	1	0	0		PathTextures\2x2Cyan.tga	2	2	64	64	0	4	4	66/66
1762	1314	ZPsh	doodad	Shrub	1954.985	490.26	349.329	216.00508876432036	1	1	1	1	1	0	2	255	none								
1763	1	D003	doodad	Wall Vert |-|	2016	-1888	365.5	0	1.1	1.1	1.1	1	1	0	0	255	PathTextures\StoneWall1Path.tga	10	2	320	64	20	0	20	5555555555/5555555555
1764	3	D002	doodad	Wall Vert -|	2016	-800	365.5	0	1.1	1.1	1.1	1	1	0	0	255	PathTextures\StoneWall1Path.tga	10	2	320	64	20	0	20	5555555555/5555555555
1765	11	D002	doodad	Wall Vert -|	2016	-1568	365.5	0	1.1	1.1	1.1	1	1	0	0	255	PathTextures\StoneWall1Path.tga	10	2	320	64	20	0	20	5555555555/5555555555
1766	212	D002	doodad	Wall Vert -|	2016	-1056	365.5	0	1.1	1.1	1.1	1	1	0	0	255	PathTextures\StoneWall1Path.tga	10	2	320	64	20	0	20	5555555555/5555555555
1767	213	D002	doodad	Wall Vert -|	2016	-1312	365.5	0	1.1	1.1	1.1	1	1	0	0	255	PathTextures\StoneWall1Path.tga	10	2	320	64	20	0	20	5555555555/5555555555
1768	223	D002	doodad	Wall Vert -|	3552	-1312	493.5	0	1.1	1.1	1.1	1	1	0	0	255	PathTextures\StoneWall1Path.tga	10	2	320	64	20	0	20	5555555555/5555555555
1769	214	D003	doodad	Wall Vert |-|	3552	800	493.5	0	1.1	1.1	1.1	1	1	0	0	255	PathTextures\StoneWall1Path.tga	10	2	320	64	20	0	20	5555555555/5555555555
1770	116	YTab	destructable	Pathing Blocker (Air)	3488	608	441.5	269.9777130656439	1	1	1	1	1	0	0		PathTextures\2x2Cyan.tga	2	2	64	64	0	4	4	66/66
1771	1162	YTab	destructable	Pathing Blocker (Air)	3488	544	465.5	269.9777130656439	1	1	1	1	1	0	0		PathTextures\2x2Cyan.tga	2	2	64	64	0	4	4	66/66
1772	209	YTab	destructable	Pathing Blocker (Air)	3488	-608	441.5	269.9777130656439	1	1	1	1	1	0	0		PathTextures\2x2Cyan.tga	2	2	64	64	0	4	4	66/66
1773	962	D003	doodad	Wall Vert |-|	-3552	800	493.5	0	1.1	1.1	1.1	1	1	1	0	255	PathTextures\StoneWall1Path.tga	10	2	320	64	20	0	20	5555555555/5555555555
1774	19	YTab	destructable	Pathing Blocker (Air)	-3488	672	429.5	269.9777130656439	1	1	1	1	1	0	0		PathTextures\2x2Cyan.tga	2	2	64	64	0	4	4	66/66
1775	18	YTab	destructable	Pathing Blocker (Air)	-3488	608	441.5	269.9777130656439	1	1	1	1	1	0	0		PathTextures\2x2Cyan.tga	2	2	64	64	0	4	4	66/66
1776	17	YTab	destructable	Pathing Blocker (Air)	-3488	544	465.5	269.9777130656439	1	1	1	1	1	0	0		PathTextures\2x2Cyan.tga	2	2	64	64	0	4	4	66/66
1777	62	YTab	destructable	Pathing Blocker (Air)	-3488	-672	429.5	269.9777130656439	1	1	1	1	1	0	0		PathTextures\2x2Cyan.tga	2	2	64	64	0	4	4	66/66
1778	231	YTab	destructable	Pathing Blocker (Air)	3616	-2080	461.5	269.9777130656439	1	1	1	1	1	0	0		PathTextures\2x2Cyan.tga	2	2	64	64	0	4	4	66/66
1779	268	YTab	destructable	Pathing Blocker (Air)	3552	-1952	493.5	269.9777130656439	1	1	1	1	1	0	0		PathTextures\2x2Cyan.tga	2	2	64	64	0	4	4	66/66
