building_rawcode	building_names	unit_rawcode	unit_names	ability_slot	ability_rawcode	definition_source	base_rawcode	initial_level	level_count	name	tip	ubertip	static_mana_cost	effective_mana_cost	mana_cost_source	static_cooldown	effective_cooldown	cooldown_source	range	area	targets	buffs	data_fields_json	data_fields_labeled_json	script_reference_count	script_function_count	script_functions
h002	Spider Egg Clutch	n00U	Black Spider	1	A0AO	map-resolved	Aven	1	1	NAT: Black Spider (slow poison)	Envenomed Spears	Deals <Aven,DataA1> poison damage per second. |nLasts <Aven,Dur1> seconds.	0	0	static-resolved	0	0	static-resolved	-	-	air,ground,organic	B00G	"{""DataA"":5,""DataB"":0,""DataC"":0.1,""DataD"":1}"	"{""Attack Speed Factor"":0.1,""Damage per Second"":5,""Movement Speed Factor"":0,""Stacking Type"":1}"	3	1	H
h002	Spider Egg Clutch	n00U	Black Spider	2	A09H	map-resolved	ANcl	1	1	TypeMurloc	Channel	Channels powerful warding magic.	0	0	static-resolved	0	0	static-resolved	500	-	_		"{""DataA"":180,""DataB"":0,""DataC"":0,""DataD"":0.98,""DataE"":1,""DataF"":""channel""}"	"{""Art Duration"":0.98,""Base Order ID"":""channel"",""Disable Other Abilities"":1,""Follow Through Time"":180,""Options"":0,""Target Type"":0}"	6	4	EventListener_add_CompanionSpawning_onEvent_add_CompanionSpawning,H,dE,spawnSyncedCompanions
h003	Sniper Nest	hrif	Sniper	1	A0CV	map-resolved	ANcl	1	1	Channel ( Assasin Target )	Channel	Channels powerful warding magic.	0	0	static-resolved	0	0	static-resolved	500	-	_		"{""DataA"":180,""DataB"":0,""DataC"":0,""DataD"":0.98,""DataE"":1,""DataF"":""channel""}"	"{""Art Duration"":0.98,""Base Order ID"":""channel"",""Disable Other Abilities"":1,""Follow Through Time"":180,""Options"":0,""Target Type"":0}"	3	1	H
h003	Sniper Nest	hrif	Sniper	2	A02L	map-resolved	ACct	1	1	Critical Strike	Critical Strike	Gives a <ACct,DataA1>% chance to do <ACct,DataB1> times normal damage on an attack.	0	0	static-resolved	0	0	static-resolved	-	0	air,ground,enemy,neutral		"{""DataA"":10,""DataB"":1.5,""DataC"":0,""DataD"":0,""DataE"":0,""DataF"":""-""}"	"{""Chance to Critical Strike"":10,""Chance to Evade"":0,""Damage Bonus"":0,""Damage Multiplier"":1.5,""Exclude Item Damage"":""-"",""Never Miss"":0}"	3	1	H
h004	Weapon Lab	hmtm	Mortar	1	A0CV	map-resolved	ANcl	1	1	Channel ( Assasin Target )	Channel	Channels powerful warding magic.	0	0	static-resolved	0	0	static-resolved	500	-	_		"{""DataA"":180,""DataB"":0,""DataC"":0,""DataD"":0.98,""DataE"":1,""DataF"":""channel""}"	"{""Art Duration"":0.98,""Base Order ID"":""channel"",""Disable Other Abilities"":1,""Follow Through Time"":180,""Options"":0,""Target Type"":0}"	3	1	H
h007	Demon Gate	n000	Infernal	1	A012	map-resolved	ANpi	1	1	Permanent Immolation	Permanent Immolation	Burns nearby enemy units for <ANpi,DataA1> points of damage per second.	0	0	static-resolved	0	0	static-resolved	-	300	air,enemies,ground,neutral	BNpi	"{""DataA"":33,""DataB"":0,""DataC"":0}"	"{""Buffer Mana Required"":0,""Damage per Interval"":33,""Mana Drained per Second"":0}"	4	2	H,randomizeBloodFiend
h00B	Fountain of Wonders	e000	Faerie Dragon	1	A0CG	map-resolved	Ahea	1	1	NEL: Faerie Dragon (heal)	Heal	Heals a target friendly non-mechanical wounded unit for <Ahea,DataA1> hit points.	9999	20	protected-runtime	99	6.0	protected-runtime	400	-	air,friend,ground,invulnerable,neutral,nonancient,organic,self,vulnerable	Bhea	"{""DataA"":175}"	"{""Hit Points Gained"":175}"	6	3	H,LK,xD
h00B	Fountain of Wonders	e000	Faerie Dragon	2	A003	map-resolved	Afbt	1	1	Feedback	Feedback	This tower's attacks destroy <Afbt,DataA1> mana per hit against any unit, causing bonus damage equal to the mana destroyed.|n|nAdditionally, attacks made by this tower cause <Afbt,DataE1> bonus damage against summoned units.	0	0	static-resolved	0	0	static-resolved	-	-	air,ground,enemy,neutral		"{""DataA"":25,""DataB"":1,""DataC"":25,""DataD"":1,""DataE"":10}"	"{""Damage Ratio - Heros (%)"":1,""Damage Ratio - Units (%)"":1,""Max Mana Drained - Heros"":25,""Max Mana Drained - Units"":25,""Summoned Damage"":10}"	3	1	H
h00F	Spawning Grounds	n002	Naga Guardian	1	A009	map-resolved	ACce	1	1	Cleaving Attack	Cleaving Attack	The creature strikes with such force that <ACce,DataA1,%>% of their damage strikes through to enemies near the primary attacked unit.	0	0	static-resolved	0	0	static-resolved	-	230	ground,enemy,neutral		"{""DataA"":0.35}"	"{""Distributed Damage Factor"":0.35}"	4	2	H,randomizeBloodFiend
h00J	Swamp Well	n004	Suumpmolk	1	A00C	map-resolved	Aspo	1	1	Slow Poison	Slow Poison	A poison attack that deals <Aspo,DataA1> damage per second, and slows the target enemy's movement by <Aspo,DataB1,%>% and attack by <Aspo,DataC1,%>% for <Aspo,Dur1> seconds.	0	0	static-resolved	0	0	static-resolved	-	-	air,ground,organic	Bspo,Bssd	"{""DataA"":4,""DataB"":0.35,""DataC"":0.35,""DataD"":1}"	"{""Attack Speed Factor"":0.35,""Damage Per Second"":4,""Movement Speed Factor"":0.35,""Stacking Type"":1}"	3	1	H
h00K	Hjordhejmen	n005	Warlock	1	A0EZ	map-resolved	ANcl	1	1	Channel	Channel	Channels powerful warding magic.	0	0	static-resolved	0	0	static-resolved	500	-	_		"{""DataA"":180,""DataB"":0,""DataC"":0,""DataD"":0.98,""DataE"":1,""DataF"":""channel""}"	"{""Art Duration"":0.98,""Base Order ID"":""channel"",""Disable Other Abilities"":1,""Follow Through Time"":180,""Options"":0,""Target Type"":0}"	9	6	CallbackSingle_doAfter_doAfter_doAfter_RaceHumanAbilities_call_doAfter_doAfter_doAfter_RaceHumanAbilities,H,NL,deathPactEmergency,handleTargetDamageEffects,setupUnit
h00K	Hjordhejmen	n005	Warlock	2	A0CV	map-resolved	ANcl	1	1	Channel ( Assasin Target )	Channel	Channels powerful warding magic.	0	0	static-resolved	0	0	static-resolved	500	-	_		"{""DataA"":180,""DataB"":0,""DataC"":0,""DataD"":0.98,""DataE"":1,""DataF"":""channel""}"	"{""Art Duration"":0.98,""Base Order ID"":""channel"",""Disable Other Abilities"":1,""Follow Through Time"":180,""Options"":0,""Target Type"":0}"	3	1	H
h00K	Hjordhejmen	n005	Warlock	3	A00K	map-resolved	ACpa	1	1	Parasite	Parasite	Afflicts a target enemy unit with a deadly parasite that deals <ANpa,DataA1> damage per second for <ANpa,Dur1> seconds. If the afflicted unit dies while under the effect of Parasite, a minor minion will spawn from its corpse.	9999	35	protected-runtime	99	12.0	protected-runtime	90	-	air,enemies,ground,neutral,nonhero	B019	"{""DataA"":0,""DataB"":0,""DataC"":0,""DataD"":0,""DataE"":1}"	"{""Attack Speed Factor"":0,""Damage per Second"":0,""Movement Speed Factor"":0,""Stacking Type"":0,""Summoned Unit Count"":1}"	6	3	DK,H,xD
h00K	Hjordhejmen	n005	Warlock	4	A00F	map-resolved	AHab	1	1	Brilliance Aura	Brilliance Aura - [|cffffcc00Level 1|r]	Gives additional mana regeneration to nearby friendly units.	-	-	static-resolved	0	0	static-resolved	-	0	self	B011	"{""DataA"":1,""DataB"":0}"	"{""Mana Regeneration Increase"":1,""Percent Bonus"":0}"	7	4	CallbackSingle_doAfter_doAfter_RaceHumanAbilities_call_doAfter_doAfter_RaceHumanAbilities1,CallbackSingle_doAfter_doAfter_doAfter_RaceHumanAbilities_call_doAfter_doAfter_doAfter_RaceHumanAbilities,H,warlockSpell
h00Q	Spider Egg Nest	n01N	Giant Spider	1	A0AQ	map-resolved	Aspy	1	1	NAT: Giant Spider (spawn forest spiders)			0	0	static-resolved	0	0	static-resolved	-	-	_		"{""DataA"":2,""DataB"":""n00T""}"	"{""Number of Units"":2,""Unit Type"":""n00T""}"	3	1	H
h00Q	Spider Egg Nest	n01N	Giant Spider	2	A0AR	map-resolved	Aweb	1	1	NAT: Giant Spider (Web)	Web	Binds a target enemy air unit in webbing, forcing it to the ground. Webbed units can be hit as though they were land units. |nLasts <Aweb,Dur1> seconds.	0	0	static-resolved	99	18.0	protected-runtime	450	-	ground,air,enemy,neutral	Bwea,Bweb	"{""DataA"":0.6,""DataB"":200,""DataC"":128}"	"{""Air Unit Height"":200,""Air Unit Lower Duration"":0.6,""Melee Attack Range"":128}"	4	2	H,xD
h00Q	Spider Egg Nest	n01N	Giant Spider	3	A0AP	map-resolved	Aven	1	1	NAT: Giant Spider (slow poison)	Envenomed Spears	Deals <Aven,DataA1> poison damage per second. |nLasts <Aven,Dur1> seconds.	0	0	static-resolved	0	0	static-resolved	-	-	air,ground,organic	B00G	"{""DataA"":8,""DataB"":0,""DataC"":0.15,""DataD"":1}"	"{""Attack Speed Factor"":0.15,""Damage per Second"":8,""Movement Speed Factor"":0,""Stacking Type"":1}"	3	1	H
h00Q	Spider Egg Nest	n01N	Giant Spider	4	A09H	map-resolved	ANcl	1	1	TypeMurloc	Channel	Channels powerful warding magic.	0	0	static-resolved	0	0	static-resolved	500	-	_		"{""DataA"":180,""DataB"":0,""DataC"":0,""DataD"":0.98,""DataE"":1,""DataF"":""channel""}"	"{""Art Duration"":0.98,""Base Order ID"":""channel"",""Disable Other Abilities"":1,""Follow Through Time"":180,""Options"":0,""Target Type"":0}"	6	4	EventListener_add_CompanionSpawning_onEvent_add_CompanionSpawning,H,dE,spawnSyncedCompanions
h00R	Spider Egg Hatchery	n01W	Brood Mother	1	A0AS	map-resolved	Aweb	1	1	NAT: Brood Mother (Web)	Web	Binds a target enemy air unit in webbing, forcing it to the ground. Webbed units can be hit as though they were land units. |nLasts <Aweb,Dur1> seconds.	0	0	static-resolved	99	18.0	protected-runtime	450	-	ground,air,enemy,neutral	Bwea,Bweb	"{""DataA"":0.6,""DataB"":200,""DataC"":128}"	"{""Air Unit Height"":200,""Air Unit Lower Duration"":0.6,""Melee Attack Range"":128}"	4	2	H,xD
h00R	Spider Egg Hatchery	n01W	Brood Mother	2	A0AU	map-resolved	Aspy	1	1	NAT: Brood Mother (spawn giant spiders)			0	0	static-resolved	0	0	static-resolved	-	-	_		"{""DataA"":1,""DataB"":""n01N""}"	"{""Number of Units"":1,""Unit Type"":""n01N""}"	3	1	H
h00R	Spider Egg Hatchery	n01W	Brood Mother	3	A0AT	map-resolved	Aven	1	1	NAT: Brood Mother (slow poison)	Envenomed Spears	Deals <Aven,DataA1> poison damage per second. |nLasts <Aven,Dur1> seconds.	0	0	static-resolved	0	0	static-resolved	-	-	air,ground,organic	Bpoi,Bpsd	"{""DataA"":32,""DataB"":0,""DataC"":0.25,""DataD"":1}"	"{""Attack Speed Factor"":0.25,""Damage per Second"":32,""Movement Speed Factor"":0,""Stacking Type"":1}"	3	1	H
h00R	Spider Egg Hatchery	n01W	Brood Mother	4	A0AV	map-resolved	ACpa	1	1	NAT: Brood Mother (infest)	Parasite	Afflicts a target enemy unit with a deadly parasite that deals <ANpa,DataA1> damage per second for <ANpa,Dur1> seconds. If the afflicted unit dies while under the effect of Parasite, a minor minion will spawn from its corpse.	50	50	static-resolved	99	10.0	protected-runtime	500	-	air,ground,enemy,organic,neutral,nonhero	B022	"{""DataA"":20,""DataB"":0,""DataC"":0,""DataD"":8,""DataE"":2}"	"{""Attack Speed Factor"":0,""Damage per Second"":20,""Movement Speed Factor"":0,""Stacking Type"":8,""Summoned Unit Count"":2}"	5	3	H,JK,xD
h00R	Spider Egg Hatchery	n01W	Brood Mother	5	A09H	map-resolved	ANcl	1	1	TypeMurloc	Channel	Channels powerful warding magic.	0	0	static-resolved	0	0	static-resolved	500	-	_		"{""DataA"":180,""DataB"":0,""DataC"":0,""DataD"":0.98,""DataE"":1,""DataF"":""channel""}"	"{""Art Duration"":0.98,""Base Order ID"":""channel"",""Disable Other Abilities"":1,""Follow Through Time"":180,""Options"":0,""Target Type"":0}"	6	4	EventListener_add_CompanionSpawning_onEvent_add_CompanionSpawning,H,dE,spawnSyncedCompanions
h00S	Hunter's Hall	e001	Huntress	1	A0CV	map-resolved	ANcl	1	1	Channel ( Assasin Target )	Channel	Channels powerful warding magic.	0	0	static-resolved	0	0	static-resolved	500	-	_		"{""DataA"":180,""DataB"":0,""DataC"":0,""DataD"":0.98,""DataE"":1,""DataF"":""channel""}"	"{""Art Duration"":0.98,""Base Order ID"":""channel"",""Disable Other Abilities"":1,""Follow Through Time"":180,""Options"":0,""Target Type"":0}"	3	1	H
h00S	Hunter's Hall	e001	Huntress	2	A00T	map-resolved	ACes	1	1	Evasion	Evasion	Gives a <ACes,DataA1,%>% percent chance to avoid an attack.	-	-	static-resolved	0	0	static-resolved	-	-	_		"{""DataA"":0.08}"	"{""Chance to Evade"":0.08}"	4	2	H,randomizeBloodFiend
h00T	Hall of Honor	n006	Blademaster	1	A0FK	map-resolved	ANcl	1	1	Channel ( Assasin NotTarget )	Channel	Channels powerful warding magic.	0	0	static-resolved	0	0	static-resolved	500	-	_		"{""DataA"":180,""DataB"":0,""DataC"":0,""DataD"":0.98,""DataE"":1,""DataF"":""channel""}"	"{""Art Duration"":0.98,""Base Order ID"":""channel"",""Disable Other Abilities"":1,""Follow Through Time"":180,""Options"":0,""Target Type"":0}"	3	1	H
h00T	Hall of Honor	n006	Blademaster	2	A0AL	map-resolved	AIsr	1	1	HEL: Blademaster (spell resist)			0	0	static-resolved	0	0	static-resolved	-	-	_		"{""DataA"":0,""DataB"":0.15}"	"{""Damage Bonus"":0,""Damage Reduction"":0.15}"	4	2	H,hasNoPowerArmorExclusion
h00T	Hall of Honor	n006	Blademaster	3	A00U	map-resolved	ACev	1	1	Evasion	Evasion	Gives a <ACev,DataA1,%>% percent chance to avoid an attack.	-	-	static-resolved	0	0	static-resolved	-	-	_		"{""DataA"":0.15}"	"{""Chance to Evade"":0.15}"	4	2	H,randomizeBloodFiend
h00T	Hall of Honor	n006	Blademaster	4	A00V	map-resolved	ACct	1	1	Critical Strike	Critical Strike	Gives a <ACct,DataA1>% chance to do <ACct,DataB1> times normal damage on an attack.	0	0	static-resolved	0	0	static-resolved	-	0	air,ground,enemy,neutral		"{""DataA"":25,""DataB"":2.5,""DataC"":0,""DataD"":0,""DataE"":0,""DataF"":""-""}"	"{""Chance to Critical Strike"":25,""Chance to Evade"":0,""Damage Bonus"":0,""Damage Multiplier"":2.5,""Exclude Item Damage"":""-"",""Never Miss"":0}"	4	2	H,randomizeBloodFiend
h00V	Bloodelf War Academy	h00U	Bloodthirster	1	A0CV	map-resolved	ANcl	1	1	Channel ( Assasin Target )	Channel	Channels powerful warding magic.	0	0	static-resolved	0	0	static-resolved	500	-	_		"{""DataA"":180,""DataB"":0,""DataC"":0,""DataD"":0.98,""DataE"":1,""DataF"":""channel""}"	"{""Art Duration"":0.98,""Base Order ID"":""channel"",""Disable Other Abilities"":1,""Follow Through Time"":180,""Options"":0,""Target Type"":0}"	3	1	H
h00V	Bloodelf War Academy	h00U	Bloodthirster	2	A00W	map-resolved	ACff	1	1	Faerie Fire	Faerie Fire	Reduces a target enemy unit's armor by <ACff,DataA1> and gives vision of that unit. |nLasts <ACff,Dur1> seconds.	9999	20	protected-runtime	99	6.0	protected-runtime	900	-	air,ground,enemy,neutral	Bfae	"{""DataA"":6,""DataB"":1}"	"{""Always Autocast"":1,""Defense Reduction"":6}"	5	2	H,xD
h00X	Tower of Supreme Magic	h00W	Wizard	1	A0CV	map-resolved	ANcl	1	1	Channel ( Assasin Target )	Channel	Channels powerful warding magic.	0	0	static-resolved	0	0	static-resolved	500	-	_		"{""DataA"":180,""DataB"":0,""DataC"":0,""DataD"":0.98,""DataE"":1,""DataF"":""channel""}"	"{""Art Duration"":0.98,""Base Order ID"":""channel"",""Disable Other Abilities"":1,""Follow Through Time"":180,""Options"":0,""Target Type"":0}"	3	1	H
h00X	Tower of Supreme Magic	h00W	Wizard	2	A0AH	map-resolved	AIsr	1	1	Spell Resist (legendary)			0	0	static-resolved	0	0	static-resolved	-	-	_		"{""DataA"":0,""DataB"":0.7}"	"{""Damage Bonus"":0,""Damage Reduction"":0.7}"	5	3	H,applyWildernessObeliskBuff,hasNoPowerArmorExclusion
h00X	Tower of Supreme Magic	h00W	Wizard	3	A07H	map-resolved	ANcl	1	1	TypeLegendary	Channel	Channels powerful warding magic.	0	0	static-resolved	0	0	static-resolved	500	-	_		"{""DataA"":180,""DataB"":0,""DataC"":0,""DataD"":0.98,""DataE"":1,""DataF"":""channel""}"	"{""Art Duration"":0.98,""Base Order ID"":""channel"",""Disable Other Abilities"":1,""Follow Through Time"":180,""Options"":0,""Target Type"":0}"	5	3	H,fJ,mJ
h00X	Tower of Supreme Magic	h00W	Wizard	4	A06V	map-resolved	Asph	1	1	Legendary Unit			0	0	static-resolved	1	1	static-resolved	-	-	_		{}	{}	5	3	ForGroupCallback_forUnitsInRect_RaceChaosAbilities_callback_forUnitsInRect_RaceChaosAbilities1,ForGroupCallback_forUnitsInRect_RaceCorruptedAbilities_callback_forUnitsInRect_RaceCorruptedAbilities,H
h00X	Tower of Supreme Magic	h00W	Wizard	5	A070	map-resolved	Amgl	1	1	Leg-anti-hex	Moon Glaive	Gives the Huntress the ability to strike additional units with her bouncing glaive attacks, and changes their armor type to Heavy.	0	0	static-resolved	0	0	static-resolved	-	-	_		{}	{}	7	5	ForGroupCallback_forUnitsInRect_RaceChaosAbilities_callback_forUnitsInRect_RaceChaosAbilities,H,devourAttackProc,hasShield,onUnitTrained
h00X	Tower of Supreme Magic	h00W	Wizard	6	A013	map-resolved	Aasl	1	1	Slow Aura			0	0	static-resolved	0	0	static-resolved	 - 	0	_	B01E	"{""DataA"":0,""DataB"":0,""DataC"":"" - ""}"	"{""Always Autocast"":"" - "",""Attack Speed Factor"":0,""Movement Speed Factor"":0}"	3	1	H
h00X	Tower of Supreme Magic	h00W	Wizard	7	A00X	map-resolved	Ahea	1	1	HEL: Wizard (Heal (dummy))	Heal	Heals a target friendly non-mechanical wounded unit for <Ahea,DataA1> hit points.	9999	70	protected-runtime	99	12.0	protected-runtime	500	-	air,ground,friend,vuln,invu,self,organic,nonancient,neutral	Bhea	"{""DataA"":1}"	"{""Hit Points Gained"":1}"	6	3	BK,H,xD
h00X	Tower of Supreme Magic	h00W	Wizard	8	A00Z	map-resolved	AIlx	1	1	HEL: Wizard (Lightning)			0	0	static-resolved	0	0	static-resolved	-	-	air,enemies,ground,ward		"{""DataA"":0,""DataB"":30,""DataC"":30,""DataD"":30,""DataE"":0}"	"{""Chance To Hit Heros (%)"":30,""Chance To Hit Summons (%)"":30,""Chance To Hit Units (%)"":30,""Damage Bonus"":0,""Enabled Attack Index"":0}"	4	2	H,randomizeBloodFiend
h00X	Tower of Supreme Magic	h00W	Wizard	9	A010	map-resolved	Apxf	1	1	Phoenix Fire	Phoenix Fire	Fires down streams of flame, lighting nearby enemies on fire.	0	0	static-resolved	3	3	static-resolved		700	air,enemies,ground,structure	B01D	"{""DataA"":75,""DataB"":25}"	"{""Damage Per Second"":25,""Initial Damage"":75}"	5	3	H,applyProtectedAbilityFieldsForJassAdd,randomizeBloodFiend
h00Y	Furbolg Hut	n026	Furbolg Shaman	1	A0CV	map-resolved	ANcl	1	1	Channel ( Assasin Target )	Channel	Channels powerful warding magic.	0	0	static-resolved	0	0	static-resolved	500	-	_		"{""DataA"":180,""DataB"":0,""DataC"":0,""DataD"":0.98,""DataE"":1,""DataF"":""channel""}"	"{""Art Duration"":0.98,""Base Order ID"":""channel"",""Disable Other Abilities"":1,""Follow Through Time"":180,""Options"":0,""Target Type"":0}"	3	1	H
h00Y	Furbolg Hut	n026	Furbolg Shaman	2	A0C0	map-resolved	Ahea	1	1	NAT: Furbolg Shaman (rejuvenation (dummy))	Heal	Heals a target friendly non-mechanical wounded unit for <Ahea,DataA1> hit points.	9999	50	protected-runtime	99	16.0	protected-runtime	250	-	air,friend,ground,invulnerable,neutral,nonancient,organic,self,vulnerable	Bhea	"{""DataA"":0.01}"	"{""Hit Points Gained"":0.01}"	6	3	H,JK,xD
h012	Furbolg Abode	n028	Furbolg Elder Shaman	1	A0CV	map-resolved	ANcl	1	1	Channel ( Assasin Target )	Channel	Channels powerful warding magic.	0	0	static-resolved	0	0	static-resolved	500	-	_		"{""DataA"":180,""DataB"":0,""DataC"":0,""DataD"":0.98,""DataE"":1,""DataF"":""channel""}"	"{""Art Duration"":0.98,""Base Order ID"":""channel"",""Disable Other Abilities"":1,""Follow Through Time"":180,""Options"":0,""Target Type"":0}"	3	1	H
h012	Furbolg Abode	n028	Furbolg Elder Shaman	2	A0C2	map-resolved	AIlx	1	1	NAT: Furbolg Elder Shaman (manaburn orb)			0	0	static-resolved	0	0	static-resolved	-	-	air,enemies,ground,ward		"{""DataA"":0,""DataB"":30,""DataC"":30,""DataD"":30,""DataE"":0}"	"{""Chance To Hit Heros (%)"":30,""Chance To Hit Summons (%)"":30,""Chance To Hit Units (%)"":30,""Damage Bonus"":0,""Enabled Attack Index"":0}"	3	1	H
h012	Furbolg Abode	n028	Furbolg Elder Shaman	3	A0C1	map-resolved	Ahea	1	1	NAT: Furbolg Elder Shaman (rejuvenation (dummy))	Heal	Heals a target friendly non-mechanical wounded unit for <Ahea,DataA1> hit points.	9999	50	protected-runtime	99	14.0	protected-runtime	250	-	air,friend,ground,invulnerable,neutral,nonancient,organic,self,vulnerable	Bhea	"{""DataA"":0.01}"	"{""Hit Points Gained"":0.01}"	6	3	H,JK,xD
h013	Ancient of Growth	e006	Dryad	1	A0CV	map-resolved	ANcl	1	1	Channel ( Assasin Target )	Channel	Channels powerful warding magic.	0	0	static-resolved	0	0	static-resolved	500	-	_		"{""DataA"":180,""DataB"":0,""DataC"":0,""DataD"":0.98,""DataE"":1,""DataF"":""channel""}"	"{""Art Duration"":0.98,""Base Order ID"":""channel"",""Disable Other Abilities"":1,""Follow Through Time"":180,""Options"":0,""Target Type"":0}"	3	1	H
h013	Ancient of Growth	e006	Dryad	2	A03Q	map-resolved	ANcl	1	1	Channel	Channel	Channels powerful warding magic.	0	0	static-resolved	0	0	static-resolved	500	-	_		"{""DataA"":180,""DataB"":0,""DataC"":0,""DataD"":0.98,""DataE"":1,""DataF"":""channel""}"	"{""Art Duration"":0.98,""Base Order ID"":""channel"",""Disable Other Abilities"":1,""Follow Through Time"":180,""Options"":0,""Target Type"":0}"	7	5	DamageListener_addListener_doAfter_ObeliskOfLight_onEvent_addListener_doAfter_ObeliskOfLight,H,handleSourceDamageEffects,holyShrineSpell,iD
h013	Ancient of Growth	e006	Dryad	3	A004	map-resolved	Ahea	1	1	NAT: Dryad (natures touch)	Heal	Heals a target friendly non-mechanical wounded unit for <Ahea,DataA1> hit points.	9999	35	protected-runtime	99	15.0	protected-runtime	250	-	air,friend,ground,invulnerable,neutral,nonancient,organic,self,vulnerable	Bhea	"{""DataA"":75}"	"{""Hit Points Gained"":75}"	6	3	H,JK,xD
h013	Ancient of Growth	e006	Dryad	4	A0AY	map-resolved	AIsr	1	1	NAT: Dryad (spell resist)			0	0	static-resolved	0	0	static-resolved	-	-	_		"{""DataA"":0,""DataB"":0.15}"	"{""Damage Bonus"":0,""Damage Reduction"":0.15}"	4	2	H,hasNoPowerArmorExclusion
h015	Gryphon Rock	h016	Gryphon Rider	1	A05K	map-resolved	ACbh	1	1	Bash	Blunt Force Trauma	Gives a <ACbh,DataA1>% chance that an attack will do <ACbh,DataC1> bonus damage and stun an opponent for <ACbh,Dur1> seconds.	0	0	static-resolved	0	0	static-resolved	-	0	ground	BPSE	"{""DataA"":15,""DataB"":0,""DataC"":25,""DataD"":0,""DataE"":0}"	"{""Chance to Bash"":15,""Chance to Miss"":0,""Damage Bonus"":25,""Damage Multiplier"":0,""Never Miss"":0}"	3	1	H
h015	Gryphon Rock	h016	Gryphon Rider	2	A01B	map-resolved	AIlx	1	1	Melee Lightning Damage Bonus			0	0	static-resolved	0	0	static-resolved	-	-	air,enemies,ground,ward		"{""DataA"":0,""DataB"":10,""DataC"":10,""DataD"":10,""DataE"":0}"	"{""Chance To Hit Heros (%)"":10,""Chance To Hit Summons (%)"":10,""Chance To Hit Units (%)"":10,""Damage Bonus"":0,""Enabled Attack Index"":0}"	4	2	H,randomizeBloodFiend
h01B	Reptile Pool	n007	Dragon Turtle	1	A068	map-resolved	ACbh	1	1	Bash	Bash	Gives a <ACbh,DataA1>% chance that an attack will do <ACbh,DataC1> bonus damage and stun an opponent for <ACbh,Dur1> seconds.	0	0	static-resolved	0	0	static-resolved	-	0	ground	BPSE	"{""DataA"":15,""DataB"":0,""DataC"":25,""DataD"":0,""DataE"":0}"	"{""Chance to Bash"":15,""Chance to Miss"":0,""Damage Bonus"":25,""Damage Multiplier"":0,""Never Miss"":0}"	3	1	H
h01B	Reptile Pool	n007	Dragon Turtle	2	A01C	map-resolved	ANth	1	1	NAG: Dragon Turtle (spiked shell)	Spiked Shell	Razor-sharp spikes on the Turtle's shell deal <ANth,DataA1,%>% of an enemy unit's melee attack damage back to it.	-	-	static-resolved	0	0	static-resolved	-	-	_	BUtt	"{""DataA"":0.6,""DataB"":0.8,""DataC"":0}"	"{""Defense Bonus"":0,""Received Damage Factor"":0.8,""Returned Damage Factor"":0.6}"	3	1	H
h01C	Altar of Greed	n008	Succubus	1	A0CV	map-resolved	ANcl	1	1	Channel ( Assasin Target )	Channel	Channels powerful warding magic.	0	0	static-resolved	0	0	static-resolved	500	-	_		"{""DataA"":180,""DataB"":0,""DataC"":0,""DataD"":0.98,""DataE"":1,""DataF"":""channel""}"	"{""Art Duration"":0.98,""Base Order ID"":""channel"",""Disable Other Abilities"":1,""Follow Through Time"":180,""Options"":0,""Target Type"":0}"	3	1	H
h01C	Altar of Greed	n008	Succubus	2	A01G	map-resolved	Acrs	1	1	Curse	Curse	Curses a target enemy unit, causing it to have a <Acrs,DataA1,%>% chance to miss on an attack. |nLasts <Acrs,Dur1> seconds.	9999	20	protected-runtime	99	6.5	protected-runtime	800	-	air,enemies,ground,neutral	Bcrs	"{""DataA"":0.35}"	"{""Chance to Miss"":0.35}"	5	2	H,xD
h01D	Chaos Citadel	n009	Chaos Warrior	1	A05W	map-resolved	ACce	1	1	Cleaving Attack	Cleaving Attack	The creature strikes with such force that <ACce,DataA1,%>% of their damage strikes through to enemies near the primary attacked unit.	0	0	static-resolved	0	0	static-resolved	-	175	ground,enemy,neutral		"{""DataA"":0.25}"	"{""Distributed Damage Factor"":0.25}"	3	1	H
h01H	Ancient of Life	e009	Keeper of the Grove	1	A0CV	map-resolved	ANcl	1	1	Channel ( Assasin Target )	Channel	Channels powerful warding magic.	0	0	static-resolved	0	0	static-resolved	500	-	_		"{""DataA"":180,""DataB"":0,""DataC"":0,""DataD"":0.98,""DataE"":1,""DataF"":""channel""}"	"{""Art Duration"":0.98,""Base Order ID"":""channel"",""Disable Other Abilities"":1,""Follow Through Time"":180,""Options"":0,""Target Type"":0}"	3	1	H
h01H	Ancient of Life	e009	Keeper of the Grove	2	A03Q	map-resolved	ANcl	1	1	Channel	Channel	Channels powerful warding magic.	0	0	static-resolved	0	0	static-resolved	500	-	_		"{""DataA"":180,""DataB"":0,""DataC"":0,""DataD"":0.98,""DataE"":1,""DataF"":""channel""}"	"{""Art Duration"":0.98,""Base Order ID"":""channel"",""Disable Other Abilities"":1,""Follow Through Time"":180,""Options"":0,""Target Type"":0}"	7	5	DamageListener_addListener_doAfter_ObeliskOfLight_onEvent_addListener_doAfter_ObeliskOfLight,H,handleSourceDamageEffects,holyShrineSpell,iD
h01H	Ancient of Life	e009	Keeper of the Grove	3	A0BU	map-resolved	AOsf	1	1	NAT: Keeper of the Grove (summon treants)	Feral Spirit - [|cffffcc00Level 1|r]	Summons <AOsf,DataB1> Spirit Wolf companions. Each wolf has <osw1,realHP> hit points and deals <osw1,mindmg1> - <osw1,maxdmg1> damage. |nLasts <AOsf,Dur1> seconds. |n|n|cffffcc00Attacks land units.|r	9999	100	protected-runtime	99	60.0	protected-runtime	800	200	_	B021	"{""DataB"":2}"	"{""Number of Summoned Units"":2}"	5	2	H,xD
h01H	Ancient of Life	e009	Keeper of the Grove	4	A0BT	map-resolved	Ahea	1	1	NAT: Keeper of the Groove (natures touch)	Heal	Heals a target friendly non-mechanical wounded unit for <Ahea,DataA1> hit points.	9999	25	protected-runtime	99	8.0	protected-runtime	450	-	air,friend,ground,invulnerable,neutral,nonancient,organic,self,vulnerable	Bhea	"{""DataA"":150}"	"{""Hit Points Gained"":150}"	6	3	H,JK,xD
h01H	Ancient of Life	e009	Keeper of the Grove	5	A0AZ	map-resolved	AIsr	1	1	NAT: Keeper of the Groove (spell resist)			0	0	static-resolved	0	0	static-resolved	-	-	_		"{""DataA"":0,""DataB"":0.2}"	"{""Damage Bonus"":0,""Damage Reduction"":0.2}"	4	2	H,hasNoPowerArmorExclusion
h01I	Lesser Demon Cage	n00A	Satyr	1	A0CV	map-resolved	ANcl	1	1	Channel ( Assasin Target )	Channel	Channels powerful warding magic.	0	0	static-resolved	0	0	static-resolved	500	-	_		"{""DataA"":180,""DataB"":0,""DataC"":0,""DataD"":0.98,""DataE"":1,""DataF"":""channel""}"	"{""Art Duration"":0.98,""Base Order ID"":""channel"",""Disable Other Abilities"":1,""Follow Through Time"":180,""Options"":0,""Target Type"":0}"	3	1	H
h01J	Ancient of Eternity	e00C	Ancient Keeper	1	A070	map-resolved	Amgl	1	1	Leg-anti-hex	Moon Glaive	Gives the Huntress the ability to strike additional units with her bouncing glaive attacks, and changes their armor type to Heavy.	0	0	static-resolved	0	0	static-resolved	-	-	_		{}	{}	7	5	ForGroupCallback_forUnitsInRect_RaceChaosAbilities_callback_forUnitsInRect_RaceChaosAbilities,H,devourAttackProc,hasShield,onUnitTrained
h01J	Ancient of Eternity	e00C	Ancient Keeper	2	A0BV	map-resolved	Arsk	1	1	NAT: Ancient Keeper (spell immune)	Resistant Skin	Reduces the duration of negative spells and renders the Mountain Giant immune to certain spells.	0	0	static-resolved	0	0	static-resolved	-	-	_		{}	{}	5	3	H,applyWildernessObeliskBuff,hasNoPowerArmorExclusion
h01J	Ancient of Eternity	e00C	Ancient Keeper	3	A0AH	map-resolved	AIsr	1	1	Spell Resist (legendary)			0	0	static-resolved	0	0	static-resolved	-	-	_		"{""DataA"":0,""DataB"":0.7}"	"{""Damage Bonus"":0,""Damage Reduction"":0.7}"	5	3	H,applyWildernessObeliskBuff,hasNoPowerArmorExclusion
h01J	Ancient of Eternity	e00C	Ancient Keeper	4	A06V	map-resolved	Asph	1	1	Legendary Unit			0	0	static-resolved	1	1	static-resolved	-	-	_		{}	{}	5	3	ForGroupCallback_forUnitsInRect_RaceChaosAbilities_callback_forUnitsInRect_RaceChaosAbilities1,ForGroupCallback_forUnitsInRect_RaceCorruptedAbilities_callback_forUnitsInRect_RaceCorruptedAbilities,H
h01J	Ancient of Eternity	e00C	Ancient Keeper	5	A03Q	map-resolved	ANcl	1	1	Channel	Channel	Channels powerful warding magic.	0	0	static-resolved	0	0	static-resolved	500	-	_		"{""DataA"":180,""DataB"":0,""DataC"":0,""DataD"":0.98,""DataE"":1,""DataF"":""channel""}"	"{""Art Duration"":0.98,""Base Order ID"":""channel"",""Disable Other Abilities"":1,""Follow Through Time"":180,""Options"":0,""Target Type"":0}"	7	5	DamageListener_addListener_doAfter_ObeliskOfLight_onEvent_addListener_doAfter_ObeliskOfLight,H,handleSourceDamageEffects,holyShrineSpell,iD
h01J	Ancient of Eternity	e00C	Ancient Keeper	6	A0BX	map-resolved	ACpa	1	1	NAT: Ancient Keeper (treants sprout)	Parasite	Afflicts a target enemy unit with a deadly parasite that deals <ANpa,DataA1> damage per second for <ANpa,Dur1> seconds. If the afflicted unit dies while under the effect of Parasite, a minor minion will spawn from its corpse.	9999	200	protected-runtime	99	30.0	protected-runtime	400	-	enemies,ground,neutral	B019	"{""DataA"":0,""DataB"":0,""DataC"":0,""DataD"":0,""DataE"":1}"	"{""Attack Speed Factor"":0,""Damage per Second"":0,""Movement Speed Factor"":0,""Stacking Type"":0,""Summoned Unit Count"":1}"	6	3	H,JK,xD
h01J	Ancient of Eternity	e00C	Ancient Keeper	7	A06Z	map-resolved	ANss	1	1	Spell Shield			0	0	static-resolved	99	0.01	protected-runtime	-	-	_	BNss	{}	{}	4	2	H,xD
h01J	Ancient of Eternity	e00C	Ancient Keeper	8	A0BW	map-resolved	ACev	1	1	NAT: Ancient Keeper (incorporeal)	Evasion	Gives a <ACev,DataA1,%>% percent chance to avoid an attack.	-	-	static-resolved	0	0	static-resolved	-	-	_		"{""DataA"":0.25}"	"{""Chance to Evade"":0.25}"	3	1	H
h01J	Ancient of Eternity	e00C	Ancient Keeper	9	A0B0	map-resolved	ACua	1	1	NAT: Ancient Keeper (natures aura)	Unholy Aura	Increases nearby friendly units' movement speed by <ACua,DataA1,%>% and life regeneration rate by <ACua,DataB1,%>%.	-	-	static-resolved	0	0	static-resolved	-	350	air,friend,ground,invulnerable,self,sapper,vulnerable	B024	"{""DataA"":0,""DataB"":15,""DataC"":0}"	"{""Life Regeneration Increase (%)"":15,""Movement Speed Increase (%)"":0,""Percent Bonus"":0}"	3	1	H
h01J	Ancient of Eternity	e00C	Ancient Keeper	10	A07H	map-resolved	ANcl	1	1	TypeLegendary	Channel	Channels powerful warding magic.	0	0	static-resolved	0	0	static-resolved	500	-	_		"{""DataA"":180,""DataB"":0,""DataC"":0,""DataD"":0.98,""DataE"":1,""DataF"":""channel""}"	"{""Art Duration"":0.98,""Base Order ID"":""channel"",""Disable Other Abilities"":1,""Follow Through Time"":180,""Options"":0,""Target Type"":0}"	5	3	H,fJ,mJ
h01K	Temple of Bone	u005	Necromancer	1	A0CV	map-resolved	ANcl	1	1	Channel ( Assasin Target )	Channel	Channels powerful warding magic.	0	0	static-resolved	0	0	static-resolved	500	-	_		"{""DataA"":180,""DataB"":0,""DataC"":0,""DataD"":0.98,""DataE"":1,""DataF"":""channel""}"	"{""Art Duration"":0.98,""Base Order ID"":""channel"",""Disable Other Abilities"":1,""Follow Through Time"":180,""Options"":0,""Target Type"":0}"	3	1	H
h01K	Temple of Bone	u005	Necromancer	2	A01Y	map-resolved	Arai	1	1	Raise Dead	Raise Dead	Raises <Arai,DataA1> skeletons from a corpse.	75	75	static-resolved	99	45.0	protected-runtime	600	900	dead	Brai	"{""DataA"":1,""DataB"":0,""DataC"":""u004"",""DataD"":""-""}"	"{""Unit Type One"":""u004"",""Unit Type Two"":""-"",""Units Summoned (Type One)"":1,""Units Summoned (Type Two)"":0}"	4	2	H,xD
h01L	Haunted Mine	u001	Banshee	1	A01N	map-resolved	ACac	1	1	Command Aura	Command Aura	Gives extra damage to the attacks of nearby friendly units.	0	0	static-resolved	0	0	static-resolved	-	450	air,enemies,ground,organic,vulnerable,ward	B002	"{""DataA"":-0.15,""DataB"":1,""DataC"":1,""DataD"":0}"	"{""Attack Damage Increase"":-0.15,""Flat Bonus"":0,""Melee Bonus"":1,""Ranged Bonus"":1}"	3	1	H
h01L	Haunted Mine	u001	Banshee	2	A01M	map-resolved	Aslo	1	1	Slow	Slow	Slows a target enemy unit's attack rate by <Aslo,DataB1,%>% and movement speed by <Aslo,DataA1,%>%. |nLasts <Aslo,Dur1> seconds.	9999	25	protected-runtime	99	10.0	protected-runtime	800	-	air,ground,enemy	B01P	"{""DataA"":0.3,""DataB"":0.3,""DataC"":""-""}"	"{""Always Autocast"":""-"",""Attack Speed Factor"":0.3,""Movement Speed Factor"":0.3}"	5	2	H,xD
h01N	Crypt	h01U	Vampire	1	A07K	map-resolved	ANcl	1	1	Channel(troll)	Channel	Channels powerful warding magic.	0	0	static-resolved	0	0	static-resolved	500	-	_		"{""DataA"":180,""DataB"":0,""DataC"":0,""DataD"":0.98,""DataE"":1,""DataF"":""channel""}"	"{""Art Duration"":0.98,""Base Order ID"":""channel"",""Disable Other Abilities"":1,""Follow Through Time"":180,""Options"":0,""Target Type"":0}"	3	1	H
h01N	Crypt	h01U	Vampire	2	A01O	map-resolved	ACvp	1	1	Vampiric Aura	Vampiric Aura	Nearby friendly melee units gain <ACvp,DataA1,%>% of their attack damage when they hit enemy units.	-	-	static-resolved	0	0	static-resolved	-	900	air,friend,ground,invulnerable,organic,vulnerable	BUav	"{""DataA"":0.35}"	"{""Attack Damage Stolen (%)"":0.35}"	3	1	H
h01N	Crypt	h01U	Vampire	3	A01P	map-resolved	ACvp	1	1	Vampiric Aura	Vampiric Aura	Nearby friendly melee units gain <ACvp,DataA1,%>% of their attack damage when they hit enemy units.	-	-	static-resolved	0	0	static-resolved	-	900	self	BUav	"{""DataA"":0.4}"	"{""Attack Damage Stolen (%)"":0.4}"	4	2	H,randomizeBloodFiend
h01R	Rotting Hay Cart	n00B	Zombie	1	A01L	map-resolved	ANpi	1	1	Permanent Immolation	Permanent Immolation	Burns nearby enemy units for <ANpi,DataA1> points of damage per second.	0	0	static-resolved	0	0	static-resolved	-	250	air,enemies,ground,neutral,organic	B001	"{""DataA"":8,""DataB"":0,""DataC"":0}"	"{""Buffer Mana Required"":0,""Damage per Interval"":8,""Mana Drained per Second"":0}"	3	1	H
h01S	Dragon Cemetery	u000	Frost Wyrm	1	A064	map-resolved	Afrb	1	1	Frost Breath			0	0	static-resolved	0	0	static-resolved	-	-	air,enemies,ground	Bfro	{}	{}	3	1	H
h01T	Slaughter House	n00E	Flesh Golem	1	A01R	map-resolved	ANde	1	1	Demolish	Demolish	Causes attacks to do <ANde,DataB1> times normal damage to buildings.	0	0	static-resolved	0	0	static-resolved	-	-	enemy,structure		"{""DataA"":100,""DataB"":1.5,""DataC"":0,""DataD"":0}"	"{""Chance to Demolish"":100,""Damage Multiplier (Buildings)"":1.5,""Damage Multiplier (Heroes)"":0,""Damage Multiplier (Units)"":0}"	4	2	H,randomizeBloodFiend
h01T	Slaughter House	n00E	Flesh Golem	2	A01S	map-resolved	ACpv	1	1	Pulverize	Pulverize	Gives a <ACpv,DataA1>% chance that an attack will deal <ACpv,DataB1> damage to nearby units.	0	0	static-resolved	0	0	static-resolved	-	-	ground,enemy,neutral		"{""DataA"":35,""DataB"":125,""DataC"":150,""DataD"":250}"	"{""Chance to Stomp (%)"":35,""Damage Dealt"":125,""Full Damage Radius"":150,""Half Damage Radius"":250}"	3	1	H
h01Z	Naga Spring	n00S	Naga Siren	1	A0CV	map-resolved	ANcl	1	1	Channel ( Assasin Target )	Channel	Channels powerful warding magic.	0	0	static-resolved	0	0	static-resolved	500	-	_		"{""DataA"":180,""DataB"":0,""DataC"":0,""DataD"":0.98,""DataE"":1,""DataF"":""channel""}"	"{""Art Duration"":0.98,""Base Order ID"":""channel"",""Disable Other Abilities"":1,""Follow Through Time"":180,""Options"":0,""Target Type"":0}"	3	1	H
h01Z	Naga Spring	n00S	Naga Siren	2	A02U	map-resolved	ACpa	1	1	NAG: Siren (Purge (cd))	Parasite	Afflicts a target enemy unit with a deadly parasite that deals <ANpa,DataA1> damage per second for <ANpa,Dur1> seconds. If the afflicted unit dies while under the effect of Parasite, a minor minion will spawn from its corpse.	50	50	static-resolved	99	10.0	protected-runtime	800	-	air,enemies,ground,neutral,nonhero,vulnerable	B019	"{""DataA"":0,""DataB"":0,""DataC"":0,""DataD"":0,""DataE"":1}"	"{""Attack Speed Factor"":0,""Damage per Second"":0,""Movement Speed Factor"":0,""Stacking Type"":0,""Summoned Unit Count"":1}"	5	3	H,HK,xD
h01Z	Naga Spring	n00S	Naga Siren	3	A02S	map-resolved	AOsf	1	1	Feral Spirit	Feral Spirit - [|cffffcc00Level 1|r]	Summons <AOsf,DataB1> Spirit Wolf companions. Each wolf has <osw1,realHP> hit points and deals <osw1,mindmg1> - <osw1,maxdmg1> damage. |nLasts <AOsf,Dur1> seconds. |n|n|cffffcc00Attacks land units.|r	9999	70	protected-runtime	99	60.0	protected-runtime	800	200	_	B00A	"{""DataB"":2}"	"{""Number of Summoned Units"":2}"	5	2	H,xD
h020	Murloc Camp	n00I	Murloc Warrior	1	A09H	map-resolved	ANcl	1	1	TypeMurloc	Channel	Channels powerful warding magic.	0	0	static-resolved	0	0	static-resolved	500	-	_		"{""DataA"":180,""DataB"":0,""DataC"":0,""DataD"":0.98,""DataE"":1,""DataF"":""channel""}"	"{""Art Duration"":0.98,""Base Order ID"":""channel"",""Disable Other Abilities"":1,""Follow Through Time"":180,""Options"":0,""Target Type"":0}"	6	4	EventListener_add_CompanionSpawning_onEvent_add_CompanionSpawning,H,dE,spawnSyncedCompanions
h020	Murloc Camp	n00I	Murloc Warrior	2	A00D	map-resolved	ACct	1	1	Critical Strike	Critical Strike	Gives a <ACct,DataA1>% chance to do <ACct,DataB1> times normal damage on an attack.	0	0	static-resolved	0	0	static-resolved	-	0	air,ground,enemy,neutral		"{""DataA"":10,""DataB"":2,""DataC"":0,""DataD"":0,""DataE"":0,""DataF"":""-""}"	"{""Chance to Critical Strike"":10,""Chance to Evade"":0,""Damage Bonus"":0,""Damage Multiplier"":2,""Exclude Item Damage"":""-"",""Never Miss"":0}"	4	2	H,randomizeBloodFiend
h021	Murloc Village	n00J	Murloc Champion	1	A09H	map-resolved	ANcl	1	1	TypeMurloc	Channel	Channels powerful warding magic.	0	0	static-resolved	0	0	static-resolved	500	-	_		"{""DataA"":180,""DataB"":0,""DataC"":0,""DataD"":0.98,""DataE"":1,""DataF"":""channel""}"	"{""Art Duration"":0.98,""Base Order ID"":""channel"",""Disable Other Abilities"":1,""Follow Through Time"":180,""Options"":0,""Target Type"":0}"	6	4	EventListener_add_CompanionSpawning_onEvent_add_CompanionSpawning,H,dE,spawnSyncedCompanions
h021	Murloc Village	n00J	Murloc Champion	2	A060	map-resolved	ACce	1	1	Cleaving Attack	Cleaving Attack	The creature strikes with such force that <ACce,DataA1,%>% of their damage strikes through to enemies near the primary attacked unit.	0	0	static-resolved	0	0	static-resolved	-	175	ground,enemy,neutral		"{""DataA"":0.25}"	"{""Distributed Damage Factor"":0.25}"	3	1	H
h021	Murloc Village	n00J	Murloc Champion	3	A00T	map-resolved	ACes	1	1	Evasion	Evasion	Gives a <ACes,DataA1,%>% percent chance to avoid an attack.	-	-	static-resolved	0	0	static-resolved	-	-	_		"{""DataA"":0.08}"	"{""Chance to Evade"":0.08}"	4	2	H,randomizeBloodFiend
h021	Murloc Village	n00J	Murloc Champion	4	A026	map-resolved	ACbh	1	1	Bash	Bash	Gives a <ACbh,DataA1>% chance that an attack will do <ACbh,DataC1> bonus damage and stun an opponent for <ACbh,Dur1> seconds.	0	0	static-resolved	0	0	static-resolved	-	0	ground	BPSE	"{""DataA"":15,""DataB"":0,""DataC"":25,""DataD"":0,""DataE"":0}"	"{""Chance to Bash"":15,""Chance to Miss"":0,""Damage Bonus"":25,""Damage Multiplier"":0,""Never Miss"":0}"	3	1	H
h021	Murloc Village	n00J	Murloc Champion	5	A00D	map-resolved	ACct	1	1	Critical Strike	Critical Strike	Gives a <ACct,DataA1>% chance to do <ACct,DataB1> times normal damage on an attack.	0	0	static-resolved	0	0	static-resolved	-	0	air,ground,enemy,neutral		"{""DataA"":10,""DataB"":2,""DataC"":0,""DataD"":0,""DataE"":0,""DataF"":""-""}"	"{""Chance to Critical Strike"":10,""Chance to Evade"":0,""Damage Bonus"":0,""Damage Multiplier"":2,""Exclude Item Damage"":""-"",""Never Miss"":0}"	4	2	H,randomizeBloodFiend
h022	Murloc Fortress	n00K	Murloc Assassin	1	A0H0	map-resolved	AIsr	1	1	spell resist 20%			0	0	static-resolved	0	0	static-resolved	-	-	_		"{""DataA"":0,""DataB"":0.2}"	"{""Damage Bonus"":0,""Damage Reduction"":0.2}"	4	2	H,hasNoPowerArmorExclusion
h022	Murloc Fortress	n00K	Murloc Assassin	2	A09H	map-resolved	ANcl	1	1	TypeMurloc	Channel	Channels powerful warding magic.	0	0	static-resolved	0	0	static-resolved	500	-	_		"{""DataA"":180,""DataB"":0,""DataC"":0,""DataD"":0.98,""DataE"":1,""DataF"":""channel""}"	"{""Art Duration"":0.98,""Base Order ID"":""channel"",""Disable Other Abilities"":1,""Follow Through Time"":180,""Options"":0,""Target Type"":0}"	6	4	EventListener_add_CompanionSpawning_onEvent_add_CompanionSpawning,H,dE,spawnSyncedCompanions
h022	Murloc Fortress	n00K	Murloc Assassin	3	A026	map-resolved	ACbh	1	1	Bash	Bash	Gives a <ACbh,DataA1>% chance that an attack will do <ACbh,DataC1> bonus damage and stun an opponent for <ACbh,Dur1> seconds.	0	0	static-resolved	0	0	static-resolved	-	0	ground	BPSE	"{""DataA"":15,""DataB"":0,""DataC"":25,""DataD"":0,""DataE"":0}"	"{""Chance to Bash"":15,""Chance to Miss"":0,""Damage Bonus"":25,""Damage Multiplier"":0,""Never Miss"":0}"	3	1	H
h022	Murloc Fortress	n00K	Murloc Assassin	4	A025	map-resolved	ACct	1	1	Critical Strike	Critical Strike	Gives a <ACct,DataA1>% chance to do <ACct,DataB1> times normal damage on an attack.	0	0	static-resolved	0	0	static-resolved	-	0	air,ground,enemy,neutral		"{""DataA"":20,""DataB"":2,""DataC"":0,""DataD"":0,""DataE"":0,""DataF"":""-""}"	"{""Chance to Critical Strike"":20,""Chance to Evade"":0,""Damage Bonus"":0,""Damage Multiplier"":2,""Exclude Item Damage"":""-"",""Never Miss"":0}"	3	1	H
h022	Murloc Fortress	n00K	Murloc Assassin	5	A00U	map-resolved	ACev	1	1	Evasion	Evasion	Gives a <ACev,DataA1,%>% percent chance to avoid an attack.	-	-	static-resolved	0	0	static-resolved	-	-	_		"{""DataA"":0.15}"	"{""Chance to Evade"":0.15}"	4	2	H,randomizeBloodFiend
h022	Murloc Fortress	n00K	Murloc Assassin	6	A061	map-resolved	Afbt	1	1	Feedback	Feedback	This tower's attacks destroy <Afbt,DataA1> mana per hit against any unit, causing bonus damage equal to the mana destroyed.|n|nAdditionally, attacks made by this tower cause <Afbt,DataE1> bonus damage against summoned units.	0	0	static-resolved	0	0	static-resolved	-	-	air,ground,enemy,neutral		"{""DataA"":25,""DataB"":1,""DataC"":25,""DataD"":1,""DataE"":10}"	"{""Damage Ratio - Heros (%)"":1,""Damage Ratio - Units (%)"":1,""Max Mana Drained - Heros"":25,""Max Mana Drained - Units"":25,""Summoned Damage"":10}"	3	1	H
h022	Murloc Fortress	n00K	Murloc Assassin	7	A02N	map-resolved	ACce	1	1	Cleaving Attack	Cleaving Attack	The creature strikes with such force that <ACce,DataA1,%>% of their damage strikes through to enemies near the primary attacked unit.	0	0	static-resolved	0	0	static-resolved	-	200	ground,enemy,neutral		"{""DataA"":0.3}"	"{""Distributed Damage Factor"":0.3}"	3	1	H
h023	Ancient of Slumber	n029	Bear	1	A0C4	map-resolved	ANcl	1	1	Channel	Channel	Channels powerful warding magic.	0	0	static-resolved	0	0	static-resolved	500	-	_		"{""DataA"":180,""DataB"":0,""DataC"":0,""DataD"":0.98,""DataE"":1,""DataF"":""channel""}"	"{""Art Duration"":0.98,""Base Order ID"":""channel"",""Disable Other Abilities"":1,""Follow Through Time"":180,""Options"":0,""Target Type"":0}"	6	3	H,handleTargetDamageEffects,startBearHibernate
h023	Ancient of Slumber	n029	Bear	2	A0C5	map-resolved	ANcl	1	1	Channel	Channel	Channels powerful warding magic.	0	0	static-resolved	0	0	static-resolved	500	-	_		"{""DataA"":180,""DataB"":0,""DataC"":0,""DataD"":0.98,""DataE"":1,""DataF"":""channel""}"	"{""Art Duration"":0.98,""Base Order ID"":""channel"",""Disable Other Abilities"":1,""Follow Through Time"":180,""Options"":0,""Target Type"":0}"	6	4	H,handleTargetDamageEffects,setupUnit,vampireCharge
h023	Ancient of Slumber	n029	Bear	3	A0BY	map-resolved	ACce	1	1	NAT: Bear (cleaving attack)	Cleaving Attack	The creature strikes with such force that <ACce,DataA1,%>% of their damage strikes through to enemies near the primary attacked unit.	0	0	static-resolved	0	0	static-resolved	-	150	ground,enemy,neutral		"{""DataA"":0.3}"	"{""Distributed Damage Factor"":0.3}"	3	1	H
h023	Ancient of Slumber	n029	Bear	4	A0B1	map-resolved	ACbh	1	1	NAT: Bear (bash)	Bash	Gives a <ACbh,DataA1>% chance that an attack will do <ACbh,DataC1> bonus damage and stun an opponent for <ACbh,Dur1> seconds.	0	0	static-resolved	0	0	static-resolved	-	0	ground	BPSE	"{""DataA"":15,""DataB"":0,""DataC"":50,""DataD"":0,""DataE"":0}"	"{""Chance to Bash"":15,""Chance to Miss"":0,""Damage Bonus"":50,""Damage Multiplier"":0,""Never Miss"":0}"	3	1	H
h023	Ancient of Slumber	n029	Bear	5	A0B3	map-resolved	ACct	1	1	NAT: Bear (critical strike)	Critical Strike	Gives a <ACct,DataA1>% chance to do <ACct,DataB1> times normal damage on an attack.	0	0	static-resolved	0	0	static-resolved	-	0	air,ground,enemy,neutral		"{""DataA"":20,""DataB"":2,""DataC"":0,""DataD"":0,""DataE"":0,""DataF"":""-""}"	"{""Chance to Critical Strike"":20,""Chance to Evade"":0,""Damage Bonus"":0,""Damage Multiplier"":2,""Exclude Item Damage"":""-"",""Never Miss"":0}"	3	1	H
h024	Ancient of Hibernation	n02B	Ancient Bear	1	A03Q	map-resolved	ANcl	1	1	Channel	Channel	Channels powerful warding magic.	0	0	static-resolved	0	0	static-resolved	500	-	_		"{""DataA"":180,""DataB"":0,""DataC"":0,""DataD"":0.98,""DataE"":1,""DataF"":""channel""}"	"{""Art Duration"":0.98,""Base Order ID"":""channel"",""Disable Other Abilities"":1,""Follow Through Time"":180,""Options"":0,""Target Type"":0}"	7	5	DamageListener_addListener_doAfter_ObeliskOfLight_onEvent_addListener_doAfter_ObeliskOfLight,H,handleSourceDamageEffects,holyShrineSpell,iD
h024	Ancient of Hibernation	n02B	Ancient Bear	2	A0C4	map-resolved	ANcl	1	1	Channel	Channel	Channels powerful warding magic.	0	0	static-resolved	0	0	static-resolved	500	-	_		"{""DataA"":180,""DataB"":0,""DataC"":0,""DataD"":0.98,""DataE"":1,""DataF"":""channel""}"	"{""Art Duration"":0.98,""Base Order ID"":""channel"",""Disable Other Abilities"":1,""Follow Through Time"":180,""Options"":0,""Target Type"":0}"	6	3	H,handleTargetDamageEffects,startBearHibernate
h024	Ancient of Hibernation	n02B	Ancient Bear	3	A0C5	map-resolved	ANcl	1	1	Channel	Channel	Channels powerful warding magic.	0	0	static-resolved	0	0	static-resolved	500	-	_		"{""DataA"":180,""DataB"":0,""DataC"":0,""DataD"":0.98,""DataE"":1,""DataF"":""channel""}"	"{""Art Duration"":0.98,""Base Order ID"":""channel"",""Disable Other Abilities"":1,""Follow Through Time"":180,""Options"":0,""Target Type"":0}"	6	4	H,handleTargetDamageEffects,setupUnit,vampireCharge
h024	Ancient of Hibernation	n02B	Ancient Bear	4	A0BZ	map-resolved	ACce	1	1	NAT: Ancient Bear (cleaving attack)	Cleaving Attack	The creature strikes with such force that <ACce,DataA1,%>% of their damage strikes through to enemies near the primary attacked unit.	0	0	static-resolved	0	0	static-resolved	-	175	ground,enemy,neutral		"{""DataA"":0.35}"	"{""Distributed Damage Factor"":0.35}"	3	1	H
h024	Ancient of Hibernation	n02B	Ancient Bear	5	A0B4	map-resolved	ACct	1	1	NAT: Ancient Bear (critical strike)	Critical Strike	Gives a <ACct,DataA1>% chance to do <ACct,DataB1> times normal damage on an attack.	0	0	static-resolved	0	0	static-resolved	-	0	air,ground,enemy,neutral		"{""DataA"":30,""DataB"":2,""DataC"":0,""DataD"":0,""DataE"":0,""DataF"":""-""}"	"{""Chance to Critical Strike"":30,""Chance to Evade"":0,""Damage Bonus"":0,""Damage Multiplier"":2,""Exclude Item Damage"":""-"",""Never Miss"":0}"	3	1	H
h024	Ancient of Hibernation	n02B	Ancient Bear	6	A0B2	map-resolved	ACbh	1	1	NAT: Ancient Bear (bash)	Bash	Gives a <ACbh,DataA1>% chance that an attack will do <ACbh,DataC1> bonus damage and stun an opponent for <ACbh,Dur1> seconds.	0	0	static-resolved	0	0	static-resolved	-	0	ground	BPSE	"{""DataA"":30,""DataB"":0,""DataC"":65,""DataD"":0,""DataE"":0}"	"{""Chance to Bash"":30,""Chance to Miss"":0,""Damage Bonus"":65,""Damage Multiplier"":0,""Never Miss"":0}"	3	1	H
h025	Fountain of Blood	n00L	Blood Fiend	1	A07J	map-resolved	ANcl	1	1	Channel	Channel	Channels powerful warding magic.	0	0	static-resolved	0	0	static-resolved	500	-	_		"{""DataA"":180,""DataB"":0,""DataC"":0,""DataD"":0.98,""DataE"":1,""DataF"":""channel""}"	"{""Art Duration"":0.98,""Base Order ID"":""channel"",""Disable Other Abilities"":1,""Follow Through Time"":180,""Options"":0,""Target Type"":0}"	5	3	H,KE,onUnitTrained
h026	Greater Demon Cage	z000	Quill Demon	1	A0CV	map-resolved	ANcl	1	1	Channel ( Assasin Target )	Channel	Channels powerful warding magic.	0	0	static-resolved	0	0	static-resolved	500	-	_		"{""DataA"":180,""DataB"":0,""DataC"":0,""DataD"":0.98,""DataE"":1,""DataF"":""channel""}"	"{""Art Duration"":0.98,""Base Order ID"":""channel"",""Disable Other Abilities"":1,""Follow Through Time"":180,""Options"":0,""Target Type"":0}"	3	1	H
h026	Greater Demon Cage	z000	Quill Demon	2	A05V	map-resolved	AEah	1	1	CHA: Quill Demon (thorns aura)	Thorns Aura - [|cffffcc00Level 1|r]	An aura that gives friendly nearby units a damage reflection, which deals <AEah,DataA1,%>% of an enemy unit's melee attack damage back to it.	-	-	static-resolved	0	0	static-resolved	-	350	air,ground,friend,self,vuln,invu	B00V	"{""DataA"":0.35,""DataB"":1}"	"{""Damage Dealt to Attackers"":0.35,""Damage is Percent Received"":1}"	3	1	H
h027	Emerald Dragon Roost	n02A	Emerald Dragon	1	A03Q	map-resolved	ANcl	1	1	Channel	Channel	Channels powerful warding magic.	0	0	static-resolved	0	0	static-resolved	500	-	_		"{""DataA"":180,""DataB"":0,""DataC"":0,""DataD"":0.98,""DataE"":1,""DataF"":""channel""}"	"{""Art Duration"":0.98,""Base Order ID"":""channel"",""Disable Other Abilities"":1,""Follow Through Time"":180,""Options"":0,""Target Type"":0}"	7	5	DamageListener_addListener_doAfter_ObeliskOfLight_onEvent_addListener_doAfter_ObeliskOfLight,H,handleSourceDamageEffects,holyShrineSpell,iD
h028	Monolith	e00F	Mountain Giant	1	A0CF	map-resolved	AIsr	1	1	NAT: Mountain Giant (spell resist)			0	0	static-resolved	0	0	static-resolved	-	-	_		"{""DataA"":0,""DataB"":0.5}"	"{""Damage Bonus"":0,""Damage Reduction"":0.5}"	4	2	H,hasNoPowerArmorExclusion
h028	Monolith	e00F	Mountain Giant	2	A03Q	map-resolved	ANcl	1	1	Channel	Channel	Channels powerful warding magic.	0	0	static-resolved	0	0	static-resolved	500	-	_		"{""DataA"":180,""DataB"":0,""DataC"":0,""DataD"":0.98,""DataE"":1,""DataF"":""channel""}"	"{""Art Duration"":0.98,""Base Order ID"":""channel"",""Disable Other Abilities"":1,""Follow Through Time"":180,""Options"":0,""Target Type"":0}"	7	5	DamageListener_addListener_doAfter_ObeliskOfLight_onEvent_addListener_doAfter_ObeliskOfLight,H,handleSourceDamageEffects,holyShrineSpell,iD
h028	Monolith	e00F	Mountain Giant	3	A0BF	map-resolved	AUts	1	1	NAT: Mountain Giant (damage reduce %)	Spiked Carapace - [|cffffcc00Level 1|r]	Enhances the Crypt Lord's chitinous armor with organic barbs, giving the Crypt Lord <AUts,DataC1> bonus armor and returning <AUts,DataA1,%>% of melee attack damage to enemies.	-	-	static-resolved	0	0	static-resolved	-	-	_		"{""DataA"":0,""DataB"":0.8,""DataC"":0}"	"{""Defense Bonus"":0,""Received Damage Factor"":0.8,""Returned Damage Factor"":0}"	3	1	H
h028	Monolith	e00F	Mountain Giant	4	A0BC	map-resolved	Agra	1	1	NAT: Mounatin Giant (Grab Tree)	War Club	Picks up a tree to give the Mountain Giant Siege damage, and increased attack range. |nLasts for <Agra,DataE1> strikes.	0	0	static-resolved	99	1.0	protected-runtime	800	-	tree	Bgra	"{""DataA"":0.8,""DataB"":1.5,""DataC"":0,""DataD"":1,""DataE"":10}"	"{""Attach Delay"":0.8,""Disabled Attack Index"":0,""Enabled Attack Index"":1,""Maximum Attacks"":10,""Remove Delay"":1.5}"	4	2	H,xD
h028	Monolith	e00F	Mountain Giant	5	A0BE	map-resolved	Assk	1	1	NAT: Mountain Giant (hardened skin)	Hardened Skin	Reduces all attacks on the Mountain Giant by <Assk,DataC1> damage. Attacks cannot be reduced below <Assk,DataB1> damage.	0	0	static-resolved	0	0	static-resolved	-	-	air,enemies,ground		"{""DataA"":100,""DataB"":5,""DataC"":25,""DataD"":1,""DataE"":1}"	"{""Chance to Reduce Damage (%)"":100,""Ignored Damage"":25,""Include Melee Damage"":1,""Include Ranged Damage"":1,""Minimum Damage"":5}"	3	1	H
h028	Monolith	e00F	Mountain Giant	6	A0BJ	map-resolved	ACpa	1	1	NAT: Mountain Giant (taunt dummy)	Parasite	Afflicts a target enemy unit with a deadly parasite that deals <ANpa,DataA1> damage per second for <ANpa,Dur1> seconds. If the afflicted unit dies while under the effect of Parasite, a minor minion will spawn from its corpse.	9999	0	protected-runtime	99	15.0	protected-runtime	150	-	air,enemies,ground,sapper,ward	B019	"{""DataA"":0,""DataB"":0,""DataC"":0,""DataD"":0,""DataE"":1}"	"{""Attack Speed Factor"":0,""Damage per Second"":0,""Movement Speed Factor"":0,""Stacking Type"":0,""Summoned Unit Count"":1}"	6	3	H,JK,xD
h028	Monolith	e00F	Mountain Giant	7	A0BI	map-resolved	Atau	1	1	NAT: Mountain Giant (taunt)	Taunt	The closest <Atau,DataA1> enemies are forced to attack this unit.	0	0	static-resolved	99	1.0	protected-runtime	-	350	air,ground,enemy,vuln,invu		"{""DataA"":10,""DataB"":0,""DataC"":0,""DataD"":""-"",""DataE"":""-""}"	"{""Interval between Pulses"":""-"",""Max Units"":0,""Number of Pulses"":""-"",""Prefer Friendlies"":0,""Prefer Hostiles"":10}"	4	2	H,xD
h028	Monolith	e00F	Mountain Giant	8	A0BH	map-resolved	ACpv	1	1	NAT: Mountain Giant (pulverize)	Pulverize	Gives a <ACpv,DataA1>% chance that an attack will deal <ACpv,DataB1> damage to nearby units.	0	0	static-resolved	0	0	static-resolved	-	-	enemies,ground,neutral		"{""DataA"":30,""DataB"":200,""DataC"":175,""DataD"":0}"	"{""Chance to Stomp (%)"":30,""Damage Dealt"":200,""Full Damage Radius"":175,""Half Damage Radius"":0}"	3	1	H
h02B	Shamanic Tent	o003	Shaman	1	A0CV	map-resolved	ANcl	1	1	Channel ( Assasin Target )	Channel	Channels powerful warding magic.	0	0	static-resolved	0	0	static-resolved	500	-	_		"{""DataA"":180,""DataB"":0,""DataC"":0,""DataD"":0.98,""DataE"":1,""DataF"":""channel""}"	"{""Art Duration"":0.98,""Base Order ID"":""channel"",""Disable Other Abilities"":1,""Follow Through Time"":180,""Options"":0,""Target Type"":0}"	3	1	H
h02B	Shamanic Tent	o003	Shaman	2	A02M	map-resolved	Ainf	1	1	Inner Fire	Inner Fire	Increases a target friendly unit's damage by <Ainf,DataA1,%>% and armor by <Ainf,DataB1>. |nLasts <Ainf,Dur1> seconds.	35	35	static-resolved	99	6.0	protected-runtime	600	-	air,friend,ground,neutral,self	B009	"{""DataA"":0.2,""DataB"":4,""DataC"":600,""DataD"":3}"	"{""Autocast Range"":600,""Damage Increase (%)"":0.2,""Defense Increase"":4,""Life Regen Rate"":3}"	4	2	H,xD
h02H	Troll Hut	n00V	Troll Berserker	1	A07K	map-resolved	ANcl	1	1	Channel(troll)	Channel	Channels powerful warding magic.	0	0	static-resolved	0	0	static-resolved	500	-	_		"{""DataA"":180,""DataB"":0,""DataC"":0,""DataD"":0.98,""DataE"":1,""DataF"":""channel""}"	"{""Art Duration"":0.98,""Base Order ID"":""channel"",""Disable Other Abilities"":1,""Follow Through Time"":180,""Options"":0,""Target Type"":0}"	3	1	H
h02H	Troll Hut	n00V	Troll Berserker	2	A02I	map-resolved	Absk	1	1	Berserk	Berserk	Causes this unit to attack <Absk,DataB1,%>% faster, but take <Absk,DataC1,%>% more damage.	0	0	static-resolved	99	0.0	protected-runtime	-	-	_	B007	"{""DataA"":0.25,""DataB"":2,""DataC"":0.1}"	"{""Attack Speed Increase"":2,""Damage Taken Increase"":0.1,""Movement Speed Increase"":0.25}"	4	2	H,xD
h02I	Orcish Siege Factory	o001	Catapult	1	A0CV	map-resolved	ANcl	1	1	Channel ( Assasin Target )	Channel	Channels powerful warding magic.	0	0	static-resolved	0	0	static-resolved	500	-	_		"{""DataA"":180,""DataB"":0,""DataC"":0,""DataD"":0.98,""DataE"":1,""DataF"":""channel""}"	"{""Art Duration"":0.98,""Base Order ID"":""channel"",""Disable Other Abilities"":1,""Follow Through Time"":180,""Options"":0,""Target Type"":0}"	3	1	H
h02I	Orcish Siege Factory	o001	Catapult	2	A02J	map-resolved	Abof	1	1	Burning Oil	Burning Oil	Drenches the Demolisher ammo in burning oil, causing them to light the ground on fire and burn enemy units.	125	125	static-resolved	10	10	static-resolved	800	225	enemies,ground,neutral,structure	Bbof	"{""DataA"":12,""DataB"":0.25,""DataC"":3,""DataD"":1,""DataE"":1,""DataF"":""-""}"	"{""Building Reduction"":1,""Full Damage Dealt"":12,""Full Damage Interval"":0.25,""Half Damage Dealt"":3,""Half Damage Interval"":1,""Maximum Damage"":""-""}"	3	1	H
h02P	Falcon-Clan Encampment	o009	Wyvern Rider	1	A038	map-resolved	Aven	1	1	Envenomed Spears	Envenomed Spears	Deals <Aven,DataA1> poison damage per second. |nLasts <Aven,Dur1> seconds.	0	0	static-resolved	0	0	static-resolved	-	-	air,ground,organic	B00G	"{""DataA"":12,""DataB"":0.25,""DataC"":0.25,""DataD"":1}"	"{""Attack Speed Factor"":0.25,""Damage per Second"":12,""Movement Speed Factor"":0.25,""Stacking Type"":1}"	3	1	H
h02U	Advanced Fighters' Hall	o004	Veteran Grunt	1	A02V	map-resolved	ACct	1	1	Critical Strike	Critical Strike	Gives a <ACct,DataA1>% chance to do <ACct,DataB1> times normal damage on an attack.	0	0	static-resolved	0	0	static-resolved	-	0	air,ground,enemy,neutral		"{""DataA"":25,""DataB"":2,""DataC"":0,""DataD"":0,""DataE"":0,""DataF"":""-""}"	"{""Chance to Critical Strike"":25,""Chance to Evade"":0,""Damage Bonus"":0,""Damage Multiplier"":2,""Exclude Item Damage"":""-"",""Never Miss"":0}"	3	1	H
h031	Superior Fighters' Hall	o005	Axemaster	1	A02W	map-resolved	ACct	1	1	Critical Strike	Critical Strike	Gives a <ACct,DataA1>% chance to do <ACct,DataB1> times normal damage on an attack.	0	0	static-resolved	0	0	static-resolved	-	0	air,ground,enemy,neutral		"{""DataA"":30,""DataB"":3,""DataC"":0,""DataD"":0,""DataE"":0,""DataF"":""-""}"	"{""Chance to Critical Strike"":30,""Chance to Evade"":0,""Damage Bonus"":0,""Damage Multiplier"":3,""Exclude Item Damage"":""-"",""Never Miss"":0}"	3	1	H
h031	Superior Fighters' Hall	o005	Axemaster	2	A02P	map-resolved	ACpv	1	1	Pulverize	Pulverize	Gives a <ACpv,DataA1>% chance that an attack will deal <ACpv,DataB1> damage to nearby units.	0	0	static-resolved	0	0	static-resolved	-	-	ground,enemy,neutral		"{""DataA"":35,""DataB"":130,""DataC"":200,""DataD"":200}"	"{""Chance to Stomp (%)"":35,""Damage Dealt"":130,""Full Damage Radius"":200,""Half Damage Radius"":200}"	3	1	H
h032	Royal Spawning Grounds	n00X	Naga Royal Guard	1	A00D	map-resolved	ACct	1	1	Critical Strike	Critical Strike	Gives a <ACct,DataA1>% chance to do <ACct,DataB1> times normal damage on an attack.	0	0	static-resolved	0	0	static-resolved	-	0	air,ground,enemy,neutral		"{""DataA"":10,""DataB"":2,""DataC"":0,""DataD"":0,""DataE"":0,""DataF"":""-""}"	"{""Chance to Critical Strike"":10,""Chance to Evade"":0,""Damage Bonus"":0,""Damage Multiplier"":2,""Exclude Item Damage"":""-"",""Never Miss"":0}"	4	2	H,randomizeBloodFiend
h032	Royal Spawning Grounds	n00X	Naga Royal Guard	2	A02X	map-resolved	ACce	1	1	NAG: RG (Cleaving Attack)	Cleaving Attack	The creature strikes with such force that <ACce,DataA1,%>% of their damage strikes through to enemies near the primary attacked unit.	0	0	static-resolved	0	0	static-resolved	-	260	ground,enemy,neutral		"{""DataA"":0.35}"	"{""Distributed Damage Factor"":0.35}"	3	1	H
h035	Melee Kodo Farm	o008	Melee Kodo Rider	1	A035	map-resolved	AIar	1	1	ORC: Offensive Kodo (damage aura)			0	0	static-resolved	0	0	static-resolved	 - 	900	air,ground,friend,self,vuln,invu	B00F	"{""DataA"":0.3,""DataB"":1,""DataC"":0,""DataD"":0}"	"{""Damage Bonus (%)"":0.3,""Flat Bonus"":0,""Melee Bonus"":1,""Ranged Bonus"":0}"	3	1	H
h036	Defensive Kodo Farm	o006	Defensive Kodo Rider	1	A034	map-resolved	AHad	1	1	ORC: Defensive Kodo (defensive aura)	Devotion Aura - [|cffffcc00Level 1|r]	Gives <AHad,DataA1,.> additional armor to nearby friendly units.	0	0	static-resolved	0	0	static-resolved	-	900	air,ground,friend,self,vuln,invu	B00E	"{""DataA"":4,""DataB"":0}"	"{""Armor Bonus"":4,""Percent Bonus"":0}"	3	1	H
h037	Chapel	h03B	Crusader	1	A0FK	map-resolved	ANcl	1	1	Channel ( Assasin NotTarget )	Channel	Channels powerful warding magic.	0	0	static-resolved	0	0	static-resolved	500	-	_		"{""DataA"":180,""DataB"":0,""DataC"":0,""DataD"":0.98,""DataE"":1,""DataF"":""channel""}"	"{""Art Duration"":0.98,""Base Order ID"":""channel"",""Disable Other Abilities"":1,""Follow Through Time"":180,""Options"":0,""Target Type"":0}"	3	1	H
h037	Chapel	h03B	Crusader	2	A03K	map-resolved	Ahea	1	1	HUM: Crusader/Paladin Heal	Heal	Heals a target friendly non-mechanical wounded unit for <Ahea,DataA1> hit points.	9999	66	protected-runtime	99	7.0	protected-runtime	300	-	air,ground,friend,vuln,invu,self,organic,nonancient,neutral	Bhea	"{""DataA"":25}"	"{""Hit Points Gained"":25}"	7	3	DK,H,xD
h037	Chapel	h03B	Crusader	3	A01F	map-resolved	ACce	1	1	Cleaving Attack	Cleaving Attack	The creature strikes with such force that <ACce,DataA1,%>% of their damage strikes through to enemies near the primary attacked unit.	0	0	static-resolved	0	0	static-resolved	-	175	ground,enemy,neutral		"{""DataA"":0.25}"	"{""Distributed Damage Factor"":0.25}"	4	2	H,randomizeBloodFiend
h037	Chapel	h03B	Crusader	4	A01A	map-resolved	ACbh	1	1	Bash	Bash	Gives a <ACbh,DataA1>% chance that an attack will do <ACbh,DataC1> bonus damage and stun an opponent for <ACbh,Dur1> seconds.	0	0	static-resolved	0	0	static-resolved	-	0	ground	BPSE	"{""DataA"":20,""DataB"":0,""DataC"":25,""DataD"":0,""DataE"":0}"	"{""Chance to Bash"":20,""Chance to Miss"":0,""Damage Bonus"":25,""Damage Multiplier"":0,""Never Miss"":0}"	4	2	H,randomizeBloodFiend
h037	Chapel	h03B	Crusader	5	A03M	map-resolved	Ainf	1	1	HUM: Crusader (inner fire)	Inner Fire	Increases a target friendly unit's damage by <Ainf,DataA1,%>% and armor by <Ainf,DataB1>. |nLasts <Ainf,Dur1> seconds.	9999	0	protected-runtime	99	7.0	protected-runtime	800	-	air,ground,friend,neutral,self	B00J	"{""DataA"":0,""DataB"":6,""DataC"":800,""DataD"":16}"	"{""Autocast Range"":800,""Damage Increase (%)"":0,""Defense Increase"":6,""Life Regen Rate"":16}"	5	2	H,xD
h038	Church	h03C	Paladin	1	A0FK	map-resolved	ANcl	1	1	Channel ( Assasin NotTarget )	Channel	Channels powerful warding magic.	0	0	static-resolved	0	0	static-resolved	500	-	_		"{""DataA"":180,""DataB"":0,""DataC"":0,""DataD"":0.98,""DataE"":1,""DataF"":""channel""}"	"{""Art Duration"":0.98,""Base Order ID"":""channel"",""Disable Other Abilities"":1,""Follow Through Time"":180,""Options"":0,""Target Type"":0}"	3	1	H
h038	Church	h03C	Paladin	2	A03K	map-resolved	Ahea	1	1	HUM: Crusader/Paladin Heal	Heal	Heals a target friendly non-mechanical wounded unit for <Ahea,DataA1> hit points.	9999	66	protected-runtime	99	7.0	protected-runtime	300	-	air,ground,friend,vuln,invu,self,organic,nonancient,neutral	Bhea	"{""DataA"":25}"	"{""Hit Points Gained"":25}"	7	3	DK,H,xD
h038	Church	h03C	Paladin	3	A01F	map-resolved	ACce	1	1	Cleaving Attack	Cleaving Attack	The creature strikes with such force that <ACce,DataA1,%>% of their damage strikes through to enemies near the primary attacked unit.	0	0	static-resolved	0	0	static-resolved	-	175	ground,enemy,neutral		"{""DataA"":0.25}"	"{""Distributed Damage Factor"":0.25}"	4	2	H,randomizeBloodFiend
h038	Church	h03C	Paladin	4	A01A	map-resolved	ACbh	1	1	Bash	Bash	Gives a <ACbh,DataA1>% chance that an attack will do <ACbh,DataC1> bonus damage and stun an opponent for <ACbh,Dur1> seconds.	0	0	static-resolved	0	0	static-resolved	-	0	ground	BPSE	"{""DataA"":20,""DataB"":0,""DataC"":25,""DataD"":0,""DataE"":0}"	"{""Chance to Bash"":20,""Chance to Miss"":0,""Damage Bonus"":25,""Damage Multiplier"":0,""Never Miss"":0}"	4	2	H,randomizeBloodFiend
h038	Church	h03C	Paladin	5	A03H	map-resolved	AHre	1	1	Resurrection	Resurrection	Brings back to life the corpses of <AHre,DataA1> friendly nearby units.	9999	70	protected-runtime	99	40.0	protected-runtime	400	900	air,ground,dead,friend		"{""DataA"":1,""DataB"":0}"	"{""Number of Corpses Raised"":1,""Raised Units Are Invulnerable"":0}"	5	2	H,xD
h038	Church	h03C	Paladin	6	A03I	map-resolved	Ainf	1	1	HUM: Inner Fire (paladin)	Inner Fire	Increases a target friendly unit's damage by <Ainf,DataA1,%>% and armor by <Ainf,DataB1>. |nLasts <Ainf,Dur1> seconds.	9999	0	protected-runtime	99	7.0	protected-runtime	800	-	air,ground,friend,neutral,self	B00J	"{""DataA"":0,""DataB"":9,""DataC"":800,""DataD"":24}"	"{""Autocast Range"":800,""Damage Increase (%)"":0,""Defense Increase"":9,""Life Regen Rate"":24}"	5	2	H,xD
h038	Church	h03C	Paladin	7	A03J	map-resolved	AHad	1	1	Devotion Aura	Devotion Aura - [|cffffcc00Level 1|r]	Gives <AHad,DataA1,.> additional armor to nearby friendly units.	0	0	static-resolved	0	0	static-resolved	-	400	air,ground,friend,self,vuln,invu	B01B	"{""DataA"":3,""DataB"":0}"	"{""Armor Bonus"":3,""Percent Bonus"":0}"	3	1	H
h039	Stronghold	h03A	Defender	1	A00U	map-resolved	ACev	1	1	Evasion	Evasion	Gives a <ACev,DataA1,%>% percent chance to avoid an attack.	-	-	static-resolved	0	0	static-resolved	-	-	_		"{""DataA"":0.15}"	"{""Chance to Evade"":0.15}"	4	2	H,randomizeBloodFiend
h039	Stronghold	h03A	Defender	2	A03G	map-resolved	Adef	1	1	Defend	Defend	Activate to take only <Adef,DataA1,%>% of the damage from Piercing attacks. While Defend is active, movement is reduced by <Adef,DataC1,%>% of normal speed.	0	0	static-resolved	0	0	static-resolved	-	-	air,ground,structure,debris,neutral,enemy,ward,vuln,invu		"{""DataA"":0.4,""DataB"":1,""DataC"":0,""DataD"":0,""DataE"":0.5,""DataF"":50,""DataG"":0,""DataH"":1}"	"{""Attack Speed Factor"":0,""Chance to Deflect"":50,""Damage Dealt (%)"":1,""Damage Taken (%)"":0.4,""Deflect Damage Taken (Piercing)"":0,""Deflect Damage Taken (Spells)"":1,""Magic Damage Reduction"":0.5,""Movement Speed Factor"":0}"	3	1	H
h03D	Ranger's Hall	e003	Ranger	1	A0CV	map-resolved	ANcl	1	1	Channel ( Assasin Target )	Channel	Channels powerful warding magic.	0	0	static-resolved	0	0	static-resolved	500	-	_		"{""DataA"":180,""DataB"":0,""DataC"":0,""DataD"":0.98,""DataE"":1,""DataF"":""channel""}"	"{""Art Duration"":0.98,""Base Order ID"":""channel"",""Disable Other Abilities"":1,""Follow Through Time"":180,""Options"":0,""Target Type"":0}"	3	1	H
h03D	Ranger's Hall	e003	Ranger	2	A03N	map-resolved	Aroc	1	1	Barrage	Barrage	Allows Siege Engines to fire powerful rockets at nearby enemy air units.	0	0	static-resolved	99	0.0	protected-runtime	-	600	air,enemies,ground		"{""DataA"":0,""DataB"":99999,""DataC"":1}"	"{""Damage Per Target"":0,""Maximum Number of Targets"":1,""Maximum Total Damage"":99999}"	4	2	H,xD
h03D	Ranger's Hall	e003	Ranger	3	A00U	map-resolved	ACev	1	1	Evasion	Evasion	Gives a <ACev,DataA1,%>% percent chance to avoid an attack.	-	-	static-resolved	0	0	static-resolved	-	-	_		"{""DataA"":0.15}"	"{""Chance to Evade"":0.15}"	4	2	H,randomizeBloodFiend
h03E	Amazon's Hall	e004	Amazon	1	A0CV	map-resolved	ANcl	1	1	Channel ( Assasin Target )	Channel	Channels powerful warding magic.	0	0	static-resolved	0	0	static-resolved	500	-	_		"{""DataA"":180,""DataB"":0,""DataC"":0,""DataD"":0.98,""DataE"":1,""DataF"":""channel""}"	"{""Art Duration"":0.98,""Base Order ID"":""channel"",""Disable Other Abilities"":1,""Follow Through Time"":180,""Options"":0,""Target Type"":0}"	3	1	H
h03E	Amazon's Hall	e004	Amazon	2	A07H	map-resolved	ANcl	1	1	TypeLegendary	Channel	Channels powerful warding magic.	0	0	static-resolved	0	0	static-resolved	500	-	_		"{""DataA"":180,""DataB"":0,""DataC"":0,""DataD"":0.98,""DataE"":1,""DataF"":""channel""}"	"{""Art Duration"":0.98,""Base Order ID"":""channel"",""Disable Other Abilities"":1,""Follow Through Time"":180,""Options"":0,""Target Type"":0}"	5	3	H,fJ,mJ
h03E	Amazon's Hall	e004	Amazon	3	A06V	map-resolved	Asph	1	1	Legendary Unit			0	0	static-resolved	1	1	static-resolved	-	-	_		{}	{}	5	3	ForGroupCallback_forUnitsInRect_RaceChaosAbilities_callback_forUnitsInRect_RaceChaosAbilities1,ForGroupCallback_forUnitsInRect_RaceCorruptedAbilities_callback_forUnitsInRect_RaceCorruptedAbilities,H
h03E	Amazon's Hall	e004	Amazon	4	A070	map-resolved	Amgl	1	1	Leg-anti-hex	Moon Glaive	Gives the Huntress the ability to strike additional units with her bouncing glaive attacks, and changes their armor type to Heavy.	0	0	static-resolved	0	0	static-resolved	-	-	_		{}	{}	7	5	ForGroupCallback_forUnitsInRect_RaceChaosAbilities_callback_forUnitsInRect_RaceChaosAbilities,H,devourAttackProc,hasShield,onUnitTrained
h03E	Amazon's Hall	e004	Amazon	5	A0AH	map-resolved	AIsr	1	1	Spell Resist (legendary)			0	0	static-resolved	0	0	static-resolved	-	-	_		"{""DataA"":0,""DataB"":0.7}"	"{""Damage Bonus"":0,""Damage Reduction"":0.7}"	5	3	H,applyWildernessObeliskBuff,hasNoPowerArmorExclusion
h03E	Amazon's Hall	e004	Amazon	6	A03O	map-resolved	Aroc	1	1	Barrage	Barrage	Allows Siege Engines to fire powerful rockets at nearby enemy air units.	0	0	static-resolved	99	0.0	protected-runtime	-	720	air,enemies,ground		"{""DataA"":0,""DataB"":99999,""DataC"":5}"	"{""Damage Per Target"":0,""Maximum Number of Targets"":5,""Maximum Total Damage"":99999}"	4	2	H,xD
h03E	Amazon's Hall	e004	Amazon	7	A03P	map-resolved	ACev	1	1	Evasion	Evasion	Gives a <ACev,DataA1,%>% percent chance to avoid an attack.	-	-	static-resolved	0	0	static-resolved	-	-	_		"{""DataA"":0.25}"	"{""Chance to Evade"":0.25}"	3	1	H
h03F	Hall of the Eldest	n00Y	Elder Blademaster	1	A0AN	map-resolved	AIsr	1	1	HEL: Elder Blademaster (spell resist)			0	0	static-resolved	0	0	static-resolved	-	-	_		"{""DataA"":0,""DataB"":0.25}"	"{""Damage Bonus"":0,""Damage Reduction"":0.25}"	4	2	H,hasNoPowerArmorExclusion
h03F	Hall of the Eldest	n00Y	Elder Blademaster	2	A05Y	map-resolved	ACct	1	1	Critical Strike	Critical Strike	Gives a <ACct,DataA1>% chance to do <ACct,DataB1> times normal damage on an attack.	0	0	static-resolved	0	0	static-resolved	-	0	air,ground,enemy,neutral		"{""DataA"":30,""DataB"":3,""DataC"":0,""DataD"":0,""DataE"":0,""DataF"":""-""}"	"{""Chance to Critical Strike"":30,""Chance to Evade"":0,""Damage Bonus"":0,""Damage Multiplier"":3,""Exclude Item Damage"":""-"",""Never Miss"":0}"	3	1	H
h03F	Hall of the Eldest	n00Y	Elder Blademaster	3	A03P	map-resolved	ACev	1	1	Evasion	Evasion	Gives a <ACev,DataA1,%>% percent chance to avoid an attack.	-	-	static-resolved	0	0	static-resolved	-	-	_		"{""DataA"":0.25}"	"{""Chance to Evade"":0.25}"	3	1	H
h03F	Hall of the Eldest	n00Y	Elder Blademaster	4	A014	map-resolved	Afbt	1	1	Feedback	Feedback	This tower's attacks destroy <Afbt,DataA1> mana per hit against any unit, causing bonus damage equal to the mana destroyed.|n|nAdditionally, attacks made by this tower cause <Afbt,DataE1> bonus damage against summoned units.	0	0	static-resolved	0	0	static-resolved	-	-	air,ground,enemy,neutral		"{""DataA"":40,""DataB"":1,""DataC"":40,""DataD"":1,""DataE"":10}"	"{""Damage Ratio - Heros (%)"":1,""Damage Ratio - Units (%)"":1,""Max Mana Drained - Heros"":40,""Max Mana Drained - Units"":40,""Summoned Damage"":10}"	3	1	H
h03G	Greater Chaos Citadel	n00Z	Chaos Champion	1	A03V	map-resolved	Asph	1	1	Sphere			0	0	static-resolved	1	1	static-resolved	-	-	_		{}	{}	3	1	H
h03G	Greater Chaos Citadel	n00Z	Chaos Champion	2	A00D	map-resolved	ACct	1	1	Critical Strike	Critical Strike	Gives a <ACct,DataA1>% chance to do <ACct,DataB1> times normal damage on an attack.	0	0	static-resolved	0	0	static-resolved	-	0	air,ground,enemy,neutral		"{""DataA"":10,""DataB"":2,""DataC"":0,""DataD"":0,""DataE"":0,""DataF"":""-""}"	"{""Chance to Critical Strike"":10,""Chance to Evade"":0,""Damage Bonus"":0,""Damage Multiplier"":2,""Exclude Item Damage"":""-"",""Never Miss"":0}"	4	2	H,randomizeBloodFiend
h03G	Greater Chaos Citadel	n00Z	Chaos Champion	3	A03S	map-resolved	ACpa	1	1	Parasite	Parasite	Afflicts a target enemy unit with a deadly parasite that deals <ANpa,DataA1> damage per second for <ANpa,Dur1> seconds. If the afflicted unit dies while under the effect of Parasite, a minor minion will spawn from its corpse.	9999	0	protected-runtime	99	30.0	protected-runtime	400	-	enemies,ground,neutral,nonhero,structure	B019	"{""DataA"":0,""DataB"":0,""DataC"":0,""DataD"":0,""DataE"":1}"	"{""Attack Speed Factor"":0,""Damage per Second"":0,""Movement Speed Factor"":0,""Stacking Type"":0,""Summoned Unit Count"":1}"	6	3	H,lK,xD
h03G	Greater Chaos Citadel	n00Z	Chaos Champion	4	A05Z	map-resolved	ACce	1	1	Cleaving Attack	Cleaving Attack	The creature strikes with such force that <ACce,DataA1,%>% of their damage strikes through to enemies near the primary attacked unit.	0	0	static-resolved	0	0	static-resolved	-	200	ground,enemy,neutral		"{""DataA"":0.35}"	"{""Distributed Damage Factor"":0.35}"	3	1	H
h03I	Azure Nest	n010	Azure Drake	1	A03Y	map-resolved	Afrb	1	1	Frost Breath			0	0	static-resolved	0	0	static-resolved	-	-	air,enemies,ground	Bfro	{}	{}	3	1	H
h03J	Ice Troll Voodoo Lounge	o00A	Ice Troll Witch Doctor	1	A0CV	map-resolved	ANcl	1	1	Channel ( Assasin Target )	Channel	Channels powerful warding magic.	0	0	static-resolved	0	0	static-resolved	500	-	_		"{""DataA"":180,""DataB"":0,""DataC"":0,""DataD"":0.98,""DataE"":1,""DataF"":""channel""}"	"{""Art Duration"":0.98,""Base Order ID"":""channel"",""Disable Other Abilities"":1,""Follow Through Time"":180,""Options"":0,""Target Type"":0}"	3	1	H
h03J	Ice Troll Voodoo Lounge	o00A	Ice Troll Witch Doctor	2	A03C	map-resolved	Afra	1	1	Frost Attack	Frost Attack	Adds a cold effect to this unit's attacks that slows enemy units' movement speed.	0	0	static-resolved	0	0	static-resolved	-	-	air,ground	Bfro	{}	{}	3	1	H
h03J	Ice Troll Voodoo Lounge	o00A	Ice Troll Witch Doctor	3	A048	map-resolved	AIlx	1	1	Melee Lightning Damage Bonus			0	0	static-resolved	0	0	static-resolved	-	-	air,enemies,ground,ward		"{""DataA"":0,""DataB"":10,""DataC"":10,""DataD"":10,""DataE"":0}"	"{""Chance To Hit Heros (%)"":10,""Chance To Hit Summons (%)"":10,""Chance To Hit Units (%)"":10,""Damage Bonus"":0,""Enabled Attack Index"":0}"	3	1	H
h03J	Ice Troll Voodoo Lounge	o00A	Ice Troll Witch Doctor	4	A040	map-resolved	ACf2	1	1	Frost Armor	Frost Armor	Creates a shield of frost around a target friendly unit. The shield adds <ACfa,DataB1> armor and slows melee units that attack it for <ACfa,Dur1> seconds. |nLasts <ACfa,DataA1> seconds.	9999	35	protected-runtime	99	8.0	protected-runtime	800	-	air,ground,friend,self,neutral	BUfa,Bfro	"{""DataA"":45,""DataB"":7}"	"{""Armor Bonus"":7,""Armor Duration"":45}"	5	2	H,xD
h03K	Ice Troll Hut	n015	Ice Troll Shadow Priest	1	A0CV	map-resolved	ANcl	1	1	Channel ( Assasin Target )	Channel	Channels powerful warding magic.	0	0	static-resolved	0	0	static-resolved	500	-	_		"{""DataA"":180,""DataB"":0,""DataC"":0,""DataD"":0.98,""DataE"":1,""DataF"":""channel""}"	"{""Art Duration"":0.98,""Base Order ID"":""channel"",""Disable Other Abilities"":1,""Follow Through Time"":180,""Options"":0,""Target Type"":0}"	3	1	H
h03K	Ice Troll Hut	n015	Ice Troll Shadow Priest	2	A049	map-resolved	AIlx	1	1	Melee Lightning Damage Bonus			0	0	static-resolved	0	0	static-resolved	-	-	air,enemies,ground,ward		"{""DataA"":0,""DataB"":10,""DataC"":10,""DataD"":10,""DataE"":0}"	"{""Chance To Hit Heros (%)"":10,""Chance To Hit Summons (%)"":10,""Chance To Hit Units (%)"":10,""Damage Bonus"":0,""Enabled Attack Index"":0}"	3	1	H
h03K	Ice Troll Hut	n015	Ice Troll Shadow Priest	3	A03Z	map-resolved	ACf2	1	1	Frost Armor	Frost Armor	Creates a shield of frost around a target friendly unit. The shield adds <ACfa,DataB1> armor and slows melee units that attack it for <ACfa,Dur1> seconds. |nLasts <ACfa,DataA1> seconds.	9999	35	protected-runtime	99	8.0	protected-runtime	800	-	air,ground,friend,self,neutral	BUfa,Bfro	"{""DataA"":30,""DataB"":3.5}"	"{""Armor Bonus"":3.5,""Armor Duration"":30}"	5	2	H,xD
h03M	Defiled Granary	u007	Plague Bearer	1	A05T	map-resolved	ANpi	1	1	Permanent Immolation	Permanent Immolation	Burns nearby enemy units for <ANpi,DataA1> points of damage per second.	0	0	static-resolved	0	0	static-resolved	-	350	air,enemies,ground,neutral,organic	B001	"{""DataA"":2,""DataB"":0,""DataC"":0}"	"{""Buffer Mana Required"":0,""Damage per Interval"":2,""Mana Drained per Second"":0}"	3	1	H
h03M	Defiled Granary	u007	Plague Bearer	2	A05S	map-resolved	ACvs	1	1	Envenomed Weapons	Envenomed Weapons	Deals <ACvs,DataA1> poison damage per second. |nLasts <ACvs,Dur1> seconds.	0	0	static-resolved	0	0	static-resolved	-	-	air,ground,organic	B00U	"{""DataA"":15,""DataB"":0.3,""DataC"":0,""DataD"":1}"	"{""Attack Speed Factor"":0,""Damage per Second"":15,""Movement Speed Factor"":0.3,""Stacking Type"":1}"	3	1	H
h03M	Defiled Granary	u007	Plague Bearer	3	A05R	map-resolved	Aap1	1	1	Disease Cloud	Disease Cloud	Infects nearby enemy living units with Disease Cloud. Disease Cloud deals <Aap1,DataB1> damage per second. |nLasts <Aap1,DataA1> seconds.	0	0	static-resolved	0	0	static-resolved	-	350	air,enemies,ground,neutral,organic	Bapl	"{""DataA"":120,""DataB"":18,""DataC"":5}"	"{""Aura Duration"":120,""Damage per Second"":18,""Duration of Plague Ward"":5}"	3	1	H
h03S	Crystal Palace	n014	Ice Queen	1	A0CV	map-resolved	ANcl	1	1	Channel ( Assasin Target )	Channel	Channels powerful warding magic.	0	0	static-resolved	0	0	static-resolved	500	-	_		"{""DataA"":180,""DataB"":0,""DataC"":0,""DataD"":0.98,""DataE"":1,""DataF"":""channel""}"	"{""Art Duration"":0.98,""Base Order ID"":""channel"",""Disable Other Abilities"":1,""Follow Through Time"":180,""Options"":0,""Target Type"":0}"	3	1	H
h03S	Crystal Palace	n014	Ice Queen	2	A04A	map-resolved	Asph	1	1	Sphere			0	0	static-resolved	1	1	static-resolved	-	-	_		{}	{}	3	1	H
h03S	Crystal Palace	n014	Ice Queen	3	A044	map-resolved	ACpa	1	1	Parasite	Parasite	Afflicts a target enemy unit with a deadly parasite that deals <ANpa,DataA1> damage per second for <ANpa,Dur1> seconds. If the afflicted unit dies while under the effect of Parasite, a minor minion will spawn from its corpse.	9999	80	protected-runtime	99	10.0	protected-runtime	750	-	air,enemies,ground,neutral	B019	"{""DataA"":0,""DataB"":0,""DataC"":0,""DataD"":0,""DataE"":1}"	"{""Attack Speed Factor"":0,""Damage per Second"":0,""Movement Speed Factor"":0,""Stacking Type"":0,""Summoned Unit Count"":1}"	6	3	H,RK,xD
h03S	Crystal Palace	n014	Ice Queen	4	A046	map-resolved	AIlx	1	1	Melee Lightning Damage Bonus			0	0	static-resolved	0	0	static-resolved	-	-	air,enemies,ground,structure,ward		"{""DataA"":0,""DataB"":20,""DataC"":20,""DataD"":20,""DataE"":0}"	"{""Chance To Hit Heros (%)"":20,""Chance To Hit Summons (%)"":20,""Chance To Hit Units (%)"":20,""Damage Bonus"":0,""Enabled Attack Index"":0}"	3	1	H
h03S	Crystal Palace	n014	Ice Queen	5	A042	map-resolved	ACba	1	1	Brilliance Aura	Brilliance Aura	Gives additional mana regeneration to nearby friendly units of <ACba,DataA1,.> mana per second.	0	0	static-resolved	0	0	static-resolved	-	800	air,ground,friend,self,vuln,invu	B00N	"{""DataA"":0.5,""DataB"":0}"	"{""Mana Regeneration Increase"":0.5,""Percent Bonus"":0}"	3	1	H
h03T	Ice Claws	n012	Wandigoo	1	A059	map-resolved	ACpv	1	1	Pulverize	Pulverize	Gives a <ACpv,DataA1>% chance that an attack will deal <ACpv,DataB1> damage to nearby units.	0	0	static-resolved	0	0	static-resolved	-	-	ground,enemy,neutral		"{""DataA"":25,""DataB"":80,""DataC"":150,""DataD"":250}"	"{""Chance to Stomp (%)"":25,""Damage Dealt"":80,""Full Damage Radius"":150,""Half Damage Radius"":250}"	3	1	H
h03U	Igloo	n011	Hrimthrusa	1	A03X	map-resolved	AIlx	1	1	Melee Lightning Damage Bonus			0	0	static-resolved	0	0	static-resolved	-	-	air,enemies,ground,ward		"{""DataA"":0,""DataB"":5,""DataC"":5,""DataD"":5,""DataE"":0}"	"{""Chance To Hit Heros (%)"":5,""Chance To Hit Summons (%)"":5,""Chance To Hit Units (%)"":5,""Damage Bonus"":0,""Enabled Attack Index"":0}"	3	1	H
h03W	Glacier	n016	Magnataur	1	A05E	map-resolved	ACpa	1	1	Parasite	Parasite	Afflicts a target enemy unit with a deadly parasite that deals <ANpa,DataA1> damage per second for <ANpa,Dur1> seconds. If the afflicted unit dies while under the effect of Parasite, a minor minion will spawn from its corpse.	9999	25	protected-runtime	99	12.0	protected-runtime	100	-	enemies,ground,neutral,nonhero	B019	"{""DataA"":0,""DataB"":0,""DataC"":0,""DataD"":0,""DataE"":1}"	"{""Attack Speed Factor"":0,""Damage per Second"":0,""Movement Speed Factor"":0,""Stacking Type"":0,""Summoned Unit Count"":1}"	6	3	H,RK,xD
h03W	Glacier	n016	Magnataur	2	A04E	map-resolved	ACct	1	1	Critical Strike	Critical Strike	Gives a <ACct,DataA1>% chance to do <ACct,DataB1> times normal damage on an attack.	0	0	static-resolved	0	0	static-resolved	-	0	air,enemies,ground,neutral,structure		"{""DataA"":15,""DataB"":3,""DataC"":0,""DataD"":0,""DataE"":0,""DataF"":""-""}"	"{""Chance to Critical Strike"":15,""Chance to Evade"":0,""Damage Bonus"":0,""Damage Multiplier"":3,""Exclude Item Damage"":""-"",""Never Miss"":0}"	3	1	H
h03W	Glacier	n016	Magnataur	3	A04D	map-resolved	ACce	1	1	Cleaving Attack	Cleaving Attack	The creature strikes with such force that <ACce,DataA1,%>% of their damage strikes through to enemies near the primary attacked unit.	0	0	static-resolved	0	0	static-resolved	-	250	enemies,ground,neutral,structure		"{""DataA"":0.4}"	"{""Distributed Damage Factor"":0.4}"	3	1	H
h03X	Water Spring	h02W	Lesser Elemental Of Water	1	A0FH	map-resolved	AIsr	1	1	water lesser(spell resist)			0	0	static-resolved	0	0	static-resolved	-	-	_		"{""DataA"":0,""DataB"":0.3}"	"{""Damage Bonus"":0,""Damage Reduction"":0.3}"	4	2	H,hasNoPowerArmorExclusion
h03X	Water Spring	h02W	Lesser Elemental Of Water	2	A0F5	map-resolved	ANcl	1	1	Elemental Unit	Channel	Channels powerful warding magic.	0	0	static-resolved	0	0	static-resolved	500	-	_		"{""DataA"":180,""DataB"":0,""DataC"":0,""DataD"":0.98,""DataE"":1,""DataF"":""channel""}"	"{""Art Duration"":0.98,""Base Order ID"":""channel"",""Disable Other Abilities"":1,""Follow Through Time"":180,""Options"":0,""Target Type"":0}"	4	2	H,fJ
h03X	Water Spring	h02W	Lesser Elemental Of Water	3	A0CV	map-resolved	ANcl	1	1	Channel ( Assasin Target )	Channel	Channels powerful warding magic.	0	0	static-resolved	0	0	static-resolved	500	-	_		"{""DataA"":180,""DataB"":0,""DataC"":0,""DataD"":0.98,""DataE"":1,""DataF"":""channel""}"	"{""Art Duration"":0.98,""Base Order ID"":""channel"",""Disable Other Abilities"":1,""Follow Through Time"":180,""Options"":0,""Target Type"":0}"	3	1	H
h03X	Water Spring	h02W	Lesser Elemental Of Water	4	A0CS	map-resolved	ACes	1	1	ELE: Lesser Elemental Of Water (evasion)	Evasion	Gives a <ACes,DataA1,%>% percent chance to avoid an attack.	-	-	static-resolved	0	0	static-resolved	-	-	air,enemies,ground,structure		"{""DataA"":0.5}"	"{""Chance to Evade"":0.5}"	3	1	H
h03Y	Golden Fountain	h02X	Elemental Of Water	1	A0FI	map-resolved	AIsr	1	1	water (spell resist)			0	0	static-resolved	0	0	static-resolved	-	-	_		"{""DataA"":0,""DataB"":0.4}"	"{""Damage Bonus"":0,""Damage Reduction"":0.4}"	4	2	H,hasNoPowerArmorExclusion
h03Y	Golden Fountain	h02X	Elemental Of Water	2	A0F5	map-resolved	ANcl	1	1	Elemental Unit	Channel	Channels powerful warding magic.	0	0	static-resolved	0	0	static-resolved	500	-	_		"{""DataA"":180,""DataB"":0,""DataC"":0,""DataD"":0.98,""DataE"":1,""DataF"":""channel""}"	"{""Art Duration"":0.98,""Base Order ID"":""channel"",""Disable Other Abilities"":1,""Follow Through Time"":180,""Options"":0,""Target Type"":0}"	4	2	H,fJ
h03Y	Golden Fountain	h02X	Elemental Of Water	3	A0CV	map-resolved	ANcl	1	1	Channel ( Assasin Target )	Channel	Channels powerful warding magic.	0	0	static-resolved	0	0	static-resolved	500	-	_		"{""DataA"":180,""DataB"":0,""DataC"":0,""DataD"":0.98,""DataE"":1,""DataF"":""channel""}"	"{""Art Duration"":0.98,""Base Order ID"":""channel"",""Disable Other Abilities"":1,""Follow Through Time"":180,""Options"":0,""Target Type"":0}"	3	1	H
h03Y	Golden Fountain	h02X	Elemental Of Water	4	A0CT	map-resolved	ACes	1	1	ELE: Elemental Of Water (evasion)	Evasion	Gives a <ACes,DataA1,%>% percent chance to avoid an attack.	-	-	static-resolved	0	0	static-resolved	-	-	air,enemies,ground,structure		"{""DataA"":0.6}"	"{""Chance to Evade"":0.6}"	3	1	H
h03Z	Spellbound Fountain	h02Y	Greater Elemental Of Water	1	A0FJ	map-resolved	AIsr	1	1	water greater (spell resist)			0	0	static-resolved	0	0	static-resolved	-	-	_		"{""DataA"":0,""DataB"":0.5}"	"{""Damage Bonus"":0,""Damage Reduction"":0.5}"	4	2	H,hasNoPowerArmorExclusion
h03Z	Spellbound Fountain	h02Y	Greater Elemental Of Water	2	A0F5	map-resolved	ANcl	1	1	Elemental Unit	Channel	Channels powerful warding magic.	0	0	static-resolved	0	0	static-resolved	500	-	_		"{""DataA"":180,""DataB"":0,""DataC"":0,""DataD"":0.98,""DataE"":1,""DataF"":""channel""}"	"{""Art Duration"":0.98,""Base Order ID"":""channel"",""Disable Other Abilities"":1,""Follow Through Time"":180,""Options"":0,""Target Type"":0}"	4	2	H,fJ
h03Z	Spellbound Fountain	h02Y	Greater Elemental Of Water	3	A0CV	map-resolved	ANcl	1	1	Channel ( Assasin Target )	Channel	Channels powerful warding magic.	0	0	static-resolved	0	0	static-resolved	500	-	_		"{""DataA"":180,""DataB"":0,""DataC"":0,""DataD"":0.98,""DataE"":1,""DataF"":""channel""}"	"{""Art Duration"":0.98,""Base Order ID"":""channel"",""Disable Other Abilities"":1,""Follow Through Time"":180,""Options"":0,""Target Type"":0}"	3	1	H
h03Z	Spellbound Fountain	h02Y	Greater Elemental Of Water	4	A0CU	map-resolved	AOmi	1	1	ELE: Greater Elemental Of Water (illusions)	Mirror Image - [|cffffcc00Level 1|r]	Confuses the enemy by creating <AOmi,DataA1> illusion of the Blademaster. Dispels all magic from the Blademaster. |nLasts <AOmi,Dur1> seconds.	9999	0	protected-runtime	3	3	static-resolved	128	1000	air,enemies,ground,structure	BOmi	"{""DataA"":1,""DataB"":0.6,""DataC"":2,""DataD"":0.5}"	"{""Animation Delay"":0.5,""Damage Dealt (%)"":0.6,""Damage Taken (%)"":2,""Number of Images"":1}"	4	2	H,xD
h03Z	Spellbound Fountain	h02Y	Greater Elemental Of Water	5	A03Q	map-resolved	ANcl	1	1	Channel	Channel	Channels powerful warding magic.	0	0	static-resolved	0	0	static-resolved	500	-	_		"{""DataA"":180,""DataB"":0,""DataC"":0,""DataD"":0.98,""DataE"":1,""DataF"":""channel""}"	"{""Art Duration"":0.98,""Base Order ID"":""channel"",""Disable Other Abilities"":1,""Follow Through Time"":180,""Options"":0,""Target Type"":0}"	7	5	DamageListener_addListener_doAfter_ObeliskOfLight_onEvent_addListener_doAfter_ObeliskOfLight,H,handleSourceDamageEffects,holyShrineSpell,iD
h03Z	Spellbound Fountain	h02Y	Greater Elemental Of Water	6	A0FA	map-resolved	ACes	1	1	ELE: Elemental Of Water Greater (evasion)	Evasion	Gives a <ACes,DataA1,%>% percent chance to avoid an attack.	-	-	static-resolved	0	0	static-resolved	-	-	air,enemies,ground,structure		"{""DataA"":0.7}"	"{""Chance to Evade"":0.7}"	3	1	H
h040	Rock Pile	h034	Elemental Of Earth	1	A0F5	map-resolved	ANcl	1	1	Elemental Unit	Channel	Channels powerful warding magic.	0	0	static-resolved	0	0	static-resolved	500	-	_		"{""DataA"":180,""DataB"":0,""DataC"":0,""DataD"":0.98,""DataE"":1,""DataF"":""channel""}"	"{""Art Duration"":0.98,""Base Order ID"":""channel"",""Disable Other Abilities"":1,""Follow Through Time"":180,""Options"":0,""Target Type"":0}"	4	2	H,fJ
h040	Rock Pile	h034	Elemental Of Earth	2	A03Q	map-resolved	ANcl	1	1	Channel	Channel	Channels powerful warding magic.	0	0	static-resolved	0	0	static-resolved	500	-	_		"{""DataA"":180,""DataB"":0,""DataC"":0,""DataD"":0.98,""DataE"":1,""DataF"":""channel""}"	"{""Art Duration"":0.98,""Base Order ID"":""channel"",""Disable Other Abilities"":1,""Follow Through Time"":180,""Options"":0,""Target Type"":0}"	7	5	DamageListener_addListener_doAfter_ObeliskOfLight_onEvent_addListener_doAfter_ObeliskOfLight,H,handleSourceDamageEffects,holyShrineSpell,iD
h040	Rock Pile	h034	Elemental Of Earth	3	A0DW	map-resolved	ANcl	1	1	Channel	Channel	Channels powerful warding magic.	0	0	static-resolved	0	0	static-resolved	500	-	_		"{""DataA"":180,""DataB"":0,""DataC"":0,""DataD"":0.98,""DataE"":1,""DataF"":""channel""}"	"{""Art Duration"":0.98,""Base Order ID"":""channel"",""Disable Other Abilities"":1,""Follow Through Time"":180,""Options"":0,""Target Type"":0}"	4	2	H,handleSourceDamageEffects
h040	Rock Pile	h034	Elemental Of Earth	4	A0CO	map-resolved	Awar	1	1	ELE: Elemental Of Earth	Pulverize	Gives a <Awar,DataA1>% chance that an attack will deal <Awar,DataB1> damage to nearby units.	0	0	static-resolved	0	0	static-resolved	-	-	enemies,ground,ward		"{""DataA"":20,""DataB"":100,""DataC"":200,""DataD"":300}"	"{""Chance to Stomp (%)"":20,""Damage Dealt"":100,""Full Damage Radius"":200,""Half Damage Radius"":300}"	3	1	H
h041	Greater Fissure	h03N	Greater Elemental Of Earth	1	A0F5	map-resolved	ANcl	1	1	Elemental Unit	Channel	Channels powerful warding magic.	0	0	static-resolved	0	0	static-resolved	500	-	_		"{""DataA"":180,""DataB"":0,""DataC"":0,""DataD"":0.98,""DataE"":1,""DataF"":""channel""}"	"{""Art Duration"":0.98,""Base Order ID"":""channel"",""Disable Other Abilities"":1,""Follow Through Time"":180,""Options"":0,""Target Type"":0}"	4	2	H,fJ
h041	Greater Fissure	h03N	Greater Elemental Of Earth	2	A03Q	map-resolved	ANcl	1	1	Channel	Channel	Channels powerful warding magic.	0	0	static-resolved	0	0	static-resolved	500	-	_		"{""DataA"":180,""DataB"":0,""DataC"":0,""DataD"":0.98,""DataE"":1,""DataF"":""channel""}"	"{""Art Duration"":0.98,""Base Order ID"":""channel"",""Disable Other Abilities"":1,""Follow Through Time"":180,""Options"":0,""Target Type"":0}"	7	5	DamageListener_addListener_doAfter_ObeliskOfLight_onEvent_addListener_doAfter_ObeliskOfLight,H,handleSourceDamageEffects,holyShrineSpell,iD
h041	Greater Fissure	h03N	Greater Elemental Of Earth	3	A0DW	map-resolved	ANcl	1	1	Channel	Channel	Channels powerful warding magic.	0	0	static-resolved	0	0	static-resolved	500	-	_		"{""DataA"":180,""DataB"":0,""DataC"":0,""DataD"":0.98,""DataE"":1,""DataF"":""channel""}"	"{""Art Duration"":0.98,""Base Order ID"":""channel"",""Disable Other Abilities"":1,""Follow Through Time"":180,""Options"":0,""Target Type"":0}"	4	2	H,handleSourceDamageEffects
h041	Greater Fissure	h03N	Greater Elemental Of Earth	4	A0CP	map-resolved	Awar	1	1	ELE: Greater Elemental Of Earth	Pulverize	Gives a <Awar,DataA1>% chance that an attack will deal <Awar,DataB1> damage to nearby units.	0	0	static-resolved	0	0	static-resolved	-	-	enemies,ground,ward		"{""DataA"":25,""DataB"":200,""DataC"":200,""DataD"":300}"	"{""Chance to Stomp (%)"":25,""Damage Dealt"":200,""Full Damage Radius"":200,""Half Damage Radius"":300}"	3	1	H
h042	Pillar of Globe-Lightning	h03P	Elemental Of Lightning	1	A0CV	map-resolved	ANcl	1	1	Channel ( Assasin Target )	Channel	Channels powerful warding magic.	0	0	static-resolved	0	0	static-resolved	500	-	_		"{""DataA"":180,""DataB"":0,""DataC"":0,""DataD"":0.98,""DataE"":1,""DataF"":""channel""}"	"{""Art Duration"":0.98,""Base Order ID"":""channel"",""Disable Other Abilities"":1,""Follow Through Time"":180,""Options"":0,""Target Type"":0}"	3	1	H
h042	Pillar of Globe-Lightning	h03P	Elemental Of Lightning	2	A0F5	map-resolved	ANcl	1	1	Elemental Unit	Channel	Channels powerful warding magic.	0	0	static-resolved	0	0	static-resolved	500	-	_		"{""DataA"":180,""DataB"":0,""DataC"":0,""DataD"":0.98,""DataE"":1,""DataF"":""channel""}"	"{""Art Duration"":0.98,""Base Order ID"":""channel"",""Disable Other Abilities"":1,""Follow Through Time"":180,""Options"":0,""Target Type"":0}"	4	2	H,fJ
h042	Pillar of Globe-Lightning	h03P	Elemental Of Lightning	3	A0C5	map-resolved	ANcl	1	1	Channel	Channel	Channels powerful warding magic.	0	0	static-resolved	0	0	static-resolved	500	-	_		"{""DataA"":180,""DataB"":0,""DataC"":0,""DataD"":0.98,""DataE"":1,""DataF"":""channel""}"	"{""Art Duration"":0.98,""Base Order ID"":""channel"",""Disable Other Abilities"":1,""Follow Through Time"":180,""Options"":0,""Target Type"":0}"	6	4	H,handleTargetDamageEffects,setupUnit,vampireCharge
h042	Pillar of Globe-Lightning	h03P	Elemental Of Lightning	4	A0DX	map-resolved	ANcl	1	1	Channel	Channel	Channels powerful warding magic.	0	0	static-resolved	0	0	static-resolved	500	-	_		"{""DataA"":180,""DataB"":0,""DataC"":0,""DataD"":0.98,""DataE"":1,""DataF"":""channel""}"	"{""Art Duration"":0.98,""Base Order ID"":""channel"",""Disable Other Abilities"":1,""Follow Through Time"":180,""Options"":0,""Target Type"":0}"	4	2	H,handleTargetDamageEffects
h042	Pillar of Globe-Lightning	h03P	Elemental Of Lightning	5	A0CH	map-resolved	AIlx	1	1	ELE: Elemental Of Lightning (orb)			0	0	static-resolved	0	0	static-resolved	-	-	air,enemies,ground,ward		"{""DataA"":0,""DataB"":100,""DataC"":100,""DataD"":100,""DataE"":1}"	"{""Chance To Hit Heros (%)"":100,""Chance To Hit Summons (%)"":100,""Chance To Hit Units (%)"":100,""Damage Bonus"":0,""Enabled Attack Index"":1}"	3	1	H
h042	Pillar of Globe-Lightning	h03P	Elemental Of Lightning	6	A0F7	map-resolved	AIlx	1	1	ELE: Elemental Of Lightning (orb)buildings			0	0	static-resolved	0	0	static-resolved	-	-	enemies,structure		"{""DataA"":0,""DataB"":100,""DataC"":100,""DataD"":100,""DataE"":1}"	"{""Chance To Hit Heros (%)"":100,""Chance To Hit Summons (%)"":100,""Chance To Hit Units (%)"":100,""Damage Bonus"":0,""Enabled Attack Index"":1}"	3	1	H
h043	Frost Claws	n013	Ancient Wandigoo	1	A05A	map-resolved	ACpv	1	1	Pulverize	Pulverize	Gives a <ACpv,DataA1>% chance that an attack will deal <ACpv,DataB1> damage to nearby units.	0	0	static-resolved	0	0	static-resolved	-	-	ground,enemy,neutral		"{""DataA"":30,""DataB"":140,""DataC"":150,""DataD"":250}"	"{""Chance to Stomp (%)"":30,""Damage Dealt"":140,""Full Damage Radius"":150,""Half Damage Radius"":250}"	3	1	H
h043	Frost Claws	n013	Ancient Wandigoo	2	A05C	map-resolved	ACpa	1	1	Parasite	Parasite	Afflicts a target enemy unit with a deadly parasite that deals <ANpa,DataA1> damage per second for <ANpa,Dur1> seconds. If the afflicted unit dies while under the effect of Parasite, a minor minion will spawn from its corpse.	9999	30	protected-runtime	99	17.0	protected-runtime	150	-	air,enemies,ground,neutral,nonhero	B019	"{""DataA"":0,""DataB"":0,""DataC"":0,""DataD"":0,""DataE"":1}"	"{""Attack Speed Factor"":0,""Damage per Second"":0,""Movement Speed Factor"":0,""Stacking Type"":0,""Summoned Unit Count"":1}"	6	3	H,RK,xD
h044	Pillar of St. Elmo's Fire	h03R	Greater Elemental Of Lightning	1	A0CV	map-resolved	ANcl	1	1	Channel ( Assasin Target )	Channel	Channels powerful warding magic.	0	0	static-resolved	0	0	static-resolved	500	-	_		"{""DataA"":180,""DataB"":0,""DataC"":0,""DataD"":0.98,""DataE"":1,""DataF"":""channel""}"	"{""Art Duration"":0.98,""Base Order ID"":""channel"",""Disable Other Abilities"":1,""Follow Through Time"":180,""Options"":0,""Target Type"":0}"	3	1	H
h044	Pillar of St. Elmo's Fire	h03R	Greater Elemental Of Lightning	2	A0F5	map-resolved	ANcl	1	1	Elemental Unit	Channel	Channels powerful warding magic.	0	0	static-resolved	0	0	static-resolved	500	-	_		"{""DataA"":180,""DataB"":0,""DataC"":0,""DataD"":0.98,""DataE"":1,""DataF"":""channel""}"	"{""Art Duration"":0.98,""Base Order ID"":""channel"",""Disable Other Abilities"":1,""Follow Through Time"":180,""Options"":0,""Target Type"":0}"	4	2	H,fJ
h044	Pillar of St. Elmo's Fire	h03R	Greater Elemental Of Lightning	3	A0C5	map-resolved	ANcl	1	1	Channel	Channel	Channels powerful warding magic.	0	0	static-resolved	0	0	static-resolved	500	-	_		"{""DataA"":180,""DataB"":0,""DataC"":0,""DataD"":0.98,""DataE"":1,""DataF"":""channel""}"	"{""Art Duration"":0.98,""Base Order ID"":""channel"",""Disable Other Abilities"":1,""Follow Through Time"":180,""Options"":0,""Target Type"":0}"	6	4	H,handleTargetDamageEffects,setupUnit,vampireCharge
h044	Pillar of St. Elmo's Fire	h03R	Greater Elemental Of Lightning	4	A0DX	map-resolved	ANcl	1	1	Channel	Channel	Channels powerful warding magic.	0	0	static-resolved	0	0	static-resolved	500	-	_		"{""DataA"":180,""DataB"":0,""DataC"":0,""DataD"":0.98,""DataE"":1,""DataF"":""channel""}"	"{""Art Duration"":0.98,""Base Order ID"":""channel"",""Disable Other Abilities"":1,""Follow Through Time"":180,""Options"":0,""Target Type"":0}"	4	2	H,handleTargetDamageEffects
h044	Pillar of St. Elmo's Fire	h03R	Greater Elemental Of Lightning	5	A0CI	map-resolved	AIlx	1	1	ELE: Greater Elemental Of Lightning (orb)			0	0	static-resolved	0	0	static-resolved	-	-	air,enemies,ground,ward		"{""DataA"":0,""DataB"":100,""DataC"":100,""DataD"":100,""DataE"":1}"	"{""Chance To Hit Heros (%)"":100,""Chance To Hit Summons (%)"":100,""Chance To Hit Units (%)"":100,""Damage Bonus"":0,""Enabled Attack Index"":1}"	3	1	H
h044	Pillar of St. Elmo's Fire	h03R	Greater Elemental Of Lightning	6	A0F0	map-resolved	AIlx	1	1	ELE: Greater Elemental Of Lightning (orb)buildings			0	0	static-resolved	0	0	static-resolved	-	-	enemies,structure		"{""DataA"":0,""DataB"":100,""DataC"":100,""DataD"":100,""DataE"":1}"	"{""Chance To Hit Heros (%)"":100,""Chance To Hit Summons (%)"":100,""Chance To Hit Units (%)"":100,""Damage Bonus"":0,""Enabled Attack Index"":1}"	3	1	H
h045	Altar of Fire	h02Z	Elemental Of Fire	1	A0F5	map-resolved	ANcl	1	1	Elemental Unit	Channel	Channels powerful warding magic.	0	0	static-resolved	0	0	static-resolved	500	-	_		"{""DataA"":180,""DataB"":0,""DataC"":0,""DataD"":0.98,""DataE"":1,""DataF"":""channel""}"	"{""Art Duration"":0.98,""Base Order ID"":""channel"",""Disable Other Abilities"":1,""Follow Through Time"":180,""Options"":0,""Target Type"":0}"	4	2	H,fJ
h045	Altar of Fire	h02Z	Elemental Of Fire	2	A0E0	map-resolved	ANcl	1	1	Channel	Channel	Channels powerful warding magic.	0	0	static-resolved	0	0	static-resolved	500	-	_		"{""DataA"":180,""DataB"":0,""DataC"":0,""DataD"":0.98,""DataE"":1,""DataF"":""channel""}"	"{""Art Duration"":0.98,""Base Order ID"":""channel"",""Disable Other Abilities"":1,""Follow Through Time"":180,""Options"":0,""Target Type"":0}"	3	1	H
h046	Altar of Blaze	u00F	Greater Elemental Of Fire	1	Aeth	inherited-base	Aeth	1	1	Ghost					static-resolved			static-resolved					{}	{}	0	0	
h046	Altar of Blaze	u00F	Greater Elemental Of Fire	2	A0DZ	map-resolved	ANcl	1	1	Channel	Channel	Channels powerful warding magic.	0	0	static-resolved	0	0	static-resolved	500	-	_		"{""DataA"":180,""DataB"":0,""DataC"":0,""DataD"":0.98,""DataE"":1,""DataF"":""channel""}"	"{""Art Duration"":0.98,""Base Order ID"":""channel"",""Disable Other Abilities"":1,""Follow Through Time"":180,""Options"":0,""Target Type"":0}"	6	4	H,KE,onUnitTrained,setupUnit
h046	Altar of Blaze	u00F	Greater Elemental Of Fire	3	A0DY	map-resolved	ANlm	1	1	ELE: Greater Elemental Of Fire (split)	Summon Lava Spawn - [|cffffcc00Level 1|r]	Summons a Lava Spawn, a resilient and deadly fire creature. As a Lava Spawn deals damage, it consumes the flesh of its target, thereby fueling its fires and eventually splitting into two healthy Lava Spawns.|n|nHas <nlv1,realHP> hit points and deals <nlv1,mindmg1> - <nlv1,maxdmg1> damage.|nLasts <ANlm,Dur1> seconds.|n|n|cffffcc00Attacks ground and air units.|r	9999	0	protected-runtime	99	0.1	protected-runtime	-	0	enemy,neutral,air,ground,ward	BNlm	"{""DataA"":1,""DataB"":2,""DataC"":15,""DataD"":0.5,""DataE"":0,""DataF"":3}"	"{""Generation Count"":3,""Life Duration Split Bonus"":0,""Max Hitpoint Factor"":0.5,""Split Attack Count"":15,""Split Delay"":2,""Summoned Unit Count"":1}"	5	2	H,xD
h049	Snowy Rocks	n017	Frost Wolf	1	A062	map-resolved	ACct	1	1	Critical Strike	Critical Strike	Gives a <ACct,DataA1>% chance to do <ACct,DataB1> times normal damage on an attack.	0	0	static-resolved	0	0	static-resolved	-	0	air,ground,enemy,neutral		"{""DataA"":10,""DataB"":1.5,""DataC"":0,""DataD"":0,""DataE"":0,""DataF"":""-""}"	"{""Chance to Critical Strike"":10,""Chance to Evade"":0,""Damage Bonus"":0,""Damage Multiplier"":1.5,""Exclude Item Damage"":""-"",""Never Miss"":0}"	3	1	H
h04A	Trapped Gale	o00C	Lesser Elemental Of Wind	1	A0F5	map-resolved	ANcl	1	1	Elemental Unit	Channel	Channels powerful warding magic.	0	0	static-resolved	0	0	static-resolved	500	-	_		"{""DataA"":180,""DataB"":0,""DataC"":0,""DataD"":0.98,""DataE"":1,""DataF"":""channel""}"	"{""Art Duration"":0.98,""Base Order ID"":""channel"",""Disable Other Abilities"":1,""Follow Through Time"":180,""Options"":0,""Target Type"":0}"	4	2	H,fJ
h04B	Temple of Necromancy	u009	Mighty Necromancer	1	A0CV	map-resolved	ANcl	1	1	Channel ( Assasin Target )	Channel	Channels powerful warding magic.	0	0	static-resolved	0	0	static-resolved	500	-	_		"{""DataA"":180,""DataB"":0,""DataC"":0,""DataD"":0.98,""DataE"":1,""DataF"":""channel""}"	"{""Art Duration"":0.98,""Base Order ID"":""channel"",""Disable Other Abilities"":1,""Follow Through Time"":180,""Options"":0,""Target Type"":0}"	3	1	H
h04B	Temple of Necromancy	u009	Mighty Necromancer	2	A05O	map-resolved	Asph	1	1	Sphere			0	0	static-resolved	1	1	static-resolved	-	-	_		{}	{}	3	1	H
h04B	Temple of Necromancy	u009	Mighty Necromancer	3	A05N	map-resolved	AIlx	1	1	UND: Mighty Necromancer (carrion swarm)			0	0	static-resolved	0	0	static-resolved	-	-	air,enemies,ground,structure,ward		"{""DataA"":0,""DataB"":25,""DataC"":25,""DataD"":25,""DataE"":0}"	"{""Chance To Hit Heros (%)"":25,""Chance To Hit Summons (%)"":25,""Chance To Hit Units (%)"":25,""Damage Bonus"":0,""Enabled Attack Index"":0}"	3	1	H
h04B	Temple of Necromancy	u009	Mighty Necromancer	4	A05L	map-resolved	Arai	1	1	Raise Dead	Raise Dead	Raises <Arai,DataA1> skeletons from a corpse.	75	75	static-resolved	99	30.0	protected-runtime	600	900	dead	Brai	"{""DataA"":1,""DataB"":0,""DataC"":""u008"",""DataD"":""-""}"	"{""Unit Type One"":""u008"",""Unit Type Two"":""-"",""Units Summoned (Type One)"":1,""Units Summoned (Type Two)"":0}"	4	2	H,xD
h04C	Monument of Wind Stream	o00D	Elemental Of Wind	1	A0F5	map-resolved	ANcl	1	1	Elemental Unit	Channel	Channels powerful warding magic.	0	0	static-resolved	0	0	static-resolved	500	-	_		"{""DataA"":180,""DataB"":0,""DataC"":0,""DataD"":0.98,""DataE"":1,""DataF"":""channel""}"	"{""Art Duration"":0.98,""Base Order ID"":""channel"",""Disable Other Abilities"":1,""Follow Through Time"":180,""Options"":0,""Target Type"":0}"	4	2	H,fJ
h04C	Monument of Wind Stream	o00D	Elemental Of Wind	2	A0E5	map-resolved	Asph	1	1	ELE: Elemental of Wind (effect)			0	0	static-resolved	99	0.1	protected-runtime	-	-	_		{}	{}	5	3	H,onUnitEnteredMap,xD
h04C	Monument of Wind Stream	o00D	Elemental Of Wind	3	A0CQ	map-resolved	AOae	1	1	ELE: Elemental Of Wind (slow aura)	Endurance Aura - [|cffffcc00Level 1|r]	Increases nearby friendly units' movement speed by <AOae,DataA1,%>% and attack rate by <AOae,DataB1,%>%.	-	-	static-resolved	0	0	static-resolved	-	700	air,enemies,ward	B026	"{""DataA"":-0.2,""DataB"":-0.2}"	"{""Attack Speed Increase (%)"":-0.2,""Movement Speed Increase (%)"":-0.2}"	3	1	H
h04D	Zephyros Memorial	o00E	Greater Elemental Of Wind	1	A0F5	map-resolved	ANcl	1	1	Elemental Unit	Channel	Channels powerful warding magic.	0	0	static-resolved	0	0	static-resolved	500	-	_		"{""DataA"":180,""DataB"":0,""DataC"":0,""DataD"":0.98,""DataE"":1,""DataF"":""channel""}"	"{""Art Duration"":0.98,""Base Order ID"":""channel"",""Disable Other Abilities"":1,""Follow Through Time"":180,""Options"":0,""Target Type"":0}"	4	2	H,fJ
h04D	Zephyros Memorial	o00E	Greater Elemental Of Wind	2	A0C5	map-resolved	ANcl	1	1	Channel	Channel	Channels powerful warding magic.	0	0	static-resolved	0	0	static-resolved	500	-	_		"{""DataA"":180,""DataB"":0,""DataC"":0,""DataD"":0.98,""DataE"":1,""DataF"":""channel""}"	"{""Art Duration"":0.98,""Base Order ID"":""channel"",""Disable Other Abilities"":1,""Follow Through Time"":180,""Options"":0,""Target Type"":0}"	6	4	H,handleTargetDamageEffects,setupUnit,vampireCharge
h04D	Zephyros Memorial	o00E	Greater Elemental Of Wind	3	A0E5	map-resolved	Asph	1	1	ELE: Elemental of Wind (effect)			0	0	static-resolved	99	0.1	protected-runtime	-	-	_		{}	{}	5	3	H,onUnitEnteredMap,xD
h04D	Zephyros Memorial	o00E	Greater Elemental Of Wind	4	A0E6	map-resolved	Asph	1	1	ELE: Greater Elemental of Wind (effect)			0	0	static-resolved	99	0.1	protected-runtime	-	-	_		{}	{}	4	2	H,xD
h04D	Zephyros Memorial	o00E	Greater Elemental Of Wind	5	A03Q	map-resolved	ANcl	1	1	Channel	Channel	Channels powerful warding magic.	0	0	static-resolved	0	0	static-resolved	500	-	_		"{""DataA"":180,""DataB"":0,""DataC"":0,""DataD"":0.98,""DataE"":1,""DataF"":""channel""}"	"{""Art Duration"":0.98,""Base Order ID"":""channel"",""Disable Other Abilities"":1,""Follow Through Time"":180,""Options"":0,""Target Type"":0}"	7	5	DamageListener_addListener_doAfter_ObeliskOfLight_onEvent_addListener_doAfter_ObeliskOfLight,H,handleSourceDamageEffects,holyShrineSpell,iD
h04D	Zephyros Memorial	o00E	Greater Elemental Of Wind	6	A0CR	map-resolved	AOae	1	1	ELE: Greater Elemental Of Wind (slow aura)	Endurance Aura - [|cffffcc00Level 1|r]	Increases nearby friendly units' movement speed by <AOae,DataA1,%>% and attack rate by <AOae,DataB1,%>%.	-	-	static-resolved	0	0	static-resolved	-	700	air,enemies,ward	B026	"{""DataA"":-0.35,""DataB"":-0.35}"	"{""Attack Speed Increase (%)"":-0.35,""Movement Speed Increase (%)"":-0.35}"	3	1	H
h04E	Tower of Elder Knowledge	h03V	Master Of Elements	1	A0CV	map-resolved	ANcl	1	1	Channel ( Assasin Target )	Channel	Channels powerful warding magic.	0	0	static-resolved	0	0	static-resolved	500	-	_		"{""DataA"":180,""DataB"":0,""DataC"":0,""DataD"":0.98,""DataE"":1,""DataF"":""channel""}"	"{""Art Duration"":0.98,""Base Order ID"":""channel"",""Disable Other Abilities"":1,""Follow Through Time"":180,""Options"":0,""Target Type"":0}"	3	1	H
h04E	Tower of Elder Knowledge	h03V	Master Of Elements	2	A0AH	map-resolved	AIsr	1	1	Spell Resist (legendary)			0	0	static-resolved	0	0	static-resolved	-	-	_		"{""DataA"":0,""DataB"":0.7}"	"{""Damage Bonus"":0,""Damage Reduction"":0.7}"	5	3	H,applyWildernessObeliskBuff,hasNoPowerArmorExclusion
h04E	Tower of Elder Knowledge	h03V	Master Of Elements	3	A0E1	map-resolved	ACpa	1	1	Parasite	Parasite	Afflicts a target enemy unit with a deadly parasite that deals <ANpa,DataA1> damage per second for <ANpa,Dur1> seconds. If the afflicted unit dies while under the effect of Parasite, a minor minion will spawn from its corpse.	9999	0	protected-runtime	99	8.0	protected-runtime	800	-	air,enemies,ground,neutral,nonhero,vulnerable	B019	"{""DataA"":0,""DataB"":0,""DataC"":0,""DataD"":0,""DataE"":1}"	"{""Attack Speed Factor"":0,""Damage per Second"":0,""Movement Speed Factor"":0,""Stacking Type"":0,""Summoned Unit Count"":1}"	6	3	CI,H,xD
h04E	Tower of Elder Knowledge	h03V	Master Of Elements	4	A070	map-resolved	Amgl	1	1	Leg-anti-hex	Moon Glaive	Gives the Huntress the ability to strike additional units with her bouncing glaive attacks, and changes their armor type to Heavy.	0	0	static-resolved	0	0	static-resolved	-	-	_		{}	{}	7	5	ForGroupCallback_forUnitsInRect_RaceChaosAbilities_callback_forUnitsInRect_RaceChaosAbilities,H,devourAttackProc,hasShield,onUnitTrained
h04E	Tower of Elder Knowledge	h03V	Master Of Elements	5	A07H	map-resolved	ANcl	1	1	TypeLegendary	Channel	Channels powerful warding magic.	0	0	static-resolved	0	0	static-resolved	500	-	_		"{""DataA"":180,""DataB"":0,""DataC"":0,""DataD"":0.98,""DataE"":1,""DataF"":""channel""}"	"{""Art Duration"":0.98,""Base Order ID"":""channel"",""Disable Other Abilities"":1,""Follow Through Time"":180,""Options"":0,""Target Type"":0}"	5	3	H,fJ,mJ
h04E	Tower of Elder Knowledge	h03V	Master Of Elements	6	A06V	map-resolved	Asph	1	1	Legendary Unit			0	0	static-resolved	1	1	static-resolved	-	-	_		{}	{}	5	3	ForGroupCallback_forUnitsInRect_RaceChaosAbilities_callback_forUnitsInRect_RaceChaosAbilities1,ForGroupCallback_forUnitsInRect_RaceCorruptedAbilities_callback_forUnitsInRect_RaceCorruptedAbilities,H
h04F	Icy Rocks	n018	Polar Bear	1	A063	map-resolved	ACce	1	1	Cleaving Attack	Cleaving Attack	The creature strikes with such force that <ACce,DataA1,%>% of their damage strikes through to enemies near the primary attacked unit.	0	0	static-resolved	0	0	static-resolved	-	200	ground,enemy,neutral		"{""DataA"":0.27}"	"{""Distributed Damage Factor"":0.27}"	3	1	H
h04F	Icy Rocks	n018	Polar Bear	2	A00D	map-resolved	ACct	1	1	Critical Strike	Critical Strike	Gives a <ACct,DataA1>% chance to do <ACct,DataB1> times normal damage on an attack.	0	0	static-resolved	0	0	static-resolved	-	0	air,ground,enemy,neutral		"{""DataA"":10,""DataB"":2,""DataC"":0,""DataD"":0,""DataE"":0,""DataF"":""-""}"	"{""Chance to Critical Strike"":10,""Chance to Evade"":0,""Damage Bonus"":0,""Damage Multiplier"":2,""Exclude Item Damage"":""-"",""Never Miss"":0}"	4	2	H,randomizeBloodFiend
h04L	Void Portal	n019	Void Walker	1	A0CV	map-resolved	ANcl	1	1	Channel ( Assasin Target )	Channel	Channels powerful warding magic.	0	0	static-resolved	0	0	static-resolved	500	-	_		"{""DataA"":180,""DataB"":0,""DataC"":0,""DataD"":0.98,""DataE"":1,""DataF"":""channel""}"	"{""Art Duration"":0.98,""Base Order ID"":""channel"",""Disable Other Abilities"":1,""Follow Through Time"":180,""Options"":0,""Target Type"":0}"	3	1	H
h04L	Void Portal	n019	Void Walker	2	ANic	map-resolved	ANic	1	1	COR: Void Walker (Incinerate)	Incinerate	Each attack onto the same target deals 7 damage more than the one before. If the target dies, it explodes dealing 40 spell damage to enemies in 90 AoE and half of the damage to units in 180 AoE	0	0	static-resolved	0	0	static-resolved	-	-	enemy,neutral,organic,nonancient	BNic	"{""DataA"":7,""DataB"":80,""DataC"":150,""DataD"":40,""DataE"":200,""DataF"":0.2}"	"{""Bonus Damage Multiplier"":7,""Death Damage Delay"":0.2,""Death Damage Full Amount"":80,""Death Damage Full Area"":150,""Death Damage Half Amount"":40,""Death Damage Half Area"":200}"	0	0	
h04L	Void Portal	n019	Void Walker	3	A05F	map-resolved	AHad	1	1	Devotion Aura	Devotion Aura - [|cffffcc00Level 1|r]	Gives <AHad,DataA1,.> additional armor to nearby friendly units.	0	0	static-resolved	0	0	static-resolved	-	400	air,enemies,ground,vulnerable	B00W	"{""DataA"":-2,""DataB"":0}"	"{""Armor Bonus"":-2,""Percent Bonus"":0}"	3	1	H
h04M	Shadow Ancient	n01B	Shadow Drake	1	A069	map-resolved	Afak	1	1	Orb of Annihilation	Orb of Annihilation	Adds <Afak,DataA1> bonus damage to the Destroyer's attack and causes his attacks to do area of effect damage.	9999	20	protected-runtime	0	0	static-resolved	900	250	air,enemies,ground		"{""DataA"":25,""DataB"":0.66,""DataC"":0.33,""DataD"":75,""DataE"":175}"	"{""Damage Bonus"":25,""Full Damage Radius"":75,""Half Damage Radius"":175,""Medium Damage Factor"":0.66,""Small Damage Factor"":0.33}"	4	2	H,xD
h04M	Shadow Ancient	n01B	Shadow Drake	2	A053	map-resolved	Asph	1	1	Sphere			0	0	static-resolved	1	1	static-resolved	-	-	_		{}	{}	3	1	H
h04N	Portal of the Abyss	n01A	Void Keeper	1	A0CV	map-resolved	ANcl	1	1	Channel ( Assasin Target )	Channel	Channels powerful warding magic.	0	0	static-resolved	0	0	static-resolved	500	-	_		"{""DataA"":180,""DataB"":0,""DataC"":0,""DataD"":0.98,""DataE"":1,""DataF"":""channel""}"	"{""Art Duration"":0.98,""Base Order ID"":""channel"",""Disable Other Abilities"":1,""Follow Through Time"":180,""Options"":0,""Target Type"":0}"	3	1	H
h04N	Portal of the Abyss	n01A	Void Keeper	2	A058	map-resolved	Asph	1	1	Sphere			0	0	static-resolved	1	1	static-resolved	-	-	_		{}	{}	3	1	H
h04N	Portal of the Abyss	n01A	Void Keeper	3	A05G	map-resolved	AHad	1	1	Devotion Aura	Devotion Aura - [|cffffcc00Level 1|r]	Gives <AHad,DataA1,.> additional armor to nearby friendly units.	0	0	static-resolved	0	0	static-resolved	-	650	air,enemies,ground,vulnerable	B00W	"{""DataA"":-4,""DataB"":0}"	"{""Armor Bonus"":-4,""Percent Bonus"":0}"	3	1	H
h04N	Portal of the Abyss	n01A	Void Keeper	4	A0B9	map-resolved	ANic	1	1	COR: Void Keeper (Incinerate)	Incinerate	Each attack onto the same target deals 7 damage more than the one before. If the target dies, it explodes dealing 80 spell damage to enemies in 90 AoE and half of the damage to units in 180 AoE	0	0	static-resolved	0	0	static-resolved	-	-	enemy,neutral,organic,nonancient	BNic	"{""DataA"":7,""DataB"":160,""DataC"":150,""DataD"":80,""DataE"":200,""DataF"":0.2}"	"{""Bonus Damage Multiplier"":7,""Death Damage Delay"":0.2,""Death Damage Full Amount"":160,""Death Damage Full Area"":150,""Death Damage Half Amount"":80,""Death Damage Half Area"":200}"	3	1	H
h04O	Nether Ancient	n01D	Nether Drake	1	A04Z	map-resolved	Afak	1	1	Orb of Annihilation	Orb of Annihilation	Adds <Afak,DataA1> bonus damage to the Destroyer's attack and causes his attacks to do area of effect damage.	9999	20	protected-runtime	0	0	static-resolved	900	250	air,enemies,ground		"{""DataA"":15,""DataB"":0.5,""DataC"":0.25,""DataD"":75,""DataE"":175}"	"{""Damage Bonus"":15,""Full Damage Radius"":75,""Half Damage Radius"":175,""Medium Damage Factor"":0.5,""Small Damage Factor"":0.25}"	4	2	H,xD
h04P	Hell's Portal	n01E	Infernal Tank	1	A04W	map-resolved	AIll	1	1	Item Attack Lightning Bonus (new)			0	0	static-resolved	0	0	static-resolved	-	-	enemies,ground,structure		"{""DataA"":0,""DataB"":100,""DataC"":100,""DataD"":100,""DataE"":2}"	"{""Chance To Hit Heros (%)"":100,""Chance To Hit Summons (%)"":100,""Chance To Hit Units (%)"":100,""Damage Bonus"":0,""Enabled Attack Index"":2}"	3	1	H
h04P	Hell's Portal	n01E	Infernal Tank	2	A04Y	map-resolved	Amnx	1	1	AOE damage upon death			0	0	static-resolved	0	0	static-resolved	-	-	ground,enemies,structure,debris,ward		"{""DataA"":150,""DataB"":150,""DataC"":275,""DataD"":75}"	"{""Full Damage Amount"":150,""Full Damage Radius"":150,""Partial Damage Amount"":75,""Partial Damage Radius"":275}"	3	1	H
h04Q	Hell's Gate	n01F		1	A04V	map-resolved	Amnx	1	1	AOE damage upon death			0	0	static-resolved	0	0	static-resolved	-	-	ground,enemies,structure,debris,ward		"{""DataA"":125,""DataB"":100,""DataC"":225,""DataD"":50}"	"{""Full Damage Amount"":100,""Full Damage Radius"":125,""Partial Damage Amount"":50,""Partial Damage Radius"":225}"	3	1	H
h04S	Felhound Shrine	n01G	Felhound	1	A04T	map-resolved	AOae	1	1	Endurance Aura	Endurance Aura - [|cffffcc00Level 1|r]	Increases nearby friendly units' movement speed by <AOae,DataA1,%>% and attack rate by <AOae,DataB1,%>%.	-	-	static-resolved	0	0	static-resolved	-	900	ground,friend,air,self,invulnerable,vulnerable,ward	B00P	"{""DataA"":0,""DataB"":0.18}"	"{""Attack Speed Increase (%)"":0.18,""Movement Speed Increase (%)"":0}"	3	1	H
h04U	Demonic Statue	h04I	Incubus	1	A04N	map-resolved	AIll	1	1	Item Attack Lightning Bonus (new)			0	0	static-resolved	0	0	static-resolved	-	-	ground,air,ward		"{""DataA"":0,""DataB"":10,""DataC"":0,""DataD"":10,""DataE"":2}"	"{""Chance To Hit Heros (%)"":0,""Chance To Hit Summons (%)"":10,""Chance To Hit Units (%)"":10,""Damage Bonus"":0,""Enabled Attack Index"":2}"	3	1	H
h04V	Ancient of Battle	n01I	Corrupted Ent	1	A04P	map-resolved	AIll	1	1	Item Attack Lightning Bonus (new)			0	0	static-resolved	0	0	static-resolved	-	-	ground,air,ward		"{""DataA"":0,""DataB"":100,""DataC"":100,""DataD"":100,""DataE"":2}"	"{""Chance To Hit Heros (%)"":100,""Chance To Hit Summons (%)"":100,""Chance To Hit Units (%)"":100,""Damage Bonus"":0,""Enabled Attack Index"":2}"	3	1	H
h04W	Corrupted Ancient of War	n01H	Corrupted Treant	1	A067	map-resolved	ACce	1	1	Cleaving Attack	Cleaving Attack	The creature strikes with such force that <ACce,DataA1,%>% of their damage strikes through to enemies near the primary attacked unit.	0	0	static-resolved	0	0	static-resolved	-	175	ground,enemy,neutral		"{""DataA"":0.25}"	"{""Distributed Damage Factor"":0.25}"	3	1	H
h04W	Corrupted Ancient of War	n01H	Corrupted Treant	2	A00D	map-resolved	ACct	1	1	Critical Strike	Critical Strike	Gives a <ACct,DataA1>% chance to do <ACct,DataB1> times normal damage on an attack.	0	0	static-resolved	0	0	static-resolved	-	0	air,ground,enemy,neutral		"{""DataA"":10,""DataB"":2,""DataC"":0,""DataD"":0,""DataE"":0,""DataF"":""-""}"	"{""Chance to Critical Strike"":10,""Chance to Evade"":0,""Damage Bonus"":0,""Damage Multiplier"":2,""Exclude Item Damage"":""-"",""Never Miss"":0}"	4	2	H,randomizeBloodFiend
h04W	Corrupted Ancient of War	n01H	Corrupted Treant	3	A054	map-resolved	AIll	1	1	Item Attack Lightning Bonus (new)			0	0	static-resolved	0	0	static-resolved	-	-	ground,air,ward		"{""DataA"":0,""DataB"":100,""DataC"":100,""DataD"":100,""DataE"":2}"	"{""Chance To Hit Heros (%)"":100,""Chance To Hit Summons (%)"":100,""Chance To Hit Units (%)"":100,""Damage Bonus"":0,""Enabled Attack Index"":2}"	3	1	H
h04Z	Tainted Farm	n01K	Suffocated Zombie	1	A05Q	map-resolved	ACvs	1	1	Envenomed Weapons	Envenomed Weapons	Deals <ACvs,DataA1> poison damage per second. |nLasts <ACvs,Dur1> seconds.	0	0	static-resolved	0	0	static-resolved	-	-	air,ground,organic	B003	"{""DataA"":8,""DataB"":0.15,""DataC"":0,""DataD"":1}"	"{""Attack Speed Factor"":0,""Damage per Second"":8,""Movement Speed Factor"":0.15,""Stacking Type"":1}"	3	1	H
h04Z	Tainted Farm	n01K	Suffocated Zombie	2	A05P	map-resolved	ANpi	1	1	Permanent Immolation	Permanent Immolation	Burns nearby enemy units for <ANpi,DataA1> points of damage per second.	0	0	static-resolved	0	0	static-resolved	-	290	air,enemies,ground,neutral,organic	B001	"{""DataA"":12,""DataB"":0,""DataC"":0}"	"{""Buffer Mana Required"":0,""Damage per Interval"":12,""Mana Drained per Second"":0}"	3	1	H
h054	Graveyard	h05H	Vampire Lord	1	A07K	map-resolved	ANcl	1	1	Channel(troll)	Channel	Channels powerful warding magic.	0	0	static-resolved	0	0	static-resolved	500	-	_		"{""DataA"":180,""DataB"":0,""DataC"":0,""DataD"":0.98,""DataE"":1,""DataF"":""channel""}"	"{""Art Duration"":0.98,""Base Order ID"":""channel"",""Disable Other Abilities"":1,""Follow Through Time"":180,""Options"":0,""Target Type"":0}"	3	1	H
h054	Graveyard	h05H	Vampire Lord	2	A06O	map-resolved	Asph	1	1	Sphere			0	0	static-resolved	1	1	static-resolved	-	-	_		{}	{}	3	1	H
h054	Graveyard	h05H	Vampire Lord	3	A01O	map-resolved	ACvp	1	1	Vampiric Aura	Vampiric Aura	Nearby friendly melee units gain <ACvp,DataA1,%>% of their attack damage when they hit enemy units.	-	-	static-resolved	0	0	static-resolved	-	900	air,friend,ground,invulnerable,organic,vulnerable	BUav	"{""DataA"":0.35}"	"{""Attack Damage Stolen (%)"":0.35}"	3	1	H
h054	Graveyard	h05H	Vampire Lord	4	A06N	map-resolved	ACvp	1	1	UND: Greater Vampir (vampiric aura)	Vampiric Aura	Nearby friendly melee units gain <ACvp,DataA1,%>% of their attack damage when they hit enemy units.	-	-	static-resolved	0	0	static-resolved	-	900	self	BUav	"{""DataA"":0.7}"	"{""Attack Damage Stolen (%)"":0.7}"	3	1	H
h055	High Citadel of Necromancy	u00D	Lich King	1	A0CV	map-resolved	ANcl	1	1	Channel ( Assasin Target )	Channel	Channels powerful warding magic.	0	0	static-resolved	0	0	static-resolved	500	-	_		"{""DataA"":180,""DataB"":0,""DataC"":0,""DataD"":0.98,""DataE"":1,""DataF"":""channel""}"	"{""Art Duration"":0.98,""Base Order ID"":""channel"",""Disable Other Abilities"":1,""Follow Through Time"":180,""Options"":0,""Target Type"":0}"	3	1	H
h055	High Citadel of Necromancy	u00D	Lich King	2	A06V	map-resolved	Asph	1	1	Legendary Unit			0	0	static-resolved	1	1	static-resolved	-	-	_		{}	{}	5	3	ForGroupCallback_forUnitsInRect_RaceChaosAbilities_callback_forUnitsInRect_RaceChaosAbilities1,ForGroupCallback_forUnitsInRect_RaceCorruptedAbilities_callback_forUnitsInRect_RaceCorruptedAbilities,H
h055	High Citadel of Necromancy	u00D	Lich King	3	A0AH	map-resolved	AIsr	1	1	Spell Resist (legendary)			0	0	static-resolved	0	0	static-resolved	-	-	_		"{""DataA"":0,""DataB"":0.7}"	"{""Damage Bonus"":0,""Damage Reduction"":0.7}"	5	3	H,applyWildernessObeliskBuff,hasNoPowerArmorExclusion
h055	High Citadel of Necromancy	u00D	Lich King	4	A070	map-resolved	Amgl	1	1	Leg-anti-hex	Moon Glaive	Gives the Huntress the ability to strike additional units with her bouncing glaive attacks, and changes their armor type to Heavy.	0	0	static-resolved	0	0	static-resolved	-	-	_		{}	{}	7	5	ForGroupCallback_forUnitsInRect_RaceChaosAbilities_callback_forUnitsInRect_RaceChaosAbilities,H,devourAttackProc,hasShield,onUnitTrained
h055	High Citadel of Necromancy	u00D	Lich King	5	A086	map-resolved	AUdd	1	1	Death And Decay	Death And Decay	Damages everything in its area of effect by <AUdd,DataA1,%>% of its max hit points per second. Also destroys trees. |nLasts <AUdd,Dur1> seconds.	9999	0	protected-runtime	99	0.0	protected-runtime	1000	350	air,enemies,ground,ward	BUdd	"{""DataA"":0.08,""DataB"":0.1}"	"{""Building Reduction"":0.1,""Max Life Drained per Second (%)"":0.08}"	7	4	H,applyProtectedAbilityFieldsForJassAdd,devourAttackProc,xD
h055	High Citadel of Necromancy	u00D	Lich King	6	A03Q	map-resolved	ANcl	1	1	Channel	Channel	Channels powerful warding magic.	0	0	static-resolved	0	0	static-resolved	500	-	_		"{""DataA"":180,""DataB"":0,""DataC"":0,""DataD"":0.98,""DataE"":1,""DataF"":""channel""}"	"{""Art Duration"":0.98,""Base Order ID"":""channel"",""Disable Other Abilities"":1,""Follow Through Time"":180,""Options"":0,""Target Type"":0}"	7	5	DamageListener_addListener_doAfter_ObeliskOfLight_onEvent_addListener_doAfter_ObeliskOfLight,H,handleSourceDamageEffects,holyShrineSpell,iD
h055	High Citadel of Necromancy	u00D	Lich King	7	A08X	map-resolved	ANcl	1	1	Channel	Channel	Channels powerful warding magic.	0	0	static-resolved	0	0	static-resolved	500	-	_		"{""DataA"":180,""DataB"":0,""DataC"":0,""DataD"":0.98,""DataE"":1,""DataF"":""channel""}"	"{""Art Duration"":0.98,""Base Order ID"":""channel"",""Disable Other Abilities"":1,""Follow Through Time"":180,""Options"":0,""Target Type"":0}"	3	1	H
h055	High Citadel of Necromancy	u00D	Lich King	8	A07H	map-resolved	ANcl	1	1	TypeLegendary	Channel	Channels powerful warding magic.	0	0	static-resolved	0	0	static-resolved	500	-	_		"{""DataA"":180,""DataB"":0,""DataC"":0,""DataD"":0.98,""DataE"":1,""DataF"":""channel""}"	"{""Art Duration"":0.98,""Base Order ID"":""channel"",""Disable Other Abilities"":1,""Follow Through Time"":180,""Options"":0,""Target Type"":0}"	5	3	H,fJ,mJ
h055	High Citadel of Necromancy	u00D	Lich King	9	A085	map-resolved	Arai	1	1	Raise Dead	Raise Dead	Raises <Arai,DataA1> skeletons from a corpse.	9999	100	protected-runtime	99	25.0	protected-runtime	600	900	dead	Brai	"{""DataA"":2,""DataB"":0,""DataC"":""u00E"",""DataD"":""-""}"	"{""Unit Type One"":""u00E"",""Unit Type Two"":""-"",""Units Summoned (Type One)"":2,""Units Summoned (Type Two)"":0}"	5	2	H,xD
h05D	Gunner's Hall	h0A2	Heavy Gunner	1	A0CV	map-resolved	ANcl	1	1	Channel ( Assasin Target )	Channel	Channels powerful warding magic.	0	0	static-resolved	0	0	static-resolved	500	-	_		"{""DataA"":180,""DataB"":0,""DataC"":0,""DataD"":0.98,""DataE"":1,""DataF"":""channel""}"	"{""Art Duration"":0.98,""Base Order ID"":""channel"",""Disable Other Abilities"":1,""Follow Through Time"":180,""Options"":0,""Target Type"":0}"	3	1	H
h05D	Gunner's Hall	h0A2	Heavy Gunner	2	A06G	map-resolved	Aasl	1	1	Slow Aura			0	0	static-resolved	0	0	static-resolved	 - 	0	_	B01U	"{""DataA"":0,""DataB"":0,""DataC"":"" - ""}"	"{""Always Autocast"":"" - "",""Attack Speed Factor"":0,""Movement Speed Factor"":0}"	3	1	H
h05D	Gunner's Hall	h0A2	Heavy Gunner	3	A06L	map-resolved	ACct	1	1	Critical Strike	Critical Strike	Gives a <ACct,DataA1>% chance to do <ACct,DataB1> times normal damage on an attack.	0	0	static-resolved	0	0	static-resolved	-	0	air,ground,enemy,neutral		"{""DataA"":20,""DataB"":2,""DataC"":0,""DataD"":0,""DataE"":0,""DataF"":""-""}"	"{""Chance to Critical Strike"":20,""Chance to Evade"":0,""Damage Bonus"":0,""Damage Multiplier"":2,""Exclude Item Damage"":""-"",""Never Miss"":0}"	3	1	H
h05E	Trapper's Hut	n01O	Troll Trapper	1	A07K	map-resolved	ANcl	1	1	Channel(troll)	Channel	Channels powerful warding magic.	0	0	static-resolved	0	0	static-resolved	500	-	_		"{""DataA"":180,""DataB"":0,""DataC"":0,""DataD"":0.98,""DataE"":1,""DataF"":""channel""}"	"{""Art Duration"":0.98,""Base Order ID"":""channel"",""Disable Other Abilities"":1,""Follow Through Time"":180,""Options"":0,""Target Type"":0}"	3	1	H
h05E	Trapper's Hut	n01O	Troll Trapper	2	A06I	map-resolved	ACpa	1	1	Parasite	Parasite	Afflicts a target enemy unit with a deadly parasite that deals <ANpa,DataA1> damage per second for <ANpa,Dur1> seconds. If the afflicted unit dies while under the effect of Parasite, a minor minion will spawn from its corpse.	9999	0	protected-runtime	99	8.0	protected-runtime	600	-	air,enemies,mechanical,neutral,organic	B00T	"{""DataA"":0,""DataB"":0,""DataC"":0,""DataD"":0,""DataE"":1}"	"{""Attack Speed Factor"":0,""Damage per Second"":0,""Movement Speed Factor"":0,""Stacking Type"":0,""Summoned Unit Count"":1}"	6	3	H,VK,xD
h05E	Trapper's Hut	n01O	Troll Trapper	3	A02I	map-resolved	Absk	1	1	Berserk	Berserk	Causes this unit to attack <Absk,DataB1,%>% faster, but take <Absk,DataC1,%>% more damage.	0	0	static-resolved	99	0.0	protected-runtime	-	-	_	B007	"{""DataA"":0.25,""DataB"":2,""DataC"":0.1}"	"{""Attack Speed Increase"":2,""Damage Taken Increase"":0.1,""Movement Speed Increase"":0.25}"	4	2	H,xD
h05F	Lernaean Fountain	n01P	Ancient Hydra	1	A0AH	map-resolved	AIsr	1	1	Spell Resist (legendary)			0	0	static-resolved	0	0	static-resolved	-	-	_		"{""DataA"":0,""DataB"":0.7}"	"{""Damage Bonus"":0,""Damage Reduction"":0.7}"	5	3	H,applyWildernessObeliskBuff,hasNoPowerArmorExclusion
h05F	Lernaean Fountain	n01P	Ancient Hydra	2	A070	map-resolved	Amgl	1	1	Leg-anti-hex	Moon Glaive	Gives the Huntress the ability to strike additional units with her bouncing glaive attacks, and changes their armor type to Heavy.	0	0	static-resolved	0	0	static-resolved	-	-	_		{}	{}	7	5	ForGroupCallback_forUnitsInRect_RaceChaosAbilities_callback_forUnitsInRect_RaceChaosAbilities,H,devourAttackProc,hasShield,onUnitTrained
h05F	Lernaean Fountain	n01P	Ancient Hydra	3	A07H	map-resolved	ANcl	1	1	TypeLegendary	Channel	Channels powerful warding magic.	0	0	static-resolved	0	0	static-resolved	500	-	_		"{""DataA"":180,""DataB"":0,""DataC"":0,""DataD"":0.98,""DataE"":1,""DataF"":""channel""}"	"{""Art Duration"":0.98,""Base Order ID"":""channel"",""Disable Other Abilities"":1,""Follow Through Time"":180,""Options"":0,""Target Type"":0}"	5	3	H,fJ,mJ
h05F	Lernaean Fountain	n01P	Ancient Hydra	4	A06V	map-resolved	Asph	1	1	Legendary Unit			0	0	static-resolved	1	1	static-resolved	-	-	_		{}	{}	5	3	ForGroupCallback_forUnitsInRect_RaceChaosAbilities_callback_forUnitsInRect_RaceChaosAbilities1,ForGroupCallback_forUnitsInRect_RaceCorruptedAbilities_callback_forUnitsInRect_RaceCorruptedAbilities,H
h05F	Lernaean Fountain	n01P	Ancient Hydra	5	A07G	map-resolved	ANcl	1	1	Summoned Unit	Channel	Channels powerful warding magic.	0	0	static-resolved	0	0	static-resolved	500	-	_		"{""DataA"":180,""DataB"":0,""DataC"":0,""DataD"":0.98,""DataE"":1,""DataF"":""channel""}"	"{""Art Duration"":0.98,""Base Order ID"":""channel"",""Disable Other Abilities"":1,""Follow Through Time"":180,""Options"":0,""Target Type"":0}"	4	2	H,fJ
h05F	Lernaean Fountain	n01P	Ancient Hydra	6	A09W	map-resolved	Aspo	1	1	Slow Poison	Greater Poison Attack	Deals 20 damage per second and slows attack and movementspeed by 70%. Lasts 8 seconds	0	0	static-resolved	0	0	static-resolved	-	-	air,ground,organic	Bspo,Bssd	"{""DataA"":20,""DataB"":0.7,""DataC"":0.7,""DataD"":1}"	"{""Attack Speed Factor"":0.7,""Damage Per Second"":20,""Movement Speed Factor"":0.7,""Stacking Type"":1}"	3	1	H
h05F	Lernaean Fountain	n01P	Ancient Hydra	7	A06J	map-resolved	Aspy	1	1	Spawn Hydra			0	0	static-resolved	0	0	static-resolved	-	-	_		"{""DataA"":2,""DataB"":""n01Q""}"	"{""Number of Units"":2,""Unit Type"":""n01Q""}"	3	1	H
h05J	Aircraft Factory	h06Q	Roterothopter	1	A09I	map-resolved	ACbh	1	1	Bash	Bash	Gives a <ACbh,DataA1>% chance that an attack will do <ACbh,DataC1> bonus damage and stun an opponent for <ACbh,Dur1> seconds.	0	0	static-resolved	0	0	static-resolved	-	0	air	BPSE	"{""DataA"":30,""DataB"":0,""DataC"":40,""DataD"":0,""DataE"":0}"	"{""Chance to Bash"":30,""Chance to Miss"":0,""Damage Bonus"":40,""Damage Multiplier"":0,""Never Miss"":0}"	3	1	H
h05M	Demolition Lab	n01V	Lunatic Goblin	1	A0CV	map-resolved	ANcl	1	1	Channel ( Assasin Target )	Channel	Channels powerful warding magic.	0	0	static-resolved	0	0	static-resolved	500	-	_		"{""DataA"":180,""DataB"":0,""DataC"":0,""DataD"":0.98,""DataE"":1,""DataF"":""channel""}"	"{""Art Duration"":0.98,""Base Order ID"":""channel"",""Disable Other Abilities"":1,""Follow Through Time"":180,""Options"":0,""Target Type"":0}"	3	1	H
h05M	Demolition Lab	n01V	Lunatic Goblin	2	A099	map-resolved	Asds	1	1	Kaboom!	Kaboom!	Deals <Asds,DataB1> damage in a small area. Effective against buildings and trees.	0	0	static-resolved	0	0	static-resolved	10	-	debris,enemies,ground,structure,tree,ward		"{""DataA"":150,""DataB"":275,""DataC"":300,""DataD"":125,""DataE"":0.75,""DataF"":0}"	"{""Building Damage Factor"":0.75,""Explodes on Death"":0,""Full Damage Amount"":275,""Full Damage Radius"":150,""Partial Damage Amount"":125,""Partial Damage Radius"":300}"	3	1	H
h05M	Demolition Lab	n01V	Lunatic Goblin	3	A0A3	map-resolved	Amnx	1	1	AOE damage upon death			0	0	static-resolved	0	0	static-resolved	-	-	debris,enemies,ground,structure,ward		"{""DataA"":150,""DataB"":150,""DataC"":280,""DataD"":75}"	"{""Full Damage Amount"":150,""Full Damage Radius"":150,""Partial Damage Amount"":75,""Partial Damage Radius"":280}"	3	1	H
h05T	Gun Smith	z002	Flamegunner	1	A0CV	map-resolved	ANcl	1	1	Channel ( Assasin Target )	Channel	Channels powerful warding magic.	0	0	static-resolved	0	0	static-resolved	500	-	_		"{""DataA"":180,""DataB"":0,""DataC"":0,""DataD"":0.98,""DataE"":1,""DataF"":""channel""}"	"{""Art Duration"":0.98,""Base Order ID"":""channel"",""Disable Other Abilities"":1,""Follow Through Time"":180,""Options"":0,""Target Type"":0}"	3	1	H
h05U	Lumber Mill	n01T	Goblin Shredder	1	A00J	map-resolved	Aspb	1	5	Spell Book			0	0	static-resolved	0	0	static-resolved	-	-	_		"{""DataA"":"""",""DataB"":1,""DataC"":0,""DataD"":0,""DataE"":""spellbook""}"	"{""Base Order ID"":""spellbook"",""Maximum Spells"":0,""Minimum Spells"":0,""Shared Spell Cooldown"":1,""Spell List"":""""}"	4	2	Ed,H
h05U	Lumber Mill	n01T	Goblin Shredder	2	A09C	map-resolved	AIs2	1	5	Item Attack Speed Bonus			0	0	static-resolved	0	0	static-resolved	-	-	_		"{""DataA"":0}"	"{""Attack Speed Increase"":0}"	5	2	Ed,H
h05U	Lumber Mill	n01T	Goblin Shredder	3	A09B	map-resolved	Amnx	1	5	AOE damage upon death			0	0	static-resolved	0	0	static-resolved	-	-	ground,enemies,structure,debris,ward		"{""DataA"":150,""DataB"":50,""DataC"":300,""DataD"":25}"	"{""Full Damage Amount"":50,""Full Damage Radius"":150,""Partial Damage Amount"":25,""Partial Damage Radius"":300}"	4	2	Ed,H
h05U	Lumber Mill	n01T	Goblin Shredder	4	A094	map-resolved	ACce	1	1	Cleaving Attack	Cleaving Attack	The creature strikes with such force that <ACce,DataA1,%>% of their damage strikes through to enemies near the primary attacked unit.	0	0	static-resolved	0	0	static-resolved	-	160	ground,enemy,neutral		"{""DataA"":1}"	"{""Distributed Damage Factor"":1}"	3	1	H
h05V	Golem Factory	n01X	Iron Golem	1	A093	map-resolved	AIsr	1	1	Spell Damage Reduction			0	0	static-resolved	0	0	static-resolved	-	-	_		"{""DataA"":0,""DataB"":0.3}"	"{""Damage Bonus"":0,""Damage Reduction"":0.3}"	4	2	H,hasNoPowerArmorExclusion
h05V	Golem Factory	n01X	Iron Golem	2	A091	map-resolved	ACpv	1	1	Pulverize	Pulverize	Gives a <ACpv,DataA1>% chance that an attack will deal <ACpv,DataB1> damage to nearby units.	0	0	static-resolved	0	0	static-resolved	-	-	ground,enemy,neutral		"{""DataA"":25,""DataB"":60,""DataC"":150,""DataD"":250}"	"{""Chance to Stomp (%)"":25,""Damage Dealt"":60,""Full Damage Radius"":150,""Half Damage Radius"":250}"	3	1	H
h05V	Golem Factory	n01X	Iron Golem	3	A08Z	map-resolved	ACbh	1	1	MEH: Iron Golem (bash)	Bash	Gives a <ACbh,DataA1>% chance that an attack will do <ACbh,DataC1> bonus damage and stun an opponent for <ACbh,Dur1> seconds.	0	0	static-resolved	0	0	static-resolved	-	0	ground	BPSE	"{""DataA"":15,""DataB"":0,""DataC"":40,""DataD"":0,""DataE"":0}"	"{""Chance to Bash"":15,""Chance to Miss"":0,""Damage Bonus"":40,""Damage Multiplier"":0,""Never Miss"":0}"	3	1	H
h05X	Tank Factory	h06T	Light Tank	1	A0FK	map-resolved	ANcl	1	1	Channel ( Assasin NotTarget )	Channel	Channels powerful warding magic.	0	0	static-resolved	0	0	static-resolved	500	-	_		"{""DataA"":180,""DataB"":0,""DataC"":0,""DataD"":0.98,""DataE"":1,""DataF"":""channel""}"	"{""Art Duration"":0.98,""Base Order ID"":""channel"",""Disable Other Abilities"":1,""Follow Through Time"":180,""Options"":0,""Target Type"":0}"	3	1	H
h05X	Tank Factory	h06T	Light Tank	2	A0A0	map-resolved	Assk	1	1	Hardened Skin	Hardened Skin	Reduces all attacks on the Mountain Giant by <Assk,DataC1> damage. Attacks cannot be reduced below <Assk,DataB1> damage.	0	0	static-resolved	0	0	static-resolved	-	-	enemy,ally		"{""DataA"":100,""DataB"":5,""DataC"":12,""DataD"":1,""DataE"":1}"	"{""Chance to Reduce Damage (%)"":100,""Ignored Damage"":12,""Include Melee Damage"":1,""Include Ranged Damage"":1,""Minimum Damage"":5}"	3	1	H
h069	Spare Part Heap	n01U	Gobbo Machinist	1	Aeth	inherited-base	Aeth	1	1	Ghost					static-resolved			static-resolved					{}	{}	0	0	
h069	Spare Part Heap	n01U	Gobbo Machinist	2	A07M	map-resolved	ANcl	1	1	Channel	Channel	Channels powerful warding magic.	0	0	static-resolved	0	0	static-resolved	500	-	_		"{""DataA"":180,""DataB"":0,""DataC"":0,""DataD"":0.98,""DataE"":1,""DataF"":""channel""}"	"{""Art Duration"":0.98,""Base Order ID"":""channel"",""Disable Other Abilities"":1,""Follow Through Time"":180,""Options"":0,""Target Type"":0}"	18	14	DamageListener_addListener_doAfter_ThunderpawSpire_onEvent_addListener_doAfter_ThunderpawSpire,H,checkForWrongOrder,fJ,isAssassinSupportUnit,isIdleAttackUnit,isSupportOrderUnit,onSummonedUnit,onUnitTrained,orderCodeAttackIfAllowed,restoreExpectedOrderAfterExternalOrder,shouldApplyGobboTimedLife,wM,xM
h069	Spare Part Heap	n01U	Gobbo Machinist	3	Avul	inherited-base	Avul	1	1	Invulnerable					static-resolved			static-resolved					{}	{}	0	0	
h069	Spare Part Heap	n01U	Gobbo Machinist	4	A07G	map-resolved	ANcl	1	1	Summoned Unit	Channel	Channels powerful warding magic.	0	0	static-resolved	0	0	static-resolved	500	-	_		"{""DataA"":180,""DataB"":0,""DataC"":0,""DataD"":0.98,""DataE"":1,""DataF"":""channel""}"	"{""Art Duration"":0.98,""Base Order ID"":""channel"",""Disable Other Abilities"":1,""Follow Through Time"":180,""Options"":0,""Target Type"":0}"	4	2	H,fJ
h069	Spare Part Heap	n01U	Gobbo Machinist	5	A09K	map-resolved	Ahrp	1	1	MEH: Gobbo Machinist (repair)	Repair	Repairs mechanical units and structures at the cost of resources.	0	0	static-resolved	0	0	static-resolved	200	-	air,friend,ground,mechanical,structure		"{""DataA"":0,""DataB"":0.45,""DataC"":0.15,""DataD"":0.6,""DataE"":300}"	"{""Naval Range Bonus"":300,""Powerbuild Cost"":0.15,""Powerbuild Rate"":0.6,""Repair Cost Ratio"":0,""Repair Time Ratio"":0.45}"	5	3	H,onSummonedUnit,onUnitTrained
h06D	Forest Trapper's Hole	n02G	Forest Troll Trapper	1	A070	map-resolved	Amgl	1	1	Leg-anti-hex	Moon Glaive	Gives the Huntress the ability to strike additional units with her bouncing glaive attacks, and changes their armor type to Heavy.	0	0	static-resolved	0	0	static-resolved	-	-	_		{}	{}	7	5	ForGroupCallback_forUnitsInRect_RaceChaosAbilities_callback_forUnitsInRect_RaceChaosAbilities,H,devourAttackProc,hasShield,onUnitTrained
h06D	Forest Trapper's Hole	n02G	Forest Troll Trapper	2	A06V	map-resolved	Asph	1	1	Legendary Unit			0	0	static-resolved	1	1	static-resolved	-	-	_		{}	{}	5	3	ForGroupCallback_forUnitsInRect_RaceChaosAbilities_callback_forUnitsInRect_RaceChaosAbilities1,ForGroupCallback_forUnitsInRect_RaceCorruptedAbilities_callback_forUnitsInRect_RaceCorruptedAbilities,H
h06D	Forest Trapper's Hole	n02G	Forest Troll Trapper	3	A07H	map-resolved	ANcl	1	1	TypeLegendary	Channel	Channels powerful warding magic.	0	0	static-resolved	0	0	static-resolved	500	-	_		"{""DataA"":180,""DataB"":0,""DataC"":0,""DataD"":0.98,""DataE"":1,""DataF"":""channel""}"	"{""Art Duration"":0.98,""Base Order ID"":""channel"",""Disable Other Abilities"":1,""Follow Through Time"":180,""Options"":0,""Target Type"":0}"	5	3	H,fJ,mJ
h06D	Forest Trapper's Hole	n02G	Forest Troll Trapper	4	A0AH	map-resolved	AIsr	1	1	Spell Resist (legendary)			0	0	static-resolved	0	0	static-resolved	-	-	_		"{""DataA"":0,""DataB"":0.7}"	"{""Damage Bonus"":0,""Damage Reduction"":0.7}"	5	3	H,applyWildernessObeliskBuff,hasNoPowerArmorExclusion
h06D	Forest Trapper's Hole	n02G	Forest Troll Trapper	5	A0AG	map-resolved	ACct	1	1	Critical Strike	Critical Strike	Gives a <ACct,DataA1>% chance to do <ACct,DataB1> times normal damage on an attack.	0	0	static-resolved	0	0	static-resolved	-	0	air,ground,enemy,neutral		"{""DataA"":15,""DataB"":2,""DataC"":0,""DataD"":0,""DataE"":0,""DataF"":""-""}"	"{""Chance to Critical Strike"":15,""Chance to Evade"":0,""Damage Bonus"":0,""Damage Multiplier"":2,""Exclude Item Damage"":""-"",""Never Miss"":0}"	3	1	H
h06D	Forest Trapper's Hole	n02G	Forest Troll Trapper	6	A07K	map-resolved	ANcl	1	1	Channel(troll)	Channel	Channels powerful warding magic.	0	0	static-resolved	0	0	static-resolved	500	-	_		"{""DataA"":180,""DataB"":0,""DataC"":0,""DataD"":0.98,""DataE"":1,""DataF"":""channel""}"	"{""Art Duration"":0.98,""Base Order ID"":""channel"",""Disable Other Abilities"":1,""Follow Through Time"":180,""Options"":0,""Target Type"":0}"	3	1	H
h06D	Forest Trapper's Hole	n02G	Forest Troll Trapper	7	A0FB	map-resolved	ACpa	1	1	Parasite(leg troll)	Parasite	Afflicts a target enemy unit with a deadly parasite that deals <ANpa,DataA1> damage per second for <ANpa,Dur1> seconds. If the afflicted unit dies while under the effect of Parasite, a minor minion will spawn from its corpse.	9999	0	protected-runtime	99	8.0	protected-runtime	600	-	air,enemies,mechanical,neutral,organic	B00T	"{""DataA"":0,""DataB"":0,""DataC"":0,""DataD"":0,""DataE"":1}"	"{""Attack Speed Factor"":0,""Damage per Second"":0,""Movement Speed Factor"":0,""Stacking Type"":0,""Summoned Unit Count"":1}"	6	3	H,VK,xD
h06D	Forest Trapper's Hole	n02G	Forest Troll Trapper	8	A02I	map-resolved	Absk	1	1	Berserk	Berserk	Causes this unit to attack <Absk,DataB1,%>% faster, but take <Absk,DataC1,%>% more damage.	0	0	static-resolved	99	0.0	protected-runtime	-	-	_	B007	"{""DataA"":0.25,""DataB"":2,""DataC"":0.1}"	"{""Attack Speed Increase"":2,""Damage Taken Increase"":0.1,""Movement Speed Increase"":0.25}"	4	2	H,xD
h06I	Infostealer's Place	o00F	Infostealer	1	A0CV	map-resolved	ANcl	1	1	Channel ( Assasin Target )	Channel	Channels powerful warding magic.	0	0	static-resolved	0	0	static-resolved	500	-	_		"{""DataA"":180,""DataB"":0,""DataC"":0,""DataD"":0.98,""DataE"":1,""DataF"":""channel""}"	"{""Art Duration"":0.98,""Base Order ID"":""channel"",""Disable Other Abilities"":1,""Follow Through Time"":180,""Options"":0,""Target Type"":0}"	3	1	H
h06I	Infostealer's Place	o00F	Infostealer	2	A0A6	map-resolved	Asps	1	1	Infostealer's (spell steal)	Spell Steal	Steals a positive buff from an enemy unit and applies it to a nearby friendly unit, or takes a negative buff from a friendly unit and applies it to a nearby enemy unit.	9999	40	protected-runtime	99	10.0	protected-runtime	700	700	air,enemies,friend,ground,self,sapper,ward		{}	{}	5	2	H,xD
h06L	Modern Igloo	n02I	Angry Hrimthrusa	1	A0FL	map-resolved	Aroc	1	1	Barrage Igloo	Barrage	Allows Siege Engines to fire powerful rockets at nearby enemy air units.	0	0	static-resolved	99	0.0	protected-runtime	-	720	air,enemies,ground		"{""DataA"":0,""DataB"":99999,""DataC"":3}"	"{""Damage Per Target"":0,""Maximum Number of Targets"":3,""Maximum Total Damage"":99999}"	4	2	H,xD
h06L	Modern Igloo	n02I	Angry Hrimthrusa	2	A07H	map-resolved	ANcl	1	1	TypeLegendary	Channel	Channels powerful warding magic.	0	0	static-resolved	0	0	static-resolved	500	-	_		"{""DataA"":180,""DataB"":0,""DataC"":0,""DataD"":0.98,""DataE"":1,""DataF"":""channel""}"	"{""Art Duration"":0.98,""Base Order ID"":""channel"",""Disable Other Abilities"":1,""Follow Through Time"":180,""Options"":0,""Target Type"":0}"	5	3	H,fJ,mJ
h06L	Modern Igloo	n02I	Angry Hrimthrusa	3	A06V	map-resolved	Asph	1	1	Legendary Unit			0	0	static-resolved	1	1	static-resolved	-	-	_		{}	{}	5	3	ForGroupCallback_forUnitsInRect_RaceChaosAbilities_callback_forUnitsInRect_RaceChaosAbilities1,ForGroupCallback_forUnitsInRect_RaceCorruptedAbilities_callback_forUnitsInRect_RaceCorruptedAbilities,H
h06L	Modern Igloo	n02I	Angry Hrimthrusa	4	A070	map-resolved	Amgl	1	1	Leg-anti-hex	Moon Glaive	Gives the Huntress the ability to strike additional units with her bouncing glaive attacks, and changes their armor type to Heavy.	0	0	static-resolved	0	0	static-resolved	-	-	_		{}	{}	7	5	ForGroupCallback_forUnitsInRect_RaceChaosAbilities_callback_forUnitsInRect_RaceChaosAbilities,H,devourAttackProc,hasShield,onUnitTrained
h06L	Modern Igloo	n02I	Angry Hrimthrusa	5	A0AH	map-resolved	AIsr	1	1	Spell Resist (legendary)			0	0	static-resolved	0	0	static-resolved	-	-	_		"{""DataA"":0,""DataB"":0.7}"	"{""Damage Bonus"":0,""Damage Reduction"":0.7}"	5	3	H,applyWildernessObeliskBuff,hasNoPowerArmorExclusion
h06L	Modern Igloo	n02I	Angry Hrimthrusa	6	A0FM	map-resolved	AIlx	1	1	Igloo frost chance			0	0	static-resolved	0	0	static-resolved	-	-	air,enemies,ground,ward		"{""DataA"":0,""DataB"":10,""DataC"":10,""DataD"":10,""DataE"":0}"	"{""Chance To Hit Heros (%)"":10,""Chance To Hit Summons (%)"":10,""Chance To Hit Units (%)"":10,""Damage Bonus"":0,""Enabled Attack Index"":0}"	3	1	H
h06O	Serenity	e00E	Twins	1	A0FO	map-resolved	ANcl	1	1	TypeTwins	Channel	Channels powerful warding magic.	0	0	static-resolved	0	0	static-resolved	500	-	_		"{""DataA"":180,""DataB"":0,""DataC"":0,""DataD"":0.98,""DataE"":1,""DataF"":""channel""}"	"{""Art Duration"":0.98,""Base Order ID"":""channel"",""Disable Other Abilities"":1,""Follow Through Time"":180,""Options"":0,""Target Type"":0}"	4	2	EventListener_add_CompanionSpawning_onEvent_add_CompanionSpawning,H
h06O	Serenity	e00E	Twins	2	Avul	inherited-base	Avul	1	1	Invulnerable					static-resolved			static-resolved					{}	{}	0	0	
h06O	Serenity	e00E	Twins	3	Aloc	inherited-base	Aloc	1	1	Locust					static-resolved			static-resolved					{}	{}	0	0	
h06O	Serenity	e00E	Twins	4	Aeth	inherited-base	Aeth	1	1	Ghost					static-resolved			static-resolved					{}	{}	0	0	
h06Y	Dragonhawk Portal	n01Y	Dragonhawk Rider	1	A08V	map-resolved	ACpa	1	1	Parasite	Parasite	Afflicts a target enemy unit with a deadly parasite that deals <ANpa,DataA1> damage per second for <ANpa,Dur1> seconds. If the afflicted unit dies while under the effect of Parasite, a minor minion will spawn from its corpse.	50	50	static-resolved	99	14.0	protected-runtime	800	-	air,enemies,neutral,nonhero	B01V	"{""DataA"":0,""DataB"":0,""DataC"":0,""DataD"":0,""DataE"":1}"	"{""Attack Speed Factor"":0,""Damage per Second"":0,""Movement Speed Factor"":0,""Stacking Type"":0,""Summoned Unit Count"":1}"	5	3	BK,H,xD
h06Z	Protection Center	n02J	Goliath	1	A06V	map-resolved	Asph	1	1	Legendary Unit			0	0	static-resolved	1	1	static-resolved	-	-	_		{}	{}	5	3	ForGroupCallback_forUnitsInRect_RaceChaosAbilities_callback_forUnitsInRect_RaceChaosAbilities1,ForGroupCallback_forUnitsInRect_RaceCorruptedAbilities_callback_forUnitsInRect_RaceCorruptedAbilities,H
h06Z	Protection Center	n02J	Goliath	2	A07H	map-resolved	ANcl	1	1	TypeLegendary	Channel	Channels powerful warding magic.	0	0	static-resolved	0	0	static-resolved	500	-	_		"{""DataA"":180,""DataB"":0,""DataC"":0,""DataD"":0.98,""DataE"":1,""DataF"":""channel""}"	"{""Art Duration"":0.98,""Base Order ID"":""channel"",""Disable Other Abilities"":1,""Follow Through Time"":180,""Options"":0,""Target Type"":0}"	5	3	H,fJ,mJ
h06Z	Protection Center	n02J	Goliath	3	A070	map-resolved	Amgl	1	1	Leg-anti-hex	Moon Glaive	Gives the Huntress the ability to strike additional units with her bouncing glaive attacks, and changes their armor type to Heavy.	0	0	static-resolved	0	0	static-resolved	-	-	_		{}	{}	7	5	ForGroupCallback_forUnitsInRect_RaceChaosAbilities_callback_forUnitsInRect_RaceChaosAbilities,H,devourAttackProc,hasShield,onUnitTrained
h06Z	Protection Center	n02J	Goliath	4	A0AI	map-resolved	AIsr	1	1	Spell Damage Reduction			0	0	static-resolved	0	0	static-resolved	-	-	_		"{""DataA"":0,""DataB"":0.9}"	"{""Damage Bonus"":0,""Damage Reduction"":0.9}"	5	3	H,applyWildernessObeliskBuff,hasNoPowerArmorExclusion
h071	Enigma	e00G	Visioneer	1	A0CV	map-resolved	ANcl	1	1	Channel ( Assasin Target )	Channel	Channels powerful warding magic.	0	0	static-resolved	0	0	static-resolved	500	-	_		"{""DataA"":180,""DataB"":0,""DataC"":0,""DataD"":0.98,""DataE"":1,""DataF"":""channel""}"	"{""Art Duration"":0.98,""Base Order ID"":""channel"",""Disable Other Abilities"":1,""Follow Through Time"":180,""Options"":0,""Target Type"":0}"	3	1	H
h071	Enigma	e00G	Visioneer	2	A0FV	map-resolved	ANde	1	1	Demolisher	Demolish	Causes attacks to do <ANde,DataB1> times normal damage to buildings.	0	0	static-resolved	0	0	static-resolved	-	-	enemy,structure		"{""DataA"":100,""DataB"":3,""DataC"":0,""DataD"":0}"	"{""Chance to Demolish"":100,""Damage Multiplier (Buildings)"":3,""Damage Multiplier (Heroes)"":0,""Damage Multiplier (Units)"":0}"	3	1	H
h071	Enigma	e00G	Visioneer	3	Adtg	map-resolved	Adtg	1	1	True Sight	True Sight	Reveals nearby invisible units.	0	0	static-resolved	0	0	static-resolved	1200	-	vuln,invu		"{""DataA"":3}"	"{""Detection Type"":3}"	0	0	
h072	Holy Altar	h074	Holy Warrior	1	A0I0	map-resolved	Ahea	1	1	Prayer	Heal	Heals a target friendly non-mechanical wounded unit for <Ahea,DataA1> hit points.	9999	50	protected-runtime	99	20.0	protected-runtime	300	-	air,friend,ground,self	Bhea	"{""DataA"":0.1}"	"{""Hit Points Gained"":0.1}"	6	3	DK,H,xD
h072	Holy Altar	h074	Holy Warrior	2	A070	map-resolved	Amgl	1	1	Leg-anti-hex	Moon Glaive	Gives the Huntress the ability to strike additional units with her bouncing glaive attacks, and changes their armor type to Heavy.	0	0	static-resolved	0	0	static-resolved	-	-	_		{}	{}	7	5	ForGroupCallback_forUnitsInRect_RaceChaosAbilities_callback_forUnitsInRect_RaceChaosAbilities,H,devourAttackProc,hasShield,onUnitTrained
h072	Holy Altar	h074	Holy Warrior	3	A06V	map-resolved	Asph	1	1	Legendary Unit			0	0	static-resolved	1	1	static-resolved	-	-	_		{}	{}	5	3	ForGroupCallback_forUnitsInRect_RaceChaosAbilities_callback_forUnitsInRect_RaceChaosAbilities1,ForGroupCallback_forUnitsInRect_RaceCorruptedAbilities_callback_forUnitsInRect_RaceCorruptedAbilities,H
h072	Holy Altar	h074	Holy Warrior	4	A07H	map-resolved	ANcl	1	1	TypeLegendary	Channel	Channels powerful warding magic.	0	0	static-resolved	0	0	static-resolved	500	-	_		"{""DataA"":180,""DataB"":0,""DataC"":0,""DataD"":0.98,""DataE"":1,""DataF"":""channel""}"	"{""Art Duration"":0.98,""Base Order ID"":""channel"",""Disable Other Abilities"":1,""Follow Through Time"":180,""Options"":0,""Target Type"":0}"	5	3	H,fJ,mJ
h072	Holy Altar	h074	Holy Warrior	5	A0AH	map-resolved	AIsr	1	1	Spell Resist (legendary)			0	0	static-resolved	0	0	static-resolved	-	-	_		"{""DataA"":0,""DataB"":0.7}"	"{""Damage Bonus"":0,""Damage Reduction"":0.7}"	5	3	H,applyWildernessObeliskBuff,hasNoPowerArmorExclusion
h072	Holy Altar	h074	Holy Warrior	6	A0AD	map-resolved	ACce	1	1	Cleaving Attack	Cleaving Attack	The creature strikes with such force that <ACce,DataA1,%>% of their damage strikes through to enemies near the primary attacked unit.	0	0	static-resolved	0	0	static-resolved	-	225	ground,enemy,neutral		"{""DataA"":0.4}"	"{""Distributed Damage Factor"":0.4}"	3	1	H
h072	Holy Altar	h074	Holy Warrior	7	A0HZ	map-resolved	AHad	1	1	+9arm 400aoe	Devotion Aura - [|cffffcc00Level 1|r]	Gives <AHad,DataA1,.> additional armor to nearby friendly units.	0	0	static-resolved	0	0	static-resolved	-	420	air,friend,ground,invulnerable,self,vulnerable	B01B	"{""DataA"":9,""DataB"":0}"	"{""Armor Bonus"":9,""Percent Bonus"":0}"	3	1	H
h072	Holy Altar	h074	Holy Warrior	8	A090	map-resolved	ACbh	1	1	Bash 2	Bash	Gives a <ACbh,DataA1>% chance that an attack will do <ACbh,DataC1> bonus damage and stun an opponent for <ACbh,Dur1> seconds.	0	0	static-resolved	0	0	static-resolved	-	0	ground	BPSE	"{""DataA"":50,""DataB"":0,""DataC"":100,""DataD"":0,""DataE"":0}"	"{""Chance to Bash"":50,""Chance to Miss"":0,""Damage Bonus"":100,""Damage Multiplier"":0,""Never Miss"":0}"	3	1	H
h077	Rocket Lab	n02M	Goblin Rocketeer	1	A0CV	map-resolved	ANcl	1	1	Channel ( Assasin Target )	Channel	Channels powerful warding magic.	0	0	static-resolved	0	0	static-resolved	500	-	_		"{""DataA"":180,""DataB"":0,""DataC"":0,""DataD"":0.98,""DataE"":1,""DataF"":""channel""}"	"{""Art Duration"":0.98,""Base Order ID"":""channel"",""Disable Other Abilities"":1,""Follow Through Time"":180,""Options"":0,""Target Type"":0}"	3	1	H
h077	Rocket Lab	n02M	Goblin Rocketeer	2	A0FZ	map-resolved	Amnx	1	1	AOE damage upon death			0	0	static-resolved	0	0	static-resolved	-	-	debris,enemies,ground,structure,ward		"{""DataA"":160,""DataB"":325,""DataC"":320,""DataD"":175}"	"{""Full Damage Amount"":325,""Full Damage Radius"":160,""Partial Damage Amount"":175,""Partial Damage Radius"":320}"	3	1	H
h07D	Moon Altar	e00J	Sage Druid	1	A0CV	map-resolved	ANcl	1	1	Channel ( Assasin Target )	Channel	Channels powerful warding magic.	0	0	static-resolved	0	0	static-resolved	500	-	_		"{""DataA"":180,""DataB"":0,""DataC"":0,""DataD"":0.98,""DataE"":1,""DataF"":""channel""}"	"{""Art Duration"":0.98,""Base Order ID"":""channel"",""Disable Other Abilities"":1,""Follow Through Time"":180,""Options"":0,""Target Type"":0}"	3	1	H
h07D	Moon Altar	e00J	Sage Druid	2	A07R	map-resolved	ACpa	1	1	Parasite	Parasite	Afflicts a target enemy unit with a deadly parasite that deals <ANpa,DataA1> damage per second for <ANpa,Dur1> seconds. If the afflicted unit dies while under the effect of Parasite, a minor minion will spawn from its corpse.	9999	35	protected-runtime	99	14.0	protected-runtime	700	-	enemies,ground,neutral,nonhero,vulnerable	B019	"{""DataA"":0,""DataB"":0,""DataC"":0,""DataD"":0,""DataE"":1}"	"{""Attack Speed Factor"":0,""Damage per Second"":0,""Movement Speed Factor"":0,""Stacking Type"":0,""Summoned Unit Count"":1}"	6	3	H,LK,xD
h07L	Guild of Shadows	n020	Royal Assassin	1	A03U	map-resolved	ANcl	1	1	Channel	Channel	Channels powerful warding magic.	0	0	static-resolved	0	0	static-resolved	500	-	_		"{""DataA"":180,""DataB"":0,""DataC"":0,""DataD"":0.98,""DataE"":1,""DataF"":""channel""}"	"{""Art Duration"":0.98,""Base Order ID"":""channel"",""Disable Other Abilities"":1,""Follow Through Time"":180,""Options"":0,""Target Type"":0}"	3	1	H
h07L	Guild of Shadows	n020	Royal Assassin	2	A07M	map-resolved	ANcl	1	1	Channel	Channel	Channels powerful warding magic.	0	0	static-resolved	0	0	static-resolved	500	-	_		"{""DataA"":180,""DataB"":0,""DataC"":0,""DataD"":0.98,""DataE"":1,""DataF"":""channel""}"	"{""Art Duration"":0.98,""Base Order ID"":""channel"",""Disable Other Abilities"":1,""Follow Through Time"":180,""Options"":0,""Target Type"":0}"	18	14	DamageListener_addListener_doAfter_ThunderpawSpire_onEvent_addListener_doAfter_ThunderpawSpire,H,checkForWrongOrder,fJ,isAssassinSupportUnit,isIdleAttackUnit,isSupportOrderUnit,onSummonedUnit,onUnitTrained,orderCodeAttackIfAllowed,restoreExpectedOrderAfterExternalOrder,shouldApplyGobboTimedLife,wM,xM
h07L	Guild of Shadows	n020	Royal Assassin	3	A07K	map-resolved	ANcl	1	1	Channel(troll)	Channel	Channels powerful warding magic.	0	0	static-resolved	0	0	static-resolved	500	-	_		"{""DataA"":180,""DataB"":0,""DataC"":0,""DataD"":0.98,""DataE"":1,""DataF"":""channel""}"	"{""Art Duration"":0.98,""Base Order ID"":""channel"",""Disable Other Abilities"":1,""Follow Through Time"":180,""Options"":0,""Target Type"":0}"	3	1	H
h07L	Guild of Shadows	n020	Royal Assassin	4	A03P	map-resolved	ACev	1	1	Evasion	Evasion	Gives a <ACev,DataA1,%>% percent chance to avoid an attack.	-	-	static-resolved	0	0	static-resolved	-	-	_		"{""DataA"":0.25}"	"{""Chance to Evade"":0.25}"	3	1	H
h07L	Guild of Shadows	n020	Royal Assassin	5	A075	map-resolved	Afbt	1	1	Feedback	Feedback	This tower's attacks destroy <Afbt,DataA1> mana per hit against any unit, causing bonus damage equal to the mana destroyed.|n|nAdditionally, attacks made by this tower cause <Afbt,DataE1> bonus damage against summoned units.	0	0	static-resolved	0	0	static-resolved	-	-	air,ground,enemy,neutral		"{""DataA"":60,""DataB"":2.2,""DataC"":60,""DataD"":2.2,""DataE"":10}"	"{""Damage Ratio - Heros (%)"":2.2,""Damage Ratio - Units (%)"":2.2,""Max Mana Drained - Heros"":60,""Max Mana Drained - Units"":60,""Summoned Damage"":10}"	3	1	H
h07L	Guild of Shadows	n020	Royal Assassin	6	A078	map-resolved	AOwk	1	1	Wind Walk	Wind Walk - [|cffffcc00Level 1|r]	Allows the Blademaster to become invisible, move through units, and move <AOwk,DataB1,%>% faster for <AOwk,Dur1> seconds. If the Blademaster attacks a unit to break invisibility, the attack will do <AOwk,DataC1> bonus damage.	9999	50	protected-runtime	99	0.0	protected-runtime	-	-	air,ground,enemy,neutral	B012	"{""DataA"":1.3,""DataB"":0.45,""DataC"":300,""DataD"":1,""DataE"":0}"	"{""Backstab Damage"":300,""Backstab Damage [Owk4]"":1,""Movement Speed Increase (%)"":0.45,""Start Cooldown when Decloak"":0,""Transition Time"":1.3}"	5	2	H,xD
h07M	House of Shadows	n01Z	Assassin	1	A03U	map-resolved	ANcl	1	1	Channel	Channel	Channels powerful warding magic.	0	0	static-resolved	0	0	static-resolved	500	-	_		"{""DataA"":180,""DataB"":0,""DataC"":0,""DataD"":0.98,""DataE"":1,""DataF"":""channel""}"	"{""Art Duration"":0.98,""Base Order ID"":""channel"",""Disable Other Abilities"":1,""Follow Through Time"":180,""Options"":0,""Target Type"":0}"	3	1	H
h07M	House of Shadows	n01Z	Assassin	2	A07M	map-resolved	ANcl	1	1	Channel	Channel	Channels powerful warding magic.	0	0	static-resolved	0	0	static-resolved	500	-	_		"{""DataA"":180,""DataB"":0,""DataC"":0,""DataD"":0.98,""DataE"":1,""DataF"":""channel""}"	"{""Art Duration"":0.98,""Base Order ID"":""channel"",""Disable Other Abilities"":1,""Follow Through Time"":180,""Options"":0,""Target Type"":0}"	18	14	DamageListener_addListener_doAfter_ThunderpawSpire_onEvent_addListener_doAfter_ThunderpawSpire,H,checkForWrongOrder,fJ,isAssassinSupportUnit,isIdleAttackUnit,isSupportOrderUnit,onSummonedUnit,onUnitTrained,orderCodeAttackIfAllowed,restoreExpectedOrderAfterExternalOrder,shouldApplyGobboTimedLife,wM,xM
h07M	House of Shadows	n01Z	Assassin	3	A07K	map-resolved	ANcl	1	1	Channel(troll)	Channel	Channels powerful warding magic.	0	0	static-resolved	0	0	static-resolved	500	-	_		"{""DataA"":180,""DataB"":0,""DataC"":0,""DataD"":0.98,""DataE"":1,""DataF"":""channel""}"	"{""Art Duration"":0.98,""Base Order ID"":""channel"",""Disable Other Abilities"":1,""Follow Through Time"":180,""Options"":0,""Target Type"":0}"	3	1	H
h07M	House of Shadows	n01Z	Assassin	4	A00U	map-resolved	ACev	1	1	Evasion	Evasion	Gives a <ACev,DataA1,%>% percent chance to avoid an attack.	-	-	static-resolved	0	0	static-resolved	-	-	_		"{""DataA"":0.15}"	"{""Chance to Evade"":0.15}"	4	2	H,randomizeBloodFiend
h07M	House of Shadows	n01Z	Assassin	5	A076	map-resolved	Afbt	1	1	Feedback	Feedback	This tower's attacks destroy <Afbt,DataA1> mana per hit against any unit, causing bonus damage equal to the mana destroyed.|n|nAdditionally, attacks made by this tower cause <Afbt,DataE1> bonus damage against summoned units.	0	0	static-resolved	0	0	static-resolved	-	-	air,ground,enemy,neutral		"{""DataA"":40,""DataB"":1.7,""DataC"":40,""DataD"":1.7,""DataE"":10}"	"{""Damage Ratio - Heros (%)"":1.7,""Damage Ratio - Units (%)"":1.7,""Max Mana Drained - Heros"":40,""Max Mana Drained - Units"":40,""Summoned Damage"":10}"	3	1	H
h07M	House of Shadows	n01Z	Assassin	6	A077	map-resolved	AOwk	1	1	Wind Walk	Wind Walk - [|cffffcc00Level 1|r]	Allows the Blademaster to become invisible, move through units, and move <AOwk,DataB1,%>% faster for <AOwk,Dur1> seconds. If the Blademaster attacks a unit to break invisibility, the attack will do <AOwk,DataC1> bonus damage.	9999	50	protected-runtime	99	0.0	protected-runtime	-	-	air,ground,enemy,neutral	B012	"{""DataA"":2,""DataB"":0.3,""DataC"":150,""DataD"":1,""DataE"":0}"	"{""Backstab Damage"":150,""Backstab Damage [Owk4]"":1,""Movement Speed Increase (%)"":0.3,""Start Cooldown when Decloak"":0,""Transition Time"":2}"	5	2	H,xD
h07N	Scorched Mansion	e00A	Avatar of Vengeance	1	A0CV	map-resolved	ANcl	1	1	Channel ( Assasin Target )	Channel	Channels powerful warding magic.	0	0	static-resolved	0	0	static-resolved	500	-	_		"{""DataA"":180,""DataB"":0,""DataC"":0,""DataD"":0.98,""DataE"":1,""DataF"":""channel""}"	"{""Art Duration"":0.98,""Base Order ID"":""channel"",""Disable Other Abilities"":1,""Follow Through Time"":180,""Options"":0,""Target Type"":0}"	3	1	H
h07N	Scorched Mansion	e00A	Avatar of Vengeance	2	A07K	map-resolved	ANcl	1	1	Channel(troll)	Channel	Channels powerful warding magic.	0	0	static-resolved	0	0	static-resolved	500	-	_		"{""DataA"":180,""DataB"":0,""DataC"":0,""DataD"":0.98,""DataE"":1,""DataF"":""channel""}"	"{""Art Duration"":0.98,""Base Order ID"":""channel"",""Disable Other Abilities"":1,""Follow Through Time"":180,""Options"":0,""Target Type"":0}"	3	1	H
h07N	Scorched Mansion	e00A	Avatar of Vengeance	3	A07O	map-resolved	ANcl	1	1	Channel	Channel	Channels powerful warding magic.	0	0	static-resolved	0	0	static-resolved	500	-	_		"{""DataA"":180,""DataB"":0,""DataC"":0,""DataD"":0.98,""DataE"":1,""DataF"":""channel""}"	"{""Art Duration"":0.98,""Base Order ID"":""channel"",""Disable Other Abilities"":1,""Follow Through Time"":180,""Options"":0,""Target Type"":0}"	3	1	H
h07N	Scorched Mansion	e00A	Avatar of Vengeance	4	A07B	map-resolved	Arsk	1	1	Resistant Skin	Resistant Skin	Reduces the duration of negative spells and renders the Mountain Giant immune to certain spells.	0	0	static-resolved	0	0	static-resolved	-	-	_		{}	{}	3	1	H
h07N	Scorched Mansion	e00A	Avatar of Vengeance	5	A07D	map-resolved	AIcb	1	1	Item Attack Corruption Bonus			0	0	static-resolved	0	0	static-resolved	-	-	ground,air,ward	B01Q	"{""DataA"":0,""DataB"":7,""DataE"":1}"	"{""Armor Penalty"":7,""Damage Bonus Dice"":0,""Enabled Attack Index"":1}"	3	1	H
h07N	Scorched Mansion	e00A	Avatar of Vengeance	6	A074	map-resolved	ACev	1	1	Evasion	Evasion	Gives a <ACev,DataA1,%>% percent chance to avoid an attack.	-	-	static-resolved	0	0	static-resolved	-	-	_		"{""DataA"":0.4}"	"{""Chance to Evade"":0.4}"	3	1	H
h07N	Scorched Mansion	e00A	Avatar of Vengeance	7	A07Y	map-resolved	Asp1	1	1	Sphere			0	0	static-resolved	1	1	static-resolved	-	-	_		{}	{}	3	1	H
h07O	Pillaged Hut	e00B	Avenging Spirit	1	A0CV	map-resolved	ANcl	1	1	Channel ( Assasin Target )	Channel	Channels powerful warding magic.	0	0	static-resolved	0	0	static-resolved	500	-	_		"{""DataA"":180,""DataB"":0,""DataC"":0,""DataD"":0.98,""DataE"":1,""DataF"":""channel""}"	"{""Art Duration"":0.98,""Base Order ID"":""channel"",""Disable Other Abilities"":1,""Follow Through Time"":180,""Options"":0,""Target Type"":0}"	3	1	H
h07O	Pillaged Hut	e00B	Avenging Spirit	2	A07K	map-resolved	ANcl	1	1	Channel(troll)	Channel	Channels powerful warding magic.	0	0	static-resolved	0	0	static-resolved	500	-	_		"{""DataA"":180,""DataB"":0,""DataC"":0,""DataD"":0.98,""DataE"":1,""DataF"":""channel""}"	"{""Art Duration"":0.98,""Base Order ID"":""channel"",""Disable Other Abilities"":1,""Follow Through Time"":180,""Options"":0,""Target Type"":0}"	3	1	H
h07O	Pillaged Hut	e00B	Avenging Spirit	3	A07C	map-resolved	AIcb	1	1	Item Attack Corruption Bonus			0	0	static-resolved	0	0	static-resolved	-	-	ground,air,ward	B01Q	"{""DataA"":0,""DataB"":4,""DataE"":1}"	"{""Armor Penalty"":4,""Damage Bonus Dice"":0,""Enabled Attack Index"":1}"	3	1	H
h07O	Pillaged Hut	e00B	Avenging Spirit	4	A07B	map-resolved	Arsk	1	1	Resistant Skin	Resistant Skin	Reduces the duration of negative spells and renders the Mountain Giant immune to certain spells.	0	0	static-resolved	0	0	static-resolved	-	-	_		{}	{}	3	1	H
h07O	Pillaged Hut	e00B	Avenging Spirit	5	A073	map-resolved	ACev	1	1	Evasion	Evasion	Gives a <ACev,DataA1,%>% percent chance to avoid an attack.	-	-	static-resolved	0	0	static-resolved	-	-	_		"{""DataA"":0.3}"	"{""Chance to Evade"":0.3}"	3	1	H
h07Q	Blood Shaman Tent	o00G	Blood Shaman	1	A0CV	map-resolved	ANcl	1	1	Channel ( Assasin Target )	Channel	Channels powerful warding magic.	0	0	static-resolved	0	0	static-resolved	500	-	_		"{""DataA"":180,""DataB"":0,""DataC"":0,""DataD"":0.98,""DataE"":1,""DataF"":""channel""}"	"{""Art Duration"":0.98,""Base Order ID"":""channel"",""Disable Other Abilities"":1,""Follow Through Time"":180,""Options"":0,""Target Type"":0}"	3	1	H
h07Q	Blood Shaman Tent	o00G	Blood Shaman	2	A0GT	map-resolved	Ainf	1	1	Inner Fire	Inner Fire	Increases a target friendly unit's damage by <Ainf,DataA1,%>% and armor by <Ainf,DataB1>. |nLasts <Ainf,Dur1> seconds.	35	35	static-resolved	99	6.0	protected-runtime	600	-	air,friend,ground,neutral,self	B009	"{""DataA"":0.4,""DataB"":5,""DataC"":600,""DataD"":8}"	"{""Autocast Range"":600,""Damage Increase (%)"":0.4,""Defense Increase"":5,""Life Regen Rate"":8}"	4	2	H,xD
h088	Moon Shrine	e007	Druid	1	A0CV	map-resolved	ANcl	1	1	Channel ( Assasin Target )	Channel	Channels powerful warding magic.	0	0	static-resolved	0	0	static-resolved	500	-	_		"{""DataA"":180,""DataB"":0,""DataC"":0,""DataD"":0.98,""DataE"":1,""DataF"":""channel""}"	"{""Art Duration"":0.98,""Base Order ID"":""channel"",""Disable Other Abilities"":1,""Follow Through Time"":180,""Options"":0,""Target Type"":0}"	3	1	H
h088	Moon Shrine	e007	Druid	2	A07P	map-resolved	ACpa	1	1	Parasite	Parasite	Afflicts a target enemy unit with a deadly parasite that deals <ANpa,DataA1> damage per second for <ANpa,Dur1> seconds. If the afflicted unit dies while under the effect of Parasite, a minor minion will spawn from its corpse.	9999	30	protected-runtime	99	14.0	protected-runtime	800	-	enemies,ground,neutral,nonhero,vulnerable	B019	"{""DataA"":0,""DataB"":0,""DataC"":0,""DataD"":0,""DataE"":1}"	"{""Attack Speed Factor"":0,""Damage per Second"":0,""Movement Speed Factor"":0,""Stacking Type"":0,""Summoned Unit Count"":1}"	6	3	H,LK,xD
h08X	Archery Range	n022	Archer	1	A0CV	map-resolved	ANcl	1	1	Channel ( Assasin Target )	Channel	Channels powerful warding magic.	0	0	static-resolved	0	0	static-resolved	500	-	_		"{""DataA"":180,""DataB"":0,""DataC"":0,""DataD"":0.98,""DataE"":1,""DataF"":""channel""}"	"{""Art Duration"":0.98,""Base Order ID"":""channel"",""Disable Other Abilities"":1,""Follow Through Time"":180,""Options"":0,""Target Type"":0}"	3	1	H
h08X	Archery Range	n022	Archer	2	A08I	map-resolved	ACbh	1	1	Bash	Bash	Gives a <ACbh,DataA1>% chance that an attack will do <ACbh,DataC1> bonus damage and stun an opponent for <ACbh,Dur1> seconds.	0	0	static-resolved	0	0	static-resolved	-	0	air,ground	BPSE	"{""DataA"":10,""DataB"":0,""DataC"":50,""DataD"":0,""DataE"":0}"	"{""Chance to Bash"":10,""Chance to Miss"":0,""Damage Bonus"":50,""Damage Multiplier"":0,""Never Miss"":0}"	3	1	H
h08X	Archery Range	n022	Archer	3	A00U	map-resolved	ACev	1	1	Evasion	Evasion	Gives a <ACev,DataA1,%>% percent chance to avoid an attack.	-	-	static-resolved	0	0	static-resolved	-	-	_		"{""DataA"":0.15}"	"{""Chance to Evade"":0.15}"	4	2	H,randomizeBloodFiend
h08Y	Archery Tower	n023	Master Archer	1	A08J	map-resolved	ACbh	1	1	Bash	Bash	Gives a <ACbh,DataA1>% chance that an attack will do <ACbh,DataC1> bonus damage and stun an opponent for <ACbh,Dur1> seconds.	0	0	static-resolved	0	0	static-resolved	-	0	air,ground	BPSE	"{""DataA"":20,""DataB"":0,""DataC"":125,""DataD"":0,""DataE"":0}"	"{""Chance to Bash"":20,""Chance to Miss"":0,""Damage Bonus"":125,""Damage Multiplier"":0,""Never Miss"":0}"	3	1	H
h08Y	Archery Tower	n023	Master Archer	2	A03P	map-resolved	ACev	1	1	Evasion	Evasion	Gives a <ACev,DataA1,%>% percent chance to avoid an attack.	-	-	static-resolved	0	0	static-resolved	-	-	_		"{""DataA"":0.25}"	"{""Chance to Evade"":0.25}"	3	1	H
h092	Spellbreaker Kodo Farm	o00B	Spellbreaker Kodo Rider	1	A08P	map-resolved	Aasl	1	1	Slow Aura			0	0	static-resolved	0	0	static-resolved	 - 	0	_	B01F	"{""DataA"":0,""DataB"":0,""DataC"":"" - ""}"	"{""Always Autocast"":"" - "",""Attack Speed Factor"":0,""Movement Speed Factor"":0}"	3	1	H
h092	Spellbreaker Kodo Farm	o00B	Spellbreaker Kodo Rider	2	A08O	map-resolved	AIsr	1	1	Spell Damage Reduction			0	0	static-resolved	0	0	static-resolved	-	-	_		"{""DataA"":0,""DataB"":0.8}"	"{""Damage Bonus"":0,""Damage Reduction"":0.8}"	4	2	H,hasNoPowerArmorExclusion
h097	Precious Golem Factory	n024	Adamant Golem	1	A06V	map-resolved	Asph	1	1	Legendary Unit			0	0	static-resolved	1	1	static-resolved	-	-	_		{}	{}	5	3	ForGroupCallback_forUnitsInRect_RaceChaosAbilities_callback_forUnitsInRect_RaceChaosAbilities1,ForGroupCallback_forUnitsInRect_RaceCorruptedAbilities_callback_forUnitsInRect_RaceCorruptedAbilities,H
h097	Precious Golem Factory	n024	Adamant Golem	2	A07H	map-resolved	ANcl	1	1	TypeLegendary	Channel	Channels powerful warding magic.	0	0	static-resolved	0	0	static-resolved	500	-	_		"{""DataA"":180,""DataB"":0,""DataC"":0,""DataD"":0.98,""DataE"":1,""DataF"":""channel""}"	"{""Art Duration"":0.98,""Base Order ID"":""channel"",""Disable Other Abilities"":1,""Follow Through Time"":180,""Options"":0,""Target Type"":0}"	5	3	H,fJ,mJ
h097	Precious Golem Factory	n024	Adamant Golem	3	A070	map-resolved	Amgl	1	1	Leg-anti-hex	Moon Glaive	Gives the Huntress the ability to strike additional units with her bouncing glaive attacks, and changes their armor type to Heavy.	0	0	static-resolved	0	0	static-resolved	-	-	_		{}	{}	7	5	ForGroupCallback_forUnitsInRect_RaceChaosAbilities_callback_forUnitsInRect_RaceChaosAbilities,H,devourAttackProc,hasShield,onUnitTrained
h097	Precious Golem Factory	n024	Adamant Golem	4	A0AI	map-resolved	AIsr	1	1	Spell Damage Reduction			0	0	static-resolved	0	0	static-resolved	-	-	_		"{""DataA"":0,""DataB"":0.9}"	"{""Damage Bonus"":0,""Damage Reduction"":0.9}"	5	3	H,applyWildernessObeliskBuff,hasNoPowerArmorExclusion
h097	Precious Golem Factory	n024	Adamant Golem	5	A090	map-resolved	ACbh	1	1	Bash 2	Bash	Gives a <ACbh,DataA1>% chance that an attack will do <ACbh,DataC1> bonus damage and stun an opponent for <ACbh,Dur1> seconds.	0	0	static-resolved	0	0	static-resolved	-	0	ground	BPSE	"{""DataA"":50,""DataB"":0,""DataC"":100,""DataD"":0,""DataE"":0}"	"{""Chance to Bash"":50,""Chance to Miss"":0,""Damage Bonus"":100,""Damage Multiplier"":0,""Never Miss"":0}"	3	1	H
h097	Precious Golem Factory	n024	Adamant Golem	6	A092	map-resolved	ACpv	1	1	Pulverize	Pulverize	Gives a <ACpv,DataA1>% chance that an attack will deal <ACpv,DataB1> damage to nearby units.	0	0	static-resolved	0	0	static-resolved	-	-	ground,enemy,neutral		"{""DataA"":40,""DataB"":150,""DataC"":150,""DataD"":250}"	"{""Chance to Stomp (%)"":40,""Damage Dealt"":150,""Full Damage Radius"":150,""Half Damage Radius"":250}"	3	1	H
h09B	Heavy Tank Factory	h06S	Heavy Tank	1	A09Z	map-resolved	Assk	1	1	Hardened Skin	Hardened Skin	Reduces all attacks on the Mountain Giant by <Assk,DataC1> damage. Attacks cannot be reduced below <Assk,DataB1> damage.	0	0	static-resolved	0	0	static-resolved	-	-	enemy,ally		"{""DataA"":100,""DataB"":5,""DataC"":24,""DataD"":1,""DataE"":1}"	"{""Chance to Reduce Damage (%)"":100,""Ignored Damage"":24,""Include Melee Damage"":1,""Include Ranged Damage"":1,""Minimum Damage"":5}"	3	1	H
h09H	Rocket Tank Factory	h098	Rocket Tank	1	A09Z	map-resolved	Assk	1	1	Hardened Skin	Hardened Skin	Reduces all attacks on the Mountain Giant by <Assk,DataC1> damage. Attacks cannot be reduced below <Assk,DataB1> damage.	0	0	static-resolved	0	0	static-resolved	-	-	enemy,ally		"{""DataA"":100,""DataB"":5,""DataC"":24,""DataD"":1,""DataE"":1}"	"{""Chance to Reduce Damage (%)"":100,""Ignored Damage"":24,""Include Melee Damage"":1,""Include Ranged Damage"":1,""Minimum Damage"":5}"	3	1	H
h09H	Rocket Tank Factory	h098	Rocket Tank	2	A09F	map-resolved	Apxf	1	1	MEH: Rocket Tank (rockets)	Phoenix Fire	Fires down streams of flame, lighting nearby enemies on fire.	0	0	static-resolved	1	1	static-resolved		850	air,enemies	B01N	"{""DataA"":85,""DataB"":0}"	"{""Damage Per Second"":0,""Initial Damage"":85}"	3	1	H
h09I	Assault Tank Factory	h099	Assault Tank	1	A09Y	map-resolved	Assk	1	1	Hardened Skin	Hardened Skin	Reduces all attacks on the Mountain Giant by <Assk,DataC1> damage. Attacks cannot be reduced below <Assk,DataB1> damage.	0	0	static-resolved	0	0	static-resolved	-	-	enemy,ally		"{""DataA"":100,""DataB"":5,""DataC"":18,""DataD"":1,""DataE"":1}"	"{""Chance to Reduce Damage (%)"":100,""Ignored Damage"":18,""Include Melee Damage"":1,""Include Ranged Damage"":1,""Minimum Damage"":5}"	3	1	H
h09J	Mine Layer Factory	h06U	Mine Layer	1	A03U	map-resolved	ANcl	1	1	Channel	Channel	Channels powerful warding magic.	0	0	static-resolved	0	0	static-resolved	500	-	_		"{""DataA"":180,""DataB"":0,""DataC"":0,""DataD"":0.98,""DataE"":1,""DataF"":""channel""}"	"{""Art Duration"":0.98,""Base Order ID"":""channel"",""Disable Other Abilities"":1,""Follow Through Time"":180,""Options"":0,""Target Type"":0}"	3	1	H
h09J	Mine Layer Factory	h06U	Mine Layer	2	A0A0	map-resolved	Assk	1	1	Hardened Skin	Hardened Skin	Reduces all attacks on the Mountain Giant by <Assk,DataC1> damage. Attacks cannot be reduced below <Assk,DataB1> damage.	0	0	static-resolved	0	0	static-resolved	-	-	enemy,ally		"{""DataA"":100,""DataB"":5,""DataC"":12,""DataD"":1,""DataE"":1}"	"{""Chance to Reduce Damage (%)"":100,""Ignored Damage"":12,""Include Melee Damage"":1,""Include Ranged Damage"":1,""Minimum Damage"":5}"	3	1	H
h09J	Mine Layer Factory	h06U	Mine Layer	3	A095	map-resolved	ACpa	1	1	Parasite	Parasite	Afflicts a target enemy unit with a deadly parasite that deals <ANpa,DataA1> damage per second for <ANpa,Dur1> seconds. If the afflicted unit dies while under the effect of Parasite, a minor minion will spawn from its corpse.	9999	25	protected-runtime	99	0.0	protected-runtime	99999	-	enemies,ground,invulnerable,mechanical,neutral,structure	B01T	"{""DataA"":0,""DataB"":0,""DataC"":0,""DataD"":0,""DataE"":1}"	"{""Attack Speed Factor"":0,""Damage per Second"":0,""Movement Speed Factor"":0,""Stacking Type"":0,""Summoned Unit Count"":1}"	8	3	FK,H,xD
h09L	Bomber Factory	h06R	Gyrocopter	1	A09J	map-resolved	ACbh	1	1	Bash	Bash	Gives a <ACbh,DataA1>% chance that an attack will do <ACbh,DataC1> bonus damage and stun an opponent for <ACbh,Dur1> seconds.	0	0	static-resolved	0	0	static-resolved	-	0	air	BPSE	"{""DataA"":50,""DataB"":0,""DataC"":60,""DataD"":0,""DataE"":0}"	"{""Chance to Bash"":50,""Chance to Miss"":0,""Damage Bonus"":60,""Damage Multiplier"":0,""Never Miss"":0}"	3	1	H
h09P	Arsenal	z003	Flamegunner Sergeant	1	A09D	map-resolved	ACpa	1	1	Parasite	Parasite	Afflicts a target enemy unit with a deadly parasite that deals <ANpa,DataA1> damage per second for <ANpa,Dur1> seconds. If the afflicted unit dies while under the effect of Parasite, a minor minion will spawn from its corpse.	9999	0	protected-runtime	99	15.0	protected-runtime	600	-	enemies,ground,neutral,nonhero,vulnerable	B019	"{""DataA"":0,""DataB"":0,""DataC"":0,""DataD"":0,""DataE"":1}"	"{""Attack Speed Factor"":0,""Damage per Second"":0,""Movement Speed Factor"":0,""Stacking Type"":0,""Summoned Unit Count"":1}"	6	3	FK,H,xD
h09X	School of Wizardry	h07B	Sorceress	1	A0CV	map-resolved	ANcl	1	1	Channel ( Assasin Target )	Channel	Channels powerful warding magic.	0	0	static-resolved	0	0	static-resolved	500	-	_		"{""DataA"":180,""DataB"":0,""DataC"":0,""DataD"":0.98,""DataE"":1,""DataF"":""channel""}"	"{""Art Duration"":0.98,""Base Order ID"":""channel"",""Disable Other Abilities"":1,""Follow Through Time"":180,""Options"":0,""Target Type"":0}"	3	1	H
h09X	School of Wizardry	h07B	Sorceress	2	A0A7	map-resolved	Ahea	1	1	Heal	Heal	Heals a target friendly non-mechanical wounded unit for <Ahea,DataA1> hit points.	9999	50	protected-runtime	99	8.0	protected-runtime	500	-	air,ground,friend,vuln,invu,self,organic,nonancient,neutral	Bhea	"{""DataA"":1}"	"{""Hit Points Gained"":1}"	6	3	BK,H,xD
h09X	School of Wizardry	h07B	Sorceress	3	A0A9	map-resolved	AIlx	1	1	Melee Lightning Damage Bonus			0	0	static-resolved	0	0	static-resolved	-	-	air,enemies,ground,ward		"{""DataA"":0,""DataB"":25,""DataC"":25,""DataD"":25,""DataE"":0}"	"{""Chance To Hit Heros (%)"":25,""Chance To Hit Summons (%)"":25,""Chance To Hit Units (%)"":25,""Damage Bonus"":0,""Enabled Attack Index"":0}"	3	1	H
h09Y	Corrupted Ancient of Annihilation	n027	Corrupted Annihilator	1	A0AH	map-resolved	AIsr	1	1	Spell Resist (legendary)			0	0	static-resolved	0	0	static-resolved	-	-	_		"{""DataA"":0,""DataB"":0.7}"	"{""Damage Bonus"":0,""Damage Reduction"":0.7}"	5	3	H,applyWildernessObeliskBuff,hasNoPowerArmorExclusion
h09Y	Corrupted Ancient of Annihilation	n027	Corrupted Annihilator	2	A070	map-resolved	Amgl	1	1	Leg-anti-hex	Moon Glaive	Gives the Huntress the ability to strike additional units with her bouncing glaive attacks, and changes their armor type to Heavy.	0	0	static-resolved	0	0	static-resolved	-	-	_		{}	{}	7	5	ForGroupCallback_forUnitsInRect_RaceChaosAbilities_callback_forUnitsInRect_RaceChaosAbilities,H,devourAttackProc,hasShield,onUnitTrained
h09Y	Corrupted Ancient of Annihilation	n027	Corrupted Annihilator	3	A07H	map-resolved	ANcl	1	1	TypeLegendary	Channel	Channels powerful warding magic.	0	0	static-resolved	0	0	static-resolved	500	-	_		"{""DataA"":180,""DataB"":0,""DataC"":0,""DataD"":0.98,""DataE"":1,""DataF"":""channel""}"	"{""Art Duration"":0.98,""Base Order ID"":""channel"",""Disable Other Abilities"":1,""Follow Through Time"":180,""Options"":0,""Target Type"":0}"	5	3	H,fJ,mJ
h09Y	Corrupted Ancient of Annihilation	n027	Corrupted Annihilator	4	A06V	map-resolved	Asph	1	1	Legendary Unit			0	0	static-resolved	1	1	static-resolved	-	-	_		{}	{}	5	3	ForGroupCallback_forUnitsInRect_RaceChaosAbilities_callback_forUnitsInRect_RaceChaosAbilities1,ForGroupCallback_forUnitsInRect_RaceCorruptedAbilities_callback_forUnitsInRect_RaceCorruptedAbilities,H
h09Y	Corrupted Ancient of Annihilation	n027	Corrupted Annihilator	5	A0AD	map-resolved	ACce	1	1	Cleaving Attack	Cleaving Attack	The creature strikes with such force that <ACce,DataA1,%>% of their damage strikes through to enemies near the primary attacked unit.	0	0	static-resolved	0	0	static-resolved	-	225	ground,enemy,neutral		"{""DataA"":0.4}"	"{""Distributed Damage Factor"":0.4}"	3	1	H
h09Y	Corrupted Ancient of Annihilation	n027	Corrupted Annihilator	6	A0AG	map-resolved	ACct	1	1	Critical Strike	Critical Strike	Gives a <ACct,DataA1>% chance to do <ACct,DataB1> times normal damage on an attack.	0	0	static-resolved	0	0	static-resolved	-	0	air,ground,enemy,neutral		"{""DataA"":15,""DataB"":2,""DataC"":0,""DataD"":0,""DataE"":0,""DataF"":""-""}"	"{""Chance to Critical Strike"":15,""Chance to Evade"":0,""Damage Bonus"":0,""Damage Multiplier"":2,""Exclude Item Damage"":""-"",""Never Miss"":0}"	3	1	H
h09Y	Corrupted Ancient of Annihilation	n027	Corrupted Annihilator	7	A0AC	map-resolved	AIll	1	1	Item Attack Lightning Bonus (new)			0	0	static-resolved	0	0	static-resolved	-	-	ground,air,ward		"{""DataA"":0,""DataB"":100,""DataC"":100,""DataD"":100,""DataE"":2}"	"{""Chance To Hit Heros (%)"":100,""Chance To Hit Summons (%)"":100,""Chance To Hit Units (%)"":100,""Damage Bonus"":0,""Enabled Attack Index"":2}"	3	1	H
h09Y	Corrupted Ancient of Annihilation	n027	Corrupted Annihilator	8	A0AE	map-resolved	ACpa	1	1	Parasite	Parasite	Afflicts a target enemy unit with a deadly parasite that deals <ANpa,DataA1> damage per second for <ANpa,Dur1> seconds. If the afflicted unit dies while under the effect of Parasite, a minor minion will spawn from its corpse.	9999	40	protected-runtime	99	15.0	protected-runtime	400	-	enemies,ground,nonhero,vulnerable	B01T	"{""DataA"":0,""DataB"":0,""DataC"":0,""DataD"":0,""DataE"":1}"	"{""Attack Speed Factor"":0,""Damage per Second"":0,""Movement Speed Factor"":0,""Stacking Type"":0,""Summoned Unit Count"":1}"	6	3	H,oK,xD
h0A1	Marksmen's Encampment	h05C	Marksman	1	A0CV	map-resolved	ANcl	1	1	Channel ( Assasin Target )	Channel	Channels powerful warding magic.	0	0	static-resolved	0	0	static-resolved	500	-	_		"{""DataA"":180,""DataB"":0,""DataC"":0,""DataD"":0.98,""DataE"":1,""DataF"":""channel""}"	"{""Art Duration"":0.98,""Base Order ID"":""channel"",""Disable Other Abilities"":1,""Follow Through Time"":180,""Options"":0,""Target Type"":0}"	3	1	H
h0A1	Marksmen's Encampment	h05C	Marksman	2	A06F	map-resolved	ACct	1	1	Critical Strike	Critical Strike	Gives a <ACct,DataA1>% chance to do <ACct,DataB1> times normal damage on an attack.	0	0	static-resolved	0	0	static-resolved	-	0	air,enemies,neutral		"{""DataA"":40,""DataB"":3,""DataC"":0,""DataD"":0,""DataE"":0,""DataF"":""-""}"	"{""Chance to Critical Strike"":40,""Chance to Evade"":0,""Damage Bonus"":0,""Damage Multiplier"":3,""Exclude Item Damage"":""-"",""Never Miss"":0}"	3	1	H
n02N	Fire Gnoll Hut	n02T	Fire Gnoll	1	A0CV	map-resolved	ANcl	1	1	Channel ( Assasin Target )	Channel	Channels powerful warding magic.	0	0	static-resolved	0	0	static-resolved	500	-	_		"{""DataA"":180,""DataB"":0,""DataC"":0,""DataD"":0.98,""DataE"":1,""DataF"":""channel""}"	"{""Art Duration"":0.98,""Base Order ID"":""channel"",""Disable Other Abilities"":1,""Follow Through Time"":180,""Options"":0,""Target Type"":0}"	3	1	H
n02N	Fire Gnoll Hut	n02T	Fire Gnoll	2	A0HL	map-resolved	ACct	1	1	Fowlhunter 3x	Critical Strike	Gives a <ACct,DataA1>% chance to do <ACct,DataB1> times normal damage on an attack.	0	0	static-resolved	0	0	static-resolved	-	0	air,enemies		"{""DataA"":100,""DataB"":3,""DataC"":0,""DataD"":0,""DataE"":0,""DataF"":""-""}"	"{""Chance to Critical Strike"":100,""Chance to Evade"":0,""Damage Bonus"":0,""Damage Multiplier"":3,""Exclude Item Damage"":""-"",""Never Miss"":0}"	3	1	H
n02N	Fire Gnoll Hut	n02T	Fire Gnoll	3	A0G2	map-resolved	ACvs	1	1	Heavy Bolt	Envenomed Weapons	Deals <ACvs,DataA1> poison damage per second. |nLasts <ACvs,Dur1> seconds.	0	0	static-resolved	0	0	static-resolved	-	-	air,ground	B019,B019	"{""DataA"":0.01,""DataB"":0.2,""DataC"":0,""DataD"":1}"	"{""Attack Speed Factor"":0,""Damage per Second"":0.01,""Movement Speed Factor"":0.2,""Stacking Type"":1}"	3	1	H
n02N	Fire Gnoll Hut	n02T	Fire Gnoll	4	A0GG	map-resolved	ACsa	1	1	Searing Arrows	Searing Arrows	Adds <ACsa,DataA1> bonus fire damage to an attack against enemies, but drains mana with each shot fired.	9999	10	protected-runtime	0	0	static-resolved	375	-	enemies,ground,neutral,structure		"{""DataA"":45}"	"{""Damage Bonus"":45}"	4	2	H,xD
n02O	Den of the Ogre Lord	n02Y	Ogre Lord	1	A0J7	map-resolved	Awar	1	1	DST: Pulverize2	Pulverize	Gives a <Awar,DataA1>% chance that an attack will deal <Awar,DataB1> damage to nearby units.	0	0	static-resolved	0	0	static-resolved	-	-	enemies,ground		"{""DataA"":40,""DataB"":150,""DataC"":80,""DataD"":150}"	"{""Chance to Stomp (%)"":40,""Damage Dealt"":150,""Full Damage Radius"":80,""Half Damage Radius"":150}"	3	1	H
n02O	Den of the Ogre Lord	n02Y	Ogre Lord	2	A0GR	map-resolved	Absk	1	1	OgreLords rage	Berserk	Causes this unit to attack <Absk,DataB1,%>% faster, but take <Absk,DataC1,%>% more damage.	0	0	static-resolved	99	12.0	protected-runtime	-	-	_	B02T	"{""DataA"":0.15,""DataB"":1.4,""DataC"":0.01}"	"{""Attack Speed Increase"":1.4,""Damage Taken Increase"":0.01,""Movement Speed Increase"":0.15}"	4	2	H,xD
n02O	Den of the Ogre Lord	n02Y	Ogre Lord	3	A093	map-resolved	AIsr	1	1	Spell Damage Reduction			0	0	static-resolved	0	0	static-resolved	-	-	_		"{""DataA"":0,""DataB"":0.3}"	"{""Damage Bonus"":0,""Damage Reduction"":0.3}"	4	2	H,hasNoPowerArmorExclusion
n02O	Den of the Ogre Lord	n02Y	Ogre Lord	4	A0GB	map-resolved	ACpa	1	1	DST: Ogre auto	Parasite	Afflicts a target enemy unit with a deadly parasite that deals <ANpa,DataA1> damage per second for <ANpa,Dur1> seconds. If the afflicted unit dies while under the effect of Parasite, a minor minion will spawn from its corpse.	9999	0	protected-runtime	99	16.0	protected-runtime	180	-	enemies,ground	B019	"{""DataA"":0,""DataB"":0,""DataC"":0,""DataD"":0,""DataE"":1}"	"{""Attack Speed Factor"":0,""Damage per Second"":0,""Movement Speed Factor"":0,""Stacking Type"":0,""Summoned Unit Count"":1}"	6	3	H,rK,xD
n02O	Den of the Ogre Lord	n02Y	Ogre Lord	5	A0GU	map-resolved	ACbh	1	1	Bash	Bash	Gives a <ACbh,DataA1>% chance that an attack will do <ACbh,DataC1> bonus damage and stun an opponent for <ACbh,Dur1> seconds.	0	0	static-resolved	0	0	static-resolved	-	0	ground	BPSE	"{""DataA"":20,""DataB"":0,""DataC"":80,""DataD"":0,""DataE"":0}"	"{""Chance to Bash"":20,""Chance to Miss"":0,""Damage Bonus"":80,""Damage Multiplier"":0,""Never Miss"":0}"	3	1	H
n02P	Gnoll Tent	n02S	Gnoll	1	A0CV	map-resolved	ANcl	1	1	Channel ( Assasin Target )	Channel	Channels powerful warding magic.	0	0	static-resolved	0	0	static-resolved	500	-	_		"{""DataA"":180,""DataB"":0,""DataC"":0,""DataD"":0.98,""DataE"":1,""DataF"":""channel""}"	"{""Art Duration"":0.98,""Base Order ID"":""channel"",""Disable Other Abilities"":1,""Follow Through Time"":180,""Options"":0,""Target Type"":0}"	3	1	H
n02P	Gnoll Tent	n02S	Gnoll	2	A0G2	map-resolved	ACvs	1	1	Heavy Bolt	Envenomed Weapons	Deals <ACvs,DataA1> poison damage per second. |nLasts <ACvs,Dur1> seconds.	0	0	static-resolved	0	0	static-resolved	-	-	air,ground	B019,B019	"{""DataA"":0.01,""DataB"":0.2,""DataC"":0,""DataD"":1}"	"{""Attack Speed Factor"":0,""Damage per Second"":0.01,""Movement Speed Factor"":0.2,""Stacking Type"":1}"	3	1	H
n02P	Gnoll Tent	n02S	Gnoll	3	A0HM	map-resolved	ACct	1	1	Fowlhunter 2x	Critical Strike	Gives a <ACct,DataA1>% chance to do <ACct,DataB1> times normal damage on an attack.	0	0	static-resolved	0	0	static-resolved	-	0	air,enemies		"{""DataA"":100,""DataB"":2,""DataC"":0,""DataD"":0,""DataE"":0,""DataF"":""-""}"	"{""Chance to Critical Strike"":100,""Chance to Evade"":0,""Damage Bonus"":0,""Damage Multiplier"":2,""Exclude Item Damage"":""-"",""Never Miss"":0}"	3	1	H
n02Q	Harpy Nest	n02W	Harpy	1	A0G3	map-resolved	ACev	1	1	Evasion	Evasion	Gives a <ACev,DataA1,%>% percent chance to avoid an attack.	-	-	static-resolved	0	0	static-resolved	-	-	_		"{""DataA"":0.1}"	"{""Chance to Evade"":0.1}"	3	1	H
n02R	Monstrous Sandkin Burrow	n035	Monstrous Sandkin	1	A0CV	map-resolved	ANcl	1	1	Channel ( Assasin Target )	Channel	Channels powerful warding magic.	0	0	static-resolved	0	0	static-resolved	500	-	_		"{""DataA"":180,""DataB"":0,""DataC"":0,""DataD"":0.98,""DataE"":1,""DataF"":""channel""}"	"{""Art Duration"":0.98,""Base Order ID"":""channel"",""Disable Other Abilities"":1,""Follow Through Time"":180,""Options"":0,""Target Type"":0}"	3	1	H
n02R	Monstrous Sandkin Burrow	n035	Monstrous Sandkin	2	A0HQ	map-resolved	AOae	1	1	Sandshield	Endurance Aura - [|cffffcc00Level 1|r]	Increases nearby friendly units' movement speed by <AOae,DataA1,%>% and attack rate by <AOae,DataB1,%>%.	-	-	static-resolved	0	0	static-resolved	-	90	enemies,ward,ground,invulnerable,vulnerable	B02W	"{""DataA"":-0.2,""DataB"":-0.35}"	"{""Attack Speed Increase (%)"":-0.35,""Movement Speed Increase (%)"":-0.2}"	3	1	H
n02R	Monstrous Sandkin Burrow	n035	Monstrous Sandkin	3	A0G8	map-resolved	ACpa	1	1	DST: Sandkin abil	Parasite	Afflicts a target enemy unit with a deadly parasite that deals <ANpa,DataA1> damage per second for <ANpa,Dur1> seconds. If the afflicted unit dies while under the effect of Parasite, a minor minion will spawn from its corpse.	9999	35	protected-runtime	99	12.0	protected-runtime	450	-	enemies,ground	B019	"{""DataA"":0,""DataB"":0,""DataC"":0,""DataD"":0,""DataE"":1}"	"{""Attack Speed Factor"":0,""Damage per Second"":0,""Movement Speed Factor"":0,""Stacking Type"":0,""Summoned Unit Count"":1}"	7	3	H,rK,xD
n02R	Monstrous Sandkin Burrow	n035	Monstrous Sandkin	4	A025	map-resolved	ACct	1	1	Critical Strike	Critical Strike	Gives a <ACct,DataA1>% chance to do <ACct,DataB1> times normal damage on an attack.	0	0	static-resolved	0	0	static-resolved	-	0	air,ground,enemy,neutral		"{""DataA"":20,""DataB"":2,""DataC"":0,""DataD"":0,""DataE"":0,""DataF"":""-""}"	"{""Chance to Critical Strike"":20,""Chance to Evade"":0,""Damage Bonus"":0,""Damage Multiplier"":2,""Exclude Item Damage"":""-"",""Never Miss"":0}"	3	1	H
n031	Nest of Harpy Matriarch	n034	Harpies' Matriarch	1	A070	map-resolved	Amgl	1	1	Leg-anti-hex	Moon Glaive	Gives the Huntress the ability to strike additional units with her bouncing glaive attacks, and changes their armor type to Heavy.	0	0	static-resolved	0	0	static-resolved	-	-	_		{}	{}	7	5	ForGroupCallback_forUnitsInRect_RaceChaosAbilities_callback_forUnitsInRect_RaceChaosAbilities,H,devourAttackProc,hasShield,onUnitTrained
n031	Nest of Harpy Matriarch	n034	Harpies' Matriarch	2	A0H3	map-resolved	Asp1	1	1	Matriarchs visual			0	0	static-resolved	1	1	static-resolved	-	-	_		{}	{}	3	1	H
n031	Nest of Harpy Matriarch	n034	Harpies' Matriarch	3	A07H	map-resolved	ANcl	1	1	TypeLegendary	Channel	Channels powerful warding magic.	0	0	static-resolved	0	0	static-resolved	500	-	_		"{""DataA"":180,""DataB"":0,""DataC"":0,""DataD"":0.98,""DataE"":1,""DataF"":""channel""}"	"{""Art Duration"":0.98,""Base Order ID"":""channel"",""Disable Other Abilities"":1,""Follow Through Time"":180,""Options"":0,""Target Type"":0}"	5	3	H,fJ,mJ
n031	Nest of Harpy Matriarch	n034	Harpies' Matriarch	4	A0AH	map-resolved	AIsr	1	1	Spell Resist (legendary)			0	0	static-resolved	0	0	static-resolved	-	-	_		"{""DataA"":0,""DataB"":0.7}"	"{""Damage Bonus"":0,""Damage Reduction"":0.7}"	5	3	H,applyWildernessObeliskBuff,hasNoPowerArmorExclusion
n031	Nest of Harpy Matriarch	n034	Harpies' Matriarch	5	A0H1	map-resolved	ACpa	1	1	DST: Matriarch auto	Parasite	Afflicts a target enemy unit with a deadly parasite that deals <ANpa,DataA1> damage per second for <ANpa,Dur1> seconds. If the afflicted unit dies while under the effect of Parasite, a minor minion will spawn from its corpse.	9999	0	protected-runtime	99	16.0	protected-runtime	350	-	air,enemies,ground	B019	"{""DataA"":0,""DataB"":0,""DataC"":0,""DataD"":0,""DataE"":1}"	"{""Attack Speed Factor"":0,""Damage per Second"":0,""Movement Speed Factor"":0,""Stacking Type"":0,""Summoned Unit Count"":1}"	6	3	H,rK,xD
n033	Ogre Den	n02X	Ogre	1	A0J6	map-resolved	Awar	1	1	DST: Pulverize	Pulverize	Gives a <Awar,DataA1>% chance that an attack will deal <Awar,DataB1> damage to nearby units.	0	0	static-resolved	0	0	static-resolved	-	-	enemies,ground		"{""DataA"":30,""DataB"":60,""DataC"":60,""DataD"":100}"	"{""Chance to Stomp (%)"":30,""Damage Dealt"":60,""Full Damage Radius"":60,""Half Damage Radius"":100}"	3	1	H
n033	Ogre Den	n02X	Ogre	2	A05K	map-resolved	ACbh	1	1	Bash	Blunt Force Trauma	Gives a <ACbh,DataA1>% chance that an attack will do <ACbh,DataC1> bonus damage and stun an opponent for <ACbh,Dur1> seconds.	0	0	static-resolved	0	0	static-resolved	-	0	ground	BPSE	"{""DataA"":15,""DataB"":0,""DataC"":25,""DataD"":0,""DataE"":0}"	"{""Chance to Bash"":15,""Chance to Miss"":0,""Damage Bonus"":25,""Damage Multiplier"":0,""Never Miss"":0}"	3	1	H
n033	Ogre Den	n02X	Ogre	3	A0AZ	map-resolved	AIsr	1	1	NAT: Keeper of the Groove (spell resist)			0	0	static-resolved	0	0	static-resolved	-	-	_		"{""DataA"":0,""DataB"":0.2}"	"{""Damage Bonus"":0,""Damage Reduction"":0.2}"	4	2	H,hasNoPowerArmorExclusion
n036	Quillboar Yard	n02V	Quillboar	1	A0G6	map-resolved	AUts	1	1	DST: Thorns	Spiked Carapace - [|cffffcc00Level 1|r]	Enhances the Crypt Lord's chitinous armor with organic barbs, giving the Crypt Lord <AUts,DataC1> bonus armor and returning <AUts,DataA1,%>% of melee attack damage to enemies.	-	-	static-resolved	0	0	static-resolved	-	-	_	B02S	"{""DataA"":0.35,""DataB"":1,""DataC"":0}"	"{""Defense Bonus"":0,""Received Damage Factor"":1,""Returned Damage Factor"":0.35}"	3	1	H
n037	Razormane Abode	n02U	Razormane	1	A0GL	map-resolved	AEfk	1	1	Razor Spray	Razor Spray	The Warden hurls a flurry of knives, damaging nearby enemies. Each knife does <AEfk,DataA1> damage.	9999	40	protected-runtime	99	1.0	protected-runtime	-	400	air,ground,enemy,organic		"{""DataA"":45,""DataB"":300,""DataC"":0,""DataD"":100}"	"{""Damage Per Target"":45,""Maximum Number of Targets"":0,""Maximum Speed Adjustment"":100,""Maximum Total Damage"":300}"	8	3	H,handleFanOfKnives,xD
n037	Razormane Abode	n02U	Razormane	2	A0G7	map-resolved	AUts	1	1	DST: Thorns 70%	Spiked Carapace - [|cffffcc00Level 1|r]	Enhances the Crypt Lord's chitinous armor with organic barbs, giving the Crypt Lord <AUts,DataC1> bonus armor and returning <AUts,DataA1,%>% of melee attack damage to enemies.	-	-	static-resolved	0	0	static-resolved	-	-	_	B02S	"{""DataA"":0.7,""DataB"":1,""DataC"":0}"	"{""Defense Bonus"":0,""Received Damage Factor"":1,""Returned Damage Factor"":0.7}"	3	1	H
n038	Salamander Hatchery	n02Z	Salamander	1	A0HX	map-resolved	AIdf	1	1	DST: salamanders			0	0	static-resolved	0	0	static-resolved	-	-	air,enemies,ground		"{""DataA"":0,""DataB"":35,""DataC"":35,""DataD"":35,""DataE"":0}"	"{""Chance To Hit Heros (%)"":35,""Chance To Hit Summons (%)"":35,""Chance To Hit Units (%)"":35,""Damage Bonus"":0,""Enabled Attack Index"":0}"	3	1	H
n038	Salamander Hatchery	n02Z	Salamander	2	A0H0	map-resolved	AIsr	1	1	spell resist 20%			0	0	static-resolved	0	0	static-resolved	-	-	_		"{""DataA"":0,""DataB"":0.2}"	"{""Damage Bonus"":0,""Damage Reduction"":0.2}"	4	2	H,hasNoPowerArmorExclusion
n039	Sandkin Burrow	n030	Sandkin	1	A0CV	map-resolved	ANcl	1	1	Channel ( Assasin Target )	Channel	Channels powerful warding magic.	0	0	static-resolved	0	0	static-resolved	500	-	_		"{""DataA"":180,""DataB"":0,""DataC"":0,""DataD"":0.98,""DataE"":1,""DataF"":""channel""}"	"{""Art Duration"":0.98,""Base Order ID"":""channel"",""Disable Other Abilities"":1,""Follow Through Time"":180,""Options"":0,""Target Type"":0}"	3	1	H
n039	Sandkin Burrow	n030	Sandkin	2	A0G8	map-resolved	ACpa	1	1	DST: Sandkin abil	Parasite	Afflicts a target enemy unit with a deadly parasite that deals <ANpa,DataA1> damage per second for <ANpa,Dur1> seconds. If the afflicted unit dies while under the effect of Parasite, a minor minion will spawn from its corpse.	9999	35	protected-runtime	99	12.0	protected-runtime	450	-	enemies,ground	B019	"{""DataA"":0,""DataB"":0,""DataC"":0,""DataD"":0,""DataE"":1}"	"{""Attack Speed Factor"":0,""Damage per Second"":0,""Movement Speed Factor"":0,""Stacking Type"":0,""Summoned Unit Count"":1}"	7	3	H,rK,xD
n03B	Nest of Harpy Witch	n032	Harpy Witch	1	A0G9	map-resolved	ACpa	1	1	DST: Harpy auto	Parasite	Afflicts a target enemy unit with a deadly parasite that deals <ANpa,DataA1> damage per second for <ANpa,Dur1> seconds. If the afflicted unit dies while under the effect of Parasite, a minor minion will spawn from its corpse.	9999	24	protected-runtime	99	14.0	protected-runtime	450	-	air,enemies,ground,organic	B019	"{""DataA"":0,""DataB"":0,""DataC"":0,""DataD"":0,""DataE"":1}"	"{""Attack Speed Factor"":0,""Damage per Second"":0,""Movement Speed Factor"":0,""Stacking Type"":0,""Summoned Unit Count"":1}"	6	3	H,rK,xD
n03B	Nest of Harpy Witch	n032	Harpy Witch	2	A0G5	map-resolved	AIdf	1	1	DST: Blind 16%			0	0	static-resolved	0	0	static-resolved	-	-	air,enemies,ground,structure,ward		"{""DataA"":0,""DataB"":16,""DataC"":16,""DataD"":16,""DataE"":0}"	"{""Chance To Hit Heros (%)"":16,""Chance To Hit Summons (%)"":16,""Chance To Hit Units (%)"":16,""Damage Bonus"":0,""Enabled Attack Index"":0}"	3	1	H
n03B	Nest of Harpy Witch	n032	Harpy Witch	3	A00U	map-resolved	ACev	1	1	Evasion	Evasion	Gives a <ACev,DataA1,%>% percent chance to avoid an attack.	-	-	static-resolved	0	0	static-resolved	-	-	_		"{""DataA"":0.15}"	"{""Chance to Evade"":0.15}"	4	2	H,randomizeBloodFiend
n03B	Nest of Harpy Witch	n032	Harpy Witch	4	A0KB	map-resolved	AIva	1	1	Life Steal			0	0	static-resolved	0	0	static-resolved	-	-	air,ground,enemy		"{""DataA"":0.23}"	"{""Life Stolen Per Attack"":0.23}"	3	1	H
n03D	Bamboo Dojo	n03E	Sagepaw Monk	1	A0GN	map-resolved	Ahea	1	1	PAN: Panda Monk Heal	Heal	Heals a target friendly non-mechanical wounded unit for <Ahea,DataA1> hit points.	9999	30	protected-runtime	99	11.0	protected-runtime	350	-	air,ground,friend,vuln,invu,self,organic,nonancient,neutral	Bhea	"{""DataA"":50}"	"{""Hit Points Gained"":50}"	7	3	H,NI,xD
n03F	Brew Hut	n03G	Ironpaw Militia	1	A0G3	map-resolved	ACev	1	1	Evasion	Evasion	Gives a <ACev,DataA1,%>% percent chance to avoid an attack.	-	-	static-resolved	0	0	static-resolved	-	-	_		"{""DataA"":0.1}"	"{""Chance to Evade"":0.1}"	3	1	H
n03F	Brew Hut	n03G	Ironpaw Militia	2	A0GS	map-resolved	Assk	1	1	PAN: Drunk resistance	Hardened Skin	Reduces all attacks on the Mountain Giant by <Assk,DataC1> damage. Attacks cannot be reduced below <Assk,DataB1> damage.	0	0	static-resolved	0	0	static-resolved	-	-	air,enemies,ground		"{""DataA"":100,""DataB"":0,""DataC"":15,""DataD"":1,""DataE"":1}"	"{""Chance to Reduce Damage (%)"":100,""Ignored Damage"":15,""Include Melee Damage"":1,""Include Ranged Damage"":1,""Minimum Damage"":0}"	3	1	H
n03F	Brew Hut	n03G	Ironpaw Militia	3	A0GQ	map-resolved	ACct	1	1	PAN: Drunk	Drunk	Gives a 20% chance to do <ACct,DataB1> times normal damage on an attack.	0	0	static-resolved	0	0	static-resolved	-	0	air,ground,enemy,neutral		"{""DataA"":20,""DataB"":0.1,""DataC"":0,""DataD"":0,""DataE"":0,""DataF"":""-""}"	"{""Chance to Critical Strike"":20,""Chance to Evade"":0,""Damage Bonus"":0,""Damage Multiplier"":0.1,""Exclude Item Damage"":""-"",""Never Miss"":0}"	3	1	H
n03H	Temple of the Wandering Spark	n03I	Echofoot Mystic	1	A0H4	map-resolved	ANcl	1	1	Echo Blink	Channel	Channels powerful warding magic.	0	0	static-resolved	99	20.0	protected-runtime	500	-	_		"{""DataA"":0,""DataB"":0,""DataC"":1,""DataD"":0,""DataE"":0,""DataF"":""earthquake""}"	"{""Art Duration"":0,""Base Order ID"":""earthquake"",""Disable Other Abilities"":0,""Follow Through Time"":0,""Options"":1,""Target Type"":0}"	6	3	DamageListener_addListener_doAfter_ThunderpawSpire_onEvent_addListener_doAfter_ThunderpawSpire,H,xD
n03K	Fighting Tavern	n03J	Ironpaw Guardian	1	A0HG	map-resolved	ACct	1	1	PAN: Whirlwind	Critical Strike	Gives a <ACct,DataA1>% chance to do <ACct,DataB1> times normal damage on an attack.	0	0	static-resolved	0	0	static-resolved	-	0	air,ground,enemy,neutral		"{""DataA"":0,""DataB"":0,""DataC"":0,""DataD"":0,""DataE"":0,""DataF"":""-""}"	"{""Chance to Critical Strike"":0,""Chance to Evade"":0,""Damage Bonus"":0,""Damage Multiplier"":0,""Exclude Item Damage"":""-"",""Never Miss"":0}"	4	2	H,qP
n03K	Fighting Tavern	n03J	Ironpaw Guardian	2	A0HF	map-resolved	ACev	1	1	Evasion	Evasion	Gives a <ACev,DataA1,%>% percent chance to avoid an attack.	-	-	static-resolved	0	0	static-resolved	-	-	_		"{""DataA"":0.2}"	"{""Chance to Evade"":0.2}"	3	1	H
n03K	Fighting Tavern	n03J	Ironpaw Guardian	3	A0H7	map-resolved	Assk	1	1	PAN: Drunk resistance 2	Hardened Skin	Reduces all attacks on the Mountain Giant by <Assk,DataC1> damage. Attacks cannot be reduced below <Assk,DataB1> damage.	0	0	static-resolved	0	0	static-resolved	-	-	air,enemies,ground		"{""DataA"":100,""DataB"":0,""DataC"":30,""DataD"":1,""DataE"":1}"	"{""Chance to Reduce Damage (%)"":100,""Ignored Damage"":30,""Include Melee Damage"":1,""Include Ranged Damage"":1,""Minimum Damage"":0}"	3	1	H
n03K	Fighting Tavern	n03J	Ironpaw Guardian	4	A0GQ	map-resolved	ACct	1	1	PAN: Drunk	Drunk	Gives a 20% chance to do <ACct,DataB1> times normal damage on an attack.	0	0	static-resolved	0	0	static-resolved	-	0	air,ground,enemy,neutral		"{""DataA"":20,""DataB"":0.1,""DataC"":0,""DataD"":0,""DataE"":0,""DataF"":""-""}"	"{""Chance to Critical Strike"":20,""Chance to Evade"":0,""Damage Bonus"":0,""Damage Multiplier"":0.1,""Exclude Item Damage"":""-"",""Never Miss"":0}"	3	1	H
n03L	Jade Shrine	n03M	Jade Elder	1	A0H2	map-resolved	AOae	1	1	PAN: Zen Field Aura	Zen Field Aura	Decreases enemy units'  attack rate by 20%.	-	-	static-resolved	0	0	static-resolved	-	600	air,enemies,ground,organic	B02E	"{""DataA"":0,""DataB"":-0.2}"	"{""Attack Speed Increase (%)"":-0.2,""Movement Speed Increase (%)"":0}"	3	1	H
n03N	Pandaren Siege Workshop	o00H	Brewshock Catapult	1	A0H9	map-resolved	AEpa	1	1	Whirlstone Brew	Poison Arrows - [|cffffcc00Level 1|r]	Adds <AHfa,DataA1> bonus fire damage to an attack against enemies, but drains mana with each shot fired.	9999	50	protected-runtime	0	0	static-resolved	1050	300	air,ground,organic		"{""DataA"":300,""DataB"":0,""DataC"":0,""DataD"":0,""DataE"":0}"	"{""Attack Speed Factor"":0,""Damage per Second"":0,""Extra Damage"":300,""Movement Speed Factor"":0,""Stacking Type"":0}"	4	2	H,xD
n03P	Temple of Ten Thousand Drinks	n03O	Drunken Brewmaster	1	A0HF	map-resolved	ACev	1	1	Evasion	Evasion	Gives a <ACev,DataA1,%>% percent chance to avoid an attack.	-	-	static-resolved	0	0	static-resolved	-	-	_		"{""DataA"":0.2}"	"{""Chance to Evade"":0.2}"	3	1	H
n03P	Temple of Ten Thousand Drinks	n03O	Drunken Brewmaster	2	A0HC	map-resolved	Assk	1	1	PAN: Drunk resistance 3	Hardened Skin	Reduces all attacks on the Mountain Giant by <Assk,DataC1> damage. Attacks cannot be reduced below <Assk,DataB1> damage.	0	0	static-resolved	0	0	static-resolved	-	-	air,enemies,ground		"{""DataA"":100,""DataB"":0,""DataC"":50,""DataD"":1,""DataE"":1}"	"{""Chance to Reduce Damage (%)"":100,""Ignored Damage"":50,""Include Melee Damage"":1,""Include Ranged Damage"":1,""Minimum Damage"":0}"	3	1	H
n03P	Temple of Ten Thousand Drinks	n03O	Drunken Brewmaster	3	A0HH	map-resolved	ACac	1	1	PAN: Brewcommand Aura	Command Aura	Gives extra damage to the attacks of nearby friendly units.	0	0	static-resolved	0	0	static-resolved	-	600	air,ground,friend,self,vuln,invu	B02F	"{""DataA"":0.2,""DataB"":1,""DataC"":1,""DataD"":0}"	"{""Attack Damage Increase"":0.2,""Flat Bonus"":0,""Melee Bonus"":1,""Ranged Bonus"":1}"	3	1	H
n03P	Temple of Ten Thousand Drinks	n03O	Drunken Brewmaster	4	A0HA	map-resolved	ACct	1	1	PAN: Drunk 3	Drunk 3	Gives a 50% chance to do <ACct,DataB1> times normal damage on an attack.	0	0	static-resolved	0	0	static-resolved	-	0	air,ground,enemy,neutral		"{""DataA"":50,""DataB"":0.1,""DataC"":0,""DataD"":0,""DataE"":0,""DataF"":""-""}"	"{""Chance to Critical Strike"":50,""Chance to Evade"":0,""Damage Bonus"":0,""Damage Multiplier"":0.1,""Exclude Item Damage"":""-"",""Never Miss"":0}"	3	1	H
n03P	Temple of Ten Thousand Drinks	n03O	Drunken Brewmaster	5	A070	map-resolved	Amgl	1	1	Leg-anti-hex	Moon Glaive	Gives the Huntress the ability to strike additional units with her bouncing glaive attacks, and changes their armor type to Heavy.	0	0	static-resolved	0	0	static-resolved	-	-	_		{}	{}	7	5	ForGroupCallback_forUnitsInRect_RaceChaosAbilities_callback_forUnitsInRect_RaceChaosAbilities,H,devourAttackProc,hasShield,onUnitTrained
n03P	Temple of Ten Thousand Drinks	n03O	Drunken Brewmaster	6	A06V	map-resolved	Asph	1	1	Legendary Unit			0	0	static-resolved	1	1	static-resolved	-	-	_		{}	{}	5	3	ForGroupCallback_forUnitsInRect_RaceChaosAbilities_callback_forUnitsInRect_RaceChaosAbilities1,ForGroupCallback_forUnitsInRect_RaceCorruptedAbilities_callback_forUnitsInRect_RaceCorruptedAbilities,H
n03P	Temple of Ten Thousand Drinks	n03O	Drunken Brewmaster	7	A07H	map-resolved	ANcl	1	1	TypeLegendary	Channel	Channels powerful warding magic.	0	0	static-resolved	0	0	static-resolved	500	-	_		"{""DataA"":180,""DataB"":0,""DataC"":0,""DataD"":0.98,""DataE"":1,""DataF"":""channel""}"	"{""Art Duration"":0.98,""Base Order ID"":""channel"",""Disable Other Abilities"":1,""Follow Through Time"":180,""Options"":0,""Target Type"":0}"	5	3	H,fJ,mJ
n03P	Temple of Ten Thousand Drinks	n03O	Drunken Brewmaster	8	A0AH	map-resolved	AIsr	1	1	Spell Resist (legendary)			0	0	static-resolved	0	0	static-resolved	-	-	_		"{""DataA"":0,""DataB"":0.7}"	"{""Damage Bonus"":0,""Damage Reduction"":0.7}"	5	3	H,applyWildernessObeliskBuff,hasNoPowerArmorExclusion
n03Q	Cloud Hangar	h07S	Cloud Ship	1	A0GV	map-resolved	AIsr	1	1	Spell Damage Reduction			0	0	static-resolved	0	0	static-resolved	-	-	_		"{""DataA"":0,""DataB"":0.45}"	"{""Damage Bonus"":0,""Damage Reduction"":0.45}"	4	2	H,hasNoPowerArmorExclusion
n03Q	Cloud Hangar	h07S	Cloud Ship	2	A0GZ	map-resolved	Aroc	1	1	Cloud Ship Multishot	Barrage	Allows Siege Engines to fire powerful rockets at nearby enemy air units.	0	0	static-resolved	2	2	static-resolved	-	530	enemies		"{""DataA"":72,""DataB"":630,""DataC"":1}"	"{""Damage Per Target"":72,""Maximum Number of Targets"":1,""Maximum Total Damage"":630}"	3	1	H
n03S	Sagepaw Sanctum	n03T	Sagepaw Soulkeeper	1	A0GN	map-resolved	Ahea	1	1	PAN: Panda Monk Heal	Heal	Heals a target friendly non-mechanical wounded unit for <Ahea,DataA1> hit points.	9999	30	protected-runtime	99	11.0	protected-runtime	350	-	air,ground,friend,vuln,invu,self,organic,nonancient,neutral	Bhea	"{""DataA"":50}"	"{""Hit Points Gained"":50}"	7	3	H,NI,xD
