rawcode	rawcode_integer	names	source_fingerprint	override_fields	override_field_count	static_hp	override_hp	unitstat_hp	hp_source	static_armor	override_armor	unitstat_armor	armor_source	static_armor_type	override_defense_type	static_move_speed	override_move_speed	unitstat_move_speed	move_speed_source	static_attack1_base_damage	override_attack1_base_damage	unitstat_attack1_base_damage	attack1_base_damage_source	static_attack1_dice_number	override_attack1_dice_number	unitstat_attack1_dice_number	attack1_dice_number_source	static_attack1_dice_sides	override_attack1_dice_sides	unitstat_attack1_dice_sides	attack1_dice_sides_source	static_attack1_cooldown	override_attack1_cooldown	unitstat_attack1_cooldown	attack1_cooldown_source	static_attack1_range	override_attack1_range	unitstat_attack1_range	attack1_range_source	unitstat_attack1_min	unitstat_attack1_max	unitstat_attack1_avg	unitstat_attack1_dps	static_attack2_base_damage	override_attack2_base_damage	unitstat_attack2_base_damage	attack2_base_damage_source	static_attack2_dice_number	override_attack2_dice_number	unitstat_attack2_dice_number	attack2_dice_number_source	static_attack2_dice_sides	override_attack2_dice_sides	unitstat_attack2_dice_sides	attack2_dice_sides_source	static_attack2_cooldown	override_attack2_cooldown	unitstat_attack2_cooldown	attack2_cooldown_source	static_attack2_range	override_attack2_range	unitstat_attack2_range	attack2_range_source	unitstat_attack2_min	unitstat_attack2_max	unitstat_attack2_avg	unitstat_attack2_dps	encoded_values_json	source_function	byte_offset
e000	1697656880	Faerie Dragon	960973	hp,armor,attack1_base_damage,attack1_dice_sides,attack1_range	5	1	460	460	protected-runtime	0	2	2	protected-runtime	small		350		350	static-resolved	0	49	49	protected-runtime	1		1	static-resolved	1	1	1	protected-runtime	1.75		1.75	static-resolved	1	350	350	protected-runtime	50.0	50.0	50.0	28.571428571428573	-		-	static-resolved	-		-	static-resolved	-		-	static-resolved	-		-	static-resolved	-		-	static-resolved					[2976,1860,2147483647,2147483647,3857,2147483647,898,2147483647,1863,2147483647,2147483647,2147483647,2147483647,2147483647]	jP	4261360
e001	1697656881	Huntress	708121	hp,armor,move_speed,attack1_base_damage,attack1_dice_sides,attack1_range,defense_type	7	1	300	300	protected-runtime	0	1	1	protected-runtime	small	0	300	300	300	protected-runtime	0	39	39	protected-runtime	1		1	static-resolved	1	4	4	protected-runtime	1.5		1.5	static-resolved	1	400	400	protected-runtime	40.0	43.0	41.5	27.666666666666668	-		-	static-resolved	-		-	static-resolved	-		-	static-resolved	-		-	static-resolved	-		-	static-resolved					[2817,1859,926,1248,3847,2147483647,901,2147483647,1913,2147483647,2147483647,2147483647,2147483647,2147483647]	jP	4261585
e002	1697656882	Glaive Thrower	707060	hp,move_speed,attack1_base_damage,attack1_dice_sides,attack1_range,attack2_range	6	1	400	400	protected-runtime	2		2	static-resolved	medium		250	250	250	protected-runtime	0	79	79	protected-runtime	1		1	static-resolved	1	26	26	protected-runtime	3.5		3.5	static-resolved	1000	1000	1000	protected-runtime	80.0	105.0	92.5	26.428571428571427	-		-	static-resolved	-		-	static-resolved	-		-	static-resolved	-		-	static-resolved	1050	1050	1050	protected-runtime					[2918,2147483647,2147483647,1198,3887,2147483647,923,2147483647,2513,2147483647,2147483647,2147483647,2147483647,2705]	jP	4261797
e003	1697656883	Ranger	212370	hp,armor,move_speed,attack1_base_damage,attack1_dice_sides,attack1_cooldown,attack1_range,defense_type	8	1	500	500	protected-runtime	0	3	3	protected-runtime	small	0	300	300	300	protected-runtime	0	49	49	protected-runtime	1		1	static-resolved	1	31	31	protected-runtime	99	1.04	1.04	protected-runtime	1	425	425	protected-runtime	50.0	80.0	65.0	62.5	-		-	static-resolved	-		-	static-resolved	-		-	static-resolved	-		-	static-resolved	-		-	static-resolved					[3019,1862,926,1248,3857,2147483647,928,1043424,1938,2147483647,2147483647,2147483647,2147483647,2147483647]	jP	4262016
e004	1697656884	Amazon	221849	hp,armor,move_speed,attack1_base_damage,attack1_dice_sides,attack1_cooldown,attack1_range,defense_type	8	1	900	900	protected-runtime	0	5	5	protected-runtime	small	0	300	300	300	protected-runtime	0	69	69	protected-runtime	1		1	static-resolved	1	61	61	protected-runtime	99	1	1	protected-runtime	1	460	460	protected-runtime	70.0	130.0	100.0	100.0	-		-	static-resolved	-		-	static-resolved	-		-	static-resolved	-		-	static-resolved	-		-	static-resolved					[3420,1865,927,1249,3877,2147483647,959,1003424,1973,2147483647,2147483647,2147483647,2147483647,2147483647]	jP	4262225
e007	1697656887	Druid	483813	hp,armor,move_speed,attack1_base_damage,attack1_dice_sides,attack1_range	6	1	325	325	protected-runtime	0	1	1	protected-runtime	small		285	285	285	protected-runtime	0	39	39	protected-runtime	1		1	static-resolved	1	21	21	protected-runtime	1.6		1.6	static-resolved	1	375	375	protected-runtime	40.0	60.0	50.0	31.25	-		-	static-resolved	-		-	static-resolved	-		-	static-resolved	-		-	static-resolved	-		-	static-resolved					[2848,1862,2147483647,1234,3848,2147483647,919,2147483647,1889,2147483647,2147483647,2147483647,2147483647,2147483647]	jP	4262434
e00A	1697656897	Avatar of Vengeance	938001	hp,armor,move_speed,attack1_base_damage,attack1_dice_sides,attack1_cooldown,attack1_range,defense_type	8	1	700	700	protected-runtime	0	8	8	protected-runtime	small	0	340	340	340	protected-runtime	0	49	49	protected-runtime	1		1	static-resolved	1	41	41	protected-runtime	99	0.9	0.9	protected-runtime	1	50	50	protected-runtime	50.0	90.0	70.0	77.77777777777777	-		-	static-resolved	-		-	static-resolved	-		-	static-resolved	-		-	static-resolved	-		-	static-resolved					[3233,1874,931,1292,3860,2147483647,940,903426,1565,2147483647,2147483647,2147483647,2147483647,2147483647]	jP	4262653
e00B	1697656898	Avenging Spirit	714460	hp,move_speed,attack1_base_damage,attack1_dice_sides,attack1_cooldown,attack1_range,defense_type	7	1	425	425	protected-runtime	5		5	static-resolved	small	0	340	340	340	protected-runtime	0	29	29	protected-runtime	1		1	static-resolved	1	31	31	protected-runtime	99	1.2	1.2	protected-runtime	1	100	100	protected-runtime	30.0	60.0	45.0	37.5	-		-	static-resolved	-		-	static-resolved	-		-	static-resolved	-		-	static-resolved	-		-	static-resolved					[2959,2147483647,931,1292,3840,2147483647,931,1203426,1615,2147483647,2147483647,2147483647,2147483647,2147483647]	jP	4262861
e00J	1697656906	Sage Druid	373947	hp,armor,move_speed,attack1_base_damage,attack1_dice_sides,attack1_range	6	1	550	550	protected-runtime	0	3	3	protected-runtime	small		285	285	285	protected-runtime	0	59	59	protected-runtime	1		1	static-resolved	1	31	31	protected-runtime	1.6		1.6	static-resolved	1	375	375	protected-runtime	60.0	90.0	75.0	46.875	-		-	static-resolved	-		-	static-resolved	-		-	static-resolved	-		-	static-resolved	-		-	static-resolved					[3092,1874,2147483647,1239,3872,2147483647,932,2147483647,1891,2147483647,2147483647,2147483647,2147483647,2147483647]	jP	4263076
h00B	1747988546	Fountain of Wonders	308296	hp	1	1	1300	1300	protected-runtime	5		5	static-resolved	fort		-		-	static-resolved	-		-	static-resolved	-		-	static-resolved	-		-	static-resolved	0		0	static-resolved	-		-	static-resolved					-		-	static-resolved	-		-	static-resolved	-		-	static-resolved	-		-	static-resolved	-		-	static-resolved					[3861,2147483647,2147483647,2147483647,2147483647,2147483647,2147483647,2147483647,2147483647,2147483647,2147483647,2147483647,2147483647,2147483647]	jP	4263295
h011	1747988785	Nightelf Siege Factory	749088	hp	1	1	1300	1300	protected-runtime	5		5	static-resolved	fort		-		-	static-resolved	-		-	static-resolved	-		-	static-resolved	-		-	static-resolved	0		0	static-resolved	-		-	static-resolved					-		-	static-resolved	-		-	static-resolved	-		-	static-resolved	-		-	static-resolved	-		-	static-resolved					[4100,2147483647,2147483647,2147483647,2147483647,2147483647,2147483647,2147483647,2147483647,2147483647,2147483647,2147483647,2147483647,2147483647]	jP	4263544
h03D	1747989316	Ranger's Hall	545597	hp	1	1	1400	1400	protected-runtime	5		5	static-resolved	fort		-		-	static-resolved	-		-	static-resolved	-		-	static-resolved	-		-	static-resolved	0		0	static-resolved	-		-	static-resolved					-		-	static-resolved	-		-	static-resolved	-		-	static-resolved	-		-	static-resolved	-		-	static-resolved					[4731,2147483647,2147483647,2147483647,2147483647,2147483647,2147483647,2147483647,2147483647,2147483647,2147483647,2147483647,2147483647,2147483647]	jP	4263794
h03E	1747989317	Amazon's Hall	520369	hp	1	1	1900	1900	protected-runtime	5		5	static-resolved	fort		-		-	static-resolved	-		-	static-resolved	-		-	static-resolved	-		-	static-resolved	0		0	static-resolved	-		-	static-resolved					-		-	static-resolved	-		-	static-resolved	-		-	static-resolved	-		-	static-resolved	-		-	static-resolved					[5232,2147483647,2147483647,2147483647,2147483647,2147483647,2147483647,2147483647,2147483647,2147483647,2147483647,2147483647,2147483647,2147483647]	jP	4264044
h073	1747990323	Elune's Lantern	317277	hp,attack1_base_damage,attack1_dice_number,attack1_dice_sides,attack1_cooldown,attack1_range	6	1	1500	1500	protected-runtime	5		5	static-resolved	fort		-		-	static-resolved	0	49	49	protected-runtime	1	1	1	protected-runtime	1	41	41	protected-runtime	99	0.8	0.8	protected-runtime	850	850	850	protected-runtime	50.0	90.0	70.0	87.5	-		-	static-resolved	-		-	static-resolved	-		-	static-resolved	-		-	static-resolved	-		-	static-resolved					[1745,2147483647,2147483647,2147483647,1765,205,4122,804163,3930,2147483647,2147483647,2147483647,2147483647,2147483647]	jP	4264294
h07D	1747990340	Moon Altar	519135	hp	1	1	1500	1500	protected-runtime	5		5	static-resolved	fort		-		-	static-resolved	-		-	static-resolved	-		-	static-resolved	-		-	static-resolved	0		0	static-resolved	-		-	static-resolved					-		-	static-resolved	-		-	static-resolved	-		-	static-resolved	-		-	static-resolved	-		-	static-resolved					[1762,2147483647,2147483647,2147483647,2147483647,2147483647,2147483647,2147483647,2147483647,2147483647,2147483647,2147483647,2147483647,2147483647]	jP	4264515
h07H	1747990344	Obelisk of Wilderness	238496	hp	1	1	900	900	protected-runtime	5		5	static-resolved	fort		-		-	static-resolved	-		-	static-resolved	-		-	static-resolved	-		-	static-resolved	0		0	static-resolved	-		-	static-resolved					-		-	static-resolved	-		-	static-resolved	-		-	static-resolved	-		-	static-resolved	-		-	static-resolved					[1166,2147483647,2147483647,2147483647,2147483647,2147483647,2147483647,2147483647,2147483647,2147483647,2147483647,2147483647,2147483647,2147483647]	jP	4264765
h07L	1747990348	Guild of Shadows	72357	hp	1	1	1400	1400	protected-runtime	5		5	static-resolved	fort		-		-	static-resolved	-		-	static-resolved	-		-	static-resolved	-		-	static-resolved	0		0	static-resolved	-		-	static-resolved					-		-	static-resolved	-		-	static-resolved	-		-	static-resolved	-		-	static-resolved	-		-	static-resolved					[1670,2147483647,2147483647,2147483647,2147483647,2147483647,2147483647,2147483647,2147483647,2147483647,2147483647,2147483647,2147483647,2147483647]	jP	4265015
h07M	1747990349	House of Shadows	621040	hp	1	1	1300	1300	protected-runtime	5		5	static-resolved	fort		-		-	static-resolved	-		-	static-resolved	-		-	static-resolved	-		-	static-resolved	0		0	static-resolved	-		-	static-resolved					-		-	static-resolved	-		-	static-resolved	-		-	static-resolved	-		-	static-resolved	-		-	static-resolved					[1571,2147483647,2147483647,2147483647,2147483647,2147483647,2147483647,2147483647,2147483647,2147483647,2147483647,2147483647,2147483647,2147483647]	jP	4265264
h07N	1747990350	Scorched Mansion	382766	hp	1	1	1500	1500	protected-runtime	5		5	static-resolved	fort		-		-	static-resolved	-		-	static-resolved	-		-	static-resolved	-		-	static-resolved	0		0	static-resolved	-		-	static-resolved					-		-	static-resolved	-		-	static-resolved	-		-	static-resolved	-		-	static-resolved	-		-	static-resolved					[1772,2147483647,2147483647,2147483647,2147483647,2147483647,2147483647,2147483647,2147483647,2147483647,2147483647,2147483647,2147483647,2147483647]	jP	4265514
h07O	1747990351	Pillaged Hut	193765	hp	1	1	1300	1300	protected-runtime	5		5	static-resolved	fort		-		-	static-resolved	-		-	static-resolved	-		-	static-resolved	-		-	static-resolved	0		0	static-resolved	-		-	static-resolved					-		-	static-resolved	-		-	static-resolved	-		-	static-resolved	-		-	static-resolved	-		-	static-resolved					[1573,2147483647,2147483647,2147483647,2147483647,2147483647,2147483647,2147483647,2147483647,2147483647,2147483647,2147483647,2147483647,2147483647]	jP	4265764
h08P	1747990608	Silver Glade	576048	hp	1	1	1000	1000	protected-runtime	5		5	static-resolved	fort		-		-	static-resolved	-		-	static-resolved	-		-	static-resolved	-		-	static-resolved	0		0	static-resolved	-		-	static-resolved					-		-	static-resolved	-		-	static-resolved	-		-	static-resolved	-		-	static-resolved	-		-	static-resolved					[1530,2147483647,2147483647,2147483647,2147483647,2147483647,2147483647,2147483647,2147483647,2147483647,2147483647,2147483647,2147483647,2147483647]	jP	4266014
n01Z	1848652122	Assassin	606218	hp,move_speed,attack1_base_damage,attack1_dice_sides,attack1_cooldown,defense_type	6	1	375	375	protected-runtime	1		1	static-resolved	medium	1	320	320	320	protected-runtime	0	24	24	protected-runtime	1		1	static-resolved	1	11	11	protected-runtime	99	1	1	protected-runtime	100		100	static-resolved	25.0	35.0	30.0	30.0	-		-	static-resolved	-		-	static-resolved	-		-	static-resolved	-		-	static-resolved	-		-	static-resolved					[3270,2147483647,1053,4432,633,2147483647,1547,1000913,2147483647,2147483647,2147483647,2147483647,2147483647,2147483647]	jP	4266264
n020	1848652336	Royal Assassin	702222	hp,move_speed,attack1_base_damage,attack1_dice_sides,attack1_cooldown,attack1_range,defense_type	7	1	575	575	protected-runtime	2		2	static-resolved	medium	1	330	330	330	protected-runtime	0	39	39	protected-runtime	1		1	static-resolved	1	11	11	protected-runtime	99	0.75	0.75	protected-runtime	1	100	100	protected-runtime	40.0	50.0	45.0	60.0	-		-	static-resolved	-		-	static-resolved	-		-	static-resolved	-		-	static-resolved	-		-	static-resolved					[3684,2147483647,1124,4496,691,2147483647,1577,750940,1679,2147483647,2147483647,2147483647,2147483647,2147483647]	jP	4266486
X089	1479555129	Night Elf Builder	931885	move_speed	1	220		220	static-resolved	0		0	static-resolved	medium		550	550	550	protected-runtime	4		4	static-resolved	1		1	static-resolved	2		2	static-resolved	2		2	static-resolved	90		90	static-resolved	5.0	6.0	5.5	2.75	0		0	static-resolved	1		1	static-resolved	1		1	static-resolved	1.1		1.1	static-resolved	66		66	static-resolved	1.0	1.0	1.0	0.9090909090909091	[2147483647,2147483647,2147483647,3006,2147483647,2147483647,2147483647,2147483647,2147483647,2147483647,2147483647,2147483647,2147483647,2147483647]	jP	4266701
e005	1697656885	Ballista	251517	hp,armor,move_speed,attack1_base_damage,attack1_dice_sides,attack1_cooldown,attack1_range,attack2_range,defense_type	9	1	500	500	protected-runtime	0	3	3	protected-runtime	medium	1	250	250	250	protected-runtime	0	99	99	protected-runtime	1		1	static-resolved	1	51	51	protected-runtime	99	4	4	protected-runtime	850	850	850	protected-runtime	100.0	150.0	125.0	31.25	-		-	static-resolved	-		-	static-resolved	-		-	static-resolved	-		-	static-resolved	1050	1050	1050	protected-runtime					[3021,1863,928,1199,3908,2147483647,949,4003424,2363,2147483647,2147483647,2147483647,2147483647,2706]	jP	4266951
h005	1747988533	Obelisk of Light	634849	hp	1	1	900	900	protected-runtime	5		5	static-resolved	fort		-		-	static-resolved	-		-	static-resolved	-		-	static-resolved	-		-	static-resolved	0		0	static-resolved	-		-	static-resolved					-		-	static-resolved	-		-	static-resolved	-		-	static-resolved	-		-	static-resolved	-		-	static-resolved					[3448,2147483647,2147483647,2147483647,2147483647,2147483647,2147483647,2147483647,2147483647,2147483647,2147483647,2147483647,2147483647,2147483647]	jP	4267154
h00T	1747988564	Hall of Honor	462833	hp	1	1	1300	1300	protected-runtime	5		5	static-resolved	fort		-		-	static-resolved	-		-	static-resolved	-		-	static-resolved	-		-	static-resolved	0		0	static-resolved	-		-	static-resolved					-		-	static-resolved	-		-	static-resolved	-		-	static-resolved	-		-	static-resolved	-		-	static-resolved					[3879,2147483647,2147483647,2147483647,2147483647,2147483647,2147483647,2147483647,2147483647,2147483647,2147483647,2147483647,2147483647,2147483647]	jP	4267404
h00U	1747988565	Bloodthirster	469355	hp,attack1_base_damage,attack1_dice_sides,attack1_cooldown,attack1_range,defense_type	6	1	525	525	protected-runtime	3		3	static-resolved	medium	1	300		300	static-resolved	0	54	54	protected-runtime	1		1	static-resolved	1	6	6	protected-runtime	99	1.5	1.5	protected-runtime	1	390	390	protected-runtime	55.0	60.0	57.5	38.333333333333336	-		-	static-resolved	-		-	static-resolved	-		-	static-resolved	-		-	static-resolved	-		-	static-resolved					[3105,2147483647,948,2147483647,1419,2147483647,3836,1503943,3274,2147483647,2147483647,2147483647,2147483647,2147483647]	jP	4267654
h00V	1747988566	Bloodelf War Academy	35558	hp	1	1	1300	1300	protected-runtime	5		5	static-resolved	fort		-		-	static-resolved	-		-	static-resolved	-		-	static-resolved	-		-	static-resolved	0		0	static-resolved	-		-	static-resolved					-		-	static-resolved	-		-	static-resolved	-		-	static-resolved	-		-	static-resolved	-		-	static-resolved					[3881,2147483647,2147483647,2147483647,2147483647,2147483647,2147483647,2147483647,2147483647,2147483647,2147483647,2147483647,2147483647,2147483647]	jP	4267876
h00W	1747988567	Wizard	878085	hp,armor,move_speed,attack1_base_damage,attack1_dice_sides,attack1_cooldown,attack1_range	7	1	850	850	protected-runtime	0	4	4	protected-runtime	small		290	290	290	protected-runtime	0	89	89	protected-runtime	1		1	static-resolved	1	21	21	protected-runtime	99	1.8	1.8	protected-runtime	1	650	650	protected-runtime	90.0	110.0	100.0	55.55555555555556	-		-	static-resolved	-		-	static-resolved	-		-	static-resolved	-		-	static-resolved	-		-	static-resolved					[3432,3941,2147483647,2277,1454,2147483647,3851,1803943,3534,2147483647,2147483647,2147483647,2147483647,2147483647]	jP	4268125
h00X	1747988568	Tower of Supreme Magic	772059	hp	1	1	2000	2000	protected-runtime	5		5	static-resolved	fort		-		-	static-resolved	-		-	static-resolved	-		-	static-resolved	-		-	static-resolved	0		0	static-resolved	-		-	static-resolved					-		-	static-resolved	-		-	static-resolved	-		-	static-resolved	-		-	static-resolved	-		-	static-resolved					[4583,2147483647,2147483647,2147483647,2147483647,2147483647,2147483647,2147483647,2147483647,2147483647,2147483647,2147483647,2147483647,2147483647]	jP	4268342
h00Z	1747988570	City of Magic	967968	hp	1	1	1000	1000	protected-runtime	5		5	static-resolved	fort		-		-	static-resolved	-		-	static-resolved	-		-	static-resolved	-		-	static-resolved	0		0	static-resolved	-		-	static-resolved					-		-	static-resolved	-		-	static-resolved	-		-	static-resolved	-		-	static-resolved	-		-	static-resolved					[3585,2147483647,2147483647,2147483647,2147483647,2147483647,2147483647,2147483647,2147483647,2147483647,2147483647,2147483647,2147483647,2147483647]	jP	4268592
h014	1747988788	Arcane Tower	518637	hp,attack1_base_damage,attack1_dice_number,attack1_dice_sides,attack1_cooldown,attack1_range	6	1	1500	1500	protected-runtime	5		5	static-resolved	fort		-		-	static-resolved	0	54	54	protected-runtime	1	1	1	protected-runtime	1	6	6	protected-runtime	99	1.2	1.2	protected-runtime	675	675	675	protected-runtime	55.0	60.0	57.5	47.91666666666667	-		-	static-resolved	-		-	static-resolved	-		-	static-resolved	-		-	static-resolved	-		-	static-resolved					[4303,2147483647,2147483647,2147483647,1463,4042,3868,1203971,3584,2147483647,2147483647,2147483647,2147483647,2147483647]	jP	4268842
h03F	1747989318	Hall of the Eldest	856006	hp	1	1	1500	1500	protected-runtime	5		5	static-resolved	fort		-		-	static-resolved	-		-	static-resolved	-		-	static-resolved	-		-	static-resolved	0		0	static-resolved	-		-	static-resolved					-		-	static-resolved	-		-	static-resolved	-		-	static-resolved	-		-	static-resolved	-		-	static-resolved					[4833,2147483647,2147483647,2147483647,2147483647,2147483647,2147483647,2147483647,2147483647,2147483647,2147483647,2147483647,2147483647,2147483647]	jP	4269065
h059	1747989817	Golden Shrine of Justice	907009	hp	1	1	1250	1250	protected-runtime	5		5	static-resolved	fort		-		-	static-resolved	-		-	static-resolved	-		-	static-resolved	-		-	static-resolved	0		0	static-resolved	-		-	static-resolved					-		-	static-resolved	-		-	static-resolved	-		-	static-resolved	-		-	static-resolved	-		-	static-resolved					[5082,2147483647,2147483647,2147483647,2147483647,2147483647,2147483647,2147483647,2147483647,2147483647,2147483647,2147483647,2147483647,2147483647]	jP	4269315
h069	1747990073	Spare Part Heap	371767	hp	1	1	1000	1000	protected-runtime	5		5	static-resolved	fort		-		-	static-resolved	-		-	static-resolved	-		-	static-resolved	-		-	static-resolved	0		0	static-resolved	-		-	static-resolved					-		-	static-resolved	-		-	static-resolved	-		-	static-resolved	-		-	static-resolved	-		-	static-resolved					[5088,2147483647,2147483647,2147483647,2147483647,2147483647,2147483647,2147483647,2147483647,2147483647,2147483647,2147483647,2147483647,2147483647]	jP	4269565
h06Y	1747990105	Dragonhawk Portal	486115	hp	1	1	1400	1400	protected-runtime	5		5	static-resolved	fort		-		-	static-resolved	-		-	static-resolved	-		-	static-resolved	-		-	static-resolved	0		0	static-resolved	-		-	static-resolved					-		-	static-resolved	-		-	static-resolved	-		-	static-resolved	-		-	static-resolved	-		-	static-resolved					[5520,2147483647,2147483647,2147483647,2147483647,2147483647,2147483647,2147483647,2147483647,2147483647,2147483647,2147483647,2147483647,2147483647]	jP	4269815
h070	1747990320	Highelf Siege Factory	54189	hp	1	1	1400	1400	protected-runtime	5		5	static-resolved	fort		-		-	static-resolved	-		-	static-resolved	-		-	static-resolved	-		-	static-resolved	0		0	static-resolved	-		-	static-resolved					-		-	static-resolved	-		-	static-resolved	-		-	static-resolved	-		-	static-resolved	-		-	static-resolved					[1642,2147483647,2147483647,2147483647,2147483647,2147483647,2147483647,2147483647,2147483647,2147483647,2147483647,2147483647,2147483647,2147483647]	jP	4270065
h07B	1747990338	Sorceress	816035	hp,armor,move_speed,attack1_base_damage,attack1_dice_sides,attack1_cooldown,attack1_range	7	1	550	550	protected-runtime	0	2	2	protected-runtime	small		300	300	300	protected-runtime	0	44	44	protected-runtime	1		1	static-resolved	1	11	11	protected-runtime	99	1.8	1.8	protected-runtime	1	500	500	protected-runtime	45.0	55.0	50.0	27.77777777777778	-		-	static-resolved	-		-	static-resolved	-		-	static-resolved	-		-	static-resolved	-		-	static-resolved					[810,732,2147483647,2730,1763,2147483647,4094,1804165,3581,2147483647,2147483647,2147483647,2147483647,2147483647]	jP	4270314
h08Y	1747990617	Archery Tower	104042	hp	1	1	1400	1400	protected-runtime	5		5	static-resolved	fort		-		-	static-resolved	-		-	static-resolved	-		-	static-resolved	-		-	static-resolved	0		0	static-resolved	-		-	static-resolved					-		-	static-resolved	-		-	static-resolved	-		-	static-resolved	-		-	static-resolved	-		-	static-resolved					[1939,2147483647,2147483647,2147483647,2147483647,2147483647,2147483647,2147483647,2147483647,2147483647,2147483647,2147483647,2147483647,2147483647]	jP	4270529
h09X	1747990872	School of Wizardry	126643	hp	1	1	1400	1400	protected-runtime	5		5	static-resolved	fort		-		-	static-resolved	-		-	static-resolved	-		-	static-resolved	-		-	static-resolved	0		0	static-resolved	-		-	static-resolved					-		-	static-resolved	-		-	static-resolved	-		-	static-resolved	-		-	static-resolved	-		-	static-resolved					[2194,2147483647,2147483647,2147483647,2147483647,2147483647,2147483647,2147483647,2147483647,2147483647,2147483647,2147483647,2147483647,2147483647]	jP	4270779
n006	1848651830	Blademaster	539740	hp,armor,move_speed,attack1_base_damage,attack1_dice_number,attack1_dice_sides,attack1_cooldown,attack1_range	8	1	400	400	protected-runtime	0	7	7	protected-runtime	large		325	325	325	protected-runtime	0	19	19	protected-runtime	1	1	1	protected-runtime	1	16	16	protected-runtime	99	0.7	0.7	protected-runtime	1	100	100	protected-runtime	20.0	35.0	27.5	39.285714285714285	-		-	static-resolved	-		-	static-resolved	-		-	static-resolved	-		-	static-resolved	-		-	static-resolved					[3003,3955,2147483647,4364,570,4009,1510,700876,1622,2147483647,2147483647,2147483647,2147483647,2147483647]	jP	4271029
n00Y	1848651865	Elder Blademaster	697973	hp,armor,move_speed,attack1_base_damage,attack1_dice_number,attack1_dice_sides,attack1_cooldown,attack1_range	8	1	800	800	protected-runtime	0	10	10	protected-runtime	large		340	340	340	protected-runtime	0	39	39	protected-runtime	1	1	1	protected-runtime	1	11	11	protected-runtime	99	0.5	0.5	protected-runtime	1	120	120	protected-runtime	40.0	50.0	45.0	90.0	-		-	static-resolved	-		-	static-resolved	-		-	static-resolved	-		-	static-resolved	-		-	static-resolved					[3438,3975,2147483647,4388,597,4015,1510,500881,1646,2147483647,2147483647,2147483647,2147483647,2147483647]	jP	4271238
n01U	1848652117	Gobbo Machinist	639156	move_speed,attack1_range,defense_type	3	80		80	static-resolved	1		1	static-resolved	none	7	500	500	500	protected-runtime	11		11	static-resolved	1		1	static-resolved	3		3	static-resolved	1		1	static-resolved	1	500	500	protected-runtime	12.0	14.0	13.0	13.0	-		-	static-resolved	-		-	static-resolved	-		-	static-resolved	-		-	static-resolved	-		-	static-resolved					[2147483647,2147483647,1057,4611,2147483647,2147483647,2147483647,2147483647,2054,2147483647,2147483647,2147483647,2147483647,2147483647]	jP	4271447
n01Y	1848652121	Dragonhawk Rider	424972	hp,armor,move_speed,attack1_base_damage,attack1_dice_sides,attack1_cooldown,attack1_range,defense_type	8	1	650	650	protected-runtime	0	3	3	protected-runtime	large	2	330	330	330	protected-runtime	0	49	49	protected-runtime	1		1	static-resolved	1	41	41	protected-runtime	99	1.5	1.5	protected-runtime	1	450	450	protected-runtime	50.0	90.0	70.0	46.666666666666664	-		-	static-resolved	-		-	static-resolved	-		-	static-resolved	-		-	static-resolved	-		-	static-resolved					[3544,4096,1053,4442,658,2147483647,1577,1500913,2005,2147483647,2147483647,2147483647,2147483647,2147483647]	jP	4271685
n022	1848652338	Archer	591250	hp,armor,move_speed,attack1_base_damage,attack1_dice_sides,attack1_cooldown,attack1_range,defense_type	8	1	320	320	protected-runtime	0	2	2	protected-runtime	none	7	300	300	300	protected-runtime	0	34	34	protected-runtime	1		1	static-resolved	1	6	6	protected-runtime	99	1.3	1.3	protected-runtime	1	450	450	protected-runtime	35.0	40.0	37.5	28.846153846153847	-		-	static-resolved	-		-	static-resolved	-		-	static-resolved	-		-	static-resolved	-		-	static-resolved					[3431,111,1131,4466,686,2147483647,1573,1300940,2029,2147483647,2147483647,2147483647,2147483647,2147483647]	jP	4271895
n023	1848652339	Master Archer	211486	hp,armor,move_speed,attack1_base_damage,attack1_dice_sides,attack1_cooldown,defense_type	7	1	525	525	protected-runtime	0	4	4	protected-runtime	none	7	300	300	300	protected-runtime	0	69	69	protected-runtime	1		1	static-resolved	1	31	31	protected-runtime	99	1.01	1.01	protected-runtime	650		650	static-resolved	70.0	100.0	85.0	84.15841584158416	-		-	static-resolved	-		-	static-resolved	-		-	static-resolved	-		-	static-resolved	-		-	static-resolved					[3637,113,1131,4466,721,2147483647,1598,1010940,2147483647,2147483647,2147483647,2147483647,2147483647,2147483647]	jP	4272104
X00P	1479553104	Elf Builder	46522	move_speed	1	220		220	static-resolved	0		0	static-resolved	medium		550	550	550	protected-runtime	4		4	static-resolved	1		1	static-resolved	2		2	static-resolved	2		2	static-resolved	90		90	static-resolved	5.0	6.0	5.5	2.75	0		0	static-resolved	1		1	static-resolved	1		1	static-resolved	1.1		1.1	static-resolved	66		66	static-resolved	1.0	1.0	1.0	0.9090909090909091	[2147483647,2147483647,2147483647,2500,2147483647,2147483647,2147483647,2147483647,2147483647,2147483647,2147483647,2147483647,2147483647,2147483647]	jP	4272319
e006	1697656886	Dryad	938528	hp,armor,move_speed,attack1_base_damage,attack1_dice_sides,attack1_cooldown,attack1_range,defense_type	8	1	500	500	protected-runtime	0	3	3	protected-runtime	medium	1	310	310	310	protected-runtime	0	49	49	protected-runtime	1		1	static-resolved	1	21	21	protected-runtime	99	1.6	1.6	protected-runtime	1	400	400	protected-runtime	50.0	70.0	60.0	37.5	-		-	static-resolved	-		-	static-resolved	-		-	static-resolved	-		-	static-resolved	-		-	static-resolved					[3022,1864,928,1259,3858,2147483647,919,1603424,1913,2147483647,2147483647,2147483647,2147483647,2147483647]	jP	4272568
e009	1697656889	Keeper of the Grove	237064	hp,armor,move_speed,attack1_base_damage,attack1_dice_sides,attack1_cooldown,attack1_range,defense_type	8	1	700	700	protected-runtime	0	5	5	protected-runtime	medium	1	300	300	300	protected-runtime	0	79	79	protected-runtime	1		1	static-resolved	1	21	21	protected-runtime	99	1.2	1.2	protected-runtime	1	450	450	protected-runtime	80.0	100.0	90.0	75.0	-		-	static-resolved	-		-	static-resolved	-		-	static-resolved	-		-	static-resolved	-		-	static-resolved					[3225,1867,929,1250,3888,2147483647,919,1203425,1964,2147483647,2147483647,2147483647,2147483647,2147483647]	jP	4272777
e00C	1697656899	Ancient Keeper	217982	hp,armor,move_speed,attack1_base_damage,attack1_dice_sides,attack1_cooldown,attack1_range,defense_type	8	1	1000	1000	protected-runtime	0	7	7	protected-runtime	medium	1	290	290	290	protected-runtime	0	139	139	protected-runtime	1		1	static-resolved	1	11	11	protected-runtime	99	2.1	2.1	protected-runtime	1	550	550	protected-runtime	140.0	150.0	145.0	69.04761904761905	-		-	static-resolved	-		-	static-resolved	-		-	static-resolved	-		-	static-resolved	-		-	static-resolved					[3535,1874,933,1242,3950,2147483647,911,2103426,2065,2147483647,2147483647,2147483647,2147483647,2147483647]	jP	4272986
e00D	1697656900	Treant	419653	hp,armor,move_speed,attack1_base_damage,attack1_dice_sides,attack1_cooldown	6	1	400	400	protected-runtime	0	5	5	protected-runtime	medium		270	270	270	protected-runtime	0	24	24	protected-runtime	1		1	static-resolved	1	11	11	protected-runtime	99	1.5	1.5	protected-runtime	100		100	static-resolved	25.0	35.0	30.0	20.0	-		-	static-resolved	-		-	static-resolved	-		-	static-resolved	-		-	static-resolved	-		-	static-resolved					[2936,1873,2147483647,1223,3836,2147483647,911,1503426,2147483647,2147483647,2147483647,2147483647,2147483647,2147483647]	jP	4273195
e00F	1697656902	Mountain Giant	121148	hp,armor,move_speed,attack1_base_damage,attack1_dice_number,attack1_dice_sides,attack1_cooldown,attack2_base_damage,attack2_dice_number,attack2_dice_sides,attack2_cooldown,attack2_range,defense_type	13	1	800	800	protected-runtime	0	8	8	protected-runtime	fort	3	250	250	250	protected-runtime	0	124	124	protected-runtime	1	1	1	protected-runtime	1	51	51	protected-runtime	99	1.8	1.8	protected-runtime	128		128	static-resolved	125.0	175.0	150.0	83.33333333333333	0	174	174	protected-runtime	1	1	1	protected-runtime	1	26	26	protected-runtime	99	2.2	2.2	protected-runtime	150	150	150	protected-runtime	175.0	200.0	187.5	85.22727272727272	[3338,1877,936,1203,3936,1952,951,1803426,2147483647,356,2618,2789,2200518,1807]	jP	4273417
e00G	1697656903	Visioneer	372499	hp,armor,move_speed,attack1_base_damage,attack1_dice_sides,attack1_cooldown,attack1_range,attack2_base_damage,attack2_dice_number,attack2_dice_sides,attack2_cooldown,attack2_range	12	1	900	900	protected-runtime	0	8	8	protected-runtime	small		310	310	310	protected-runtime	0	119	119	protected-runtime	1		1	static-resolved	1	21	21	protected-runtime	99	4	4	protected-runtime	1000	1000	1000	protected-runtime	120.0	140.0	130.0	32.5	0	80	80	protected-runtime	1	1	1	protected-runtime	1	21	21	protected-runtime	99	1	1	protected-runtime	550	550	550	protected-runtime	81.0	101.0	91.0	91.0	[3439,1877,2147483647,1263,3931,2147483647,921,4003426,2515,262,2618,2784,1000518,2207]	jP	4273598
h002	1747988530	Spider Egg Clutch	726487	hp	1	1	1300	1300	protected-runtime	5		5	static-resolved	fort		-		-	static-resolved	-		-	static-resolved	-		-	static-resolved	-		-	static-resolved	0		0	static-resolved	-		-	static-resolved					-		-	static-resolved	-		-	static-resolved	-		-	static-resolved	-		-	static-resolved	-		-	static-resolved					[3845,2147483647,2147483647,2147483647,2147483647,2147483647,2147483647,2147483647,2147483647,2147483647,2147483647,2147483647,2147483647,2147483647]	jP	4273786
h00Q	1747988561	Spider Egg Nest	341425	hp	1	1	1400	1400	protected-runtime	5		5	static-resolved	fort		-		-	static-resolved	-		-	static-resolved	-		-	static-resolved	-		-	static-resolved	0		0	static-resolved	-		-	static-resolved					-		-	static-resolved	-		-	static-resolved	-		-	static-resolved	-		-	static-resolved	-		-	static-resolved					[3976,2147483647,2147483647,2147483647,2147483647,2147483647,2147483647,2147483647,2147483647,2147483647,2147483647,2147483647,2147483647,2147483647]	jP	4274036
h00R	1747988562	Spider Egg Hatchery	840835	hp	1	1	1700	1700	protected-runtime	5		5	static-resolved	fort		-		-	static-resolved	-		-	static-resolved	-		-	static-resolved	-		-	static-resolved	0		0	static-resolved	-		-	static-resolved					-		-	static-resolved	-		-	static-resolved	-		-	static-resolved	-		-	static-resolved	-		-	static-resolved					[4277,2147483647,2147483647,2147483647,2147483647,2147483647,2147483647,2147483647,2147483647,2147483647,2147483647,2147483647,2147483647,2147483647]	jP	4274286
h012	1747988786	Furbolg Abode	773133	hp	1	1	1400	1400	protected-runtime	5		5	static-resolved	fort		-		-	static-resolved	-		-	static-resolved	-		-	static-resolved	-		-	static-resolved	0		0	static-resolved	-		-	static-resolved					-		-	static-resolved	-		-	static-resolved	-		-	static-resolved	-		-	static-resolved	-		-	static-resolved					[4201,2147483647,2147483647,2147483647,2147483647,2147483647,2147483647,2147483647,2147483647,2147483647,2147483647,2147483647,2147483647,2147483647]	jP	4274536
h013	1747988787	Ancient of Growth	321813	hp	1	1	1300	1300	protected-runtime	5		5	static-resolved	fort		-		-	static-resolved	-		-	static-resolved	-		-	static-resolved	-		-	static-resolved	0		0	static-resolved	-		-	static-resolved					-		-	static-resolved	-		-	static-resolved	-		-	static-resolved	-		-	static-resolved	-		-	static-resolved					[4102,2147483647,2147483647,2147483647,2147483647,2147483647,2147483647,2147483647,2147483647,2147483647,2147483647,2147483647,2147483647,2147483647]	jP	4274786
h01H	1747988808	Ancient of Life	548485	hp	1	1	1600	1600	protected-runtime	5		5	static-resolved	fort		-		-	static-resolved	-		-	static-resolved	-		-	static-resolved	-		-	static-resolved	0		0	static-resolved	-		-	static-resolved					-		-	static-resolved	-		-	static-resolved	-		-	static-resolved	-		-	static-resolved	-		-	static-resolved					[4423,2147483647,2147483647,2147483647,2147483647,2147483647,2147483647,2147483647,2147483647,2147483647,2147483647,2147483647,2147483647,2147483647]	jP	4275036
h01J	1747988810	Ancient of Eternity	71937	hp	1	1	2000	2000	protected-runtime	5		5	static-resolved	fort		-		-	static-resolved	-		-	static-resolved	-		-	static-resolved	-		-	static-resolved	0		0	static-resolved	-		-	static-resolved					-		-	static-resolved	-		-	static-resolved	-		-	static-resolved	-		-	static-resolved	-		-	static-resolved					[4825,2147483647,2147483647,2147483647,2147483647,2147483647,2147483647,2147483647,2147483647,2147483647,2147483647,2147483647,2147483647,2147483647]	jP	4275286
h023	1747989043	Ancient of Slumber	630778	hp	1	1	1300	1300	protected-runtime	5		5	static-resolved	fort		-		-	static-resolved	-		-	static-resolved	-		-	static-resolved	-		-	static-resolved	0		0	static-resolved	-		-	static-resolved					-		-	static-resolved	-		-	static-resolved	-		-	static-resolved	-		-	static-resolved	-		-	static-resolved					[4358,2147483647,2147483647,2147483647,2147483647,2147483647,2147483647,2147483647,2147483647,2147483647,2147483647,2147483647,2147483647,2147483647]	jP	4275535
h024	1747989044	Ancient of Hibernation	392504	hp	1	1	1500	1500	protected-runtime	5		5	static-resolved	fort		-		-	static-resolved	-		-	static-resolved	-		-	static-resolved	-		-	static-resolved	0		0	static-resolved	-		-	static-resolved					-		-	static-resolved	-		-	static-resolved	-		-	static-resolved	-		-	static-resolved	-		-	static-resolved					[4559,2147483647,2147483647,2147483647,2147483647,2147483647,2147483647,2147483647,2147483647,2147483647,2147483647,2147483647,2147483647,2147483647]	jP	4275785
h027	1747989047	Emerald Dragon Roost	513912	hp	1	1	1400	1400	protected-runtime	5		5	static-resolved	fort		-		-	static-resolved	-		-	static-resolved	-		-	static-resolved	-		-	static-resolved	0		0	static-resolved	-		-	static-resolved					-		-	static-resolved	-		-	static-resolved	-		-	static-resolved	-		-	static-resolved	-		-	static-resolved					[4462,2147483647,2147483647,2147483647,2147483647,2147483647,2147483647,2147483647,2147483647,2147483647,2147483647,2147483647,2147483647,2147483647]	jP	4276035
h028	1747989048	Monolith	275638	hp	1	1	1600	1600	protected-runtime	5		5	static-resolved	fort		-		-	static-resolved	-		-	static-resolved	-		-	static-resolved	-		-	static-resolved	0		0	static-resolved	-		-	static-resolved					-		-	static-resolved	-		-	static-resolved	-		-	static-resolved	-		-	static-resolved	-		-	static-resolved					[4663,2147483647,2147483647,2147483647,2147483647,2147483647,2147483647,2147483647,2147483647,2147483647,2147483647,2147483647,2147483647,2147483647]	jP	4276285
h02A	1747989057	Ancient of Gale	689135	hp	1	1	900	900	protected-runtime	5		5	static-resolved	fort		-		-	static-resolved	-		-	static-resolved	-		-	static-resolved	-		-	static-resolved	0		0	static-resolved	-		-	static-resolved					-		-	static-resolved	-		-	static-resolved	-		-	static-resolved	-		-	static-resolved	-		-	static-resolved					[3972,2147483647,2147483647,2147483647,2147483647,2147483647,2147483647,2147483647,2147483647,2147483647,2147483647,2147483647,2147483647,2147483647]	jP	4276535
h02C	1747989059	Ancient Guardian	999544	hp	1	1	1000	1000	protected-runtime	5		5	static-resolved	fort		-		-	static-resolved	-		-	static-resolved	-		-	static-resolved	-		-	static-resolved	0		0	static-resolved	-		-	static-resolved					-		-	static-resolved	-		-	static-resolved	-		-	static-resolved	-		-	static-resolved	-		-	static-resolved					[4074,2147483647,2147483647,2147483647,2147483647,2147483647,2147483647,2147483647,2147483647,2147483647,2147483647,2147483647,2147483647,2147483647]	jP	4276785
h02D	1747989060	Ancient of Wonders	974316	hp	1	1	1500	1500	protected-runtime	5		5	static-resolved	fort		-		-	static-resolved	-		-	static-resolved	-		-	static-resolved	-		-	static-resolved	0		0	static-resolved	-		-	static-resolved					-		-	static-resolved	-		-	static-resolved	-		-	static-resolved	-		-	static-resolved	-		-	static-resolved					[4575,2147483647,2147483647,2147483647,2147483647,2147483647,2147483647,2147483647,2147483647,2147483647,2147483647,2147483647,2147483647,2147483647]	jP	4277035
h071	1747990321	Enigma	602872	hp	1	1	1300	1300	protected-runtime	5		5	static-resolved	fort		-		-	static-resolved	-		-	static-resolved	-		-	static-resolved	-		-	static-resolved	0		0	static-resolved	-		-	static-resolved					-		-	static-resolved	-		-	static-resolved	-		-	static-resolved	-		-	static-resolved	-		-	static-resolved					[1543,2147483647,2147483647,2147483647,2147483647,2147483647,2147483647,2147483647,2147483647,2147483647,2147483647,2147483647,2147483647,2147483647]	jP	4277285
n00U	1848651861	Black Spider	50153	hp,armor,move_speed,attack1_base_damage,attack1_dice_sides,attack1_cooldown,defense_type	7	1	250	250	protected-runtime	0	1	1	protected-runtime	none	7	330	330	330	protected-runtime	0	27	27	protected-runtime	1		1	static-resolved	1	6	6	protected-runtime	99	1	1	protected-runtime	100		100	static-resolved	28.0	33.0	30.5	30.5	-		-	static-resolved	-		-	static-resolved	-		-	static-resolved	-		-	static-resolved	-		-	static-resolved					[2884,3964,972,4377,584,2147483647,1505,1000880,2147483647,2147483647,2147483647,2147483647,2147483647,2147483647]	jP	4277534
n01N	1848652110	Giant Spider	571573	hp,armor,move_speed,attack1_base_damage,attack1_dice_sides,attack1_cooldown,defense_type	7	1	500	500	protected-runtime	0	4	4	protected-runtime	none	7	330	330	330	protected-runtime	0	64	64	protected-runtime	1		1	static-resolved	1	11	11	protected-runtime	99	1.3	1.3	protected-runtime	100		100	static-resolved	65.0	75.0	70.0	53.84615384615385	-		-	static-resolved	-		-	static-resolved	-		-	static-resolved	-		-	static-resolved	-		-	static-resolved					[3383,4092,1055,4439,671,2147483647,1545,1300911,2147483647,2147483647,2147483647,2147483647,2147483647,2147483647]	jP	4277748
n01W	1848652119	Brood Mother	843741	hp,armor,move_speed,attack1_base_damage,attack1_dice_sides,attack1_cooldown,defense_type	7	1	900	900	protected-runtime	0	6	6	protected-runtime	none	7	330	330	330	protected-runtime	0	89	89	protected-runtime	1		1	static-resolved	1	21	21	protected-runtime	99	1.5	1.5	protected-runtime	100		100	static-resolved	90.0	110.0	100.0	66.66666666666667	-		-	static-resolved	-		-	static-resolved	-		-	static-resolved	-		-	static-resolved	-		-	static-resolved					[3792,4098,1058,4441,697,2147483647,1556,1500912,2147483647,2147483647,2147483647,2147483647,2147483647,2147483647]	jP	4277964
n026	1848652342	Furbolg Shaman	141828	hp,armor,move_speed,attack1_base_damage,attack1_dice_sides,attack1_cooldown,attack1_range,defense_type	8	1	450	450	protected-runtime	0	1	1	protected-runtime	small	0	280	280	280	protected-runtime	0	49	49	protected-runtime	1		1	static-resolved	1	6	6	protected-runtime	99	1.4	1.4	protected-runtime	1	400	400	protected-runtime	50.0	55.0	52.5	37.5	-		-	static-resolved	-		-	static-resolved	-		-	static-resolved	-		-	static-resolved	-		-	static-resolved					[3565,112,1125,4447,702,2147483647,1573,1400940,1979,2147483647,2147483647,2147483647,2147483647,2147483647]	jP	4278180
n028	1848652344	Furbolg Elder Shaman	995888	hp,move_speed,attack1_base_damage,attack1_dice_sides,attack1_cooldown,attack1_range,defense_type	7	1	650	650	protected-runtime	3		3	static-resolved	small	0	280	280	280	protected-runtime	0	69	69	protected-runtime	1		1	static-resolved	1	26	26	protected-runtime	99	1.4	1.4	protected-runtime	1	450	450	protected-runtime	70.0	95.0	82.5	58.92857142857143	-		-	static-resolved	-		-	static-resolved	-		-	static-resolved	-		-	static-resolved	-		-	static-resolved					[3767,2147483647,1126,4448,722,2147483647,1594,1400941,2030,2147483647,2147483647,2147483647,2147483647,2147483647]	jP	4278389
n029	1848652345	Bear	578108	hp,armor,move_speed,attack1_base_damage,attack1_dice_sides,attack1_cooldown,defense_type	7	1	675	675	protected-runtime	0	5	5	protected-runtime	none	7	270	270	270	protected-runtime	0	79	79	protected-runtime	1		1	static-resolved	1	11	11	protected-runtime	99	1.75	1.75	protected-runtime	128		128	static-resolved	80.0	90.0	85.0	48.57142857142857	-		-	static-resolved	-		-	static-resolved	-		-	static-resolved	-		-	static-resolved	-		-	static-resolved					[3793,117,1133,4438,733,2147483647,1579,1750941,2147483647,2147483647,2147483647,2147483647,2147483647,2147483647]	jP	4278605
n02A	1848652353	Emerald Dragon	120658	hp,armor,move_speed,attack1_base_damage,attack1_dice_sides,attack1_cooldown,attack1_range	7	1	700	700	protected-runtime	0	5	5	protected-runtime	large		330	330	330	protected-runtime	0	54	54	protected-runtime	1		1	static-resolved	1	21	21	protected-runtime	99	1.4	1.4	protected-runtime	1	250	250	protected-runtime	55.0	75.0	65.0	46.42857142857143	-		-	static-resolved	-		-	static-resolved	-		-	static-resolved	-		-	static-resolved	-		-	static-resolved					[3826,121,2147483647,4500,709,2147483647,1590,1400942,1831,2147483647,2147483647,2147483647,2147483647,2147483647]	jP	4278820
n02B	1848652354	Ancient Bear	598967	hp,armor,move_speed,attack1_base_damage,attack1_dice_sides,attack1_cooldown,defense_type	7	1	1100	1100	protected-runtime	0	8	8	protected-runtime	none	7	270	270	270	protected-runtime	0	104	104	protected-runtime	1		1	static-resolved	1	21	21	protected-runtime	99	2	2	protected-runtime	128		128	static-resolved	105.0	125.0	115.0	57.5	-		-	static-resolved	-		-	static-resolved	-		-	static-resolved	-		-	static-resolved	-		-	static-resolved					[4227,125,1136,4440,759,2147483647,1590,2000942,2147483647,2147483647,2147483647,2147483647,2147483647,2147483647]	jP	4279035
n02D	1848652356	Ancient Protector	911673	hp,armor,move_speed,attack1_base_damage,attack1_dice_sides,attack1_range	6	1	1600	1600	protected-runtime	0	8	8	protected-runtime	fort		0	0	0	protected-runtime	0	99	99	protected-runtime	1		1	static-resolved	1	11	11	protected-runtime	1.5		1.5	static-resolved	700	700	700	protected-runtime	100.0	110.0	105.0	70.0	41		41	static-resolved	2		2	static-resolved	12		12	static-resolved	2		2	static-resolved	700		700	static-resolved	43.0	65.0	54.0	27.0	[4729,126,2147483647,4171,755,2147483647,1580,2147483647,2281,2147483647,2147483647,2147483647,2147483647,2147483647]	jP	4279250
X01A	1479553345	Nature Builder	60039	move_speed	1	220		220	static-resolved	0		0	static-resolved	medium		550	550	550	protected-runtime	4		4	static-resolved	1		1	static-resolved	2		2	static-resolved	2		2	static-resolved	90		90	static-resolved	5.0	6.0	5.5	2.75	0		0	static-resolved	1		1	static-resolved	1		1	static-resolved	1.1		1.1	static-resolved	66		66	static-resolved	1.0	1.0	1.0	0.9090909090909091	[2147483647,2147483647,2147483647,2560,2147483647,2147483647,2147483647,2147483647,2147483647,2147483647,2147483647,2147483647,2147483647,2147483647]	jP	4279468
e00E	1697656901	Twins	852068	move_speed,defense_type	2	120		120	static-resolved	0		0	static-resolved	divine	6	0	0	0	protected-runtime	-		-	static-resolved	-		-	static-resolved	-		-	static-resolved	0		0	static-resolved	-		-	static-resolved					-		-	static-resolved	-		-	static-resolved	-		-	static-resolved	-		-	static-resolved	-		-	static-resolved					[2147483647,2147483647,938,953,2147483647,2147483647,2147483647,2147483647,2147483647,2147483647,2147483647,2147483647,2147483647,2147483647]	jP	4279717
h007	1747988535	Demon Gate	371347	hp	1	1	1600	1600	protected-runtime	5		5	static-resolved	fort		-		-	static-resolved	-		-	static-resolved	-		-	static-resolved	-		-	static-resolved	0		0	static-resolved	-		-	static-resolved					-		-	static-resolved	-		-	static-resolved	-		-	static-resolved	-		-	static-resolved	-		-	static-resolved					[4150,2147483647,2147483647,2147483647,2147483647,2147483647,2147483647,2147483647,2147483647,2147483647,2147483647,2147483647,2147483647,2147483647]	jP	4279959
h009	1747988537	Dragon Nest	468710	hp	1	1	1400	1400	protected-runtime	5		5	static-resolved	fort		-		-	static-resolved	-		-	static-resolved	-		-	static-resolved	-		-	static-resolved	0		0	static-resolved	-		-	static-resolved					-		-	static-resolved	-		-	static-resolved	-		-	static-resolved	-		-	static-resolved	-		-	static-resolved					[3952,2147483647,2147483647,2147483647,2147483647,2147483647,2147483647,2147483647,2147483647,2147483647,2147483647,2147483647,2147483647,2147483647]	jP	4280209
h01C	1747988803	Altar of Greed	903625	hp	1	1	1300	1300	protected-runtime	5		5	static-resolved	fort		-		-	static-resolved	-		-	static-resolved	-		-	static-resolved	-		-	static-resolved	0		0	static-resolved	-		-	static-resolved					-		-	static-resolved	-		-	static-resolved	-		-	static-resolved	-		-	static-resolved	-		-	static-resolved					[4118,2147483647,2147483647,2147483647,2147483647,2147483647,2147483647,2147483647,2147483647,2147483647,2147483647,2147483647,2147483647,2147483647]	jP	4280458
h01E	1747988805	Shrine of Destruction	476350	hp	1	1	1300	1300	protected-runtime	5		5	static-resolved	fort		-		-	static-resolved	-		-	static-resolved	-		-	static-resolved	-		-	static-resolved	0		0	static-resolved	-		-	static-resolved					-		-	static-resolved	-		-	static-resolved	-		-	static-resolved	-		-	static-resolved	-		-	static-resolved					[4120,2147483647,2147483647,2147483647,2147483647,2147483647,2147483647,2147483647,2147483647,2147483647,2147483647,2147483647,2147483647,2147483647]	jP	4280708
h01F	1747988806	Volcano	811987	hp	1	1	900	900	protected-runtime	5		5	static-resolved	fort		-		-	static-resolved	-		-	static-resolved	-		-	static-resolved	-		-	static-resolved	0		0	static-resolved	-		-	static-resolved					-		-	static-resolved	-		-	static-resolved	-		-	static-resolved	-		-	static-resolved	-		-	static-resolved					[3721,2147483647,2147483647,2147483647,2147483647,2147483647,2147483647,2147483647,2147483647,2147483647,2147483647,2147483647,2147483647,2147483647]	jP	4280958
h01M	1747988813	Eraser (Level 1)	554210	hp	1	1	1000	1000	protected-runtime	5		5	static-resolved	fort		-		-	static-resolved	-		-	static-resolved	-		-	static-resolved	-		-	static-resolved	0		0	static-resolved	-		-	static-resolved					-		-	static-resolved	-		-	static-resolved	-		-	static-resolved	-		-	static-resolved	-		-	static-resolved					[3828,2147483647,2147483647,2147483647,2147483647,2147483647,2147483647,2147483647,2147483647,2147483647,2147483647,2147483647,2147483647,2147483647]	jP	4281208
h01W	1747988823	Eraser (Level 2)	262045	hp	1	1	1250	1250	protected-runtime	5		5	static-resolved	fort		-		-	static-resolved	-		-	static-resolved	-		-	static-resolved	-		-	static-resolved	0		0	static-resolved	-		-	static-resolved					-		-	static-resolved	-		-	static-resolved	-		-	static-resolved	-		-	static-resolved	-		-	static-resolved					[4088,2147483647,2147483647,2147483647,2147483647,2147483647,2147483647,2147483647,2147483647,2147483647,2147483647,2147483647,2147483647,2147483647]	jP	4281458
h01X	1747988824	Eraser (Level 3)	392613	hp	1	1	1500	1500	protected-runtime	5		5	static-resolved	fort		-		-	static-resolved	-		-	static-resolved	-		-	static-resolved	-		-	static-resolved	0		0	static-resolved	-		-	static-resolved					-		-	static-resolved	-		-	static-resolved	-		-	static-resolved	-		-	static-resolved	-		-	static-resolved					[4339,2147483647,2147483647,2147483647,2147483647,2147483647,2147483647,2147483647,2147483647,2147483647,2147483647,2147483647,2147483647,2147483647]	jP	4281708
h025	1747989045	Fountain of Blood	203503	hp	1	1	1300	1300	protected-runtime	5		5	static-resolved	fort		-		-	static-resolved	-		-	static-resolved	-		-	static-resolved	-		-	static-resolved	0		0	static-resolved	-		-	static-resolved					-		-	static-resolved	-		-	static-resolved	-		-	static-resolved	-		-	static-resolved	-		-	static-resolved					[4360,2147483647,2147483647,2147483647,2147483647,2147483647,2147483647,2147483647,2147483647,2147483647,2147483647,2147483647,2147483647,2147483647]	jP	4281958
h026	1747989046	Greater Demon Cage	227548	hp	1	1	1400	1400	protected-runtime	5		5	static-resolved	fort		-		-	static-resolved	-		-	static-resolved	-		-	static-resolved	-		-	static-resolved	0		0	static-resolved	-		-	static-resolved					-		-	static-resolved	-		-	static-resolved	-		-	static-resolved	-		-	static-resolved	-		-	static-resolved					[4461,2147483647,2147483647,2147483647,2147483647,2147483647,2147483647,2147483647,2147483647,2147483647,2147483647,2147483647,2147483647,2147483647]	jP	4282208
h03G	1747989319	Greater Chaos Citadel	404686	hp	1	1	1400	1400	protected-runtime	5		5	static-resolved	fort		-		-	static-resolved	-		-	static-resolved	-		-	static-resolved	-		-	static-resolved	0		0	static-resolved	-		-	static-resolved					-		-	static-resolved	-		-	static-resolved	-		-	static-resolved	-		-	static-resolved	-		-	static-resolved					[4734,2147483647,2147483647,2147483647,2147483647,2147483647,2147483647,2147483647,2147483647,2147483647,2147483647,2147483647,2147483647,2147483647]	jP	4282457
h05I	1747989833	Magic Ruin	595341	hp	1	1	1400	1400	protected-runtime	5		5	static-resolved	fort		-		-	static-resolved	-		-	static-resolved	-		-	static-resolved	-		-	static-resolved	0		0	static-resolved	-		-	static-resolved					-		-	static-resolved	-		-	static-resolved	-		-	static-resolved	-		-	static-resolved	-		-	static-resolved					[5248,2147483647,2147483647,2147483647,2147483647,2147483647,2147483647,2147483647,2147483647,2147483647,2147483647,2147483647,2147483647,2147483647]	jP	4282707
h06C	1747990083	SodDummy	225791	hp,attack1_base_damage,attack1_dice_sides,attack1_cooldown,attack1_range	5	1	4444	4444	protected-runtime	0		0	static-resolved	small		270		270	static-resolved	0	400	400	protected-runtime	1		1	static-resolved	1	1	1	protected-runtime	99	20	20	protected-runtime	99999	99999	99999	protected-runtime	401.0	401.0	401.0	20.05	-		-	static-resolved	-		-	static-resolved	-		-	static-resolved	-		-	static-resolved	-		-	static-resolved					[8542,2147483647,2147483647,2147483647,2068,2147483647,4048,20004133,103052,2147483647,2147483647,2147483647,2147483647,2147483647]	jP	4282957
h06M	1747990093	Main Castle	606302	hp	1	1	5000	5000	protected-runtime	5		5	static-resolved	fort		-		-	static-resolved	-		-	static-resolved	-		-	static-resolved	-		-	static-resolved	0		0	static-resolved	-		-	static-resolved					-		-	static-resolved	-		-	static-resolved	-		-	static-resolved	-		-	static-resolved	-		-	static-resolved					[9108,2147483647,2147483647,2147483647,2147483647,2147483647,2147483647,2147483647,2147483647,2147483647,2147483647,2147483647,2147483647,2147483647]	jP	4283189
h06N	1747990094	ClapDummy	246415	hp,attack1_base_damage,attack1_dice_sides,attack1_cooldown,attack1_range	5	1	4444	4444	protected-runtime	0		0	static-resolved	small		270		270	static-resolved	0	9	9	protected-runtime	1		1	static-resolved	1	1	1	protected-runtime	99	5	5	protected-runtime	1	800	800	protected-runtime	10.0	10.0	10.0	2.0	-		-	static-resolved	-		-	static-resolved	-		-	static-resolved	-		-	static-resolved	-		-	static-resolved					[8553,2147483647,2147483647,2147483647,1679,2147483647,4049,5004134,3854,2147483647,2147483647,2147483647,2147483647,2147483647]	jP	4283439
h06O	1747990095	Serenity	48573	hp	1	1	2000	2000	protected-runtime	5		5	static-resolved	fort		-		-	static-resolved	-		-	static-resolved	-		-	static-resolved	-		-	static-resolved	0		0	static-resolved	-		-	static-resolved					-		-	static-resolved	-		-	static-resolved	-		-	static-resolved	-		-	static-resolved	-		-	static-resolved					[6110,2147483647,2147483647,2147483647,2147483647,2147483647,2147483647,2147483647,2147483647,2147483647,2147483647,2147483647,2147483647,2147483647]	jP	4283668
n000	1848651824	Infernal	998321	hp,armor,move_speed,attack1_base_damage,attack1_dice_sides	5	1	1600	1600	protected-runtime	0	7	7	protected-runtime	large		300	300	300	protected-runtime	0	109	109	protected-runtime	1		1	static-resolved	1	26	26	protected-runtime	1.35		1.35	static-resolved	100		100	static-resolved	110.0	135.0	122.5	90.74074074074073	-		-	static-resolved	-		-	static-resolved	-		-	static-resolved	-		-	static-resolved	-		-	static-resolved					[4197,3952,2147483647,4338,658,2147483647,1519,2147483647,2147483647,2147483647,2147483647,2147483647,2147483647,2147483647]	jP	4283917
n001	1848651825	Red Dragon	392704	hp,move_speed,attack1_base_damage,attack1_dice_number,attack1_dice_sides,attack1_cooldown,attack1_range	7	1	800	800	protected-runtime	6		6	static-resolved	large		320	320	320	protected-runtime	0	49	49	protected-runtime	1	1	1	protected-runtime	1	41	41	protected-runtime	99	1.4	1.4	protected-runtime	1	400	400	protected-runtime	50.0	90.0	70.0	50.0	60		60	static-resolved	3		3	static-resolved	12		12	static-resolved	1.5		1.5	static-resolved	300		300	static-resolved	63.0	96.0	79.5	53.0	[3398,2147483647,2147483647,4358,599,4008,1534,1400876,1922,2147483647,2147483647,2147483647,2147483647,2147483647]	jP	4284142
n008	1848651832	Succubus	680397	hp,armor,attack1_base_damage,attack1_dice_sides,attack1_range,defense_type	6	1	450	450	protected-runtime	0	2	2	protected-runtime	small	0	320		320	static-resolved	0	55	55	protected-runtime	1		1	static-resolved	1	16	16	protected-runtime	1.35		1.35	static-resolved	1	360	360	protected-runtime	56.0	71.0	63.5	47.03703703703703	-		-	static-resolved	-		-	static-resolved	-		-	static-resolved	-		-	static-resolved	-		-	static-resolved					[3055,3951,955,2147483647,606,2147483647,1510,2147483647,1883,2147483647,2147483647,2147483647,2147483647,2147483647]	jP	4284358
n009	1848651833	Chaos Warrior	113221	hp,armor,move_speed,attack1_base_damage,attack1_dice_sides,defense_type	6	1	400	400	protected-runtime	0	5	5	protected-runtime	medium	1	320	320	320	protected-runtime	0	34	34	protected-runtime	1		1	static-resolved	1	6	6	protected-runtime	1.35		1.35	static-resolved	100		100	static-resolved	35.0	40.0	37.5	27.777777777777775	-		-	static-resolved	-		-	static-resolved	-		-	static-resolved	-		-	static-resolved	-		-	static-resolved					[3006,3954,956,4360,585,2147483647,1501,2147483647,2147483647,2147483647,2147483647,2147483647,2147483647,2147483647]	jP	4284576
n00A	1848651841	Satyr	95984	hp,armor,move_speed,attack1_base_damage,attack1_dice_sides,attack1_range,defense_type	7	1	250	250	protected-runtime	0	3	3	protected-runtime	small	0	320	320	320	protected-runtime	0	26	26	protected-runtime	1		1	static-resolved	1	3	3	protected-runtime	1.35		1.35	static-resolved	1	275	275	protected-runtime	27.0	29.0	28.0	20.74074074074074	-		-	static-resolved	-		-	static-resolved	-		-	static-resolved	-		-	static-resolved	-		-	static-resolved					[2864,3956,958,4362,579,2147483647,1499,2147483647,1799,2147483647,2147483647,2147483647,2147483647,2147483647]	jP	4284794
n00C	1848651843	Skeletal Hero	152624	armor,attack1_base_damage,attack1_cooldown,defense_type	4	375		375	static-resolved	0	6	6	protected-runtime	none	7	270		270	static-resolved	0	30	30	protected-runtime	1		1	static-resolved	2		2	static-resolved	99	0.85	0.85	protected-runtime	100		100	static-resolved	31.0	32.0	31.5	37.05882352941177	-		-	static-resolved	-		-	static-resolved	-		-	static-resolved	-		-	static-resolved	-		-	static-resolved					[2147483647,3960,966,2147483647,583,2147483647,2147483647,850878,2147483647,2147483647,2147483647,2147483647,2147483647,2147483647]	jP	4285005
n00D	1848651844	Skeleton Archer	416507	hp,armor,attack1_base_damage,attack1_cooldown,attack1_range,defense_type	6	1	250	250	protected-runtime	0	3	3	protected-runtime	none	7	270		270	static-resolved	0	24	24	protected-runtime	1		1	static-resolved	3		3	static-resolved	99	1.35	1.35	protected-runtime	1	350	350	protected-runtime	25.0	27.0	26.0	19.25925925925926	-		-	static-resolved	-		-	static-resolved	-		-	static-resolved	-		-	static-resolved	-		-	static-resolved					[2867,3958,966,2147483647,577,2147483647,2147483647,1350878,1874,2147483647,2147483647,2147483647,2147483647,2147483647]	jP	4285237
n00L	1848651852	Blood Fiend	75108	hp,armor,move_speed,attack1_base_damage,attack1_dice_sides,attack1_cooldown,defense_type	7	1	640	640	protected-runtime	0	5	5	protected-runtime	normal	4	350	350	350	protected-runtime	0	44	44	protected-runtime	1		1	static-resolved	1	21	21	protected-runtime	99	1.2	1.2	protected-runtime	100		100	static-resolved	45.0	65.0	55.0	45.833333333333336	-		-	static-resolved	-		-	static-resolved	-		-	static-resolved	-		-	static-resolved	-		-	static-resolved					[3265,3964,966,4395,599,2147483647,1518,1200879,2147483647,2147483647,2147483647,2147483647,2147483647,2147483647]	jP	4285458
n00M	1848651853	Blood Fiend	471574	hp,armor,move_speed,attack1_base_damage,attack1_dice_sides,attack1_cooldown,defense_type	7	1	640	640	protected-runtime	0	5	5	protected-runtime	divine	6	350	350	350	protected-runtime	0	44	44	protected-runtime	1		1	static-resolved	1	21	21	protected-runtime	99	1.2	1.2	protected-runtime	100		100	static-resolved	45.0	65.0	55.0	45.833333333333336	-		-	static-resolved	-		-	static-resolved	-		-	static-resolved	-		-	static-resolved	-		-	static-resolved					[3266,3964,968,4395,599,2147483647,1518,1200879,2147483647,2147483647,2147483647,2147483647,2147483647,2147483647]	jP	4285671
n00N	1848651854	Blood Fiend	427632	hp,armor,move_speed,attack1_base_damage,attack1_dice_sides,attack1_cooldown,defense_type	7	1	640	640	protected-runtime	0	5	5	protected-runtime	small	0	350	350	350	protected-runtime	0	44	44	protected-runtime	1		1	static-resolved	1	21	21	protected-runtime	99	1.2	1.2	protected-runtime	100		100	static-resolved	45.0	65.0	55.0	45.833333333333336	-		-	static-resolved	-		-	static-resolved	-		-	static-resolved	-		-	static-resolved	-		-	static-resolved					[3267,3965,962,4395,599,2147483647,1519,1200879,2147483647,2147483647,2147483647,2147483647,2147483647,2147483647]	jP	4285885
n00O	1848651855	Blood Fiend	769047	hp,armor,move_speed,attack1_base_damage,attack1_dice_sides,attack1_cooldown,defense_type	7	1	640	640	protected-runtime	0	5	5	protected-runtime	medium	1	350	350	350	protected-runtime	0	44	44	protected-runtime	1		1	static-resolved	1	21	21	protected-runtime	99	1.2	1.2	protected-runtime	100		100	static-resolved	45.0	65.0	55.0	45.833333333333336	-		-	static-resolved	-		-	static-resolved	-		-	static-resolved	-		-	static-resolved	-		-	static-resolved					[3268,3965,964,4395,600,2147483647,1519,1200879,2147483647,2147483647,2147483647,2147483647,2147483647,2147483647]	jP	4286100
n00P	1848651856	Blood Fiend	899343	hp,armor,move_speed,attack1_base_damage,attack1_dice_sides,attack1_cooldown	6	1	640	640	protected-runtime	0	5	5	protected-runtime	large		350	350	350	protected-runtime	0	44	44	protected-runtime	1		1	static-resolved	1	21	21	protected-runtime	99	1.2	1.2	protected-runtime	100		100	static-resolved	45.0	65.0	55.0	45.833333333333336	-		-	static-resolved	-		-	static-resolved	-		-	static-resolved	-		-	static-resolved	-		-	static-resolved					[3269,3966,2147483647,4396,600,2147483647,1519,1200880,2147483647,2147483647,2147483647,2147483647,2147483647,2147483647]	jP	4286315
n00Q	1848651857	Blood Fiend	672078	hp,armor,move_speed,attack1_base_damage,attack1_dice_sides,attack1_cooldown,defense_type	7	1	640	640	protected-runtime	0	5	5	protected-runtime	none	7	350	350	350	protected-runtime	0	44	44	protected-runtime	1		1	static-resolved	1	21	21	protected-runtime	99	1.2	1.2	protected-runtime	100		100	static-resolved	45.0	65.0	55.0	45.833333333333336	-		-	static-resolved	-		-	static-resolved	-		-	static-resolved	-		-	static-resolved	-		-	static-resolved					[3270,3966,970,4396,600,2147483647,1519,1200880,2147483647,2147483647,2147483647,2147483647,2147483647,2147483647]	jP	4286537
n00R	1848651858	Blood Fiend	848340	hp,armor,move_speed,attack1_base_damage,attack1_dice_sides,attack1_cooldown,defense_type	7	1	640	640	protected-runtime	0	5	5	protected-runtime	hero	5	350	350	350	protected-runtime	0	44	44	protected-runtime	1		1	static-resolved	1	21	21	protected-runtime	99	1.2	1.2	protected-runtime	100		100	static-resolved	45.0	65.0	55.0	45.833333333333336	-		-	static-resolved	-		-	static-resolved	-		-	static-resolved	-		-	static-resolved	-		-	static-resolved					[3271,3967,969,4396,600,2147483647,1519,1200880,2147483647,2147483647,2147483647,2147483647,2147483647,2147483647]	jP	4286752
n00Z	1848651866	Chaos Champion	111222	hp,armor,move_speed,attack1_base_damage,attack1_dice_sides,defense_type	6	1	850	850	protected-runtime	0	8	8	protected-runtime	medium	1	320	320	320	protected-runtime	0	69	69	protected-runtime	1		1	static-resolved	1	21	21	protected-runtime	1.35		1.35	static-resolved	100		100	static-resolved	70.0	90.0	80.0	59.25925925925925	-		-	static-resolved	-		-	static-resolved	-		-	static-resolved	-		-	static-resolved	-		-	static-resolved					[3489,3974,967,4368,627,2147483647,1520,2147483647,2147483647,2147483647,2147483647,2147483647,2147483647,2147483647]	jP	4286967
n01L	1848652108	Greater Skeleton Archer	339691	hp,armor,attack1_base_damage,attack1_cooldown,attack1_range,defense_type	6	1	475	475	protected-runtime	0	3	3	protected-runtime	none	7	270		270	static-resolved	0	49	49	protected-runtime	1		1	static-resolved	3		3	static-resolved	99	1.2	1.2	protected-runtime	1	350	350	protected-runtime	50.0	52.0	51.0	42.5	-		-	static-resolved	-		-	static-resolved	-		-	static-resolved	-		-	static-resolved	-		-	static-resolved					[3356,4090,1054,2147483647,655,2147483647,2147483647,1200911,1903,2147483647,2147483647,2147483647,2147483647,2147483647]	jP	4287185
n01M	1848652109	Skeletal General	627433	hp,armor,attack1_base_damage,attack1_cooldown,defense_type	5	1	750	750	protected-runtime	0	7	7	protected-runtime	none	7	270		270	static-resolved	0	49	49	protected-runtime	1		1	static-resolved	2		2	static-resolved	99	0.7	0.7	protected-runtime	100		100	static-resolved	50.0	51.0	50.5	72.14285714285715	-		-	static-resolved	-		-	static-resolved	-		-	static-resolved	-		-	static-resolved	-		-	static-resolved					[3632,4094,1054,2147483647,655,2147483647,2147483647,700911,2147483647,2147483647,2147483647,2147483647,2147483647,2147483647]	jP	4287407
n01S	1848652115	Mutation	915942	hp,armor,attack1_base_damage,attack1_dice_sides	4	1	600	600	protected-runtime	0	4	4	protected-runtime	small		270		270	static-resolved	0	39	39	protected-runtime	1		1	static-resolved	1	21	21	protected-runtime	1.35		1.35	static-resolved	100		100	static-resolved	40.0	60.0	50.0	37.03703703703704	-		-	static-resolved	-		-	static-resolved	-		-	static-resolved	-		-	static-resolved	-		-	static-resolved					[3488,4094,2147483647,2147483647,647,2147483647,1556,2147483647,2147483647,2147483647,2147483647,2147483647,2147483647,2147483647]	jP	4287634
n02L	1848652364	Twin Smiley	462780	hp,armor,move_speed,attack1_base_damage,attack1_dice_sides,attack1_cooldown,attack1_range,attack2_range,defense_type	9	1	450	450	protected-runtime	0	15	15	protected-runtime	divine	6	300	300	300	protected-runtime	0	100	100	protected-runtime	1		1	static-resolved	1	1	1	protected-runtime	99	1	1	protected-runtime	500	500	500	protected-runtime	101.0	101.0	101.0	101.0	0		0	static-resolved	1		1	static-resolved	1		1	static-resolved	1		1	static-resolved	700	700	700	protected-runtime	1.0	1.0	1.0	1.0	[3587,137,1138,4473,757,2147483647,1571,1000943,2082,2147483647,2147483647,2147483647,2147483647,2692]	jP	4287865
u002	1966092338	Skeleton Warrior	305606	hp,armor,attack1_base_damage,attack1_cooldown,defense_type	5	1	275	275	protected-runtime	0	4	4	protected-runtime	none	7	270		270	static-resolved	0	25	25	protected-runtime	1		1	static-resolved	2		2	static-resolved	99	1.35	1.35	protected-runtime	90		90	static-resolved	26.0	27.0	26.5	19.62962962962963	-		-	static-resolved	-		-	static-resolved	-		-	static-resolved	-		-	static-resolved	-		-	static-resolved					[2937,1935,2345,2147483647,3043,2147483647,2147483647,1353442,2147483647,2147483647,2147483647,2147483647,2147483647,2147483647]	jP	4288068
u003	1966092339	Greater Skeletal Mage	269338	hp,armor,attack1_base_damage,attack1_cooldown,attack1_range,defense_type	6	1	450	450	protected-runtime	0	3	3	protected-runtime	none	7	270		270	static-resolved	0	49	49	protected-runtime	1		1	static-resolved	2		2	static-resolved	99	1.2	1.2	protected-runtime	1	400	400	protected-runtime	50.0	51.0	50.5	42.083333333333336	-		-	static-resolved	-		-	static-resolved	-		-	static-resolved	-		-	static-resolved	-		-	static-resolved					[3113,1934,2346,2147483647,3067,2147483647,2147483647,1203442,2384,2147483647,2147483647,2147483647,2147483647,2147483647]	jP	4288296
u00A	1966092353	Skeletal Mage	974616	hp,armor,attack1_base_damage,attack1_cooldown,attack1_range,defense_type	6	1	240	240	protected-runtime	0	3	3	protected-runtime	none	7	270		270	static-resolved	0	25	25	protected-runtime	1		1	static-resolved	2		2	static-resolved	99	1.35	1.35	protected-runtime	1	400	400	protected-runtime	26.0	27.0	26.5	19.62962962962963	-		-	static-resolved	-		-	static-resolved	-		-	static-resolved	-		-	static-resolved	-		-	static-resolved					[2917,1941,2350,2147483647,3046,2147483647,2147483647,1353444,2385,2147483647,2147483647,2147483647,2147483647,2147483647]	jP	4288518
u00B	1966092354	Greater Skeleton Warrior	490716	hp,armor,attack1_base_damage,attack1_cooldown,defense_type	5	1	550	550	protected-runtime	0	5	5	protected-runtime	none	7	270		270	static-resolved	0	44	44	protected-runtime	1		1	static-resolved	2		2	static-resolved	99	1.25	1.25	protected-runtime	90		90	static-resolved	45.0	46.0	45.5	36.4	-		-	static-resolved	-		-	static-resolved	-		-	static-resolved	-		-	static-resolved	-		-	static-resolved					[3228,1944,2351,2147483647,3065,2147483647,2147483647,1253444,2147483647,2147483647,2147483647,2147483647,2147483647,2147483647]	jP	4288741
z000	2049978416	Quill Demon	387783	hp,armor,move_speed,attack1_base_damage,attack1_dice_sides,attack1_cooldown,attack1_range,defense_type	8	1	725	725	protected-runtime	0	4	4	protected-runtime	small	0	320	320	320	protected-runtime	0	50	50	protected-runtime	1		1	static-resolved	1	3	3	protected-runtime	99	0.8	0.8	protected-runtime	1	340	340	protected-runtime	51.0	53.0	52.0	65.0	-		-	static-resolved	-		-	static-resolved	-		-	static-resolved	-		-	static-resolved	-		-	static-resolved					[3430,4003,988,4385,3077,2147483647,927,802936,3238,2147483647,2147483647,2147483647,2147483647,2147483647]	jP	4288970
X00O	1479553103	Chaos Builder	760161	move_speed	1	220		220	static-resolved	0		0	static-resolved	medium		550	550	550	protected-runtime	4		4	static-resolved	1		1	static-resolved	2		2	static-resolved	2		2	static-resolved	90		90	static-resolved	5.0	6.0	5.5	2.75	0		0	static-resolved	1		1	static-resolved	1		1	static-resolved	1.1		1.1	static-resolved	66		66	static-resolved	1.0	1.0	1.0	0.9090909090909091	[2147483647,2147483647,2147483647,2499,2147483647,2147483647,2147483647,2147483647,2147483647,2147483647,2147483647,2147483647,2147483647,2147483647]	jP	4289178
h07J	1747990346	Main Castle	56175	hp	1	1	5000	5000	protected-runtime	5		5	static-resolved	fort		-		-	static-resolved	-		-	static-resolved	-		-	static-resolved	-		-	static-resolved	0		0	static-resolved	-		-	static-resolved					-		-	static-resolved	-		-	static-resolved	-		-	static-resolved	-		-	static-resolved	-		-	static-resolved					[5268,2147483647,2147483647,2147483647,2147483647,2147483647,2147483647,2147483647,2147483647,2147483647,2147483647,2147483647,2147483647,2147483647]	jP	4289428
h07K	1747990347	Main Castle	342539	hp	1	1	5000	5000	protected-runtime	5		5	static-resolved	fort		-		-	static-resolved	-		-	static-resolved	-		-	static-resolved	-		-	static-resolved	0		0	static-resolved	-		-	static-resolved					-		-	static-resolved	-		-	static-resolved	-		-	static-resolved	-		-	static-resolved	-		-	static-resolved					[5269,2147483647,2147483647,2147483647,2147483647,2147483647,2147483647,2147483647,2147483647,2147483647,2147483647,2147483647,2147483647,2147483647]	jP	4289677
hcas	1751343475	Main Castle	608495	hp	1	5000	5000	5000	protected-runtime	5		5	static-resolved	fort		-		-	static-resolved	-		-	static-resolved	-		-	static-resolved	-		-	static-resolved	0		0	static-resolved	-		-	static-resolved					-		-	static-resolved	-		-	static-resolved	-		-	static-resolved	-		-	static-resolved	-		-	static-resolved					[6230,2147483647,2147483647,2147483647,2147483647,2147483647,2147483647,2147483647,2147483647,2147483647,2147483647,2147483647,2147483647,2147483647]	jP	4289927
h001	1747988529	Artillery	258005	hp,attack1_base_damage,attack1_dice_number,attack1_dice_sides,attack1_cooldown,attack1_range	6	1	700	700	protected-runtime	5		5	static-resolved	fort		-		-	static-resolved	0	299	299	protected-runtime	1	1	1	protected-runtime	1	101	101	protected-runtime	99	15	15	protected-runtime	1	99999	99999	protected-runtime	300.0	400.0	350.0	23.333333333333332	-		-	static-resolved	-		-	static-resolved	-		-	static-resolved	-		-	static-resolved	-		-	static-resolved					[3244,2147483647,2147483647,2147483647,1656,3999,3926,15003939,102879,2147483647,2147483647,2147483647,2147483647,2147483647]	jP	4290177
h004	1747988532	Weapon Lab	299212	hp	1	1	1300	1300	protected-runtime	5		5	static-resolved	fort		-		-	static-resolved	-		-	static-resolved	-		-	static-resolved	-		-	static-resolved	0		0	static-resolved	-		-	static-resolved					-		-	static-resolved	-		-	static-resolved	-		-	static-resolved	-		-	static-resolved	-		-	static-resolved					[3847,2147483647,2147483647,2147483647,2147483647,2147483647,2147483647,2147483647,2147483647,2147483647,2147483647,2147483647,2147483647,2147483647]	jP	4290403
h006	1747988534	Watch Tower	195268	hp,attack1_base_damage,attack1_dice_sides,attack1_cooldown,attack1_range,defense_type	6	1	1500	1500	protected-runtime	5		5	static-resolved	fort	3	-		-	static-resolved	0	39	39	protected-runtime	1		1	static-resolved	1	11	11	protected-runtime	99	0.5	0.5	protected-runtime	950	950	950	protected-runtime	40.0	50.0	45.0	90.0	-		-	static-resolved	-		-	static-resolved	-		-	static-resolved	-		-	static-resolved	-		-	static-resolved					[4049,2147483647,939,2147483647,1397,2147483647,3836,503939,3831,2147483647,2147483647,2147483647,2147483647,2147483647]	jP	4290653
h00K	1747988555	Hjordhejmen	623247	hp	1	1	1400	1400	protected-runtime	5		5	static-resolved	fort		-		-	static-resolved	-		-	static-resolved	-		-	static-resolved	-		-	static-resolved	0		0	static-resolved	-		-	static-resolved					-		-	static-resolved	-		-	static-resolved	-		-	static-resolved	-		-	static-resolved	-		-	static-resolved					[3970,2147483647,2147483647,2147483647,2147483647,2147483647,2147483647,2147483647,2147483647,2147483647,2147483647,2147483647,2147483647,2147483647]	jP	4290874
h010	1747988784	Gjallarhorn	249678	hp	1	1	1000	1000	protected-runtime	5		5	static-resolved	fort		-		-	static-resolved	-		-	static-resolved	-		-	static-resolved	-		-	static-resolved	0		0	static-resolved	-		-	static-resolved					-		-	static-resolved	-		-	static-resolved	-		-	static-resolved	-		-	static-resolved	-		-	static-resolved					[3799,2147483647,2147483647,2147483647,2147483647,2147483647,2147483647,2147483647,2147483647,2147483647,2147483647,2147483647,2147483647,2147483647]	jP	4291124
h015	1747988789	Gryphon Rock	894541	hp	1	1	1300	1300	protected-runtime	5		5	static-resolved	fort		-		-	static-resolved	-		-	static-resolved	-		-	static-resolved	-		-	static-resolved	0		0	static-resolved	-		-	static-resolved					-		-	static-resolved	-		-	static-resolved	-		-	static-resolved	-		-	static-resolved	-		-	static-resolved					[4104,2147483647,2147483647,2147483647,2147483647,2147483647,2147483647,2147483647,2147483647,2147483647,2147483647,2147483647,2147483647,2147483647]	jP	4291374
h016	1747988790	Gryphon Rider	539741	hp,armor,attack1_dice_sides,attack1_cooldown,defense_type	5	1	500	500	protected-runtime	0	2	2	protected-runtime	medium	1	270		270	static-resolved	44		44	static-resolved	1		1	static-resolved	1	6	6	protected-runtime	99	2	2	protected-runtime	450		450	static-resolved	45.0	50.0	47.5	23.75	44		44	static-resolved	1		1	static-resolved	11		11	static-resolved	2.4		2.4	static-resolved	450		450	static-resolved	45.0	55.0	50.0	20.833333333333336	[3305,4051,1023,2147483647,2147483647,2147483647,3868,2003971,2147483647,2147483647,2147483647,2147483647,2147483647,2147483647]	jP	4291624
h037	1747989303	Chapel	85193	hp	1	1	1300	1300	protected-runtime	5		5	static-resolved	fort		-		-	static-resolved	-		-	static-resolved	-		-	static-resolved	-		-	static-resolved	0		0	static-resolved	-		-	static-resolved					-		-	static-resolved	-		-	static-resolved	-		-	static-resolved	-		-	static-resolved	-		-	static-resolved					[4618,2147483647,2147483647,2147483647,2147483647,2147483647,2147483647,2147483647,2147483647,2147483647,2147483647,2147483647,2147483647,2147483647]	jP	4291853
h038	1747989304	Church	584603	hp	1	1	1600	1600	protected-runtime	5		5	static-resolved	fort		-		-	static-resolved	-		-	static-resolved	-		-	static-resolved	-		-	static-resolved	0		0	static-resolved	-		-	static-resolved					-		-	static-resolved	-		-	static-resolved	-		-	static-resolved	-		-	static-resolved	-		-	static-resolved					[4919,2147483647,2147483647,2147483647,2147483647,2147483647,2147483647,2147483647,2147483647,2147483647,2147483647,2147483647,2147483647,2147483647]	jP	4292102
h039	1747989305	Stronghold	657921	hp	1	1	1300	1300	protected-runtime	5		5	static-resolved	fort		-		-	static-resolved	-		-	static-resolved	-		-	static-resolved	-		-	static-resolved	0		0	static-resolved	-		-	static-resolved					-		-	static-resolved	-		-	static-resolved	-		-	static-resolved	-		-	static-resolved	-		-	static-resolved					[4620,2147483647,2147483647,2147483647,2147483647,2147483647,2147483647,2147483647,2147483647,2147483647,2147483647,2147483647,2147483647,2147483647]	jP	4292351
h03A	1747989313	Defender	352472	hp,armor,move_speed,attack1_base_damage,attack1_dice_sides	5	1	575	575	protected-runtime	0	7	7	protected-runtime	medium		250	250	250	protected-runtime	0	44	44	protected-runtime	1		1	static-resolved	1	16	16	protected-runtime	1.35		1.35	static-resolved	90		90	static-resolved	45.0	60.0	52.5	38.888888888888886	-		-	static-resolved	-		-	static-resolved	-		-	static-resolved	-		-	static-resolved	-		-	static-resolved					[3903,224,2147483647,2424,1558,2147483647,3953,2147483647,2147483647,2147483647,2147483647,2147483647,2147483647,2147483647]	jP	4292601
h03B	1747989314	Crusader	376337	hp,armor,move_speed,attack1_base_damage,attack1_dice_number,attack1_dice_sides,attack1_cooldown	7	1	600	600	protected-runtime	0	6	6	protected-runtime	large		340	340	340	protected-runtime	0	49	49	protected-runtime	1	1	1	protected-runtime	1	21	21	protected-runtime	99	1.4	1.4	protected-runtime	100		100	static-resolved	50.0	70.0	60.0	42.85714285714286	-		-	static-resolved	-		-	static-resolved	-		-	static-resolved	-		-	static-resolved	-		-	static-resolved					[3929,224,2147483647,2514,1563,4130,3958,1404037,2147483647,2147483647,2147483647,2147483647,2147483647,2147483647]	jP	4292826
h03C	1747989315	Paladin	886093	hp,armor,move_speed,attack1_base_damage,attack1_dice_number,attack1_dice_sides,attack1_cooldown	7	1	850	850	protected-runtime	0	9	9	protected-runtime	large		340	340	340	protected-runtime	0	69	69	protected-runtime	1	1	1	protected-runtime	1	51	51	protected-runtime	99	1.4	1.4	protected-runtime	100		100	static-resolved	70.0	120.0	95.0	67.85714285714286	-		-	static-resolved	-		-	static-resolved	-		-	static-resolved	-		-	static-resolved	-		-	static-resolved					[4180,227,2147483647,2514,1584,4130,3988,1404037,2147483647,2147483647,2147483647,2147483647,2147483647,2147483647]	jP	4293041
h05C	1747989827	Marksman	314646	hp,armor,move_speed,attack1_base_damage,attack1_dice_number,attack1_dice_sides,attack1_cooldown,attack1_range,attack2_base_damage,attack2_dice_number,attack2_dice_sides,attack2_cooldown,attack2_range	13	1	450	450	protected-runtime	0	1	1	protected-runtime	small		200	200	200	protected-runtime	0	42	42	protected-runtime	1	1	1	protected-runtime	1	53	53	protected-runtime	99	1	1	protected-runtime	800	800	800	protected-runtime	43.0	95.0	69.0	69.0	0	26	26	protected-runtime	1	1	1	protected-runtime	1	3	3	protected-runtime	99	1	1	protected-runtime	500	500	500	protected-runtime	27.0	29.0	28.0	28.0	[4292,475,2147483647,2502,1659,122,4063,1004101,3824,3203,2365,1851,1000303,3712]	jP	4293257
h05D	1747989828	Gunner's Hall	163524	hp	1	1	1400	1400	protected-runtime	5		5	static-resolved	fort		-		-	static-resolved	-		-	static-resolved	-		-	static-resolved	-		-	static-resolved	0		0	static-resolved	-		-	static-resolved					-		-	static-resolved	-		-	static-resolved	-		-	static-resolved	-		-	static-resolved	-		-	static-resolved					[5243,2147483647,2147483647,2147483647,2147483647,2147483647,2147483647,2147483647,2147483647,2147483647,2147483647,2147483647,2147483647,2147483647]	jP	4293439
h05G	1747989831	Heroic Shrine	71886	hp	1	1	1000	1000	protected-runtime	5		5	static-resolved	fort		-		-	static-resolved	-		-	static-resolved	-		-	static-resolved	-		-	static-resolved	0		0	static-resolved	-		-	static-resolved					-		-	static-resolved	-		-	static-resolved	-		-	static-resolved	-		-	static-resolved	-		-	static-resolved					[4846,2147483647,2147483647,2147483647,2147483647,2147483647,2147483647,2147483647,2147483647,2147483647,2147483647,2147483647,2147483647,2147483647]	jP	4293689
h072	1747990322	Holy Altar	130059	hp,armor	2	1	1400	1400	protected-runtime	0	6	6	protected-runtime	fort		-		-	static-resolved	-		-	static-resolved	-		-	static-resolved	-		-	static-resolved	0		0	static-resolved	-		-	static-resolved					-		-	static-resolved	-		-	static-resolved	-		-	static-resolved	-		-	static-resolved	-		-	static-resolved					[1644,728,2147483647,2147483647,2147483647,2147483647,2147483647,2147483647,2147483647,2147483647,2147483647,2147483647,2147483647,2147483647]	jP	4293938
h074	1747990324	Holy Warrior	242732	hp,armor,move_speed,attack1_base_damage,attack1_dice_number,attack1_dice_sides,attack1_cooldown	7	1	1400	1400	protected-runtime	0	12	12	protected-runtime	large		300	300	300	protected-runtime	0	119	119	protected-runtime	1	1	1	protected-runtime	1	31	31	protected-runtime	99	1.55	1.55	protected-runtime	100		100	static-resolved	120.0	150.0	135.0	87.09677419354838	-		-	static-resolved	-		-	static-resolved	-		-	static-resolved	-		-	static-resolved	-		-	static-resolved					[1646,735,2147483647,2727,1835,205,4112,1554163,2147483647,2147483647,2147483647,2147483647,2147483647,2147483647]	jP	4294181
h0A1	1747992881	Marksmen's Encampment	430194	hp	1	1	1400	1400	protected-runtime	5		5	static-resolved	fort		-		-	static-resolved	-		-	static-resolved	-		-	static-resolved	-		-	static-resolved	0		0	static-resolved	-		-	static-resolved					-		-	static-resolved	-		-	static-resolved	-		-	static-resolved	-		-	static-resolved	-		-	static-resolved					[4203,2147483647,2147483647,2147483647,2147483647,2147483647,2147483647,2147483647,2147483647,2147483647,2147483647,2147483647,2147483647,2147483647]	jP	4294396
h0A2	1747992882	Heavy Gunner	873602	hp,armor,attack1_base_damage,attack1_dice_number,attack1_dice_sides,attack1_cooldown,attack1_range	7	1	500	500	protected-runtime	0	3	3	protected-runtime	small		270		270	static-resolved	0	59	59	protected-runtime	1	1	1	protected-runtime	1	41	41	protected-runtime	99	1.7	1.7	protected-runtime	1	550	550	protected-runtime	60.0	100.0	80.0	47.05882352941177	-		-	static-resolved	-		-	static-resolved	-		-	static-resolved	-		-	static-resolved	-		-	static-resolved					[3304,2005,2147483647,2147483647,2287,632,394,1700390,3914,2147483647,2147483647,2147483647,2147483647,2147483647]	jP	4294646
n005	1848651829	Warlock	130591	hp,armor,move_speed,attack1_base_damage,attack1_range,defense_type	6	1	320	320	protected-runtime	0	1	1	protected-runtime	none	7	300	300	300	protected-runtime	0	29	29	protected-runtime	1		1	static-resolved	4		4	static-resolved	1.8		1.8	static-resolved	1	160	160	protected-runtime	30.0	33.0	31.5	17.5	-		-	static-resolved	-		-	static-resolved	-		-	static-resolved	-		-	static-resolved	-		-	static-resolved					[2922,3948,961,4339,579,2147483647,2147483647,2147483647,1682,2147483647,2147483647,2147483647,2147483647,2147483647]	jP	4294861
X00C	1479553091	Human Builder	323802	move_speed	1	220		220	static-resolved	0		0	static-resolved	medium		550	550	550	protected-runtime	4		4	static-resolved	1		1	static-resolved	2		2	static-resolved	2		2	static-resolved	90		90	static-resolved	5.0	6.0	5.5	2.75	0		0	static-resolved	1		1	static-resolved	1		1	static-resolved	1.1		1.1	static-resolved	66		66	static-resolved	1.0	1.0	1.0	0.9090909090909091	[2147483647,2147483647,2147483647,2496,2147483647,2147483647,2147483647,2147483647,2147483647,2147483647,2147483647,2147483647,2147483647,2147483647]	jP	4295079
h07U	1747990357	Vessel of Purity	698900	hp	1	1	1000	1000	protected-runtime	5		5	static-resolved	fort		-		-	static-resolved	-		-	static-resolved	-		-	static-resolved	-		-	static-resolved	0		0	static-resolved	-		-	static-resolved					-		-	static-resolved	-		-	static-resolved	-		-	static-resolved	-		-	static-resolved	-		-	static-resolved					[1279,2147483647,2147483647,2147483647,2147483647,2147483647,2147483647,2147483647,2147483647,2147483647,2147483647,2147483647,2147483647,2147483647]	jP	4295329
hfoo	1751543663	Footman	902494	hp,armor,attack1_base_damage	3	250	250	250	protected-runtime	4	4	4	protected-runtime	medium		270		270	static-resolved	24	24	24	protected-runtime	1		1	static-resolved	2		2	static-resolved	1.35		1.35	static-resolved	90		90	static-resolved	25.0	26.0	25.5	18.88888888888889	-		-	static-resolved	-		-	static-resolved	-		-	static-resolved	-		-	static-resolved	-		-	static-resolved					[1111,1034,2147483647,2147483647,226,2147483647,2147483647,2147483647,2147483647,2147483647,2147483647,2147483647,2147483647,2147483647]	jP	4295579
hmtm	1752003693	Mortar	452589	hp,attack1_base_damage,attack1_range,defense_type	4	280	280	280	protected-runtime	0		0	static-resolved	small	0	220		220	static-resolved	67	67	67	protected-runtime	1		1	static-resolved	13		13	static-resolved	3.5		3.5	static-resolved	1000	1000	1000	protected-runtime	68.0	80.0	74.0	21.142857142857142	51		51	static-resolved	1		1	static-resolved	13		13	static-resolved	3.5		3.5	static-resolved	1000		1000	static-resolved	52.0	64.0	58.0	16.571428571428573	[2755,2147483647,912,2147483647,2229,2147483647,2147483647,2147483647,3873,2147483647,2147483647,2147483647,2147483647,2147483647]	jP	4295816
hrif	1752328550	Sniper	950534	hp,attack1_base_damage,attack1_dice_number,attack1_dice_sides,attack1_range	5	270	270	270	protected-runtime	0		0	static-resolved	small		270		270	static-resolved	31	31	31	protected-runtime	1	1	1	protected-runtime	5	5	5	protected-runtime	1.5		1.5	static-resolved	500	500	500	protected-runtime	32.0	36.0	34.0	22.666666666666668	-		-	static-resolved	-		-	static-resolved	-		-	static-resolved	-		-	static-resolved	-		-	static-resolved					[4255,2147483647,2147483647,2147483647,1677,2875,1697,2147483647,2631,2147483647,2147483647,2147483647,2147483647,2147483647]	jP	4296047
h00A	1747988545	Death Pit	808889	hp	1	1	1000	1000	protected-runtime	5		5	static-resolved	fort		-		-	static-resolved	-		-	static-resolved	-		-	static-resolved	-		-	static-resolved	0		0	static-resolved	-		-	static-resolved					-		-	static-resolved	-		-	static-resolved	-		-	static-resolved	-		-	static-resolved	-		-	static-resolved					[3560,2147483647,2147483647,2147483647,2147483647,2147483647,2147483647,2147483647,2147483647,2147483647,2147483647,2147483647,2147483647,2147483647]	jP	4296273
h01K	1747988811	Temple of Bone	194528	hp	1	1	1300	1300	protected-runtime	5		5	static-resolved	fort		-		-	static-resolved	-		-	static-resolved	-		-	static-resolved	-		-	static-resolved	0		0	static-resolved	-		-	static-resolved					-		-	static-resolved	-		-	static-resolved	-		-	static-resolved	-		-	static-resolved	-		-	static-resolved					[4126,2147483647,2147483647,2147483647,2147483647,2147483647,2147483647,2147483647,2147483647,2147483647,2147483647,2147483647,2147483647,2147483647]	jP	4296523
h01L	1747988812	Haunted Mine	480892	hp	1	1	1300	1300	protected-runtime	5		5	static-resolved	fort		-		-	static-resolved	-		-	static-resolved	-		-	static-resolved	-		-	static-resolved	0		0	static-resolved	-		-	static-resolved					-		-	static-resolved	-		-	static-resolved	-		-	static-resolved	-		-	static-resolved	-		-	static-resolved					[4127,2147483647,2147483647,2147483647,2147483647,2147483647,2147483647,2147483647,2147483647,2147483647,2147483647,2147483647,2147483647,2147483647]	jP	4296773
h01N	1747988814	Crypt	53617	hp	1	1	1300	1300	protected-runtime	5		5	static-resolved	fort		-		-	static-resolved	-		-	static-resolved	-		-	static-resolved	-		-	static-resolved	0		0	static-resolved	-		-	static-resolved					-		-	static-resolved	-		-	static-resolved	-		-	static-resolved	-		-	static-resolved	-		-	static-resolved					[4129,2147483647,2147483647,2147483647,2147483647,2147483647,2147483647,2147483647,2147483647,2147483647,2147483647,2147483647,2147483647,2147483647]	jP	4297023
h01O	1747988815	Turret of Souls	494476	hp,attack1_base_damage,attack1_dice_number,attack1_dice_sides,attack1_cooldown,attack1_range	6	1	1500	1500	protected-runtime	5		5	static-resolved	fort		-		-	static-resolved	0	79	79	protected-runtime	1	1	1	protected-runtime	1	21	21	protected-runtime	99	1.2	1.2	protected-runtime	800	800	800	protected-runtime	80.0	100.0	90.0	75.0	-		-	static-resolved	-		-	static-resolved	-		-	static-resolved	-		-	static-resolved	-		-	static-resolved					[4330,2147483647,2147483647,2147483647,1494,4047,3886,1203974,3712,2147483647,2147483647,2147483647,2147483647,2147483647]	jP	4297272
h01Q	1747988817	City of Decay	699663	hp	1	1	1000	1000	protected-runtime	5		5	static-resolved	fort		-		-	static-resolved	-		-	static-resolved	-		-	static-resolved	-		-	static-resolved	0		0	static-resolved	-		-	static-resolved					-		-	static-resolved	-		-	static-resolved	-		-	static-resolved	-		-	static-resolved	-		-	static-resolved					[3832,2147483647,2147483647,2147483647,2147483647,2147483647,2147483647,2147483647,2147483647,2147483647,2147483647,2147483647,2147483647,2147483647]	jP	4297494
h01S	1747988819	Dragon Cemetery	698480	hp	1	1	1600	1600	protected-runtime	5		5	static-resolved	fort		-		-	static-resolved	-		-	static-resolved	-		-	static-resolved	-		-	static-resolved	0		0	static-resolved	-		-	static-resolved					-		-	static-resolved	-		-	static-resolved	-		-	static-resolved	-		-	static-resolved	-		-	static-resolved					[4434,2147483647,2147483647,2147483647,2147483647,2147483647,2147483647,2147483647,2147483647,2147483647,2147483647,2147483647,2147483647,2147483647]	jP	4297744
h01T	1747988820	Slaughter House	509479	hp	1	1	1400	1400	protected-runtime	5		5	static-resolved	fort		-		-	static-resolved	-		-	static-resolved	-		-	static-resolved	-		-	static-resolved	0		0	static-resolved	-		-	static-resolved					-		-	static-resolved	-		-	static-resolved	-		-	static-resolved	-		-	static-resolved	-		-	static-resolved					[4235,2147483647,2147483647,2147483647,2147483647,2147483647,2147483647,2147483647,2147483647,2147483647,2147483647,2147483647,2147483647,2147483647]	jP	4297994
h01U	1747988821	Vampire	128359	hp,armor,attack1_base_damage,attack1_dice_sides,attack1_range,defense_type	6	1	475	475	protected-runtime	0	3	3	protected-runtime	hero	5	270		270	static-resolved	0	39	39	protected-runtime	1		1	static-resolved	1	16	16	protected-runtime	1.35		1.35	static-resolved	1	110	110	protected-runtime	40.0	55.0	47.5	35.18518518518518	-		-	static-resolved	-		-	static-resolved	-		-	static-resolved	-		-	static-resolved	-		-	static-resolved					[3311,4067,1037,2147483647,1455,2147483647,3882,2147483647,3023,2147483647,2147483647,2147483647,2147483647,2147483647]	jP	4298244
h03M	1747989325	Defiled Granary	860548	hp	1	1	1500	1500	protected-runtime	5		5	static-resolved	fort		-		-	static-resolved	-		-	static-resolved	-		-	static-resolved	-		-	static-resolved	0		0	static-resolved	-		-	static-resolved					-		-	static-resolved	-		-	static-resolved	-		-	static-resolved	-		-	static-resolved	-		-	static-resolved					[4840,2147483647,2147483647,2147483647,2147483647,2147483647,2147483647,2147483647,2147483647,2147483647,2147483647,2147483647,2147483647,2147483647]	jP	4298464
h04B	1747989570	Temple of Necromancy	281834	hp	1	1	1400	1400	protected-runtime	5		5	static-resolved	fort		-		-	static-resolved	-		-	static-resolved	-		-	static-resolved	-		-	static-resolved	0		0	static-resolved	-		-	static-resolved					-		-	static-resolved	-		-	static-resolved	-		-	static-resolved	-		-	static-resolved	-		-	static-resolved					[4985,2147483647,2147483647,2147483647,2147483647,2147483647,2147483647,2147483647,2147483647,2147483647,2147483647,2147483647,2147483647,2147483647]	jP	4298714
h04Z	1747989594	Tainted Farm	416868	hp	1	1	1300	1300	protected-runtime	5		5	static-resolved	fort		-		-	static-resolved	-		-	static-resolved	-		-	static-resolved	-		-	static-resolved	0		0	static-resolved	-		-	static-resolved					-		-	static-resolved	-		-	static-resolved	-		-	static-resolved	-		-	static-resolved	-		-	static-resolved					[4909,2147483647,2147483647,2147483647,2147483647,2147483647,2147483647,2147483647,2147483647,2147483647,2147483647,2147483647,2147483647,2147483647]	jP	4298964
h054	1747989812	Graveyard	319396	hp	1	1	1500	1500	protected-runtime	5		5	static-resolved	fort		-		-	static-resolved	-		-	static-resolved	-		-	static-resolved	-		-	static-resolved	0		0	static-resolved	-		-	static-resolved					-		-	static-resolved	-		-	static-resolved	-		-	static-resolved	-		-	static-resolved	-		-	static-resolved					[5327,2147483647,2147483647,2147483647,2147483647,2147483647,2147483647,2147483647,2147483647,2147483647,2147483647,2147483647,2147483647,2147483647]	jP	4299214
h055	1747989813	High Citadel of Necromancy	556487	hp	1	1	1900	1900	protected-runtime	5		5	static-resolved	fort		-		-	static-resolved	-		-	static-resolved	-		-	static-resolved	-		-	static-resolved	0		0	static-resolved	-		-	static-resolved					-		-	static-resolved	-		-	static-resolved	-		-	static-resolved	-		-	static-resolved	-		-	static-resolved					[5728,2147483647,2147483647,2147483647,2147483647,2147483647,2147483647,2147483647,2147483647,2147483647,2147483647,2147483647,2147483647,2147483647]	jP	4299464
h056	1747989814	Skull Shrine	154440	hp	1	1	1400	1400	protected-runtime	5		5	static-resolved	fort		-		-	static-resolved	-		-	static-resolved	-		-	static-resolved	-		-	static-resolved	0		0	static-resolved	-		-	static-resolved					-		-	static-resolved	-		-	static-resolved	-		-	static-resolved	-		-	static-resolved	-		-	static-resolved					[5229,2147483647,2147483647,2147483647,2147483647,2147483647,2147483647,2147483647,2147483647,2147483647,2147483647,2147483647,2147483647,2147483647]	jP	4299714
h05H	1747989832	Vampire Lord	290089	hp,armor,move_speed,attack1_base_damage,attack1_dice_sides,attack1_cooldown,attack1_range,defense_type	8	1	700	700	protected-runtime	0	5	5	protected-runtime	hero	5	310	310	310	protected-runtime	0	64	64	protected-runtime	1		1	static-resolved	1	16	16	protected-runtime	99	1.05	1.05	protected-runtime	1	110	110	protected-runtime	65.0	80.0	72.5	69.04761904761905	-		-	static-resolved	-		-	static-resolved	-		-	static-resolved	-		-	static-resolved	-		-	static-resolved					[4547,482,1374,2614,1682,2147483647,4027,1054102,3135,2147483647,2147483647,2147483647,2147483647,2147483647]	jP	4299964
n00B	1848651842	Zombie	573868	hp,armor,move_speed,attack1_base_damage,attack1_dice_sides,attack1_cooldown	6	1	265	265	protected-runtime	0	3	3	protected-runtime	small		230	230	230	protected-runtime	0	29	29	protected-runtime	1		1	static-resolved	1	3	3	protected-runtime	99	2	2	protected-runtime	100		100	static-resolved	30.0	32.0	31.0	15.5	-		-	static-resolved	-		-	static-resolved	-		-	static-resolved	-		-	static-resolved	-		-	static-resolved					[2880,3957,2147483647,4272,582,2147483647,1499,2000878,2147483647,2147483647,2147483647,2147483647,2147483647,2147483647]	jP	4300173
n00E	1848651845	Flesh Golem	927521	hp,armor,move_speed,attack1_base_damage,attack1_dice_sides,attack1_cooldown,attack1_range	7	1	1200	1200	protected-runtime	0	15	15	protected-runtime	medium		320	320	320	protected-runtime	0	124	124	protected-runtime	3		3	static-resolved	1	26	26	protected-runtime	99	1.75	1.75	protected-runtime	1	120	120	protected-runtime	127.0	202.0	164.5	94.0	-		-	static-resolved	-		-	static-resolved	-		-	static-resolved	-		-	static-resolved	-		-	static-resolved					[3818,3970,2147483647,4363,678,2147483647,1522,1750878,1644,2147483647,2147483647,2147483647,2147483647,2147483647]	jP	4300395
n01K	1848652107	Suffocated Zombie	644729	hp,armor,move_speed,attack1_base_damage,attack1_dice_sides,attack1_cooldown	6	1	500	500	protected-runtime	0	5	5	protected-runtime	small		245	245	245	protected-runtime	0	49	49	protected-runtime	1		1	static-resolved	1	11	11	protected-runtime	99	2	2	protected-runtime	100		100	static-resolved	50.0	60.0	55.0	27.5	-		-	static-resolved	-		-	static-resolved	-		-	static-resolved	-		-	static-resolved	-		-	static-resolved					[3380,4091,2147483647,4353,655,2147483647,1545,2000911,2147483647,2147483647,2147483647,2147483647,2147483647,2147483647]	jP	4300611
u000	1966092336	Frost Wyrm	113710	hp,armor,attack1_base_damage,attack1_dice_number,attack1_dice_sides,attack1_cooldown,attack1_range	7	1	1200	1200	protected-runtime	0	5	5	protected-runtime	large		220		220	static-resolved	0	89	89	protected-runtime	1	1	1	protected-runtime	1	101	101	protected-runtime	99	1.8	1.8	protected-runtime	1	325	325	protected-runtime	90.0	190.0	140.0	77.77777777777777	83		83	static-resolved	1		1	static-resolved	11		11	static-resolved	3		3	static-resolved	300		300	static-resolved	84.0	94.0	89.0	29.666666666666668	[3860,1935,2147483647,2147483647,3107,608,1603,1803442,2309,2147483647,2147483647,2147483647,2147483647,2147483647]	jP	4300833
u001	1966092337	Banshee	756162	hp,armor,attack1_base_damage,attack1_dice_sides,attack1_range,defense_type	6	1	310	310	protected-runtime	0	2	2	protected-runtime	divine	6	270		270	static-resolved	0	59	59	protected-runtime	1		1	static-resolved	1	16	16	protected-runtime	1.4		1.4	static-resolved	1	350	350	protected-runtime	60.0	75.0	67.5	48.214285714285715	-		-	static-resolved	-		-	static-resolved	-		-	static-resolved	-		-	static-resolved	-		-	static-resolved					[2971,1932,2344,2147483647,3077,2147483647,1518,2147483647,2334,2147483647,2147483647,2147483647,2147483647,2147483647]	jP	4301048
u005	1966092341	Necromancer	874421	hp,armor,attack1_base_damage,attack1_dice_sides,attack1_range	5	1	300	300	protected-runtime	0	1	1	protected-runtime	small		270		270	static-resolved	0	54	54	protected-runtime	1		1	static-resolved	1	1	1	protected-runtime	1.8		1.8	static-resolved	1	380	380	protected-runtime	55.0	55.0	55.0	30.555555555555554	-		-	static-resolved	-		-	static-resolved	-		-	static-resolved	-		-	static-resolved	-		-	static-resolved					[2965,1933,2147483647,2147483647,3073,2147483647,1504,2147483647,2364,2147483647,2147483647,2147483647,2147483647,2147483647]	jP	4301268
u007	1966092343	Plague Bearer	262111	hp,armor,move_speed,attack1_base_damage,attack1_dice_sides,attack1_cooldown,defense_type	7	1	1050	1050	protected-runtime	0	6	6	protected-runtime	medium	1	260	260	260	protected-runtime	0	99	99	protected-runtime	1		1	static-resolved	1	11	11	protected-runtime	99	2	2	protected-runtime	128		128	static-resolved	100.0	110.0	105.0	52.5	-		-	static-resolved	-		-	static-resolved	-		-	static-resolved	-		-	static-resolved	-		-	static-resolved					[3717,1939,2341,1245,3118,2147483647,1514,2003442,2147483647,2147483647,2147483647,2147483647,2147483647,2147483647]	jP	4301494
u009	1966092345	Mighty Necromancer	457959	hp,armor,move_speed,attack1_base_damage,attack1_dice_number,attack1_dice_sides,attack1_cooldown,attack1_range,defense_type	9	1	550	550	protected-runtime	0	3	3	protected-runtime	none	7	270	270	270	protected-runtime	0	74	74	protected-runtime	1	1	1	protected-runtime	1	1	1	protected-runtime	99	1.6	1.6	protected-runtime	1	400	400	protected-runtime	75.0	75.0	75.0	46.875	-		-	static-resolved	-		-	static-resolved	-		-	static-resolved	-		-	static-resolved	-		-	static-resolved					[3219,1937,2348,1256,3094,609,1505,1603443,2385,2147483647,2147483647,2147483647,2147483647,2147483647]	jP	4301711
u00D	1966092356	Lich King	579424	hp,armor,move_speed,attack1_base_damage,attack1_dice_sides,attack1_range	6	1	950	950	protected-runtime	0	8	8	protected-runtime	small		300	300	300	protected-runtime	0	119	119	protected-runtime	1		1	static-resolved	1	1	1	protected-runtime	1.8		1.8	static-resolved	1	500	500	protected-runtime	120.0	120.0	120.0	66.66666666666667	-		-	static-resolved	-		-	static-resolved	-		-	static-resolved	-		-	static-resolved	-		-	static-resolved					[3630,1948,2147483647,1289,3141,2147483647,1506,2147483647,2486,2147483647,2147483647,2147483647,2147483647,2147483647]	jP	4301915
X018	1479553336	Undead Builder	482772	move_speed	1	220		220	static-resolved	0		0	static-resolved	medium		550	550	550	protected-runtime	4		4	static-resolved	1		1	static-resolved	2		2	static-resolved	2		2	static-resolved	90		90	static-resolved	5.0	6.0	5.5	2.75	0		0	static-resolved	1		1	static-resolved	1		1	static-resolved	1.1		1.1	static-resolved	66		66	static-resolved	1.0	1.0	1.0	0.9090909090909091	[2147483647,2147483647,2147483647,2558,2147483647,2147483647,2147483647,2147483647,2147483647,2147483647,2147483647,2147483647,2147483647,2147483647]	jP	4302135
h00F	1747988550	Spawning Grounds	453749	hp	1	1	1300	1300	protected-runtime	5		5	static-resolved	fort		-		-	static-resolved	-		-	static-resolved	-		-	static-resolved	-		-	static-resolved	0		0	static-resolved	-		-	static-resolved					-		-	static-resolved	-		-	static-resolved	-		-	static-resolved	-		-	static-resolved	-		-	static-resolved					[3865,2147483647,2147483647,2147483647,2147483647,2147483647,2147483647,2147483647,2147483647,2147483647,2147483647,2147483647,2147483647,2147483647]	jP	4302385
h00G	1747988551	Coral Statue	527067	hp	1	1	1000	1000	protected-runtime	5		5	static-resolved	fort		-		-	static-resolved	-		-	static-resolved	-		-	static-resolved	-		-	static-resolved	0		0	static-resolved	-		-	static-resolved					-		-	static-resolved	-		-	static-resolved	-		-	static-resolved	-		-	static-resolved	-		-	static-resolved					[3566,2147483647,2147483647,2147483647,2147483647,2147483647,2147483647,2147483647,2147483647,2147483647,2147483647,2147483647,2147483647,2147483647]	jP	4302635
h00I	1747988553	Ancient Pyramide	99792	hp	1	1	1000	1000	protected-runtime	5		5	static-resolved	fort		-		-	static-resolved	-		-	static-resolved	-		-	static-resolved	-		-	static-resolved	0		0	static-resolved	-		-	static-resolved					-		-	static-resolved	-		-	static-resolved	-		-	static-resolved	-		-	static-resolved	-		-	static-resolved					[3568,2147483647,2147483647,2147483647,2147483647,2147483647,2147483647,2147483647,2147483647,2147483647,2147483647,2147483647,2147483647,2147483647]	jP	4302885
h00M	1747988557	Oracle of Sirens	769883	hp	1	1	800	800	protected-runtime	5		5	static-resolved	fort		-		-	static-resolved	-		-	static-resolved	-		-	static-resolved	-		-	static-resolved	0		0	static-resolved	-		-	static-resolved					-		-	static-resolved	-		-	static-resolved	-		-	static-resolved	-		-	static-resolved	-		-	static-resolved					[3372,2147483647,2147483647,2147483647,2147483647,2147483647,2147483647,2147483647,2147483647,2147483647,2147483647,2147483647,2147483647,2147483647]	jP	4303134
h00N	1747988558	Tidal Guardian	161664	hp,attack1_base_damage,attack1_dice_sides,attack1_cooldown,attack1_range,defense_type	6	1	900	900	protected-runtime	5		5	static-resolved	fort	3	-		-	static-resolved	0	0	0	protected-runtime	1		1	static-resolved	1	1	1	protected-runtime	99	15	15	protected-runtime	1	99999	99999	protected-runtime	1.0	1.0	1.0	0.06666666666666667	-		-	static-resolved	-		-	static-resolved	-		-	static-resolved	-		-	static-resolved	-		-	static-resolved					[3473,2147483647,947,2147483647,1363,2147483647,3830,15003942,102882,2147483647,2147483647,2147483647,2147483647,2147483647]	jP	4303384
h01B	1747988802	Reptile Pool	617261	hp	1	1	1300	1300	protected-runtime	5		5	static-resolved	fort		-		-	static-resolved	-		-	static-resolved	-		-	static-resolved	-		-	static-resolved	0		0	static-resolved	-		-	static-resolved					-		-	static-resolved	-		-	static-resolved	-		-	static-resolved	-		-	static-resolved	-		-	static-resolved					[4117,2147483647,2147483647,2147483647,2147483647,2147483647,2147483647,2147483647,2147483647,2147483647,2147483647,2147483647,2147483647,2147483647]	jP	4303609
h01Y	1747988825	Temple of Snakes	203612	hp	1	1	1300	1300	protected-runtime	5		5	static-resolved	fort		-		-	static-resolved	-		-	static-resolved	-		-	static-resolved	-		-	static-resolved	0		0	static-resolved	-		-	static-resolved					-		-	static-resolved	-		-	static-resolved	-		-	static-resolved	-		-	static-resolved	-		-	static-resolved					[4140,2147483647,2147483647,2147483647,2147483647,2147483647,2147483647,2147483647,2147483647,2147483647,2147483647,2147483647,2147483647,2147483647]	jP	4303859
h01Z	1747988826	Naga Spring	227657	hp	1	1	1400	1400	protected-runtime	5		5	static-resolved	fort		-		-	static-resolved	-		-	static-resolved	-		-	static-resolved	-		-	static-resolved	0		0	static-resolved	-		-	static-resolved					-		-	static-resolved	-		-	static-resolved	-		-	static-resolved	-		-	static-resolved	-		-	static-resolved					[4241,2147483647,2147483647,2147483647,2147483647,2147483647,2147483647,2147483647,2147483647,2147483647,2147483647,2147483647,2147483647,2147483647]	jP	4304107
h020	1747989040	Murloc Camp	771689	hp	1	1	1300	1300	protected-runtime	5		5	static-resolved	fort		-		-	static-resolved	-		-	static-resolved	-		-	static-resolved	-		-	static-resolved	0		0	static-resolved	-		-	static-resolved					-		-	static-resolved	-		-	static-resolved	-		-	static-resolved	-		-	static-resolved	-		-	static-resolved					[4355,2147483647,2147483647,2147483647,2147483647,2147483647,2147483647,2147483647,2147483647,2147483647,2147483647,2147483647,2147483647,2147483647]	jP	4304357
h021	1747989041	Murloc Village	533415	hp	1	1	1500	1500	protected-runtime	5		5	static-resolved	fort		-		-	static-resolved	-		-	static-resolved	-		-	static-resolved	-		-	static-resolved	0		0	static-resolved	-		-	static-resolved					-		-	static-resolved	-		-	static-resolved	-		-	static-resolved	-		-	static-resolved	-		-	static-resolved					[4556,2147483647,2147483647,2147483647,2147483647,2147483647,2147483647,2147483647,2147483647,2147483647,2147483647,2147483647,2147483647,2147483647]	jP	4304607
h022	1747989042	Murloc Fortress	295141	hp	1	1	1700	1700	protected-runtime	5		5	static-resolved	fort		-		-	static-resolved	-		-	static-resolved	-		-	static-resolved	-		-	static-resolved	0		0	static-resolved	-		-	static-resolved					-		-	static-resolved	-		-	static-resolved	-		-	static-resolved	-		-	static-resolved	-		-	static-resolved					[4757,2147483647,2147483647,2147483647,2147483647,2147483647,2147483647,2147483647,2147483647,2147483647,2147483647,2147483647,2147483647,2147483647]	jP	4304855
h032	1747989298	Royal Spawning Grounds	128741	hp	1	1	1500	1500	protected-runtime	5		5	static-resolved	fort		-		-	static-resolved	-		-	static-resolved	-		-	static-resolved	-		-	static-resolved	0		0	static-resolved	-		-	static-resolved					-		-	static-resolved	-		-	static-resolved	-		-	static-resolved	-		-	static-resolved	-		-	static-resolved					[4813,2147483647,2147483647,2147483647,2147483647,2147483647,2147483647,2147483647,2147483647,2147483647,2147483647,2147483647,2147483647,2147483647]	jP	4305105
h05F	1747989830	Lernaean Fountain	900025	hp	1	1	2100	2100	protected-runtime	5		5	static-resolved	fort		-		-	static-resolved	-		-	static-resolved	-		-	static-resolved	-		-	static-resolved	0		0	static-resolved	-		-	static-resolved					-		-	static-resolved	-		-	static-resolved	-		-	static-resolved	-		-	static-resolved	-		-	static-resolved					[5945,2147483647,2147483647,2147483647,2147483647,2147483647,2147483647,2147483647,2147483647,2147483647,2147483647,2147483647,2147483647,2147483647]	jP	4305355
n002	1848651826	Naga Guardian	464829	hp,armor,move_speed,attack1_base_damage,attack1_dice_number,attack1_dice_sides,attack1_cooldown	7	1	625	625	protected-runtime	0	6	6	protected-runtime	large		280	280	280	protected-runtime	0	69	69	protected-runtime	1	1	1	protected-runtime	1	6	6	protected-runtime	99	1.4	1.4	protected-runtime	128		128	static-resolved	70.0	75.0	72.5	51.78571428571429	-		-	static-resolved	-		-	static-resolved	-		-	static-resolved	-		-	static-resolved	-		-	static-resolved					[3224,3952,2147483647,4318,619,4008,1500,1400876,2147483647,2147483647,2147483647,2147483647,2147483647,2147483647]	jP	4305605
n004	1848651828	Suumpmolk	273398	hp,armor,move_speed,attack1_base_damage,attack1_dice_number,attack1_dice_sides,attack1_cooldown,attack1_range,defense_type	9	1	380	380	protected-runtime	0	3	3	protected-runtime	medium	1	280	280	280	protected-runtime	0	37	37	protected-runtime	1	1	1	protected-runtime	1	1	1	protected-runtime	99	1.4	1.4	protected-runtime	1	325	325	protected-runtime	38.0	38.0	38.0	27.142857142857146	-		-	static-resolved	-		-	static-resolved	-		-	static-resolved	-		-	static-resolved	-		-	static-resolved					[2981,3950,955,4319,587,4009,1495,1400876,1847,2147483647,2147483647,2147483647,2147483647,2147483647]	jP	4305821
n007	1848651831	Dragon Turtle	833089	hp,armor,attack1_base_damage,attack1_dice_sides,attack1_range	5	1	650	650	protected-runtime	0	8	8	protected-runtime	large		270		270	static-resolved	0	84	84	protected-runtime	1		1	static-resolved	1	21	21	protected-runtime	1.75		1.75	static-resolved	1	550	550	protected-runtime	85.0	105.0	95.0	54.285714285714285	62		62	static-resolved	1		1	static-resolved	18		18	static-resolved	1.8		1.8	static-resolved	450		450	static-resolved	63.0	80.0	71.5	39.72222222222222	[3254,3956,2147483647,2147483647,635,2147483647,1515,2147483647,2073,2147483647,2147483647,2147483647,2147483647,2147483647]	jP	4306024
n00H	1848651848	Winged Serpent	383379	hp,armor,attack1_base_damage,attack1_dice_number,attack1_dice_sides,attack1_cooldown,attack1_range	7	1	450	450	protected-runtime	0	2	2	protected-runtime	small		350		350	static-resolved	0	39	39	protected-runtime	1	1	1	protected-runtime	1	21	21	protected-runtime	99	1.5	1.5	protected-runtime	1	420	420	protected-runtime	40.0	60.0	50.0	33.333333333333336	-		-	static-resolved	-		-	static-resolved	-		-	static-resolved	-		-	static-resolved	-		-	static-resolved					[3071,3959,2147483647,2147483647,593,4012,1518,1500879,1944,2147483647,2147483647,2147483647,2147483647,2147483647]	jP	4306249
n00I	1848651849	Murloc Warrior	348567	hp,armor,move_speed,attack1_base_damage,attack1_dice_sides,attack1_cooldown	6	1	325	325	protected-runtime	0	4	4	protected-runtime	none		280	280	280	protected-runtime	0	24	24	protected-runtime	1		1	static-resolved	1	11	11	protected-runtime	99	1.25	1.25	protected-runtime	90		90	static-resolved	25.0	35.0	30.0	24.0	0		0	static-resolved	1		1	static-resolved	1		1	static-resolved	1		1	static-resolved	66		66	static-resolved	1.0	1.0	1.0	1.0	[2947,3961,2147483647,4324,578,2147483647,1508,1250879,2147483647,2147483647,2147483647,2147483647,2147483647,2147483647]	jP	4306465
n00J	1848651850	Murloc Champion	529549	hp,armor,move_speed,attack1_base_damage,attack1_dice_sides,attack1_cooldown	6	1	520	520	protected-runtime	0	6	6	protected-runtime	none		280	280	280	protected-runtime	0	39	39	protected-runtime	1		1	static-resolved	1	11	11	protected-runtime	99	1.25	1.25	protected-runtime	90		90	static-resolved	40.0	50.0	45.0	36.0	0		0	static-resolved	1		1	static-resolved	1		1	static-resolved	1		1	static-resolved	66		66	static-resolved	1.0	1.0	1.0	1.0	[3143,3964,2147483647,4324,594,2147483647,1508,1250879,2147483647,2147483647,2147483647,2147483647,2147483647,2147483647]	jP	4306687
n00K	1848651851	Murloc Assassin	763239	hp,armor,move_speed,attack1_base_damage,attack1_dice_sides,attack1_cooldown	6	1	750	750	protected-runtime	0	8	8	protected-runtime	none		280	280	280	protected-runtime	0	54	54	protected-runtime	1		1	static-resolved	1	16	16	protected-runtime	99	1.25	1.25	protected-runtime	90		90	static-resolved	55.0	70.0	62.5	50.0	0		0	static-resolved	1		1	static-resolved	1		1	static-resolved	1		1	static-resolved	66		66	static-resolved	1.0	1.0	1.0	1.0	[3374,3966,2147483647,4324,609,2147483647,1513,1250879,2147483647,2147483647,2147483647,2147483647,2147483647,2147483647]	jP	4306909
n00S	1848651859	Naga Siren	148666	hp,armor,move_speed,attack1_base_damage,attack1_dice_sides,attack1_cooldown,attack1_range	7	1	550	550	protected-runtime	0	3	3	protected-runtime	none		290	290	290	protected-runtime	0	59	59	protected-runtime	1		1	static-resolved	1	41	41	protected-runtime	99	1.6	1.6	protected-runtime	1	400	400	protected-runtime	60.0	100.0	80.0	50.0	-		-	static-resolved	-		-	static-resolved	-		-	static-resolved	-		-	static-resolved	-		-	static-resolved					[3182,3965,2147483647,4336,615,2147483647,1539,1600880,1926,2147483647,2147483647,2147483647,2147483647,2147483647]	jP	4307129
n00X	1848651864	Naga Royal Guard	793004	hp,armor,move_speed,attack1_base_damage,attack1_dice_number,attack1_dice_sides,attack1_cooldown	7	1	1100	1100	protected-runtime	0	9	9	protected-runtime	large		280	280	280	protected-runtime	0	104	104	protected-runtime	1	1	1	protected-runtime	1	17	17	protected-runtime	99	1.2	1.2	protected-runtime	128		128	static-resolved	105.0	121.0	113.0	94.16666666666667	-		-	static-resolved	-		-	static-resolved	-		-	static-resolved	-		-	static-resolved	-		-	static-resolved					[3737,3974,2147483647,4328,661,4015,1516,1200881,2147483647,2147483647,2147483647,2147483647,2147483647,2147483647]	jP	4307344
n01P	1848652112	Ancient Hydra	907548	hp,armor,move_speed,attack1_base_damage,attack1_dice_number,attack1_dice_sides,defense_type	7	1	1750	1750	protected-runtime	0	9	9	protected-runtime	medium	1	350	350	350	protected-runtime	0	174	174	protected-runtime	1	1	1	protected-runtime	1	51	51	protected-runtime	1.5		1.5	static-resolved	500		500	static-resolved	175.0	225.0	200.0	133.33333333333334	-		-	static-resolved	-		-	static-resolved	-		-	static-resolved	-		-	static-resolved	-		-	static-resolved					[4635,4098,1049,4460,781,4056,1585,2147483647,2147483647,2147483647,2147483647,2147483647,2147483647,2147483647]	jP	4307560
X00E	1479553093	Naga Builder	896530	move_speed	1	220		220	static-resolved	0		0	static-resolved	medium		550	550	550	protected-runtime	4		4	static-resolved	1		1	static-resolved	2		2	static-resolved	2		2	static-resolved	90		90	static-resolved	5.0	6.0	5.5	2.75	0		0	static-resolved	1		1	static-resolved	1		1	static-resolved	1.1		1.1	static-resolved	66		66	static-resolved	1.0	1.0	1.0	0.9090909090909091	[2147483647,2147483647,2147483647,2497,2147483647,2147483647,2147483647,2147483647,2147483647,2147483647,2147483647,2147483647,2147483647,2147483647]	jP	4307773
n03U	1848652629	Winged Riptide Serpent	160359	hp,armor,attack1_base_damage,attack1_dice_number,attack1_dice_sides,attack1_cooldown,attack1_range	7	1	580	580	protected-runtime	0	2	2	protected-runtime	small		350		350	static-resolved	0	59	59	protected-runtime	1	1	1	protected-runtime	1	21	21	protected-runtime	99	1.5	1.5	protected-runtime	1	520	520	protected-runtime	60.0	80.0	70.0	46.666666666666664	-		-	static-resolved	-		-	static-resolved	-		-	static-resolved	-		-	static-resolved	-		-	static-resolved					[3982,256,2147483647,2147483647,769,4142,1629,1500976,2131,2147483647,2147483647,2147483647,2147483647,2147483647]	jP	4308023
h080	1747990576	Temple of Riptide	625473	hp	1	1	1300	1300	protected-runtime	5		5	static-resolved	fort		-		-	static-resolved	-		-	static-resolved	-		-	static-resolved	-		-	static-resolved	0		0	static-resolved	-		-	static-resolved					-		-	static-resolved	-		-	static-resolved	-		-	static-resolved	-		-	static-resolved	-		-	static-resolved					[1798,2147483647,2147483647,2147483647,2147483647,2147483647,2147483647,2147483647,2147483647,2147483647,2147483647,2147483647,2147483647,2147483647]	jP	4308238
h02H	1747989064	Troll Hut	644404	hp	1	1	1300	1300	protected-runtime	5		5	static-resolved	fort		-		-	static-resolved	-		-	static-resolved	-		-	static-resolved	-		-	static-resolved	0		0	static-resolved	-		-	static-resolved					-		-	static-resolved	-		-	static-resolved	-		-	static-resolved	-		-	static-resolved	-		-	static-resolved					[4379,2147483647,2147483647,2147483647,2147483647,2147483647,2147483647,2147483647,2147483647,2147483647,2147483647,2147483647,2147483647,2147483647]	jP	4308488
h02I	1747989065	Orcish Siege Factory	668449	hp	1	1	1400	1400	protected-runtime	5		5	static-resolved	fort		-		-	static-resolved	-		-	static-resolved	-		-	static-resolved	-		-	static-resolved	0		0	static-resolved	-		-	static-resolved					-		-	static-resolved	-		-	static-resolved	-		-	static-resolved	-		-	static-resolved	-		-	static-resolved					[4480,2147483647,2147483647,2147483647,2147483647,2147483647,2147483647,2147483647,2147483647,2147483647,2147483647,2147483647,2147483647,2147483647]	jP	4308738
h02K	1747989067	Kodo Farm	503493	hp	1	1	1300	1300	protected-runtime	5		5	static-resolved	fort		-		-	static-resolved	-		-	static-resolved	-		-	static-resolved	-		-	static-resolved	0		0	static-resolved	-		-	static-resolved					-		-	static-resolved	-		-	static-resolved	-		-	static-resolved	-		-	static-resolved	-		-	static-resolved					[4382,2147483647,2147483647,2147483647,2147483647,2147483647,2147483647,2147483647,2147483647,2147483647,2147483647,2147483647,2147483647,2147483647]	jP	4308987
h02N	1747989070	Serpent Rock	149536	hp	1	1	1000	1000	protected-runtime	5		5	static-resolved	fort		-		-	static-resolved	-		-	static-resolved	-		-	static-resolved	-		-	static-resolved	0		0	static-resolved	-		-	static-resolved					-		-	static-resolved	-		-	static-resolved	-		-	static-resolved	-		-	static-resolved	-		-	static-resolved					[4085,2147483647,2147483647,2147483647,2147483647,2147483647,2147483647,2147483647,2147483647,2147483647,2147483647,2147483647,2147483647,2147483647]	jP	4309237
h02O	1747989071	Legendary Totem	386627	hp	1	1	1400	1400	protected-runtime	5		5	static-resolved	fort		-		-	static-resolved	-		-	static-resolved	-		-	static-resolved	-		-	static-resolved	0		0	static-resolved	-		-	static-resolved					-		-	static-resolved	-		-	static-resolved	-		-	static-resolved	-		-	static-resolved	-		-	static-resolved					[4486,2147483647,2147483647,2147483647,2147483647,2147483647,2147483647,2147483647,2147483647,2147483647,2147483647,2147483647,2147483647,2147483647]	jP	4309487
h02P	1747989072	Falcon-Clan Encampment	935310	hp	1	1	1300	1300	protected-runtime	5		5	static-resolved	fort		-		-	static-resolved	-		-	static-resolved	-		-	static-resolved	-		-	static-resolved	0		0	static-resolved	-		-	static-resolved					-		-	static-resolved	-		-	static-resolved	-		-	static-resolved	-		-	static-resolved	-		-	static-resolved					[4387,2147483647,2147483647,2147483647,2147483647,2147483647,2147483647,2147483647,2147483647,2147483647,2147483647,2147483647,2147483647,2147483647]	jP	4309737
h02R	1747989074	Ceremonial Totem	819627	hp	1	1	800	800	protected-runtime	5		5	static-resolved	fort		-		-	static-resolved	-		-	static-resolved	-		-	static-resolved	-		-	static-resolved	0		0	static-resolved	-		-	static-resolved					-		-	static-resolved	-		-	static-resolved	-		-	static-resolved	-		-	static-resolved	-		-	static-resolved					[3889,2147483647,2147483647,2147483647,2147483647,2147483647,2147483647,2147483647,2147483647,2147483647,2147483647,2147483647,2147483647,2147483647]	jP	4309987
h02U	1747989077	Advanced Fighters' Hall	367124	hp	1	1	1300	1300	protected-runtime	5		5	static-resolved	fort		-		-	static-resolved	-		-	static-resolved	-		-	static-resolved	-		-	static-resolved	0		0	static-resolved	-		-	static-resolved					-		-	static-resolved	-		-	static-resolved	-		-	static-resolved	-		-	static-resolved	-		-	static-resolved					[4392,2147483647,2147483647,2147483647,2147483647,2147483647,2147483647,2147483647,2147483647,2147483647,2147483647,2147483647,2147483647,2147483647]	jP	4310237
h031	1747989297	Superior Fighters' Hall	842380	hp	1	1	1500	1500	protected-runtime	5		5	static-resolved	fort		-		-	static-resolved	-		-	static-resolved	-		-	static-resolved	-		-	static-resolved	0		0	static-resolved	-		-	static-resolved					-		-	static-resolved	-		-	static-resolved	-		-	static-resolved	-		-	static-resolved	-		-	static-resolved					[4812,2147483647,2147483647,2147483647,2147483647,2147483647,2147483647,2147483647,2147483647,2147483647,2147483647,2147483647,2147483647,2147483647]	jP	4310487
h035	1747989301	Melee Kodo Farm	987833	hp	1	1	1500	1500	protected-runtime	5		5	static-resolved	fort		-		-	static-resolved	-		-	static-resolved	-		-	static-resolved	-		-	static-resolved	0		0	static-resolved	-		-	static-resolved					-		-	static-resolved	-		-	static-resolved	-		-	static-resolved	-		-	static-resolved	-		-	static-resolved					[4816,2147483647,2147483647,2147483647,2147483647,2147483647,2147483647,2147483647,2147483647,2147483647,2147483647,2147483647,2147483647,2147483647]	jP	4310737
h036	1747989302	Defensive Kodo Farm	274194	hp	1	1	1500	1500	protected-runtime	5		5	static-resolved	fort		-		-	static-resolved	-		-	static-resolved	-		-	static-resolved	-		-	static-resolved	0		0	static-resolved	-		-	static-resolved					-		-	static-resolved	-		-	static-resolved	-		-	static-resolved	-		-	static-resolved	-		-	static-resolved					[4817,2147483647,2147483647,2147483647,2147483647,2147483647,2147483647,2147483647,2147483647,2147483647,2147483647,2147483647,2147483647,2147483647]	jP	4310987
h05E	1747989829	Trapper's Hut	712207	hp	1	1	1300	1300	protected-runtime	5		5	static-resolved	fort		-		-	static-resolved	-		-	static-resolved	-		-	static-resolved	-		-	static-resolved	0		0	static-resolved	-		-	static-resolved					-		-	static-resolved	-		-	static-resolved	-		-	static-resolved	-		-	static-resolved	-		-	static-resolved					[5144,2147483647,2147483647,2147483647,2147483647,2147483647,2147483647,2147483647,2147483647,2147483647,2147483647,2147483647,2147483647,2147483647]	jP	4311237
h06D	1747990084	Forest Trapper's Hole	160897	hp	1	1	1900	1900	protected-runtime	5		5	static-resolved	fort		-		-	static-resolved	-		-	static-resolved	-		-	static-resolved	-		-	static-resolved	0		0	static-resolved	-		-	static-resolved					-		-	static-resolved	-		-	static-resolved	-		-	static-resolved	-		-	static-resolved	-		-	static-resolved					[5999,2147483647,2147483647,2147483647,2147483647,2147483647,2147483647,2147483647,2147483647,2147483647,2147483647,2147483647,2147483647,2147483647]	jP	4311487
h06I	1747990089	Infostealer's Place	117349	hp	1	1	1700	1700	protected-runtime	5		5	static-resolved	fort		-		-	static-resolved	-		-	static-resolved	-		-	static-resolved	-		-	static-resolved	0		0	static-resolved	-		-	static-resolved					-		-	static-resolved	-		-	static-resolved	-		-	static-resolved	-		-	static-resolved	-		-	static-resolved					[5804,2147483647,2147483647,2147483647,2147483647,2147483647,2147483647,2147483647,2147483647,2147483647,2147483647,2147483647,2147483647,2147483647]	jP	4311737
h092	1747990834	Spellbreaker Kodo Farm	244844	hp	1	1	1400	1400	protected-runtime	5		5	static-resolved	fort		-		-	static-resolved	-		-	static-resolved	-		-	static-resolved	-		-	static-resolved	0		0	static-resolved	-		-	static-resolved					-		-	static-resolved	-		-	static-resolved	-		-	static-resolved	-		-	static-resolved	-		-	static-resolved					[2156,2147483647,2147483647,2147483647,2147483647,2147483647,2147483647,2147483647,2147483647,2147483647,2147483647,2147483647,2147483647,2147483647]	jP	4311987
n00V	1848651862	Troll Berserker	973963	armor,attack1_base_damage,attack1_dice_sides,attack1_cooldown,attack1_range	5	450		450	static-resolved	0	3	3	protected-runtime	small		270		270	static-resolved	0	39	39	protected-runtime	1		1	static-resolved	1	11	11	protected-runtime	99	1.5	1.5	protected-runtime	1	300	300	protected-runtime	40.0	50.0	45.0	30.0	-		-	static-resolved	-		-	static-resolved	-		-	static-resolved	-		-	static-resolved	-		-	static-resolved					[2147483647,3967,2147483647,2147483647,596,2147483647,1510,1500880,1826,2147483647,2147483647,2147483647,2147483647,2147483647]	jP	4312237
n01O	1848652111	Troll Trapper	494558	hp,armor,attack1_base_damage,attack1_dice_sides,attack1_cooldown,attack1_range	6	1	600	600	protected-runtime	0	4	4	protected-runtime	small		270		270	static-resolved	0	49	49	protected-runtime	1		1	static-resolved	1	16	16	protected-runtime	99	1.5	1.5	protected-runtime	1	325	325	protected-runtime	50.0	65.0	57.5	38.333333333333336	-		-	static-resolved	-		-	static-resolved	-		-	static-resolved	-		-	static-resolved	-		-	static-resolved					[3484,4092,2147483647,2147483647,656,2147483647,1550,1500911,1879,2147483647,2147483647,2147483647,2147483647,2147483647]	jP	4312465
n02G	1848652359	Forest Troll Trapper	284110	hp,armor,attack1_base_damage,attack1_dice_sides,attack1_cooldown,attack1_range	6	1	1600	1600	protected-runtime	0	10	10	protected-runtime	small		270		270	static-resolved	0	150	150	protected-runtime	1		1	static-resolved	1	16	16	protected-runtime	99	1.5	1.5	protected-runtime	1	550	550	protected-runtime	151.0	166.0	158.5	105.66666666666667	-		-	static-resolved	-		-	static-resolved	-		-	static-resolved	-		-	static-resolved	-		-	static-resolved					[4732,129,2147483647,2147483647,806,2147483647,1586,1500942,2131,2147483647,2147483647,2147483647,2147483647,2147483647]	jP	4312687
o000	1865429040	Anti Air Tower	509194	hp,armor,attack1_base_damage,attack1_dice_sides,attack1_cooldown,attack1_range,attack2_base_damage,attack2_dice_number,attack2_dice_sides,attack2_cooldown,attack2_range,defense_type	12	1	1500	1500	protected-runtime	0	5	5	protected-runtime	fort	3	-		-	static-resolved	0	79	79	protected-runtime	1		1	static-resolved	1	21	21	protected-runtime	99	0.4	0.4	protected-runtime	900	900	900	protected-runtime	80.0	100.0	90.0	225.0	0	29	29	protected-runtime	1	1	1	protected-runtime	1	6	6	protected-runtime	99	0.6	0.6	protected-runtime	600	600	600	protected-runtime	30.0	35.0	32.5	54.16666666666667	[4106,1908,2323,2147483647,3905,2147483647,3854,402412,4242,218,4113,2093,600838,1677]	jP	4312908
o001	1865429041	Catapult	787234	hp,armor,attack1_base_damage,attack1_dice_sides,attack1_cooldown,attack1_range,defense_type	7	1	475	475	protected-runtime	0	5	5	protected-runtime	medium	1	180		180	static-resolved	0	119	119	protected-runtime	1		1	static-resolved	1	31	31	protected-runtime	99	5	5	protected-runtime	1	1000	1000	protected-runtime	120.0	150.0	135.0	27.0	81		81	static-resolved	1		1	static-resolved	21		21	static-resolved	4.5		4.5	static-resolved	1000		1000	static-resolved	82.0	102.0	92.0	20.444444444444443	[3082,1908,2321,2147483647,3945,2147483647,3865,5002412,4342,2147483647,2147483647,2147483647,2147483647,2147483647]	jP	4313095
o002	1865429042	Grunt	211584	hp,armor,attack1_base_damage,attack1_dice_sides,attack1_cooldown	5	1	325	325	protected-runtime	0	4	4	protected-runtime	medium		270		270	static-resolved	0	24	24	protected-runtime	1		1	static-resolved	1	6	6	protected-runtime	99	1.5	1.5	protected-runtime	100		100	static-resolved	25.0	30.0	27.5	18.333333333333332	-		-	static-resolved	-		-	static-resolved	-		-	static-resolved	-		-	static-resolved	-		-	static-resolved					[2933,1908,2147483647,2147483647,3850,2147483647,3840,1502412,2147483647,2147483647,2147483647,2147483647,2147483647,2147483647]	jP	4313312
o003	1865429043	Shaman	358660	hp,armor,attack1_base_damage,attack1_dice_sides,attack1_cooldown,attack1_range	6	1	340	340	protected-runtime	0	1	1	protected-runtime	small		270		270	static-resolved	0	39	39	protected-runtime	1		1	static-resolved	1	21	21	protected-runtime	99	1.9	1.9	protected-runtime	1	350	350	protected-runtime	40.0	60.0	50.0	26.315789473684212	-		-	static-resolved	-		-	static-resolved	-		-	static-resolved	-		-	static-resolved	-		-	static-resolved					[2949,1905,2147483647,2147483647,3865,2147483647,3855,1902412,3692,2147483647,2147483647,2147483647,2147483647,2147483647]	jP	4313541
o004	1865429044	Veteran Grunt	912742	hp,armor,move_speed,attack1_base_damage,attack1_dice_sides,attack1_cooldown	6	1	575	575	protected-runtime	0	6	6	protected-runtime	medium		290	290	290	protected-runtime	0	34	34	protected-runtime	1		1	static-resolved	1	11	11	protected-runtime	99	1.3	1.3	protected-runtime	100		100	static-resolved	35.0	45.0	40.0	30.769230769230766	-		-	static-resolved	-		-	static-resolved	-		-	static-resolved	-		-	static-resolved	-		-	static-resolved					[3185,1911,2147483647,3308,3860,2147483647,3845,1302412,2147483647,2147483647,2147483647,2147483647,2147483647,2147483647]	jP	4313764
o005	1865429045	Axemaster	129723	hp,armor,move_speed,attack1_base_damage,attack1_dice_sides,attack1_cooldown	6	1	1000	1000	protected-runtime	0	10	10	protected-runtime	medium		320	320	320	protected-runtime	0	64	64	protected-runtime	1		1	static-resolved	1	11	11	protected-runtime	99	1	1	protected-runtime	100		100	static-resolved	65.0	75.0	70.0	70.0	-		-	static-resolved	-		-	static-resolved	-		-	static-resolved	-		-	static-resolved	-		-	static-resolved					[3611,1915,2147483647,3338,3891,2147483647,3845,1002412,2147483647,2147483647,2147483647,2147483647,2147483647,2147483647]	jP	4313987
o006	1865429046	Defensive Kodo Rider	109522	hp,armor,move_speed,attack1_base_damage,attack1_dice_sides,attack1_cooldown,attack1_range	7	1	1200	1200	protected-runtime	0	7	7	protected-runtime	large		250	250	250	protected-runtime	0	29	29	protected-runtime	1		1	static-resolved	1	21	21	protected-runtime	99	1.2	1.2	protected-runtime	1	200	200	protected-runtime	30.0	50.0	40.0	33.333333333333336	-		-	static-resolved	-		-	static-resolved	-		-	static-resolved	-		-	static-resolved	-		-	static-resolved					[3812,1913,2147483647,3268,3856,2147483647,3855,1202412,3543,2147483647,2147483647,2147483647,2147483647,2147483647]	jP	4314210
o007	1865429047	Kodo	89754	armor,move_speed,attack1_base_damage,attack1_dice_sides,attack1_range	5	790		790	static-resolved	0	6	6	protected-runtime	large		250	250	250	protected-runtime	0	29	29	protected-runtime	1		1	static-resolved	1	11	11	protected-runtime	1.2		1.2	static-resolved	1	100	100	protected-runtime	30.0	40.0	35.0	29.166666666666668	-		-	static-resolved	-		-	static-resolved	-		-	static-resolved	-		-	static-resolved	-		-	static-resolved					[2147483647,1912,2147483647,3268,3856,2147483647,3845,2147483647,3443,2147483647,2147483647,2147483647,2147483647,2147483647]	jP	4314427
o008	1865429048	Melee Kodo Rider	682250	hp,armor,move_speed,attack1_base_damage,attack1_dice_sides,attack1_cooldown,attack1_range	7	1	1200	1200	protected-runtime	0	7	7	protected-runtime	large		250	250	250	protected-runtime	0	29	29	protected-runtime	1		1	static-resolved	1	21	21	protected-runtime	99	1.2	1.2	protected-runtime	1	200	200	protected-runtime	30.0	50.0	40.0	33.333333333333336	-		-	static-resolved	-		-	static-resolved	-		-	static-resolved	-		-	static-resolved	-		-	static-resolved					[3814,1914,2147483647,3269,3856,2147483647,3856,1202413,3543,2147483647,2147483647,2147483647,2147483647,2147483647]	jP	4314652
o009	1865429049	Wyvern Rider	643541	hp,armor,move_speed,attack1_base_damage,attack1_dice_number,attack1_dice_sides,attack1_cooldown,attack1_range,defense_type	9	1	400	400	protected-runtime	0	2	2	protected-runtime	none	7	330	330	330	protected-runtime	0	33	33	protected-runtime	1	1	1	protected-runtime	1	1	1	protected-runtime	99	1	1	protected-runtime	1	430	430	protected-runtime	34.0	34.0	34.0	34.0	-		-	static-resolved	-		-	static-resolved	-		-	static-resolved	-		-	static-resolved	-		-	static-resolved					[3015,1909,2330,3349,3860,600,3836,1002413,3773,2147483647,2147483647,2147483647,2147483647,2147483647]	jP	4314869
o00B	1865429058	Spellbreaker Kodo Rider	545881	hp,armor,move_speed,attack1_base_damage,attack1_dice_sides,attack1_cooldown,attack1_range	7	1	1200	1200	protected-runtime	0	7	7	protected-runtime	large		250	250	250	protected-runtime	0	29	29	protected-runtime	1		1	static-resolved	1	21	21	protected-runtime	99	1.2	1.2	protected-runtime	1	200	200	protected-runtime	30.0	50.0	40.0	33.333333333333336	-		-	static-resolved	-		-	static-resolved	-		-	static-resolved	-		-	static-resolved	-		-	static-resolved					[3824,1919,2147483647,3271,3858,2147483647,3857,1202414,3544,2147483647,2147483647,2147483647,2147483647,2147483647]	jP	4315073
o00F	1865429062	Infostealer	684630	hp,armor,attack1_base_damage,attack1_dice_sides,attack1_cooldown,attack1_range,defense_type	7	1	750	750	protected-runtime	0	4	4	protected-runtime	small	0	270		270	static-resolved	0	79	79	protected-runtime	1		1	static-resolved	1	21	21	protected-runtime	99	1.5	1.5	protected-runtime	1	450	450	protected-runtime	80.0	100.0	90.0	60.0	-		-	static-resolved	-		-	static-resolved	-		-	static-resolved	-		-	static-resolved	-		-	static-resolved					[3378,1918,2327,2147483647,3909,2147483647,3858,1502414,3794,2147483647,2147483647,2147483647,2147483647,2147483647]	jP	4315290
X019	1479553337	Orc Builder	769136	move_speed	1	220		220	static-resolved	0		0	static-resolved	medium		550	550	550	protected-runtime	4		4	static-resolved	1		1	static-resolved	2		2	static-resolved	2		2	static-resolved	90		90	static-resolved	5.0	6.0	5.5	2.75	0		0	static-resolved	1		1	static-resolved	1		1	static-resolved	1.1		1.1	static-resolved	66		66	static-resolved	1.0	1.0	1.0	0.9090909090909091	[2147483647,2147483647,2147483647,2558,2147483647,2147483647,2147483647,2147483647,2147483647,2147483647,2147483647,2147483647,2147483647,2147483647]	jP	4315506
o00G	1865429063	Blood Shaman	418392	hp,armor,attack1_base_damage,attack1_dice_sides,attack1_cooldown,attack1_range	6	1	660	660	protected-runtime	0	3	3	protected-runtime	small		270		270	static-resolved	0	74	74	protected-runtime	1		1	static-resolved	1	21	21	protected-runtime	99	1.35	1.35	protected-runtime	1	380	380	protected-runtime	75.0	95.0	85.0	62.96296296296296	-		-	static-resolved	-		-	static-resolved	-		-	static-resolved	-		-	static-resolved	-		-	static-resolved					[3289,1917,2147483647,2147483647,3904,2147483647,3858,1352414,3724,2147483647,2147483647,2147483647,2147483647,2147483647]	jP	4315756
h07Q	1747990353	Blood Shaman Tent	717220	hp	1	1	1700	1700	protected-runtime	5		5	static-resolved	fort		-		-	static-resolved	-		-	static-resolved	-		-	static-resolved	-		-	static-resolved	0		0	static-resolved	-		-	static-resolved					-		-	static-resolved	-		-	static-resolved	-		-	static-resolved	-		-	static-resolved	-		-	static-resolved					[1975,2147483647,2147483647,2147483647,2147483647,2147483647,2147483647,2147483647,2147483647,2147483647,2147483647,2147483647,2147483647,2147483647]	jP	4315979
h07X	1747990360	Stasis Totem	508716	hp	1	1	1400	1400	protected-runtime	5		5	static-resolved	fort		-		-	static-resolved	-		-	static-resolved	-		-	static-resolved	-		-	static-resolved	0		0	static-resolved	-		-	static-resolved					-		-	static-resolved	-		-	static-resolved	-		-	static-resolved	-		-	static-resolved	-		-	static-resolved					[1682,2147483647,2147483647,2147483647,2147483647,2147483647,2147483647,2147483647,2147483647,2147483647,2147483647,2147483647,2147483647,2147483647]	jP	4316228
h07Y	1747990361	Healing Totem	795080	hp	1	1	1400	1400	protected-runtime	5		5	static-resolved	fort		-		-	static-resolved	-		-	static-resolved	-		-	static-resolved	-		-	static-resolved	0		0	static-resolved	-		-	static-resolved					-		-	static-resolved	-		-	static-resolved	-		-	static-resolved	-		-	static-resolved	-		-	static-resolved					[1683,2147483647,2147483647,2147483647,2147483647,2147483647,2147483647,2147483647,2147483647,2147483647,2147483647,2147483647,2147483647,2147483647]	jP	4316477
h07Z	1747990362	Endurance Totem	81441	hp	1	1	1400	1400	protected-runtime	5		5	static-resolved	fort		-		-	static-resolved	-		-	static-resolved	-		-	static-resolved	-		-	static-resolved	0		0	static-resolved	-		-	static-resolved					-		-	static-resolved	-		-	static-resolved	-		-	static-resolved	-		-	static-resolved	-		-	static-resolved					[1684,2147483647,2147483647,2147483647,2147483647,2147483647,2147483647,2147483647,2147483647,2147483647,2147483647,2147483647,2147483647,2147483647]	jP	4316727
h02W	1747989079	Lesser Elemental Of Water	470430	hp,armor,move_speed,attack1_base_damage,attack1_dice_number,attack1_cooldown,attack1_range,attack2_base_damage,attack2_dice_number,attack2_dice_sides,attack2_cooldown,attack2_range,defense_type	13	1	300	300	protected-runtime	0	1	1	protected-runtime	medium	1	270	270	270	protected-runtime	0	25	25	protected-runtime	1	7	7	protected-runtime	5		5	static-resolved	99	1.6	1.6	protected-runtime	30	30	30	protected-runtime	32.0	60.0	46.0	28.75	0	29	29	protected-runtime	1	1	1	protected-runtime	1	1	1	protected-runtime	99	1.6	1.6	protected-runtime	120	120	120	protected-runtime	30.0	30.0	30.0	18.75	[3394,4194,1119,2385,1492,4097,2147483647,1604007,2971,3131,2297,1787,1600246,3278]	jP	4316976
h02X	1747989080	Elemental Of Water	202795	hp,armor,move_speed,attack1_base_damage,attack1_dice_sides,attack1_cooldown,attack1_range,attack2_base_damage,attack2_dice_number,attack2_dice_sides,attack2_cooldown,attack2_range,defense_type	13	1	500	500	protected-runtime	0	3	3	protected-runtime	medium	1	270	270	270	protected-runtime	0	58	58	protected-runtime	2		2	static-resolved	1	12	12	protected-runtime	99	1.6	1.6	protected-runtime	30	30	30	protected-runtime	60.0	82.0	71.0	44.375	0	47	47	protected-runtime	1	3	3	protected-runtime	1	3	3	protected-runtime	99	1.8	1.8	protected-runtime	120	120	120	protected-runtime	50.0	56.0	53.0	29.444444444444443	[3595,104,1119,2386,1526,2147483647,3915,1604008,2971,3150,2299,1789,1800246,3278]	jP	4317160
h02Y	1747989081	Greater Elemental Of Water	73977	hp,armor,move_speed,attack1_base_damage,attack1_dice_number,attack1_dice_sides,attack1_cooldown,attack1_range,attack2_base_damage,attack2_dice_number,attack2_dice_sides,attack2_cooldown,attack2_range,defense_type	14	1	650	650	protected-runtime	0	7	7	protected-runtime	medium	1	270	270	270	protected-runtime	0	109	109	protected-runtime	1	1	1	protected-runtime	1	21	21	protected-runtime	99	1.8	1.8	protected-runtime	30	30	30	protected-runtime	110.0	130.0	120.0	66.66666666666667	0	97	97	protected-runtime	1	3	3	protected-runtime	1	23	23	protected-runtime	99	2	2	protected-runtime	120	120	120	protected-runtime	100.0	166.0	133.0	66.5	[3746,108,1120,2386,1577,4091,3924,1804008,2972,3200,2299,1809,2000246,3278]	jP	4317343
h02Z	1747989082	Elemental Of Fire	176471	hp,armor,move_speed,attack1_base_damage,attack1_dice_number,attack1_dice_sides,attack1_cooldown,attack1_range	8	1	625	625	protected-runtime	0	5	5	protected-runtime	medium		260	260	260	protected-runtime	0	39	39	protected-runtime	1	1	1	protected-runtime	1	11	11	protected-runtime	99	1.3	1.3	protected-runtime	1	400	400	protected-runtime	40.0	50.0	45.0	34.61538461538461	-		-	static-resolved	-		-	static-resolved	-		-	static-resolved	-		-	static-resolved	-		-	static-resolved					[3722,107,2147483647,2376,1507,4091,3915,1304008,3342,2147483647,2147483647,2147483647,2147483647,2147483647]	jP	4317519
h034	1747989300	Elemental Of Earth	386157	armor,move_speed,attack1_base_damage,attack1_dice_number,attack1_dice_sides,attack1_range,defense_type	7	450		450	static-resolved	0	4	4	protected-runtime	hero	5	240	240	240	protected-runtime	0	74	74	protected-runtime	1	1	1	protected-runtime	1	1	1	protected-runtime	1.5		1.5	static-resolved	1	10	10	protected-runtime	75.0	75.0	75.0	50.0	-		-	static-resolved	-		-	static-resolved	-		-	static-resolved	-		-	static-resolved	-		-	static-resolved					[2147483647,215,1197,2411,1586,4128,3936,2147483647,2976,2147483647,2147483647,2147483647,2147483647,2147483647]	jP	4317729
h03N	1747989326	Greater Elemental Of Earth	743622	hp,armor,move_speed,attack1_base_damage,attack1_dice_number,attack1_dice_sides,attack1_cooldown,attack1_range,defense_type	9	1	950	950	protected-runtime	0	8	8	protected-runtime	hero	5	240	240	240	protected-runtime	0	149	149	protected-runtime	1	1	1	protected-runtime	1	1	1	protected-runtime	99	1.8	1.8	protected-runtime	1	10	10	protected-runtime	150.0	150.0	150.0	83.33333333333333	-		-	static-resolved	-		-	static-resolved	-		-	static-resolved	-		-	static-resolved	-		-	static-resolved					[4291,232,1205,2417,1666,4132,3939,1804038,2979,2147483647,2147483647,2147483647,2147483647,2147483647]	jP	4317942
h03P	1747989328	Elemental Of Lightning	532525	armor,move_speed,attack1_base_damage,attack1_dice_number,attack1_dice_sides,attack1_cooldown,attack1_range,defense_type	8	450		450	static-resolved	0	3	3	protected-runtime	small	0	255	255	255	protected-runtime	0	0	0	protected-runtime	1	1	1	protected-runtime	1	1	1	protected-runtime	99	1.7	1.7	protected-runtime	1	350	350	protected-runtime	1.0	1.0	1.0	0.5882352941176471	-		-	static-resolved	-		-	static-resolved	-		-	static-resolved	-		-	static-resolved	-		-	static-resolved					[2147483647,228,1201,2433,1517,4132,3940,1704039,3319,2147483647,2147483647,2147483647,2147483647,2147483647]	jP	4318146
h03R	1747989330	Greater Elemental Of Lightning	340737	hp,armor,move_speed,attack1_base_damage,attack1_dice_number,attack1_dice_sides,attack1_cooldown,attack1_range,defense_type	9	1	800	800	protected-runtime	0	9	9	protected-runtime	small	0	255	255	255	protected-runtime	0	0	0	protected-runtime	1	1	1	protected-runtime	1	1	1	protected-runtime	99	2.1	2.1	protected-runtime	1	400	400	protected-runtime	1.0	1.0	1.0	0.47619047619047616	-		-	static-resolved	-		-	static-resolved	-		-	static-resolved	-		-	static-resolved	-		-	static-resolved					[4145,235,1202,2433,1518,4133,3940,2104039,3369,2147483647,2147483647,2147483647,2147483647,2147483647]	jP	4318356
h03V	1747989334	Master Of Elements	967634	hp,armor,move_speed,attack1_base_damage,attack1_dice_number,attack1_cooldown,attack1_range,defense_type	8	1	1200	1200	protected-runtime	0	8	8	protected-runtime	none	7	280	280	280	protected-runtime	0	90	90	protected-runtime	1	10	10	protected-runtime	5		5	static-resolved	99	1.7	1.7	protected-runtime	1	500	500	protected-runtime	100.0	140.0	120.0	70.58823529411765	-		-	static-resolved	-		-	static-resolved	-		-	static-resolved	-		-	static-resolved	-		-	static-resolved					[4549,236,1210,2459,1608,4142,2147483647,1704039,3470,2147483647,2147483647,2147483647,2147483647,2147483647]	jP	4318560
h03Y	1747989337	Golden Fountain	559223	hp	1	1	1400	1400	protected-runtime	5		5	static-resolved	fort		-		-	static-resolved	-		-	static-resolved	-		-	static-resolved	-		-	static-resolved	0		0	static-resolved	-		-	static-resolved					-		-	static-resolved	-		-	static-resolved	-		-	static-resolved	-		-	static-resolved	-		-	static-resolved					[4752,2147483647,2147483647,2147483647,2147483647,2147483647,2147483647,2147483647,2147483647,2147483647,2147483647,2147483647,2147483647,2147483647]	jP	4318770
h03Z	1747989338	Spellbound Fountain	320949	hp	1	1	1600	1600	protected-runtime	5		5	static-resolved	fort		-		-	static-resolved	-		-	static-resolved	-		-	static-resolved	-		-	static-resolved	0		0	static-resolved	-		-	static-resolved					-		-	static-resolved	-		-	static-resolved	-		-	static-resolved	-		-	static-resolved	-		-	static-resolved					[4953,2147483647,2147483647,2147483647,2147483647,2147483647,2147483647,2147483647,2147483647,2147483647,2147483647,2147483647,2147483647,2147483647]	jP	4319020
h040	1747989552	Rock Pile	389616	hp	1	1	1300	1300	protected-runtime	5		5	static-resolved	fort		-		-	static-resolved	-		-	static-resolved	-		-	static-resolved	-		-	static-resolved	0		0	static-resolved	-		-	static-resolved					-		-	static-resolved	-		-	static-resolved	-		-	static-resolved	-		-	static-resolved	-		-	static-resolved					[4867,2147483647,2147483647,2147483647,2147483647,2147483647,2147483647,2147483647,2147483647,2147483647,2147483647,2147483647,2147483647,2147483647]	jP	4319270
h041	1747989553	Greater Fissure	151342	hp	1	1	1500	1500	protected-runtime	5		5	static-resolved	fort		-		-	static-resolved	-		-	static-resolved	-		-	static-resolved	-		-	static-resolved	0		0	static-resolved	-		-	static-resolved					-		-	static-resolved	-		-	static-resolved	-		-	static-resolved	-		-	static-resolved	-		-	static-resolved					[5068,2147483647,2147483647,2147483647,2147483647,2147483647,2147483647,2147483647,2147483647,2147483647,2147483647,2147483647,2147483647,2147483647]	jP	4319520
h042	1747989554	Pillar of Globe-Lightning	962344	hp	1	1	1300	1300	protected-runtime	5		5	static-resolved	fort		-		-	static-resolved	-		-	static-resolved	-		-	static-resolved	-		-	static-resolved	0		0	static-resolved	-		-	static-resolved					-		-	static-resolved	-		-	static-resolved	-		-	static-resolved	-		-	static-resolved	-		-	static-resolved					[4869,2147483647,2147483647,2147483647,2147483647,2147483647,2147483647,2147483647,2147483647,2147483647,2147483647,2147483647,2147483647,2147483647]	jP	4319770
h044	1747989556	Pillar of St. Elmo's Fire	10431	hp	1	1	1500	1500	protected-runtime	5		5	static-resolved	fort		-		-	static-resolved	-		-	static-resolved	-		-	static-resolved	-		-	static-resolved	0		0	static-resolved	-		-	static-resolved					-		-	static-resolved	-		-	static-resolved	-		-	static-resolved	-		-	static-resolved	-		-	static-resolved					[5071,2147483647,2147483647,2147483647,2147483647,2147483647,2147483647,2147483647,2147483647,2147483647,2147483647,2147483647,2147483647,2147483647]	jP	4320020
h046	1747989558	Altar of Blaze	845478	hp	1	1	1400	1400	protected-runtime	5		5	static-resolved	fort		-		-	static-resolved	-		-	static-resolved	-		-	static-resolved	-		-	static-resolved	0		0	static-resolved	-		-	static-resolved					-		-	static-resolved	-		-	static-resolved	-		-	static-resolved	-		-	static-resolved	-		-	static-resolved					[4973,2147483647,2147483647,2147483647,2147483647,2147483647,2147483647,2147483647,2147483647,2147483647,2147483647,2147483647,2147483647,2147483647]	jP	4320269
h04C	1747989571	Monument of Wind Stream	568198	hp	1	1	1400	1400	protected-runtime	5		5	static-resolved	fort		-		-	static-resolved	-		-	static-resolved	-		-	static-resolved	-		-	static-resolved	0		0	static-resolved	-		-	static-resolved					-		-	static-resolved	-		-	static-resolved	-		-	static-resolved	-		-	static-resolved	-		-	static-resolved					[4986,2147483647,2147483647,2147483647,2147483647,2147483647,2147483647,2147483647,2147483647,2147483647,2147483647,2147483647,2147483647,2147483647]	jP	4320519
h04D	1747989572	Zephyros Memorial	329924	hp	1	1	1600	1600	protected-runtime	5		5	static-resolved	fort		-		-	static-resolved	-		-	static-resolved	-		-	static-resolved	-		-	static-resolved	0		0	static-resolved	-		-	static-resolved					-		-	static-resolved	-		-	static-resolved	-		-	static-resolved	-		-	static-resolved	-		-	static-resolved					[5187,2147483647,2147483647,2147483647,2147483647,2147483647,2147483647,2147483647,2147483647,2147483647,2147483647,2147483647,2147483647,2147483647]	jP	4320769
h04E	1747989573	Tower of Elder Knowledge	829334	hp	1	1	1900	1900	protected-runtime	5		5	static-resolved	fort		-		-	static-resolved	-		-	static-resolved	-		-	static-resolved	-		-	static-resolved	0		0	static-resolved	-		-	static-resolved					-		-	static-resolved	-		-	static-resolved	-		-	static-resolved	-		-	static-resolved	-		-	static-resolved					[5488,2147483647,2147483647,2147483647,2147483647,2147483647,2147483647,2147483647,2147483647,2147483647,2147483647,2147483647,2147483647,2147483647]	jP	4321019
h05Z	1747989850	Books of Conjuration	512787	hp	1	1	1000	1000	protected-runtime	5		5	static-resolved	fort		-		-	static-resolved	-		-	static-resolved	-		-	static-resolved	-		-	static-resolved	0		0	static-resolved	-		-	static-resolved					-		-	static-resolved	-		-	static-resolved	-		-	static-resolved	-		-	static-resolved	-		-	static-resolved					[4865,2147483647,2147483647,2147483647,2147483647,2147483647,2147483647,2147483647,2147483647,2147483647,2147483647,2147483647,2147483647,2147483647]	jP	4321269
h060	1747990064	Obelisk of Elements	56816	hp	1	1	900	900	protected-runtime	5		5	static-resolved	fort		-		-	static-resolved	-		-	static-resolved	-		-	static-resolved	-		-	static-resolved	0		0	static-resolved	-		-	static-resolved					-		-	static-resolved	-		-	static-resolved	-		-	static-resolved	-		-	static-resolved	-		-	static-resolved					[4979,2147483647,2147483647,2147483647,2147483647,2147483647,2147483647,2147483647,2147483647,2147483647,2147483647,2147483647,2147483647,2147483647]	jP	4321519
h061	1747990065	Elemental Guard Tower	28727	hp,attack1_base_damage,attack1_dice_number,attack1_dice_sides,attack1_cooldown,attack1_range	6	1	1500	1500	protected-runtime	5		5	static-resolved	fort		-		-	static-resolved	0	79	79	protected-runtime	1	1	1	protected-runtime	1	31	31	protected-runtime	99	1.2	1.2	protected-runtime	900	900	900	protected-runtime	80.0	110.0	95.0	79.16666666666667	-		-	static-resolved	-		-	static-resolved	-		-	static-resolved	-		-	static-resolved	-		-	static-resolved					[5580,2147483647,2147483647,2147483647,1744,162,4075,1204131,3951,2147483647,2147483647,2147483647,2147483647,2147483647]	jP	4321768
h062	1747990066	Mana Generator	367225	hp	1	1	1000	1000	protected-runtime	5		5	static-resolved	fort		-		-	static-resolved	-		-	static-resolved	-		-	static-resolved	-		-	static-resolved	0		0	static-resolved	-		-	static-resolved					-		-	static-resolved	-		-	static-resolved	-		-	static-resolved	-		-	static-resolved	-		-	static-resolved					[5081,2147483647,2147483647,2147483647,2147483647,2147483647,2147483647,2147483647,2147483647,2147483647,2147483647,2147483647,2147483647,2147483647]	jP	4321989
h063	1747990067	Linker	555043	hp	1	1	1800	1800	protected-runtime	5		5	static-resolved	fort		-		-	static-resolved	-		-	static-resolved	-		-	static-resolved	-		-	static-resolved	0		0	static-resolved	-		-	static-resolved					-		-	static-resolved	-		-	static-resolved	-		-	static-resolved	-		-	static-resolved	-		-	static-resolved					[5882,2147483647,2147483647,2147483647,2147483647,2147483647,2147483647,2147483647,2147483647,2147483647,2147483647,2147483647,2147483647,2147483647]	jP	4322239
h06E	1747990085	Meteor Shower	808126	hp	1	1	1000	1000	protected-runtime	5		5	static-resolved	fort		-		-	static-resolved	-		-	static-resolved	-		-	static-resolved	-		-	static-resolved	0		0	static-resolved	-		-	static-resolved					-		-	static-resolved	-		-	static-resolved	-		-	static-resolved	-		-	static-resolved	-		-	static-resolved					[5100,2147483647,2147483647,2147483647,2147483647,2147483647,2147483647,2147483647,2147483647,2147483647,2147483647,2147483647,2147483647,2147483647]	jP	4322489
h06F	1747990086	Elemental Rain	94487	hp	1	1	1000	1000	protected-runtime	5		5	static-resolved	fort		-		-	static-resolved	-		-	static-resolved	-		-	static-resolved	-		-	static-resolved	0		0	static-resolved	-		-	static-resolved					-		-	static-resolved	-		-	static-resolved	-		-	static-resolved	-		-	static-resolved	-		-	static-resolved					[5101,2147483647,2147483647,2147483647,2147483647,2147483647,2147483647,2147483647,2147483647,2147483647,2147483647,2147483647,2147483647,2147483647]	jP	4322739
h076	1747990326	Discharge Tower	673082	hp,attack1_base_damage,attack1_dice_number,attack1_dice_sides,attack1_cooldown,attack1_range	6	1	1500	1500	protected-runtime	5		5	static-resolved	fort		-		-	static-resolved	0	29	29	protected-runtime	1	1	1	protected-runtime	1	11	11	protected-runtime	99	1.5	1.5	protected-runtime	800	800	800	protected-runtime	30.0	40.0	35.0	23.333333333333332	-		-	static-resolved	-		-	static-resolved	-		-	static-resolved	-		-	static-resolved	-		-	static-resolved					[1748,2147483647,2147483647,2147483647,1746,206,4092,1504163,3880,2147483647,2147483647,2147483647,2147483647,2147483647]	jP	4322988
o00C	1865429059	Lesser Elemental Of Wind	921820	hp,armor,move_speed,attack1_base_damage,attack1_dice_number,attack1_dice_sides,attack1_cooldown,attack1_range,defense_type	9	1	350	350	protected-runtime	0	2	2	protected-runtime	medium	1	300	300	300	protected-runtime	0	20	20	protected-runtime	1	5	5	protected-runtime	1	7	7	protected-runtime	99	1.5	1.5	protected-runtime	1	400	400	protected-runtime	25.0	55.0	40.0	26.666666666666668	-		-	static-resolved	-		-	static-resolved	-		-	static-resolved	-		-	static-resolved	-		-	static-resolved					[2975,1914,2327,3321,3849,606,3843,1502414,3744,2147483647,2147483647,2147483647,2147483647,2147483647]	jP	4323210
o00D	1865429060	Elemental Of Wind	167258	hp,armor,move_speed,attack1_base_damage,attack1_dice_number,attack1_dice_sides,attack1_cooldown,attack1_range,attack2_base_damage,attack2_dice_number,attack2_dice_sides,attack2_cooldown,attack2_range,defense_type	14	1	550	550	protected-runtime	0	4	4	protected-runtime	medium	1	300	300	300	protected-runtime	0	59	59	protected-runtime	1	1	1	protected-runtime	1	11	11	protected-runtime	99	1.5	1.5	protected-runtime	450	450	450	protected-runtime	60.0	70.0	65.0	43.333333333333336	0	49	49	protected-runtime	1	1	1	protected-runtime	1	21	21	protected-runtime	99	1.6	1.6	protected-runtime	450	450	450	protected-runtime	50.0	70.0	60.0	37.5	[3176,1917,2327,3322,3889,602,3847,1502414,3794,240,4115,2109,1600840,1528]	jP	4323414
o00E	1865429061	Greater Elemental Of Wind	832528	hp,armor,move_speed,attack1_base_damage,attack1_dice_number,attack1_dice_sides,attack1_cooldown,attack1_range,attack2_base_damage,attack2_dice_number,attack2_dice_sides,attack2_cooldown,attack2_range,defense_type	14	1	1300	1300	protected-runtime	0	9	9	protected-runtime	medium	1	300	300	300	protected-runtime	0	50	50	protected-runtime	1	5	5	protected-runtime	1	12	12	protected-runtime	99	1.5	1.5	protected-runtime	450	450	450	protected-runtime	55.0	110.0	82.5	55.0	0	49	49	protected-runtime	1	1	1	protected-runtime	1	41	41	protected-runtime	99	1.6	1.6	protected-runtime	400	400	400	protected-runtime	50.0	90.0	70.0	43.75	[3927,1922,2328,3322,3880,606,3848,1502414,3794,240,4115,2129,1600840,1478]	jP	4323590
u00F	1966092358	Greater Elemental Of Fire	277975	hp	1	1	15	15	protected-runtime	0		0	static-resolved	medium		270		270	static-resolved	10		10	static-resolved	2		2	static-resolved	2		2	static-resolved	1.3		1.3	static-resolved	90		90	static-resolved	12.0	14.0	13.0	10.0	0		0	static-resolved	2		2	static-resolved	1		1	static-resolved	1.35		1.35	static-resolved	66		66	static-resolved	2.0	2.0	2.0	1.4814814814814814	[2697,2147483647,2147483647,2147483647,2147483647,2147483647,2147483647,2147483647,2147483647,2147483647,2147483647,2147483647,2147483647,2147483647]	jP	4323766
X051	1479554353	Elemental Builder	714087	move_speed	1	220		220	static-resolved	0		0	static-resolved	medium		550	550	550	protected-runtime	4		4	static-resolved	1		1	static-resolved	2		2	static-resolved	2		2	static-resolved	90		90	static-resolved	5.0	6.0	5.5	2.75	0		0	static-resolved	1		1	static-resolved	1		1	static-resolved	1.1		1.1	static-resolved	66		66	static-resolved	1.0	1.0	1.0	0.9090909090909091	[2147483647,2147483647,2147483647,2812,2147483647,2147483647,2147483647,2147483647,2147483647,2147483647,2147483647,2147483647,2147483647,2147483647]	jP	4324016
h03I	1747989321	Azure Nest	239730	hp	1	1	1300	1300	protected-runtime	5		5	static-resolved	fort		-		-	static-resolved	-		-	static-resolved	-		-	static-resolved	-		-	static-resolved	0		0	static-resolved	-		-	static-resolved					-		-	static-resolved	-		-	static-resolved	-		-	static-resolved	-		-	static-resolved	-		-	static-resolved					[4636,2147483647,2147483647,2147483647,2147483647,2147483647,2147483647,2147483647,2147483647,2147483647,2147483647,2147483647,2147483647,2147483647]	jP	4324266
h03J	1747989322	Ice Troll Voodoo Lounge	263775	hp	1	1	1400	1400	protected-runtime	5		5	static-resolved	fort		-		-	static-resolved	-		-	static-resolved	-		-	static-resolved	-		-	static-resolved	0		0	static-resolved	-		-	static-resolved					-		-	static-resolved	-		-	static-resolved	-		-	static-resolved	-		-	static-resolved	-		-	static-resolved					[4737,2147483647,2147483647,2147483647,2147483647,2147483647,2147483647,2147483647,2147483647,2147483647,2147483647,2147483647,2147483647,2147483647]	jP	4324516
h03O	1747989327	World Freezer	695592	hp	1	1	1400	1400	protected-runtime	5		5	static-resolved	fort		-		-	static-resolved	-		-	static-resolved	-		-	static-resolved	-		-	static-resolved	0		0	static-resolved	-		-	static-resolved					-		-	static-resolved	-		-	static-resolved	-		-	static-resolved	-		-	static-resolved	-		-	static-resolved					[4742,2147483647,2147483647,2147483647,2147483647,2147483647,2147483647,2147483647,2147483647,2147483647,2147483647,2147483647,2147483647,2147483647]	jP	4324765
h03Q	1747989329	Icy Tower	78032	hp,attack1_base_damage,attack1_dice_number,attack1_dice_sides,attack1_cooldown,attack1_range	6	1	1500	1500	protected-runtime	5		5	static-resolved	fort		-		-	static-resolved	0	89	89	protected-runtime	1	1	1	protected-runtime	1	21	21	protected-runtime	99	1.2	1.2	protected-runtime	750	750	750	protected-runtime	90.0	110.0	100.0	83.33333333333334	-		-	static-resolved	-		-	static-resolved	-		-	static-resolved	-		-	static-resolved	-		-	static-resolved					[4844,2147483647,2147483647,2147483647,1606,4132,3960,1204039,3719,2147483647,2147483647,2147483647,2147483647,2147483647]	jP	4325014
h03S	1747989331	Crystal Palace	578726	hp	1	1	1500	1500	protected-runtime	5		5	static-resolved	fort		-		-	static-resolved	-		-	static-resolved	-		-	static-resolved	-		-	static-resolved	0		0	static-resolved	-		-	static-resolved					-		-	static-resolved	-		-	static-resolved	-		-	static-resolved	-		-	static-resolved	-		-	static-resolved					[4846,2147483647,2147483647,2147483647,2147483647,2147483647,2147483647,2147483647,2147483647,2147483647,2147483647,2147483647,2147483647,2147483647]	jP	4325236
h03T	1747989332	Ice Claws	389725	hp	1	1	1300	1300	protected-runtime	5		5	static-resolved	fort		-		-	static-resolved	-		-	static-resolved	-		-	static-resolved	-		-	static-resolved	0		0	static-resolved	-		-	static-resolved					-		-	static-resolved	-		-	static-resolved	-		-	static-resolved	-		-	static-resolved	-		-	static-resolved					[4647,2147483647,2147483647,2147483647,2147483647,2147483647,2147483647,2147483647,2147483647,2147483647,2147483647,2147483647,2147483647,2147483647]	jP	4325486
h03W	1747989335	Glacier	461860	hp	1	1	1600	1600	protected-runtime	5		5	static-resolved	fort		-		-	static-resolved	-		-	static-resolved	-		-	static-resolved	-		-	static-resolved	0		0	static-resolved	-		-	static-resolved					-		-	static-resolved	-		-	static-resolved	-		-	static-resolved	-		-	static-resolved	-		-	static-resolved					[4950,2147483647,2147483647,2147483647,2147483647,2147483647,2147483647,2147483647,2147483647,2147483647,2147483647,2147483647,2147483647,2147483647]	jP	4325736
h043	1747989555	Frost Claws	461751	hp	1	1	1600	1600	protected-runtime	5		5	static-resolved	fort		-		-	static-resolved	-		-	static-resolved	-		-	static-resolved	-		-	static-resolved	0		0	static-resolved	-		-	static-resolved					-		-	static-resolved	-		-	static-resolved	-		-	static-resolved	-		-	static-resolved	-		-	static-resolved					[5170,2147483647,2147483647,2147483647,2147483647,2147483647,2147483647,2147483647,2147483647,2147483647,2147483647,2147483647,2147483647,2147483647]	jP	4325986
h047	1747989559	Chilling Mushroom	705750	hp	1	1	800	800	protected-runtime	5		5	static-resolved	fort		-		-	static-resolved	-		-	static-resolved	-		-	static-resolved	-		-	static-resolved	0		0	static-resolved	-		-	static-resolved					-		-	static-resolved	-		-	static-resolved	-		-	static-resolved	-		-	static-resolved	-		-	static-resolved					[4374,2147483647,2147483647,2147483647,2147483647,2147483647,2147483647,2147483647,2147483647,2147483647,2147483647,2147483647,2147483647,2147483647]	jP	4326236
h048	1747989560	Frost Launcher	729795	hp	1	1	900	900	protected-runtime	5		5	static-resolved	fort		-		-	static-resolved	-		-	static-resolved	-		-	static-resolved	-		-	static-resolved	0		0	static-resolved	-		-	static-resolved					-		-	static-resolved	-		-	static-resolved	-		-	static-resolved	-		-	static-resolved	-		-	static-resolved					[4475,2147483647,2147483647,2147483647,2147483647,2147483647,2147483647,2147483647,2147483647,2147483647,2147483647,2147483647,2147483647,2147483647]	jP	4326486
h04F	1747989574	Icy Rocks	689606	hp	1	1	1300	1300	protected-runtime	5		5	static-resolved	fort		-		-	static-resolved	-		-	static-resolved	-		-	static-resolved	-		-	static-resolved	0		0	static-resolved	-		-	static-resolved					-		-	static-resolved	-		-	static-resolved	-		-	static-resolved	-		-	static-resolved	-		-	static-resolved					[4889,2147483647,2147483647,2147483647,2147483647,2147483647,2147483647,2147483647,2147483647,2147483647,2147483647,2147483647,2147483647,2147483647]	jP	4326736
h04G	1747989575	FreezeDummy	584926	hp,attack1_base_damage,attack1_dice_sides,attack1_cooldown,attack1_range	5	1	4444	4444	protected-runtime	0		0	static-resolved	small		270		270	static-resolved	0	49	49	protected-runtime	1		1	static-resolved	1	1	1	protected-runtime	99	50	50	protected-runtime	1	30000	30000	protected-runtime	50.0	50.0	50.0	1.0	-		-	static-resolved	-		-	static-resolved	-		-	static-resolved	-		-	static-resolved	-		-	static-resolved					[8034,2147483647,2147483647,2147483647,1616,2147483647,3975,50004069,32996,2147483647,2147483647,2147483647,2147483647,2147483647]	jP	4326986
h04H	1747989576	AdvancedFreezeDummy	314022	hp,attack1_base_damage,attack1_dice_sides,attack1_cooldown,attack1_range	5	1	4444	4444	protected-runtime	0		0	static-resolved	small		270		270	static-resolved	0	99	99	protected-runtime	1		1	static-resolved	1	1	1	protected-runtime	99	50	50	protected-runtime	1	30000	30000	protected-runtime	100.0	100.0	100.0	2.0	-		-	static-resolved	-		-	static-resolved	-		-	static-resolved	-		-	static-resolved	-		-	static-resolved					[8035,2147483647,2147483647,2147483647,1666,2147483647,3975,50004070,32997,2147483647,2147483647,2147483647,2147483647,2147483647]	jP	4327217
h06L	1747990092	Modern Igloo	451803	hp	1	1	1900	1900	protected-runtime	5		5	static-resolved	fort		-		-	static-resolved	-		-	static-resolved	-		-	static-resolved	-		-	static-resolved	0		0	static-resolved	-		-	static-resolved					-		-	static-resolved	-		-	static-resolved	-		-	static-resolved	-		-	static-resolved	-		-	static-resolved					[6007,2147483647,2147483647,2147483647,2147483647,2147483647,2147483647,2147483647,2147483647,2147483647,2147483647,2147483647,2147483647,2147483647]	jP	4327448
h08U	1747990613	FrostOrbDummy	93623	hp	1	1	4444	4444	protected-runtime	0		0	static-resolved	small		270		270	static-resolved	7		7	static-resolved	1		1	static-resolved	2		2	static-resolved	2		2	static-resolved	600		600	static-resolved	8.0	9.0	8.5	4.25	-		-	static-resolved	-		-	static-resolved	-		-	static-resolved	-		-	static-resolved	-		-	static-resolved					[4979,2147483647,2147483647,2147483647,2147483647,2147483647,2147483647,2147483647,2147483647,2147483647,2147483647,2147483647,2147483647,2147483647]	jP	4327698
n010	1848652080	Azure Drake	596626	hp,armor,attack1_base_damage,attack1_dice_sides,attack1_range	5	1	650	650	protected-runtime	0	4	4	protected-runtime	large		350		350	static-resolved	0	39	39	protected-runtime	1		1	static-resolved	1	41	41	protected-runtime	1.8		1.8	static-resolved	1	250	250	protected-runtime	40.0	80.0	60.0	33.333333333333336	33		33	static-resolved	1		1	static-resolved	8		8	static-resolved	1.8		1.8	static-resolved	300		300	static-resolved	34.0	41.0	37.5	20.833333333333332	[3503,4077,2147483647,2147483647,640,2147483647,1571,2147483647,1800,2147483647,2147483647,2147483647,2147483647,2147483647]	jP	4327947
n011	1848652081	Hrimthrusa	23711	hp,armor,move_speed,attack1_base_damage,attack1_dice_sides,attack1_cooldown,attack1_range	7	1	325	325	protected-runtime	0	2	2	protected-runtime	large		300	300	300	protected-runtime	0	16	16	protected-runtime	1		1	static-resolved	1	11	11	protected-runtime	99	0.65	0.65	protected-runtime	1	380	380	protected-runtime	17.0	27.0	22.0	33.84615384615385	-		-	static-resolved	-		-	static-resolved	-		-	static-resolved	-		-	static-resolved	-		-	static-resolved					[3179,4075,2147483647,4402,617,2147483647,1541,650908,1930,2147483647,2147483647,2147483647,2147483647,2147483647]	jP	4328171
n012	1848652082	Wandigoo	821979	hp,armor,attack1_base_damage,attack1_dice_sides,attack1_cooldown,defense_type	6	1	800	800	protected-runtime	0	5	5	protected-runtime	medium	1	320		320	static-resolved	0	59	59	protected-runtime	1		1	static-resolved	1	11	11	protected-runtime	99	1.4	1.4	protected-runtime	128		128	static-resolved	60.0	70.0	65.0	46.42857142857143	-		-	static-resolved	-		-	static-resolved	-		-	static-resolved	-		-	static-resolved	-		-	static-resolved					[3655,4079,1039,2147483647,660,2147483647,1541,1400908,2147483647,2147483647,2147483647,2147483647,2147483647,2147483647]	jP	4328385
n013	1848652083	Ancient Wandigoo	238657	hp,armor,attack1_base_damage,attack1_dice_sides,attack1_cooldown,defense_type	6	1	1500	1500	protected-runtime	0	7	7	protected-runtime	medium	1	320		320	static-resolved	0	99	99	protected-runtime	1		1	static-resolved	1	21	21	protected-runtime	99	1.4	1.4	protected-runtime	128		128	static-resolved	100.0	120.0	110.0	78.57142857142857	-		-	static-resolved	-		-	static-resolved	-		-	static-resolved	-		-	static-resolved	-		-	static-resolved					[4356,4081,1040,2147483647,700,2147483647,1551,1400908,2147483647,2147483647,2147483647,2147483647,2147483647,2147483647]	jP	4328606
n014	1848652084	Ice Queen	675917	hp,armor,move_speed,attack1_base_damage,attack1_dice_sides,attack1_range,defense_type	7	1	650	650	protected-runtime	0	4	4	protected-runtime	none	7	290	290	290	protected-runtime	0	69	69	protected-runtime	1		1	static-resolved	1	31	31	protected-runtime	1		1	static-resolved	1	450	450	protected-runtime	70.0	100.0	85.0	85.0	-		-	static-resolved	-		-	static-resolved	-		-	static-resolved	-		-	static-resolved	-		-	static-resolved					[3507,4079,1046,4393,670,2147483647,1561,2147483647,2001,2147483647,2147483647,2147483647,2147483647,2147483647]	jP	4328828
n015	1848652085	Ice Troll Shadow Priest	5114	hp,armor,attack1_base_damage,attack1_dice_sides,attack1_range,defense_type	6	1	350	350	protected-runtime	0	1	1	protected-runtime	small	0	270		270	static-resolved	0	49	49	protected-runtime	1		1	static-resolved	1	1	1	protected-runtime	1.8		1.8	static-resolved	1	350	350	protected-runtime	50.0	50.0	50.0	27.77777777777778	-		-	static-resolved	-		-	static-resolved	-		-	static-resolved	-		-	static-resolved	-		-	static-resolved					[3208,4076,1039,2147483647,651,2147483647,1532,2147483647,1901,2147483647,2147483647,2147483647,2147483647,2147483647]	jP	4329041
n016	1848652086	Magnataur	172885	hp,armor,move_speed,attack1_base_damage,attack1_dice_sides,attack1_range,attack2_range,defense_type	8	1	1200	1200	protected-runtime	0	8	8	protected-runtime	none	7	330	330	330	protected-runtime	0	99	99	protected-runtime	1		1	static-resolved	1	71	71	protected-runtime	1.5		1.5	static-resolved	128	128	128	protected-runtime	100.0	170.0	135.0	90.0	60		60	static-resolved	1		1	static-resolved	8		8	static-resolved	1.35		1.35	static-resolved	0	0	0	protected-runtime	61.0	68.0	64.5	47.77777777777777	[4059,4084,1047,4433,701,2147483647,1602,2147483647,1679,2147483647,2147483647,2147483647,2147483647,1972]	jP	4329258
n017	1848652087	Frost Wolf	18580	hp,armor,move_speed,attack1_base_damage,attack1_dice_sides,attack1_cooldown,defense_type	7	1	280	280	protected-runtime	0	4	4	protected-runtime	none	7	330	330	330	protected-runtime	0	24	24	protected-runtime	1		1	static-resolved	1	11	11	protected-runtime	99	1.5	1.5	protected-runtime	100		100	static-resolved	25.0	35.0	30.0	20.0	-		-	static-resolved	-		-	static-resolved	-		-	static-resolved	-		-	static-resolved	-		-	static-resolved					[3140,4080,1047,4433,626,2147483647,1542,1500908,2147483647,2147483647,2147483647,2147483647,2147483647,2147483647]	jP	4329465
n018	1848652088	Polar Bear	718259	hp,armor,move_speed,attack1_base_damage,attack1_dice_sides,attack1_cooldown,defense_type	7	1	550	550	protected-runtime	0	5	5	protected-runtime	none	7	330	330	330	protected-runtime	0	59	59	protected-runtime	1		1	static-resolved	1	11	11	protected-runtime	99	1.5	1.5	protected-runtime	128		128	static-resolved	60.0	70.0	65.0	43.333333333333336	-		-	static-resolved	-		-	static-resolved	-		-	static-resolved	-		-	static-resolved	-		-	static-resolved					[3411,4082,1047,4434,661,2147483647,1542,1500909,2147483647,2147483647,2147483647,2147483647,2147483647,2147483647]	jP	4329680
n02I	1848652361	Angry Hrimthrusa	31449	hp,armor,attack1_base_damage,attack1_dice_sides,attack1_cooldown,attack1_range	6	1	1600	1600	protected-runtime	0	10	10	protected-runtime	large		270		270	static-resolved	0	60	60	protected-runtime	1		1	static-resolved	1	11	11	protected-runtime	99	0.6	0.6	protected-runtime	400	400	400	protected-runtime	61.0	71.0	66.0	110.0	-		-	static-resolved	-		-	static-resolved	-		-	static-resolved	-		-	static-resolved	-		-	static-resolved					[4734,130,2147483647,2147483647,717,2147483647,1581,600943,1981,2147483647,2147483647,2147483647,2147483647,2147483647]	jP	4329896
o00A	1865429057	Ice Troll Witch Doctor	751389	hp,armor,attack1_base_damage,attack1_dice_sides,attack1_cooldown,attack1_range,defense_type	7	1	650	650	protected-runtime	0	3	3	protected-runtime	small	0	270		270	static-resolved	0	62	62	protected-runtime	1		1	static-resolved	1	1	1	protected-runtime	99	1.3	1.3	protected-runtime	1	370	370	protected-runtime	63.0	63.0	63.0	48.46153846153846	-		-	static-resolved	-		-	static-resolved	-		-	static-resolved	-		-	static-resolved	-		-	static-resolved					[3273,1914,2325,2147483647,3891,2147483647,3837,1302414,3714,2147483647,2147483647,2147483647,2147483647,2147483647]	jP	4330115
X017	1479553335	Northern Builder	196408	move_speed	1	220		220	static-resolved	0		0	static-resolved	medium		550	550	550	protected-runtime	4		4	static-resolved	1		1	static-resolved	2		2	static-resolved	2		2	static-resolved	90		90	static-resolved	5.0	6.0	5.5	2.75	0		0	static-resolved	1		1	static-resolved	1		1	static-resolved	1.1		1.1	static-resolved	66		66	static-resolved	1.0	1.0	1.0	0.9090909090909091	[2147483647,2147483647,2147483647,2557,2147483647,2147483647,2147483647,2147483647,2147483647,2147483647,2147483647,2147483647,2147483647,2147483647]	jP	4330332
h04I	1747989577	Incubus	695704	hp,armor,move_speed,attack1_base_damage,attack1_dice_sides,attack1_cooldown,attack1_range,defense_type	8	1	1000	1000	protected-runtime	0	4	4	protected-runtime	medium	1	320	320	320	protected-runtime	0	89	89	protected-runtime	1		1	static-resolved	1	18	18	protected-runtime	99	1.7	1.7	protected-runtime	1	520	520	protected-runtime	90.0	107.0	98.5	57.94117647058824	-		-	static-resolved	-		-	static-resolved	-		-	static-resolved	-		-	static-resolved	-		-	static-resolved					[4592,353,1285,2560,1656,2147483647,3992,1704070,3517,2147483647,2147483647,2147483647,2147483647,2147483647]	jP	4330582
h04K	1747989579	Well of Pain	170693	hp	1	1	900	900	protected-runtime	5		5	static-resolved	fort		-		-	static-resolved	-		-	static-resolved	-		-	static-resolved	-		-	static-resolved	0		0	static-resolved	-		-	static-resolved					-		-	static-resolved	-		-	static-resolved	-		-	static-resolved	-		-	static-resolved	-		-	static-resolved					[4494,2147483647,2147483647,2147483647,2147483647,2147483647,2147483647,2147483647,2147483647,2147483647,2147483647,2147483647,2147483647,2147483647]	jP	4330792
h04M	1747989581	Shadow Ancient	169510	hp	1	1	1500	1500	protected-runtime	5		5	static-resolved	fort		-		-	static-resolved	-		-	static-resolved	-		-	static-resolved	-		-	static-resolved	0		0	static-resolved	-		-	static-resolved					-		-	static-resolved	-		-	static-resolved	-		-	static-resolved	-		-	static-resolved	-		-	static-resolved					[5096,2147483647,2147483647,2147483647,2147483647,2147483647,2147483647,2147483647,2147483647,2147483647,2147483647,2147483647,2147483647,2147483647]	jP	4331042
h04N	1747989582	Portal of the Abyss	718193	hp	1	1	1400	1400	protected-runtime	5		5	static-resolved	fort		-		-	static-resolved	-		-	static-resolved	-		-	static-resolved	-		-	static-resolved	0		0	static-resolved	-		-	static-resolved					-		-	static-resolved	-		-	static-resolved	-		-	static-resolved	-		-	static-resolved	-		-	static-resolved					[4997,2147483647,2147483647,2147483647,2147483647,2147483647,2147483647,2147483647,2147483647,2147483647,2147483647,2147483647,2147483647,2147483647]	jP	4331292
h04O	1747989583	Nether Ancient	266873	hp	1	1	1300	1300	protected-runtime	5		5	static-resolved	fort		-		-	static-resolved	-		-	static-resolved	-		-	static-resolved	-		-	static-resolved	0		0	static-resolved	-		-	static-resolved					-		-	static-resolved	-		-	static-resolved	-		-	static-resolved	-		-	static-resolved	-		-	static-resolved					[4898,2147483647,2147483647,2147483647,2147483647,2147483647,2147483647,2147483647,2147483647,2147483647,2147483647,2147483647,2147483647,2147483647]	jP	4331542
h04P	1747989584	Hell's Portal	28599	hp	1	1	1500	1500	protected-runtime	5		5	static-resolved	fort		-		-	static-resolved	-		-	static-resolved	-		-	static-resolved	-		-	static-resolved	0		0	static-resolved	-		-	static-resolved					-		-	static-resolved	-		-	static-resolved	-		-	static-resolved	-		-	static-resolved	-		-	static-resolved					[5099,2147483647,2147483647,2147483647,2147483647,2147483647,2147483647,2147483647,2147483647,2147483647,2147483647,2147483647,2147483647,2147483647]	jP	4331792
h04Q	1747989585	Hell's Gate	577282	hp	1	1	1400	1400	protected-runtime	5		5	static-resolved	fort		-		-	static-resolved	-		-	static-resolved	-		-	static-resolved	-		-	static-resolved	0		0	static-resolved	-		-	static-resolved					-		-	static-resolved	-		-	static-resolved	-		-	static-resolved	-		-	static-resolved	-		-	static-resolved					[5000,2147483647,2147483647,2147483647,2147483647,2147483647,2147483647,2147483647,2147483647,2147483647,2147483647,2147483647,2147483647,2147483647]	jP	4332041
h04R	1747989586	Forgotten One	175235	hp	1	1	900	900	protected-runtime	5		5	static-resolved	fort		-		-	static-resolved	-		-	static-resolved	-		-	static-resolved	-		-	static-resolved	0		0	static-resolved	-		-	static-resolved					-		-	static-resolved	-		-	static-resolved	-		-	static-resolved	-		-	static-resolved	-		-	static-resolved					[4501,2147483647,2147483647,2147483647,2147483647,2147483647,2147483647,2147483647,2147483647,2147483647,2147483647,2147483647,2147483647,2147483647]	jP	4332291
h04S	1747989587	Felhound Shrine	412326	hp	1	1	1300	1300	protected-runtime	5		5	static-resolved	fort		-		-	static-resolved	-		-	static-resolved	-		-	static-resolved	-		-	static-resolved	0		0	static-resolved	-		-	static-resolved					-		-	static-resolved	-		-	static-resolved	-		-	static-resolved	-		-	static-resolved	-		-	static-resolved					[4902,2147483647,2147483647,2147483647,2147483647,2147483647,2147483647,2147483647,2147483647,2147483647,2147483647,2147483647,2147483647,2147483647]	jP	4332541
h04T	1747989588	Eye of Corruption	698690	hp	1	1	1300	1300	protected-runtime	5		5	static-resolved	fort		-		-	static-resolved	-		-	static-resolved	-		-	static-resolved	-		-	static-resolved	0		0	static-resolved	-		-	static-resolved					-		-	static-resolved	-		-	static-resolved	-		-	static-resolved	-		-	static-resolved	-		-	static-resolved					[4903,2147483647,2147483647,2147483647,2147483647,2147483647,2147483647,2147483647,2147483647,2147483647,2147483647,2147483647,2147483647,2147483647]	jP	4332791
h04U	1747989589	Demonic Statue	198097	hp	1	1	1600	1600	protected-runtime	5		5	static-resolved	fort		-		-	static-resolved	-		-	static-resolved	-		-	static-resolved	-		-	static-resolved	0		0	static-resolved	-		-	static-resolved					-		-	static-resolved	-		-	static-resolved	-		-	static-resolved	-		-	static-resolved	-		-	static-resolved					[5204,2147483647,2147483647,2147483647,2147483647,2147483647,2147483647,2147483647,2147483647,2147483647,2147483647,2147483647,2147483647,2147483647]	jP	4333041
h04W	1747989591	Corrupted Ancient of War	557779	hp	1	1	1300	1300	protected-runtime	5		5	static-resolved	fort		-		-	static-resolved	-		-	static-resolved	-		-	static-resolved	-		-	static-resolved	0		0	static-resolved	-		-	static-resolved					-		-	static-resolved	-		-	static-resolved	-		-	static-resolved	-		-	static-resolved	-		-	static-resolved					[4906,2147483647,2147483647,2147483647,2147483647,2147483647,2147483647,2147483647,2147483647,2147483647,2147483647,2147483647,2147483647,2147483647]	jP	4333290
h06B	1747990082	Wisp	410236	hp,armor,move_speed,attack1_base_damage,attack1_dice_sides,attack1_cooldown,attack1_range,defense_type	8	1	50	50	protected-runtime	0	0	0	protected-runtime	hero	5	350	350	350	protected-runtime	0	0	0	protected-runtime	1		1	static-resolved	1	1	1	protected-runtime	99	1	1	protected-runtime	1	30	30	protected-runtime	1.0	1.0	1.0	1.0	-		-	static-resolved	-		-	static-resolved	-		-	static-resolved	-		-	static-resolved	-		-	static-resolved					[4147,602,1457,2716,1668,2147483647,4047,1004133,3083,2147483647,2147483647,2147483647,2147483647,2147483647]	jP	4333540
h09Y	1747990873	Corrupted Ancient of Annihilation	101415	hp	1	1	1900	1900	protected-runtime	5		5	static-resolved	fort		-		-	static-resolved	-		-	static-resolved	-		-	static-resolved	-		-	static-resolved	0		0	static-resolved	-		-	static-resolved					-		-	static-resolved	-		-	static-resolved	-		-	static-resolved	-		-	static-resolved	-		-	static-resolved					[2695,2147483647,2147483647,2147483647,2147483647,2147483647,2147483647,2147483647,2147483647,2147483647,2147483647,2147483647,2147483647,2147483647]	jP	4333750
n019	1848652089	Void Walker	675488	hp,armor,attack1_base_damage,attack1_dice_sides,attack1_range,defense_type	6	1	375	375	protected-runtime	0	2	2	protected-runtime	small	0	270		270	static-resolved	0	39	39	protected-runtime	1		1	static-resolved	1	1	1	protected-runtime	1.6		1.6	static-resolved	1	380	380	protected-runtime	40.0	40.0	40.0	25.0	-		-	static-resolved	-		-	static-resolved	-		-	static-resolved	-		-	static-resolved	-		-	static-resolved					[3237,4079,1041,2147483647,641,2147483647,1532,2147483647,1931,2147483647,2147483647,2147483647,2147483647,2147483647]	jP	4334000
n01A	1848652097	Void Keeper	714695	hp,armor,attack1_base_damage,attack1_dice_sides,attack1_range,defense_type	6	1	740	740	protected-runtime	0	4	4	protected-runtime	small	0	270		270	static-resolved	0	79	79	protected-runtime	1		1	static-resolved	1	1	1	protected-runtime	1.6		1.6	static-resolved	1	400	400	protected-runtime	80.0	80.0	80.0	50.0	-		-	static-resolved	-		-	static-resolved	-		-	static-resolved	-		-	static-resolved	-		-	static-resolved					[3610,4085,1043,2147483647,683,2147483647,1533,2147483647,1952,2147483647,2147483647,2147483647,2147483647,2147483647]	jP	4334218
n01B	1848652098	Shadow Drake	843850	hp,armor,attack1_base_damage,attack1_dice_sides,attack1_range,attack2_base_damage,attack2_dice_number,attack2_dice_sides,attack2_cooldown,attack2_range,defense_type	11	1	700	700	protected-runtime	0	4	4	protected-runtime	medium	1	350		350	static-resolved	0	79	79	protected-runtime	1		1	static-resolved	1	6	6	protected-runtime	1.8		1.8	static-resolved	400	400	400	protected-runtime	80.0	85.0	82.5	45.833333333333336	0	0	0	protected-runtime	1	0	0	protected-runtime	1	0	0	protected-runtime	99	0	0	protected-runtime	0	0	0	protected-runtime	0.0	0.0	0.0		[3571,4086,1045,2147483647,683,2147483647,1538,2147483647,1952,624,1531,3814,3692,1973]	jP	4334437
n01D	1848652100	Nether Drake	498212	hp,attack1_base_damage,attack1_dice_sides,attack1_range,attack2_base_damage,attack2_dice_number,attack2_dice_sides,attack2_cooldown,attack2_range,defense_type	10	1	425	425	protected-runtime	2		2	static-resolved	medium	1	350		350	static-resolved	0	44	44	protected-runtime	1		1	static-resolved	1	6	6	protected-runtime	1.8		1.8	static-resolved	400	400	400	protected-runtime	45.0	50.0	47.5	26.38888888888889	0	0	0	protected-runtime	1	0	0	protected-runtime	1	0	0	protected-runtime	99	0	0	protected-runtime	0	0	0	protected-runtime	0.0	0.0	0.0		[3298,2147483647,1045,2147483647,649,2147483647,1539,2147483647,1952,625,1531,3814,3692,1973]	jP	4334625
n01E	1848652101	Infernal Tank	129864	hp,armor,move_speed,attack1_base_damage,attack1_dice_sides,attack1_cooldown	6	1	850	850	protected-runtime	0	4	4	protected-runtime	large		290	290	290	protected-runtime	0	69	69	protected-runtime	1		1	static-resolved	1	21	21	protected-runtime	99	1.4	1.4	protected-runtime	600		600	static-resolved	70.0	90.0	80.0	57.142857142857146	-		-	static-resolved	-		-	static-resolved	-		-	static-resolved	-		-	static-resolved	-		-	static-resolved					[3724,4087,2147483647,4397,674,2147483647,1554,1400910,2147483647,2147483647,2147483647,2147483647,2147483647,2147483647]	jP	4334819
n01F	1848652102		51930	hp,armor,move_speed,attack1_base_damage,attack1_dice_sides	5	1	600	600	protected-runtime	0	3	3	protected-runtime	large		290	290	290	protected-runtime	0	69	69	protected-runtime	1		1	static-resolved	1	6	6	protected-runtime	1.6		1.6	static-resolved	600		600	static-resolved	70.0	75.0	72.5	45.3125	-		-	static-resolved	-		-	static-resolved	-		-	static-resolved	-		-	static-resolved	-		-	static-resolved					[3475,4087,2147483647,4397,674,2147483647,1539,2147483647,2147483647,2147483647,2147483647,2147483647,2147483647,2147483647]	jP	4335041
n01G	1848652103	Felhound	852320	hp,armor,move_speed,attack1_base_damage,attack1_dice_sides,defense_type	6	1	650	650	protected-runtime	0	7	7	protected-runtime	medium	1	330	330	330	protected-runtime	0	52	52	protected-runtime	1		1	static-resolved	1	11	11	protected-runtime	1.35		1.35	static-resolved	100		100	static-resolved	53.0	63.0	58.0	42.96296296296296	-		-	static-resolved	-		-	static-resolved	-		-	static-resolved	-		-	static-resolved	-		-	static-resolved					[3526,4091,1046,4437,657,2147483647,1544,2147483647,2147483647,2147483647,2147483647,2147483647,2147483647,2147483647]	jP	4335264
n01H	1848652104	Corrupted Treant	565578	hp,armor,move_speed,attack1_base_damage,attack1_dice_sides	5	1	640	640	protected-runtime	0	5	5	protected-runtime	medium		300	300	300	protected-runtime	0	49	49	protected-runtime	1		1	static-resolved	1	6	6	protected-runtime	1.35		1.35	static-resolved	100		100	static-resolved	50.0	55.0	52.5	38.888888888888886	-		-	static-resolved	-		-	static-resolved	-		-	static-resolved	-		-	static-resolved	-		-	static-resolved					[3517,4090,2147483647,4408,654,2147483647,1539,2147483647,2147483647,2147483647,2147483647,2147483647,2147483647,2147483647]	jP	4335483
n01I	1848652105	Corrupted Ent	575688	hp,armor,move_speed,attack1_base_damage	4	1	320	320	protected-runtime	0	4	4	protected-runtime	medium		300	300	300	protected-runtime	0	25	25	protected-runtime	1		1	static-resolved	2		2	static-resolved	1.35		1.35	static-resolved	100		100	static-resolved	26.0	27.0	26.5	19.62962962962963	-		-	static-resolved	-		-	static-resolved	-		-	static-resolved	-		-	static-resolved	-		-	static-resolved					[3198,4089,2147483647,4408,631,2147483647,2147483647,2147483647,2147483647,2147483647,2147483647,2147483647,2147483647,2147483647]	jP	4335708
n01J	1848652106	Corrupted Protector	564388	hp,armor,move_speed,attack1_base_damage,attack1_dice_sides,attack1_range	6	1	1500	1500	protected-runtime	0	5	5	protected-runtime	fort		0	0	0	protected-runtime	0	39	39	protected-runtime	1		1	static-resolved	1	51	51	protected-runtime	1.5		1.5	static-resolved	800	800	800	protected-runtime	40.0	90.0	65.0	43.333333333333336	41		41	static-resolved	2		2	static-resolved	12		12	static-resolved	2		2	static-resolved	700		700	static-resolved	43.0	65.0	54.0	27.0	[4379,4091,2147483647,4108,645,2147483647,1585,2147483647,2353,2147483647,2147483647,2147483647,2147483647,2147483647]	jP	4335939
n027	1848652343	Corrupted Annihilator	978935	hp,armor,move_speed,attack1_base_damage,attack1_dice_sides	5	1	1800	1800	protected-runtime	0	8	8	protected-runtime	medium		300	300	300	protected-runtime	0	139	139	protected-runtime	1		1	static-resolved	1	21	21	protected-runtime	1.35		1.35	static-resolved	100		100	static-resolved	140.0	160.0	150.0	111.1111111111111	-		-	static-resolved	-		-	static-resolved	-		-	static-resolved	-		-	static-resolved	-		-	static-resolved					[4916,119,2147483647,4467,792,2147483647,1588,2147483647,2147483647,2147483647,2147483647,2147483647,2147483647,2147483647]	jP	4336156
X006	1479553078	Corrupted Builder	601082	move_speed	1	250		250	static-resolved	0		0	static-resolved	small		550	550	550	protected-runtime	-		-	static-resolved	-		-	static-resolved	-		-	static-resolved	0		0	static-resolved	-		-	static-resolved					-		-	static-resolved	-		-	static-resolved	-		-	static-resolved	-		-	static-resolved	-		-	static-resolved					[2147483647,2147483647,2147483647,2493,2147483647,2147483647,2147483647,2147483647,2147483647,2147483647,2147483647,2147483647,2147483647,2147483647]	jP	4336380
n03C	1848652611	Ghost of Sorrow	484172	hp,armor,move_speed,attack1_base_damage,attack1_cooldown,defense_type	6	1	390	390	protected-runtime	0	6	6	protected-runtime	none	7	300	300	300	protected-runtime	0	44	44	protected-runtime	1		1	static-resolved	2		2	static-resolved	99	1.2	1.2	protected-runtime	100		100	static-resolved	45.0	46.0	45.5	37.91666666666667	-		-	static-resolved	-		-	static-resolved	-		-	static-resolved	-		-	static-resolved	-		-	static-resolved					[3774,251,1222,441,751,2147483647,2147483647,1200974,2147483647,2147483647,2147483647,2147483647,2147483647,2147483647]	jP	4336630
h05L	1747989836	Energy Tower	447978	hp,attack1_base_damage,attack1_dice_number,attack1_dice_sides,attack1_cooldown,attack1_range	6	1	1500	1500	protected-runtime	5		5	static-resolved	fort		-		-	static-resolved	0	49	49	protected-runtime	1	1	1	protected-runtime	1	51	51	protected-runtime	99	1.35	1.35	protected-runtime	600	600	600	protected-runtime	50.0	100.0	75.0	55.55555555555555	-		-	static-resolved	-		-	static-resolved	-		-	static-resolved	-		-	static-resolved	-		-	static-resolved					[5351,2147483647,2147483647,2147483647,1668,124,4062,1354102,3625,2147483647,2147483647,2147483647,2147483647,2147483647]	jP	4336850
h05M	1747989837	Demolition Lab	3110	hp	1	1	1300	1300	protected-runtime	5		5	static-resolved	fort		-		-	static-resolved	-		-	static-resolved	-		-	static-resolved	-		-	static-resolved	0		0	static-resolved	-		-	static-resolved					-		-	static-resolved	-		-	static-resolved	-		-	static-resolved	-		-	static-resolved	-		-	static-resolved					[5152,2147483647,2147483647,2147483647,2147483647,2147483647,2147483647,2147483647,2147483647,2147483647,2147483647,2147483647,2147483647,2147483647]	jP	4337072
h05R	1747989842	Red Shield Generator	959565	hp	1	1	1100	1100	protected-runtime	5		5	static-resolved	fort		-		-	static-resolved	-		-	static-resolved	-		-	static-resolved	-		-	static-resolved	0		0	static-resolved	-		-	static-resolved					-		-	static-resolved	-		-	static-resolved	-		-	static-resolved	-		-	static-resolved	-		-	static-resolved					[4957,2147483647,2147483647,2147483647,2147483647,2147483647,2147483647,2147483647,2147483647,2147483647,2147483647,2147483647,2147483647,2147483647]	jP	4337320
h05T	1747989844	Gun Smith	7652	hp	1	1	1300	1300	protected-runtime	5		5	static-resolved	fort		-		-	static-resolved	-		-	static-resolved	-		-	static-resolved	-		-	static-resolved	0		0	static-resolved	-		-	static-resolved					-		-	static-resolved	-		-	static-resolved	-		-	static-resolved	-		-	static-resolved	-		-	static-resolved					[5159,2147483647,2147483647,2147483647,2147483647,2147483647,2147483647,2147483647,2147483647,2147483647,2147483647,2147483647,2147483647,2147483647]	jP	4337570
h05U	1747989845	Lumber Mill	31697	hp	1	1	1400	1400	protected-runtime	5		5	static-resolved	fort		-		-	static-resolved	-		-	static-resolved	-		-	static-resolved	-		-	static-resolved	0		0	static-resolved	-		-	static-resolved					-		-	static-resolved	-		-	static-resolved	-		-	static-resolved	-		-	static-resolved	-		-	static-resolved					[5260,2147483647,2147483647,2147483647,2147483647,2147483647,2147483647,2147483647,2147483647,2147483647,2147483647,2147483647,2147483647,2147483647]	jP	4337818
h05V	1747989846	Golem Factory	580380	hp	1	1	1300	1300	protected-runtime	5		5	static-resolved	fort		-		-	static-resolved	-		-	static-resolved	-		-	static-resolved	-		-	static-resolved	0		0	static-resolved	-		-	static-resolved					-		-	static-resolved	-		-	static-resolved	-		-	static-resolved	-		-	static-resolved	-		-	static-resolved					[5161,2147483647,2147483647,2147483647,2147483647,2147483647,2147483647,2147483647,2147483647,2147483647,2147483647,2147483647,2147483647,2147483647]	jP	4338067
h06J	1747990090	Blue Shield Generator	502259	hp	1	1	900	900	protected-runtime	5		5	static-resolved	fort		-		-	static-resolved	-		-	static-resolved	-		-	static-resolved	-		-	static-resolved	0		0	static-resolved	-		-	static-resolved					-		-	static-resolved	-		-	static-resolved	-		-	static-resolved	-		-	static-resolved	-		-	static-resolved					[5005,2147483647,2147483647,2147483647,2147483647,2147483647,2147483647,2147483647,2147483647,2147483647,2147483647,2147483647,2147483647,2147483647]	jP	4338317
h06Q	1747990097	Roterothopter	322472	hp,armor,attack1_base_damage,attack1_dice_sides,attack1_cooldown,attack2_base_damage,attack2_dice_sides,attack2_cooldown,attack2_range,defense_type	10	1	300	300	protected-runtime	0	4	4	protected-runtime	small	0	320		320	static-resolved	0	19	19	protected-runtime	1		1	static-resolved	1	11	11	protected-runtime	99	1	1	protected-runtime	500		500	static-resolved	20.0	30.0	25.0	25.0	0	19	19	protected-runtime	1		1	static-resolved	1	1	1	protected-runtime	99	1	1	protected-runtime	500	500	500	protected-runtime	20.0	20.0	20.0	20.0	[4412,613,1457,2147483647,1690,2147483647,4060,1004135,2147483647,3223,2147483647,1872,1000324,3731]	jP	4338567
h06R	1747990098	Gyrocopter	242279	hp,armor,attack1_base_damage,attack1_dice_sides,attack1_cooldown,attack2_base_damage,attack2_dice_sides,defense_type	8	1	625	625	protected-runtime	0	6	6	protected-runtime	small	0	320		320	static-resolved	0	39	39	protected-runtime	1		1	static-resolved	1	11	11	protected-runtime	99	1	1	protected-runtime	500		500	static-resolved	40.0	50.0	45.0	45.0	0	69	69	protected-runtime	1		1	static-resolved	1	41	41	protected-runtime	2.5		2.5	static-resolved	100		100	static-resolved	70.0	110.0	90.0	36.0	[4738,616,1458,2147483647,1710,2147483647,4060,1004135,2147483647,3273,2147483647,1912,2147483647,2147483647]	jP	4338768
h06S	1747990099	Heavy Tank	364373	hp,armor,move_speed,attack1_base_damage,attack1_dice_sides,attack1_range,defense_type	7	1	800	800	protected-runtime	0	12	12	protected-runtime	large	2	270	270	270	protected-runtime	0	119	119	protected-runtime	1		1	static-resolved	1	21	21	protected-runtime	2.1		2.1	static-resolved	1	400	400	protected-runtime	120.0	140.0	130.0	61.904761904761905	-		-	static-resolved	-		-	static-resolved	-		-	static-resolved	-		-	static-resolved	-		-	static-resolved					[4914,622,1460,2640,1790,2147483647,4070,2147483647,3455,2147483647,2147483647,2147483647,2147483647,2147483647]	jP	4338978
h06T	1747990100	Light Tank	408507	hp,armor,move_speed,attack1_base_damage,attack1_range,defense_type	6	1	400	400	protected-runtime	0	5	5	protected-runtime	large	2	270	270	270	protected-runtime	0	64	64	protected-runtime	1		1	static-resolved	11		11	static-resolved	2.1		2.1	static-resolved	1	375	375	protected-runtime	65.0	75.0	70.0	33.33333333333333	-		-	static-resolved	-		-	static-resolved	-		-	static-resolved	-		-	static-resolved	-		-	static-resolved					[4515,616,1460,2641,1736,2147483647,2147483647,2147483647,3430,2147483647,2147483647,2147483647,2147483647,2147483647]	jP	4339191
h06U	1747990101	Mine Layer	674256	hp,armor,move_speed,attack1_base_damage,attack1_dice_sides,attack1_range,defense_type	7	1	600	600	protected-runtime	0	7	7	protected-runtime	large	2	300	300	300	protected-runtime	0	79	79	protected-runtime	1		1	static-resolved	1	21	21	protected-runtime	2.1		2.1	static-resolved	1	100	100	protected-runtime	80.0	100.0	90.0	42.857142857142854	-		-	static-resolved	-		-	static-resolved	-		-	static-resolved	-		-	static-resolved	-		-	static-resolved					[4716,618,1461,2671,1751,2147483647,4070,2147483647,3155,2147483647,2147483647,2147483647,2147483647,2147483647]	jP	4339410
h06Z	1747990106	Protection Center	460887	hp	1	1	1900	1900	protected-runtime	5		5	static-resolved	fort		-		-	static-resolved	-		-	static-resolved	-		-	static-resolved	-		-	static-resolved	0		0	static-resolved	-		-	static-resolved					-		-	static-resolved	-		-	static-resolved	-		-	static-resolved	-		-	static-resolved	-		-	static-resolved					[6021,2147483647,2147483647,2147483647,2147483647,2147483647,2147483647,2147483647,2147483647,2147483647,2147483647,2147483647,2147483647,2147483647]	jP	4339623
h097	1747990839	Precious Golem Factory	365069	hp	1	1	1900	1900	protected-runtime	5		5	static-resolved	fort		-		-	static-resolved	-		-	static-resolved	-		-	static-resolved	-		-	static-resolved	0		0	static-resolved	-		-	static-resolved					-		-	static-resolved	-		-	static-resolved	-		-	static-resolved	-		-	static-resolved	-		-	static-resolved					[2661,2147483647,2147483647,2147483647,2147483647,2147483647,2147483647,2147483647,2147483647,2147483647,2147483647,2147483647,2147483647,2147483647]	jP	4339872
h098	1747990840	Rocket Tank	562783	hp,armor,move_speed,attack1_base_damage,attack1_dice_sides,attack1_range,defense_type	7	1	900	900	protected-runtime	0	12	12	protected-runtime	large	2	270	270	270	protected-runtime	0	149	149	protected-runtime	1		1	static-resolved	1	21	21	protected-runtime	2.1		2.1	static-resolved	1	400	400	protected-runtime	150.0	170.0	160.0	76.19047619047619	-		-	static-resolved	-		-	static-resolved	-		-	static-resolved	-		-	static-resolved	-		-	static-resolved					[1662,993,1707,2826,1969,2147483647,4176,2147483647,3537,2147483647,2147483647,2147483647,2147483647,2147483647]	jP	4340122
h099	1747990841	Assault Tank	8175	armor,move_speed,attack1_base_damage,attack1_dice_sides,attack1_range,defense_type	6	700		700	static-resolved	0	8	8	protected-runtime	large	2	270	270	270	protected-runtime	0	39	39	protected-runtime	1		1	static-resolved	1	131	131	protected-runtime	2.1		2.1	static-resolved	1	550	550	protected-runtime	40.0	170.0	105.0	50.0	-		-	static-resolved	-		-	static-resolved	-		-	static-resolved	-		-	static-resolved	-		-	static-resolved					[2147483647,989,1707,2826,1859,2147483647,4286,2147483647,3687,2147483647,2147483647,2147483647,2147483647,2147483647]	jP	4340335
h09B	1747990850	Heavy Tank Factory	564337	hp	1	1	1500	1500	protected-runtime	5		5	static-resolved	fort		-		-	static-resolved	-		-	static-resolved	-		-	static-resolved	-		-	static-resolved	0		0	static-resolved	-		-	static-resolved					-		-	static-resolved	-		-	static-resolved	-		-	static-resolved	-		-	static-resolved	-		-	static-resolved					[2272,2147483647,2147483647,2147483647,2147483647,2147483647,2147483647,2147483647,2147483647,2147483647,2147483647,2147483647,2147483647,2147483647]	jP	4340552
h09H	1747990856	Rocket Tank Factory	20196	hp	1	1	1600	1600	protected-runtime	5		5	static-resolved	fort		-		-	static-resolved	-		-	static-resolved	-		-	static-resolved	-		-	static-resolved	0		0	static-resolved	-		-	static-resolved					-		-	static-resolved	-		-	static-resolved	-		-	static-resolved	-		-	static-resolved	-		-	static-resolved					[2378,2147483647,2147483647,2147483647,2147483647,2147483647,2147483647,2147483647,2147483647,2147483647,2147483647,2147483647,2147483647,2147483647]	jP	4340802
h09I	1747990857	Assault Tank Factory	831198	hp	1	1	1400	1400	protected-runtime	5		5	static-resolved	fort		-		-	static-resolved	-		-	static-resolved	-		-	static-resolved	-		-	static-resolved	0		0	static-resolved	-		-	static-resolved					-		-	static-resolved	-		-	static-resolved	-		-	static-resolved	-		-	static-resolved	-		-	static-resolved					[2179,2147483647,2147483647,2147483647,2147483647,2147483647,2147483647,2147483647,2147483647,2147483647,2147483647,2147483647,2147483647,2147483647]	jP	4341051
h09J	1747990858	Mine Layer Factory	117559	hp	1	1	1400	1400	protected-runtime	5		5	static-resolved	fort		-		-	static-resolved	-		-	static-resolved	-		-	static-resolved	-		-	static-resolved	0		0	static-resolved	-		-	static-resolved					-		-	static-resolved	-		-	static-resolved	-		-	static-resolved	-		-	static-resolved	-		-	static-resolved					[2180,2147483647,2147483647,2147483647,2147483647,2147483647,2147483647,2147483647,2147483647,2147483647,2147483647,2147483647,2147483647,2147483647]	jP	4341301
h09L	1747990860	Bomber Factory	690287	hp	1	1	1400	1400	protected-runtime	5		5	static-resolved	fort		-		-	static-resolved	-		-	static-resolved	-		-	static-resolved	-		-	static-resolved	0		0	static-resolved	-		-	static-resolved					-		-	static-resolved	-		-	static-resolved	-		-	static-resolved	-		-	static-resolved	-		-	static-resolved					[2182,2147483647,2147483647,2147483647,2147483647,2147483647,2147483647,2147483647,2147483647,2147483647,2147483647,2147483647,2147483647,2147483647]	jP	4341551
h09M	1747990861	MineDummy	886946	hp,attack1_base_damage,attack1_dice_sides,attack1_cooldown,attack1_range	5	1	4444	4444	protected-runtime	0		0	static-resolved	small		270		270	static-resolved	0	9	9	protected-runtime	1		1	static-resolved	1	1	1	protected-runtime	99	5	5	protected-runtime	1	800	800	protected-runtime	10.0	10.0	10.0	2.0	-		-	static-resolved	-		-	static-resolved	-		-	static-resolved	-		-	static-resolved	-		-	static-resolved					[5227,2147483647,2147483647,2147483647,1833,2147483647,4159,5000137,3939,2147483647,2147483647,2147483647,2147483647,2147483647]	jP	4341801
h09P	1747990864	Arsenal	835740	hp	1	1	1400	1400	protected-runtime	5		5	static-resolved	fort		-		-	static-resolved	-		-	static-resolved	-		-	static-resolved	-		-	static-resolved	0		0	static-resolved	-		-	static-resolved					-		-	static-resolved	-		-	static-resolved	-		-	static-resolved	-		-	static-resolved	-		-	static-resolved					[2186,2147483647,2147483647,2147483647,2147483647,2147483647,2147483647,2147483647,2147483647,2147483647,2147483647,2147483647,2147483647,2147483647]	jP	4342030
h09Q	1747990865	GrenadeDummy	32396	hp,attack1_base_damage,attack1_dice_sides,attack1_cooldown,attack1_range	5	1	4444	4444	protected-runtime	0		0	static-resolved	small		270		270	static-resolved	0	9	9	protected-runtime	1		1	static-resolved	1	1	1	protected-runtime	99	5	5	protected-runtime	1	800	800	protected-runtime	10.0	10.0	10.0	2.0	-		-	static-resolved	-		-	static-resolved	-		-	static-resolved	-		-	static-resolved	-		-	static-resolved					[5231,2147483647,2147483647,2147483647,1834,2147483647,4159,5000138,3940,2147483647,2147483647,2147483647,2147483647,2147483647]	jP	4342279
h09T	1747990868	Power Plant	768147	hp	1	1	1100	1100	protected-runtime	5		5	static-resolved	fort		-		-	static-resolved	-		-	static-resolved	-		-	static-resolved	-		-	static-resolved	0		0	static-resolved	-		-	static-resolved					-		-	static-resolved	-		-	static-resolved	-		-	static-resolved	-		-	static-resolved	-		-	static-resolved					[1890,2147483647,2147483647,2147483647,2147483647,2147483647,2147483647,2147483647,2147483647,2147483647,2147483647,2147483647,2147483647,2147483647]	jP	4342507
n01T	1848652116	Goblin Shredder	914906	hp,armor,move_speed,attack1_base_damage,attack1_dice_number,attack1_dice_sides,attack1_cooldown,attack1_range,defense_type	9	1	1000	1000	protected-runtime	0	9	9	protected-runtime	medium	1	300	300	300	protected-runtime	0	49	49	protected-runtime	1	1	1	protected-runtime	1	71	71	protected-runtime	99	1.5	1.5	protected-runtime	1	80	80	protected-runtime	50.0	120.0	85.0	56.666666666666664	0		0	static-resolved	10		10	static-resolved	1		1	static-resolved	1.35		1.35	static-resolved	66		66	static-resolved	10.0	10.0	10.0	7.4074074074074066	[3889,4100,1051,4411,657,4057,1606,1500912,1634,2147483647,2147483647,2147483647,2147483647,2147483647]	jP	4342757
n01V	1848652118	Lunatic Goblin	583716	hp,move_speed,attack1_dice_number,attack1_dice_sides,attack1_cooldown,attack1_range,defense_type	7	1	175	175	protected-runtime	0		0	static-resolved	none	7	330	330	330	protected-runtime	-		-	static-resolved	1	1	1	protected-runtime	1	1	1	protected-runtime	99	0.4	0.4	protected-runtime	1	50	50	protected-runtime					-		-	static-resolved	-		-	static-resolved	-		-	static-resolved	-		-	static-resolved	-		-	static-resolved					[3066,2147483647,1057,4441,2147483647,4057,1536,400912,1604,2147483647,2147483647,2147483647,2147483647,2147483647]	jP	4342961
n01X	1848652120	Iron Golem	1276	hp,armor,attack1_base_damage,attack1_dice_sides,attack1_cooldown,defense_type	6	1	525	525	protected-runtime	0	6	6	protected-runtime	hero	5	270		270	static-resolved	0	59	59	protected-runtime	1		1	static-resolved	1	21	21	protected-runtime	99	1.5	1.5	protected-runtime	100		100	static-resolved	60.0	80.0	70.0	46.666666666666664	-		-	static-resolved	-		-	static-resolved	-		-	static-resolved	-		-	static-resolved	-		-	static-resolved					[3418,4099,1056,2147483647,668,2147483647,1557,1500913,2147483647,2147483647,2147483647,2147483647,2147483647,2147483647]	jP	4343177
n024	1848652340	Adamant Golem	787505	hp,armor,attack1_base_damage,attack1_dice_sides,defense_type	5	1	950	950	protected-runtime	0	15	15	protected-runtime	divine	6	270		270	static-resolved	0	99	99	protected-runtime	1		1	static-resolved	1	51	51	protected-runtime	1.35		1.35	static-resolved	100		100	static-resolved	100.0	150.0	125.0	92.59259259259258	-		-	static-resolved	-		-	static-resolved	-		-	static-resolved	-		-	static-resolved	-		-	static-resolved					[4063,125,1130,2147483647,752,2147483647,1618,2147483647,2147483647,2147483647,2147483647,2147483647,2147483647,2147483647]	jP	4343397
n02J	1848652362	Goliath	587236	hp,armor,move_speed,attack1_base_damage,attack1_dice_sides,attack1_cooldown,attack1_range,attack2_base_damage,attack2_dice_number,attack2_dice_sides,attack2_cooldown,attack2_range,defense_type	13	1	1950	1950	protected-runtime	0	20	20	protected-runtime	none	7	250	250	250	protected-runtime	0	74	74	protected-runtime	1		1	static-resolved	1	1	1	protected-runtime	99	0.1	0.1	protected-runtime	50	50	50	protected-runtime	75.0	75.0	75.0	750.0	0	490	490	protected-runtime	1	10	10	protected-runtime	1	15	15	protected-runtime	99	0.4	0.4	protected-runtime	700	700	700	protected-runtime	500.0	640.0	570.0	1425.0	[5085,141,1139,4422,731,2147483647,1571,100943,1632,1141,1565,3851,403712,2692]	jP	4343621
z002	2049978418	Flamegunner	79696	hp,armor,attack1_base_damage,attack1_dice_number,attack1_dice_sides,attack1_range,defense_type	7	1	500	500	protected-runtime	0	4	4	protected-runtime	small	0	270		270	static-resolved	0	33	33	protected-runtime	1	1	1	protected-runtime	1	1	1	protected-runtime	0.9		0.9	static-resolved	1	70	70	protected-runtime	34.0	34.0	34.0	37.77777777777778	-		-	static-resolved	-		-	static-resolved	-		-	static-resolved	-		-	static-resolved	-		-	static-resolved					[3207,4004,989,2147483647,3060,4026,925,2147483647,2968,2147483647,2147483647,2147483647,2147483647,2147483647]	jP	4343801
z003	2049978419	Flamegunner Sergeant	306623	hp,armor,attack1_base_damage,attack1_dice_number,attack1_dice_sides,attack1_range,defense_type	7	1	700	700	protected-runtime	0	7	7	protected-runtime	small	0	270		270	static-resolved	0	59	59	protected-runtime	1	1	1	protected-runtime	1	1	1	protected-runtime	0.9		0.9	static-resolved	1	70	70	protected-runtime	60.0	60.0	60.0	66.66666666666667	-		-	static-resolved	-		-	static-resolved	-		-	static-resolved	-		-	static-resolved	-		-	static-resolved					[3408,4007,989,2147483647,3086,4026,925,2147483647,2968,2147483647,2147483647,2147483647,2147483647,2147483647]	jP	4344012
n02M	1848652365	Goblin Rocketeer	991011	hp,armor,move_speed,attack1_base_damage,attack1_dice_number,attack1_dice_sides,attack1_cooldown,attack1_range,defense_type	9	1	370	370	protected-runtime	0	3	3	protected-runtime	none	7	330	330	330	protected-runtime	0	74	74	protected-runtime	1	1	1	protected-runtime	1	12	12	protected-runtime	99	2.7	2.7	protected-runtime	1	1100	1100	protected-runtime	75.0	86.0	80.5	29.814814814814813	-		-	static-resolved	-		-	static-resolved	-		-	static-resolved	-		-	static-resolved	-		-	static-resolved					[3508,125,1140,4503,732,4098,1583,2700943,2682,2147483647,2147483647,2147483647,2147483647,2147483647]	jP	4344224
h077	1747990327	Rocket Lab	321050	hp	1	1	1300	1300	protected-runtime	5		5	static-resolved	fort		-		-	static-resolved	-		-	static-resolved	-		-	static-resolved	-		-	static-resolved	0		0	static-resolved	-		-	static-resolved					-		-	static-resolved	-		-	static-resolved	-		-	static-resolved	-		-	static-resolved	-		-	static-resolved					[1549,2147483647,2147483647,2147483647,2147483647,2147483647,2147483647,2147483647,2147483647,2147483647,2147483647,2147483647,2147483647,2147483647]	jP	4344427
X06P	1479554640	Mechanical Builder	900309	move_speed	1	220		220	static-resolved	0		0	static-resolved	medium		550	550	550	protected-runtime	4		4	static-resolved	1		1	static-resolved	2		2	static-resolved	2		2	static-resolved	90		90	static-resolved	5.0	6.0	5.5	2.75	0		0	static-resolved	1		1	static-resolved	1		1	static-resolved	1.1		1.1	static-resolved	66		66	static-resolved	1.0	1.0	1.0	0.9090909090909091	[2147483647,2147483647,2147483647,2884,2147483647,2147483647,2147483647,2147483647,2147483647,2147483647,2147483647,2147483647,2147483647,2147483647]	jP	4344677
n02V	1848652374	Quillboar	809554	hp,armor,attack1_base_damage,attack1_dice_sides,attack1_cooldown,attack1_range,defense_type	7	1	350	350	protected-runtime	0	3	3	protected-runtime	none	7	300		300	static-resolved	0	19	19	protected-runtime	1		1	static-resolved	1	6	6	protected-runtime	99	0.95	0.95	protected-runtime	1	68	68	protected-runtime	20.0	25.0	22.5	23.68421052631579	-		-	static-resolved	-		-	static-resolved	-		-	static-resolved	-		-	static-resolved	-		-	static-resolved					[3497,130,1143,2147483647,678,2147483647,1578,950944,1651,2147483647,2147483647,2147483647,2147483647,2147483647]	jP	4344927
n02U	1848652373	Razormane	764558	hp,armor,attack1_base_damage,attack1_dice_sides,attack1_cooldown,attack1_range,defense_type	7	1	800	800	protected-runtime	0	8	8	protected-runtime	none	7	270		270	static-resolved	0	59	59	protected-runtime	1		1	static-resolved	1	11	11	protected-runtime	99	1.15	1.15	protected-runtime	1	64	64	protected-runtime	60.0	70.0	65.0	56.52173913043479	-		-	static-resolved	-		-	static-resolved	-		-	static-resolved	-		-	static-resolved	-		-	static-resolved					[3946,134,1142,2147483647,718,2147483647,1583,1150944,1647,2147483647,2147483647,2147483647,2147483647,2147483647]	jP	4345141
n02S	1848652371	Gnoll	680304	hp,armor,move_speed,attack1_base_damage,attack1_dice_sides,attack1_range,defense_type	7	1	320	320	protected-runtime	0	3	3	protected-runtime	small	0	260	260	260	protected-runtime	0	44	44	protected-runtime	1		1	static-resolved	1	11	11	protected-runtime	1.6		1.6	static-resolved	1	360	360	protected-runtime	45.0	55.0	50.0	31.25	-		-	static-resolved	-		-	static-resolved	-		-	static-resolved	-		-	static-resolved	-		-	static-resolved					[3464,128,1135,4434,703,2147483647,1582,2147483647,1943,2147483647,2147483647,2147483647,2147483647,2147483647]	jP	4345356
n02T	1848652372	Fire Gnoll	275965	hp,armor,attack1_base_damage,attack1_dice_sides,attack1_cooldown,attack1_range,defense_type	7	1	550	550	protected-runtime	0	4	4	protected-runtime	small	0	270		270	static-resolved	0	99	99	protected-runtime	1		1	static-resolved	1	31	31	protected-runtime	99	1.45	1.45	protected-runtime	1	385	385	protected-runtime	100.0	130.0	115.0	79.3103448275862	-		-	static-resolved	-		-	static-resolved	-		-	static-resolved	-		-	static-resolved	-		-	static-resolved					[3695,130,1135,2147483647,758,2147483647,1603,1450944,1968,2147483647,2147483647,2147483647,2147483647,2147483647]	jP	4345568
n034	1848652596	Harpies' Matriarch	611554	hp,armor,move_speed,attack1_base_damage,attack1_dice_sides,attack1_cooldown,attack1_range,defense_type	8	1	1100	1100	protected-runtime	0	4	4	protected-runtime	none	7	310	310	310	protected-runtime	0	110	110	protected-runtime	1		1	static-resolved	1	42	42	protected-runtime	99	1.75	1.75	protected-runtime	625	625	625	protected-runtime	111.0	152.0	131.5	75.14285714285714	-		-	static-resolved	-		-	static-resolved	-		-	static-resolved	-		-	static-resolved	-		-	static-resolved					[4469,242,1217,448,814,2147483647,1646,1750972,2233,2147483647,2147483647,2147483647,2147483647,2147483647]	jP	4345783
n02W	1848652375	Harpy	705526	hp,move_speed,attack1_base_damage,attack1_dice_sides,attack1_cooldown,attack1_range,attack2_base_damage,attack2_dice_number,attack2_dice_sides,attack2_cooldown,defense_type	11	1	380	380	protected-runtime	1		1	static-resolved	none	7	320	320	320	protected-runtime	0	37	37	protected-runtime	1		1	static-resolved	1	16	16	protected-runtime	99	1.4	1.4	protected-runtime	280	280	280	protected-runtime	38.0	53.0	45.5	32.5	0	34	34	protected-runtime	1	1	1	protected-runtime	1	16	16	protected-runtime	99	0.9	0.9	protected-runtime	-		-	static-resolved	35.0	50.0	42.5	47.22222222222222	[3528,2147483647,1143,4495,697,2147483647,1588,1400944,1863,686,1557,3853,903713,2147483647]	jP	4345990
n032	1848652594	Harpy Witch	108546	hp,armor,move_speed,attack1_base_damage,attack1_dice_sides,attack1_cooldown,attack1_range,attack2_base_damage,attack2_dice_number,attack2_dice_sides,attack2_cooldown,defense_type	12	1	700	700	protected-runtime	0	3	3	protected-runtime	none	7	320	320	320	protected-runtime	0	65	65	protected-runtime	1		1	static-resolved	1	21	21	protected-runtime	99	1.4	1.4	protected-runtime	320	320	320	protected-runtime	66.0	86.0	76.0	54.28571428571429	0	59	59	protected-runtime	1	1	1	protected-runtime	1	21	21	protected-runtime	99	0.8	0.8	protected-runtime	-		-	static-resolved	60.0	80.0	70.0	87.5	[4067,240,1216,457,768,2147483647,1624,1400972,1927,733,1577,3876,803730,2147483647]	jP	4346183
n02X	1848652376	Ogre	869412	hp,armor,attack1_base_damage,attack1_dice_sides,attack1_cooldown,attack1_range	6	1	650	650	protected-runtime	0	5	5	protected-runtime	medium		270		270	static-resolved	0	49	49	protected-runtime	1		1	static-resolved	1	11	11	protected-runtime	99	1.3	1.3	protected-runtime	1	60	60	protected-runtime	50.0	60.0	55.0	42.30769230769231	-		-	static-resolved	-		-	static-resolved	-		-	static-resolved	-		-	static-resolved	-		-	static-resolved					[3799,133,2147483647,2147483647,709,2147483647,1583,1300945,1643,2147483647,2147483647,2147483647,2147483647,2147483647]	jP	4346368
n02Y	1848652377	Ogre Lord	956449	hp,armor,move_speed,attack1_base_damage,attack1_dice_sides,attack1_cooldown,attack1_range	7	1	1200	1200	protected-runtime	0	7	7	protected-runtime	large		280	280	280	protected-runtime	0	99	99	protected-runtime	1		1	static-resolved	1	11	11	protected-runtime	99	1.5	1.5	protected-runtime	1	80	80	protected-runtime	100.0	110.0	105.0	70.0	-		-	static-resolved	-		-	static-resolved	-		-	static-resolved	-		-	static-resolved	-		-	static-resolved					[4350,135,2147483647,4456,759,2147483647,1583,1500945,1663,2147483647,2147483647,2147483647,2147483647,2147483647]	jP	4346589
n035	1848652597	Monstrous Sandkin	673322	hp,armor,attack1_base_damage,attack1_dice_sides,attack1_cooldown,attack1_range,defense_type	7	1	875	875	protected-runtime	0	8	8	protected-runtime	medium	1	300		300	static-resolved	0	89	89	protected-runtime	1		1	static-resolved	1	21	21	protected-runtime	99	1.32	1.32	protected-runtime	1	375	375	protected-runtime	90.0	110.0	100.0	75.75757575757575	-		-	static-resolved	-		-	static-resolved	-		-	static-resolved	-		-	static-resolved	-		-	static-resolved					[4245,246,1211,2147483647,793,2147483647,1625,1320972,1983,2147483647,2147483647,2147483647,2147483647,2147483647]	jP	4346804
n030	1848652592	Sandkin	589802	hp,armor,attack1_base_damage,attack1_dice_sides,attack1_cooldown,attack1_range,defense_type	7	1	510	510	protected-runtime	0	5	5	protected-runtime	medium	1	300		300	static-resolved	0	44	44	protected-runtime	1		1	static-resolved	1	11	11	protected-runtime	99	1.3	1.3	protected-runtime	1	325	325	protected-runtime	45.0	55.0	50.0	38.46153846153846	-		-	static-resolved	-		-	static-resolved	-		-	static-resolved	-		-	static-resolved	-		-	static-resolved					[3875,241,1209,2147483647,747,2147483647,1614,1300972,1932,2147483647,2147483647,2147483647,2147483647,2147483647]	jP	4347019
n02Z	1848652378	Salamander	937309	hp,attack1_base_damage,attack1_dice_number,attack1_dice_sides,attack1_cooldown,attack1_range	6	1	950	950	protected-runtime	6		6	static-resolved	large		270		270	static-resolved	0	86	86	protected-runtime	1	1	1	protected-runtime	1	31	31	protected-runtime	99	1.6	1.6	protected-runtime	1	430	430	protected-runtime	87.0	117.0	102.0	63.75	-		-	static-resolved	-		-	static-resolved	-		-	static-resolved	-		-	static-resolved	-		-	static-resolved					[4101,2147483647,2147483647,2147483647,746,4100,1603,1600945,2013,2147483647,2147483647,2147483647,2147483647,2147483647]	jP	4347234
h079	1747990329	Beacon of the Oasis	680732	hp	1	1	1000	1000	protected-runtime	5		5	static-resolved	fort		-		-	static-resolved	-		-	static-resolved	-		-	static-resolved	-		-	static-resolved	0		0	static-resolved	-		-	static-resolved					-		-	static-resolved	-		-	static-resolved	-		-	static-resolved	-		-	static-resolved	-		-	static-resolved					[1251,2147483647,2147483647,2147483647,2147483647,2147483647,2147483647,2147483647,2147483647,2147483647,2147483647,2147483647,2147483647,2147483647]	jP	4347456
h07A	1747990337	Sacred Peyote	971638	hp	1	1	1000	1000	protected-runtime	5		5	static-resolved	fort		-		-	static-resolved	-		-	static-resolved	-		-	static-resolved	-		-	static-resolved	0		0	static-resolved	-		-	static-resolved					-		-	static-resolved	-		-	static-resolved	-		-	static-resolved	-		-	static-resolved	-		-	static-resolved					[1259,2147483647,2147483647,2147483647,2147483647,2147483647,2147483647,2147483647,2147483647,2147483647,2147483647,2147483647,2147483647,2147483647]	jP	4347706
h07E	1747990341	Ballista Tower	874697	hp,attack1_base_damage,attack1_dice_sides,attack1_cooldown,attack1_range,defense_type	6	1	1350	1350	protected-runtime	5		5	static-resolved	fort	3	-		-	static-resolved	0	165	165	protected-runtime	1		1	static-resolved	1	16	16	protected-runtime	99	2.5	2.5	protected-runtime	1	800	800	protected-runtime	166.0	181.0	173.5	69.4	-		-	static-resolved	-		-	static-resolved	-		-	static-resolved	-		-	static-resolved	-		-	static-resolved					[1613,2147483647,1542,2147483647,1885,2147483647,4099,2504165,3882,2147483647,2147483647,2147483647,2147483647,2147483647]	jP	4347956
n02N	1848652366	Fire Gnoll Hut	795675	hp,armor	2	1	1100	1100	protected-runtime	0	5	5	protected-runtime	fort		-		-	static-resolved	-		-	static-resolved	-		-	static-resolved	-		-	static-resolved	0		0	static-resolved	-		-	static-resolved					-		-	static-resolved	-		-	static-resolved	-		-	static-resolved	-		-	static-resolved	-		-	static-resolved					[4239,128,2147483647,2147483647,2147483647,2147483647,2147483647,2147483647,2147483647,2147483647,2147483647,2147483647,2147483647,2147483647]	jP	4348177
n02O	1848652367	Den of the Ogre Lord	819720	hp,armor	2	1	1200	1200	protected-runtime	0	5	5	protected-runtime	fort		-		-	static-resolved	-		-	static-resolved	-		-	static-resolved	-		-	static-resolved	0		0	static-resolved	-		-	static-resolved					-		-	static-resolved	-		-	static-resolved	-		-	static-resolved	-		-	static-resolved	-		-	static-resolved					[4340,128,2147483647,2147483647,2147483647,2147483647,2147483647,2147483647,2147483647,2147483647,2147483647,2147483647,2147483647,2147483647]	jP	4348420
n02P	1848652368	Gnoll Tent	368400	hp,armor	2	1	1100	1100	protected-runtime	0	5	5	protected-runtime	fort		-		-	static-resolved	-		-	static-resolved	-		-	static-resolved	-		-	static-resolved	0		0	static-resolved	-		-	static-resolved					-		-	static-resolved	-		-	static-resolved	-		-	static-resolved	-		-	static-resolved	-		-	static-resolved					[4241,129,2147483647,2147483647,2147483647,2147483647,2147483647,2147483647,2147483647,2147483647,2147483647,2147483647,2147483647,2147483647]	jP	4348663
n02Q	1848652369	Harpy Nest	392445	hp,armor	2	1	1200	1200	protected-runtime	0	5	5	protected-runtime	fort		-		-	static-resolved	-		-	static-resolved	-		-	static-resolved	-		-	static-resolved	0		0	static-resolved	-		-	static-resolved					-		-	static-resolved	-		-	static-resolved	-		-	static-resolved	-		-	static-resolved	-		-	static-resolved					[4342,129,2147483647,2147483647,2147483647,2147483647,2147483647,2147483647,2147483647,2147483647,2147483647,2147483647,2147483647,2147483647]	jP	4348906
n02R	1848652370	Monstrous Sandkin Burrow	678809	hp,armor	2	1	1200	1200	protected-runtime	0	5	5	protected-runtime	fort		-		-	static-resolved	-		-	static-resolved	-		-	static-resolved	-		-	static-resolved	0		0	static-resolved	-		-	static-resolved					-		-	static-resolved	-		-	static-resolved	-		-	static-resolved	-		-	static-resolved	-		-	static-resolved					[4343,130,2147483647,2147483647,2147483647,2147483647,2147483647,2147483647,2147483647,2147483647,2147483647,2147483647,2147483647,2147483647]	jP	4349149
n031	1848652593	Nest of Harpy Matriarch	750835	hp,armor	2	1	1500	1500	protected-runtime	0	5	5	protected-runtime	fort		-		-	static-resolved	-		-	static-resolved	-		-	static-resolved	-		-	static-resolved	0		0	static-resolved	-		-	static-resolved					-		-	static-resolved	-		-	static-resolved	-		-	static-resolved	-		-	static-resolved	-		-	static-resolved					[4866,241,2147483647,2147483647,2147483647,2147483647,2147483647,2147483647,2147483647,2147483647,2147483647,2147483647,2147483647,2147483647]	jP	4349392
n033	1848652595	Ogre Den	110514	hp,armor	2	1	1200	1200	protected-runtime	0	5	5	protected-runtime	fort		-		-	static-resolved	-		-	static-resolved	-		-	static-resolved	-		-	static-resolved	0		0	static-resolved	-		-	static-resolved					-		-	static-resolved	-		-	static-resolved	-		-	static-resolved	-		-	static-resolved	-		-	static-resolved					[4568,242,2147483647,2147483647,2147483647,2147483647,2147483647,2147483647,2147483647,2147483647,2147483647,2147483647,2147483647,2147483647]	jP	4349635
n036	1848652598	Quillboar Yard	969606	hp,armor	2	1	1200	1200	protected-runtime	0	5	5	protected-runtime	fort		-		-	static-resolved	-		-	static-resolved	-		-	static-resolved	-		-	static-resolved	0		0	static-resolved	-		-	static-resolved					-		-	static-resolved	-		-	static-resolved	-		-	static-resolved	-		-	static-resolved	-		-	static-resolved					[4571,244,2147483647,2147483647,2147483647,2147483647,2147483647,2147483647,2147483647,2147483647,2147483647,2147483647,2147483647,2147483647]	jP	4349878
n037	1848652599	Razormane Abode	44307	hp,armor	2	1	1200	1200	protected-runtime	0	4	4	protected-runtime	fort		-		-	static-resolved	-		-	static-resolved	-		-	static-resolved	-		-	static-resolved	0		0	static-resolved	-		-	static-resolved					-		-	static-resolved	-		-	static-resolved	-		-	static-resolved	-		-	static-resolved	-		-	static-resolved					[4572,243,2147483647,2147483647,2147483647,2147483647,2147483647,2147483647,2147483647,2147483647,2147483647,2147483647,2147483647,2147483647]	jP	4350121
n038	1848652600	Salamander Hatchery	542331	hp,armor	2	1	1200	1200	protected-runtime	0	5	5	protected-runtime	fort		-		-	static-resolved	-		-	static-resolved	-		-	static-resolved	-		-	static-resolved	0		0	static-resolved	-		-	static-resolved					-		-	static-resolved	-		-	static-resolved	-		-	static-resolved	-		-	static-resolved	-		-	static-resolved					[4573,245,2147483647,2147483647,2147483647,2147483647,2147483647,2147483647,2147483647,2147483647,2147483647,2147483647,2147483647,2147483647]	jP	4350363
n039	1848652601	Sandkin Burrow	828695	hp,armor	2	1	1200	1200	protected-runtime	0	5	5	protected-runtime	fort		-		-	static-resolved	-		-	static-resolved	-		-	static-resolved	-		-	static-resolved	0		0	static-resolved	-		-	static-resolved					-		-	static-resolved	-		-	static-resolved	-		-	static-resolved	-		-	static-resolved	-		-	static-resolved					[4574,245,2147483647,2147483647,2147483647,2147483647,2147483647,2147483647,2147483647,2147483647,2147483647,2147483647,2147483647,2147483647]	jP	4350606
n03A	1848652609	Temple of Storm	488440	hp,armor	2	1	1250	1250	protected-runtime	0	5	5	protected-runtime	fort		-		-	static-resolved	-		-	static-resolved	-		-	static-resolved	-		-	static-resolved	0		0	static-resolved	-		-	static-resolved					-		-	static-resolved	-		-	static-resolved	-		-	static-resolved	-		-	static-resolved	-		-	static-resolved					[4632,249,2147483647,2147483647,2147483647,2147483647,2147483647,2147483647,2147483647,2147483647,2147483647,2147483647,2147483647,2147483647]	jP	4350849
n03B	1848652610	Nest of Harpy Witch	405962	hp,armor	2	1	1200	1200	protected-runtime	0	5	5	protected-runtime	fort		-		-	static-resolved	-		-	static-resolved	-		-	static-resolved	-		-	static-resolved	0		0	static-resolved	-		-	static-resolved					-		-	static-resolved	-		-	static-resolved	-		-	static-resolved	-		-	static-resolved	-		-	static-resolved					[4583,250,2147483647,2147483647,2147483647,2147483647,2147483647,2147483647,2147483647,2147483647,2147483647,2147483647,2147483647,2147483647]	jP	4351092
X078	1479554872	Desert Builder	336556	move_speed	1	220		220	static-resolved	0		0	static-resolved	medium		550	550	550	protected-runtime	4		4	static-resolved	1		1	static-resolved	2		2	static-resolved	2		2	static-resolved	90		90	static-resolved	5.0	6.0	5.5	2.75	0		0	static-resolved	1		1	static-resolved	1		1	static-resolved	1.1		1.1	static-resolved	66		66	static-resolved	1.0	1.0	1.0	0.9090909090909091	[2147483647,2147483647,2147483647,2942,2147483647,2147483647,2147483647,2147483647,2147483647,2147483647,2147483647,2147483647,2147483647,2147483647]	jP	4351335
u00G	1966092359	Locust Harpy	969555	move_speed,attack1_base_damage,attack1_dice_number,attack1_dice_sides,attack1_range	5	65		65	static-resolved	0		0	static-resolved	small		425	425	425	protected-runtime	0	140	140	protected-runtime	1	2	2	protected-runtime	1	3	3	protected-runtime	1		1	static-resolved	1	120	120	protected-runtime	142.0	146.0	144.0	144.0	-		-	static-resolved	-		-	static-resolved	-		-	static-resolved	-		-	static-resolved	-		-	static-resolved					[2147483647,2147483647,2147483647,1414,3162,612,1509,2147483647,2106,2147483647,2147483647,2147483647,2147483647,2147483647]	jP	4351585
n03D	1848652612	Bamboo Dojo	978690	hp,armor	2	1	1200	1200	protected-runtime	0	5	5	protected-runtime	fort		-		-	static-resolved	-		-	static-resolved	-		-	static-resolved	-		-	static-resolved	0		0	static-resolved	-		-	static-resolved					-		-	static-resolved	-		-	static-resolved	-		-	static-resolved	-		-	static-resolved	-		-	static-resolved					[4585,251,2147483647,2147483647,2147483647,2147483647,2147483647,2147483647,2147483647,2147483647,2147483647,2147483647,2147483647,2147483647]	jP	4351810
n03E	1848652613	Sagepaw Monk	445501	hp,armor,move_speed,attack1_base_damage,attack1_dice_sides,attack1_cooldown,attack1_range,defense_type	8	1	350	350	protected-runtime	0	3	3	protected-runtime	none	7	280	280	280	protected-runtime	0	19	19	protected-runtime	1		1	static-resolved	1	6	6	protected-runtime	99	1.2	1.2	protected-runtime	1	350	350	protected-runtime	20.0	25.0	22.5	18.75	-		-	static-resolved	-		-	static-resolved	-		-	static-resolved	-		-	static-resolved	-		-	static-resolved					[3736,249,1222,422,726,2147483647,1612,1200974,1959,2147483647,2147483647,2147483647,2147483647,2147483647]	jP	4352053
X07P	1479554896	Pandaren Builder	209271	move_speed	1	220		220	static-resolved	0		0	static-resolved	medium		550	550	550	protected-runtime	4		4	static-resolved	1		1	static-resolved	2		2	static-resolved	2		2	static-resolved	90		90	static-resolved	5.0	6.0	5.5	2.75	0		0	static-resolved	1		1	static-resolved	1		1	static-resolved	1.1		1.1	static-resolved	66		66	static-resolved	1.0	1.0	1.0	0.9090909090909091	[2147483647,2147483647,2147483647,2948,2147483647,2147483647,2147483647,2147483647,2147483647,2147483647,2147483647,2147483647,2147483647,2147483647]	jP	4352261
n03F	1848652614	Brew Hut	813734	hp,armor	2	1	1100	1100	protected-runtime	0	5	5	protected-runtime	fort		-		-	static-resolved	-		-	static-resolved	-		-	static-resolved	-		-	static-resolved	0		0	static-resolved	-		-	static-resolved					-		-	static-resolved	-		-	static-resolved	-		-	static-resolved	-		-	static-resolved	-		-	static-resolved					[4487,252,2147483647,2147483647,2147483647,2147483647,2147483647,2147483647,2147483647,2147483647,2147483647,2147483647,2147483647,2147483647]	jP	4352511
n03G	1848652615	Ironpaw Militia	832671	hp,armor,move_speed,attack1_base_damage,attack1_dice_number,attack1_dice_sides,attack1_cooldown,attack1_range,defense_type	9	1	475	475	protected-runtime	0	4	4	protected-runtime	medium	1	280	280	280	protected-runtime	0	52	52	protected-runtime	1	2	2	protected-runtime	1	4	4	protected-runtime	99	1.4	1.4	protected-runtime	1	60	60	protected-runtime	54.0	60.0	57.0	40.714285714285715	-		-	static-resolved	-		-	static-resolved	-		-	static-resolved	-		-	static-resolved	-		-	static-resolved					[3863,251,1217,422,760,4141,1610,1400974,1670,2147483647,2147483647,2147483647,2147483647,2147483647]	jP	4352754
n03H	1848652616	Temple of the Wandering Spark	124140	hp,armor	2	1	1200	1200	protected-runtime	0	5	5	protected-runtime	fort		-		-	static-resolved	-		-	static-resolved	-		-	static-resolved	-		-	static-resolved	0		0	static-resolved	-		-	static-resolved					-		-	static-resolved	-		-	static-resolved	-		-	static-resolved	-		-	static-resolved	-		-	static-resolved					[4589,253,2147483647,2147483647,2147483647,2147483647,2147483647,2147483647,2147483647,2147483647,2147483647,2147483647,2147483647,2147483647]	jP	4352956
n03I	1848652617	Echofoot Mystic	309883	hp,armor,move_speed,attack1_base_damage,attack1_dice_sides,attack1_cooldown,attack1_range,defense_type	8	1	430	430	protected-runtime	0	2	2	protected-runtime	small	0	270	270	270	protected-runtime	0	53	53	protected-runtime	1		1	static-resolved	1	6	6	protected-runtime	99	1	1	protected-runtime	1	180	180	protected-runtime	54.0	59.0	56.5	56.5	-		-	static-resolved	-		-	static-resolved	-		-	static-resolved	-		-	static-resolved	-		-	static-resolved					[3820,250,1217,413,761,2147483647,1613,1000975,1790,2147483647,2147483647,2147483647,2147483647,2147483647]	jP	4353199
n03J	1848652618	Ironpaw Guardian	454779	hp,armor,move_speed,attack1_base_damage,attack1_dice_sides,attack1_cooldown,attack1_range,defense_type	8	1	690	690	protected-runtime	0	6	6	protected-runtime	medium	1	280	280	280	protected-runtime	0	89	89	protected-runtime	1		1	static-resolved	1	4	4	protected-runtime	99	1.2	1.2	protected-runtime	1	90	90	protected-runtime	90.0	93.0	91.5	76.25	-		-	static-resolved	-		-	static-resolved	-		-	static-resolved	-		-	static-resolved	-		-	static-resolved					[4081,255,1218,423,797,2147483647,1611,1200975,1700,2147483647,2147483647,2147483647,2147483647,2147483647]	jP	4353407
n03K	1848652619	Fighting Tavern	983232	hp,armor	2	1	1200	1200	protected-runtime	0	5	5	protected-runtime	fort		-		-	static-resolved	-		-	static-resolved	-		-	static-resolved	-		-	static-resolved	0		0	static-resolved	-		-	static-resolved					-		-	static-resolved	-		-	static-resolved	-		-	static-resolved	-		-	static-resolved	-		-	static-resolved					[4592,254,2147483647,2147483647,2147483647,2147483647,2147483647,2147483647,2147483647,2147483647,2147483647,2147483647,2147483647,2147483647]	jP	4353615
n03L	1848652620	Jade Shrine	692913	hp,armor	2	1	1200	1200	protected-runtime	0	7	7	protected-runtime	fort		-		-	static-resolved	-		-	static-resolved	-		-	static-resolved	-		-	static-resolved	0		0	static-resolved	-		-	static-resolved					-		-	static-resolved	-		-	static-resolved	-		-	static-resolved	-		-	static-resolved	-		-	static-resolved					[4593,257,2147483647,2147483647,2147483647,2147483647,2147483647,2147483647,2147483647,2147483647,2147483647,2147483647,2147483647,2147483647]	jP	4353858
n03M	1848652621	Jade Elder	218127	hp,armor,move_speed,attack1_base_damage,attack1_dice_sides,attack1_cooldown,attack1_range,defense_type	8	1	825	825	protected-runtime	0	6	6	protected-runtime	large	2	280	280	280	protected-runtime	0	78	78	protected-runtime	1		1	static-resolved	1	14	14	protected-runtime	99	1.3	1.3	protected-runtime	1	360	360	protected-runtime	79.0	92.0	85.5	65.76923076923077	-		-	static-resolved	-		-	static-resolved	-		-	static-resolved	-		-	static-resolved	-		-	static-resolved					[4219,256,1220,424,787,2147483647,1621,1300975,1970,2147483647,2147483647,2147483647,2147483647,2147483647]	jP	4354101
h07P	1747990352	Poof Tower	782418	hp,attack1_base_damage,attack1_dice_sides,attack1_cooldown,attack1_range,defense_type	6	1	1250	1250	protected-runtime	5		5	static-resolved	fort	3	-		-	static-resolved	0	155	155	protected-runtime	1		1	static-resolved	1	16	16	protected-runtime	99	3.15	3.15	protected-runtime	1	800	800	protected-runtime	156.0	171.0	163.5	51.904761904761905	-		-	static-resolved	-		-	static-resolved	-		-	static-resolved	-		-	static-resolved	-		-	static-resolved					[1524,2147483647,1545,2147483647,1877,2147483647,4101,3154167,3883,2147483647,2147483647,2147483647,2147483647,2147483647]	jP	4354309
o00H	1865429064	Brewshock Catapult	548937	hp,armor,attack1_base_damage,attack1_dice_sides,attack1_cooldown,attack1_range,defense_type	7	1	475	475	protected-runtime	0	6	6	protected-runtime	medium	1	180		180	static-resolved	0	109	109	protected-runtime	1		1	static-resolved	1	31	31	protected-runtime	99	6	6	protected-runtime	1	1000	1000	protected-runtime	110.0	140.0	125.0	20.833333333333332	81		81	static-resolved	1		1	static-resolved	21		21	static-resolved	4.5		4.5	static-resolved	1000		1000	static-resolved	82.0	102.0	92.0	20.444444444444443	[3105,1921,2329,2147483647,3939,2147483647,3868,6002415,4345,2147483647,2147483647,2147483647,2147483647,2147483647]	jP	4354531
n03N	1848652622	Pandaren Siege Workshop	104637	hp,armor	2	1	1100	1100	protected-runtime	0	5	5	protected-runtime	fort		-		-	static-resolved	-		-	static-resolved	-		-	static-resolved	-		-	static-resolved	0		0	static-resolved	-		-	static-resolved					-		-	static-resolved	-		-	static-resolved	-		-	static-resolved	-		-	static-resolved	-		-	static-resolved					[4495,256,2147483647,2147483647,2147483647,2147483647,2147483647,2147483647,2147483647,2147483647,2147483647,2147483647,2147483647,2147483647]	jP	4354748
n03O	1848652623	Drunken Brewmaster	631501	hp,armor,move_speed,attack1_base_damage,attack1_dice_sides,attack1_cooldown,attack1_range,defense_type	8	1	1200	1200	protected-runtime	0	6	6	protected-runtime	hero	5	220	220	220	protected-runtime	0	200	200	protected-runtime	1		1	static-resolved	1	4	4	protected-runtime	99	1.1	1.1	protected-runtime	1	60	60	protected-runtime	201.0	204.0	202.5	184.09090909090907	-		-	static-resolved	-		-	static-resolved	-		-	static-resolved	-		-	static-resolved	-		-	static-resolved					[4596,257,1224,364,909,2147483647,1611,1100975,1671,2147483647,2147483647,2147483647,2147483647,2147483647]	jP	4354991
n03P	1848652624	Temple of Ten Thousand Drinks	415046	hp,armor	2	1	1200	1200	protected-runtime	0	5	5	protected-runtime	fort		-		-	static-resolved	-		-	static-resolved	-		-	static-resolved	-		-	static-resolved	0		0	static-resolved	-		-	static-resolved					-		-	static-resolved	-		-	static-resolved	-		-	static-resolved	-		-	static-resolved	-		-	static-resolved					[4597,257,2147483647,2147483647,2147483647,2147483647,2147483647,2147483647,2147483647,2147483647,2147483647,2147483647,2147483647,2147483647]	jP	4355199
h07R	1747990354	Thunderpaw Spire	839811	hp	1	1	1000	1000	protected-runtime	5		5	static-resolved	fort		-		-	static-resolved	-		-	static-resolved	-		-	static-resolved	-		-	static-resolved	0		0	static-resolved	-		-	static-resolved					-		-	static-resolved	-		-	static-resolved	-		-	static-resolved	-		-	static-resolved	-		-	static-resolved					[1276,2147483647,2147483647,2147483647,2147483647,2147483647,2147483647,2147483647,2147483647,2147483647,2147483647,2147483647,2147483647,2147483647]	jP	4355442
n03Q	1848652625	Cloud Hangar	701410	hp,armor	2	1	1200	1200	protected-runtime	0	5	5	protected-runtime	fort		-		-	static-resolved	-		-	static-resolved	-		-	static-resolved	-		-	static-resolved	0		0	static-resolved	-		-	static-resolved					-		-	static-resolved	-		-	static-resolved	-		-	static-resolved	-		-	static-resolved	-		-	static-resolved					[4598,257,2147483647,2147483647,2147483647,2147483647,2147483647,2147483647,2147483647,2147483647,2147483647,2147483647,2147483647,2147483647]	jP	4355691
h07S	1747990355	Cloud Ship	395453	hp,armor,move_speed,attack1_base_damage,attack1_dice_sides,attack1_cooldown,attack1_range,defense_type	8	1	520	520	protected-runtime	0	7	7	protected-runtime	medium	1	300	300	300	protected-runtime	0	72	72	protected-runtime	1		1	static-resolved	1	6	6	protected-runtime	99	1.75	1.75	protected-runtime	1	530	530	protected-runtime	73.0	78.0	75.5	43.142857142857146	44		44	static-resolved	1		1	static-resolved	11		11	static-resolved	2.4		2.4	static-resolved	450		450	static-resolved	45.0	55.0	50.0	20.833333333333336	[797,745,1544,2734,1795,2147483647,4091,1754167,3613,2147483647,2147483647,2147483647,2147483647,2147483647]	jP	4355934
h07T	1747990356	Withering Hall	412536	hp	1	1	1000	1000	protected-runtime	5		5	static-resolved	fort		-		-	static-resolved	-		-	static-resolved	-		-	static-resolved	-		-	static-resolved	0		0	static-resolved	-		-	static-resolved					-		-	static-resolved	-		-	static-resolved	-		-	static-resolved	-		-	static-resolved	-		-	static-resolved					[1278,2147483647,2147483647,2147483647,2147483647,2147483647,2147483647,2147483647,2147483647,2147483647,2147483647,2147483647,2147483647,2147483647]	jP	4356143
h07V	1747990358	Celestial Chi Tower	386972	hp,armor,attack1_base_damage,attack1_dice_sides,attack1_cooldown,attack1_range,defense_type	7	1	2400	2400	protected-runtime	0	15	15	protected-runtime	fort	3	-		-	static-resolved	0	265	265	protected-runtime	1		1	static-resolved	1	1	1	protected-runtime	99	7.5	7.5	protected-runtime	1	20000	20000	protected-runtime	266.0	266.0	266.0	35.46666666666667	-		-	static-resolved	-		-	static-resolved	-		-	static-resolved	-		-	static-resolved	-		-	static-resolved					[2680,755,1547,2147483647,1988,2147483647,4087,7504167,23083,2147483647,2147483647,2147483647,2147483647,2147483647]	jP	4356393
n03S	1848652627	Sagepaw Sanctum	224862	hp,armor	2	1	1600	1600	protected-runtime	0	5	5	protected-runtime	fort		-		-	static-resolved	-		-	static-resolved	-		-	static-resolved	-		-	static-resolved	0		0	static-resolved	-		-	static-resolved					-		-	static-resolved	-		-	static-resolved	-		-	static-resolved	-		-	static-resolved	-		-	static-resolved					[5000,258,2147483647,2147483647,2147483647,2147483647,2147483647,2147483647,2147483647,2147483647,2147483647,2147483647,2147483647,2147483647]	jP	4356610
n03T	1848652628	Sagepaw Soulkeeper	993819	hp,armor,move_speed,attack1_base_damage,attack1_dice_sides,attack1_cooldown,attack1_range,defense_type	8	1	550	550	protected-runtime	0	5	5	protected-runtime	none	7	280	280	280	protected-runtime	0	59	59	protected-runtime	1		1	static-resolved	1	6	6	protected-runtime	99	1.2	1.2	protected-runtime	1	350	350	protected-runtime	60.0	65.0	62.5	52.083333333333336	-		-	static-resolved	-		-	static-resolved	-		-	static-resolved	-		-	static-resolved	-		-	static-resolved					[3951,259,1227,426,769,2147483647,1614,1200976,1961,2147483647,2147483647,2147483647,2147483647,2147483647]	jP	4356853
X0Z0	1479563824	Critter Builder	966148	hp	1	1	100	100	protected-runtime	0		0	static-resolved	medium		190		190	static-resolved	4		4	static-resolved	1		1	static-resolved	2		2	static-resolved	2		2	static-resolved	90		90	static-resolved	5.0	6.0	5.5	2.75	0		0	static-resolved	1		1	static-resolved	1		1	static-resolved	1.1		1.1	static-resolved	66		66	static-resolved	1.0	1.0	1.0	0.9090909090909091	[972,2147483647,2147483647,2147483647,2147483647,2147483647,2147483647,2147483647,2147483647,2147483647,2147483647,2147483647,2147483647,2147483647]	jP	4357061
h0Z1	1747999281	Mudcrab Burrow	420087	hp	1	1	460	460	protected-runtime	5		5	static-resolved	fort		-		-	static-resolved	-		-	static-resolved	-		-	static-resolved	-		-	static-resolved	0		0	static-resolved	-		-	static-resolved					-		-	static-resolved	-		-	static-resolved	-		-	static-resolved	-		-	static-resolved	-		-	static-resolved					[1477,2147483647,2147483647,2147483647,2147483647,2147483647,2147483647,2147483647,2147483647,2147483647,2147483647,2147483647,2147483647,2147483647]	jP	4357309
n0Z1	1848662577	Mudcrab	58281	hp,armor,attack1_base_damage,defense_type	4	1	280	280	protected-runtime	0	2	2	protected-runtime	medium	1	270		270	static-resolved	0	18	18	protected-runtime	1		1	static-resolved	2		2	static-resolved	1.35		1.35	static-resolved	100		100	static-resolved	19.0	20.0	19.5	14.444444444444443	-		-	static-resolved	-		-	static-resolved	-		-	static-resolved	-		-	static-resolved	-		-	static-resolved					[1351,1137,445,2147483647,2718,2147483647,2147483647,2147483647,2147483647,2147483647,2147483647,2147483647,2147483647,2147483647]	jP	4357559
h0Z2	1747999282	Rockcrab Burrow	824424	hp	1	1	720	720	protected-runtime	5		5	static-resolved	fort		-		-	static-resolved	-		-	static-resolved	-		-	static-resolved	-		-	static-resolved	0		0	static-resolved	-		-	static-resolved					-		-	static-resolved	-		-	static-resolved	-		-	static-resolved	-		-	static-resolved	-		-	static-resolved					[1738,2147483647,2147483647,2147483647,2147483647,2147483647,2147483647,2147483647,2147483647,2147483647,2147483647,2147483647,2147483647,2147483647]	jP	4357789
n0Z2	1848662578	Rock Crab	816295	hp,armor,attack1_base_damage,defense_type	4	1	480	480	protected-runtime	0	5	5	protected-runtime	large	2	270		270	static-resolved	0	30	30	protected-runtime	1		1	static-resolved	2		2	static-resolved	1.35		1.35	static-resolved	100		100	static-resolved	31.0	32.0	31.5	23.333333333333332	-		-	static-resolved	-		-	static-resolved	-		-	static-resolved	-		-	static-resolved	-		-	static-resolved					[1552,1141,446,2147483647,2730,2147483647,2147483647,2147483647,2147483647,2147483647,2147483647,2147483647,2147483647,2147483647]	jP	4358038
h0Z3	1747999283	Spinecrab Tidepool	87885	hp	1	1	500	500	protected-runtime	5		5	static-resolved	fort		-		-	static-resolved	-		-	static-resolved	-		-	static-resolved	-		-	static-resolved	0		0	static-resolved	-		-	static-resolved					-		-	static-resolved	-		-	static-resolved	-		-	static-resolved	-		-	static-resolved	-		-	static-resolved					[1519,2147483647,2147483647,2147483647,2147483647,2147483647,2147483647,2147483647,2147483647,2147483647,2147483647,2147483647,2147483647,2147483647]	jP	4358269
n0Z3	1848662579	Spiny Crab	739101	hp,armor,attack1_base_damage,attack1_dice_number,attack1_dice_sides,attack1_cooldown,attack1_range,defense_type	8	1	220	220	protected-runtime	0	1	1	protected-runtime	small	0	100		100	static-resolved	0	20	20	protected-runtime	1	1	1	protected-runtime	1	1	1	protected-runtime	99	1.35	1.35	protected-runtime	1	600	600	protected-runtime	21.0	21.0	21.0	15.555555555555555	-		-	static-resolved	-		-	static-resolved	-		-	static-resolved	-		-	static-resolved	-		-	static-resolved					[1293,1137,444,2147483647,2720,1707,3031,1352220,3317,2147483647,2147483647,2147483647,2147483647,2147483647]	jP	4358518
h0Z4	1747999284	Hermit Mound	659468	hp	1	1	620	620	protected-runtime	5		5	static-resolved	fort		-		-	static-resolved	-		-	static-resolved	-		-	static-resolved	-		-	static-resolved	0		0	static-resolved	-		-	static-resolved					-		-	static-resolved	-		-	static-resolved	-		-	static-resolved	-		-	static-resolved	-		-	static-resolved					[1640,2147483647,2147483647,2147483647,2147483647,2147483647,2147483647,2147483647,2147483647,2147483647,2147483647,2147483647,2147483647,2147483647]	jP	4358728
n0Z4	1848662580	Hermit Crab	942589	hp,armor,attack1_base_damage,attack1_dice_number,attack1_dice_sides,attack1_cooldown,defense_type	7	1	640	640	protected-runtime	0	8	8	protected-runtime	large	2	100		100	static-resolved	0	26	26	protected-runtime	1	1	1	protected-runtime	1	1	1	protected-runtime	99	1.35	1.35	protected-runtime	-		-	static-resolved	27.0	27.0	27.0	20.0	-		-	static-resolved	-		-	static-resolved	-		-	static-resolved	-		-	static-resolved	-		-	static-resolved					[1714,1145,447,2147483647,2727,1708,3031,1352220,2147483647,2147483647,2147483647,2147483647,2147483647,2147483647]	jP	4358978
h0Z5	1747999285	Tidal Cairn	755686	hp	1	1	540	540	protected-runtime	5		5	static-resolved	fort		-		-	static-resolved	-		-	static-resolved	-		-	static-resolved	-		-	static-resolved	0		0	static-resolved	-		-	static-resolved					-		-	static-resolved	-		-	static-resolved	-		-	static-resolved	-		-	static-resolved	-		-	static-resolved					[1561,2147483647,2147483647,2147483647,2147483647,2147483647,2147483647,2147483647,2147483647,2147483647,2147483647,2147483647,2147483647,2147483647]	jP	4359194
h0Z6	1747999286	Coral Spire	681822	hp,attack1_base_damage,attack1_range	3	1	1400	1400	protected-runtime	5		5	static-resolved	fort		-		-	static-resolved	0	36	36	protected-runtime	1		1	static-resolved	5		5	static-resolved	0.9		0.9	static-resolved	1	900	900	protected-runtime	37.0	41.0	39.0	43.333333333333336	-		-	static-resolved	-		-	static-resolved	-		-	static-resolved	-		-	static-resolved	-		-	static-resolved					[2422,2147483647,2147483647,2147483647,3545,2147483647,2147483647,2147483647,4975,2147483647,2147483647,2147483647,2147483647,2147483647]	jP	4359444
h0Z7	1747999287	Reef Guardian	184065	hp	1	1	900	900	protected-runtime	5		5	static-resolved	fort		-		-	static-resolved	-		-	static-resolved	-		-	static-resolved	-		-	static-resolved	0		0	static-resolved	-		-	static-resolved					-		-	static-resolved	-		-	static-resolved	-		-	static-resolved	-		-	static-resolved	-		-	static-resolved					[1923,2147483647,2147483647,2147483647,2147483647,2147483647,2147483647,2147483647,2147483647,2147483647,2147483647,2147483647,2147483647,2147483647]	jP	4359682
n0Z7	1848662583	Giant Reef Crab	430813	hp,armor,attack1_base_damage,defense_type	4	1	1800	1800	protected-runtime	0	10	10	protected-runtime	large	2	270		270	static-resolved	0	85	85	protected-runtime	1		1	static-resolved	4		4	static-resolved	1.35		1.35	static-resolved	100		100	static-resolved	86.0	89.0	87.5	64.81481481481481	-		-	static-resolved	-		-	static-resolved	-		-	static-resolved	-		-	static-resolved	-		-	static-resolved					[2877,1148,448,2147483647,2786,2147483647,2147483647,2147483647,2147483647,2147483647,2147483647,2147483647,2147483647,2147483647]	jP	4359931
e008	1697656888	dummy	129345	move_speed,defense_type	2	120		120	static-resolved	0		0	static-resolved	divine	6	0	0	0	protected-runtime	-		-	static-resolved	-		-	static-resolved	-		-	static-resolved	0		0	static-resolved	-		-	static-resolved					-		-	static-resolved	-		-	static-resolved	-		-	static-resolved	-		-	static-resolved	-		-	static-resolved					[2147483647,2147483647,934,950,2147483647,2147483647,2147483647,2147483647,2147483647,2147483647,2147483647,2147483647,2147483647,2147483647]	jP	4360161
e00M	1697656909	PROGR dummy	904882	hp,move_speed,defense_type	3	1	99999	99999	protected-runtime	0		0	static-resolved	divine	6	1	1	1	protected-runtime	-		-	static-resolved	-		-	static-resolved	-		-	static-resolved	0		0	static-resolved	-		-	static-resolved					-		-	static-resolved	-		-	static-resolved	-		-	static-resolved	-		-	static-resolved	-		-	static-resolved					[102544,2147483647,941,956,2147483647,2147483647,2147483647,2147483647,2147483647,2147483647,2147483647,2147483647,2147483647,2147483647]	jP	4360403
h008	1747988536	Treasure Box	649734	hp	1	1	650	650	protected-runtime	5		5	static-resolved	fort		-		-	static-resolved	-		-	static-resolved	-		-	static-resolved	-		-	static-resolved	0		0	static-resolved	-		-	static-resolved					-		-	static-resolved	-		-	static-resolved	-		-	static-resolved	-		-	static-resolved	-		-	static-resolved					[3201,2147483647,2147483647,2147483647,2147483647,2147483647,2147483647,2147483647,2147483647,2147483647,2147483647,2147483647,2147483647,2147483647]	jP	4360641
h00C	1747988547	Human Builder	635726	move_speed	1	220		220	static-resolved	0		0	static-resolved	medium		550	550	550	protected-runtime	4		4	static-resolved	1		1	static-resolved	2		2	static-resolved	2		2	static-resolved	90		90	static-resolved	5.0	6.0	5.5	2.75	0		0	static-resolved	1		1	static-resolved	1		1	static-resolved	1.1		1.1	static-resolved	66		66	static-resolved	1.0	1.0	1.0	0.9090909090909091	[2147483647,2147483647,2147483647,2532,2147483647,2147483647,2147483647,2147483647,2147483647,2147483647,2147483647,2147483647,2147483647,2147483647]	jP	4360891
h00D	1747988548	Dummy	753739	hp	1	1	4444	4444	protected-runtime	0		0	static-resolved	small		270		270	static-resolved	7		7	static-resolved	1		1	static-resolved	2		2	static-resolved	2		2	static-resolved	600		600	static-resolved	8.0	9.0	8.5	4.25	-		-	static-resolved	-		-	static-resolved	-		-	static-resolved	-		-	static-resolved	-		-	static-resolved					[7007,2147483647,2147483647,2147483647,2147483647,2147483647,2147483647,2147483647,2147483647,2147483647,2147483647,2147483647,2147483647,2147483647]	jP	4361141
h00E	1747988549	Naga Builder	208451	move_speed	1	220		220	static-resolved	0		0	static-resolved	medium		550	550	550	protected-runtime	4		4	static-resolved	1		1	static-resolved	2		2	static-resolved	2		2	static-resolved	90		90	static-resolved	5.0	6.0	5.5	2.75	0		0	static-resolved	1		1	static-resolved	1		1	static-resolved	1.1		1.1	static-resolved	66		66	static-resolved	1.0	1.0	1.0	0.9090909090909091	[2147483647,2147483647,2147483647,2533,2147483647,2147483647,2147483647,2147483647,2147483647,2147483647,2147483647,2147483647,2147483647,2147483647]	jP	4361391
h00O	1747988559	Chaos Builder	72082	move_speed	1	220		220	static-resolved	0		0	static-resolved	medium		550	550	550	protected-runtime	4		4	static-resolved	1		1	static-resolved	2		2	static-resolved	2		2	static-resolved	90		90	static-resolved	5.0	6.0	5.5	2.75	0		0	static-resolved	1		1	static-resolved	1		1	static-resolved	1.1		1.1	static-resolved	66		66	static-resolved	1.0	1.0	1.0	0.9090909090909091	[2147483647,2147483647,2147483647,2535,2147483647,2147483647,2147483647,2147483647,2147483647,2147483647,2147483647,2147483647,2147483647,2147483647]	jP	4361641
h00P	1747988560	Elf Builder	358446	move_speed	1	220		220	static-resolved	0		0	static-resolved	medium		550	550	550	protected-runtime	4		4	static-resolved	1		1	static-resolved	2		2	static-resolved	2		2	static-resolved	90		90	static-resolved	5.0	6.0	5.5	2.75	0		0	static-resolved	1		1	static-resolved	1		1	static-resolved	1.1		1.1	static-resolved	66		66	static-resolved	1.0	1.0	1.0	0.9090909090909091	[2147483647,2147483647,2147483647,2536,2147483647,2147483647,2147483647,2147483647,2147483647,2147483647,2147483647,2147483647,2147483647,2147483647]	jP	4361890
h017	1747988791	Northern Builder	508332	move_speed	1	220		220	static-resolved	0		0	static-resolved	medium		550	550	550	protected-runtime	4		4	static-resolved	1		1	static-resolved	2		2	static-resolved	2		2	static-resolved	90		90	static-resolved	5.0	6.0	5.5	2.75	0		0	static-resolved	1		1	static-resolved	1		1	static-resolved	1.1		1.1	static-resolved	66		66	static-resolved	1.0	1.0	1.0	0.9090909090909091	[2147483647,2147483647,2147483647,2593,2147483647,2147483647,2147483647,2147483647,2147483647,2147483647,2147483647,2147483647,2147483647,2147483647]	jP	4362140
h018	1747988792	Undead Builder	794696	move_speed	1	220		220	static-resolved	0		0	static-resolved	medium		550	550	550	protected-runtime	4		4	static-resolved	1		1	static-resolved	2		2	static-resolved	2		2	static-resolved	90		90	static-resolved	5.0	6.0	5.5	2.75	0		0	static-resolved	1		1	static-resolved	1		1	static-resolved	1.1		1.1	static-resolved	66		66	static-resolved	1.0	1.0	1.0	0.9090909090909091	[2147483647,2147483647,2147483647,2594,2147483647,2147483647,2147483647,2147483647,2147483647,2147483647,2147483647,2147483647,2147483647,2147483647]	jP	4362390
h019	1747988793	Orc Builder	81057	move_speed	1	220		220	static-resolved	0		0	static-resolved	medium		550	550	550	protected-runtime	4		4	static-resolved	1		1	static-resolved	2		2	static-resolved	2		2	static-resolved	90		90	static-resolved	5.0	6.0	5.5	2.75	0		0	static-resolved	1		1	static-resolved	1		1	static-resolved	1.1		1.1	static-resolved	66		66	static-resolved	1.0	1.0	1.0	0.9090909090909091	[2147483647,2147483647,2147483647,2594,2147483647,2147483647,2147483647,2147483647,2147483647,2147483647,2147483647,2147483647,2147483647,2147483647]	jP	4362640
h01A	1747988801	Nature Builder	371963	move_speed	1	220		220	static-resolved	0		0	static-resolved	medium		550	550	550	protected-runtime	4		4	static-resolved	1		1	static-resolved	2		2	static-resolved	2		2	static-resolved	90		90	static-resolved	5.0	6.0	5.5	2.75	0		0	static-resolved	1		1	static-resolved	1		1	static-resolved	1.1		1.1	static-resolved	66		66	static-resolved	1.0	1.0	1.0	0.9090909090909091	[2147483647,2147483647,2147483647,2596,2147483647,2147483647,2147483647,2147483647,2147483647,2147483647,2147483647,2147483647,2147483647,2147483647]	jP	4362888
h01G	1747988807	DemolishDummy	921793	hp	1	1	4444	4444	protected-runtime	0		0	static-resolved	small		270		270	static-resolved	7		7	static-resolved	1		1	static-resolved	2		2	static-resolved	2		2	static-resolved	600		600	static-resolved	8.0	9.0	8.5	4.25	-		-	static-resolved	-		-	static-resolved	-		-	static-resolved	-		-	static-resolved	-		-	static-resolved					[7266,2147483647,2147483647,2147483647,2147483647,2147483647,2147483647,2147483647,2147483647,2147483647,2147483647,2147483647,2147483647,2147483647]	jP	4363138
h01V	1747988822	Lesser Vampire	867761	hp,attack1_base_damage,attack1_dice_sides,attack1_range,defense_type	5	1	225	225	protected-runtime	2		2	static-resolved	hero	5	270		270	static-resolved	0	14	14	protected-runtime	1		1	static-resolved	1	13	13	protected-runtime	1.35		1.35	static-resolved	1	70	70	protected-runtime	15.0	27.0	21.0	15.555555555555555	-		-	static-resolved	-		-	static-resolved	-		-	static-resolved	-		-	static-resolved	-		-	static-resolved					[3062,2147483647,1037,2147483647,1430,2147483647,3879,2147483647,2983,2147483647,2147483647,2147483647,2147483647,2147483647]	jP	4363388
h02E	1747989061	Spider Egg Sack: Web	522996	hp	1	1	1400	1400	protected-runtime	5		5	static-resolved	fort		-		-	static-resolved	-		-	static-resolved	-		-	static-resolved	-		-	static-resolved	0		0	static-resolved	-		-	static-resolved					-		-	static-resolved	-		-	static-resolved	-		-	static-resolved	-		-	static-resolved	-		-	static-resolved					[4476,2147483647,2147483647,2147483647,2147483647,2147483647,2147483647,2147483647,2147483647,2147483647,2147483647,2147483647,2147483647,2147483647]	jP	4363614
h02F	1747989062	Spider Egg Nest: Bones	809360	hp	1	1	1400	1400	protected-runtime	5		5	static-resolved	fort		-		-	static-resolved	-		-	static-resolved	-		-	static-resolved	-		-	static-resolved	0		0	static-resolved	-		-	static-resolved					-		-	static-resolved	-		-	static-resolved	-		-	static-resolved	-		-	static-resolved	-		-	static-resolved					[4477,2147483647,2147483647,2147483647,2147483647,2147483647,2147483647,2147483647,2147483647,2147483647,2147483647,2147483647,2147483647,2147483647]	jP	4363864
h02G	1747989063	Spider Egg Nest: Wood	95721	hp	1	1	1400	1400	protected-runtime	5		5	static-resolved	fort		-		-	static-resolved	-		-	static-resolved	-		-	static-resolved	-		-	static-resolved	0		0	static-resolved	-		-	static-resolved					-		-	static-resolved	-		-	static-resolved	-		-	static-resolved	-		-	static-resolved	-		-	static-resolved					[4478,2147483647,2147483647,2147483647,2147483647,2147483647,2147483647,2147483647,2147483647,2147483647,2147483647,2147483647,2147483647,2147483647]	jP	4364114
h02J	1747989066	Spider Egg: Rock Base	954813	hp	1	1	1400	1400	protected-runtime	5		5	static-resolved	fort		-		-	static-resolved	-		-	static-resolved	-		-	static-resolved	-		-	static-resolved	0		0	static-resolved	-		-	static-resolved					-		-	static-resolved	-		-	static-resolved	-		-	static-resolved	-		-	static-resolved	-		-	static-resolved					[4481,2147483647,2147483647,2147483647,2147483647,2147483647,2147483647,2147483647,2147483647,2147483647,2147483647,2147483647,2147483647,2147483647]	jP	4364361
h02L	1747989068	Ancient of Hibernation: Roots	527538	hp	1	1	1400	1400	protected-runtime	5		5	static-resolved	fort		-		-	static-resolved	-		-	static-resolved	-		-	static-resolved	-		-	static-resolved	0		0	static-resolved	-		-	static-resolved					-		-	static-resolved	-		-	static-resolved	-		-	static-resolved	-		-	static-resolved	-		-	static-resolved					[4483,2147483647,2147483647,2147483647,2147483647,2147483647,2147483647,2147483647,2147483647,2147483647,2147483647,2147483647,2147483647,2147483647]	jP	4364611
h02M	1747989069	Ancient of Hibernation: Owl	813902	hp	1	1	1400	1400	protected-runtime	5		5	static-resolved	fort		-		-	static-resolved	-		-	static-resolved	-		-	static-resolved	-		-	static-resolved	0		0	static-resolved	-		-	static-resolved					-		-	static-resolved	-		-	static-resolved	-		-	static-resolved	-		-	static-resolved	-		-	static-resolved					[4484,2147483647,2147483647,2147483647,2147483647,2147483647,2147483647,2147483647,2147483647,2147483647,2147483647,2147483647,2147483647,2147483647]	jP	4364861
h02Q	1747989073	Furbolg Hut	959355	hp	1	1	1400	1400	protected-runtime	5		5	static-resolved	fort		-		-	static-resolved	-		-	static-resolved	-		-	static-resolved	-		-	static-resolved	0		0	static-resolved	-		-	static-resolved					-		-	static-resolved	-		-	static-resolved	-		-	static-resolved	-		-	static-resolved	-		-	static-resolved					[4488,2147483647,2147483647,2147483647,2147483647,2147483647,2147483647,2147483647,2147483647,2147483647,2147483647,2147483647,2147483647,2147483647]	jP	4365111
h02S	1747989075	Monolith: Bush	532080	hp	1	1	1400	1400	protected-runtime	5		5	static-resolved	fort		-		-	static-resolved	-		-	static-resolved	-		-	static-resolved	-		-	static-resolved	0		0	static-resolved	-		-	static-resolved					-		-	static-resolved	-		-	static-resolved	-		-	static-resolved	-		-	static-resolved	-		-	static-resolved					[4490,2147483647,2147483647,2147483647,2147483647,2147483647,2147483647,2147483647,2147483647,2147483647,2147483647,2147483647,2147483647,2147483647]	jP	4365361
h02T	1747989076	Monolith: Rocks	818444	hp	1	1	1400	1400	protected-runtime	5		5	static-resolved	fort		-		-	static-resolved	-		-	static-resolved	-		-	static-resolved	-		-	static-resolved	0		0	static-resolved	-		-	static-resolved					-		-	static-resolved	-		-	static-resolved	-		-	static-resolved	-		-	static-resolved	-		-	static-resolved					[4491,2147483647,2147483647,2147483647,2147483647,2147483647,2147483647,2147483647,2147483647,2147483647,2147483647,2147483647,2147483647,2147483647]	jP	4365611
h02V	1747989078		391169	hp	1	1	1400	1400	protected-runtime	5		5	static-resolved	fort		-		-	static-resolved	-		-	static-resolved	-		-	static-resolved	-		-	static-resolved	0		0	static-resolved	-		-	static-resolved					-		-	static-resolved	-		-	static-resolved	-		-	static-resolved	-		-	static-resolved	-		-	static-resolved					[4493,2147483647,2147483647,2147483647,2147483647,2147483647,2147483647,2147483647,2147483647,2147483647,2147483647,2147483647,2147483647,2147483647]	jP	4365861
h030	1747989296	Greater Elemental Of Fire	226367	hp,armor,move_speed,attack1_base_damage,attack1_dice_number,attack1_dice_sides,attack1_cooldown,attack1_range	8	1	900	900	protected-runtime	0	7	7	protected-runtime	medium		260	260	260	protected-runtime	0	64	64	protected-runtime	1	1	1	protected-runtime	1	26	26	protected-runtime	99	1.6	1.6	protected-runtime	1	450	450	protected-runtime	65.0	90.0	77.5	48.4375	-		-	static-resolved	-		-	static-resolved	-		-	static-resolved	-		-	static-resolved	-		-	static-resolved					[4211,216,2147483647,2430,1575,4127,3960,1604035,3415,2147483647,2147483647,2147483647,2147483647,2147483647]	jP	4366111
h033	1747989299	Race Chooser	1585	move_speed	1	800		800	static-resolved	6		6	static-resolved	large		0	0	0	protected-runtime	19		19	static-resolved	2		2	static-resolved	5		5	static-resolved	1.36		1.36	static-resolved	100		100	static-resolved	21.0	29.0	25.0	18.38235294117647	-		-	static-resolved	-		-	static-resolved	-		-	static-resolved	-		-	static-resolved	-		-	static-resolved					[2147483647,2147483647,2147483647,2170,2147483647,2147483647,2147483647,2147483647,2147483647,2147483647,2147483647,2147483647,2147483647,2147483647]	jP	4366321
h04J	1747989578	Demonic Statue	572740	hp	1	1	1400	1400	protected-runtime	5		5	static-resolved	fort		-		-	static-resolved	-		-	static-resolved	-		-	static-resolved	-		-	static-resolved	0		0	static-resolved	-		-	static-resolved					-		-	static-resolved	-		-	static-resolved	-		-	static-resolved	-		-	static-resolved	-		-	static-resolved					[4993,2147483647,2147483647,2147483647,2147483647,2147483647,2147483647,2147483647,2147483647,2147483647,2147483647,2147483647,2147483647,2147483647]	jP	4366569
h04X	1747989592	RescueDummy	716858	hp	1	1	4444	4444	protected-runtime	0		0	static-resolved	small		270		270	static-resolved	7		7	static-resolved	1		1	static-resolved	2		2	static-resolved	2		2	static-resolved	600		600	static-resolved	8.0	9.0	8.5	4.25	-		-	static-resolved	-		-	static-resolved	-		-	static-resolved	-		-	static-resolved	-		-	static-resolved					[8051,2147483647,2147483647,2147483647,2147483647,2147483647,2147483647,2147483647,2147483647,2147483647,2147483647,2147483647,2147483647,2147483647]	jP	4366819
h04Y	1747989593	Column	868188	hp	1	1	1400	1400	protected-runtime	5		5	static-resolved	fort		-		-	static-resolved	-		-	static-resolved	-		-	static-resolved	-		-	static-resolved	0		0	static-resolved	-		-	static-resolved					-		-	static-resolved	-		-	static-resolved	-		-	static-resolved	-		-	static-resolved	-		-	static-resolved					[5008,2147483647,2147483647,2147483647,2147483647,2147483647,2147483647,2147483647,2147483647,2147483647,2147483647,2147483647,2147483647,2147483647]	jP	4367069
h050	1747989808	Column Ruined	436262	hp	1	1	1400	1400	protected-runtime	5		5	static-resolved	fort		-		-	static-resolved	-		-	static-resolved	-		-	static-resolved	-		-	static-resolved	0		0	static-resolved	-		-	static-resolved					-		-	static-resolved	-		-	static-resolved	-		-	static-resolved	-		-	static-resolved	-		-	static-resolved					[5223,2147483647,2147483647,2147483647,2147483647,2147483647,2147483647,2147483647,2147483647,2147483647,2147483647,2147483647,2147483647,2147483647]	jP	4367319
h051	1747989809	Elemental Builder	26008	move_speed	1	220		220	static-resolved	0		0	static-resolved	medium		550	550	550	protected-runtime	4		4	static-resolved	1		1	static-resolved	2		2	static-resolved	2		2	static-resolved	90		90	static-resolved	5.0	6.0	5.5	2.75	0		0	static-resolved	1		1	static-resolved	1		1	static-resolved	1.1		1.1	static-resolved	66		66	static-resolved	1.0	1.0	1.0	0.9090909090909091	[2147483647,2147483647,2147483647,2848,2147483647,2147483647,2147483647,2147483647,2147483647,2147483647,2147483647,2147483647,2147483647,2147483647]	jP	4367569
h052	1747989810	Lightning (Alis)	8987	hp	1	1	1400	1400	protected-runtime	5		5	static-resolved	fort		-		-	static-resolved	-		-	static-resolved	-		-	static-resolved	-		-	static-resolved	0		0	static-resolved	-		-	static-resolved					-		-	static-resolved	-		-	static-resolved	-		-	static-resolved	-		-	static-resolved	-		-	static-resolved					[5225,2147483647,2147483647,2147483647,2147483647,2147483647,2147483647,2147483647,2147483647,2147483647,2147483647,2147483647,2147483647,2147483647]	jP	4367817
h053	1747989811	Lightning (Coruscus)	295351	hp	1	1	1400	1400	protected-runtime	5		5	static-resolved	fort		-		-	static-resolved	-		-	static-resolved	-		-	static-resolved	-		-	static-resolved	0		0	static-resolved	-		-	static-resolved					-		-	static-resolved	-		-	static-resolved	-		-	static-resolved	-		-	static-resolved	-		-	static-resolved					[5226,2147483647,2147483647,2147483647,2147483647,2147483647,2147483647,2147483647,2147483647,2147483647,2147483647,2147483647,2147483647,2147483647]	jP	4368065
h057	1747989815	Fire Pillar (Coruscus)	440804	hp	1	1	1400	1400	protected-runtime	5		5	static-resolved	fort		-		-	static-resolved	-		-	static-resolved	-		-	static-resolved	-		-	static-resolved	0		0	static-resolved	-		-	static-resolved					-		-	static-resolved	-		-	static-resolved	-		-	static-resolved	-		-	static-resolved	-		-	static-resolved					[5230,2147483647,2147483647,2147483647,2147483647,2147483647,2147483647,2147483647,2147483647,2147483647,2147483647,2147483647,2147483647,2147483647]	jP	4368315
h058	1747989816	Fissure (Coruscus)	727168	hp	1	1	1400	1400	protected-runtime	5		5	static-resolved	fort		-		-	static-resolved	-		-	static-resolved	-		-	static-resolved	-		-	static-resolved	0		0	static-resolved	-		-	static-resolved					-		-	static-resolved	-		-	static-resolved	-		-	static-resolved	-		-	static-resolved	-		-	static-resolved					[5231,2147483647,2147483647,2147483647,2147483647,2147483647,2147483647,2147483647,2147483647,2147483647,2147483647,2147483647,2147483647,2147483647]	jP	4368565
h05A	1747989825	HandOfJusticeDummy	439469	hp	1	1	4444	4444	protected-runtime	0		0	static-resolved	small		270		270	static-resolved	7		7	static-resolved	1		1	static-resolved	2		2	static-resolved	2		2	static-resolved	600		600	static-resolved	8.0	9.0	8.5	4.25	-		-	static-resolved	-		-	static-resolved	-		-	static-resolved	-		-	static-resolved	-		-	static-resolved					[8284,2147483647,2147483647,2147483647,2147483647,2147483647,2147483647,2147483647,2147483647,2147483647,2147483647,2147483647,2147483647,2147483647]	jP	4368815
h05B	1747989826	Tornado (Atrium)	590799	hp	1	1	1400	1400	protected-runtime	5		5	static-resolved	fort		-		-	static-resolved	-		-	static-resolved	-		-	static-resolved	-		-	static-resolved	0		0	static-resolved	-		-	static-resolved					-		-	static-resolved	-		-	static-resolved	-		-	static-resolved	-		-	static-resolved	-		-	static-resolved					[5241,2147483647,2147483647,2147483647,2147483647,2147483647,2147483647,2147483647,2147483647,2147483647,2147483647,2147483647,2147483647,2147483647]	jP	4369065
h05K	1747989835	Tornado (Thalamus)	168066	hp	1	1	1400	1400	protected-runtime	5		5	static-resolved	fort		-		-	static-resolved	-		-	static-resolved	-		-	static-resolved	-		-	static-resolved	0		0	static-resolved	-		-	static-resolved					-		-	static-resolved	-		-	static-resolved	-		-	static-resolved	-		-	static-resolved	-		-	static-resolved					[5250,2147483647,2147483647,2147483647,2147483647,2147483647,2147483647,2147483647,2147483647,2147483647,2147483647,2147483647,2147483647,2147483647]	jP	4369315
h05N	1747989838	Anima	27155	hp	1	1	1400	1400	protected-runtime	5		5	static-resolved	fort		-		-	static-resolved	-		-	static-resolved	-		-	static-resolved	-		-	static-resolved	0		0	static-resolved	-		-	static-resolved					-		-	static-resolved	-		-	static-resolved	-		-	static-resolved	-		-	static-resolved	-		-	static-resolved					[5253,2147483647,2147483647,2147483647,2147483647,2147483647,2147483647,2147483647,2147483647,2147483647,2147483647,2147483647,2147483647,2147483647]	jP	4369565
h05O	1747989839	Fontis Oris	313519	hp	1	1	1400	1400	protected-runtime	5		5	static-resolved	fort		-		-	static-resolved	-		-	static-resolved	-		-	static-resolved	-		-	static-resolved	0		0	static-resolved	-		-	static-resolved					-		-	static-resolved	-		-	static-resolved	-		-	static-resolved	-		-	static-resolved	-		-	static-resolved					[5254,2147483647,2147483647,2147483647,2147483647,2147483647,2147483647,2147483647,2147483647,2147483647,2147483647,2147483647,2147483647,2147483647]	jP	4369813
h05P	1747989840	Ignis-fluus	599883	hp	1	1	1400	1400	protected-runtime	5		5	static-resolved	fort		-		-	static-resolved	-		-	static-resolved	-		-	static-resolved	-		-	static-resolved	0		0	static-resolved	-		-	static-resolved					-		-	static-resolved	-		-	static-resolved	-		-	static-resolved	-		-	static-resolved	-		-	static-resolved					[5255,2147483647,2147483647,2147483647,2147483647,2147483647,2147483647,2147483647,2147483647,2147483647,2147483647,2147483647,2147483647,2147483647]	jP	4370063
h05Q	1747989841	FireOrb	886247	hp	1	1	1400	1400	protected-runtime	5		5	static-resolved	fort		-		-	static-resolved	-		-	static-resolved	-		-	static-resolved	-		-	static-resolved	0		0	static-resolved	-		-	static-resolved					-		-	static-resolved	-		-	static-resolved	-		-	static-resolved	-		-	static-resolved	-		-	static-resolved					[5256,2147483647,2147483647,2147483647,2147483647,2147483647,2147483647,2147483647,2147483647,2147483647,2147483647,2147483647,2147483647,2147483647]	jP	4370313
h05S	1747989843	LightningOrb	458972	hp	1	1	1400	1400	protected-runtime	5		5	static-resolved	fort		-		-	static-resolved	-		-	static-resolved	-		-	static-resolved	-		-	static-resolved	0		0	static-resolved	-		-	static-resolved					-		-	static-resolved	-		-	static-resolved	-		-	static-resolved	-		-	static-resolved	-		-	static-resolved					[5258,2147483647,2147483647,2147483647,2147483647,2147483647,2147483647,2147483647,2147483647,2147483647,2147483647,2147483647,2147483647,2147483647]	jP	4370563
h05W	1747989847	LandEffect	604425	hp	1	1	1400	1400	protected-runtime	5		5	static-resolved	fort		-		-	static-resolved	-		-	static-resolved	-		-	static-resolved	-		-	static-resolved	0		0	static-resolved	-		-	static-resolved					-		-	static-resolved	-		-	static-resolved	-		-	static-resolved	-		-	static-resolved	-		-	static-resolved					[5262,2147483647,2147483647,2147483647,2147483647,2147483647,2147483647,2147483647,2147483647,2147483647,2147483647,2147483647,2147483647,2147483647]	jP	4370812
h05Y	1747989849	WindOrb	177150	hp	1	1	1400	1400	protected-runtime	5		5	static-resolved	fort		-		-	static-resolved	-		-	static-resolved	-		-	static-resolved	-		-	static-resolved	0		0	static-resolved	-		-	static-resolved					-		-	static-resolved	-		-	static-resolved	-		-	static-resolved	-		-	static-resolved	-		-	static-resolved					[5264,2147483647,2147483647,2147483647,2147483647,2147483647,2147483647,2147483647,2147483647,2147483647,2147483647,2147483647,2147483647,2147483647]	jP	4371062
h064	1747990068	Linker	890680	hp	1	1	1400	1400	protected-runtime	5		5	static-resolved	fort		-		-	static-resolved	-		-	static-resolved	-		-	static-resolved	-		-	static-resolved	0		0	static-resolved	-		-	static-resolved					-		-	static-resolved	-		-	static-resolved	-		-	static-resolved	-		-	static-resolved	-		-	static-resolved					[5483,2147483647,2147483647,2147483647,2147483647,2147483647,2147483647,2147483647,2147483647,2147483647,2147483647,2147483647,2147483647,2147483647]	jP	4371312
h065	1747990069	Obelisk of Elements	177041	hp	1	1	1400	1400	protected-runtime	5		5	static-resolved	fort		-		-	static-resolved	-		-	static-resolved	-		-	static-resolved	-		-	static-resolved	0		0	static-resolved	-		-	static-resolved					-		-	static-resolved	-		-	static-resolved	-		-	static-resolved	-		-	static-resolved	-		-	static-resolved					[5484,2147483647,2147483647,2147483647,2147483647,2147483647,2147483647,2147483647,2147483647,2147483647,2147483647,2147483647,2147483647,2147483647]	jP	4371561
h066	1747990070	Book of Conjuration	463405	hp	1	1	1400	1400	protected-runtime	5		5	static-resolved	fort		-		-	static-resolved	-		-	static-resolved	-		-	static-resolved	-		-	static-resolved	0		0	static-resolved	-		-	static-resolved					-		-	static-resolved	-		-	static-resolved	-		-	static-resolved	-		-	static-resolved	-		-	static-resolved					[5485,2147483647,2147483647,2147483647,2147483647,2147483647,2147483647,2147483647,2147483647,2147483647,2147483647,2147483647,2147483647,2147483647]	jP	4371811
h067	1747990071	Elemental Guard Tower	749769	hp	1	1	1400	1400	protected-runtime	5		5	static-resolved	fort		-		-	static-resolved	-		-	static-resolved	-		-	static-resolved	-		-	static-resolved	0		0	static-resolved	-		-	static-resolved					-		-	static-resolved	-		-	static-resolved	-		-	static-resolved	-		-	static-resolved	-		-	static-resolved					[5486,2147483647,2147483647,2147483647,2147483647,2147483647,2147483647,2147483647,2147483647,2147483647,2147483647,2147483647,2147483647,2147483647]	jP	4372061
h06G	1747990087	Book of Conjuration 2	331578	hp	1	1	1400	1400	protected-runtime	5		5	static-resolved	fort		-		-	static-resolved	-		-	static-resolved	-		-	static-resolved	-		-	static-resolved	0		0	static-resolved	-		-	static-resolved					-		-	static-resolved	-		-	static-resolved	-		-	static-resolved	-		-	static-resolved	-		-	static-resolved					[5502,2147483647,2147483647,2147483647,2147483647,2147483647,2147483647,2147483647,2147483647,2147483647,2147483647,2147483647,2147483647,2147483647]	jP	4372311
h06H	1747990088	Skull Shrine2	617942	hp	1	1	1400	1400	protected-runtime	5		5	static-resolved	fort		-		-	static-resolved	-		-	static-resolved	-		-	static-resolved	-		-	static-resolved	0		0	static-resolved	-		-	static-resolved					-		-	static-resolved	-		-	static-resolved	-		-	static-resolved	-		-	static-resolved	-		-	static-resolved					[5503,2147483647,2147483647,2147483647,2147483647,2147483647,2147483647,2147483647,2147483647,2147483647,2147483647,2147483647,2147483647,2147483647]	jP	4372561
h06P	1747990096	Mechanical Builder	212230	move_speed	1	220		220	static-resolved	0		0	static-resolved	medium		550	550	550	protected-runtime	4		4	static-resolved	1		1	static-resolved	2		2	static-resolved	2		2	static-resolved	90		90	static-resolved	5.0	6.0	5.5	2.75	0		0	static-resolved	1		1	static-resolved	1		1	static-resolved	1.1		1.1	static-resolved	66		66	static-resolved	1.0	1.0	1.0	0.9090909090909091	[2147483647,2147483647,2147483647,2920,2147483647,2147483647,2147483647,2147483647,2147483647,2147483647,2147483647,2147483647,2147483647,2147483647]	jP	4372811
h06V	1747990102	Nuke Dummy	957527	hp,move_speed	2	1	4444	4444	protected-runtime	0		0	static-resolved	small		100	100	100	protected-runtime	7		7	static-resolved	1		1	static-resolved	2		2	static-resolved	2		2	static-resolved	600		600	static-resolved	8.0	9.0	8.5	4.25	-		-	static-resolved	-		-	static-resolved	-		-	static-resolved	-		-	static-resolved	-		-	static-resolved					[8561,2147483647,2147483647,2471,2147483647,2147483647,2147483647,2147483647,2147483647,2147483647,2147483647,2147483647,2147483647,2147483647]	jP	4373061
h06W	1747990103	Nuke Explosion Dummy	48421	hp	1	1	4444	4444	protected-runtime	0		0	static-resolved	small		270		270	static-resolved	7		7	static-resolved	1		1	static-resolved	2		2	static-resolved	2		2	static-resolved	600		600	static-resolved	8.0	9.0	8.5	4.25	-		-	static-resolved	-		-	static-resolved	-		-	static-resolved	-		-	static-resolved	-		-	static-resolved					[8562,2147483647,2147483647,2147483647,2147483647,2147483647,2147483647,2147483647,2147483647,2147483647,2147483647,2147483647,2147483647,2147483647]	jP	4373305
h06X	1747990104	Nuke Start Dummy	334785	hp	1	1	4444	4444	protected-runtime	0		0	static-resolved	small		270		270	static-resolved	7		7	static-resolved	1		1	static-resolved	2		2	static-resolved	2		2	static-resolved	600		600	static-resolved	8.0	9.0	8.5	4.25	-		-	static-resolved	-		-	static-resolved	-		-	static-resolved	-		-	static-resolved	-		-	static-resolved					[8563,2147483647,2147483647,2147483647,2147483647,2147483647,2147483647,2147483647,2147483647,2147483647,2147483647,2147483647,2147483647,2147483647]	jP	4373554
h075	1747990325	Ultimate Builder	789391	move_speed	1	220		220	static-resolved	0		0	static-resolved	medium		550	550	550	protected-runtime	4		4	static-resolved	1		1	static-resolved	2		2	static-resolved	2		2	static-resolved	90		90	static-resolved	5.0	6.0	5.5	2.75	0		0	static-resolved	1		1	static-resolved	1		1	static-resolved	1.1		1.1	static-resolved	66		66	static-resolved	1.0	1.0	1.0	0.9090909090909091	[2147483647,2147483647,2147483647,2977,2147483647,2147483647,2147483647,2147483647,2147483647,2147483647,2147483647,2147483647,2147483647,2147483647]	jP	4373804
h07C	1747990339	Bloodmage	380202	hp,armor,move_speed,attack1_base_damage,attack1_dice_sides,attack1_cooldown,attack1_range	7	1	650	650	protected-runtime	0	3	3	protected-runtime	small		300	300	300	protected-runtime	0	59	59	protected-runtime	1		1	static-resolved	1	11	11	protected-runtime	99	1.8	1.8	protected-runtime	1	550	550	protected-runtime	60.0	70.0	65.0	36.11111111111111	-		-	static-resolved	-		-	static-resolved	-		-	static-resolved	-		-	static-resolved	-		-	static-resolved					[911,733,2147483647,2730,1778,2147483647,4094,1804165,3631,2147483647,2147483647,2147483647,2147483647,2147483647]	jP	4374054
h089	1747990585	Night Elf Builder	243806	move_speed	1	220		220	static-resolved	0		0	static-resolved	medium		550	550	550	protected-runtime	4		4	static-resolved	1		1	static-resolved	2		2	static-resolved	2		2	static-resolved	90		90	static-resolved	5.0	6.0	5.5	2.75	0		0	static-resolved	1		1	static-resolved	1		1	static-resolved	1.1		1.1	static-resolved	66		66	static-resolved	1.0	1.0	1.0	0.9090909090909091	[2147483647,2147483647,2147483647,3042,2147483647,2147483647,2147483647,2147483647,2147483647,2147483647,2147483647,2147483647,2147483647,2147483647]	jP	4374269
h08A	1747990593	Teleport	231327	hp	1	1	1400	1400	protected-runtime	5		5	static-resolved	fort		-		-	static-resolved	-		-	static-resolved	-		-	static-resolved	-		-	static-resolved	0		0	static-resolved	-		-	static-resolved					-		-	static-resolved	-		-	static-resolved	-		-	static-resolved	-		-	static-resolved	-		-	static-resolved					[1915,2147483647,2147483647,2147483647,2147483647,2147483647,2147483647,2147483647,2147483647,2147483647,2147483647,2147483647,2147483647,2147483647]	jP	4374519
h08B	1747990594	Luna Beam	517691	hp	1	1	1400	1400	protected-runtime	5		5	static-resolved	fort		-		-	static-resolved	-		-	static-resolved	-		-	static-resolved	-		-	static-resolved	0		0	static-resolved	-		-	static-resolved					-		-	static-resolved	-		-	static-resolved	-		-	static-resolved	-		-	static-resolved	-		-	static-resolved					[1916,2147483647,2147483647,2147483647,2147483647,2147483647,2147483647,2147483647,2147483647,2147483647,2147483647,2147483647,2147483647,2147483647]	jP	4374769
h08C	1747990595	Star Fall	804055	hp	1	1	1400	1400	protected-runtime	5		5	static-resolved	fort		-		-	static-resolved	-		-	static-resolved	-		-	static-resolved	-		-	static-resolved	0		0	static-resolved	-		-	static-resolved					-		-	static-resolved	-		-	static-resolved	-		-	static-resolved	-		-	static-resolved	-		-	static-resolved					[1917,2147483647,2147483647,2147483647,2147483647,2147483647,2147483647,2147483647,2147483647,2147483647,2147483647,2147483647,2147483647,2147483647]	jP	4375018
h08D	1747990596	Orb1	90416	hp	1	1	1400	1400	protected-runtime	5		5	static-resolved	fort		-		-	static-resolved	-		-	static-resolved	-		-	static-resolved	-		-	static-resolved	0		0	static-resolved	-		-	static-resolved					-		-	static-resolved	-		-	static-resolved	-		-	static-resolved	-		-	static-resolved	-		-	static-resolved					[1918,2147483647,2147483647,2147483647,2147483647,2147483647,2147483647,2147483647,2147483647,2147483647,2147483647,2147483647,2147483647,2147483647]	jP	4375268
h08E	1747990597	Orb2	376780	hp	1	1	1400	1400	protected-runtime	5		5	static-resolved	fort		-		-	static-resolved	-		-	static-resolved	-		-	static-resolved	-		-	static-resolved	0		0	static-resolved	-		-	static-resolved					-		-	static-resolved	-		-	static-resolved	-		-	static-resolved	-		-	static-resolved	-		-	static-resolved					[1919,2147483647,2147483647,2147483647,2147483647,2147483647,2147483647,2147483647,2147483647,2147483647,2147483647,2147483647,2147483647,2147483647]	jP	4375517
h08F	1747990598	Orb3	663144	hp	1	1	1400	1400	protected-runtime	5		5	static-resolved	fort		-		-	static-resolved	-		-	static-resolved	-		-	static-resolved	-		-	static-resolved	0		0	static-resolved	-		-	static-resolved					-		-	static-resolved	-		-	static-resolved	-		-	static-resolved	-		-	static-resolved	-		-	static-resolved					[1920,2147483647,2147483647,2147483647,2147483647,2147483647,2147483647,2147483647,2147483647,2147483647,2147483647,2147483647,2147483647,2147483647]	jP	4375767
h08G	1747990599	Orb4	949508	hp	1	1	1400	1400	protected-runtime	5		5	static-resolved	fort		-		-	static-resolved	-		-	static-resolved	-		-	static-resolved	-		-	static-resolved	0		0	static-resolved	-		-	static-resolved					-		-	static-resolved	-		-	static-resolved	-		-	static-resolved	-		-	static-resolved	-		-	static-resolved					[1921,2147483647,2147483647,2147483647,2147483647,2147483647,2147483647,2147483647,2147483647,2147483647,2147483647,2147483647,2147483647,2147483647]	jP	4376017
h08H	1747990600	Orb5	235869	hp	1	1	1400	1400	protected-runtime	5		5	static-resolved	fort		-		-	static-resolved	-		-	static-resolved	-		-	static-resolved	-		-	static-resolved	0		0	static-resolved	-		-	static-resolved					-		-	static-resolved	-		-	static-resolved	-		-	static-resolved	-		-	static-resolved	-		-	static-resolved					[1922,2147483647,2147483647,2147483647,2147483647,2147483647,2147483647,2147483647,2147483647,2147483647,2147483647,2147483647,2147483647,2147483647]	jP	4376267
h08I	1747990601	Orb6	522233	hp	1	1	1400	1400	protected-runtime	5		5	static-resolved	fort		-		-	static-resolved	-		-	static-resolved	-		-	static-resolved	-		-	static-resolved	0		0	static-resolved	-		-	static-resolved					-		-	static-resolved	-		-	static-resolved	-		-	static-resolved	-		-	static-resolved	-		-	static-resolved					[1923,2147483647,2147483647,2147483647,2147483647,2147483647,2147483647,2147483647,2147483647,2147483647,2147483647,2147483647,2147483647,2147483647]	jP	4376516
h08J	1747990602	Orb7	808597	hp	1	1	1400	1400	protected-runtime	5		5	static-resolved	fort		-		-	static-resolved	-		-	static-resolved	-		-	static-resolved	-		-	static-resolved	0		0	static-resolved	-		-	static-resolved					-		-	static-resolved	-		-	static-resolved	-		-	static-resolved	-		-	static-resolved	-		-	static-resolved					[1924,2147483647,2147483647,2147483647,2147483647,2147483647,2147483647,2147483647,2147483647,2147483647,2147483647,2147483647,2147483647,2147483647]	jP	4376766
h08K	1747990603	Orb8	94958	hp	1	1	1400	1400	protected-runtime	5		5	static-resolved	fort		-		-	static-resolved	-		-	static-resolved	-		-	static-resolved	-		-	static-resolved	0		0	static-resolved	-		-	static-resolved					-		-	static-resolved	-		-	static-resolved	-		-	static-resolved	-		-	static-resolved	-		-	static-resolved					[1925,2147483647,2147483647,2147483647,2147483647,2147483647,2147483647,2147483647,2147483647,2147483647,2147483647,2147483647,2147483647,2147483647]	jP	4377016
h08L	1747990604	Entangle	381322	hp	1	1	1400	1400	protected-runtime	5		5	static-resolved	fort		-		-	static-resolved	-		-	static-resolved	-		-	static-resolved	-		-	static-resolved	0		0	static-resolved	-		-	static-resolved					-		-	static-resolved	-		-	static-resolved	-		-	static-resolved	-		-	static-resolved	-		-	static-resolved					[1926,2147483647,2147483647,2147483647,2147483647,2147483647,2147483647,2147483647,2147483647,2147483647,2147483647,2147483647,2147483647,2147483647]	jP	4377265
h08M	1747990605	Orb2High	667686	hp	1	1	1400	1400	protected-runtime	5		5	static-resolved	fort		-		-	static-resolved	-		-	static-resolved	-		-	static-resolved	-		-	static-resolved	0		0	static-resolved	-		-	static-resolved					-		-	static-resolved	-		-	static-resolved	-		-	static-resolved	-		-	static-resolved	-		-	static-resolved					[1927,2147483647,2147483647,2147483647,2147483647,2147483647,2147483647,2147483647,2147483647,2147483647,2147483647,2147483647,2147483647,2147483647]	jP	4377515
h08N	1747990606	plant	954050	hp	1	1	1400	1400	protected-runtime	5		5	static-resolved	fort		-		-	static-resolved	-		-	static-resolved	-		-	static-resolved	-		-	static-resolved	0		0	static-resolved	-		-	static-resolved					-		-	static-resolved	-		-	static-resolved	-		-	static-resolved	-		-	static-resolved	-		-	static-resolved					[1928,2147483647,2147483647,2147483647,2147483647,2147483647,2147483647,2147483647,2147483647,2147483647,2147483647,2147483647,2147483647,2147483647]	jP	4377764
h08O	1747990607	plant2	240411	hp	1	1	1400	1400	protected-runtime	5		5	static-resolved	fort		-		-	static-resolved	-		-	static-resolved	-		-	static-resolved	-		-	static-resolved	0		0	static-resolved	-		-	static-resolved					-		-	static-resolved	-		-	static-resolved	-		-	static-resolved	-		-	static-resolved	-		-	static-resolved					[1929,2147483647,2147483647,2147483647,2147483647,2147483647,2147483647,2147483647,2147483647,2147483647,2147483647,2147483647,2147483647,2147483647]	jP	4378014
h08Q	1747990609	Fire	813139	hp	1	1	1400	1400	protected-runtime	5		5	static-resolved	fort		-		-	static-resolved	-		-	static-resolved	-		-	static-resolved	-		-	static-resolved	0		0	static-resolved	-		-	static-resolved					-		-	static-resolved	-		-	static-resolved	-		-	static-resolved	-		-	static-resolved	-		-	static-resolved					[1931,2147483647,2147483647,2147483647,2147483647,2147483647,2147483647,2147483647,2147483647,2147483647,2147483647,2147483647,2147483647,2147483647]	jP	4378264
h08R	1747990610	Fire Small	99500	hp	1	1	1400	1400	protected-runtime	5		5	static-resolved	fort		-		-	static-resolved	-		-	static-resolved	-		-	static-resolved	-		-	static-resolved	0		0	static-resolved	-		-	static-resolved					-		-	static-resolved	-		-	static-resolved	-		-	static-resolved	-		-	static-resolved	-		-	static-resolved					[1932,2147483647,2147483647,2147483647,2147483647,2147483647,2147483647,2147483647,2147483647,2147483647,2147483647,2147483647,2147483647,2147483647]	jP	4378514
h08S	1747990611	Orb3 BIG	385864	hp	1	1	1400	1400	protected-runtime	5		5	static-resolved	fort		-		-	static-resolved	-		-	static-resolved	-		-	static-resolved	-		-	static-resolved	0		0	static-resolved	-		-	static-resolved					-		-	static-resolved	-		-	static-resolved	-		-	static-resolved	-		-	static-resolved	-		-	static-resolved					[1933,2147483647,2147483647,2147483647,2147483647,2147483647,2147483647,2147483647,2147483647,2147483647,2147483647,2147483647,2147483647,2147483647]	jP	4378763
h08T	1747990612	Orb9	672228	hp	1	1	1400	1400	protected-runtime	5		5	static-resolved	fort		-		-	static-resolved	-		-	static-resolved	-		-	static-resolved	-		-	static-resolved	0		0	static-resolved	-		-	static-resolved					-		-	static-resolved	-		-	static-resolved	-		-	static-resolved	-		-	static-resolved	-		-	static-resolved					[1934,2147483647,2147483647,2147483647,2147483647,2147483647,2147483647,2147483647,2147483647,2147483647,2147483647,2147483647,2147483647,2147483647]	jP	4379012
h08V	1747990614	Orb18	244953	hp	1	1	1400	1400	protected-runtime	5		5	static-resolved	fort		-		-	static-resolved	-		-	static-resolved	-		-	static-resolved	-		-	static-resolved	0		0	static-resolved	-		-	static-resolved					-		-	static-resolved	-		-	static-resolved	-		-	static-resolved	-		-	static-resolved	-		-	static-resolved					[1936,2147483647,2147483647,2147483647,2147483647,2147483647,2147483647,2147483647,2147483647,2147483647,2147483647,2147483647,2147483647,2147483647]	jP	4379261
h08W	1747990615	Tower	531317	hp	1	1	1400	1400	protected-runtime	5		5	static-resolved	fort		-		-	static-resolved	-		-	static-resolved	-		-	static-resolved	-		-	static-resolved	0		0	static-resolved	-		-	static-resolved					-		-	static-resolved	-		-	static-resolved	-		-	static-resolved	-		-	static-resolved	-		-	static-resolved					[1937,2147483647,2147483647,2147483647,2147483647,2147483647,2147483647,2147483647,2147483647,2147483647,2147483647,2147483647,2147483647,2147483647]	jP	4379510
h08Z	1747990618	Archery Target	390406	hp	1	1	1400	1400	protected-runtime	5		5	static-resolved	fort		-		-	static-resolved	-		-	static-resolved	-		-	static-resolved	-		-	static-resolved	0		0	static-resolved	-		-	static-resolved					-		-	static-resolved	-		-	static-resolved	-		-	static-resolved	-		-	static-resolved	-		-	static-resolved					[1940,2147483647,2147483647,2147483647,2147483647,2147483647,2147483647,2147483647,2147483647,2147483647,2147483647,2147483647,2147483647,2147483647]	jP	4379760
h090	1747990832	Elf Build	672119	hp	1	1	1400	1400	protected-runtime	5		5	static-resolved	fort		-		-	static-resolved	-		-	static-resolved	-		-	static-resolved	-		-	static-resolved	0		0	static-resolved	-		-	static-resolved					-		-	static-resolved	-		-	static-resolved	-		-	static-resolved	-		-	static-resolved	-		-	static-resolved					[2154,2147483647,2147483647,2147483647,2147483647,2147483647,2147483647,2147483647,2147483647,2147483647,2147483647,2147483647,2147483647,2147483647]	jP	4380010
h091	1747990833	Elf Build2	958483	hp	1	1	1400	1400	protected-runtime	5		5	static-resolved	fort		-		-	static-resolved	-		-	static-resolved	-		-	static-resolved	-		-	static-resolved	0		0	static-resolved	-		-	static-resolved					-		-	static-resolved	-		-	static-resolved	-		-	static-resolved	-		-	static-resolved	-		-	static-resolved					[2155,2147483647,2147483647,2147483647,2147483647,2147483647,2147483647,2147483647,2147483647,2147483647,2147483647,2147483647,2147483647,2147483647]	jP	4380260
h093	1747990835	Citadel Effect	531208	hp	1	1	1400	1400	protected-runtime	5		5	static-resolved	fort		-		-	static-resolved	-		-	static-resolved	-		-	static-resolved	-		-	static-resolved	0		0	static-resolved	-		-	static-resolved					-		-	static-resolved	-		-	static-resolved	-		-	static-resolved	-		-	static-resolved	-		-	static-resolved					[2157,2147483647,2147483647,2147483647,2147483647,2147483647,2147483647,2147483647,2147483647,2147483647,2147483647,2147483647,2147483647,2147483647]	jP	4380510
h094	1747990836	Citadel Effect 2	817572	hp	1	1	1400	1400	protected-runtime	5		5	static-resolved	fort		-		-	static-resolved	-		-	static-resolved	-		-	static-resolved	-		-	static-resolved	0		0	static-resolved	-		-	static-resolved					-		-	static-resolved	-		-	static-resolved	-		-	static-resolved	-		-	static-resolved	-		-	static-resolved					[2158,2147483647,2147483647,2147483647,2147483647,2147483647,2147483647,2147483647,2147483647,2147483647,2147483647,2147483647,2147483647,2147483647]	jP	4380760
h096	1747990838	Golem Factory: Gold	390297	hp	1	1	1400	1400	protected-runtime	5		5	static-resolved	fort		-		-	static-resolved	-		-	static-resolved	-		-	static-resolved	-		-	static-resolved	0		0	static-resolved	-		-	static-resolved					-		-	static-resolved	-		-	static-resolved	-		-	static-resolved	-		-	static-resolved	-		-	static-resolved					[2160,2147483647,2147483647,2147483647,2147483647,2147483647,2147483647,2147483647,2147483647,2147483647,2147483647,2147483647,2147483647,2147483647]	jP	4381010
h09A	1747990849	Tank Factory: Big Mine	540292	hp	1	1	1400	1400	protected-runtime	5		5	static-resolved	fort		-		-	static-resolved	-		-	static-resolved	-		-	static-resolved	-		-	static-resolved	0		0	static-resolved	-		-	static-resolved					-		-	static-resolved	-		-	static-resolved	-		-	static-resolved	-		-	static-resolved	-		-	static-resolved					[2171,2147483647,2147483647,2147483647,2147483647,2147483647,2147483647,2147483647,2147483647,2147483647,2147483647,2147483647,2147483647,2147483647]	jP	4381260
h09C	1747990851	Tank Factory: Brazier	113017	hp	1	1	1400	1400	protected-runtime	5		5	static-resolved	fort		-		-	static-resolved	-		-	static-resolved	-		-	static-resolved	-		-	static-resolved	0		0	static-resolved	-		-	static-resolved					-		-	static-resolved	-		-	static-resolved	-		-	static-resolved	-		-	static-resolved	-		-	static-resolved					[2173,2147483647,2147483647,2147483647,2147483647,2147483647,2147483647,2147483647,2147483647,2147483647,2147483647,2147483647,2147483647,2147483647]	jP	4381510
h09D	1747990852	Tank Factory: Runes1	399381	hp	1	1	1400	1400	protected-runtime	5		5	static-resolved	fort		-		-	static-resolved	-		-	static-resolved	-		-	static-resolved	-		-	static-resolved	0		0	static-resolved	-		-	static-resolved					-		-	static-resolved	-		-	static-resolved	-		-	static-resolved	-		-	static-resolved	-		-	static-resolved					[2174,2147483647,2147483647,2147483647,2147483647,2147483647,2147483647,2147483647,2147483647,2147483647,2147483647,2147483647,2147483647,2147483647]	jP	4381760
h09E	1747990853	Tank Factory: Furnace Fire	685745	hp	1	1	1400	1400	protected-runtime	5		5	static-resolved	fort		-		-	static-resolved	-		-	static-resolved	-		-	static-resolved	-		-	static-resolved	0		0	static-resolved	-		-	static-resolved					-		-	static-resolved	-		-	static-resolved	-		-	static-resolved	-		-	static-resolved	-		-	static-resolved					[2175,2147483647,2147483647,2147483647,2147483647,2147483647,2147483647,2147483647,2147483647,2147483647,2147483647,2147483647,2147483647,2147483647]	jP	4382010
h09F	1747990854	Tank Factory: Mine	972109	hp	1	1	1400	1400	protected-runtime	5		5	static-resolved	fort		-		-	static-resolved	-		-	static-resolved	-		-	static-resolved	-		-	static-resolved	0		0	static-resolved	-		-	static-resolved					-		-	static-resolved	-		-	static-resolved	-		-	static-resolved	-		-	static-resolved	-		-	static-resolved					[2176,2147483647,2147483647,2147483647,2147483647,2147483647,2147483647,2147483647,2147483647,2147483647,2147483647,2147483647,2147483647,2147483647]	jP	4382259
h09G	1747990855	Tank Factory: Runes2	258470	hp	1	1	1400	1400	protected-runtime	5		5	static-resolved	fort		-		-	static-resolved	-		-	static-resolved	-		-	static-resolved	-		-	static-resolved	0		0	static-resolved	-		-	static-resolved					-		-	static-resolved	-		-	static-resolved	-		-	static-resolved	-		-	static-resolved	-		-	static-resolved					[2177,2147483647,2147483647,2147483647,2147483647,2147483647,2147483647,2147483647,2147483647,2147483647,2147483647,2147483647,2147483647,2147483647]	jP	4382509
h09K	1747990859	Aircraft: Fence	403923	hp	1	1	1400	1400	protected-runtime	5		5	static-resolved	fort		-		-	static-resolved	-		-	static-resolved	-		-	static-resolved	-		-	static-resolved	0		0	static-resolved	-		-	static-resolved					-		-	static-resolved	-		-	static-resolved	-		-	static-resolved	-		-	static-resolved	-		-	static-resolved					[2181,2147483647,2147483647,2147483647,2147483647,2147483647,2147483647,2147483647,2147483647,2147483647,2147483647,2147483647,2147483647,2147483647]	jP	4382759
h09N	1747990862	Arsenal: Trash1	263012	hp	1	1	1400	1400	protected-runtime	5		5	static-resolved	fort		-		-	static-resolved	-		-	static-resolved	-		-	static-resolved	-		-	static-resolved	0		0	static-resolved	-		-	static-resolved					-		-	static-resolved	-		-	static-resolved	-		-	static-resolved	-		-	static-resolved	-		-	static-resolved					[2184,2147483647,2147483647,2147483647,2147483647,2147483647,2147483647,2147483647,2147483647,2147483647,2147483647,2147483647,2147483647,2147483647]	jP	4383009
h09O	1747990863	Arsenal: Trash2	549376	hp	1	1	1400	1400	protected-runtime	5		5	static-resolved	fort		-		-	static-resolved	-		-	static-resolved	-		-	static-resolved	-		-	static-resolved	0		0	static-resolved	-		-	static-resolved					-		-	static-resolved	-		-	static-resolved	-		-	static-resolved	-		-	static-resolved	-		-	static-resolved					[2185,2147483647,2147483647,2147483647,2147483647,2147483647,2147483647,2147483647,2147483647,2147483647,2147483647,2147483647,2147483647,2147483647]	jP	4383259
h09R	1747990866	Spare Part Heap: Gobbo	408465	hp	1	1	1400	1400	protected-runtime	5		5	static-resolved	fort		-		-	static-resolved	-		-	static-resolved	-		-	static-resolved	-		-	static-resolved	0		0	static-resolved	-		-	static-resolved					-		-	static-resolved	-		-	static-resolved	-		-	static-resolved	-		-	static-resolved	-		-	static-resolved					[2188,2147483647,2147483647,2147483647,2147483647,2147483647,2147483647,2147483647,2147483647,2147483647,2147483647,2147483647,2147483647,2147483647]	jP	4383509
h09U	1747990869	Power Plant: Fence	267554	hp	1	1	1400	1400	protected-runtime	5		5	static-resolved	fort		-		-	static-resolved	-		-	static-resolved	-		-	static-resolved	-		-	static-resolved	0		0	static-resolved	-		-	static-resolved					-		-	static-resolved	-		-	static-resolved	-		-	static-resolved	-		-	static-resolved	-		-	static-resolved					[2191,2147483647,2147483647,2147483647,2147483647,2147483647,2147483647,2147483647,2147483647,2147483647,2147483647,2147483647,2147483647,2147483647]	jP	4383759
h09V	1747990870	Power Plant: Teleport	553918	hp	1	1	1400	1400	protected-runtime	5		5	static-resolved	fort		-		-	static-resolved	-		-	static-resolved	-		-	static-resolved	-		-	static-resolved	0		0	static-resolved	-		-	static-resolved					-		-	static-resolved	-		-	static-resolved	-		-	static-resolved	-		-	static-resolved	-		-	static-resolved					[2192,2147483647,2147483647,2147483647,2147483647,2147483647,2147483647,2147483647,2147483647,2147483647,2147483647,2147483647,2147483647,2147483647]	jP	4384009
h09W	1747990871	Race Ban	164443	move_speed	1	800		800	static-resolved	6		6	static-resolved	large		0	0	0	protected-runtime	19		19	static-resolved	2		2	static-resolved	5		5	static-resolved	1.36		1.36	static-resolved	100		100	static-resolved	21.0	29.0	25.0	18.38235294117647	-		-	static-resolved	-		-	static-resolved	-		-	static-resolved	-		-	static-resolved	-		-	static-resolved					[2147483647,2147483647,2147483647,2563,2147483647,2147483647,2147483647,2147483647,2147483647,2147483647,2147483647,2147483647,2147483647,2147483647]	jP	4384258
h09Z	1747990874	Corrupted	699371	hp	1	1	1400	1400	protected-runtime	5		5	static-resolved	fort		-		-	static-resolved	-		-	static-resolved	-		-	static-resolved	-		-	static-resolved	0		0	static-resolved	-		-	static-resolved					-		-	static-resolved	-		-	static-resolved	-		-	static-resolved	-		-	static-resolved	-		-	static-resolved					[2196,2147483647,2147483647,2147483647,2147483647,2147483647,2147483647,2147483647,2147483647,2147483647,2147483647,2147483647,2147483647,2147483647]	jP	4384508
h0A0	1747992880	Human BUild	143830	hp	1	1	1400	1400	protected-runtime	5		5	static-resolved	fort		-		-	static-resolved	-		-	static-resolved	-		-	static-resolved	-		-	static-resolved	0		0	static-resolved	-		-	static-resolved					-		-	static-resolved	-		-	static-resolved	-		-	static-resolved	-		-	static-resolved	-		-	static-resolved					[4202,2147483647,2147483647,2147483647,2147483647,2147483647,2147483647,2147483647,2147483647,2147483647,2147483647,2147483647,2147483647,2147483647]	jP	4384758
n003	1848651827	Murloc	781056	hp,armor,move_speed,attack1_base_damage,attack1_cooldown	5	1	180	180	protected-runtime	0	2	2	protected-runtime	none		280	280	280	protected-runtime	0	14	14	protected-runtime	1		1	static-resolved	2		2	static-resolved	99	1.25	1.25	protected-runtime	90		90	static-resolved	15.0	16.0	15.5	12.4	0		0	static-resolved	1		1	static-resolved	1		1	static-resolved	1		1	static-resolved	66		66	static-resolved	1.0	1.0	1.0	1.0	[2780,3948,2147483647,4318,564,2147483647,2147483647,1250876,2147483647,2147483647,2147483647,2147483647,2147483647,2147483647]	jP	4385008
n00F	1848651846	Sheep	130675	move_speed	1	15		15	static-resolved	0		0	static-resolved	small		50	50	50	protected-runtime	-		-	static-resolved	-		-	static-resolved	-		-	static-resolved	0		0	static-resolved	-		-	static-resolved					-		-	static-resolved	-		-	static-resolved	-		-	static-resolved	-		-	static-resolved	-		-	static-resolved					[2147483647,2147483647,2147483647,4093,2147483647,2147483647,2147483647,2147483647,2147483647,2147483647,2147483647,2147483647,2147483647,2147483647]	jP	4385236
n00T	1848651860	Forest Spider	276173	hp,move_speed,attack1_base_damage,attack1_cooldown,defense_type	5	1	150	150	protected-runtime	0		0	static-resolved	none	7	330	330	330	protected-runtime	0	10	10	protected-runtime	1		1	static-resolved	2		2	static-resolved	99	0.75	0.75	protected-runtime	100		100	static-resolved	11.0	12.0	11.5	15.333333333333334	-		-	static-resolved	-		-	static-resolved	-		-	static-resolved	-		-	static-resolved	-		-	static-resolved					[2783,2147483647,971,4377,567,2147483647,2147483647,750880,2147483647,2147483647,2147483647,2147483647,2147483647,2147483647]	jP	4385486
n00W	1848651863	Summoned Lobster	839002	hp,move_speed,attack1_base_damage,attack1_dice_sides,attack1_cooldown,attack1_range,defense_type	7	1	390	390	protected-runtime	6		6	static-resolved	large	2	300	300	300	protected-runtime	0	34	34	protected-runtime	1		1	static-resolved	1	16	16	protected-runtime	99	1.4	1.4	protected-runtime	1	90	90	protected-runtime	35.0	50.0	42.5	30.357142857142858	-		-	static-resolved	-		-	static-resolved	-		-	static-resolved	-		-	static-resolved	-		-	static-resolved					[3026,2147483647,967,4347,591,2147483647,1515,1400880,1616,2147483647,2147483647,2147483647,2147483647,2147483647]	jP	4385711
n01C	1848652099	Raised Tentacle	553557	hp,attack1_base_damage,attack1_dice_sides,attack1_cooldown,attack1_range,defense_type	6	1	225	225	protected-runtime	0		0	static-resolved	none	7	0		0	static-resolved	0	14	14	protected-runtime	1		1	static-resolved	1	13	13	protected-runtime	99	1	1	protected-runtime	1	120	120	protected-runtime	15.0	27.0	21.0	21.0	-		-	static-resolved	-		-	static-resolved	-		-	static-resolved	-		-	static-resolved	-		-	static-resolved					[3097,2147483647,1051,2147483647,618,2147483647,1546,1000910,1672,2147483647,2147483647,2147483647,2147483647,2147483647]	jP	4385926
n01Q	1848652113	Hydra	772011	hp,armor,move_speed,attack1_base_damage,attack1_dice_number,attack1_dice_sides,defense_type	7	1	950	950	protected-runtime	0	6	6	protected-runtime	medium	1	350	350	350	protected-runtime	0	74	74	protected-runtime	1	1	1	protected-runtime	1	51	51	protected-runtime	1.5		1.5	static-resolved	500		500	static-resolved	75.0	125.0	100.0	66.66666666666667	-		-	static-resolved	-		-	static-resolved	-		-	static-resolved	-		-	static-resolved	-		-	static-resolved					[3836,4095,1050,4460,681,4056,1586,2147483647,2147483647,2147483647,2147483647,2147483647,2147483647,2147483647]	jP	4386146
n01R	1848652114	Lesser Hydra	357957	hp,armor,move_speed,attack1_base_damage,attack1_dice_number,attack1_dice_sides,defense_type	7	1	450	450	protected-runtime	0	3	3	protected-runtime	medium	1	350	350	350	protected-runtime	0	39	39	protected-runtime	1	1	1	protected-runtime	1	21	21	protected-runtime	1.5		1.5	static-resolved	500		500	static-resolved	40.0	60.0	50.0	33.333333333333336	-		-	static-resolved	-		-	static-resolved	-		-	static-resolved	-		-	static-resolved	-		-	static-resolved					[3337,4093,1050,4460,646,4056,1556,2147483647,2147483647,2147483647,2147483647,2147483647,2147483647,2147483647]	jP	4386359
n021	1848652337	Raised Tentacle	707985	hp,attack1_base_damage,attack1_dice_sides,attack1_cooldown,attack1_range,defense_type	6	1	225	225	protected-runtime	0		0	static-resolved	none	7	0		0	static-resolved	0	14	14	protected-runtime	1		1	static-resolved	1	13	13	protected-runtime	99	1	1	protected-runtime	1	120	120	protected-runtime	15.0	27.0	21.0	21.0	-		-	static-resolved	-		-	static-resolved	-		-	static-resolved	-		-	static-resolved	-		-	static-resolved					[3335,2147483647,1130,2147483647,666,2147483647,1580,1000940,1699,2147483647,2147483647,2147483647,2147483647,2147483647]	jP	4386571
n02E	1848652357	Tornado	464130	move_speed	1	500		500	static-resolved	0		0	static-resolved	large		0	0	0	protected-runtime	-		-	static-resolved	-		-	static-resolved	-		-	static-resolved	-		-	static-resolved	-		-	static-resolved					-		-	static-resolved	-		-	static-resolved	-		-	static-resolved	-		-	static-resolved	-		-	static-resolved					[2147483647,2147483647,2147483647,4171,2147483647,2147483647,2147483647,2147483647,2147483647,2147483647,2147483647,2147483647,2147483647,2147483647]	jP	4386793
n02F	1848652358	Tornado (-na)	750494	move_speed	1	500		500	static-resolved	0		0	static-resolved	large		0	0	0	protected-runtime	-		-	static-resolved	-		-	static-resolved	-		-	static-resolved	-		-	static-resolved	-		-	static-resolved					-		-	static-resolved	-		-	static-resolved	-		-	static-resolved	-		-	static-resolved	-		-	static-resolved					[2147483647,2147483647,2147483647,4171,2147483647,2147483647,2147483647,2147483647,2147483647,2147483647,2147483647,2147483647,2147483647,2147483647]	jP	4387043
n02K	1848652363	Twin Weeper	741001	hp,armor,move_speed,attack1_base_damage,attack1_dice_sides,attack1_cooldown,defense_type	7	1	450	450	protected-runtime	0	15	15	protected-runtime	divine	6	300	300	300	protected-runtime	0	100	100	protected-runtime	1		1	static-resolved	1	1	1	protected-runtime	99	1	1	protected-runtime	90		90	static-resolved	101.0	101.0	101.0	101.0	0		0	static-resolved	1		1	static-resolved	1		1	static-resolved	1		1	static-resolved	66		66	static-resolved	1.0	1.0	1.0	1.0	[3586,136,1138,4472,757,2147483647,1571,1000943,2147483647,2147483647,2147483647,2147483647,2147483647,2147483647]	jP	4387293
tec1	1952801585	Tech Level 1	328492	hp	1	1	4444	4444	protected-runtime	0		0	static-resolved	small		270		270	static-resolved	7		7	static-resolved	1		1	static-resolved	2		2	static-resolved	2		2	static-resolved	600		600	static-resolved	8.0	9.0	8.5	4.25	-		-	static-resolved	-		-	static-resolved	-		-	static-resolved	-		-	static-resolved	-		-	static-resolved					[6324,2147483647,2147483647,2147483647,2147483647,2147483647,2147483647,2147483647,2147483647,2147483647,2147483647,2147483647,2147483647,2147483647]	jP	4387508
tec2	1952801586	Tech Level 2	614856	hp	1	1	4444	4444	protected-runtime	0		0	static-resolved	small		270		270	static-resolved	7		7	static-resolved	1		1	static-resolved	2		2	static-resolved	2		2	static-resolved	600		600	static-resolved	8.0	9.0	8.5	4.25	-		-	static-resolved	-		-	static-resolved	-		-	static-resolved	-		-	static-resolved	-		-	static-resolved					[6325,2147483647,2147483647,2147483647,2147483647,2147483647,2147483647,2147483647,2147483647,2147483647,2147483647,2147483647,2147483647,2147483647]	jP	4387758
tec3	1952801587	Tech Level 3	901220	hp	1	1	4444	4444	protected-runtime	0		0	static-resolved	small		270		270	static-resolved	7		7	static-resolved	1		1	static-resolved	2		2	static-resolved	2		2	static-resolved	600		600	static-resolved	8.0	9.0	8.5	4.25	-		-	static-resolved	-		-	static-resolved	-		-	static-resolved	-		-	static-resolved	-		-	static-resolved					[6326,2147483647,2147483647,2147483647,2147483647,2147483647,2147483647,2147483647,2147483647,2147483647,2147483647,2147483647,2147483647,2147483647]	jP	4388007
u006	1966092342	Corrupted Builder	416442	move_speed	1	250		250	static-resolved	0		0	static-resolved	small		550	550	550	protected-runtime	-		-	static-resolved	-		-	static-resolved	-		-	static-resolved	0		0	static-resolved	-		-	static-resolved					-		-	static-resolved	-		-	static-resolved	-		-	static-resolved	-		-	static-resolved	-		-	static-resolved					[2147483647,2147483647,2147483647,1535,2147483647,2147483647,2147483647,2147483647,2147483647,2147483647,2147483647,2147483647,2147483647,2147483647]	jP	4388257
z001	2049978417	Flamegunner Sergeant	733898	hp,armor,attack1_base_damage,attack1_dice_number,attack1_dice_sides,attack1_range,defense_type	7	1	700	700	protected-runtime	0	7	7	protected-runtime	small	0	270		270	static-resolved	0	59	59	protected-runtime	1	1	1	protected-runtime	1	1	1	protected-runtime	0.9		0.9	static-resolved	1	70	70	protected-runtime	60.0	60.0	60.0	66.66666666666667	-		-	static-resolved	-		-	static-resolved	-		-	static-resolved	-		-	static-resolved	-		-	static-resolved					[3406,4006,989,2147483647,3086,4026,925,2147483647,2968,2147483647,2147483647,2147483647,2147483647,2147483647]	jP	4388507
h078	1747990328	Desert Builder	648480	move_speed	1	220		220	static-resolved	0		0	static-resolved	medium		550	550	550	protected-runtime	4		4	static-resolved	1		1	static-resolved	2		2	static-resolved	2		2	static-resolved	90		90	static-resolved	5.0	6.0	5.5	2.75	0		0	static-resolved	1		1	static-resolved	1		1	static-resolved	1.1		1.1	static-resolved	66		66	static-resolved	1.0	1.0	1.0	0.9090909090909091	[2147483647,2147483647,2147483647,2978,2147483647,2147483647,2147483647,2147483647,2147483647,2147483647,2147483647,2147483647,2147483647,2147483647]	jP	4388719
h07F	1747990342	Matriarchs	354179	hp	1	1	1400	1400	protected-runtime	5		5	static-resolved	fort		-		-	static-resolved	-		-	static-resolved	-		-	static-resolved	-		-	static-resolved	0		0	static-resolved	-		-	static-resolved					-		-	static-resolved	-		-	static-resolved	-		-	static-resolved	-		-	static-resolved	-		-	static-resolved					[1664,2147483647,2147483647,2147483647,2147483647,2147483647,2147483647,2147483647,2147483647,2147483647,2147483647,2147483647,2147483647,2147483647]	jP	4388968
h07G	1747990343	AltarOfSand: Cloud	640543	hp	1	1	1400	1400	protected-runtime	5		5	static-resolved	fort		-		-	static-resolved	-		-	static-resolved	-		-	static-resolved	-		-	static-resolved	0		0	static-resolved	-		-	static-resolved					-		-	static-resolved	-		-	static-resolved	-		-	static-resolved	-		-	static-resolved	-		-	static-resolved					[1665,2147483647,2147483647,2147483647,2147483647,2147483647,2147483647,2147483647,2147483647,2147483647,2147483647,2147483647,2147483647,2147483647]	jP	4389218
e00I	1697656905	quicksand	697799	move_speed,defense_type	2	120		120	static-resolved	0		0	static-resolved	divine	6	522	522	522	protected-runtime	-		-	static-resolved	-		-	static-resolved	-		-	static-resolved	0		0	static-resolved	-		-	static-resolved					-		-	static-resolved	-		-	static-resolved	-		-	static-resolved	-		-	static-resolved	-		-	static-resolved					[2147483647,2147483647,940,1476,2147483647,2147483647,2147483647,2147483647,2147483647,2147483647,2147483647,2147483647,2147483647,2147483647]	jP	4389468
X075	1479554869	Ultimate Builder	477467	move_speed	1	220		220	static-resolved	0		0	static-resolved	medium		550	550	550	protected-runtime	4		4	static-resolved	1		1	static-resolved	2		2	static-resolved	2		2	static-resolved	90		90	static-resolved	5.0	6.0	5.5	2.75	0		0	static-resolved	1		1	static-resolved	1		1	static-resolved	1.1		1.1	static-resolved	66		66	static-resolved	1.0	1.0	1.0	0.9090909090909091	[2147483647,2147483647,2147483647,2941,2147483647,2147483647,2147483647,2147483647,2147483647,2147483647,2147483647,2147483647,2147483647,2147483647]	jP	4389711
otot	1869901684		788789	hp	1	99999	99999	99999	protected-runtime	0		0	static-resolved	small		-		-	static-resolved	-		-	static-resolved	-		-	static-resolved	-		-	static-resolved	0		0	static-resolved	-		-	static-resolved					-		-	static-resolved	-		-	static-resolved	-		-	static-resolved	-		-	static-resolved	-		-	static-resolved					[101600,2147483647,2147483647,2147483647,2147483647,2147483647,2147483647,2147483647,2147483647,2147483647,2147483647,2147483647,2147483647,2147483647]	jP	4389961
h07W	1747990359	Snowveil Fountain	533944	hp	1	900	900	900	protected-runtime	5		5	static-resolved	fort		-		-	static-resolved	-		-	static-resolved	-		-	static-resolved	-		-	static-resolved	0		0	static-resolved	-		-	static-resolved					-		-	static-resolved	-		-	static-resolved	-		-	static-resolved	-		-	static-resolved	-		-	static-resolved					[1181,2147483647,2147483647,2147483647,2147483647,2147483647,2147483647,2147483647,2147483647,2147483647,2147483647,2147483647,2147483647,2147483647]	jP	4390213
h081	1747990577	Tiny Watch Tower	295936	hp,armor,attack1_dice_sides,attack1_cooldown,attack1_range,defense_type	6	1	750	750	protected-runtime	0	3	3	protected-runtime	fort	3	-		-	static-resolved	22		22	static-resolved	1		1	static-resolved	1	8	8	protected-runtime	99	0.5	0.5	protected-runtime	1	900	900	protected-runtime	23.0	30.0	26.5	53.0	-		-	static-resolved	-		-	static-resolved	-		-	static-resolved	-		-	static-resolved	-		-	static-resolved					[1249,852,1620,2147483647,2147483647,2147483647,4125,500102,4008,2147483647,2147483647,2147483647,2147483647,2147483647]	jP	4390463
