table	rawcode	base_rawcode	name	tip	ubertip	race	is_building	build_time	gold_cost	lumber_cost	hp	hp_regen	hp_regen_type	mana_max	mana_start	mana_regen	armor	armor_type	move_type	move_speed	collision	acquisition_range	abilities	classifications	pathing_texture	attack1_enabled	attack1_type	attack1_weapon_type	attack1_range	attack1_cooldown	attack1_dice	attack1_sides	attack1_bonus	attack1_min	attack1_max	attack1_avg	attack1_dps	attack1_targets	attack1_full_aoe	attack1_half_aoe	attack1_quarter_aoe	attack1_half_factor	attack1_quarter_factor	attack1_splash_targets	attack1_projectile_speed	attack2_enabled	attack2_type	attack2_weapon_type	attack2_range	attack2_cooldown	attack2_dice	attack2_sides	attack2_bonus	attack2_min	attack2_max	attack2_avg	attack2_dps	attack2_targets	protection_conflict_fields
original	hcas	hcas	Main Castle	Upgrade to Castle	Upgrade to Castle to enable the production of additional types of structures and units.	human	1	1	380	230	5000	0.5	always	 - 	 - 	 - 	5	fort	_	-	172	-	Ane2,Aall,Apit,Asid	mechanical,townhall	PathTextures\16x16Simple.tga	False	normal	_	-	-	-	-	-					_	 - 	 - 	 - 	-	-	_	1800	False	normal	_	-	-	-	-	-					_	uhpm
original	hfoo	hfoo	Footman	Trains Footman	|cffffac00Unit|r / |cffffffffSpawn rate: |r|cffffff0020|rs|n|n|cffffffffAttack |r|cff959697(ground)|r|cffffffff: |rNormal (|cffffff0090|r range, |cffffff0018|r dps)|n|cffffffffArmor:|r Heavy (|cffffff004|r) / |cffffffffHP:|r |cffffff00250|r	human	0	20	0	0	250	0.25	always	 - 	 - 	 - 	4	large	foot	270	16	800		sapper,ward	_	True	normal	normal	90	1.35	1	2	24	25.0	26.0	25.5	18.88888888888889	debris,ground,item,structure,ward	 - 	 - 	 - 	-	-	_		False	normal	_	-	-	-	-	-					_	ua1b,udef,uhpm
original	hmtm	hmtm	Mortar	Trains Mortar	|cffffac00Unit|r / |cffffffffSpawn rate: |r|cffffff0025|rs|n|n|cffffffffAttack |r|cff959697(ground)|r|cffffffff: |rSiege (|cffffff001000|r range, |cffffff0021|r dps)|n|cffffffffArmor:|r Light (|cffffff000|r) / |cffffffffHP:|r |cffffff00280|r|n|n|cff80ff00Hazardous Munitions|r • Attacks splash to nearby ground targets as siege damage at |cffffff0050|r% value.	human	0	25	0	0	280	0.25	always	 - 	 - 	 - 	0	small	foot	270	16	1200	A0CV	sapper,ward	_	True	siege	artillery	1000	3.5	1	13	67	68.0	80.0	74.0	21.142857142857142	debris,ground,item,structure,tree,wall,ward	25	130	220	0.5	0.2	debris,enemies,ground,structure	900	False	siege	missile	1000	3.5	1	13	51	52.0	64.0	58.0	16.571428571428573	structure	ua1b,ua1r,uhpm
original	hrif	hrif	Sniper	Trains Sniper	|cffffac00Unit|r / |cffffffffSpawn rate: |r|cffffff0022|rs|n|n|cffffffffAttack |r|cff959697(all)|r|cffffffff: |rPierce (|cffffff00500|r range, |cffffff0024|r dps)|n|cffffffffArmor:|r Medium (|cffffff000|r) / |cffffffffHP:|r |cffffff00270|r|n|n|cff80ff00Critical Strike|r • Attacks have a |cffffff0010|r% chance to deal |cffffff0050|r% more damage.	human	0	22	0	0	270	0.25	always	 - 	 - 	 - 	0	medium	foot	270	16	800	A0CV,A02L	sapper,ward	_	True	pierce	instant	500	1.5	1	5	31	32.0	36.0	34.0	22.666666666666668	air,debris,ground,item,structure,ward	 - 	 - 	 - 	-	-	_	1900	False	normal	_	-	-	-	-	-					_	ua1b,ua1r,ua1s,uhpm
original	nalb	nalb	Albatross	Invoke Albatross	Call upon the spirit of Albatross to save you.	critters	0	1	0	0	15	0.5	always	 - 	 - 	 - 	0	medium	fly	100	16	500	Awan	mechanical	_	False	normal	_	-	0	-	-	-					_	 - 	 - 	 - 	-	-	_		False	normal	_	-	-	-	-	-					_	
original	ncp2	ncp2	Circle of Power	Build Circle of Power		other	1	3	0	0	150000	-	none	 - 	 - 	 - 	0	fort	_	-	16	500	Aloc,Avul	standon	PathTextures\6x6unbuildable.tga	False	normal	_	-	0	-	-	-					_	 - 	 - 	 - 	-	-	_		False	normal	_	-	-	-	-	-					_	
original	ncrb	ncrb	Crab	Invoke Crab	Call upon the spirit of Crab to save you.	critters	0	1	0	0	15	0.5	always	 - 	 - 	 - 	0	medium	foot	100	16	500	Awan	mechanical	_	False	normal	_	-	0	-	-	-					_	 - 	 - 	 - 	-	-	_		False	normal	_	-	-	-	-	-					_	
original	nder	nder	Stag	Invoke Stag	Call upon the spirit of Stag to save you.	critters	0	1	0	0	15	0.5	always	 - 	 - 	 - 	0	medium	foot	190	16	500	Awan	mechanical	_	False	normal	_	-	0	-	-	-					_	 - 	 - 	 - 	-	-	_		False	normal	_	-	-	-	-	-					_	
original	ndog	ndog	Dog	Invoke Dog	Call upon the spirit of Dog to save you.	critters	0	1	0	0	15	0.5	always	 - 	 - 	 - 	0	medium	foot	190	16	500	Awan	mechanical	_	False	normal	_	-	0	-	-	-					_	 - 	 - 	 - 	-	-	_		False	normal	_	-	-	-	-	-					_	
original	ndwm	ndwm	Dune Worm	Invoke Dune Worm	Call upon the spirit of Dune Worm to save you.	critters	0	1	0	0	15	0.5	always	 - 	 - 	 - 	0	medium	foot	100	16	500	Awan	mechanical	_	False	normal	_	-	0	-	-	-					_	 - 	 - 	 - 	-	-	_		False	normal	_	-	-	-	-	-					_	
original	nech	nech	Chicken	Invoke Chicken	Call upon the spirit of fearsome Chicken to save you.	critters	0	1	0	0	15	0.5	always	 - 	 - 	 - 	0	medium	foot	100	16	500	Awan	mechanical	_	False	normal	_	-	0	-	-	-					_	 - 	 - 	 - 	-	-	_		False	normal	_	-	-	-	-	-					_	
original	necr	necr	Rabbit	Invoke Rabbit	Call upon the spirit of fearsome Rabbit to save you.	critters	0	1	0	0	15	0.5	always	 - 	 - 	 - 	0	medium	foot	100	16	500	Awan	mechanical	_	False	normal	_	-	0	-	-	-					_	 - 	 - 	 - 	-	-	_		False	normal	_	-	-	-	-	-					_	
original	nfbr	nfbr	Fel Boar	Invoke Fel Boar	Call upon the spirit of Fel Boar to save you.	critters	0	1	0	0	15	0.5	always	 - 	 - 	 - 	0	medium	foot	100	16	500	Awan	mechanical	_	False	normal	_	-	0	-	-	-					_	 - 	 - 	 - 	-	-	_		False	normal	_	-	-	-	-	-					_	
original	nfro	nfro	Frog	Invoke Frog	Call upon the spirit of fearsome Frog to save you.	critters	0	1	0	0	15	0.5	always	 - 	 - 	 - 	0	medium	foot	100	16	500	Awan	mechanical	_	False	normal	_	-	0	-	-	-					_	 - 	 - 	 - 	-	-	_		False	normal	_	-	-	-	-	-					_	
original	nhmc	nhmc	Hermit Crab	Invoke Hermit Crab	Call upon the spirit of Hermit Crab to save you.	critters	0	1	0	0	15	0.5	always	 - 	 - 	 - 	0	medium	foot	100	16	500	Awan	mechanical	_	False	normal	_	-	0	-	-	-					_	 - 	 - 	 - 	-	-	_		False	normal	_	-	-	-	-	-					_	
original	nmrk	nmrk	Marketplace	Build Marketplace		other	1	3	50	0	150000	-	none	 - 	 - 	 - 	0	fort	_	-	50	500	Avul	Mechanical,neutral	PathTextures\12x12Simple.tga	False	normal	_	-	0	-	-	-					_	 - 	 - 	 - 	-	-	_		False	normal	_	-	-	-	-	-					_	
original	npig	npig	Pig	Invoke Pig	Call upon the spirit of Pig to save you.	critters	0	1	0	0	15	0.5	always	 - 	 - 	 - 	0	medium	foot	100	16	500	Awan	mechanical	_	False	normal	_	-	0	-	-	-					_	 - 	 - 	 - 	-	-	_		False	normal	_	-	-	-	-	-					_	
original	npng	npng	Penguin	Invoke Penguin	Call upon the spirit of Penguin to save you.	critters	0	1	0	0	15	0.5	always	 - 	 - 	 - 	0	medium	amph	100	16	500	Awan	mechanical	_	False	normal	_	-	0	-	-	-					_	 - 	 - 	 - 	-	-	_		False	normal	_	-	-	-	-	-					_	
original	npnw	npnw	Penguin	Invoke Penguin	Call upon the spirit of Penguin to save you.	critters	0	1	0	0	15	0.5	always	 - 	 - 	 - 	0	medium	float	100	16	500	Awan	mechanical	_	False	normal	_	-	0	-	-	-					_	 - 	 - 	 - 	-	-	_		False	normal	_	-	-	-	-	-					_	
original	nrac	nrac	Raccoon	Invoke Raccoon	Call upon the spirit of fearsome Raccoon to save you.	critters	0	1	0	0	15	0.5	always	 - 	 - 	 - 	0	medium	foot	100	16	500	Awan	mechanical	_	False	normal	_	-	0	-	-	-					_	 - 	 - 	 - 	-	-	_		False	normal	_	-	-	-	-	-					_	
original	nrat	nrat	Rat	Invoke Rat	Call upon the spirit of Rat to save you.	critters	0	1	0	0	15	0.5	always	 - 	 - 	 - 	0	medium	foot	100	16	500	Awan	mechanical	_	False	normal	_	-	0	-	-	-					_	 - 	 - 	 - 	-	-	_		False	normal	_	-	-	-	-	-					_	
original	nsea	nsea	Seal	Invoke Seal	Call upon the spirit of Seal to save you.	critters	0	1	0	0	15	0.5	always	 - 	 - 	 - 	0	medium	foot	100	16	500	Awan	mechanical	_	False	normal	_	-	0	-	-	-					_	 - 	 - 	 - 	-	-	_		False	normal	_	-	-	-	-	-					_	
original	nshe	nshe	Sheep	Invoke Sheep	Call upon the spirit of Sheep to save you.	critters	0	1	0	0	15	0.5	always	 - 	 - 	 - 	0	medium	foot	100	16	500	Awan	mechanical	_	False	normal	_	-	0	-	-	-					_	 - 	 - 	 - 	-	-	_		False	normal	_	-	-	-	-	-					_	
original	nshp	nshp	Goblin Shipyard	Build Goblin Shipyard		other	1	3	50	0	150000	-	none	 - 	 - 	 - 	0	fort	float	-	50	500	Avul	Mechanical,neutral	PathTextures\8x8SimpleSolid.tga	False	normal	_	-	0	-	-	-					_	 - 	 - 	 - 	-	-	_		False	normal	_	-	-	-	-	-					_	
original	nskk	nskk	Skink	Invoke Skink	Call upon the spirit of Skink to save you.	critters	0	1	0	0	15	0.5	always	 - 	 - 	 - 	0	medium	foot	200	16	500	Awan	mechanical	_	False	normal	_	-	0	-	-	-					_	 - 	 - 	 - 	-	-	_		False	normal	_	-	-	-	-	-					_	
original	nsno	nsno	Snowy Owl	Invoke Snowy Owl	Call upon the spirit of Snowy Owl to save you.	critters	0	1	0	0	15	0.5	always	 - 	 - 	 - 	0	medium	fly	100	16	500	Awan	mechanical	_	False	normal	_	-	0	-	-	-					_	 - 	 - 	 - 	-	-	_		False	normal	_	-	-	-	-	-					_	
original	nvul	nvul	Vulture	Invoke Vulture	Call upon the spirit of Vulture to save you.	critters	0	1	0	0	15	0.5	always	 - 	 - 	 - 	0	medium	fly	100	16	500	Awan	mechanical	_	False	normal	_	-	0	-	-	-					_	 - 	 - 	 - 	-	-	_		False	normal	_	-	-	-	-	-					_	
original	otot	otot	Stasis Trap			orc	0	1	0	0	99999	-	none	 - 	 - 	 - 	0	medium	foot	-	16	-	Avul,Aeth	Ward	_	False	normal	_	-	-	-	-	-					_	 - 	 - 	 - 	-	-	_		False	normal	_	-	-	-	-	-					_	uhpm
custom	h07W	hbla	Snowveil Fountain	Build Snowveil Fountain	|cffffac00Utility|r|n|n|cff80ff00Snowfall|r • Covers the ground under a random enemy with snow. Allies standing in that area take |cffffff0020|r% less damage • Cooldown: |cffffff0015|rs.|n|n|cff80ff00Winter's Wrath|r • Choose an area to detonate the snow like gunpowder. It is consumed in the process but all enemies there take |cffffff00350|r true damage. Does not cast automatically and damage from the explosions does not overlap. • Cooldown: |cffffff0020|rs.	nightelf	1	2	210	475	900	0.5	always	17	 - 	1	5	fort	_	-	72	25000	A0HO,AM0{	Mechanical	PathTextures\4x4SimpleSolid.tga	False	normal	_	-	-	-	-	-					_	 - 	 - 	 - 	-	-	_		False	normal	_	-	-	-	-	-					_	uabi,uhpm
custom	x001	ewsp	Effect Dummy Unit		Basic worker unit. Can harvest gold and lumber, create Night Elf buildings and Renew. |nCan Detonate to dispel magic, hurt summoned creatures and drain mana in an area.	commoner	0	14	60	0	120	0.5	night	1000	1000	0.1	0	divine	hover	522	0	2147483648	Avul,Aloc,AM03	_	_	True	unknown	instant	2147483647	0	1	1	-1	0.0	0.0	0.0		air,debris,ground,invulnerable,item,structure,vulnerable,ward	 - 	 - 	 - 	-	-	_	2147483647	False	normal	_	-	-	-	-	-					_	
custom	x002	uloc	Feathered Friend			commoner	0	20	0	0	65	0.25	always	-	-	-	0	small	fly	400	0	950	Aloc	_	_	True	chaos	missile	550	1	3	5	25	28.0	40.0	34.0	34.0	ground,debris,air,item	 - 	 - 	 - 	-	-	_	1200	False	normal	_	-	-	-	-	-					_	
custom	h081	hgtw	Tiny Watch Tower	Build Watch Tower [|cffffcc00Y|r]	|cffFFAC00Base Defense|r:|nThis is a tower to protect key positions.|n|n|cffFFFF80Attack Type:|cffFFFF00 Pierce|n|cffFFFF80Range:|cffFFFF00 900|n|cffFFFF80Average DPS:|cffFFFF00 90|r	human	1	10	0	300	1	2	always	 - 	 - 	 - 	0	fort	_	-	72	1000	A09A	Mechanical	PathTextures\4x4SimpleSolid.tga	True	pierce	missile	1	99	1	1	22	23.0	23.0	23.0	0.23232323232323232	air,enemies,ground	 - 	 - 	 - 	-	-	_	1800	False	normal	_	-	-	-	-	-					_	
custom	h082	hgtw	Tiny Multishot Tower	Upgrade to Tiny Multishot Tower	|cffFFAC00Base Defense|r:|nA tiny tower upgraded with multishot.|n|n|cffFFFF80Attack Type:|cffFFFF00 Pierce|n|cffFFFF80Range:|cffFFFF00 900|n|cffFFFF80Projectiles:|cffFFFF00 3|n|cffFFFF80Upgrade Cost:|cffFFFF00 100g / 600w|r	human	1	10	100	600	1000	2.5	always	 - 	 - 	 - 	4	fort	_	-	72	1000	A09A,AM05	Mechanical	PathTextures\4x4SimpleSolid.tga	True	pierce	missile	900	0.5	1	10	22	23.0	32.0	27.5	55.0	air,enemies,ground	 - 	 - 	 - 	-	-	_	1800	False	normal	_	-	-	-	-	-					_	
custom	e00E	ewsp	Twins	Trains Twins	|cffffac00Unit|r / |cffffac00Legendary|r / |cffffffffSpawn rate: |r|cffffff0060|rs|n|n|cffffffffAttack |r|cff959697(all)|r|cffffffff: |rChaos (|cffffff00500|r range, |cffffff00100|r dps)|n|cffffffffArmor:|r Divine (|cffffff0015|r) / |cffffffffHitpoints:|r |cffffff00475|r|n|n|cff80ff00Immune|r • Has immunity to certain spells|n|n|cff80ff00Extreme Spell Resistance|r • Spell damage reduction to 90%|n|n|cff80ff00Bash|r • 15% chance on each attack to stun for 2 seconds|n|n|cff80ff00Evade|r • 15% chance to evade an attack|n|n|cffffcc00Twin Smiley:|r|n|cff80ff00Critical Strike|r • Attacks have a 30% chance to deal 300% more damage|n|n|cff80ff00Thunder Clap|r • Slows units attack and movement speed by 50% for 5 seconds|n|n|cffffcc00Twin Weeper:|r|nCan't Attack Air|n|n|cff80ff00Cleaving Attack|r • Attacks splash to nearby targets as chaos damage at 30% value|n|n|cff80ff00Smile and Cry|r • Releases poisonous gas which makes enemy smile by taking 40 hit points per second in 400 range area	commoner	0	60	0	0	120	0.5	night	1000	1000	 - 	0	divine	fly	0	0	-	A0FO,Avul,Aloc,Aeth	giant,tauren,ward	_	False	normal	_	-	-	-	-	-					_	 - 	 - 	 - 	-	-	_		False	normal	_	-	-	-	-	-					_	
custom	h007	hbla	Demon Gate	Build Demon Gate	|cffffac00Production|r / |cffffffffTraining time: |r|cffffff0040|rs|n|n|cffffcc00Infernal|r|n|cffffffffAttack |r|cff959697(all)|r|cffffffff: |rChaos (|cffffff00100|r range, |cffffff0090|r dps)|n|cffffffffArmor:|r Heavy (|cffffff007|r) / |cffffffffHP:|r |cffffff001600|r (|cffffff00+5|r/s)|n|n|cff80ff00Immolation|r • Deals 33 damage per second to all enemies in 300 range	naga	1	2	500	0	1	0.5	always	40	40	 - 	5	fort	_	-	72	-		Mechanical	PathTextures\4x4SimpleSolid.tga	False	normal	_	-	-	-	-	-					_	 - 	 - 	 - 	-	-	_		False	normal	_	-	-	-	-	-					_	
custom	h009	hbla	Dragon Nest	Build Dragon Nest	|cffffac00Production|r / |cffffffffTraining time: |r|cffffff0032|rs|n|n|cffffcc00Red Dragon|r|n|cffffffffAttack |r|cff959697(all)|r|cffffffff: |rChaos (|cffffff00400|r range, |cffffff0050|r dps)|n|cffffffffArmor:|r Heavy (|cffffff006|r) / |cffffffffHP:|r |cffffff00800|r|n|n|cff80ff00Splash Damage|r • Attacks splash to nearby targets as chaos damage at |cffffff0050|r% value.	naga	1	2	350	0	1	0.5	always	32	32	 - 	5	fort	_	-	72	-		Mechanical	PathTextures\4x4SimpleSolid.tga	False	normal	_	-	-	-	-	-					_	 - 	 - 	 - 	-	-	_		False	normal	_	-	-	-	-	-					_	
custom	h01C	hbla	Altar of Greed	Build Altar of Greed	|cffffac00Production|r / |cffffffffTraining time: |r|cffffff0026|rs|n|n|cffffcc00Succubus|r|n|cffffffffAttack |r|cff959697(all)|r|cffffffff: |rMagic (|cffffff00360|r range, |cffffff0047|r dps)|n|cffffffffArmor:|r Light (|cffffff002|r) / |cffffffffHP:|r |cffffff00450|r (|cffffff00+1.5|r/s) / |cffffffffMP:|r |cffffff00150|r (|cffffff00+1.5|r/s)|n|n|cff80ff00Curse|r • Curses target enemy to miss 35% of his attacks for 45 seconds • Cooldown: |cffffff006.5|rs. • Mana cost: |cffffff0020|r.	naga	1	2	230	0	1	0.5	always	26	26	 - 	5	fort	_	-	72	-		Mechanical	PathTextures\4x4SimpleSolid.tga	False	normal	_	-	-	-	-	-					_	 - 	 - 	 - 	-	-	_		False	normal	_	-	-	-	-	-					_	
custom	h01D	hbla	Chaos Citadel	Build Chaos Citadel	|cffffac00Production|r / |cffffffffTraining time: |r|cffffff0023|rs|n|n|cffffcc00Chaos Warrior|r|n|cffffffffAttack |r|cff959697(ground)|r|cffffffff: |rNormal (|cffffff00100|r range, |cffffff0027|r dps)|n|cffffffffArmor:|r Medium (|cffffff005|r) / |cffffffffHP:|r |cffffff00400|r|n|n|cff80ff00Cleaving Attack|r • Attacks splash to nearby targets as normal damage at 25% value	naga	1	2	160	0	1200	0.5	always	23	23	 - 	5	fort	_	-	72	-		Mechanical	PathTextures\4x4SimpleSolid.tga	False	normal	_	-	-	-	-	-					_	 - 	 - 	 - 	-	-	_		False	normal	_	-	-	-	-	-					_	
custom	h01E	hbla	Shrine of Destruction	Build Shrine of Destruction	|cffffac00Utility|r / |cffffac00Legendary|r|n|n|cff80ff00Hell's Fist|r • Disables random enemy building for 6 minutes in early game stage and for 20 minutes in late game, dealing 400 chaos damage to it.In very rare cases can target legendary buildings and Main Castle.Has an extra chance to target same building, also it causes buildings to take damage over time. • Cooldown: |cffffff0040|rs.	naga	1	2	850	1800	1	4	always	43	 - 	1	5	fort	_	-	72	99999	A06V,A01E	Mechanical	PathTextures\4x4SimpleSolid.tga	False	normal	_	-	-	-	-	-					_	 - 	 - 	 - 	-	-	_		False	normal	_	-	-	-	-	-					_	
custom	h01F	hbla	Volcano	Build Volcano	|cffffac00Utility|r|n|n|cff80ff00Eruption|r • Damages the area around a random enemy unit dealing 100 dps spell damage for 2.75 seconds. Cannot damage more than 6 units concurrently. Deals only 40% damage to buildings. • Cooldown: |cffffff0012|rs.	naga	1	2	340	660	1	0.5	always	15	 - 	1	5	fort	_	-	72	99999	A01J	Mechanical	PathTextures\4x4SimpleSolid.tga	False	normal	_	-	-	-	-	-					_	 - 	 - 	 - 	-	-	_		False	normal	_	-	-	-	-	-					_	
custom	h01I	hbla	Lesser Demon Cage	Build Lesser Demon Cage	|cffffac00Production|r / |cff959697-> Legendary|r / |cffffffffTraining time: |r|cffffff0021|rs|n|n|cffffcc00Satyr|r|n|cffffffffAttack |r|cff959697(all)|r|cffffffff: |rNormal (|cffffff00275|r range, |cffffff0020|r dps)|n|cffffffffArmor:|r Light (|cffffff003|r) / |cffffffffHP:|r |cffffff00250|r	naga	1	2	120	0	1200	0.5	always	21	21	 - 	5	fort	_	-	72	-		Mechanical	PathTextures\4x4SimpleSolid.tga	False	normal	_	-	-	-	-	-					_	 - 	 - 	 - 	-	-	_		False	normal	_	-	-	-	-	-					_	
custom	h01M	hbla	Eraser (Level 1)	Build Eraser (Level 1)	|cffffac00Utility|r / |cffffac00Legendary|r|n|n|cff80ff00Erase|r • Picks a random enemy unit and then kills all units of that type that the enemy controls. • Cooldown: |cffffff0050|rs |cffFFFF00-12.5|r seconds per upgrade.	naga	1	2	350	1000	1	4	always	120	95	2	5	fort	_	-	72	20000	A06V,A028,A029,A01W	Mechanical	PathTextures\4x4SimpleSolid.tga	False	normal	_	-	-	-	-	-					_	 - 	 - 	 - 	-	-	_		False	normal	_	-	-	-	-	-					_	
custom	h01W	hbla	Eraser (Level 2)	Upgrade to Eraser (Level 2)	|cffffac00Utility|r / |cffffac00Legendary|r|n|n|cff80ff00Erase|r • Picks a random enemy unit and then kills all units of that type that the enemy controls. • Cooldown: |cffffff0050|rs |cffFFFF00-12.5|r seconds per upgrade.	naga	1	2	175	350	1	4	always	120	50	2.66	5	fort	_	-	72	20000	A06V,A028,A029,A01W	Mechanical	PathTextures\4x4SimpleSolid.tga	False	normal	_	-	-	-	-	-					_	 - 	 - 	 - 	-	-	_		False	normal	_	-	-	-	-	-					_	
custom	h01X	hbla	Eraser (Level 3)	Upgrade to Eraser (Level 3)	|cffffac00Utility|r / |cffffac00Legendary|r|n|n|cff80ff00Erase|r • Picks a random enemy unit and then kills all units of that type that the enemy controls. • Cooldown: |cffffff0050|rs |cffFFFF00-12.5|r seconds per upgrade.	naga	1	2	175	350	1	4	always	120	50	4	5	fort	_	-	72	20000	A06V,A029,A028,A01W	Mechanical	PathTextures\4x4SimpleSolid.tga	False	normal	_	-	-	-	-	-					_	 - 	 - 	 - 	-	-	_		False	normal	_	-	-	-	-	-					_	
custom	h025	hbla	Fountain of Blood	Build Fountain of Blood	|cffffac00Production|r / |cffffffffTraining time: |r|cffffff0028|rs|n|n|cffffcc00Blood Fiend|r|n|cffffffffAttack |r|cff959697(ground)|r|cffffffff: |rChaos (|cffffff00100|r range, |cffffff0045|r dps)|n|cffffffffArmor:|r Unarmored (|cffffff005|r) / |cffffffffHP:|r |cffffff00640|r (|cffffff00+2|r/s)|n|n|cff80ff00Present of Chaos|r • Each bloodfiend is spawned with different random abilities and a random armor type.	naga	1	2	270	0	1	0.5	always	28	28	 - 	5	fort	_	-	72	-	A02A	Mechanical	PathTextures\4x4SimpleSolid.tga	False	normal	_	-	-	-	-	-					_	 - 	 - 	 - 	-	-	_		False	normal	_	-	-	-	-	-					_	
custom	h026	hbla	Greater Demon Cage	Upgrade to Greater Demon Cage	|cffffac00Production|r / |cff959697-> Legendary|r / |cffffffffTraining time: |r|cffffff0032|rs|n|n|cffffcc00Quill Demon|r|n|cffffffffAttack |r|cff959697(all)|r|cffffffff: |rNormal (|cffffff00340|r range, |cffffff0065|r dps)|n|cffffffffArmor:|r Light (|cffffff004|r) / |cffffffffHP:|r |cffffff00725|r (|cffffff00+1|r/s)|n|n|cff80ff00Bouncing Attack|r • This unit's attacks can hit up to 2 enemies, dealing 40% less damage on each bounce|n|n|cff80ff00Quill Aura|r • All friendly units in 350 range gain a damage shield that reflects 35% melee damage	naga	1	2	230	0	1	0.5	always	32	32	 - 	5	fort	_	-	72	-		Mechanical	PathTextures\4x4SimpleSolid.tga	False	normal	_	-	-	-	-	-					_	 - 	 - 	 - 	-	-	_		False	normal	_	-	-	-	-	-					_	
custom	h03G	hbla	Greater Chaos Citadel	Upgrade to Greater Chaos Citadel	|cffffac00Production|r / |cffffffffTraining time: |r|cffffff0032|rs|n|n|cffffcc00Chaos Champion|r|n|cffffffffAttack |r|cff959697(ground)|r|cffffffff: |rNormal (|cffffff00100|r range, |cffffff0059|r dps)|n|cffffffffArmor:|r Medium (|cffffff008|r) / |cffffffffHP:|r |cffffff00850|r|n|n|cff80ff00Critical Strike|r • Attacks have a 10% chance to deal 100% more damage|n|n|cff80ff00Roar|r • Increases the damage of all friendly units in 525 range by 25%. Lasts 20 seconds • Cooldown: |cffffff0030|rs.|n|n|cff80ff00Cleaving Attack|r • Attacks splash to nearby targets as normal damage at 35% value	naga	1	2	190	0	1	0.5	always	32	32	 - 	5	fort	_	-	72	-	A07E	Mechanical	PathTextures\4x4SimpleSolid.tga	False	normal	_	-	-	-	-	-					_	 - 	 - 	 - 	-	-	_		False	normal	_	-	-	-	-	-					_	
custom	h05I	hbla	Magic Ruin	Build Magic Ruin	|cffffac00Utility|r|n|n|cff80ff00Present of Chaos|r • Sends chaotic forces into a random enemy unit. These forces have one of the following effects on the target unit:|n-The unit explodes (no bounty)|n-The unit dies (you gain bounty)|n-The unit transforms into a Mutation that fights for you|n-The unit is hexed or banished|n-The unit receives 500 damage|n-The unit gets 400 bonus health and +25 damage and is fully healed|n-The unit is stunned for 6 seconds and receives 200 spell damage|n-Nothing happens at all • Cooldown: |cffffff0010|rs.	naga	1	2	200	330	1	0.5	always	13	 - 	1	5	fort	_	-	72	25000	A07E,A06R	Mechanical	PathTextures\4x4SimpleSolid.tga	False	normal	_	-	-	-	-	-					_	 - 	 - 	 - 	-	-	_		False	normal	_	-	-	-	-	-					_	
custom	h06C	hmpr	SodDummy	Train Priest	Supporting spellcaster. Can initially cast Heal, which increases the life of wounded units. Can also learn Dispel Magic and Inner Fire. |n|n|cffffcc00Attacks land and air units.|r	human	0	28	135	10	1	0.25	always	200	75	0.666666666666667	0	none	fly	270	16	99999	Aloc,Avul,A0FE,A0EU	tauren,ward	_	True	chaos	missile	99999	99	1	1	0	1.0	1.0	1.0	0.010101010101010102	structure,enemy	25	 - 	 - 	-	-	_	1500	True	unknown	_	-	-	-	-	-					_	
custom	h06M	hcas	Main Castle	Upgrade to Castle	Upgrade to Castle to enable the production of additional types of structures and units.	human	1	140	380	230	1	0.5	always	 - 	 - 	 - 	5	fort	_	-	172	-	Ane2,Aall,Apit	mechanical,townhall	PathTextures\16x16Simple.tga	False	normal	_	-	-	-	-	-					_	 - 	 - 	 - 	-	-	_	1800	False	normal	_	-	-	-	-	-					_	
custom	h06N	hmpr	ClapDummy	Train Priest	Supporting spellcaster. Can initially cast Heal, which increases the life of wounded units. Can also learn Dispel Magic and Inner Fire. |n|n|cffffcc00Attacks land and air units.|r	human	0	28	135	10	1	0.25	always	200	75	0.666666666666667	0	none	fly	270	16	800	Aloc,Avul	tauren,ward	_	True	chaos	normal	1	99	1	1	0	1.0	1.0	1.0	0.010101010101010102	ground	 - 	 - 	 - 	-	-	_	700	False	normal	_	-	-	-	-	-					_	
custom	h06O	hbla	Serenity	Upgrade to Serenity	|cffffac00Production|r / |cffffac00Legendary|r / |cffffffffTraining time: |r|cffffff0060|rs|n|n|cffffcc00Twins|r|n|cffffffffAttack |r|cff959697(all)|r|cffffffff: |rChaos (|cffffff00500|r range, |cffffff00100|r dps)|n|cffffffffArmor:|r Divine (|cffffff0015|r) / |cffffffffHitpoints:|r |cffffff00475|r|n|n|cff80ff00Immune|r • Has immunity to certain spells|n|n|cff80ff00Extreme Spell Resistance|r • Spell damage reduction to 90%|n|n|cff80ff00Bash|r • 15% chance on each attack to stun for 2 seconds|n|n|cff80ff00Evade|r • 15% chance to evade an attack|n|n|cffffcc00Twin Smiley:|r|n|cff80ff00Critical Strike|r • Attacks have a 30% chance to deal 300% more damage|n|n|cff80ff00Thunder Clap|r • Slows units attack and movement speed by 50% for 5 seconds|n|n|cffffcc00Twin Weeper:|r|nCan't Attack Air|n|n|cff80ff00Cleaving Attack|r • Attacks splash to nearby targets as chaos damage at 30% value|n|n|cff80ff00Smile and Cry|r • Releases poisonous gas which makes enemy smile by taking 40 hit points per second in 400 range area	naga	1	2	550	1300	1	4	always	60	60	 - 	5	fort	_	-	72	-		Mechanical	PathTextures\4x4SimpleSolid.tga	False	normal	_	-	-	-	-	-					_	 - 	 - 	 - 	-	-	_		False	normal	_	-	-	-	-	-					_	
custom	n000	ninf	Infernal	Trains Infernal	|cffffac00Unit|r / |cffffffffSpawn rate: |r|cffffff0040|rs|n|n|cffffffffAttack |r|cff959697(all)|r|cffffffff: |rChaos (|cffffff00100|r range, |cffffff0090|r dps)|n|cffffffffArmor:|r Heavy (|cffffff007|r) / |cffffffffHP:|r |cffffff001600|r (|cffffff00+5|r/s)|n|n|cff80ff00Immolation|r • Deals 33 damage per second to all enemies in 300 range	naga	0	40	0	0	1	5	always	-	 - 	 - 	0	large	foot	300	24	800	A012	sapper,ward	_	True	chaos	normal	100	1.35	1	1	0	1.0	1.0	1.0	0.7407407407407407	air,debris,ground,item,structure,tree,ward	-	-	-	-	-	_		False	normal	_	-	-	-	-	-					_	
custom	n001	nbwm	Red Dragon	Trains Red Dragon	|cffffac00Unit|r / |cffffffffSpawn rate: |r|cffffff0032|rs|n|n|cffffffffAttack |r|cff959697(all)|r|cffffffff: |rChaos (|cffffff00400|r range, |cffffff0050|r dps)|n|cffffffffArmor:|r Heavy (|cffffff006|r) / |cffffffffHP:|r |cffffff00800|r|n|n|cff80ff00Splash Damage|r • Attacks splash to nearby targets as chaos damage at |cffffff0050|r% value.	naga	0	32	0	0	1	2	always	 - 	 - 	 - 	6	large	fly	320	16	800		sapper,ward	_	True	chaos	msplash	1	99	1	1	0	1.0	1.0	1.0	0.010101010101010102	air,debris,ground,item,structure,ward	50	125	200	0.5	0.25	enemies		False	chaos	missile	300	1.5	3	9	67	70.0	94.0	82.0	54.666666666666664	air	
custom	n008	ndqn	Succubus	Trains Succubus	|cffffac00Unit|r / |cffffffffSpawn rate: |r|cffffff0026|rs|n|n|cffffffffAttack |r|cff959697(all)|r|cffffffff: |rMagic (|cffffff00360|r range, |cffffff0047|r dps)|n|cffffffffArmor:|r Light (|cffffff002|r) / |cffffffffHP:|r |cffffff00450|r (|cffffff00+1.5|r/s) / |cffffffffMP:|r |cffffff00150|r (|cffffff00+1.5|r/s)|n|n|cff80ff00Curse|r • Curses target enemy to miss 35% of his attacks for 45 seconds • Cooldown: |cffffff006.5|rs. • Mana cost: |cffffff0020|r.	naga	0	26	0	0	1	1.5	always	150	90	1.5	0	small	foot	320	16	800	A0CV,A01G	sapper,ward	_	True	magic	missile	1	1.35	1	1	0	1.0	1.0	1.0	0.7407407407407407	air,debris,ground,item,structure,ward	 - 	 - 	 - 	-	-	_	750	False	normal	_	-	-	-	-	-					_	
custom	n009	nfgu	Chaos Warrior	Trains Chaos Warrior	|cffffac00Unit|r / |cffffffffSpawn rate: |r|cffffff0023|rs|n|n|cffffffffAttack |r|cff959697(ground)|r|cffffffff: |rNormal (|cffffff00100|r range, |cffffff0027|r dps)|n|cffffffffArmor:|r Medium (|cffffff005|r) / |cffffffffHP:|r |cffffff00400|r|n|n|cff80ff00Cleaving Attack|r • Attacks splash to nearby targets as normal damage at 25% value	naga	0	23	0	0	1	0.5	always	 - 	 - 	 - 	0	medium	foot	320	16	800	A05W	sapper,ward	_	True	normal	normal	100	1.35	1	1	0	1.0	1.0	1.0	0.7407407407407407	ground,structure,debris,item,ward	 - 	 - 	 - 	-	-	_		False	normal	_	-	-	-	-	-					_	
custom	n00A	nsty	Satyr	Trains Satyr	|cffffac00Unit|r / |cffffffffSpawn rate: |r|cffffff0021|rs|n|n|cffffffffAttack |r|cff959697(all)|r|cffffffff: |rNormal (|cffffff00275|r range, |cffffff0020|r dps)|n|cffffffffArmor:|r Light (|cffffff003|r) / |cffffffffHP:|r |cffffff00250|r	naga	0	21	0	0	1	0.5	always	 - 	 - 	 - 	0	small	foot	320	16	800	A0CV	sapper,ward	_	True	normal	missile	1	1.35	1	1	0	1.0	1.0	1.0	0.7407407407407407	air,debris,ground,item,structure,ward	 - 	 - 	 - 	-	-	_	800	False	normal	_	-	-	-	-	-					_	
custom	n00C	nsko	Skeletal Hero	Summon Skeletal Orc	Melee unit with critical strike.	undead	0	18	70	0	375	2	always	 - 	 - 	 - 	0	none	foot	270	16	800	A00D	sapper,undead,ward	_	True	hero	normal	100	99	1	2	0	1.0	2.0	1.5	0.015151515151515152	ground,structure,debris,item,ward	 - 	 - 	 - 	-	-	_		False	normal	_	-	-	-	-	-					_	
custom	n00D	nsca	Skeleton Archer	Hire Skeleton Archer	Weak ranged unit.	undead	0	20	85	0	1	1	always	 - 	 - 	 - 	0	none	foot	270	16	800	_	sapper,undead,ward	_	True	pierce	missile	1	99	1	3	0	1.0	3.0	2.0	0.020202020202020204	ground,structure,debris,air,item,ward	 - 	 - 	 - 	-	-	_	900	False	normal	_	-	-	-	-	-					_	
custom	n00L	nubr	Blood Fiend	Trains Blood Fiend	|cffffac00Unit|r / |cffffffffSpawn rate: |r|cffffff0028|rs|n|n|cffffffffAttack |r|cff959697(ground)|r|cffffffff: |rChaos (|cffffff00100|r range, |cffffff0045|r dps)|n|cffffffffArmor:|r Unarmored (|cffffff005|r) / |cffffffffHP:|r |cffffff00640|r (|cffffff00+2|r/s)|n|n|cff80ff00Present of Chaos|r • Each bloodfiend is spawned with different random abilities and a random armor type.	naga	0	28	0	0	1	2	always	 - 	 - 	 - 	0	normal	foot	350	16	800	A07J	sapper,ward	_	True	chaos	normal	100	99	1	1	0	1.0	1.0	1.0	0.010101010101010102	ground,structure,debris,item,ward	 - 	 - 	 - 	-	-	_		False	normal	_	-	-	-	-	-					_	
custom	n00M	nubr	Blood Fiend	Hire Unbroken Rager	Fast melee unit with random armor type and random abilities.	naga	0	28	0	0	1	2	always	 - 	 - 	 - 	0	divine	foot	350	16	800		sapper,ward	_	True	chaos	normal	100	99	1	1	0	1.0	1.0	1.0	0.010101010101010102	ground,structure,debris,item,ward	 - 	 - 	 - 	-	-	_		False	normal	_	-	-	-	-	-					_	
custom	n00N	nubr	Blood Fiend	Hire Unbroken Rager	Fast melee unit with random armor type and random abilities.	naga	0	28	0	0	1	2	always	 - 	 - 	 - 	0	small	foot	350	16	800		sapper,ward	_	True	chaos	normal	100	99	1	1	0	1.0	1.0	1.0	0.010101010101010102	ground,structure,debris,item,ward	 - 	 - 	 - 	-	-	_		False	normal	_	-	-	-	-	-					_	
custom	n00O	nubr	Blood Fiend	Hire Unbroken Rager	Fast melee unit with random armor type and random abilities.	naga	0	28	0	0	1	2	always	 - 	 - 	 - 	0	medium	foot	350	16	800		sapper,ward	_	True	chaos	normal	100	99	1	1	0	1.0	1.0	1.0	0.010101010101010102	ground,structure,debris,item,ward	 - 	 - 	 - 	-	-	_		False	normal	_	-	-	-	-	-					_	
custom	n00P	nubr	Blood Fiend	Hire Unbroken Rager	Fast melee unit with random armor type and random abilities.	naga	0	28	0	0	1	2	always	 - 	 - 	 - 	0	large	foot	350	16	800		sapper,ward	_	True	chaos	normal	100	99	1	1	0	1.0	1.0	1.0	0.010101010101010102	ground,structure,debris,item,ward	 - 	 - 	 - 	-	-	_		False	normal	_	-	-	-	-	-					_	
custom	n00Q	nubr	Blood Fiend	Hire Unbroken Rager	Fast melee unit with random armor type and random abilities.	naga	0	28	0	0	1	2	always	 - 	 - 	 - 	0	none	foot	350	16	800		sapper,ward	_	True	chaos	normal	100	99	1	1	0	1.0	1.0	1.0	0.010101010101010102	ground,structure,debris,item,ward	 - 	 - 	 - 	-	-	_		False	normal	_	-	-	-	-	-					_	
custom	n00R	nubr	Blood Fiend	Hire Unbroken Rager	Fast melee unit with random armor type and random abilities.	naga	0	28	0	0	1	2	always	 - 	 - 	 - 	0	hero	foot	350	16	800		sapper,ward	_	True	chaos	normal	100	99	1	1	0	1.0	1.0	1.0	0.010101010101010102	ground,structure,debris,item,ward	 - 	 - 	 - 	-	-	_		False	normal	_	-	-	-	-	-					_	
custom	n00Z	nfgu	Chaos Champion	Trains Chaos Champion	|cffffac00Unit|r / |cffffffffSpawn rate: |r|cffffff0032|rs|n|n|cffffffffAttack |r|cff959697(ground)|r|cffffffff: |rNormal (|cffffff00100|r range, |cffffff0059|r dps)|n|cffffffffArmor:|r Medium (|cffffff008|r) / |cffffffffHP:|r |cffffff00850|r|n|n|cff80ff00Critical Strike|r • Attacks have a 10% chance to deal 100% more damage|n|n|cff80ff00Roar|r • Increases the damage of all friendly units in 525 range by 25%. Lasts 20 seconds • Cooldown: |cffffff0030|rs.|n|n|cff80ff00Cleaving Attack|r • Attacks splash to nearby targets as normal damage at 35% value	naga	0	32	0	0	1	0.5	always	 - 	 - 	 - 	0	medium	foot	320	16	800	A03V,A00D,A03S,A05Z	sapper,ward	_	True	normal	normal	100	1.35	1	1	0	1.0	1.0	1.0	0.7407407407407407	ground,structure,debris,item,ward	 - 	 - 	 - 	-	-	_		False	normal	_	-	-	-	-	-					_	
custom	n01L	nsca	Greater Skeleton Archer	Hire Skeleton Archer	Ranged unit with critical strike and evade.	undead	0	20	85	0	1	1.5	always	 - 	 - 	 - 	0	none	foot	270	16	800	A0CV,A03P,A00D	sapper,undead,ward	_	True	pierce	missile	1	99	1	3	0	1.0	3.0	2.0	0.020202020202020204	ground,structure,debris,air,item,ward	 - 	 - 	 - 	-	-	_	900	False	normal	_	-	-	-	-	-					_	
custom	n01M	nsko	Skeletal General	Summon Skeletal Orc	Strong melee unit with a 20% damage add aura and critical strike.	undead	0	18	70	0	1	3.5	always	 - 	 - 	 - 	0	none	foot	270	16	800	A019,A066	sapper,undead,ward	_	True	chaos	normal	100	99	1	2	0	1.0	2.0	1.5	0.015151515151515152	ground,structure,debris,item,ward	 - 	 - 	 - 	-	-	_		False	normal	_	-	-	-	-	-					_	
custom	n01S	nslm	Mutation	Summon Sludge Minion	Melee unit that casts slow on enemies.	naga	0	20	0	0	1	1	always	150	150	1	0	medium	foot	270	16	500	ACsw	sapper,ward	_	True	chaos	normal	100	1.35	1	1	0	1.0	1.0	1.0	0.7407407407407407	ground,structure,debris,item,ward	 - 	 - 	 - 	-	-	_		False	normal	_	-	-	-	-	-					_	
custom	n02L	nmpe	Twin Smiley	Trains Twins	|cffffac00Unit|r / |cffffffffSpawn rate: |r|cffffff0060|rs|n|n|cffffffffAttack |r|cff959697(all)|r|cffffffff: |rChaos (|cffffff00500|r range, |cffffff00101|r dps)|n|cffffffffArmor:|r Divine (|cffffff0015|r) / |cffffffffHP:|r |cffffff00450|r|n|n|cff80ff00Bash|r • 15% chance on each attack to stun for 2 seconds and deal 25 extra damage|n|n|cff80ff00Critical Strike|r • Attacks have a 20% chance to deal 100% more damage|n|n|cff80ff00Evade|r • 15% chance to evade an attack|n|n|cff80ff00Feedback|r • Each attack burns up to 25 mana dealing the same amount of damage|n|n|cff80ff00Cleaving Attack|r • Attacks splash to nearby targets as chaos damage at 30% value	naga	0	60	0	0	1	0.5	always	 - 	 - 	 - 	0	divine	foot	300	8	800	A0FU,A0FO,A06V,A07H,A070,A0AI,A0FP,A00U,A026	sapper,ward	_	True	chaos	msplash	500	99	1	1	0	1.0	1.0	1.0	0.010101010101010102	air,debris,enemies,ground,item,structure,ward	 - 	 - 	 - 	-	-	_		False	normal	normal	700	1	1	1	0	1.0	1.0	1.0	1.0	air,enemies,ground,tree	
custom	u002	uske	Skeleton Warrior	Summon Skeleton Warrior	Weak melee unit.	undead	0	18	0	0	1	1	always	 - 	 - 	 - 	0	none	foot	270	16	800	_	sapper,undead,ward	_	True	normal	normal	90	99	1	2	0	1.0	2.0	1.5	0.015151515151515152	ground,structure,debris,item,ward	 - 	 - 	 - 	-	-	_		False	normal	_	-	-	-	-	-					_	
custom	u003	uskm	Greater Skeletal Mage	Summon Skeletal Mage	Ranged unit with a bouncing attack.	undead	0	30	0	0	1	1.5	always	 - 	 - 	 - 	0	none	foot	270	16	800	A0CV	sapper,undead,ward	_	True	magic	mbounce	1	99	1	2	0	1.0	2.0	1.5	0.015151515151515152	ground,structure,debris,air,item,ward	450	 - 	 - 	-	-	_	900	False	normal	_	-	-	-	-	-					_	
custom	u004	ugho	Ghoul	Train Ghoul	Basic attack unit and lumber harvester. Can learn Cannibalize and Ghoul Frenzy. |n|n|cffffcc00Attacks land units and trees.|r	undead	0	18	120	0	330	2	blight	 - 	 - 	 - 	0	large	foot	270	31	500		undead	_	True	normal	normal	90	1.3	2	2	10	12.0	14.0	13.0	10.0	ground,structure,debris,item,ward	 - 	 - 	 - 	-	-	_		True	normal	normal	66	1.35	2	1	0	2.0	2.0	2.0	1.4814814814814814	tree	
custom	u008	ugho	Greater Ghoul	Train Ghoul	Basic attack unit and lumber harvester. Can learn Cannibalize and Ghoul Frenzy. |n|n|cffffcc00Attacks land units and trees.|r	undead	0	18	120	0	330	2	blight	 - 	 - 	 - 	0	large	foot	270	31	500		undead	_	True	normal	normal	90	1.3	2	2	10	12.0	14.0	13.0	10.0	ground,structure,debris,item,ward	 - 	 - 	 - 	-	-	_		True	normal	normal	66	1.35	2	1	0	2.0	2.0	2.0	1.4814814814814814	tree	
custom	u00A	uskm	Skeletal Mage	Summon Skeletal Mage	Weak ranged unit.	undead	0	30	0	0	1	1	always	 - 	 - 	 - 	0	none	foot	270	16	800	_	sapper,undead,ward	_	True	magic	missile	1	99	1	2	0	1.0	2.0	1.5	0.015151515151515152	ground,structure,debris,air,item,ward	 - 	 - 	 - 	-	-	_	900	False	normal	_	-	-	-	-	-					_	
custom	u00B	uske	Greater Skeleton Warrior	Summon Skeleton Warrior	Melee unit with cleaving attack and bash.	undead	0	18	0	0	1	1.5	always	 - 	 - 	 - 	0	none	foot	270	16	800	A065,A01A	sapper,undead,ward	_	True	normal	normal	90	99	1	2	0	1.0	2.0	1.5	0.015151515151515152	ground,structure,debris,item,ward	 - 	 - 	 - 	-	-	_		False	normal	_	-	-	-	-	-					_	
custom	u00E	ugho	Lich Ghoul	Train Ghoul	Basic attack unit and lumber harvester. Can learn Cannibalize and Ghoul Frenzy. |n|n|cffffcc00Attacks land units and trees.|r	undead	0	18	120	0	330	2	blight	 - 	 - 	 - 	0	large	foot	270	16	500		undead	_	True	normal	normal	90	1.3	2	2	10	12.0	14.0	13.0	10.0	ground,structure,debris,item,ward	 - 	 - 	 - 	-	-	_		True	normal	normal	66	1.35	2	1	0	2.0	2.0	2.0	1.4814814814814814	tree	
custom	z000	zzrg	Quill Demon	Trains Quill Demon	|cffffac00Unit|r / |cffffffffSpawn rate: |r|cffffff0032|rs|n|n|cffffffffAttack |r|cff959697(all)|r|cffffffff: |rNormal (|cffffff00340|r range, |cffffff0065|r dps)|n|cffffffffArmor:|r Light (|cffffff004|r) / |cffffffffHP:|r |cffffff00725|r (|cffffff00+1|r/s)|n|n|cff80ff00Bouncing Attack|r • This unit's attacks can hit up to 2 enemies, dealing 40% less damage on each bounce|n|n|cff80ff00Quill Aura|r • All friendly units in 350 range gain a damage shield that reflects 35% melee damage	naga	0	32	0	0	1	1	always	 - 	 - 	 - 	0	small	foot	320	16	800	A0CV,A05V	sapper,ward	_	True	normal	mbounce	1	99	1	1	0	1.0	1.0	1.0	0.010101010101010102	air,debris,ground,item,structure,ward	400	 - 	 - 	-	-	_		False	normal	_	-	-	-	-	-					_	
custom	X00O	hpea	Chaos Builder	|cffFFFF00Choose Chaos Legion|r	The Forces of Chaos summon horrible demons and use destructive magic to defeat their enemies. Chaos has no siege unit, but many strong units with chaos damage. Chaos has NO TOWER!	undead	0	15	0	0	220	0.25	always	 - 	 - 	 - 	0	medium	foot	550	1	500	Aeth,A06E,AInv,A005,A001,Ahrp,Avul	standon,peon	_	False	normal	normal	90	2	1	2	4	5.0	6.0	5.5	2.75	ground,structure,debris,item,ward	 - 	 - 	 - 	-	-	_		False	normal	normal	66	1.1	1	1	0	1.0	1.0	1.0	0.9090909090909091	tree	
custom	h07J	hcas	Main Castle	Upgrade to Castle	Upgrade to Castle to enable the production of additional types of structures and units.	human	1	140	380	230	1	0.5	always	 - 	 - 	 - 	5	fort	_	-	172	-	Ane2,Aall,Apit	mechanical,townhall	PathTextures\16x16Simple.tga	False	normal	_	-	-	-	-	-					_	 - 	 - 	 - 	-	-	_	1800	False	normal	_	-	-	-	-	-					_	
custom	h07K	hcas	Main Castle	Upgrade to Castle	Upgrade to Castle to enable the production of additional types of structures and units.	human	1	140	380	230	1	0.5	always	 - 	 - 	 - 	5	fort	_	-	172	-	Ane2,Aall,Apit	mechanical,townhall	PathTextures\16x16Simple.tga	False	normal	_	-	-	-	-	-					_	 - 	 - 	 - 	-	-	_	1800	False	normal	_	-	-	-	-	-					_	
custom	h04I	hfoo	Incubus	Trains Incubus	|cffffac00Unit|r / |cffffffffSpawn rate: |r|cffffff0041|rs|n|n|cffffffffAttack |r|cff959697(all)|r|cffffffff: |rChaos (|cffffff00520|r range, |cffffff0057|r dps)|n|cffffffffArmor:|r Medium (|cffffff004|r) / |cffffffffHP:|r |cffffff001000|r (|cffffff00+2|r/s)|n|n|cff80ff00Seduction|r • Attacks splash to nearby targets as chaos damage at |cffffff0050|r% value and have a |cffffff0010|r% chance to make an enemy join your team.	undead	0	41	0	0	1	2	always	 - 	 - 	 - 	0	medium	foot	320	16	800	A04N	sapper,ward	_	True	chaos	msplash	1	99	1	1	0	1.0	1.0	1.0	0.010101010101010102	ground,structure,item,air,debris,ward	50	125	210	0.5	0.25	ground,enemies,structure,item,air,debris,ward	900	False	normal	_	-	-	-	-	-					_	
custom	h04K	hbla	Well of Pain	Build Well of Pain	|cffffac00Utility|r|n|n|cff80ff00Touch of Pain|r • Strikes a random enemy for |cffffff00160|r spell damage, prioritising wounded ones. On kill, spawns a Ghost of Sorrow to fight for you. This building is able to store multiple charges, which can be manually released in a burst. • Cooldown: |cffffff005|rs.	undead	1	2	270	450	1	0.5	always	40	 - 	1	5	fort	_	-	72	20000	A07E,A057	Mechanical	PathTextures\4x4SimpleSolid.tga	False	normal	_	-	-	-	-	-					_	 - 	 - 	 - 	-	-	_		False	normal	_	-	-	-	-	-					_	
custom	h04L	hbla	Void Portal	Build Void Portal	|cffffac00Production|r / |cffffffffTraining time: |r|cffffff0024|rs|n|n|cffffcc00Void Walker|r|n|cffffffffAttack |r|cff959697(all)|r|cffffffff: |rMagic (|cffffff00380|r range, |cffffff0025|r dps)|n|cffffffffArmor:|r Light (|cffffff002|r) / |cffffffffHP:|r |cffffff00375|r|n|n|cff80ff00Incinerate|r • Attacks that hit the same target deal |cffffff007|r more magic damage with every subsequent hit. Enemies killed by this unit explode for |cffffff0080|r spell damage.|n|n|cff80ff00Corruption|r • Enemies nearby have their armor reduced by |cffffff002|r until they leave the area.	undead	1	2	190	0	1200	0.5	always	24	24	 - 	5	fort	_	-	72	-		Mechanical	PathTextures\4x4SimpleSolid.tga	False	normal	_	-	-	-	-	-					_	 - 	 - 	 - 	-	-	_		False	normal	_	-	-	-	-	-					_	
custom	h04M	hbla	Shadow Ancient	Upgrade to Shadow Ancient	|cffffac00Production|r / |cffffffffTraining time: |r|cffffff0035|rs|n|n|cffffcc00Shadow Drake|r|n|cffffffffAttack |r|cff959697(all)|r|cffffffff: |rMagic (|cffffff00400|r range, |cffffff0045|r dps)|n|cffffffffArmor:|r Medium (|cffffff004|r) / |cffffffffHP:|r |cffffff00700|r (|cffffff00+1|r/s) / |cffffffffMP:|r |cffffff00150|r (|cffffff00+1.6|r/s)|n|n|cff80ff00Midnight Infusion|r • Attacks do |cffffff0025|r additional damage and splash to nearby targets as magic damage at |cffffff0050|r% value, but cost |cffffff0020|r mana each.	undead	1	2	165	0	1	0.5	always	35	35	 - 	5	fort	_	-	72	-	A051	Mechanical	PathTextures\4x4SimpleSolid.tga	False	normal	_	-	-	-	-	-					_	 - 	 - 	 - 	-	-	_		False	normal	_	-	-	-	-	-					_	
custom	h04N	hbla	Portal of the Abyss	Upgrade to Portal of the Abyss	|cffffac00Production|r / |cffffffffTraining time: |r|cffffff0034|rs|n|n|cffffcc00Void Keeper|r|n|cffffffffAttack |r|cff959697(all)|r|cffffffff: |rMagic (|cffffff00400|r range, |cffffff0050|r dps)|n|cffffffffArmor:|r Light (|cffffff004|r) / |cffffffffHP:|r |cffffff00740|r (|cffffff00+1.5|r/s)|n|n|cff80ff00Incinerate|r • Attacks that hit the same target deal |cffffff007|r more magic damage with every subsequent hit. Enemies killed by this unit explode for |cffffff00160|r spell damage.|n|n|cff80ff00Corruption|r • Enemies nearby have their armor reduced by |cffffff004|r until they leave the area.	undead	1	2	190	0	1	0.5	always	34	34	 - 	5	fort	_	-	72	-		Mechanical	PathTextures\4x4SimpleSolid.tga	False	normal	_	-	-	-	-	-					_	 - 	 - 	 - 	-	-	_		False	normal	_	-	-	-	-	-					_	
custom	h04O	hbla	Nether Ancient	Build Nether Ancient	|cffffac00Production|r / |cffffffffTraining time: |r|cffffff0026|rs|n|n|cffffcc00Nether Drake|r|n|cffffffffAttack |r|cff959697(all)|r|cffffffff: |rMagic (|cffffff00400|r range, |cffffff0026|r dps)|n|cffffffffArmor:|r Medium (|cffffff002|r) / |cffffffffHP:|r |cffffff00425|r / |cffffffffMP:|r |cffffff00125|r (|cffffff00+1.5|r/s)|n|n|cff80ff00Midnight Infusion|r • Attacks do |cffffff0015|r additional damage and splash to nearby targets as magic damage at |cffffff0050|r% value, but cost |cffffff0020|r mana each.	undead	1	2	235	0	1	0.5	always	26	26	 - 	5	fort	_	-	72	-		Mechanical	PathTextures\4x4SimpleSolid.tga	False	normal	_	-	-	-	-	-					_	 - 	 - 	 - 	-	-	_		False	normal	_	-	-	-	-	-					_	
custom	h04P	hbla	Hell's Portal	Upgrade to Hell's Portal	|cffffac00Production|r / |cffffffffTraining time: |r|cffffff0037|rs|n|n|cffffcc00Infernal Tank|r|n|cffffffffAttack |r|cff959697(ground)|r|cffffffff: |rSiege (|cffffff00600|r range, |cffffff0057|r dps)|n|cffffffffArmor:|r Heavy (|cffffff004|r) / |cffffffffHP:|r |cffffff00850|r (|cffffff00+1.13|r/s)|n|n|cff80ff00Shadow Bolt|r • Attacks additionally shoot a piercing projectile that does |cffffff0060|r spell damage to ground targets in a straight line.|n|n|cff80ff00Unbound Hellfire|r • Upon death, explodes for |cffffff00150|r spell damage.	undead	1	2	150	0	1	0.5	always	37	37	 - 	5	fort	_	-	72	-		Mechanical	PathTextures\4x4SimpleSolid.tga	False	normal	_	-	-	-	-	-					_	 - 	 - 	 - 	-	-	_		False	normal	_	-	-	-	-	-					_	
custom	h04Q	hbla	Hell's Gate	Build Hell's Gate	|cffffac00Production|r / |cffffffffTraining time: |r|cffffff0030|rs|n|n|cffffcc00Infernal Machine|r|n|cffffffffAttack |r|cff959697(ground)|r|cffffffff: |rSiege (|cffffff00600|r range, |cffffff0045|r dps)|n|cffffffffArmor:|r Heavy (|cffffff003|r) / |cffffffffHP:|r |cffffff00600|r (|cffffff00+0.75|r/s)|n|n|cff80ff00Unbound Hellfire|r • Upon death, explodes for |cffffff00100|r spell damage.	undead	1	2	300	0	1	0.5	always	30	30	 - 	5	fort	_	-	72	-		Mechanical	PathTextures\4x4SimpleSolid.tga	False	normal	_	-	-	-	-	-					_	 - 	 - 	 - 	-	-	_		False	normal	_	-	-	-	-	-					_	
custom	h04R	hbla	Forgotten One	Build Forgotten One	|cffffac00Utility|r|n|n|cff80ff00Eldritch Prison|r • Summons 6 tentacles around a random ground enemy, that block movement and attack targets nearby. • Cooldown: |cffffff0012|rs.	undead	1	2	260	450	1	0.5	always	15	 - 	1	5	fort	_	-	72	20000	A04U	Mechanical	PathTextures\4x4SimpleSolid.tga	False	normal	_	-	-	-	-	-					_	 - 	 - 	 - 	-	-	_		False	normal	_	-	-	-	-	-					_	
custom	h04S	hbla	Felhound Shrine	Build Felhound Shrine	|cffffac00Production|r / |cffffffffTraining time: |r|cffffff0027|rs|n|n|cffffcc00Felhound|r|n|cffffffffAttack |r|cff959697(ground)|r|cffffffff: |rPierce (|cffffff00100|r range, |cffffff0042|r dps)|n|cffffffffArmor:|r Medium (|cffffff007|r) / |cffffffffHP:|r |cffffff00650|r (|cffffff00+1|r/s)|n|n|cff80ff00Haste|r • Allies nearby have their attack speed increased by |cffffff0018|r% until they leave the area.	naga	1	2	240	0	1	0.5	always	27	27	 - 	5	fort	_	-	72	-		Mechanical	PathTextures\4x4SimpleSolid.tga	False	normal	_	-	-	-	-	-					_	 - 	 - 	 - 	-	-	_		False	normal	_	-	-	-	-	-					_	
custom	h04T	hbla	Eye of Corruption	Build Eye of Corruption	|cffffac00Utility|r / |cffffac00Legendary|r|n|n|cff80ff00Gaze of Corruption|r • Curses all enemy units, they have |cffffff006|r less armor and take |cffffff0012|r% more spell damage. Multiples of this building offer no additional benefit.	undead	1	2	500	1350	1	4	always	 - 	 - 	 - 	5	fort	_	-	72	20000	A02C,A06V	Mechanical	PathTextures\4x4SimpleSolid.tga	False	normal	_	-	-	-	-	-					_	 - 	 - 	 - 	-	-	_		False	normal	_	-	-	-	-	-					_	
custom	h04U	hbla	Demonic Statue	Build Demonic Statue	|cffffac00Production|r / |cffffffffTraining time: |r|cffffff0041|rs|n|n|cffffcc00Incubus|r|n|cffffffffAttack |r|cff959697(all)|r|cffffffff: |rChaos (|cffffff00520|r range, |cffffff0057|r dps)|n|cffffffffArmor:|r Medium (|cffffff004|r) / |cffffffffHP:|r |cffffff001000|r (|cffffff00+2|r/s)|n|n|cff80ff00Seduction|r • Attacks splash to nearby targets as chaos damage at |cffffff0050|r% value and have a |cffffff0010|r% chance to make an enemy join your team.	undead	1	2	520	0	1	0.5	always	41	41	 - 	5	fort	_	-	72	-	A07E	Mechanical	PathTextures\4x4SimpleSolid.tga	False	normal	_	-	-	-	-	-					_	 - 	 - 	 - 	-	-	_		False	normal	_	-	-	-	-	-					_	
custom	h04V	hbla	Ancient of Battle	Build Ancient of Battle	|cffffac00Production|r / |cff959697-> Legendary|r / |cffffffffTraining time: |r|cffffff0021|rs|n|n|cffffcc00Corrupted Ent|r|n|cffffffffAttack |r|cff959697(ground)|r|cffffffff: |rNormal (|cffffff00100|r range, |cffffff0019|r dps)|n|cffffffffArmor:|r Heavy (|cffffff004|r) / |cffffffffHP:|r |cffffff00320|r (|cffffff00+0.31|r/s)|n|n|cff80ff00Spiteful Branches|r • Attacks curse the enemy, whose damage is reduced by |cffffff0027|r% for |cffffff0020|rs.	undead	1	2	125	0	1200	0.5	always	21	21	 - 	5	fort	_	-	72	-		Mechanical	PathTextures\4x4SimpleSolid.tga	False	normal	_	-	-	-	-	-					_	 - 	 - 	 - 	-	-	_		False	normal	_	-	-	-	-	-					_	
custom	h04W	hbla	Corrupted Ancient of War	Upgrade to Corrupted Ancient of War	|cffffac00Production|r / |cff959697-> Legendary|r / |cffffffffTraining time: |r|cffffff0027|rs|n|n|cffffcc00Corrupted Treant|r|n|cffffffffAttack |r|cff959697(ground)|r|cffffffff: |rNormal (|cffffff00100|r range, |cffffff0038|r dps)|n|cffffffffArmor:|r Heavy (|cffffff005|r) / |cffffffffHP:|r |cffffff00640|r (|cffffff00+0.63|r/s)|n|n|cff80ff00Malignant Branches|r • Attacks curse the enemy, whose damage is reduced by |cffffff0055|r% for |cffffff0020|rs, splash to nearby targets as normal damage at |cffffff0025|r% value and have |cffffff0010|r% chance to deal |cffffff00100|r% more damage.	undead	1	2	125	0	1	0.5	always	27	27	 - 	5	fort	_	-	72	-	A07E,A04M	Mechanical	PathTextures\4x4SimpleSolid.tga	False	normal	_	-	-	-	-	-					_	 - 	 - 	 - 	-	-	_		False	normal	_	-	-	-	-	-					_	
custom	h06B	hfoo	Wisp	Train Footman	Versatile foot soldier. Can learn the Defend ability. |n|n|cffffcc00Attacks land units.|r	naga	0	20	135	0	1	0	always	 - 	 - 	 - 	0	hero	fly	350	15	5000	ACmi,Awha,Arav,A0BV,A07G,A0EM	ward	_	True	spells	normal	1	99	1	1	0	1.0	1.0	1.0	0.010101010101010102	air,enemies,ground	 - 	 - 	 - 	-	-	_		False	normal	_	-	-	-	-	-					_	
custom	h09Y	hbla	Corrupted Ancient of Annihilation	Upgrade to Corrupted Ancient of Annihilation	|cffffac00Production|r / |cffffac00Legendary|r / |cffffffffTraining time: |r|cffffff0052|rs|n|n|cffffcc00Corrupted Annihilator|r|n|cffffffffAttack |r|cff959697(ground)|r|cffffffff: |rNormal (|cffffff00100|r range, |cffffff00111|r dps)|n|cffffffffArmor:|r Heavy (|cffffff008|r) / |cffffffffHP:|r |cffffff001800|r (|cffffff00+2|r/s) / |cffffffffMP:|r |cffffff00125|r (|cffffff00+2|r/s)|n|n|cff80ff00Legendary Resistance|r • Spell damage taken is reduced by |cffffff0070|r% and the unit is immune to hex, mind control and instant death.|n|n|cff80ff00Malignant Branches|r • Attacks curse the enemy, whose damage is reduced by |cffffff00100|r% for |cffffff0020|rs, splash to nearby targets as normal damage at |cffffff0040|r% value and have |cffffff0015|r% chance to deal |cffffff00100|r% more damage.|n|n|cff80ff00Thicket of Spikes|r • Impales ground enemies in a cone in front of the unit, it deals |cffffff00250|r spell damage and stuns the targets for |cffffff003.5|rs. |n• Cooldown: |cffffff0015|rs.	undead	1	2	500	375	1	4	always	52	52	 - 	5	fort	_	-	72	-	A06V,A07E,A04M	Mechanical	PathTextures\4x4SimpleSolid.tga	False	normal	_	-	-	-	-	-					_	 - 	 - 	 - 	-	-	_		False	normal	_	-	-	-	-	-					_	
custom	n019	nvdl	Void Walker	Trains Void Walker	|cffffac00Unit|r / |cffffffffSpawn rate: |r|cffffff0024|rs|n|n|cffffffffAttack |r|cff959697(all)|r|cffffffff: |rMagic (|cffffff00380|r range, |cffffff0025|r dps)|n|cffffffffArmor:|r Light (|cffffff002|r) / |cffffffffHP:|r |cffffff00375|r|n|n|cff80ff00Incinerate|r • Attacks that hit the same target deal |cffffff007|r more magic damage with every subsequent hit. Enemies killed by this unit explode for |cffffff0080|r spell damage.|n|n|cff80ff00Corruption|r • Enemies nearby have their armor reduced by |cffffff002|r until they leave the area.	undead	0	24	0	0	1	1	always	 - 	 - 	 - 	0	small	hover	270	16	800	A0CV,ANic,A05F	sapper,ward	_	True	magic	missile	1	1.6	1	1	0	1.0	1.0	1.0	0.625	ground,structure,debris,air,item,ward	 - 	 - 	 - 	-	-	_	900	False	normal	_	-	-	-	-	-					_	
custom	n01A	nvdl	Void Keeper	Trains Void Keeper	|cffffac00Unit|r / |cffffffffSpawn rate: |r|cffffff0034|rs|n|n|cffffffffAttack |r|cff959697(all)|r|cffffffff: |rMagic (|cffffff00400|r range, |cffffff0050|r dps)|n|cffffffffArmor:|r Light (|cffffff004|r) / |cffffffffHP:|r |cffffff00740|r (|cffffff00+1.5|r/s)|n|n|cff80ff00Incinerate|r • Attacks that hit the same target deal |cffffff007|r more magic damage with every subsequent hit. Enemies killed by this unit explode for |cffffff00160|r spell damage.|n|n|cff80ff00Corruption|r • Enemies nearby have their armor reduced by |cffffff004|r until they leave the area.	undead	0	34	0	0	1	1.5	always	 - 	 - 	 - 	0	small	hover	270	16	800	A0CV,A058,A05G,A0B9	sapper,ward	_	True	magic	missile	1	1.6	1	1	0	1.0	1.0	1.0	0.625	ground,structure,debris,air,item,ward	 - 	 - 	 - 	-	-	_	900	False	normal	_	-	-	-	-	-					_	
custom	n01B	nndk	Shadow Drake	Trains Shadow Drake	|cffffac00Unit|r / |cffffffffSpawn rate: |r|cffffff0035|rs|n|n|cffffffffAttack |r|cff959697(all)|r|cffffffff: |rMagic (|cffffff00400|r range, |cffffff0045|r dps)|n|cffffffffArmor:|r Medium (|cffffff004|r) / |cffffffffHP:|r |cffffff00700|r (|cffffff00+1|r/s) / |cffffffffMP:|r |cffffff00150|r (|cffffff00+1.6|r/s)|n|n|cff80ff00Midnight Infusion|r • Attacks do |cffffff0025|r additional damage and splash to nearby targets as magic damage at |cffffff0050|r% value, but cost |cffffff0020|r mana each.	undead	0	35	0	0	1	1	always	150	75	1.6	0	medium	fly	350	16	800	A069,A053	sapper,ward	_	True	magic	msplash	400	1.8	1	1	0	1.0	1.0	1.0	0.5555555555555556	ground,structure,item,air,debris,ward	 - 	 - 	 - 	-	-	enemies	900	False	pierce	msplash	0	99	1	1	0	1.0	1.0	1.0	0.010101010101010102		
custom	n01D	nndk	Nether Drake	Trains Nether Drake	|cffffac00Unit|r / |cffffffffSpawn rate: |r|cffffff0026|rs|n|n|cffffffffAttack |r|cff959697(all)|r|cffffffff: |rMagic (|cffffff00400|r range, |cffffff0026|r dps)|n|cffffffffArmor:|r Medium (|cffffff002|r) / |cffffffffHP:|r |cffffff00425|r / |cffffffffMP:|r |cffffff00125|r (|cffffff00+1.5|r/s)|n|n|cff80ff00Midnight Infusion|r • Attacks do |cffffff0015|r additional damage and splash to nearby targets as magic damage at |cffffff0050|r% value, but cost |cffffff0020|r mana each.	undead	0	26	0	0	1	0.5	always	125	50	1.5	2	medium	fly	350	16	800	A04Z	sapper,ward	_	True	magic	msplash	400	1.8	1	1	0	1.0	1.0	1.0	0.5555555555555556	ground,structure,item,air,debris,ward	 - 	 - 	 - 	0.5	0.25	enemies	900	False	pierce	missile	0	99	1	1	0	1.0	1.0	1.0	0.010101010101010102		
custom	n01E	ninm	Infernal Tank	Trains Infernal Tank	|cffffac00Unit|r / |cffffffffSpawn rate: |r|cffffff0037|rs|n|n|cffffffffAttack |r|cff959697(ground)|r|cffffffff: |rSiege (|cffffff00600|r range, |cffffff0057|r dps)|n|cffffffffArmor:|r Heavy (|cffffff004|r) / |cffffffffHP:|r |cffffff00850|r (|cffffff00+1.13|r/s)|n|n|cff80ff00Shadow Bolt|r • Attacks additionally shoot a piercing projectile that does |cffffff0060|r spell damage to ground targets in a straight line.|n|n|cff80ff00Unbound Hellfire|r • Upon death, explodes for |cffffff00150|r spell damage.	undead	0	37	0	0	1	1.13	always	0	0	0	0	large	foot	290	16	800	A04W,A04Y	mechanical,sapper,ward	_	True	siege	missile	600	99	1	1	0	1.0	1.0	1.0	0.010101010101010102	debris,ground,item,structure,ward	0	0	0	0.5	0.25	 	700	False	normal	_	-	-	-	-	-					_	
custom	n01F	ninm	Infernal Machine	Trains Infernal Machine	|cffffac00Unit|r / |cffffffffSpawn rate: |r|cffffff0030|rs|n|n|cffffffffAttack |r|cff959697(ground)|r|cffffffff: |rSiege (|cffffff00600|r range, |cffffff0045|r dps)|n|cffffffffArmor:|r Heavy (|cffffff003|r) / |cffffffffHP:|r |cffffff00600|r (|cffffff00+0.75|r/s)|n|n|cff80ff00Unbound Hellfire|r • Upon death, explodes for |cffffff00100|r spell damage.	undead	0	30	0	0	1	0.75	always	0	0	0	0	large	foot	290	16	800	A04V	mechanical,sapper,ward	_	True	siege	missile	600	1.6	1	1	0	1.0	1.0	1.0	0.625	debris,ground,item,structure,ward	0	0	0	0.5	0.25	 	700	False	normal	_	-	-	-	-	-					_	
custom	n01G	npfl	Felhound	Trains Felhound	|cffffac00Unit|r / |cffffffffSpawn rate: |r|cffffff0027|rs|n|n|cffffffffAttack |r|cff959697(ground)|r|cffffffff: |rPierce (|cffffff00100|r range, |cffffff0042|r dps)|n|cffffffffArmor:|r Medium (|cffffff007|r) / |cffffffffHP:|r |cffffff00650|r (|cffffff00+1|r/s)|n|n|cff80ff00Haste|r • Allies nearby have their attack speed increased by |cffffff0018|r% until they leave the area.	undead	0	27	0	0	1	1	always	 - 	 - 	 - 	0	medium	foot	330	16	800	A04T	sapper,ward	_	True	pierce	normal	100	1.35	1	1	0	1.0	1.0	1.0	0.7407407407407407	ground,structure,debris,item,ward	 - 	 - 	 - 	-	-	_		False	normal	_	-	-	-	-	-					_	
custom	n01H	nenc	Corrupted Treant	Trains Corrupted Treant	|cffffac00Unit|r / |cffffffffSpawn rate: |r|cffffff0027|rs|n|n|cffffffffAttack |r|cff959697(ground)|r|cffffffff: |rNormal (|cffffff00100|r range, |cffffff0038|r dps)|n|cffffffffArmor:|r Heavy (|cffffff005|r) / |cffffffffHP:|r |cffffff00640|r (|cffffff00+0.63|r/s)|n|n|cff80ff00Malignant Branches|r • Attacks curse the enemy, whose damage is reduced by |cffffff0055|r% for |cffffff0020|rs, splash to nearby targets as normal damage at |cffffff0025|r% value and have |cffffff0010|r% chance to deal |cffffff00100|r% more damage.	undead	0	27	0	0	1	0.63	always	 - 	 - 	 - 	0	large	foot	300	16	800	A067,A00D,A054	sapper,ward	_	True	normal	normal	100	1.35	1	1	0	1.0	1.0	1.0	0.7407407407407407	ground,structure,debris,item,ward	 - 	 - 	 - 	-	-	_		False	normal	_	-	-	-	-	-					_	
custom	n01I	nenc	Corrupted Ent	Trains Corrupted Ent	|cffffac00Unit|r / |cffffffffSpawn rate: |r|cffffff0021|rs|n|n|cffffffffAttack |r|cff959697(ground)|r|cffffffff: |rNormal (|cffffff00100|r range, |cffffff0019|r dps)|n|cffffffffArmor:|r Heavy (|cffffff004|r) / |cffffffffHP:|r |cffffff00320|r (|cffffff00+0.31|r/s)|n|n|cff80ff00Spiteful Branches|r • Attacks curse the enemy, whose damage is reduced by |cffffff0027|r% for |cffffff0020|rs.	undead	0	21	0	0	1	0.31	always	 - 	 - 	 - 	0	large	foot	300	16	800	A04P	sapper,ward	_	True	normal	normal	100	1.35	1	2	0	1.0	2.0	1.5	1.111111111111111	ground,structure,debris,item,ward	 - 	 - 	 - 	-	-	_		False	normal	_	-	-	-	-	-					_	
custom	n01J	ncap	Corrupted Protector	Build Corrupted Protector	|cffffac00Tower|r|n|nAttack |cff959697(all)|r: Chaos (|cffffff00800|r range, |cffffff0043|r dps)|nArmor: Fortified (|cffffff005|r) / HP: |cffffff001500|r (|cffffff00+2|r/s)|n|n|cff80ff00Twilight Orb|r • Attacks splash to nearby targets as chaos damage at |cffffff0070|r% value.	undead	1	20	200	300	1	2	always	 - 	 - 	 - 	0	fort		0	72	800	A09A	mechanical	PathTextures\4x4SimpleSolid.tga	True	chaos	msplash	800	1.5	1	1	0	1.0	1.0	1.0	0.6666666666666666	air,enemies,ground	80	140	225	0.7	0.4	enemies	750	False	siege	msplash	700	2	2	12	41	43.0	65.0	54.0	27.0	air,ground,structure,debris,item,ward	
custom	n027	nenc	Corrupted Annihilator	Trains Corrupted Annihilator	|cffffac00Unit|r / |cffffac00Legendary|r / |cffffffffSpawn rate: |r|cffffff0052|rs|n|n|cffffffffAttack |r|cff959697(ground)|r|cffffffff: |rNormal (|cffffff00100|r range, |cffffff00111|r dps)|n|cffffffffArmor:|r Heavy (|cffffff008|r) / |cffffffffHP:|r |cffffff001800|r (|cffffff00+2|r/s) / |cffffffffMP:|r |cffffff00125|r (|cffffff00+2|r/s)|n|n|cff80ff00Legendary Resistance|r • Spell damage taken is reduced by |cffffff0070|r% and the unit is immune to hex, mind control and instant death.|n|n|cff80ff00Malignant Branches|r • Attacks curse the enemy, whose damage is reduced by |cffffff00100|r% for |cffffff0020|rs, splash to nearby targets as normal damage at |cffffff0040|r% value and have |cffffff0015|r% chance to deal |cffffff00100|r% more damage.|n|n|cff80ff00Thicket of Spikes|r • Impales ground enemies in a cone in front of the unit, it deals |cffffff00250|r spell damage and stuns the targets for |cffffff003.5|rs. |n• Cooldown: |cffffff0015|rs.	undead	0	52	0	0	1	2	always	125	100	2	0	large	foot	300	24	800	A0AH,A070,A07H,A06V,A0AD,A0AG,A0AC,A0AE	ancient,sapper,ward	_	True	normal	normal	100	1.35	1	1	0	1.0	1.0	1.0	0.7407407407407407	ground,structure,debris,item,ward	 - 	 - 	 - 	-	-	_		False	normal	_	-	-	-	-	-					_	
custom	X006	ushd	Corrupted Builder	|cffFFD900Choose Corrupted Ones Conglomerate|r	Corrupted by evil demons, these former friendly creatures have turned into minions of darkness. They use dark magic to influence their enemies and can build a tower with splash damage.	undead	0	15	0	0	125	2	always	 - 	 - 	 - 	0	medium	hover	550	1	500	Aeth,A06E,AInv,A005,A001,Ahrp,Avul	standon,peon	_	False	normal	_	 - 	0	-	-	-					_	 - 	 - 	 - 	-	-	_		False	normal	_	-	-	-	-	-					_	
custom	n03C	nenc	Ghost of Sorrow	Trains Ghost of Sorrow	|cffffac00Unit|r / |cffffffffSpawn rate: |r|cffffff0021|rs|n|n|cffffffffAttack |r|cff959697(ground)|r|cffffffff: |rMagic (|cffffff00100|r range, |cffffff0037|r dps)|n|cffffffffArmor:|r Unarmored (|cffffff006|r) / |cffffffffHP:|r |cffffff00390|r (|cffffff00+0.31|r/s)|n|n|cff80ff00Weakening Attack|r • The attacks of this unit decrease damage by 27% for 20 seconds	undead	0	21	0	0	1	0.31	always	 - 	 - 	 - 	0	none	foot	300	16	800		sapper,ward	_	True	magic	normal	100	99	1	2	0	1.0	2.0	1.5	0.015151515151515152	ground,structure,debris,item,ward	 - 	 - 	 - 	-	-	_		False	normal	_	-	-	-	-	-					_	
custom	X0Z0	hpea	Critter Builder	|cffFFD900Choose Tidepool Critters|r	Basic worker unit. Can harvest gold and lumber, build structures and Repair. Can become Militia. |n|n|cffffcc00Attacks land units and trees.|r	human	0	15	0	0	1	0.25	always	 - 	 - 	 - 	0	medium	foot	190	8	500	Aeth,A06E,AInv,A005,A001,Ahrp,Avul	standon,peon	_	True	normal	normal	90	2	1	2	4	5.0	6.0	5.5	2.75	ground,structure,debris,item,ward	 - 	 - 	 - 	-	-	_		True	normal	normal	66	1.1	1	1	0	1.0	1.0	1.0	0.9090909090909091	tree	
custom	h0Z1	hbla	Mudcrab Burrow	Build Mudcrab Burrow	Contains upgrades for improved armor, weaponry and gunpowder.	human	1	2	100	0	1	0.5	always	 - 	 - 	 - 	5	fort	_	-	72	-		Mechanical	PathTextures\4x4SimpleSolid.tga	False	normal	_	-	-	-	-	-					_	 - 	 - 	 - 	-	-	_		False	normal	_	-	-	-	-	-					_	
custom	n0Z1	nscb	Mudcrab	Trains Mudcrab	Light melee unit. |n|n|cffffcc00Attacks land units.|r	creeps	0	20	0	0	1	0.5	always	 - 	 - 	 - 	0	medium	foot	270	16	800		sapper,ward	_	True	normal	normal	100	1.35	1	2	0	1.0	2.0	1.5	1.111111111111111	debris,ground,item,structure,ward	 - 	 - 	 - 	-	-	_		False	normal	_	-	-	-	-	-					_	
custom	h0Z2	hbla	Rockcrab Burrow	Upgrade to Rockcrab Burrow	Contains upgrades for improved armor, weaponry and gunpowder.	human	1	2	175	0	1	0.5	always	 - 	 - 	 - 	5	fort	_	-	72	-		Mechanical	PathTextures\4x4SimpleSolid.tga	False	normal	_	-	-	-	-	-					_	 - 	 - 	 - 	-	-	_		False	normal	_	-	-	-	-	-					_	
custom	n0Z2	nsc2	Rock Crab	Trains Rock Crab	Light melee unit. |n|n|cffffcc00Attacks land units.|r	creeps	0	26	0	0	1	0.5	always	 - 	 - 	 - 	0	large	foot	270	16	800		sapper,ward	_	True	normal	normal	100	1.35	1	2	0	1.0	2.0	1.5	1.111111111111111	debris,ground,item,structure,ward	 - 	 - 	 - 	-	-	_		False	normal	_	-	-	-	-	-					_	
custom	h0Z3	hbla	Spinecrab Tidepool	Build Spinecrab Tidepool	Contains upgrades for improved armor, weaponry and gunpowder.	human	1	2	150	0	1	0.5	always	 - 	 - 	 - 	5	fort	_	-	72	-		Mechanical	PathTextures\4x4SimpleSolid.tga	False	normal	_	-	-	-	-	-					_	 - 	 - 	 - 	-	-	_		False	normal	_	-	-	-	-	-					_	
custom	n0Z3	ncrb	Spiny Crab	Trains Spiny Crab	Call upon the spirit of Crab to save you.	critters	0	22	0	0	1	0.5	always	 - 	 - 	 - 	0	small	foot	100	16	900		sapper,ward	_	True	pierce	missile	1	99	1	1	0	1.0	1.0	1.0	0.010101010101010102	air,debris,enemies,ground,item,structure,ward	 - 	 - 	 - 	-	-	_	900	False	normal	_	-	-	-	-	-					_	
custom	h0Z4	hbla	Hermit Mound	Build Hermit Mound	Contains upgrades for improved armor, weaponry and gunpowder.	human	1	2	220	0	1	0.5	always	 - 	 - 	 - 	5	fort	_	-	72	-		Mechanical	PathTextures\4x4SimpleSolid.tga	False	normal	_	-	-	-	-	-					_	 - 	 - 	 - 	-	-	_		False	normal	_	-	-	-	-	-					_	
custom	n0Z4	nhmc	Hermit Crab	Trains Hermit Crab	Call upon the spirit of Hermit Crab to save you.	critters	0	30	0	0	1	0.5	always	 - 	 - 	 - 	0	large	foot	100	16	800		sapper,ward	_	True	normal	normal	-	99	1	1	0	1.0	1.0	1.0	0.010101010101010102	debris,ground,item,structure,ward	 - 	 - 	 - 	-	-	_		False	normal	_	-	-	-	-	-					_	
custom	h0Z5	hbla	Tidal Cairn	Build Tidal Cairn	Contains upgrades for improved armor, weaponry and gunpowder.	human	1	2	180	0	1	0.5	always	 - 	 - 	 - 	5	fort	_	-	72	-	A0Z1	Mechanical	PathTextures\4x4SimpleSolid.tga	False	normal	_	-	-	-	-	-					_	 - 	 - 	 - 	-	-	_		False	normal	_	-	-	-	-	-					_	
custom	h0Z6	hgtw	Coral Spire	Build Coral Spire	Primary defensive structure. Can learn the Magic Sentry ability. |n|n|cffffcc00Attacks land and air units.|r	human	1	2	150	0	1	2	always	 - 	 - 	 - 	5	large	_	-	72	700		Mechanical	PathTextures\4x4SimpleSolid.tga	True	pierce	missile	1	0.9	1	5	0	1.0	5.0	3.0	3.333333333333333	air,enemies,ground	 - 	 - 	 - 	-	-	_	1800	False	normal	_	-	-	-	-	-					_	
custom	h0Z7	hbla	Reef Guardian	Build Reef Guardian	Contains upgrades for improved armor, weaponry and gunpowder.	human	1	2	550	1500	1	0.5	always	 - 	 - 	 - 	5	fort	_	-	72	-		Mechanical	PathTextures\4x4SimpleSolid.tga	False	normal	_	-	-	-	-	-					_	 - 	 - 	 - 	-	-	_		False	normal	_	-	-	-	-	-					_	
custom	n0Z7	nsc3	Giant Reef Crab	Trains Giant Reef Crab	Heavy melee unit. |n|n|cffffcc00Attacks land units.|r	creeps	0	60	0	0	1	0.5	always	 - 	 - 	 - 	0	large	foot	270	24	800		sapper,ward	_	True	siege	normal	100	1.35	1	4	0	1.0	4.0	2.5	1.8518518518518516	debris,ground,item,structure,ward	 - 	 - 	 - 	-	-	_		False	normal	_	-	-	-	-	-					_	
custom	n02V	nqb1	Quillboar	Trains Quillboar	|cffffac00Unit|r / |cffffffffSpawn rate: |r|cffffff0021|rs|n|n|cffffffffAttack |r|cff959697(ground)|r|cffffffff: |rPierce (|cffffff0068|r range, |cffffff0023|r dps)|n|cffffffffArmor:|r Unarmored (|cffffff003|r) / |cffffffffHP:|r |cffffff00350|r (|cffffff00+0.7|r/s)|n|n|cff80ff00Quills|r • 35% of melee damage dealt to the boar is returned back to the attacker.	demon	0	21	0	0	1	0.7	always	 - 	 - 	 - 	0	none	foot	300	16	800	A0G6	sapper,ward	_	True	pierce	normal	1	99	1	1	0	1.0	1.0	1.0	0.010101010101010102	enemies,ground,structure	 - 	 - 	 - 	0.4	0.25	_	1500	False	normal	_	-	-	-	-	-					_	
custom	n02U	nrzt	Razormane	Trains Razormane	|cffffac00Unit|r / |cffffffffSpawn rate: |r|cffffff0031|rs|n|n|cffffffffAttack |r|cff959697(ground)|r|cffffffff: |rPierce (|cffffff0064|r range, |cffffff0056|r dps)|n|cffffffffArmor:|r Unarmored (|cffffff008|r) / |cffffffffHP:|r |cffffff00800|r (|cffffff00+1.5|r/s) / |cffffffffMP:|r |cffffff00150|r (|cffffff00+1|r/s)|n|n|cff80ff00Bristleback|r • 70% of melee damage dealt to the razormane is returned back to the attacker.|n|n|cff80ff00Razorspray|r • When damaged, sprays razor fins in 400 range, dealing 45 damage per target. Cooldown: 1 second. Mana cost: 40.	demon	0	31	0	0	1	1.5	always	150	75	1	0	none	foot	270	16	800	A0GL,A0G7	sapper,ward	_	True	pierce	normal	1	99	1	1	0	1.0	1.0	1.0	0.010101010101010102	enemies,ground,structure	 - 	 - 	 - 	-	-	_	1500	False	normal	_	-	-	-	-	-					_	
custom	n02S	ngna	Gnoll	Trains Gnoll	|cffffac00Unit|r / |cffffffffSpawn rate: |r|cffffff0023|rs|n|n|cffffffffAttack |r|cff959697(all)|r|cffffffff: |rNormal (|cffffff00360|r range, |cffffff0031|r dps)|n|cffffffffArmor:|r Light (|cffffff003|r) / |cffffffffHP:|r |cffffff00320|r|n|n|cff80ff00Heavy Bolt|r • Slows target by 20% on hit for 2 seconds.|n|n|cff80ff00Fowlhunter|r • Deals double damage to flying units. When damaged by a flying unit, it focuses the unit.	demon	0	23	0	0	1	0.5	always	 - 	 - 	 - 	0	small	foot	260	16	800	A0CV,A0G2,A0HM	sapper,ward	_	True	normal	missile	1	1.6	1	1	0	1.0	1.0	1.0	0.625	ground,structure,debris,air,item,ward	 - 	 - 	 - 	-	-	_	1400	False	normal	_	-	-	-	-	-					_	
custom	n02T	ngns	Fire Gnoll	Trains Fire Gnoll	|cffffac00Unit|r / |cffffffffSpawn rate: |r|cffffff0032|rs|n|n|cffffffffAttack |r|cff959697(all)|r|cffffffff: |rNormal (|cffffff00385|r range, |cffffff0079|r dps)|n|cffffffffArmor:|r Light (|cffffff004|r) / |cffffffffHP:|r |cffffff00550|r (|cffffff00+1.5|r/s) / |cffffffffMP:|r |cffffff0075|r (|cffffff00+0.33|r/s)|n|n|cff80ff00Heavy bolt|r • Slows target by 20% on hit for 2 seconds.|n|n|cff80ff00Elite Fowlhunter|r • Deals 3x damage to flying units.|n|n|cff80ff00Searing Arrows|r • Adds 45 bonus fire damage to each attack but drains 10 mana. When damaged by a flying unit, it focuses the unit.	demon	0	32	0	0	1	1.5	always	75	30	0.325	0	small	foot	270	16	800	A0CV,A0HL,A0G2,A0GG	sapper,ward	_	True	normal	missile	1	99	1	1	0	1.0	1.0	1.0	0.010101010101010102	ground,structure,debris,air,item,ward	 - 	 - 	 - 	-	-	_	1500	False	normal	_	-	-	-	-	-					_	
custom	n034	nhrr	Harpies' Matriarch	Trains Matriarch of Harpies	|cffffac00Unit|r / |cffffac00Legendary|r / |cffffffffSpawn rate: |r|cffffff0056|rs|n|n|cffffffffAttack |r|cff959697(all)|r|cffffffff: |rHero (|cffffff00625|r range, |cffffff0075|r dps)|n|cffffffffArmor:|r Unarmored (|cffffff004|r) / |cffffffffHP:|r |cffffff001100|r (|cffffff00+2|r/s)|n|n|cff80ff00Splash Damage|r • Attacks splash to nearby targets as hero damage at |cffffff0035|r% value.|n|n|cff80ff00Legendary Spell Resistance|r • Spell damage done to this unit is reduced by 70%|n|n|cff80ff00Immune|r • This unit is immune to certain negative effects|n|n|cff80ff00Harpy Swarm|r • The matriarch can summon a harpy swarm onto an enemy unit every 15 seconds. The swarming harpies deal spell damage, with a 50% reduction on buildings.|n	demon	0	56	0	0	1	2	always	 - 	 - 	 - 	0	none	fly	310	16	900	A070,A0H3,A07H,A0AH,A0H1	sapper,ward	_	True	hero	msplash	625	99	1	1	0	1.0	1.0	1.0	0.010101010101010102	ground,structure,debris,air,item,ward	50	75	100	0.35	0.25	ground,structure,debris,air,item,ward	1000	False	normal	instant	-	-	-	-	-					_	
custom	n02W	nhrr	Harpy	Trains Harpy	|cffffac00Unit|r / |cffffffffSpawn rate: |r|cffffff0025|rs|n|n|cffffffffAttack |r|cff959697(ground)|r|cffffffff: |rPierce (|cffffff00280|r range, |cffffff0032|r dps)|n|cffffffffArmor:|r Unarmored (|cffffff001|r) / |cffffffffHP:|r |cffffff00380|r (|cffffff00+0.6|r/s)|n|n|cff80ff00Agile|r • Can evade attacks (10%)	demon	0	25	0	0	1	0.6	always	 - 	 - 	 - 	1	none	fly	320	16	900	A0G3	sapper,ward	_	True	pierce	missile	280	99	1	1	0	1.0	1.0	1.0	0.010101010101010102	debris,ground,item,structure,ward	 - 	 - 	 - 	-	-	_	1000	True	pierce	instant	-	99	1	1	0	1.0	1.0	1.0	0.010101010101010102	air,enemies	
custom	n032	nhrr	Harpy Witch	Trains Harpy Witch	|cffffac00Unit|r / |cffffffffSpawn rate: |r|cffffff0035|rs|n|n|cffffffffAttack |r|cff959697(ground)|r|cffffffff: |rPierce (|cffffff00320|r range, |cffffff0054|r dps)|n|cffffffffArmor:|r Unarmored (|cffffff003|r) / |cffffffffHP:|r |cffffff00700|r (|cffffff00+1|r/s) / |cffffffffMP:|r |cffffff00100|r (|cffffff00+1.5|r/s)|n|n|cff80ff00Steal Life|r • Witch steals 75 hp from nearby living enemy(14 s cooldown). Also 20% of damage dealt by Harpy converted to its HP|n|n|cff80ff00Blind|r • Witch can blind its target (15% to blind for 4s, blind unit miss 90% of its attacks)|n|n|cff80ff00Agile|r • Can evade attacks (15%)	demon	0	35	0	0	1	1	always	100	50	1.5	0	none	fly	320	16	900	A0G9,A0G5,A00U,A0KB	sapper,ward	_	True	pierce	missile	320	99	1	1	0	1.0	1.0	1.0	0.010101010101010102	debris,ground,item,structure,ward	 - 	 - 	 - 	-	-	_	1000	True	pierce	instant	-	99	1	1	0	1.0	1.0	1.0	0.010101010101010102	air,enemies	
custom	n02X	nogr	Ogre	Trains Ogre	|cffffac00Unit|r / |cffffffffSpawn rate: |r|cffffff0027|rs|n|n|cffffffffAttack |r|cff959697(ground)|r|cffffffff: |rSiege (|cffffff0060|r range, |cffffff0042|r dps)|n|cffffffffArmor:|r Heavy (|cffffff005|r) / |cffffffffHP:|r |cffffff00650|r (|cffffff00+2|r/s)|n|n|cff80ff00Heavy club|r • Ogre has 15% chance to stun its target and deal +60 dmg,|nhas 30% chance to make swipe with club and deal 60 damage to nearby enemies.|n|n|cff80ff00Spell resistant|r • Has 20% spell resistance.	demon	0	27	0	0	1	2	always	 - 	 - 	 - 	0	large	foot	270	16	800	A0J6,A05K,A0AZ	sapper,ward	_	True	siege	normal	1	99	1	1	0	1.0	1.0	1.0	0.010101010101010102	ground,structure,debris,item,ward	 - 	 - 	 - 	0.75	-	_		False	normal	_	-	-	-	-	-					_	
custom	n02Y	nogl	Ogre Lord	Trains Ogre Lord	|cffffac00Unit|r / |cffffffffSpawn rate: |r|cffffff0038|rs|n|n|cffffffffAttack |r|cff959697(ground)|r|cffffffff: |rSiege (|cffffff0080|r range, |cffffff0070|r dps)|n|cffffffffArmor:|r Heavy (|cffffff007|r) / |cffffffffHP:|r |cffffff001200|r (|cffffff00+4|r/s)|n|n|cff80ff00Club mastery|r • Ogre can stun its target (20% chance, 80 dmg), can deal sequence of fast blows and has 40% chance to make swipe with club and deal 150 damage to nearby enemies.|n|n|cff80ff00Spell resistant|r • Has 30% spell resistance.	demon	0	38	0	0	1	4	always	0	500	0	0	large	foot	280	16	800	A0J7,A0GR,A093,A0GB,A0GU	sapper,ward	_	True	siege	normal	1	99	1	1	0	1.0	1.0	1.0	0.010101010101010102	ground,structure,debris,item,ward	 - 	 - 	 - 	0.65	-	_		False	normal	_	-	-	-	-	-					_	
custom	n035	nowb	Monstrous Sandkin	Trains Monstrous Sandkin	|cffffac00Unit|r / |cffffffffSpawn rate: |r|cffffff0038|rs|n|n|cffffffffAttack |r|cff959697(ground)|r|cffffffff: |rMagic (|cffffff00375|r range, |cffffff0075|r dps)|n|cffffffffArmor:|r Medium (|cffffff008|r) / |cffffffffHP:|r |cffffff00875|r (|cffffff00+1.5|r/s) / |cffffffffMP:|r |cffffff00150|r (|cffffff00+1.5|r/s)|n|n|cff80ff00Sandcloud|r • Creates cloud of sand to dim enemy vision in 300 rng, affected units miss 40% of their attacks. Cooldown: 10s|n|n|cff80ff00Critical strike|r • Has 20% chance to deal 2x damage|n|n|cff80ff00Sandshield|r • Dense flow of sand greatly slows nearby enemies' attack speed(-35%).	demon	0	38	0	0	1	1.5	always	150	100	1.5	0	medium	foot	300	16	800	A0CV,A0HQ,A0G8,A025	sapper,ward	_	True	magic	msplash	1	99	1	1	0	1.0	1.0	1.0	0.010101010101010102	enemies,structure,ground	72	 - 	 - 	-	-	enemies,ground		False	normal	_	-	-	-	-	-					_	
custom	n030	nowb	Sandkin	Trains Sandkin	|cffffac00Unit|r / |cffffffffSpawn rate: |r|cffffff0026|rs|n|n|cffffffffAttack |r|cff959697(ground)|r|cffffffff: |rMagic (|cffffff00325|r range, |cffffff0038|r dps)|n|cffffffffArmor:|r Medium (|cffffff005|r) / |cffffffffHP:|r |cffffff00510|r (|cffffff00+2|r/s) / |cffffffffMP:|r |cffffff00120|r (|cffffff00+1.5|r/s)|n|n|cff80ff00Sandcloud|r • Creates cloud of sand to dim enemy vision in 250 area, affected units miss 25% of their attacks. Cooldown: 12s	demon	0	26	0	0	1	2	always	120	80	1.5	0	medium	foot	300	16	800	A0CV,A0G8	sapper,ward	_	True	magic	msplash	1	99	1	1	0	1.0	1.0	1.0	0.010101010101010102	enemies,ground,structure	50	 - 	 - 	-	-	enemies,ground		False	normal	_	-	-	-	-	-					_	
custom	n02Z	nsll	Salamander	Trains Salamander	|cffffac00Unit|r / |cffffffffSpawn rate: |r|cffffff0037|rs|n|n|cffffffffAttack |r|cff959697(all)|r|cffffffff: |rChaos (|cffffff00430|r range, |cffffff0063|r dps)|n|cffffffffArmor:|r Heavy (|cffffff006|r) / |cffffffffHP:|r |cffffff00950|r|n|n|cff80ff00Salamander's Poison|r • 35% chance to spit magical poison in 130 area (20 dps, -4 armor and 30% slow). Poison lasts 2s.|n|n|cff80ff00Lizard Skin|r • Spell damage reduced by 20%|n|n|cff80ff00Splash Damage|r • Attacks splash to nearby targets as chaos damage at |cffffff0065|r% value.	demon	0	37	0	0	1	2	always	0	0	0	6	large	foot	270	16	800	A0HX,A0H0	sapper,ward	_	True	chaos	msplash	1	99	1	1	0	1.0	1.0	1.0	0.010101010101010102	air,enemies,structure,ground	50	65	100	0.5	0.25	debris,enemies,ground,neutral,structure	1000	False	normal	_	-	-	-	-	-					_	
custom	h079	hhou	Beacon of the Oasis	Beacon of the Oasis	|cffffac00Utility|r|n|n|cff80ff00Replenishment|r • Replenishes 175 hitpoints and 40 manapoints of a random allied unit that is missing hitpoints or manapoints. Prioritizes very low hitpoint units. • Cooldown: |cffffff005|rs.	demon	1	2	190	430	1	0.5	always	18	1	1	5	fort	_	-	72	25000	A0GE,A07E	Mechanical	PathTextures\4x4SimpleSolid.tga	False	normal	_	-	-	-	-	-					_	 - 	 - 	 - 	-	-	_		False	normal	_	-	-	-	-	-					_	
custom	h07A	hhou	Sacred Peyote	Build Sacred Peyote	|cffffac00Utility|r|n|n|cff80ff00Hallucinogenic|r • Creates an illusion of a random living enemy. Illusions deal 125%, take 75% damage and last 60 seconds. • Cooldown: |cffffff0015|rs.	demon	1	2	205	410	1	1	always	22	 - 	1	5	fort	_	-	72	25000	A0GF,A07E	Mechanical	PathTextures\4x4SimpleSolid.tga	False	normal	_	-	-	-	-	-					_	 - 	 - 	 - 	-	-	_		False	normal	_	-	-	-	-	-					_	
custom	h07E	hgtw	Ballista Tower	Build Ballista Tower	|cffffac00Tower|r|n|nAttack |cff959697(all)|r: Pierce (|cffffff00800|r range, |cffffff0069|r dps)|nArmor: Fortified (|cffffff005|r) / HP: |cffffff001350|r (|cffffff00+2|r/s)	demon	1	20	230	300	1	2	always	 - 	 - 	 - 	5	fort	_	-	72	1000	A09A	Mechanical	PathTextures\4x4SimpleSolid.tga	True	pierce	aline	1	99	1	1	0	1.0	1.0	1.0	0.010101010101010102	air,enemies,ground	 - 	 - 	 - 	-	-	debris,enemies,ground,structure,wall	1400	False	normal	_	-	-	-	-	-					_	
custom	n02N	npgr	Fire Gnoll Hut	Upgrade to Fire Gnoll Hut	|cffffac00Production|r / |cffffffffTraining time: |r|cffffff0032|rs|n|n|cffffcc00Fire Gnoll|r|n|cffffffffAttack |r|cff959697(all)|r|cffffffff: |rNormal (|cffffff00385|r range, |cffffff0079|r dps)|n|cffffffffArmor:|r Light (|cffffff004|r) / |cffffffffHP:|r |cffffff00550|r (|cffffff00+1.5|r/s) / |cffffffffMP:|r |cffffff0075|r (|cffffff00+0.33|r/s)|n|n|cff80ff00Heavy bolt|r • Slows target by 20% on hit for 2 seconds.|n|n|cff80ff00Elite Fowlhunter|r • Deals 3x damage to flying units.|n|n|cff80ff00Searing Arrows|r • Adds 45 bonus fire damage to each attack but drains 10 mana. When damaged by a flying unit, it focuses the unit.	demon	1	2	180	0	1	2	none	32	32	 - 	0	fort	_	-	72	-	_	Mechanical	PathTextures\4x4SimpleSolid.tga	False	normal	_	-	0	-	-	-					_	 - 	 - 	 - 	-	-	_		False	normal	_	-	-	-	-	-					_	
custom	n02O	npgr	Den of the Ogre Lord	Upgrade to Ogre Lord Den	|cffffac00Production|r / |cffffffffTraining time: |r|cffffff0038|rs|n|n|cffffcc00Ogre Lord|r|n|cffffffffAttack |r|cff959697(ground)|r|cffffffff: |rSiege (|cffffff0080|r range, |cffffff0070|r dps)|n|cffffffffArmor:|r Heavy (|cffffff007|r) / |cffffffffHP:|r |cffffff001200|r (|cffffff00+4|r/s)|n|n|cff80ff00Club mastery|r • Ogre can stun its target (20% chance, 80 dmg), can deal sequence of fast blows and has 40% chance to make swipe with club and deal 150 damage to nearby enemies.|n|n|cff80ff00Spell resistant|r • Has 30% spell resistance.	demon	1	2	200	0	1	2	none	38	38	 - 	0	fort	_	-	72	-	_	Mechanical	PathTextures\4x4SimpleSolid.tga	False	normal	_	-	0	-	-	-					_	 - 	 - 	 - 	-	-	_		False	normal	_	-	-	-	-	-					_	
custom	n02P	npgr	Gnoll Tent	Build Gnoll Tent	|cffffac00Production|r / |cffffffffTraining time: |r|cffffff0023|rs|n|n|cffffcc00Gnoll|r|n|cffffffffAttack |r|cff959697(all)|r|cffffffff: |rNormal (|cffffff00360|r range, |cffffff0031|r dps)|n|cffffffffArmor:|r Light (|cffffff003|r) / |cffffffffHP:|r |cffffff00320|r|n|n|cff80ff00Heavy Bolt|r • Slows target by 20% on hit for 2 seconds.|n|n|cff80ff00Fowlhunter|r • Deals double damage to flying units. When damaged by a flying unit, it focuses the unit.	demon	1	2	165	0	1	2	none	23	23	 - 	0	fort	_	-	72	-	_	Mechanical	PathTextures\4x4SimpleSolid.tga	False	normal	_	-	0	-	-	-					_	 - 	 - 	 - 	-	-	_		False	normal	_	-	-	-	-	-					_	
custom	n02Q	npgr	Harpy Nest	Build Harpy Nest	|cffffac00Production|r / |cff959697-> Legendary|r / |cffffffffTraining time: |r|cffffff0025|rs|n|n|cffffcc00Harpy|r|n|cffffffffAttack |r|cff959697(ground)|r|cffffffff: |rPierce (|cffffff00280|r range, |cffffff0032|r dps)|n|cffffffffArmor:|r Unarmored (|cffffff001|r) / |cffffffffHP:|r |cffffff00380|r (|cffffff00+0.6|r/s)|n|n|cff80ff00Agile|r • Can evade attacks (10%)	demon	1	2	210	0	1	2	none	25	25	 - 	0	fort	_	-	72	-	_	Mechanical	PathTextures\4x4SimpleSolid.tga	False	normal	_	-	0	-	-	-					_	 - 	 - 	 - 	-	-	_		False	normal	_	-	-	-	-	-					_	
custom	n02R	npgr	Monstrous Sandkin Burrow	Upgrade to Monstrous Sandkin Burrow	|cffffac00Production|r / |cffffffffTraining time: |r|cffffff0038|rs|n|n|cffffcc00Monstrous Sandkin|r|n|cffffffffAttack |r|cff959697(ground)|r|cffffffff: |rMagic (|cffffff00375|r range, |cffffff0075|r dps)|n|cffffffffArmor:|r Medium (|cffffff008|r) / |cffffffffHP:|r |cffffff00875|r (|cffffff00+1.5|r/s) / |cffffffffMP:|r |cffffff00150|r (|cffffff00+1.5|r/s)|n|n|cff80ff00Sandcloud|r • Creates cloud of sand to dim enemy vision in 300 rng, affected units miss 40% of their attacks. Cooldown: 10s|n|n|cff80ff00Critical strike|r • Has 20% chance to deal 2x damage|n|n|cff80ff00Sandshield|r • Dense flow of sand greatly slows nearby enemies' attack speed(-35%).	demon	1	2	230	0	1	2	none	38	38	 - 	0	fort	_	-	72	-	_	Mechanical	PathTextures\4x4SimpleSolid.tga	False	normal	_	-	0	-	-	-					_	 - 	 - 	 - 	-	-	_		False	normal	_	-	-	-	-	-					_	
custom	n031	npgr	Nest of Harpy Matriarch	Upgrade to Nest of Harpy Matriarch	|cffffac00Production|r / |cffffac00Legendary|r / |cffffffffTraining time: |r|cffffff0056|rs|n|n|cffffcc00Harpies' Matriarch|r|n|cffffffffAttack |r|cff959697(all)|r|cffffffff: |rHero (|cffffff00625|r range, |cffffff0075|r dps)|n|cffffffffArmor:|r Unarmored (|cffffff004|r) / |cffffffffHP:|r |cffffff001100|r (|cffffff00+2|r/s)|n|n|cff80ff00Splash Damage|r • Attacks splash to nearby targets as hero damage at |cffffff0035|r% value.|n|n|cff80ff00Legendary Spell Resistance|r • Spell damage done to this unit is reduced by 70%|n|n|cff80ff00Immune|r • This unit is immune to certain negative effects|n|n|cff80ff00Harpy Swarm|r • The matriarch can summon a harpy swarm onto an enemy unit every 15 seconds. The swarming harpies deal spell damage, with a 50% reduction on buildings.|n	demon	1	2	415	580	1	3	none	56	56	 - 	0	fort	_	-	72	-	A06V	Mechanical	PathTextures\4x4SimpleSolid.tga	False	normal	_	-	0	-	-	-					_	 - 	 - 	 - 	-	-	_		False	normal	_	-	-	-	-	-					_	
custom	n033	npgr	Ogre Den	Build Ogre Den	|cffffac00Production|r / |cffffffffTraining time: |r|cffffff0027|rs|n|n|cffffcc00Ogre|r|n|cffffffffAttack |r|cff959697(ground)|r|cffffffff: |rSiege (|cffffff0060|r range, |cffffff0042|r dps)|n|cffffffffArmor:|r Heavy (|cffffff005|r) / |cffffffffHP:|r |cffffff00650|r (|cffffff00+2|r/s)|n|n|cff80ff00Heavy club|r • Ogre has 15% chance to stun its target and deal +60 dmg,|nhas 30% chance to make swipe with club and deal 60 damage to nearby enemies.|n|n|cff80ff00Spell resistant|r • Has 20% spell resistance.	demon	1	2	260	0	1	2	none	27	27	 - 	0	fort	_	-	72	-	_	Mechanical	PathTextures\4x4SimpleSolid.tga	False	normal	_	-	0	-	-	-					_	 - 	 - 	 - 	-	-	_		False	normal	_	-	-	-	-	-					_	
custom	n036	npgr	Quillboar Yard	Build Quillboar Yard	|cffffac00Production|r / |cffffffffTraining time: |r|cffffff0021|rs|n|n|cffffcc00Quillboar|r|n|cffffffffAttack |r|cff959697(ground)|r|cffffffff: |rPierce (|cffffff0068|r range, |cffffff0023|r dps)|n|cffffffffArmor:|r Unarmored (|cffffff003|r) / |cffffffffHP:|r |cffffff00350|r (|cffffff00+0.7|r/s)|n|n|cff80ff00Quills|r • 35% of melee damage dealt to the boar is returned back to the attacker.	demon	1	2	130	0	1	2	none	21	21	 - 	0	fort	_	-	72	-	_	Mechanical	PathTextures\4x4SimpleSolid.tga	False	normal	_	-	0	-	-	-					_	 - 	 - 	 - 	-	-	_		False	normal	_	-	-	-	-	-					_	
custom	n037	npgr	Razormane Abode	Upgrade to Razormane Abode	|cffffac00Production|r / |cffffffffTraining time: |r|cffffff0031|rs|n|n|cffffcc00Razormane|r|n|cffffffffAttack |r|cff959697(ground)|r|cffffffff: |rPierce (|cffffff0064|r range, |cffffff0056|r dps)|n|cffffffffArmor:|r Unarmored (|cffffff008|r) / |cffffffffHP:|r |cffffff00800|r (|cffffff00+1.5|r/s) / |cffffffffMP:|r |cffffff00150|r (|cffffff00+1|r/s)|n|n|cff80ff00Bristleback|r • 70% of melee damage dealt to the razormane is returned back to the attacker.|n|n|cff80ff00Razorspray|r • When damaged, sprays razor fins in 400 range, dealing 45 damage per target. Cooldown: 1 second. Mana cost: 40.	demon	1	2	190	0	1	2	none	31	31	 - 	0	fort	_	-	72	-	_	Mechanical	PathTextures\4x4SimpleSolid.tga	False	normal	_	-	0	-	-	-					_	 - 	 - 	 - 	-	-	_		False	normal	_	-	-	-	-	-					_	
custom	n038	npgr	Salamander Hatchery	Build Salamander Hatchery	|cffffac00Production|r / |cffffffffTraining time: |r|cffffff0037|rs|n|n|cffffcc00Salamander|r|n|cffffffffAttack |r|cff959697(all)|r|cffffffff: |rChaos (|cffffff00430|r range, |cffffff0063|r dps)|n|cffffffffArmor:|r Heavy (|cffffff006|r) / |cffffffffHP:|r |cffffff00950|r|n|n|cff80ff00Salamander's Poison|r • 35% chance to spit magical poison in 130 area (20 dps, -4 armor and 30% slow). Poison lasts 2s.|n|n|cff80ff00Lizard Skin|r • Spell damage reduced by 20%|n|n|cff80ff00Splash Damage|r • Attacks splash to nearby targets as chaos damage at |cffffff0065|r% value.	demon	1	2	450	0	1	3	none	37	37	 - 	0	fort	_	-	72	-	_	Mechanical	PathTextures\4x4SimpleSolid.tga	False	normal	_	-	0	-	-	-					_	 - 	 - 	 - 	-	-	_		False	normal	_	-	-	-	-	-					_	
custom	n039	npgr	Sandkin Burrow	Build Sandkin Burrow	|cffffac00Production|r / |cffffffffTraining time: |r|cffffff0026|rs|n|n|cffffcc00Sandkin|r|n|cffffffffAttack |r|cff959697(ground)|r|cffffffff: |rMagic (|cffffff00325|r range, |cffffff0038|r dps)|n|cffffffffArmor:|r Medium (|cffffff005|r) / |cffffffffHP:|r |cffffff00510|r (|cffffff00+2|r/s) / |cffffffffMP:|r |cffffff00120|r (|cffffff00+1.5|r/s)|n|n|cff80ff00Sandcloud|r • Creates cloud of sand to dim enemy vision in 250 area, affected units miss 25% of their attacks. Cooldown: 12s	demon	1	2	230	0	1	2	none	26	26	 - 	0	fort	_	-	72	-	_	Mechanical	PathTextures\4x4SimpleSolid.tga	False	normal	_	-	0	-	-	-					_	 - 	 - 	 - 	-	-	_		False	normal	_	-	-	-	-	-					_	
custom	n03A	npgr	Temple of Storm	Build Temple of Storm	|cffffac00Utility|r / |cffffac00Legendary|r|n|n|cff80ff00Global Sandstorm|r • Conjures a global Sandstorm that affects enemies. Deals 20 damage per second, reduces movespeed and attackspeed by 30%, and increases the miss chance by 65%. • Cooldown: |cffffff0040|rs.	demon	1	2	600	1500	1	4	always	50	1	1	0	fort	_	-	72	25000	A06V,A0GK	Mechanical	PathTextures\4x4SimpleSolid.tga	False	normal	_	-	0	-	-	-					_	 - 	 - 	 - 	-	-	_		False	normal	_	-	-	-	-	-					_	
custom	n03B	npgr	Nest of Harpy Witch	Upgrade to Nest of Harpy Witch	|cffffac00Production|r / |cff959697-> Legendary|r / |cffffffffTraining time: |r|cffffff0035|rs|n|n|cffffcc00Harpy Witch|r|n|cffffffffAttack |r|cff959697(ground)|r|cffffffff: |rPierce (|cffffff00320|r range, |cffffff0054|r dps)|n|cffffffffArmor:|r Unarmored (|cffffff003|r) / |cffffffffHP:|r |cffffff00700|r (|cffffff00+1|r/s) / |cffffffffMP:|r |cffffff00100|r (|cffffff00+1.5|r/s)|n|n|cff80ff00Steal Life|r • Witch steals 75 hp from nearby living enemy(14 s cooldown). Also 20% of damage dealt by Harpy converted to its HP|n|n|cff80ff00Blind|r • Witch can blind its target (15% to blind for 4s, blind unit miss 90% of its attacks)|n|n|cff80ff00Agile|r • Can evade attacks (15%)	demon	1	2	200	0	1	2	none	35	35	 - 	0	fort	_	-	72	-	_	Mechanical	PathTextures\4x4SimpleSolid.tga	False	normal	_	-	0	-	-	-					_	 - 	 - 	 - 	-	-	_		False	normal	_	-	-	-	-	-					_	
custom	X078	hpea	Desert Builder	|cffFFD900Choose Desert Dwellers|r	Humans use many cheap units to overrun the enemy. They can use artillery to demolish the enemy base without having to attack it directly. This race has a basic defense tower.	undead	0	15	0	0	220	0.25	always	 - 	 - 	 - 	0	medium	foot	550	1	500	Aeth,A06E,AInv,A005,A001,Ahrp,Avul	standon,peon	_	False	normal	normal	90	2	1	2	4	5.0	6.0	5.5	2.75	ground,structure,debris,item,ward	 - 	 - 	 - 	-	-	_		False	normal	normal	66	1.1	1	1	0	1.0	1.0	1.0	0.9090909090909091	tree	
custom	h02W	hwat	Lesser Elemental Of Water	Trains Lesser Water Elemental	|cffffac00Unit|r / |cffffffffSpawn rate: |r|cffffff0022|rs|n|n|cffffffffAttack |r|cff959697(ground)|r|cffffffff: |rNormal (|cffffff0030|r range, |cffffff0028|r dps)|n|cffffffffAttack |r|cff959697(air)|r|cffffffff: |rPierce (|cffffff00120|r range, |cffffff0018|r dps)|n|cffffffffArmor:|r Medium (|cffffff001|r) / |cffffffffHP:|r |cffffff00300|r (|cffffff00+0.5|r/s)|n|n|cff80ff00Liquid Body|r • Attacks that directly target this unit have a |cffffff0050|r% chance to do no damage and spell damage taken is reduced by |cffffff0030|r%.	human	0	22	0	0	1	0.5	always	 - 	 - 	 - 	0	medium	foot	270	16	800	A0FH,A0F5,A0CV,A0CS	sapper,ward	_	True	normal	missile	30	99	1	5	0	1.0	5.0	3.0	0.030303030303030304	debris,enemies,ground,item,structure,ward	0	0	0	0	0		1300	True	pierce	instant	120	99	1	1	0	1.0	1.0	1.0	0.010101010101010102	air,enemies	
custom	h02X	hwat	Elemental Of Water	Trains Water Elemental	|cffffac00Unit|r / |cffffffffSpawn rate: |r|cffffff0031|rs|n|n|cffffffffAttack |r|cff959697(ground)|r|cffffffff: |rNormal (|cffffff0030|r range, |cffffff0040|r dps)|n|cffffffffAttack |r|cff959697(air)|r|cffffffff: |rPierce (|cffffff00120|r range, |cffffff0029|r dps)|n|cffffffffArmor:|r Medium (|cffffff003|r) / |cffffffffHP:|r |cffffff00500|r (|cffffff00+1|r/s)|n|n|cff80ff00Liquid Body|r • Attacks that directly target this unit have a |cffffff0060|r% chance to do no damage and spell damage taken is reduced by |cffffff0040|r%.	human	0	31	0	0	1	1	always	 - 	 - 	 - 	0	medium	foot	270	16	800	A0FI,A0F5,A0CV,A0CT	sapper,ward	_	True	normal	missile	30	99	2	1	0	2.0	2.0	2.0	0.020202020202020204	debris,enemies,ground,item,structure,ward	0	0	0	0	0		1300	True	pierce	instant	120	99	1	1	0	1.0	1.0	1.0	0.010101010101010102	air,enemies	
custom	h02Y	hwat	Greater Elemental Of Water	Trains Greater Elemental of Water	|cffffac00Unit|r / |cffffffffSpawn rate: |r|cffffff0040|rs|n|n|cffffffffAttack |r|cff959697(ground)|r|cffffffff: |rNormal (|cffffff0030|r range, |cffffff0066|r dps)|n|cffffffffAttack |r|cff959697(air)|r|cffffffff: |rPierce (|cffffff00120|r range, |cffffff0066|r dps)|n|cffffffffArmor:|r Medium (|cffffff007|r) / |cffffffffHP:|r |cffffff00650|r (|cffffff00+1.5|r/s)|n|n|cff80ff00Illusion|r • Attacks have a |cffffff0020|r% chance to create an imperfect copy of this unit. It takes |cffffff00100|r% more damage and has |cffffff0040|r% less attack.|n|n|cff80ff00Liquid Body|r • Attacks that directly target this unit have a |cffffff0070|r% chance to do no damage and spell damage taken is reduced by |cffffff0050|r%.	human	0	40	0	0	1	1.5	always	 - 	 - 	 - 	0	medium	foot	270	16	800	A0FJ,A0F5,A0CV,A0CU,A03Q,A0FA	sapper,ward	_	True	normal	missile	30	99	1	1	0	1.0	1.0	1.0	0.010101010101010102	debris,enemies,ground,item,structure,ward	0	0	0	0	0		1300	True	pierce	instant	120	99	1	1	0	1.0	1.0	1.0	0.010101010101010102	air,enemies	
custom	h02Z	hwat	Elemental Of Fire	Trains Fire Elemental	|cffffac00Unit|r / |cffffffffSpawn rate: |r|cffffff0025|rs|n|n|cffffffffAttack |r|cff959697(all)|r|cffffffff: |rChaos (|cffffff00400|r range, |cffffff0034|r dps)|n|cffffffffArmor:|r Heavy (|cffffff005|r) / |cffffffffHP:|r |cffffff00625|r (|cffffff00+0.5|r/s)	human	0	25	0	0	1	0.5	always	 - 	 - 	 - 	0	large	foot	260	16	800	A0F5,A0E0	sapper,ward	_	True	chaos	missile	1	99	1	1	0	1.0	1.0	1.0	0.010101010101010102	air,debris,enemies,ground,item,structure,ward	0	0	0	0	0		1300	False	normal	_	-	-	-	-	-					_	
custom	h034	hwat	Elemental Of Earth	Trains Elemental of Earth	|cffffac00Unit|r / |cffffffffSpawn rate: |r|cffffff0027|rs|n|n|cffffffffAttack |r|cff959697(ground)|r|cffffffff: |rSiege (|cffffff0010|r range, |cffffff0050|r dps)|n|cffffffffArmor:|r Hero (|cffffff004|r) / |cffffffffHP:|r |cffffff00500|r (|cffffff00+1|r/s)|n|n|cff80ff00Earthquake|r • Attacks have a |cfffffc0120|r% chance to deal |cfffffc01100|r true damage to ground targets around this unit, reduced by |cfffffc0150|r% for far away enemies.|n|n|cff80ff00Aftershock|r • Attacks deal up to |cfffffc0150|r additional siege damage, reduced proportionally to the elemental's current HP.	human	0	27	0	0	450	1	always	 - 	 - 	 - 	0	hero	foot	240	16	800	A0F5,A03Q,A0DW,A0CO	sapper,ward	_	True	siege	normal	1	1.5	1	1	0	1.0	1.0	1.0	0.6666666666666666	debris,enemies,ground,item,structure,ward	0	0	0	0	0		1300	False	normal	_	-	-	-	-	-					_	
custom	h03H	hfoo	Footman	Train Footman	Versatile foot soldier. Can learn the Defend ability. |n|n|cffffcc00Attacks land units.|r	human	0	20	135	0	420	0.25	always	 - 	 - 	 - 	2	large	fly	270	31	500	Avul,Aloc	_	_	False	normal	normal	90	1.35	1	2	11	12.0	13.0	12.5	9.25925925925926	ground,structure,debris,item,ward	 - 	 - 	 - 	-	-	_		False	normal	_	-	-	-	-	-					_	
custom	h03N	hwat	Greater Elemental Of Earth	Trains Greater Elemental of Earth	|cffffac00Unit|r / |cffffffffSpawn rate: |r|cffffff0040|rs|n|n|cffffffffAttack |r|cff959697(ground)|r|cffffffff: |rSiege (|cffffff0010|r range, |cffffff0083|r dps)|n|cffffffffArmor:|r Hero (|cffffff008|r) / |cffffffffHP:|r |cffffff00950|r (|cffffff00+2|r/s)|n|n|cff80ff00Earthquake|r • Attacks have a |cfffffc0125|r% chance to deal |cfffffc01200|r true damage to ground targets around this unit, reduced by |cfffffc0150|r% for far away enemies.|n|n|cff80ff00Aftershock|r • Attacks deal up to |cfffffc01100|r additional siege damage, reduced proportionally to the elemental's current HP.	human	0	40	0	0	1	2	always	 - 	 - 	 - 	0	hero	foot	240	16	800	A0F5,A03Q,A0DW,A0CP	sapper,ward	_	True	siege	normal	1	99	1	1	0	1.0	1.0	1.0	0.010101010101010102	debris,enemies,ground,item,structure,ward	0	0	0	0	0		1300	False	normal	_	-	-	-	-	-					_	
custom	h03P	hwat	Elemental Of Lightning	Trains Elemental of Lightning	|cffffac00Unit|r / |cffffffffSpawn rate: |r|cffffff0026|rs|n|n|cffffffffAttack |r|cff959697(all)|r|cffffffff: |rMagic (|cffffff00350|r range, |cffffff000|r dps)|n|cffffffffArmor:|r Light (|cffffff003|r) / |cffffffffHP:|r |cffffff00500|r (|cffffff00+1|r/s)|n|n|cff80ff00Lightning Attack|r • Regular attacks are replaced with lightning that hits up to |cfffffc013|r targets for |cfffffc0150|r spell damage, reduced by |cfffffc0150|r% on buildings.|n|n|cff80ff00Static Shock|r • Whenever this unit takes any damage from a melee attacker it has a |cfffffc0115|r% chance to retaliate, dealing |cfffffc0125|r spell damage and stunning the enemy for |cfffffc012|rs.	human	0	26	0	0	450	1	always	 - 	 - 	 - 	0	small	foot	255	16	600	A0CV,A0F5,A0C5,A0DX,A0CH,A0F7	sapper,ward	_	True	magic	missile	1	99	1	1	0	1.0	1.0	1.0	0.010101010101010102	air,debris,enemies,ground,item,structure,ward	0	0	0	0	0		1300	False	normal	_	-	-	-	-	-					_	
custom	h03R	hwat	Greater Elemental Of Lightning	Trains Greater Elemental of Lightning	|cffffac00Unit|r / |cffffffffSpawn rate: |r|cffffff0037|rs|n|n|cffffffffAttack |r|cff959697(all)|r|cffffffff: |rMagic (|cffffff00400|r range, |cffffff000|r dps)|n|cffffffffArmor:|r Light (|cffffff009|r) / |cffffffffHP:|r |cffffff00800|r (|cffffff00+1.5|r/s)|n|n|cff80ff00Lightning Attack|r • Regular attacks are replaced with lightning that hits up to |cfffffc015|r targets for |cfffffc0180|r spell damage, reduced by |cfffffc0150|r% on buildings.|n|n|cff80ff00Static Shock|r • Whenever this unit takes any damage from a melee attacker it has a |cfffffc0130|r% chance to retaliate, dealing |cfffffc0150|r spell damage and stunning the enemy for |cfffffc014|rs.	human	0	37	0	0	1	1.5	always	 - 	 - 	 - 	0	small	foot	255	16	600	A0CV,A0F5,A0C5,A0DX,A0CI,A0F0	sapper,ward	_	True	magic	missile	1	99	1	1	0	1.0	1.0	1.0	0.010101010101010102	air,debris,enemies,ground,item,structure,ward	0	0	0	0	0		1300	False	normal	_	-	-	-	-	-					_	
custom	h03V	hwat	Master Of Elements	Trains Master of Elements	|cffffac00Unit|r / |cffffac00Legendary|r / |cffffffffSpawn rate: |r|cffffff0054|rs|n|n|cffffffffAttack |r|cff959697(all)|r|cffffffff: |rMagic (|cffffff00500|r range, |cffffff0070|r dps)|n|cffffffffArmor:|r Unarmored (|cffffff008|r) / |cffffffffHP:|r |cffffff001200|r (|cffffff00+3|r/s)|n|n|cff80ff00Legendary Resistance|r • Spell damage taken is reduced by |cffffff0070|r% and the unit is immune to hex, mind control and instant death.|n|n|cff80ff00Lightning Wave|r • Shoots |cfffffc012 |r|cff959697(+0.33 per lightning)|r missiles, which deal |cfffffc0175-300 |r|cff959697(+75 per fire)|r spell damage and pierce up to |cfffffc012 |r|cff959697(+0.5 per wind)|r targets. • Cooldown: |cffffff008|rs.|n|n|cff80ff00Frost Volley|r • Shoots |cfffffc015|r |cff959697(+2 per water) |rmissiles, which deal |cfffffc01225-450|r |cff959697(+75 per earth) |rspell damage to the target and |cffffff0075|r|cfffffc01 |rto other units, their attack and movement speed is also reduced by |cffffff0030|r% for |cffffff006|rs. • Cooldown: |cffffff008|rs.	human	0	54	0	0	1	3	always	 - 	 - 	 - 	0	none	foot	280	16	800	A0CV,A0AH,A0E1,A070,A07H,A06V	sapper,ward	_	True	magic	missile	1	99	1	5	0	1.0	5.0	3.0	0.030303030303030304	air,debris,enemies,ground,item,structure,ward	0	0	0	0	0		1300	False	normal	_	-	-	-	-	-					_	
custom	h03X	hbla	Water Spring	Build Water Spring	|cffffac00Production|r / |cffffffffTraining time: |r|cffffff0022|rs|n|n|cffffcc00Lesser Elemental of Water|r|n|cffffffffAttack |r|cff959697(ground)|r|cffffffff: |rNormal (|cffffff0030|r range, |cffffff0028|r dps)|n|cffffffffAttack |r|cff959697(air)|r|cffffffff: |rPierce (|cffffff00120|r range, |cffffff0018|r dps)|n|cffffffffArmor:|r Medium (|cffffff001|r) / |cffffffffHP:|r |cffffff00300|r (|cffffff00+0.5|r/s)|n|n|cff80ff00Liquid Body|r • Attacks that directly target this unit have a |cffffff0050|r% chance to do no damage and spell damage taken is reduced by |cffffff0030|r%.	human	1	2	140	0	1200	0.5	always	22	22	1	5	fort	_	-	72	25000	A0DS	Mechanical	PathTextures\4x4SimpleSolid.tga	False	normal	_	-	-	-	-	-					_	 - 	 - 	 - 	-	-	_		False	normal	_	-	-	-	-	-					_	
custom	h03Y	hbla	Golden Fountain	Upgrade to Golden Fountain	|cffffac00Production|r / |cffffffffTraining time: |r|cffffff0031|rs|n|n|cffffcc00Elemental of Water|r|n|cffffffffAttack |r|cff959697(ground)|r|cffffffff: |rNormal (|cffffff0030|r range, |cffffff0040|r dps)|n|cffffffffAttack |r|cff959697(air)|r|cffffffff: |rPierce (|cffffff00120|r range, |cffffff0029|r dps)|n|cffffffffArmor:|r Medium (|cffffff003|r) / |cffffffffHP:|r |cffffff00500|r (|cffffff00+1|r/s)|n|n|cff80ff00Liquid Body|r • Attacks that directly target this unit have a |cffffff0060|r% chance to do no damage and spell damage taken is reduced by |cffffff0040|r%.	human	1	2	180	0	1	0.5	always	31	31	1	5	fort	_	-	72	25000	A0DS	Mechanical	PathTextures\4x4SimpleSolid.tga	False	normal	_	-	-	-	-	-					_	 - 	 - 	 - 	-	-	_		False	normal	_	-	-	-	-	-					_	
custom	h03Z	hbla	Spellbound Fountain	Upgrade to Spellbound Fountain	|cffffac00Production|r / |cffffffffTraining time: |r|cffffff0040|rs|n|n|cffffcc00Greater Elemental of Water|r|n|cffffffffAttack |r|cff959697(ground)|r|cffffffff: |rNormal (|cffffff0030|r range, |cffffff0066|r dps)|n|cffffffffAttack |r|cff959697(air)|r|cffffffff: |rPierce (|cffffff00120|r range, |cffffff0066|r dps)|n|cffffffffArmor:|r Medium (|cffffff007|r) / |cffffffffHP:|r |cffffff00650|r (|cffffff00+1.5|r/s)|n|n|cff80ff00Illusion|r • Attacks have a |cffffff0020|r% chance to create an imperfect copy of this unit. It takes |cffffff00100|r% more damage and has |cffffff0040|r% less attack.|n|n|cff80ff00Liquid Body|r • Attacks that directly target this unit have a |cffffff0070|r% chance to do no damage and spell damage taken is reduced by |cffffff0050|r%.	human	1	2	185	0	1	0.5	always	40	40	1	5	fort	_	-	72	25000	A0DS	Mechanical	PathTextures\4x4SimpleSolid.tga	False	normal	_	-	-	-	-	-					_	 - 	 - 	 - 	-	-	_		False	normal	_	-	-	-	-	-					_	
custom	h040	hbla	Rock Pile	Build Rock Pile	|cffffac00Production|r / |cffffffffTraining time: |r|cffffff0027|rs|n|n|cffffcc00Elemental of Earth|r|n|cffffffffAttack |r|cff959697(ground)|r|cffffffff: |rSiege (|cffffff0010|r range, |cffffff0050|r dps)|n|cffffffffArmor:|r Hero (|cffffff004|r) / |cffffffffHP:|r |cffffff00500|r (|cffffff00+1|r/s)|n|n|cff80ff00Earthquake|r • Attacks have a |cfffffc0120|r% chance to deal |cfffffc01100|r true damage to ground targets around this unit, reduced by |cfffffc0150|r% for far away enemies.|n|n|cff80ff00Aftershock|r • Attacks deal up to |cfffffc0150|r additional siege damage, reduced proportionally to the elemental's current HP.	human	1	2	250	0	1	0.5	always	27	27	1	5	fort	_	-	72	25000	A0DS	Mechanical	PathTextures\4x4SimpleSolid.tga	False	normal	_	-	-	-	-	-					_	 - 	 - 	 - 	-	-	_		False	normal	_	-	-	-	-	-					_	
custom	h041	hbla	Greater Fissure	Upgrade to Greater Fissure	|cffffac00Production|r / |cffffffffTraining time: |r|cffffff0040|rs|n|n|cffffcc00Greater Elemental of Earth|r|n|cffffffffAttack |r|cff959697(ground)|r|cffffffff: |rSiege (|cffffff0010|r range, |cffffff0083|r dps)|n|cffffffffArmor:|r Hero (|cffffff008|r) / |cffffffffHP:|r |cffffff00950|r (|cffffff00+2|r/s)|n|n|cff80ff00Earthquake|r • Attacks have a |cfffffc0125|r% chance to deal |cfffffc01200|r true damage to ground targets around this unit, reduced by |cfffffc0150|r% for far away enemies.|n|n|cff80ff00Aftershock|r • Attacks deal up to |cfffffc01100|r additional siege damage, reduced proportionally to the elemental's current HP.	human	1	2	240	0	1	0.5	always	40	40	1	5	fort	_	-	72	25000	A0DS	Mechanical	PathTextures\4x4SimpleSolid.tga	False	normal	_	-	-	-	-	-					_	 - 	 - 	 - 	-	-	_		False	normal	_	-	-	-	-	-					_	
custom	h042	hbla	Pillar of Globe-Lightning	Build Pillar of Globe-Lightning	|cffffac00Production|r / |cffffffffTraining time: |r|cffffff0026|rs|n|n|cffffcc00Elemental of Lightning|r|n|cffffffffAttack |r|cff959697(all)|r|cffffffff: |rMagic (|cffffff00350|r range, |cffffff000|r dps)|n|cffffffffArmor:|r Light (|cffffff003|r) / |cffffffffHP:|r |cffffff00500|r (|cffffff00+1|r/s)|n|n|cff80ff00Lightning Attack|r • Regular attacks are replaced with lightning that hits up to |cfffffc013|r targets for |cfffffc0150|r spell damage, reduced by |cfffffc0150|r% on buildings.|n|n|cff80ff00Static Shock|r • Whenever this unit takes any damage from a melee attacker it has a |cfffffc0115|r% chance to retaliate, dealing |cfffffc0125|r spell damage and stunning the enemy for |cfffffc012|rs.	human	1	2	230	0	1	0.5	always	26	26	1	5	fort	_	-	72	25000	A0DS	Mechanical	PathTextures\4x4SimpleSolid.tga	False	normal	_	-	-	-	-	-					_	 - 	 - 	 - 	-	-	_		False	normal	_	-	-	-	-	-					_	
custom	h044	hbla	Pillar of St. Elmo's Fire	Upgrade to Pillar of St. Elmo's Fire	|cffffac00Production|r / |cffffffffTraining time: |r|cffffff0037|rs|n|n|cffffcc00Greater Elemental of Lightning|r|n|cffffffffAttack |r|cff959697(all)|r|cffffffff: |rMagic (|cffffff00400|r range, |cffffff000|r dps)|n|cffffffffArmor:|r Light (|cffffff009|r) / |cffffffffHP:|r |cffffff00800|r (|cffffff00+1.5|r/s)|n|n|cff80ff00Lightning Attack|r • Regular attacks are replaced with lightning that hits up to |cfffffc015|r targets for |cfffffc0180|r spell damage, reduced by |cfffffc0150|r% on buildings.|n|n|cff80ff00Static Shock|r • Whenever this unit takes any damage from a melee attacker it has a |cfffffc0130|r% chance to retaliate, dealing |cfffffc0150|r spell damage and stunning the enemy for |cfffffc014|rs.	human	1	2	210	0	1	0.5	always	37	37	1	5	fort	_	-	72	25000	A0DS	Mechanical	PathTextures\4x4SimpleSolid.tga	False	normal	_	-	-	-	-	-					_	 - 	 - 	 - 	-	-	_		False	normal	_	-	-	-	-	-					_	
custom	h045	hbla	Altar of Fire	Build Altar of Fire	|cffffac00Production|r / |cff959697-> Legendary|r / |cffffffffTraining time: |r|cffffff0025|rs|n|n|cffffcc00Elemental of Fire|r|n|cffffffffAttack |r|cff959697(all)|r|cffffffff: |rChaos (|cffffff00400|r range, |cffffff0034|r dps)|n|cffffffffArmor:|r Heavy (|cffffff005|r) / |cffffffffHP:|r |cffffff00625|r (|cffffff00+0.5|r/s)	human	1	2	200	0	1200	0.5	always	25	25	1	5	fort	_	-	72	25000	A0DS	Mechanical	PathTextures\4x4SimpleSolid.tga	False	normal	_	-	-	-	-	-					_	 - 	 - 	 - 	-	-	_		False	normal	_	-	-	-	-	-					_	
custom	h046	hbla	Altar of Blaze	Upgrade to Altar of Blaze	|cffffac00Production|r / |cff959697-> Legendary|r / |cffffffffTraining time: |r|cffffff0036|rs|n|n|cffffcc00Greater Elemental of Fire|r|n|cffffffffAttack |r|cff959697(ground)|r|cffffffff: |rChaos (|cffffff00450|r range, |cffffff0048|r dps)|n|cffffffffArmor:|r Heavy (|cffffff007|r) / |cffffffffHP:|r |cffffff00900|r (|cffffff00+1|r/s)|n|n|cff80ff00Split|r • After |cfffffc0115|r attacks this unit splits into 2 identical copies.|n|n|cff80ff00Fire Breath|r • Attacks have a |cfffffc0120|r% chance to cast Fire Breath which does |cfffffc0195|r spell damage to all enemy units in a cone in front of the unit.	human	1	2	220	0	1	0.5	always	36	36	1	5	fort	_	-	72	25000	A0DS	Mechanical	PathTextures\4x4SimpleSolid.tga	False	normal	_	-	-	-	-	-					_	 - 	 - 	 - 	-	-	_		False	normal	_	-	-	-	-	-					_	
custom	h04A	hbla	Trapped Gale	Build Trapped Gale	|cffffac00Production|r / |cffffffffTraining time: |r|cffffff0021|rs|n|n|cffffcc00Lesser Elemental of Wind|r|n|cffffffffAttack |r|cff959697(air)|r|cffffffff: |rPierce (|cffffff00400|r range, |cffffff0026|r dps)|n|cffffffffArmor:|r Medium (|cffffff002|r) / |cffffffffHP:|r |cffffff00350|r (|cffffff00+1|r/s)	human	1	2	130	0	1200	0.5	always	21	21	1	5	fort	_	-	72	25000	A0DS	Mechanical	PathTextures\4x4SimpleSolid.tga	False	normal	_	-	-	-	-	-					_	 - 	 - 	 - 	-	-	_		False	normal	_	-	-	-	-	-					_	
custom	h04C	hbla	Monument of Wind Stream	Upgrade to Monument of Wind Stream	|cffffac00Production|r / |cffffffffTraining time: |r|cffffff0030|rs|n|n|cffffcc00Elemental of Wind|r|n|cffffffffAttack |r|cff959697(air)|r|cffffffff: |rPierce (|cffffff00450|r range, |cffffff0043|r dps)|n|cffffffffAttack |r|cff959697(ground)|r|cffffffff: |rPierce (|cffffff00450|r range, |cffffff0037|r dps)|n|cffffffffArmor:|r Medium (|cffffff004|r) / |cffffffffHP:|r |cffffff00550|r (|cffffff00+1.5|r/s)|n|n|cff80ff00Gale|r • Flying enemies nearby have their attack and movement speed reduced by |cffffff0020|r% until they leave the area.	human	1	2	180	0	1	0.5	always	30	30	1	5	fort	_	-	72	25000	A0DS	Mechanical	PathTextures\4x4SimpleSolid.tga	False	normal	_	-	-	-	-	-					_	 - 	 - 	 - 	-	-	_		False	normal	_	-	-	-	-	-					_	
custom	h04D	hbla	Zephyros Memorial	Upgrade to Zephyros Memorial	|cffffac00Production|r / |cffffffffTraining time: |r|cffffff0040|rs|n|n|cffffcc00Greater Elemental of Wind|r|n|cffffffffAttack |r|cff959697(air)|r|cffffffff: |rPierce (|cffffff00450|r range, |cffffff0055|r dps)|n|cffffffffAttack |r|cff959697(ground)|r|cffffffff: |rPierce (|cffffff00400|r range, |cffffff0043|r dps)|n|cffffffffArmor:|r Medium (|cffffff009|r) / |cffffffffHP:|r |cffffff001300|r (|cffffff00+2.5|r/s) / |cffffffffMP:|r |cffffff001100|r|n|n|cff80ff00Gale|r • Flying enemies nearby have their attack and movement speed reduced by |cffffff0035|r% until they leave the area.|n|n|cff80ff00Vicious Winds|r • Anti-air attacks splash to nearby targets as pierce damage at |cffffff0070|r% value.|n|n|cff80ff00Instability|r • Damage taken is converted to mana. Once it reaches |cffffff00680|r the unit will explode for |cffffff00375|r spell damage on the first valid target.	human	1	2	200	0	1	0.5	always	40	40	1	5	fort	_	-	72	25000	A0DS	Mechanical	PathTextures\4x4SimpleSolid.tga	False	normal	_	-	-	-	-	-					_	 - 	 - 	 - 	-	-	_		False	normal	_	-	-	-	-	-					_	
custom	h04E	hbla	Tower of Elder Knowledge	Upgrade to Tower of Elder Knowledge	|cffffac00Production|r / |cffffac00Legendary|r / |cffffffffTraining time: |r|cffffff0054|rs|n|n|cffffcc00Master of Elements|r|n|cffffffffAttack |r|cff959697(all)|r|cffffffff: |rMagic (|cffffff00500|r range, |cffffff0070|r dps)|n|cffffffffArmor:|r Unarmored (|cffffff008|r) / |cffffffffHP:|r |cffffff001200|r (|cffffff00+3|r/s)|n|n|cff80ff00Legendary Resistance|r • Spell damage taken is reduced by |cffffff0070|r% and the unit is immune to hex, mind control and instant death.|n|n|cff80ff00Lightning Wave|r • Shoots |cfffffc012 |r|cff959697(+0.33 per lightning)|r missiles, which deal |cfffffc0175-300 |r|cff959697(+75 per fire)|r spell damage and pierce up to |cfffffc012 |r|cff959697(+0.5 per wind)|r targets. • Cooldown: |cffffff008|rs.|n|n|cff80ff00Frost Volley|r • Shoots |cfffffc015|r |cff959697(+2 per water) |rmissiles, which deal |cfffffc01225-450|r |cff959697(+75 per earth) |rspell damage to the target and |cffffff0075|r|cfffffc01 |rto other units, their attack and movement speed is also reduced by |cffffff0030|r% for |cffffff006|rs. • Cooldown: |cffffff008|rs.	human	1	2	300	400	1	0.5	always	54	54	 - 	5	fort	_	-	72	-		Mechanical	PathTextures\4x4SimpleSolid.tga	False	normal	_	-	-	-	-	-					_	 - 	 - 	 - 	-	-	_		False	normal	_	-	-	-	-	-					_	
custom	h05Z	hbla	Books of Conjuration	Build Books of Conjuration	|cffffac00Utility|r|n|n|cff80ff00Autonomous Conjuration|r • Pick one of the two spells for this building to automatically cast.|n|n|cff80ff00Elemental Rain|r • Assaults an area with a Monsoon/Blizzard of |cfffffc015|r/|cfffffc017|r waves that deal |cfffffc0150|r/|cfffffc0130|r spell damage each to ground targets only. |n• Cooldown: |cffffff0015|rs.|n|n|cff80ff00Meteor Shower|r • Peppers an area with |cfffffc015|r waves of meteors, each one deals |cfffffc0130|r spell damage and applies a |cfffffc0115/s|r spell damage DoT for |cfffffc013|rs to air units only. • Cooldown: |cffffff0015|rs.	human	1	2	340	650	1	0.5	always	16	 - 	1	5	fort	_	-	72	20000		Mechanical	PathTextures\4x4SimpleSolid.tga	False	normal	_	-	-	-	-	-					_	 - 	 - 	 - 	-	-	_		False	normal	_	-	-	-	-	-					_	
custom	h060	hbla	Obelisk of Elements	Build Obelisk of Elements	|cffffac00Utility|r|n|n|cff80ff00Enchantment|r • Apply one of the four effects to an allied unit that doesn't already have any. |n• Cooldown: |cffffff0011|rs.|n|n|cff80ff00Blazing Weapon|r • All attacks splash to nearby targets as true damage at |cffffff0050|r% value.|n|n|cff80ff00Lightning Speed|r • Attack speed is increased by |cffffff0070|r% and movement speed by |cffffff0015|r%.|n|n|cff80ff00Rock Shield|r • Armor is increased by |cffffff0015|r.|n|n|cff80ff00Soothing Mist|r • One time |cffffff00450|r hp heal, can only affect units that are missing at least |cffffff00350|r hp.	human	1	2	245	550	1	0.5	always	12	 - 	1	5	fort	_	-	72	20000	A0DV,A07E	Mechanical	PathTextures\4x4SimpleSolid.tga	False	normal	_	-	-	-	-	-					_	 - 	 - 	 - 	-	-	_		False	normal	_	-	-	-	-	-					_	
custom	h061	hbla	Elemental Guard Tower	Build Elemental Guard Tower	|cffffac00Tower|r|n|nAttack |cff959697(all)|r: Chaos (|cffffff00900|r range, |cffffff0079|r dps)|nArmor: Fortified (|cffffff005|r) / HP: |cffffff001500|r (|cffffff00+2|r/s)|n|n|cff80ff00Avalanche|r • Attacks have a |cffffff0040|r% chance to additionally hurl a boulder that does |cffffff00100|r spell damage and stuns the target for |cffffff0010|rs.	human	1	20	220	300	1	2	always	 - 	 - 	 - 	5	fort	_	-	72	1000	A09A	Mechanical	PathTextures\4x4SimpleSolid.tga	True	chaos	missile	900	99	1	1	0	1.0	1.0	1.0	0.010101010101010102	air,enemies,ground	 - 	 - 	 - 	-	-	_	1600	False	normal	_	-	-	-	-	-					_	
custom	h062	hbla	Mana Generator	Build Mana Generator	|cffffac00Utility|r|n|n|cff80ff00Power Transfer|r • Create a tether to another mana-consuming building which reduces its cooldown by |cfffffc0115|r%, increased to |cfffffc0130|r% for Elemental buildings. Maximum of one Mana Generator per building.	human	1	2	200	250	1	0.5	always	 - 	12	1	5	fort	_	-	72	20000	A0EK,A07E	Mechanical	PathTextures\4x4SimpleSolid.tga	False	normal	_	-	-	-	-	-					_	 - 	 - 	 - 	-	-	_		False	normal	_	-	-	-	-	-					_	
custom	h063	hbla	Linker	Build Linker	|cffffac00Utility|r / |cffffac00Legendary|r|n|n|cff80ff00Link|r • On death, Elementals heal others for |cfffffc0117.5|r-|cfffffc01500|r hp |cff959697(+17.5 hp per building)|r, reduced by |cfffffc0170|r% for units from other races. The effect scales with the number of Elemental production buildings owned by the player. Multiples of this building offer no additional benefit.|n|n|cffc0c0c0In modes without fixed races, a single linker works as if every ally had a separate one.|r	human	1	2	700	1900	1	4	always	 - 	 - 	 - 	5	fort	_	-	72	99999	A0ET,A06V	Mechanical	PathTextures\4x4SimpleSolid.tga	False	normal	_	-	-	-	-	-					_	 - 	 - 	 - 	-	-	_		False	normal	_	-	-	-	-	-					_	
custom	h068	hfoo	Footman	Train Footman	Versatile foot soldier. Can learn the Defend ability. |n|n|cffffcc00Attacks land units.|r	human	0	20	135	0	420	0.25	always	 - 	 - 	 - 	2	large	fly	270	31	500	Avul,Aloc	_	_	False	normal	normal	90	1.35	1	2	11	12.0	13.0	12.5	9.25925925925926	ground,structure,debris,item,ward	 - 	 - 	 - 	-	-	_		False	normal	_	-	-	-	-	-					_	
custom	h06E	hbla	Meteor Shower	Upgrade to Meteor Shower	|cffffac00Utility|r|n|n|cff80ff00Meteor Shower|r • Peppers an area with |cfffffc015|r waves of meteors, each one deals |cfffffc0130|r spell damage and applies a |cfffffc0115/s|r spell damage DoT for |cfffffc013|rs to air units only. • Cooldown: |cffffff0015|rs.	human	1	2	0	0	1	0.5	always	16	 - 	1	5	fort	_	-	72	20000	A0FG,A07E	Mechanical	PathTextures\4x4SimpleSolid.tga	False	normal	_	-	-	-	-	-					_	 - 	 - 	 - 	-	-	_		False	normal	_	-	-	-	-	-					_	
custom	h06F	hbla	Elemental Rain	Upgrade to Elemental Rain	|cffffac00Utility|r|n|n|cff80ff00Elemental Rain|r • Assaults an area with a Monsoon/Blizzard of |cfffffc015|r/|cfffffc017|r waves that deal |cfffffc0150|r/|cfffffc0130|r spell damage each to ground targets only. • Cooldown: |cffffff0015|rs.	human	1	2	0	0	1	0.5	always	16	 - 	1	5	fort	_	-	72	20000	A0EI,A07E	Mechanical	PathTextures\4x4SimpleSolid.tga	False	normal	_	-	-	-	-	-					_	 - 	 - 	 - 	-	-	_		False	normal	_	-	-	-	-	-					_	
custom	h076	hbla	Discharge Tower	Build Discharge Tower	|cffffac00Tower|r|n|nAttack |cff959697(all)|r: Spell (|cffffff00800|r range, |cffffff0023|r dps)|nArmor: Fortified (|cffffff005|r) / HP: |cffffff001500|r (|cffffff00+2|r/s)|n|n|cff80ff00Discharge|r • Does |cffffff0025|r spell damage to a random, visible enemy unit in range. • Cooldown: |cffffff000.1|rs.	human	1	20	240	300	1	2	always	 - 	 - 	 - 	5	fort	_	-	72	1000	A0D9,A0EX,A09A	Mechanical	PathTextures\4x4SimpleSolid.tga	True	spells	missile	800	99	1	1	0	1.0	1.0	1.0	0.010101010101010102	air,enemies,ground	 - 	 - 	 - 	-	-	_	1600	False	unknown	_	-	-	-	-	-					_	
custom	o00C	oswy	Lesser Elemental Of Wind	Trains Lesser Elemental of Wind	|cffffac00Unit|r / |cffffffffSpawn rate: |r|cffffff0021|rs|n|n|cffffffffAttack |r|cff959697(air)|r|cffffffff: |rPierce (|cffffff00400|r range, |cffffff0026|r dps)|n|cffffffffArmor:|r Medium (|cffffff002|r) / |cffffffffHP:|r |cffffff00350|r (|cffffff00+1|r/s)	human	0	21	0	0	1	1	always	 - 	 - 	 - 	0	medium	fly	300	16	800	A0F5	sapper,ward	_	True	pierce	missile	1	99	1	1	0	1.0	1.0	1.0	0.010101010101010102	air,enemies,structure	 - 	 - 	 - 	-	-	_	1000	False	normal	_	-	-	-	-	-					_	
custom	o00D	oswy	Elemental Of Wind	Trains Elemental of Wind	|cffffac00Unit|r / |cffffffffSpawn rate: |r|cffffff0030|rs|n|n|cffffffffAttack |r|cff959697(air)|r|cffffffff: |rPierce (|cffffff00450|r range, |cffffff0043|r dps)|n|cffffffffAttack |r|cff959697(ground)|r|cffffffff: |rPierce (|cffffff00450|r range, |cffffff0037|r dps)|n|cffffffffArmor:|r Medium (|cffffff004|r) / |cffffffffHP:|r |cffffff00550|r (|cffffff00+1.5|r/s)|n|n|cff80ff00Gale|r • Flying enemies nearby have their attack and movement speed reduced by |cffffff0020|r% until they leave the area.	human	0	30	0	0	1	1.5	always	 - 	 - 	 - 	0	medium	fly	300	16	800	A0F5,A0E5,A0CQ	sapper,ward	_	True	pierce	missile	450	99	1	1	0	1.0	1.0	1.0	0.010101010101010102	air,enemies	 - 	 - 	 - 	-	-	_	1000	True	pierce	missile	450	99	1	1	0	1.0	1.0	1.0	0.010101010101010102	enemies,ground,structure	
custom	o00E	oswy	Greater Elemental Of Wind	Trains Greater Elemental of Wind	|cffffac00Unit|r / |cffffffffSpawn rate: |r|cffffff0040|rs|n|n|cffffffffAttack |r|cff959697(air)|r|cffffffff: |rPierce (|cffffff00450|r range, |cffffff0055|r dps)|n|cffffffffAttack |r|cff959697(ground)|r|cffffffff: |rPierce (|cffffff00400|r range, |cffffff0043|r dps)|n|cffffffffArmor:|r Medium (|cffffff009|r) / |cffffffffHP:|r |cffffff001300|r (|cffffff00+2.5|r/s) / |cffffffffMP:|r |cffffff001100|r|n|n|cff80ff00Gale|r • Flying enemies nearby have their attack and movement speed reduced by |cffffff0035|r% until they leave the area.|n|n|cff80ff00Vicious Winds|r • Anti-air attacks splash to nearby targets as pierce damage at |cffffff0070|r% value.|n|n|cff80ff00Instability|r • Damage taken is converted to mana. Once it reaches |cffffff00680|r the unit will explode for |cffffff00375|r spell damage on the first valid target.	human	0	40	0	0	1	2.5	always	1100	 - 	-2	0	medium	fly	300	16	800	A0F5,A0C5,A0E5,A0E6,A03Q,A0CR	sapper,ward	_	True	pierce	msplash	450	99	1	1	0	1.0	1.0	1.0	0.010101010101010102	air,enemies	250	300	350	0.7	0.4	air,enemies	1000	True	pierce	missile	400	99	1	1	0	1.0	1.0	1.0	0.010101010101010102	enemies,ground,structure	
custom	u00F	ugho	Greater Elemental Of Fire	Trains Greater Fire Elemental	|cffffac00Unit|r / |cffffffffSpawn rate: |r|cffffff0036|rs|n|n|cffffffffAttack |r|cff959697(ground)|r|cffffffff: |rChaos (|cffffff00450|r range, |cffffff0048|r dps)|n|cffffffffArmor:|r Heavy (|cffffff007|r) / |cffffffffHP:|r |cffffff00900|r (|cffffff00+1|r/s)|n|n|cff80ff00Split|r • After |cfffffc0115|r attacks this unit splits into 2 identical copies.|n|n|cff80ff00Fire Breath|r • Attacks have a |cfffffc0120|r% chance to cast Fire Breath which does |cfffffc0195|r spell damage to all enemy units in a cone in front of the unit.	undead	0	36	0	0	1	-2	always	 - 	 - 	 - 	0	large	foot	270	16	500	Aeth,A0DZ,A0DY	undead	_	True	normal	normal	90	1.3	2	2	10	12.0	14.0	13.0	10.0	ground,structure,debris,item,ward	 - 	 - 	 - 	-	-	_		True	normal	normal	66	1.35	2	1	0	2.0	2.0	2.0	1.4814814814814814	tree	
custom	X051	hpea	Elemental Builder	|cffFFD900Choose Nature Force|r	The forces of Nature itself are called to fight for their masters. Specializing in strong units and healing buffs, the Nature Race is slightly more expensive but better than the average race.	undead	0	15	0	0	220	0.25	always	 - 	 - 	 - 	0	medium	foot	550	1	500	Aeth,A06E,AInv,A005,A001,Ahrp,Avul	standon,peon	_	False	normal	normal	90	2	1	2	4	5.0	6.0	5.5	2.75	ground,structure,debris,item,ward	 - 	 - 	 - 	-	-	_		False	normal	normal	66	1.1	1	1	0	1.0	1.0	1.0	0.9090909090909091	tree	
custom	e005	ebal	Ballista	Trains Ballista	|cffffac00Unit|r / |cffffffffSpawn rate: |r|cffffff0032|rs|n|n|cffffffffAttack |r|cff959697(ground)|r|cffffffff: |rSiege (|cffffff00850|r range, |cffffff0031|r dps)|n|cffffffffArmor:|r Medium (|cffffff003|r) / |cffffffffHP:|r |cffffff00500|r (|cffffff00+0.5|r/s)|n|n|cff80ff00Piercing Bolts|r • Attacks splash to ground units in a straight line behind the main target as siege damage at |cffffff00100|r% value.	nightelf	0	32	0	0	1	0.5	always	 - 	 - 	 - 	0	medium	foot	250	16	1200		mechanical,sapper,ward	_	True	siege	mline	850	99	1	1	0	1.0	1.0	1.0	0.010101010101010102	ground,structure,debris,wall,item,ward	0	0	0	0	0	debris,enemies,ground,structure,wall	1200	False	siege	aline	1050	3.5	1	12	38	39.0	50.0	44.5	12.714285714285714	ground,structure,debris,wall,item,ward,tree	
custom	h005	hbla	Obelisk of Light	Build Obelisk of Light	|cffffac00Utility|r|n|n|cff80ff00Cleansing Light|r • Shoots a beam at a random visible enemy unit, which deals |cffffff00180|r spell damage and then removes all effects from the target. • Cooldown: |cffffff005|rs.	nightelf	1	2	235	400	1	0.5	always	 - 	 - 	 - 	5	fort	_	-	72	-	A07W	Mechanical	PathTextures\4x4SimpleSolid.tga	False	normal	_	-	-	-	-	-					_	 - 	 - 	 - 	-	-	_		False	normal	_	-	-	-	-	-					_	
custom	h00T	hbla	Hall of Honor	Build Hall of Honor	|cffffac00Production|r / |cffffffffTraining time: |r|cffffff0026|rs|n|n|cffffcc00Blademaster|r|n|cffffffffAttack |r|cff959697(ground)|r|cffffffff: |rNormal (|cffffff00100|r range, |cffffff0039|r dps)|n|cffffffffArmor:|r Heavy (|cffffff007|r) / |cffffffffHP:|r |cffffff00400|r (|cffffff00+1|r/s)|n|n|cff80ff00Elven Armaments|r • Attacks that directly target this unit have a |cffffff0015|r% chance to do no damage and spell damage taken is reduced by |cffffff0015|r%.|n|n|cff80ff00Critical Strike|r • Attacks have a |cffffff0025|r% chance to deal |cffffff00150|r% more damage.	nightelf	1	2	220	0	1	0.5	always	26	26	 - 	5	fort	_	-	72	-		Mechanical	PathTextures\4x4SimpleSolid.tga	False	normal	_	-	-	-	-	-					_	 - 	 - 	 - 	-	-	_		False	normal	_	-	-	-	-	-					_	
custom	h00U	hspt	Bloodthirster	Trains Bloodthirster	|cffffac00Unit|r / |cffffffffSpawn rate: |r|cffffff0028|rs|n|n|cffffffffAttack |r|cff959697(all)|r|cffffffff: |rMagic (|cffffff00390|r range, |cffffff0038|r dps)|n|cffffffffArmor:|r Medium (|cffffff003|r) / |cffffffffHP:|r |cffffff00525|r (|cffffff00+1.5|r/s) / |cffffffffMP:|r |cffffff00200|r (|cffffff00+1.5|r/s)|n|n|cff80ff00Bouncing Glaives|r • Attacks hit |cffffff003|r targets, each bounce does |cffffff0030|r% less damage than its predecessor.|n|n|cff80ff00Faerie Fire|r • Reduces the armor of an enemy by |cffffff006|r for |cffffff0030|rs. • Cooldown: |cffffff006|rs.	nightelf	0	28	0	0	1	1.5	always	200	120	1.5	3	medium	foot	300	16	800	A0CV,A00W	sapper,ward	_	True	magic	mbounce	1	99	1	1	0	1.0	1.0	1.0	0.010101010101010102	air,debris,ground,item,structure,ward	450	 - 	 - 	-	-	air,debris,ground,item,structure,ward	900	False	normal	_	-	-	-	-	-					_	
custom	h00V	hbla	Bloodelf War Academy	Build Bloodelf War Academy	|cffffac00Production|r / |cffffffffTraining time: |r|cffffff0028|rs|n|n|cffffcc00Bloodthirster|r|n|cffffffffAttack |r|cff959697(all)|r|cffffffff: |rMagic (|cffffff00390|r range, |cffffff0038|r dps)|n|cffffffffArmor:|r Medium (|cffffff003|r) / |cffffffffHP:|r |cffffff00525|r (|cffffff00+1.5|r/s) / |cffffffffMP:|r |cffffff00200|r (|cffffff00+1.5|r/s)|n|n|cff80ff00Bouncing Glaives|r • Attacks hit |cffffff003|r targets, each bounce does |cffffff0030|r% less damage than its predecessor.|n|n|cff80ff00Faerie Fire|r • Reduces the armor of an enemy by |cffffff006|r for |cffffff0030|rs. • Cooldown: |cffffff006|rs.	nightelf	1	2	275	0	1	0.5	always	28	28	 - 	5	fort	_	-	72	-		Mechanical	PathTextures\4x4SimpleSolid.tga	False	normal	_	-	-	-	-	-					_	 - 	 - 	 - 	-	-	_		False	normal	_	-	-	-	-	-					_	
custom	h00W	hmpr	Wizard	Trains Wizard	|cffffac00Unit|r / |cffffac00Legendary|r / |cffffffffSpawn rate: |r|cffffff0052|rs|n|n|cffffffffAttack |r|cff959697(all)|r|cffffffff: |rChaos (|cffffff00650|r range, |cffffff0055|r dps)|n|cffffffffArmor:|r Unarmored (|cffffff004|r) / |cffffffffHP:|r |cffffff00850|r / |cffffffffMP:|r |cffffff00250|r (|cffffff00+3.5|r/s)|n|n|cff80ff00Legendary Resistance|r • Spell damage taken is reduced by |cffffff0070|r% and the unit is immune to hex, mind control and instant death.|n|n|cff80ff00Lightning Staff|r • Attacks have a |cffffff0030|r% chance to release a chain lightning, which does |cffffff00230|r spell damage to |cffffff007|r targets. Each bounce does |cffffff0020|r% less than its predecessor.|n|n|cff80ff00Healing Wave|r • Heals |cffffff00300|r hp to |cffffff006|r allies, each bounce does |cffffff0020|r% less than its predecessor. • Cooldown: |cffffff0012|rs. |n|n|cff80ff00Firebolt|r • Shoots a projectile at a random, visible enemy which does |cffffff0075|r spell damage immediately and |cffffff00100|r in the next |cffffff004|rs. |n• Cooldown: |cffffff003|rs.	nightelf	0	52	0	0	1	0.25	always	250	180	3.5	0	none	foot	290	16	800	A0CV,A0AH,A07H,A06V,A070,A013,A00X,A00Z,A010	sapper,ward	_	True	chaos	missile	1	99	1	1	0	1.0	1.0	1.0	0.010101010101010102	ground,structure,debris,air,item,ward	 - 	 - 	 - 	-	-	_	900	False	normal	_	-	-	-	-	-					_	
custom	h00X	hbla	Tower of Supreme Magic	Upgrade to Tower of Supreme Magic	|cffffac00Production|r / |cffffac00Legendary|r / |cffffffffTraining time: |r|cffffff0052|rs|n|n|cffffcc00Wizard|r|n|cffffffffAttack |r|cff959697(all)|r|cffffffff: |rChaos (|cffffff00650|r range, |cffffff0055|r dps)|n|cffffffffArmor:|r Unarmored (|cffffff004|r) / |cffffffffHP:|r |cffffff00850|r / |cffffffffMP:|r |cffffff00250|r (|cffffff00+3.5|r/s)|n|n|cff80ff00Legendary Resistance|r • Spell damage taken is reduced by |cffffff0070|r% and the unit is immune to hex, mind control and instant death.|n|n|cff80ff00Lightning Staff|r • Attacks have a |cffffff0030|r% chance to release a chain lightning, which does |cffffff00230|r spell damage to |cffffff007|r targets. Each bounce does |cffffff0020|r% less than its predecessor.|n|n|cff80ff00Healing Wave|r • Heals |cffffff00300|r hp to |cffffff006|r allies, each bounce does |cffffff0020|r% less than its predecessor. • Cooldown: |cffffff0012|rs. |n|n|cff80ff00Firebolt|r • Shoots a projectile at a random, visible enemy which does |cffffff0075|r spell damage immediately and |cffffff00100|r in the next |cffffff004|rs. |n• Cooldown: |cffffff003|rs.	nightelf	1	2	400	360	1	4	always	52	52	 - 	5	fort	_	-	72	-	A06V	Mechanical	PathTextures\4x4SimpleSolid.tga	False	normal	_	-	-	-	-	-					_	 - 	 - 	 - 	-	-	_		False	normal	_	-	-	-	-	-					_	
custom	h00Z	hbla	City of Magic	Build City of Magic	|cffffac00Utility|r|n|n|cff80ff00Hex|r • Turns a random enemy unit into a sheep for |cffffff0045|r seconds. • Cooldown: |cffffff0010|rs.	nightelf	1	2	240	440	1	0.5	always	13	 - 	1	5	fort	_	-	72	99999	A017	Mechanical	PathTextures\4x4SimpleSolid.tga	False	normal	_	-	-	-	-	-					_	 - 	 - 	 - 	-	-	_		False	normal	_	-	-	-	-	-					_	
custom	h014	hbla	Arcane Tower	Build Arcane Tower	|cffffac00Tower|r|n|nAttack |cff959697(all)|r: Magic (|cffffff00675|r range, |cffffff0047|r dps)|nArmor: Fortified (|cffffff005|r) / HP: |cffffff001500|r (|cffffff00+2|r/s)|n|n|cff80ff00Enchanted Orb|r • Attacks hit |cffffff004|r additional targets.	nightelf	1	20	250	300	1	2	always	 - 	 - 	 - 	5	fort	_	-	72	700	A015,A09A	Mechanical	PathTextures\4x4SimpleSolid.tga	True	magic	missile	675	99	1	1	0	1.0	1.0	1.0	0.010101010101010102	air,enemies,ground	 - 	 - 	 - 	-	-	_	900	False	normal	_	-	-	-	-	-					_	
custom	h03F	hbla	Hall of the Eldest	Upgrade to Hall of the Eldest	|cffffac00Production|r / |cffffffffTraining time: |r|cffffff0037|rs|n|n|cffffcc00Elder Blademaster|r|n|cffffffffAttack |r|cff959697(ground)|r|cffffffff: |rNormal (|cffffff00120|r range, |cffffff0090|r dps)|n|cffffffffArmor:|r Heavy (|cffffff0010|r) / |cffffffffHP:|r |cffffff00800|r (|cffffff00+2|r/s)|n|n|cff80ff00Elven Armaments|r • Attacks that directly target this unit have a |cffffff0025|r% chance to do no damage and spell damage taken is reduced by |cffffff0025|r%.|n|n|cff80ff00Magebane|r • Attacks have a |cffffff0030|r% chance to deal |cffffff00200|r% more damage, burn |cffffff0040|r mana, and deal 0-|cffffff0040|r spell damage |cff959697(+1 per burned mana)|r.	nightelf	1	2	230	0	1	0.5	always	37	37	 - 	5	fort	_	-	72	-		Mechanical	PathTextures\4x4SimpleSolid.tga	False	normal	_	-	-	-	-	-					_	 - 	 - 	 - 	-	-	_		False	normal	_	-	-	-	-	-					_	
custom	h059	hbla	Golden Shrine of Justice	Build Golden Shrine of Justice	|cffffac00Utility|r / |cffffac00Legendary|r|n|n|cff80ff00Light's Blessing|r • Non-legendary allied units gain a |cffffff0020|r-|cffffff0040|r% |cff959697(+20% per building)|r chance to be revived once with a delay of |cffffff002|rs. To maximize the effect you need two Shrines.	nightelf	1	2	650	1800	1	4	always	 - 	 - 	 - 	5	fort	_	-	72	-	A06V,A06A	Mechanical	PathTextures\4x4SimpleSolid.tga	False	normal	_	-	-	-	-	-					_	 - 	 - 	 - 	-	-	_		False	normal	_	-	-	-	-	-					_	
custom	h069	hbla	Spare Part Heap	Build Spare Part Heap	|cffffac00Utility|r|n|n|cff80ff00Unpaid Interns|r • Assembles |cfffffc011|r robo-gobbo from scrap metal. It is invulnerable and will repair a mechanical unit or a building that isn't already being fixed.	orc	1	2	200	300	1	0.5	always	 - 	 - 	 - 	5	fort	_	-	72	-	A07E	Mechanical	PathTextures\4x4SimpleSolid.tga	False	normal	_	-	-	-	-	-					_	 - 	 - 	 - 	-	-	_		False	normal	_	-	-	-	-	-					_	
custom	h06Y	hbla	Dragonhawk Portal	Build Dragonhawk Portal	|cffffac00Production|r / |cffffffffTraining time: |r|cffffff0030|rs|n|n|cffffcc00Dragonhawk Rider|r|n|cffffffffAttack |r|cff959697(all)|r|cffffffff: |rPierce (|cffffff00450|r range, |cffffff0046|r dps)|n|cffffffffArmor:|r Heavy (|cffffff003|r) / |cffffffffHP:|r |cffffff00650|r (|cffffff00+1|r/s) / |cffffffffMP:|r |cffffff00200|r (|cffffff00+1|r/s)|n|n|cff80ff00Solar Strike|r • Strikes |cffffff004|r air units for |cffffff0080|r spell damage. Targets are stunned for |cffffff004|rs.|n• Cooldown: |cffffff0014|rs.	nightelf	1	2	310	0	1	0.5	always	30	30	 - 	5	fort	_	-	72	-		Mechanical	PathTextures\4x4SimpleSolid.tga	False	normal	_	-	-	-	-	-					_	 - 	 - 	 - 	-	-	_		False	normal	_	-	-	-	-	-					_	
custom	h070	hbla	Highelf Siege Factory	Build Highelf Siege Factory	|cffffac00Production|r / |cffffffffTraining time: |r|cffffff0032|rs|n|n|cffffcc00Ballista|r|n|cffffffffAttack |r|cff959697(ground)|r|cffffffff: |rSiege (|cffffff00850|r range, |cffffff0031|r dps)|n|cffffffffArmor:|r Medium (|cffffff003|r) / |cffffffffHP:|r |cffffff00500|r (|cffffff00+0.5|r/s)|n|n|cff80ff00Piercing Bolts|r • Attacks splash to ground units in a straight line behind the main target as siege damage at |cffffff00100|r% value.	nightelf	1	2	350	0	1	0.5	always	32	32	 - 	5	fort	_	-	72	-		Mechanical	PathTextures\4x4SimpleSolid.tga	False	normal	_	-	-	-	-	-					_	 - 	 - 	 - 	-	-	_		False	normal	_	-	-	-	-	-					_	
custom	h07B	hsor	Sorceress	Trains Sorceress	|cffffac00Unit|r / |cffffffffSpawn rate: |r|cffffff0033|rs|n|n|cffffffffAttack |r|cff959697(all)|r|cffffffff: |rMagic (|cffffff00500|r range, |cffffff0027|r dps)|n|cffffffffArmor:|r Unarmored (|cffffff002|r) / |cffffffffHP:|r |cffffff00550|r / |cffffffffMP:|r |cffffff00200|r (|cffffff00+1.5|r/s)|n|n|cff80ff00Lightning Staff|r • Attacks have a |cffffff0025|r% chance to release a chain lightning, which does |cffffff00150|r spell damage to |cffffff007|r targets. Each bounce does |cffffff0030|r% less than its predecessor.|n|n|cff80ff00Healing Wave|r • Heals |cffffff00150|r hp to |cffffff002|r allies, each bounce does |cffffff0040|r% less than its predecessor. • Cooldown: |cffffff008|rs.	nightelf	0	33	0	0	1	0.25	always	200	140	1.5	0	none	hover	300	16	800	A0CV,A0A7,A0A9	sapper,ward	_	True	magic	missile	1	99	1	1	0	1.0	1.0	1.0	0.010101010101010102	ground,structure,debris,air,item,ward	 - 	 - 	 - 	-	-	_	900	False	normal	_	-	-	-	-	-					_	
custom	h08X	hbla	Archery Range	Build Archery Range	|cffffac00Production|r / |cffffffffTraining time: |r|cffffff0024|rs|n|n|cffffcc00Archer|r|n|cffffffffAttack |r|cff959697(all)|r|cffffffff: |rPierce (|cffffff00450|r range, |cffffff0028|r dps)|n|cffffffffArmor:|r Unarmored (|cffffff002|r) / |cffffffffHP:|r |cffffff00320|r (|cffffff00+1|r/s)|n|n|cff80ff00Headshot|r • Attacks have a |cffffff0010|r% chance to deal an additional |cffffff0050|r pierce damage and stun the target for |cffffff000.5|rs.|n|n|cff80ff00Fleetfooted|r • Attacks that directly target this unit have a |cffffff0015|r% chance to do no damage.	nightelf	1	2	180	0	1200	0.5	always	24	24	 - 	5	fort	_	-	72	-	A07E	Mechanical	PathTextures\4x4SimpleSolid.tga	False	normal	_	-	-	-	-	-					_	 - 	 - 	 - 	-	-	_		False	normal	_	-	-	-	-	-					_	
custom	h08Y	hbla	Archery Tower	Upgrade to Archery Tower	|cffffac00Production|r / |cffffffffTraining time: |r|cffffff0034|rs|n|n|cffffcc00Master Archer|r|n|cffffffffAttack |r|cff959697(all)|r|cffffffff: |rPierce (|cffffff00500|r range, |cffffff0084|r dps)|n|cffffffffArmor:|r Unarmored (|cffffff004|r) / |cffffffffHP:|r |cffffff00525|r (|cffffff00+1|r/s)|n|n|cff80ff00Headshot|r • Attacks have a |cffffff0020|r% chance to deal an additional |cffffff00125|r pierce damage and stun the target for |cffffff000.5|rs.|n|n|cff80ff00Fleetfooted|r • Attacks that directly target this unit have a |cffffff0025|r% chance to do no damage.	nightelf	1	2	200	0	1	0.5	always	34	34	 - 	5	fort	_	-	72	-	A07E	Mechanical	PathTextures\4x4SimpleSolid.tga	False	normal	_	-	-	-	-	-					_	 - 	 - 	 - 	-	-	_		False	normal	_	-	-	-	-	-					_	
custom	h09X	hbla	School of Wizardry	Build School of Wizardry	|cffffac00Production|r / |cff959697-> Legendary|r / |cffffffffTraining time: |r|cffffff0033|rs|n|n|cffffcc00Sorceress|r|n|cffffffffAttack |r|cff959697(all)|r|cffffffff: |rMagic (|cffffff00500|r range, |cffffff0027|r dps)|n|cffffffffArmor:|r Unarmored (|cffffff002|r) / |cffffffffHP:|r |cffffff00550|r / |cffffffffMP:|r |cffffff00200|r (|cffffff00+1.5|r/s)|n|n|cff80ff00Lightning Staff|r • Attacks have a |cffffff0025|r% chance to release a chain lightning, which does |cffffff00150|r spell damage to |cffffff007|r targets. Each bounce does |cffffff0030|r% less than its predecessor.|n|n|cff80ff00Healing Wave|r • Heals |cffffff00150|r hp to |cffffff002|r allies, each bounce does |cffffff0040|r% less than its predecessor. • Cooldown: |cffffff008|rs.	nightelf	1	2	360	0	1	0.5	always	33	33	 - 	5	fort	_	-	72	-		Mechanical	PathTextures\4x4SimpleSolid.tga	False	normal	_	-	-	-	-	-					_	 - 	 - 	 - 	-	-	_		False	normal	_	-	-	-	-	-					_	
custom	n006	nbel	Blademaster	Trains Blademaster	|cffffac00Unit|r / |cffffffffSpawn rate: |r|cffffff0026|rs|n|n|cffffffffAttack |r|cff959697(ground)|r|cffffffff: |rNormal (|cffffff00100|r range, |cffffff0039|r dps)|n|cffffffffArmor:|r Heavy (|cffffff007|r) / |cffffffffHP:|r |cffffff00400|r (|cffffff00+1|r/s)|n|n|cff80ff00Elven Armaments|r • Attacks that directly target this unit have a |cffffff0015|r% chance to do no damage and spell damage taken is reduced by |cffffff0015|r%.|n|n|cff80ff00Critical Strike|r • Attacks have a |cffffff0025|r% chance to deal |cffffff00150|r% more damage.	nightelf	0	26	0	0	1	1	always	0	0	0.625	0	large	foot	325	16	800	A0FK,A0AL,A00U,A00V	sapper,ward	_	True	normal	normal	1	99	1	1	0	1.0	1.0	1.0	0.010101010101010102	ground,structure,debris,item,ward	 - 	 - 	 - 	-	-	_	900	False	normal	_	-	-	-	-	-					_	
custom	n00Y	nbel	Elder Blademaster	Trains Elder Blademaster	|cffffac00Unit|r / |cffffffffSpawn rate: |r|cffffff0037|rs|n|n|cffffffffAttack |r|cff959697(ground)|r|cffffffff: |rNormal (|cffffff00120|r range, |cffffff0090|r dps)|n|cffffffffArmor:|r Heavy (|cffffff0010|r) / |cffffffffHP:|r |cffffff00800|r (|cffffff00+2|r/s)|n|n|cff80ff00Elven Armaments|r • Attacks that directly target this unit have a |cffffff0025|r% chance to do no damage and spell damage taken is reduced by |cffffff0025|r%.|n|n|cff80ff00Magebane|r • Attacks have a |cffffff0030|r% chance to deal |cffffff00200|r% more damage, burn |cffffff0040|r mana, and deal 0-|cffffff0040|r spell damage |cff959697(+1 per burned mana)|r.	nightelf	0	37	0	0	1	2	always	0	0	0.625	0	large	foot	340	16	800	A0AN,A05Y,A03P,A014	sapper,ward	_	True	normal	normal	1	99	1	1	0	1.0	1.0	1.0	0.010101010101010102	ground,structure,debris,item,ward	 - 	 - 	 - 	-	-	_	900	False	normal	_	-	-	-	-	-					_	
custom	n01U	ncg1	Gobbo Machinist	Assemble Gobbo Machinist	Assembles an invulnerable Gobbo Machinist, which repairs buildings and mechanical units. A building/unit can only be repaired by one Gobbo at the same time. If a Gobbo repairs a mechanical unit, it will permanently attach itself to the target.	orc	0	30	0	0	125	2	always	 - 	 - 	 - 	1	none	fly	500	1	100	Aeth,A07M,Avul,A07G,A09K	mechanical,sapper,ward	_	False	normal	normal	1	1	1	2	7	8.0	9.0	8.5	8.5	ground,structure,debris,item,ward	 - 	 - 	 - 	-	-	_		False	normal	_	-	-	-	-	-					_	
custom	n01Y	nws1	Dragonhawk Rider	Trains Dragonhawk Rider	|cffffac00Unit|r / |cffffffffSpawn rate: |r|cffffff0030|rs|n|n|cffffffffAttack |r|cff959697(all)|r|cffffffff: |rPierce (|cffffff00450|r range, |cffffff0046|r dps)|n|cffffffffArmor:|r Heavy (|cffffff003|r) / |cffffffffHP:|r |cffffff00650|r (|cffffff00+1|r/s) / |cffffffffMP:|r |cffffff00200|r (|cffffff00+1|r/s)|n|n|cff80ff00Solar Strike|r • Strikes |cffffff004|r air units for |cffffff0080|r spell damage. Targets are stunned for |cffffff004|rs.|n• Cooldown: |cffffff0014|rs.	nightelf	0	30	0	0	1	1	always	200	125	1	0	large	fly	330	16	800	A08V	sapper,ward	_	True	pierce	missile	1	99	1	1	0	1.0	1.0	1.0	0.010101010101010102	ground,structure,debris,air,item,ward	 - 	 - 	 - 	-	-	_	1100	False	normal	_	-	-	-	-	-					_	
custom	n022	nhea	Archer	Trains Archer	|cffffac00Unit|r / |cffffffffSpawn rate: |r|cffffff0024|rs|n|n|cffffffffAttack |r|cff959697(all)|r|cffffffff: |rPierce (|cffffff00450|r range, |cffffff0028|r dps)|n|cffffffffArmor:|r Unarmored (|cffffff002|r) / |cffffffffHP:|r |cffffff00320|r (|cffffff00+1|r/s)|n|n|cff80ff00Headshot|r • Attacks have a |cffffff0010|r% chance to deal an additional |cffffff0050|r pierce damage and stun the target for |cffffff000.5|rs.|n|n|cff80ff00Fleetfooted|r • Attacks that directly target this unit have a |cffffff0015|r% chance to do no damage.	nightelf	0	24	0	0	1	1	always	 - 	 - 	 - 	0	none	foot	300	16	800	A0CV,A08I,A00U	sapper,ward	_	True	pierce	missile	1	99	1	1	0	1.0	1.0	1.0	0.010101010101010102	ground,structure,debris,air,item,ward	 - 	 - 	 - 	-	-	_	1200	False	normal	_	-	-	-	-	-					_	
custom	n023	nhea	Master Archer	Trains Master Archer	|cffffac00Unit|r / |cffffffffSpawn rate: |r|cffffff0034|rs|n|n|cffffffffAttack |r|cff959697(all)|r|cffffffff: |rPierce (|cffffff00500|r range, |cffffff0084|r dps)|n|cffffffffArmor:|r Unarmored (|cffffff004|r) / |cffffffffHP:|r |cffffff00525|r (|cffffff00+1|r/s)|n|n|cff80ff00Headshot|r • Attacks have a |cffffff0020|r% chance to deal an additional |cffffff00125|r pierce damage and stun the target for |cffffff000.5|rs.|n|n|cff80ff00Fleetfooted|r • Attacks that directly target this unit have a |cffffff0025|r% chance to do no damage.	nightelf	0	34	0	0	1	1	always	 - 	 - 	 - 	0	none	foot	300	16	800	A08J,A03P	sapper,ward	_	True	pierce	missile	500	99	1	1	0	1.0	1.0	1.0	0.010101010101010102	ground,structure,debris,air,item,ward	 - 	 - 	 - 	-	-	_	1200	False	normal	_	-	-	-	-	-					_	
custom	X00P	hpea	Elf Builder	|cffFFD900Choose the Elven Union|r	The elven races have gathered to defend their realms. Elves use strong magic to weaken enemies and aid friendly units. They've got a pretty good siege weapon and a low ranged tower with multishot.	undead	0	15	0	0	220	0.25	always	 - 	 - 	 - 	0	medium	foot	550	1	500	Aeth,A06E,AInv,A005,A001,Ahrp,Avul	standon,peon	_	False	normal	normal	90	2	1	2	4	5.0	6.0	5.5	2.75	ground,structure,debris,item,ward	 - 	 - 	 - 	-	-	_		False	normal	normal	66	1.1	1	1	0	1.0	1.0	1.0	0.9090909090909091	tree	
custom	h000	hbla	Barracks	Build Barracks	|cffffac00Production|r / |cffffffffTraining time: |r|cffffff0020|rs|n|n|cffffcc00Footman|r|n|cffffffffAttack |r|cff959697(ground)|r|cffffffff: |rNormal (|cffffff0090|r range, |cffffff0018|r dps)|n|cffffffffArmor:|r Heavy (|cffffff004|r) / |cffffffffHP:|r |cffffff00250|r	human	1	2	100	0	1200	0.5	always	20	20	 - 	5	fort	_	-	72	-		Mechanical	PathTextures\4x4SimpleSolid.tga	False	normal	_	-	-	-	-	-					_	 - 	 - 	 - 	-	-	_		False	normal	_	-	-	-	-	-					_	
custom	h001	hbla	Artillery	Build Artillery	|cffffac00Utility|r|n|n|cff80ff00Bombardment|r • Fires an artillery shell at a random point in the enemy base, which does |cffffff00300|r-|cffffff00400|r siege damage in an area around the impact and an additional |cffffff0020|r spell damage to everything hit. • Cooldown: |cffffff0015|rs.	human	1	2	200	380	1	0.5	always	 - 	 - 	 - 	5	fort	_	-	72	99999	A02K	mechanical,ward	PathTextures\4x4SimpleSolid.tga	True	siege	artillery	1	99	1	1	0	1.0	1.0	1.0	0.010101010101010102	ground	60	150	320	0.5	0.2	enemies	800	False	normal	_	-	-	-	-	-					_	
custom	h003	hbla	Sniper Nest	Build Sniper Nest	|cffffac00Production|r / |cffffffffTraining time: |r|cffffff0022|rs|n|n|cffffcc00Sniper|r|n|cffffffffAttack |r|cff959697(all)|r|cffffffff: |rPierce (|cffffff00500|r range, |cffffff0024|r dps)|n|cffffffffArmor:|r Medium (|cffffff000|r) / |cffffffffHP:|r |cffffff00270|r|n|n|cff80ff00Critical Strike|r • Attacks have a |cffffff0010|r% chance to deal |cffffff0050|r% more damage.	human	1	2	140	0	1200	0.5	always	22	22	 - 	5	fort	_	-	72	-	A07E	Mechanical	PathTextures\4x4SimpleSolid.tga	False	normal	_	-	-	-	-	-					_	 - 	 - 	 - 	-	-	_		False	normal	_	-	-	-	-	-					_	
custom	h004	hbla	Weapon Lab	Build Weapon Lab	|cffffac00Production|r / |cffffffffTraining time: |r|cffffff0025|rs|n|n|cffffcc00Mortar|r|n|cffffffffAttack |r|cff959697(ground)|r|cffffffff: |rSiege (|cffffff001000|r range, |cffffff0021|r dps)|n|cffffffffArmor:|r Light (|cffffff000|r) / |cffffffffHP:|r |cffffff00280|r|n|n|cff80ff00Hazardous Munitions|r • Attacks splash to nearby ground targets as siege damage at |cffffff0050|r% value.	human	1	2	210	0	1	0.5	always	25	25	 - 	5	fort	_	-	72	-		Mechanical	PathTextures\4x4SimpleSolid.tga	False	normal	_	-	-	-	-	-					_	 - 	 - 	 - 	-	-	_		False	normal	_	-	-	-	-	-					_	
custom	h006	hgtw	Watch Tower	Build Watch Tower	|cffffac00Tower|r|n|nAttack |cff959697(all)|r: Pierce (|cffffff00950|r range, |cffffff0090|r dps)|nArmor: Fortified (|cffffff005|r) / HP: |cffffff001500|r (|cffffff00+2|r/s)	human	1	20	150	300	1	2	always	 - 	 - 	 - 	5	fort	_	-	72	1000	A09A	Mechanical	PathTextures\4x4SimpleSolid.tga	True	pierce	missile	950	99	1	1	0	1.0	1.0	1.0	0.010101010101010102	air,enemies,ground	 - 	 - 	 - 	-	-	_	1800	False	normal	_	-	-	-	-	-					_	
custom	h00K	hbla	Hjordhejmen	Build Hjordhejmen	|cffffac00Production|r / |cffffffffTraining time: |r|cffffff0030|rs|n|n|cffffcc00Warlock|r|n|cffffffffAttack |r|cff959697(all)|r|cffffffff: |rChaos (|cffffff00160|r range, |cffffff0017|r dps)|n|cffffffffArmor:|r Unarmored (|cffffff001|r) / |cffffffffHP:|r |cffffff00320|r (|cffffff00+1.5|r/s) / |cffffffffMP:|r |cffffff00100|r (|cffffff00+1|r/s)|n|n|cff80ff00Chamber|r • Deals |cffffff00270|r spell damage to all enemies around the caster. • Cooldown: |cffffff0012|rs.|n|n|cff80ff00Cowardice|r • Under normal circumstances this unit will only engage in combat when its spell is available.	human	1	2	300	0	1	0.5	always	30	30	 - 	5	fort	_	-	72	-		Mechanical	PathTextures\4x4SimpleSolid.tga	False	normal	_	-	-	-	-	-					_	 - 	 - 	 - 	-	-	_		False	normal	_	-	-	-	-	-					_	
custom	h010	hbla	Gjallarhorn	Build Gjallarhorn	|cffffac00Utility|r|n|n|cff80ff00Holy Fervour|r • Applies a |cffffff0040|r-|cffffff0055|r% |cff959697(+5% per building)|r attack speed buff to nearby allies, which lasts |cffffff0060|rs. The effect grows in power for every Gjallarhorn built. • Cooldown: |cffffff007|rs.	human	1	2	250	800	1	0.5	always	10	 - 	1	5	fort	_	-	72	99999	A01K,A09A	Mechanical	PathTextures\4x4SimpleSolid.tga	False	normal	_	-	-	-	-	-					_	 - 	 - 	 - 	-	-	_		False	normal	_	-	-	-	-	-					_	
custom	h015	hbla	Gryphon Rock	Build Gryphon Rock	|cffffac00Production|r / |cffffffffTraining time: |r|cffffff0027|rs|n|n|cffffcc00Gryphon Rider|r|n|cffffffffAttack |r|cff959697(all)|r|cffffffff: |rMagic (|cffffff00450|r range, |cffffff0023|r dps)|n|cffffffffArmor:|r Medium (|cffffff002|r) / |cffffffffHP:|r |cffffff00500|r (|cffffff00+1|r/s)|n|n|cff80ff00Charged Hammer|r • Attacks have a |cffffff0010|r% chance to release a chain lightning, which does |cffffff00150|r spell damage to |cffffff005|r targets. Each bounce does |cffffff0025|r% less than its predecessor.|n|n|cff80ff00Blunt Force Trauma|r • Attacks have a |cffffff0015|r% chance to deal an additional |cffffff0025|r magic damage to the main target and stun it for |cffffff002|rs.	human	1	2	250	0	1	0.5	always	27	27	 - 	5	fort	_	-	72	-		Mechanical	PathTextures\4x4SimpleSolid.tga	False	normal	_	-	-	-	-	-					_	 - 	 - 	 - 	-	-	_		False	normal	_	-	-	-	-	-					_	
custom	h016	hgry	Gryphon Rider	Trains Gryphon Rider	|cffffac00Unit|r / |cffffffffSpawn rate: |r|cffffff0027|rs|n|n|cffffffffAttack |r|cff959697(all)|r|cffffffff: |rMagic (|cffffff00450|r range, |cffffff0023|r dps)|n|cffffffffArmor:|r Medium (|cffffff002|r) / |cffffffffHP:|r |cffffff00500|r (|cffffff00+1|r/s)|n|n|cff80ff00Charged Hammer|r • Attacks have a |cffffff0010|r% chance to release a chain lightning, which does |cffffff00150|r spell damage to |cffffff005|r targets. Each bounce does |cffffff0025|r% less than its predecessor.|n|n|cff80ff00Blunt Force Trauma|r • Attacks have a |cffffff0015|r% chance to deal an additional |cffffff0025|r magic damage to the main target and stun it for |cffffff002|rs.	human	0	27	0	0	1	1	always	 - 	 - 	 - 	0	medium	fly	320	8	800	A05K,A01B	sapper,ward	_	True	magic	missile	450	99	1	1	44	45.0	45.0	45.0	0.45454545454545453	air,debris,ground,item,structure,ward	 - 	 - 	 - 	-	-	ground,structure,enemy,debris	1100	False	pierce	missile	450	2.4	1	11	44	45.0	55.0	50.0	20.833333333333336	air	
custom	h037	hbla	Chapel	Build Chapel	|cffffac00Production|r / |cff959697-> Legendary|r / |cffffffffTraining time: |r|cffffff0028|rs|n|n|cffffcc00Crusader|r|n|cffffffffAttack |r|cff959697(ground)|r|cffffffff: |rHero (|cffffff00100|r range, |cffffff0042|r dps)|n|cffffffffArmor:|r Heavy (|cffffff006|r) / |cffffffffHP:|r |cffffff00600|r (|cffffff00+1|r/s) / |cffffffffMP:|r |cffffff00200|r (|cffffff00+2|r/s)|n|n|cff80ff00Hallowed Blade|r • Attacks splash to nearby targets as hero damage at |cffffff0025|r% value and have a |cffffff0020|r% chance to deal |cffffff0025|r hero damage and stun the main target for |cffffff002|rs.|n|n|cff80ff00Blessing|r • Gives an ally |cffffff006|r armor and |cffffff0016|r hp/s regeneration for |cffffff0010|rs. • Cooldown: |cffffff007|rs.	human	1	2	265	0	1	0.5	always	28	28	 - 	5	fort	_	-	72	-		Mechanical	PathTextures\4x4SimpleSolid.tga	False	normal	_	-	-	-	-	-					_	 - 	 - 	 - 	-	-	_		False	normal	_	-	-	-	-	-					_	
custom	h038	hbla	Church	Upgrade to Church	|cffffac00Production|r / |cff959697-> Legendary|r / |cffffffffTraining time: |r|cffffff0041|rs|n|n|cffffcc00Paladin|r|n|cffffffffAttack |r|cff959697(ground)|r|cffffffff: |rHero (|cffffff00100|r range, |cffffff0067|r dps)|n|cffffffffArmor:|r Heavy (|cffffff009|r) / |cffffffffHP:|r |cffffff00850|r (|cffffff00+1|r/s) / |cffffffffMP:|r |cffffff00300|r (|cffffff00+2.5|r/s)|n|n|cff80ff00Hallowed Blade|r • Attacks splash to nearby targets as hero damage at |cffffff0025|r% value and have a |cffffff0020|r% chance to deal |cffffff0025|r hero damage and stun the main target for |cffffff002|rs.|n|n|cff80ff00Blessing|r • Gives an ally |cffffff009|r armor, |cffffff0024|r hp/s regeneration for |cffffff0010|rs and |cffffff00100|r max hp permanently. • Cooldown: |cffffff007|rs.|n|n|cff80ff00Eternal Crusade|r • Brings a fallen, non-legendary ally back to life. • Cooldown: |cffffff0040|rs.|n|n|cff80ff00Devotion|r • Allies nearby have their armor increased by |cffffff003|r until they leave the area.	human	1	2	260	0	1	0.5	always	41	41	 - 	5	fort	_	-	72	-		Mechanical	PathTextures\4x4SimpleSolid.tga	False	normal	_	-	-	-	-	-					_	 - 	 - 	 - 	-	-	_		False	normal	_	-	-	-	-	-					_	
custom	h039	hbla	Stronghold	Upgrade to Stronghold	|cffffac00Production|r / |cffffffffTraining time: |r|cffffff0028|rs|n|n|cffffcc00Defender|r|n|cffffffffAttack |r|cff959697(ground)|r|cffffffff: |rNormal (|cffffff0090|r range, |cffffff0038|r dps)|n|cffffffffArmor:|r Heavy (|cffffff007|r) / |cffffffffHP:|r |cffffff00575|r (|cffffff00+1.75|r/s)|n|n|cff80ff00Quality Armor|r • Attacks that directly target this unit have a |cffffff0015|r% chance to do no damage and spell damage taken is reduced by |cffffff0050|r%.|n|n|cff80ff00Massive Shield|r • All ranged damage taken is reduced by |cffffff0060|r%. Pierce projectiles have a |cffffff0050|r% chance to be reflected back to the attacker.	human	1	2	175	0	1	0.5	always	28	28	 - 	5	fort	_	-	72	-		Mechanical	PathTextures\4x4SimpleSolid.tga	False	normal	_	-	-	-	-	-					_	 - 	 - 	 - 	-	-	_		False	normal	_	-	-	-	-	-					_	
custom	h03A	hfoo	Defender	Trains Defender	|cffffac00Unit|r / |cffffffffSpawn rate: |r|cffffff0028|rs|n|n|cffffffffAttack |r|cff959697(ground)|r|cffffffff: |rNormal (|cffffff0090|r range, |cffffff0038|r dps)|n|cffffffffArmor:|r Heavy (|cffffff007|r) / |cffffffffHP:|r |cffffff00575|r (|cffffff00+1.75|r/s)|n|n|cff80ff00Quality Armor|r • Attacks that directly target this unit have a |cffffff0015|r% chance to do no damage and spell damage taken is reduced by |cffffff0050|r%.|n|n|cff80ff00Massive Shield|r • All ranged damage taken is reduced by |cffffff0060|r%. Pierce projectiles have a |cffffff0050|r% chance to be reflected back to the attacker.	human	0	28	0	0	1	1.75	always	 - 	 - 	 - 	0	large	foot	250	16	800	A00U,A03G	sapper,ward	_	True	normal	normal	90	1.35	1	1	0	1.0	1.0	1.0	0.7407407407407407	debris,ground,item,structure,ward	 - 	 - 	 - 	-	-	_		False	normal	_	-	-	-	-	-					_	
custom	h03B	hkni	Crusader	Trains Crusader	|cffffac00Unit|r / |cffffffffSpawn rate: |r|cffffff0028|rs|n|n|cffffffffAttack |r|cff959697(ground)|r|cffffffff: |rHero (|cffffff00100|r range, |cffffff0042|r dps)|n|cffffffffArmor:|r Heavy (|cffffff006|r) / |cffffffffHP:|r |cffffff00600|r (|cffffff00+1|r/s) / |cffffffffMP:|r |cffffff00200|r (|cffffff00+2|r/s)|n|n|cff80ff00Hallowed Blade|r • Attacks splash to nearby targets as hero damage at |cffffff0025|r% value and have a |cffffff0020|r% chance to deal |cffffff0025|r hero damage and stun the main target for |cffffff002|rs.|n|n|cff80ff00Blessing|r • Gives an ally |cffffff006|r armor and |cffffff0016|r hp/s regeneration for |cffffff0010|rs. • Cooldown: |cffffff007|rs.	human	0	28	0	0	1	1	always	200	150	2	0	large	horse	340	16	600	A0FK,A03K,A01F,A01A,A03M	sapper,ward	_	True	hero	normal	100	99	1	1	0	1.0	1.0	1.0	0.010101010101010102	ground,structure,debris,item,ward	 - 	 - 	 - 	-	-	_		False	normal	_	-	-	-	-	-					_	
custom	h03C	hkni	Paladin	Trains Paladin	|cffffac00Unit|r / |cffffffffSpawn rate: |r|cffffff0041|rs|n|n|cffffffffAttack |r|cff959697(ground)|r|cffffffff: |rHero (|cffffff00100|r range, |cffffff0067|r dps)|n|cffffffffArmor:|r Heavy (|cffffff009|r) / |cffffffffHP:|r |cffffff00850|r (|cffffff00+1|r/s) / |cffffffffMP:|r |cffffff00300|r (|cffffff00+2.5|r/s)|n|n|cff80ff00Hallowed Blade|r • Attacks splash to nearby targets as hero damage at |cffffff0025|r% value and have a |cffffff0020|r% chance to deal |cffffff0025|r hero damage and stun the main target for |cffffff002|rs.|n|n|cff80ff00Blessing|r • Gives an ally |cffffff009|r armor, |cffffff0024|r hp/s regeneration for |cffffff0010|rs and |cffffff00100|r max hp permanently. • Cooldown: |cffffff007|rs.|n|n|cff80ff00Eternal Crusade|r • Brings a fallen, non-legendary ally back to life. • Cooldown: |cffffff0040|rs.|n|n|cff80ff00Devotion|r • Allies nearby have their armor increased by |cffffff003|r until they leave the area.	human	0	41	0	0	1	1	always	300	200	2.5	0	large	horse	340	16	600	A0FK,A03K,A01F,A01A,A03H,A03I,A03J	sapper,ward	_	True	hero	normal	100	99	1	1	0	1.0	1.0	1.0	0.010101010101010102	ground,structure,debris,item,ward	 - 	 - 	 - 	-	-	_		False	normal	_	-	-	-	-	-					_	
custom	h05C	hrif	Marksman	Trains Marksman	|cffffac00Unit|r / |cffffffffSpawn rate: |r|cffffff0031|rs|n|n|cffffffffAttack |r|cff959697(air)|r|cffffffff: |rPierce (|cffffff00800|r range, |cffffff0069|r dps)|n|cffffffffAttack |r|cff959697(building)|r|cffffffff: |rPierce (|cffffff00500|r range, |cffffff0028|r dps)|n|cffffffffArmor:|r Medium (|cffffff001|r) / |cffffffffHP:|r |cffffff00450|r|n|n|cff80ff00Critical Strike|r • Attacks have a |cffffff0040|r% chance to deal |cffffff00200|r% more damage.	human	0	31	0	0	1	0.25	always	 - 	 - 	 - 	0	medium	foot	200	16	800	A0CV,A06F	sapper,ward	_	True	pierce	instant	800	99	1	1	0	1.0	1.0	1.0	0.010101010101010102	air	 - 	 - 	 - 	-	-	_	1900	True	pierce	instant	500	99	1	1	0	1.0	1.0	1.0	0.010101010101010102	debris,item,structure,ward	
custom	h05D	hbla	Gunner's Hall	Upgrade to Gunner's Hall	|cffffac00Production|r / |cffffffffTraining time: |r|cffffff0031|rs|n|n|cffffcc00Heavy Gunner|r|n|cffffffffAttack |r|cff959697(ground)|r|cffffffff: |rPierce (|cffffff00550|r range, |cffffff0047|r dps)|n|cffffffffArmor:|r Medium (|cffffff003|r) / |cffffffffHP:|r |cffffff00500|r|n|n|cff80ff00Dwarven Missiles|r • Attacks splash to all nearby targets as pierce damage at |cffffff0065|r% value.|n|n|cff80ff00Critical Strike|r • Attacks have a |cffffff0020|r% chance to deal |cffffff00100|r% more damage.	human	1	2	180	0	1	0.5	always	31	31	 - 	5	fort	_	-	72	-		Mechanical	PathTextures\4x4SimpleSolid.tga	False	normal	_	-	-	-	-	-					_	 - 	 - 	 - 	-	-	_		False	normal	_	-	-	-	-	-					_	
custom	h05G	hbla	Heroic Shrine	Build Heroic Shrine	|cffffac00Utility|r / |cffffac00Legendary|r|n|n|cff80ff00Call to Arms|r • All allied structures gain a |cffffff0016|r-|cffffff0032|r% |cff959697(+16% per building)|r chance to instantly spawn another copy of their respective unit.|nTo maximize the effect you need two Shrines.	human	1	2	550	1500	1	4	always	 - 	 - 	 - 	5	fort	_	-	72	99999	A06V,A06M	Mechanical	PathTextures\4x4SimpleSolid.tga	False	normal	_	-	-	-	-	-					_	 - 	 - 	 - 	-	-	_		False	normal	_	-	-	-	-	-					_	
custom	h072	hbla	Holy Altar	Upgrade to Holy Altar	|cffffac00Production|r / |cffffac00Legendary|r / |cffffffffTraining time: |r|cffffff0051|rs|n|n|cffffcc00Holy Warrior|r|n|cffffffffAttack |r|cff959697(ground)|r|cffffffff: |rHero (|cffffff00100|r range, |cffffff0087|r dps)|n|cffffffffArmor:|r Heavy (|cffffff0012|r) / |cffffffffHP:|r |cffffff001400|r (|cffffff00+1|r/s) / |cffffffffMP:|r |cffffff00200|r (|cffffff00+1.33|r/s)|n|n|cff80ff00Legendary Resistance|r • Spell damage taken is reduced by |cffffff0070|r% and the unit is immune to hex, mind control and instant death.|n|n|cff80ff00Hallowed Blade|r • Attacks splash to nearby targets as hero damage at |cffffff0040|r% value and have a |cffffff0050|r% chance to deal |cffffff00100|r hero damage and stun the main target for |cffffff002|rs.|n|n|cff80ff00Godly Favor|r • Brings 3 fallen, non-legendary allies back to life, then nearby units restore |cffffff0050|r hp, |cffffff0050|r mana, receive a |cffffff0020|r% attack increase and |cffffff003|r armor for |cffffff007|rs. • Cooldown: |cffffff0020|rs.|n|n|cff80ff00Absolute Devotion|r • Allies nearby have their armor increased by |cffffff009|r until they leave the area.	human	1	2	200	500	1	4	always	51	51	 - 	0	fort	_	-	72	99999	A06V	Mechanical	PathTextures\4x4SimpleSolid.tga	False	normal	_	-	-	-	-	-					_	 - 	 - 	 - 	-	-	_		False	normal	_	-	-	-	-	-					_	
custom	h074	hkni	Holy Warrior	Holy Warrior	|cffffac00Unit|r / |cffffac00Legendary|r / |cffffffffSpawn rate: |r|cffffff0051|rs|n|n|cffffffffAttack |r|cff959697(ground)|r|cffffffff: |rHero (|cffffff00100|r range, |cffffff0087|r dps)|n|cffffffffArmor:|r Heavy (|cffffff0012|r) / |cffffffffHP:|r |cffffff001400|r (|cffffff00+1|r/s) / |cffffffffMP:|r |cffffff00200|r (|cffffff00+1.33|r/s)|n|n|cff80ff00Legendary Resistance|r • Spell damage taken is reduced by |cffffff0070|r% and the unit is immune to hex, mind control and instant death.|n|n|cff80ff00Hallowed Blade|r • Attacks splash to nearby targets as hero damage at |cffffff0040|r% value and have a |cffffff0050|r% chance to deal |cffffff00100|r hero damage and stun the main target for |cffffff002|rs.|n|n|cff80ff00Godly Favor|r • Brings 3 fallen, non-legendary allies back to life, then nearby units restore |cffffff0050|r hp, |cffffff0050|r mana, receive a |cffffff0020|r% attack increase and |cffffff003|r armor for |cffffff007|rs. • Cooldown: |cffffff0020|rs.|n|n|cff80ff00Absolute Devotion|r • Allies nearby have their armor increased by |cffffff009|r until they leave the area.	human	0	51	0	0	1	1	always	200	100	1.33	0	large	foot	300	24	800	A0I0,A070,A06V,A07H,A0AH,A0AD,A0HZ,A090	sapper,ward	_	True	hero	normal	100	99	1	1	0	1.0	1.0	1.0	0.010101010101010102	ground,structure,debris,item,ward	 - 	 - 	 - 	-	-	_		False	normal	_	-	-	-	-	-					_	
custom	h0A1	hbla	Marksmen's Encampment	Upgrade to Marksmen's Encampment	|cffffac00Production|r / |cffffffffTraining time: |r|cffffff0031|rs|n|n|cffffcc00Marksman|r|n|cffffffffAttack |r|cff959697(air)|r|cffffffff: |rPierce (|cffffff00800|r range, |cffffff0069|r dps)|n|cffffffffAttack |r|cff959697(building)|r|cffffffff: |rPierce (|cffffff00500|r range, |cffffff0028|r dps)|n|cffffffffArmor:|r Medium (|cffffff001|r) / |cffffffffHP:|r |cffffff00450|r|n|n|cff80ff00Critical Strike|r • Attacks have a |cffffff0040|r% chance to deal |cffffff00200|r% more damage.	human	1	2	180	0	1	0.5	always	31	31	 - 	5	fort	_	-	72	-	A07E	Mechanical	PathTextures\4x4SimpleSolid.tga	False	normal	_	-	-	-	-	-					_	 - 	 - 	 - 	-	-	_		False	normal	_	-	-	-	-	-					_	
custom	h0A2	hrif	Heavy Gunner	Trains Heavy Gunner	|cffffac00Unit|r / |cffffffffSpawn rate: |r|cffffff0031|rs|n|n|cffffffffAttack |r|cff959697(ground)|r|cffffffff: |rPierce (|cffffff00550|r range, |cffffff0047|r dps)|n|cffffffffArmor:|r Medium (|cffffff003|r) / |cffffffffHP:|r |cffffff00500|r|n|n|cff80ff00Dwarven Missiles|r • Attacks splash to all nearby targets as pierce damage at |cffffff0065|r% value.|n|n|cff80ff00Critical Strike|r • Attacks have a |cffffff0020|r% chance to deal |cffffff00100|r% more damage.	human	0	31	0	0	1	0.25	always	 - 	 - 	 - 	0	medium	foot	270	16	800	A0CV,A06G,A06L	sapper,ward	_	True	pierce	msplash	1	99	1	1	0	1.0	1.0	1.0	0.010101010101010102	debris,ground,item,structure,ward	50	120	180	0.65	0.25	enemies	1800	False	normal	_	-	-	-	-	-					_	
custom	n005	nwiz	Warlock	Trains Warlock	|cffffac00Unit|r / |cffffffffSpawn rate: |r|cffffff0030|rs|n|n|cffffffffAttack |r|cff959697(all)|r|cffffffff: |rChaos (|cffffff00160|r range, |cffffff0017|r dps)|n|cffffffffArmor:|r Unarmored (|cffffff001|r) / |cffffffffHP:|r |cffffff00320|r (|cffffff00+1.5|r/s) / |cffffffffMP:|r |cffffff00100|r (|cffffff00+1|r/s)|n|n|cff80ff00Chamber|r • Deals |cffffff00270|r spell damage to all enemies around the caster. • Cooldown: |cffffff0012|rs.|n|n|cff80ff00Cowardice|r • Under normal circumstances this unit will only engage in combat when its spell is available.	human	0	30	0	0	1	1.5	always	100	100	1	0	none	foot	300	16	800	A0EZ,A0CV,A00K,A00F	sapper,ward	_	True	chaos	missile	1	1.8	1	4	0	1.0	4.0	2.5	1.3888888888888888	ground,structure,debris,air,item,ward	 - 	 - 	 - 	-	-	_	1000	False	normal	_	-	-	-	-	-					_	
custom	X00C	hpea	Human Builder	|cffFFD900Choose Human Alliance|r	Humans use many cheap units to overrun the enemy. They can use artillery to demolish the enemy base without having to attack it directly. This race has a basic defense tower.	undead	0	15	0	0	220	0.25	always	 - 	 - 	 - 	0	medium	foot	550	1	500	Aeth,A06E,AInv,A005,A001,Ahrp,Avul	standon,peon	_	False	normal	normal	90	2	1	2	4	5.0	6.0	5.5	2.75	ground,structure,debris,item,ward	 - 	 - 	 - 	-	-	_		False	normal	normal	66	1.1	1	1	0	1.0	1.0	1.0	0.9090909090909091	tree	
custom	h07U	hbla	Vessel of Purity	Vessel of Purity	|cffffac00Utility|r|n|n|cff80ff00Purification|r • Does |cffffff00150|r spell damage and reveals all enemies for |cffffff007|rs in an area around a random corpse, consuming all corpses within |cffffff00220|r range of it. • Cooldown: |cffffff0015|rs.	human	1	2	200	500	1	0.5	always	18	 - 	1	5	fort	_	-	72	99999	A0HN	Mechanical	PathTextures\4x4SimpleSolid.tga	False	normal	_	-	-	-	-	-					_	 - 	 - 	 - 	-	-	_		False	normal	_	-	-	-	-	-					_	
custom	h05J	hbla	Aircraft Factory	Build Aircraft Factory	|cffffac00Production|r / |cffffffffTraining time: |r|cffffff0023|rs|n|n|cffffcc00Roterothopter|r|n|cffffffffAttack |r|cff959697(air)|r|cffffffff: |rPierce (|cffffff00500|r range, |cffffff0025|r dps)|n|cffffffffAttack |r|cff959697(building)|r|cffffffff: |rPierce (|cffffff00500|r range, |cffffff0020|r dps)|n|cffffffffArmor:|r Light (|cffffff004|r) / |cffffffffHP:|r |cffffff00300|r|n|n|cff80ff00Stun Rounds|r • Air attacks have a |cffffff0030|r% chance to deal |cffffff0040|r pierce damage and stun the target for |cffffff001.2|rs.	orc	1	2	160	0	1200	0.5	always	23	23	 - 	5	fort	_	-	72	-	A07E	Mechanical	PathTextures\4x4SimpleSolid.tga	False	normal	_	-	-	-	-	-					_	 - 	 - 	 - 	-	-	_		False	normal	_	-	-	-	-	-					_	
custom	h05L	hbla	Energy Tower	Build Energy Tower	|cffffac00Tower|r|n|nAttack |cff959697(all)|r: Chaos (|cffffff00600|r range, |cffffff0055|r dps)|nArmor: Fortified (|cffffff005|r) / HP: |cffffff001500|r (|cffffff00+2|r/s)|n|n|cff80ff00Bouncing Attack|r • Attacks hit |cffffff003|r targets, each bounce does |cffffff0030|r% less damage than its predecessor.|n|n|cff80ff00Energy Burst|r • Attacks have a |cffffff0015|r% chance to release a chain lightning, which does |cffffff0050|r spell damage to |cffffff008|r targets. Each bounce does |cffffff0020|r% less than its predecessor.	orc	1	20	240	300	1	2	always	 - 	 - 	 - 	5	fort	_	-	72	600	A03Q,A09U,A07E,A09A	Mechanical	PathTextures\4x4SimpleSolid.tga	True	chaos	mbounce	600	99	1	1	0	1.0	1.0	1.0	0.010101010101010102	ground,enemies,air	600	 - 	 - 	-	-	_	1200	False	normal	_	-	-	-	-	-					_	
custom	h05M	hbla	Demolition Lab	Build Demolition Lab	|cffffac00Production|r / |cffffffffTraining time: |r|cffffff0025|rs|n|n|cffffcc00Lunatic Goblin|r|n|cffffffffArmor:|r Unarmored (|cffffff000|r) / |cffffffffHP:|r |cffffff00175|r / |cffffffffMP:|r |cffffff00100|r|n|n|cff80ff00Dreams of Grandeur|r • Runs into the first valid target and explodes for |cffffff00425|r spell damage, reduced by |cffffff0016|r% for buildings.	orc	1	2	200	0	1	0.5	always	25	25	 - 	5	fort	_	-	72	-		Mechanical	PathTextures\4x4SimpleSolid.tga	False	normal	_	-	-	-	-	-					_	 - 	 - 	 - 	-	-	_		False	normal	_	-	-	-	-	-					_	
custom	h05R	hbla	Red Shield Generator	Upgrade to Red Shield Generator	|cffffac00Utility|r|n|n|cff80ff00Red Energy Shield|r • Applies a barrier, that blocks the next negative effect coming from a building and gives |cffffff004|r armor to an allied unit that doesn't already have it. When broken restores |cffffff00100|r% hp to the unit and downgrades to a Blue Shield. Additionally, this effect now protects from Eraser but gets fully removed by it, without any heals. • Cooldown: |cffffff007|rs.	orc	1	2	140	130	1	0.5	always	10	 - 	1	5	fort	_	-	72	25000	A09O	Mechanical	PathTextures\4x4SimpleSolid.tga	False	normal	_	-	-	-	-	-					_	 - 	 - 	 - 	-	-	_		False	normal	_	-	-	-	-	-					_	
custom	h05T	hbla	Gun Smith	Build Gun Smith	|cffffac00Production|r / |cffffffffTraining time: |r|cffffff0026|rs|n|n|cffffcc00Flamegunner|r|n|cffffffffAttack |r|cff959697(ground)|r|cffffffff: |rChaos (|cffffff0070|r range, |cffffff0037|r dps)|n|cffffffffArmor:|r Light (|cffffff004|r) / |cffffffffHP:|r |cffffff00500|r|n|n|cff80ff00Flamethrower|r • Attacks splash to ground units in a straight line behind the main target as chaos damage at |cffffff00100|r% value.	orc	1	2	220	0	1	0.5	always	26	26	 - 	5	fort	_	-	72	-	A07E	Mechanical	PathTextures\4x4SimpleSolid.tga	False	normal	_	-	-	-	-	-					_	 - 	 - 	 - 	-	-	_		False	normal	_	-	-	-	-	-					_	
custom	h05U	hbla	Lumber Mill	Build Lumber Mill	|cffffac00Production|r / |cff959697-> Legendary|r / |cffffffffTraining time: |r|cffffff0033|rs|n|n|cffffcc00Goblin Shredder|r|n|cffffffffAttack |r|cff959697(ground)|r|cffffffff: |rPierce (|cffffff0080|r range, |cffffff0056|r dps)|n|cffffffffArmor:|r Medium (|cffffff009|r) / |cffffffffHP:|r |cffffff001000|r|n|n|cff80ff00Engine Overheat|r • Blocks negative effects from buildings with a |cffffff0060|r% chance. This unit permanently gains |cffffff000|r-|cffffff00200|r% |cff959697(+50% per hit)|r attack speed and explodes on death for |cffffff0050|r-|cffffff00800|r |cff959697(2x per hit)|r spell damage. The effects scale with negative effect hits, whether blocked or not.|n|n|cff80ff00Spinning Blades|r • Attack splashes to ground units in a cone behind the main target as pierce damage at |cffffff00100|r% value.	orc	1	2	375	0	1	0.5	always	33	33	 - 	5	fort	_	-	72	-		Mechanical	PathTextures\4x4SimpleSolid.tga	False	normal	_	-	-	-	-	-					_	 - 	 - 	 - 	-	-	_		False	normal	_	-	-	-	-	-					_	
custom	h05V	hbla	Golem Factory	Build Golem Factory	|cffffac00Production|r / |cff959697-> Legendary|r / |cffffffffTraining time: |r|cffffff0028|rs|n|n|cffffcc00Iron Golem|r|n|cffffffffAttack |r|cff959697(ground)|r|cffffffff: |rHero (|cffffff00100|r range, |cffffff0046|r dps)|n|cffffffffArmor:|r Hero (|cffffff006|r) / |cffffffffHP:|r |cffffff00525|r|n|n|cff80ff00Soulless Automaton|r • Spell damage taken is reduced by |cffffff0030|r%.|n|n|cff80ff00Power Fists|r • Attacks have a |cfffffc0125|r% chance to deal |cfffffc0160|r true damage to ground enemies around this unit, and a |cffffff0015|r% chance to deal |cffffff0040|r hero damage and stun the main target for |cffffff002|rs.	orc	1	2	270	0	1	0.5	always	28	28	 - 	5	fort	_	-	72	-	A07E	Mechanical	PathTextures\4x4SimpleSolid.tga	False	normal	_	-	-	-	-	-					_	 - 	 - 	 - 	-	-	_		False	normal	_	-	-	-	-	-					_	
custom	h05X	hbla	Tank Factory	Build Tank Factory	|cffffac00Production|r / |cffffffffTraining time: |r|cffffff0024|rs|n|n|cffffcc00Light Tank|r|n|cffffffffAttack |r|cff959697(ground)|r|cffffffff: |rNormal (|cffffff00375|r range, |cffffff0033|r dps)|n|cffffffffArmor:|r Heavy (|cffffff005|r) / |cffffffffHP:|r |cffffff00400|r|n|n|cff80ff00Light Plating|r • Attack damage taken is reduced by |cffffff0012|r to a minimum of |cffffff005|r.	orc	1	2	180	0	1200	0.5	always	24	24	 - 	5	fort	_	-	72	-	A07E	Mechanical	PathTextures\4x4SimpleSolid.tga	False	normal	_	-	-	-	-	-					_	 - 	 - 	 - 	-	-	_		False	normal	_	-	-	-	-	-					_	
custom	h06J	hbla	Blue Shield Generator	Build Blue Shield Generator	|cffffac00Utility|r|n|n|cff80ff00Blue Energy Shield|r • Applies a barrier that blocks the next negative effect coming from a building and gives |cffffff002|r armor to an allied unit that doesn't already have it. • Cooldown: |cffffff007|rs.	orc	1	2	160	240	1	0.5	always	10	 - 	1	5	fort	_	-	72	25000	A09N	Mechanical	PathTextures\4x4SimpleSolid.tga	False	normal	_	-	-	-	-	-					_	 - 	 - 	 - 	-	-	_		False	normal	_	-	-	-	-	-					_	
custom	h06Q	hgyr	Roterothopter	Trains Roterothopter	|cffffac00Unit|r / |cffffffffSpawn rate: |r|cffffff0023|rs|n|n|cffffffffAttack |r|cff959697(air)|r|cffffffff: |rPierce (|cffffff00500|r range, |cffffff0025|r dps)|n|cffffffffAttack |r|cff959697(building)|r|cffffffff: |rPierce (|cffffff00500|r range, |cffffff0020|r dps)|n|cffffffffArmor:|r Light (|cffffff004|r) / |cffffffffHP:|r |cffffff00300|r|n|n|cff80ff00Stun Rounds|r • Air attacks have a |cffffff0030|r% chance to deal |cffffff0040|r pierce damage and stun the target for |cffffff001.2|rs.	orc	0	23	0	0	1	-	always	 - 	 - 	 - 	0	small	fly	400	8	1400	A09I	Mechanical,sapper,ward	_	True	pierce	instant	500	99	1	1	0	1.0	1.0	1.0	0.010101010101010102	air	 - 	 - 	 - 	-	-	_	2000	True	pierce	instant	500	99	1	1	0	1.0	1.0	1.0	0.010101010101010102	structure	
custom	h06R	hgyr	Gyrocopter	Trains Gyrocopter	|cffffac00Unit|r / |cffffffffSpawn rate: |r|cffffff0032|rs|n|n|cffffffffAttack |r|cff959697(air)|r|cffffffff: |rPierce (|cffffff00500|r range, |cffffff0045|r dps)|n|cffffffffAttack |r|cff959697(building)|r|cffffffff: |rSiege (|cffffff00100|r range, |cffffff0036|r dps)|n|cffffffffArmor:|r Light (|cffffff006|r) / |cffffffffHP:|r |cffffff00625|r|n|n|cff80ff00Stun Rounds|r • Air attacks have a |cffffff0050|r% chance to deal |cffffff0060|r pierce damage and stun the target for |cffffff001.2|rs.	orc	0	32	0	0	1	-	always	 - 	 - 	 - 	0	small	fly	400	8	800	A09J	Mechanical,sapper,ward	_	True	pierce	instant	500	99	1	1	0	1.0	1.0	1.0	0.010101010101010102	air	 - 	 - 	 - 	-	-	_	2000	True	siege	artillery	100	2.5	1	1	0	1.0	1.0	1.0	0.4	debris,enemies,item,structure,ward	
custom	h06S	hmtt	Heavy Tank	Trains Heavy Tank	|cffffac00Unit|r / |cffffffffSpawn rate: |r|cffffff0034|rs|n|n|cffffffffAttack |r|cff959697(ground)|r|cffffffff: |rNormal (|cffffff00400|r range, |cffffff0061|r dps)|n|cffffffffArmor:|r Heavy (|cffffff0012|r) / |cffffffffHP:|r |cffffff00800|r|n|n|cff80ff00Heavy Plating|r • Attack damage taken is reduced by |cffffff0024|r to a minimum of |cffffff005|r.	orc	0	34	0	0	1	-	always	 - 	 - 	 - 	0	large	foot	270	16	800	A09Z	Mechanical,sapper,ward	_	True	normal	missile	1	2.1	1	1	0	1.0	1.0	1.0	0.47619047619047616	debris,ground,item,structure,ward	 - 	-	-	-	-	_	1200	False	pierce	missile	500	2	1	2	12	13.0	14.0	13.5	6.75	air	
custom	h06T	hmtt	Light Tank	Trains Light Tank	|cffffac00Unit|r / |cffffffffSpawn rate: |r|cffffff0024|rs|n|n|cffffffffAttack |r|cff959697(ground)|r|cffffffff: |rNormal (|cffffff00375|r range, |cffffff0033|r dps)|n|cffffffffArmor:|r Heavy (|cffffff005|r) / |cffffffffHP:|r |cffffff00400|r|n|n|cff80ff00Light Plating|r • Attack damage taken is reduced by |cffffff0012|r to a minimum of |cffffff005|r.	orc	0	24	0	0	1	-	always	 - 	 - 	 - 	0	large	foot	270	16	800	A0FK,A0A0	Mechanical,sapper,ward	_	True	normal	missile	1	2.1	1	11	0	1.0	11.0	6.0	2.857142857142857	debris,ground,item,structure,ward	 - 	-	-	-	-	_	1200	False	pierce	missile	500	2	1	2	12	13.0	14.0	13.5	6.75	air	
custom	h06U	hmtt	Mine Layer	Trains Mine Layer	|cffffac00Unit|r / |cffffffffSpawn rate: |r|cffffff0031|rs|n|n|cffffffffAttack |r|cff959697(ground)|r|cffffffff: |rNormal (|cffffff00100|r range, |cffffff0042|r dps)|n|cffffffffArmor:|r Heavy (|cffffff007|r) / |cffffffffHP:|r |cffffff00600|r / |cffffffffMP:|r |cffffff0050|r (|cffffff00+2.3|r/s)|n|n|cff80ff00Light Plating|r • Attack damage taken is reduced by |cffffff0012|r to a minimum of |cffffff005|r.|n|n|cff80ff00Minefield|r • Plants a hidden explosive that does |cffffff00250|r spell damage to enemies that step on it.	orc	0	31	0	0	1	-	always	50	12	2.3	0	large	foot	300	16	20000	A03U,A0A0,A095	Mechanical,sapper,ward	_	True	normal	normal	1	2.1	1	1	0	1.0	1.0	1.0	0.47619047619047616	debris,ground,item,structure,ward	 - 	-	-	-	-	_	2500	False	pierce	missile	500	2	1	2	12	13.0	14.0	13.5	6.75	air	
custom	h06Z	hbla	Protection Center	Upgrade to Protection Center	|cffffac00Production|r / |cffffac00Legendary|r / |cffffffffTraining time: |r|cffffff0055|rs|n|n|cffffcc00Goliath|r|n|cffffffffAttack |r|cff959697(ground)|r|cffffffff: |rHero (|cffffff0050|r range, |cffffff00225|r dps)|n|cffffffffAttack |r|cff959697(air)|r|cffffffff: |rSiege (|cffffff00700|r range, |cffffff00275|r-|cffffff00550|r dps)|n|cffffffffArmor:|r Unarmored (|cffffff0020|r) / |cffffffffHP:|r |cffffff001950|r|n|n|cff80ff00Legendary Resistance|r • Spell damage taken is reduced by |cffffff0090|r% and the unit is immune to hex, mind control and instant death.|n|n|cff80ff00Clear Skies Protocol|r • Whenever an air target is detected, switches to a powerful anti-air attack, which hits |cffffff001|r additional target.	orc	1	2	425	400	1	4	always	55	55	 - 	5	fort	_	-	72	-		Mechanical	PathTextures\4x4SimpleSolid.tga	False	normal	_	-	-	-	-	-					_	 - 	 - 	 - 	-	-	_		False	normal	_	-	-	-	-	-					_	
custom	h097	hbla	Precious Golem Factory	Upgrade to Precious Golem Factory	|cffffac00Production|r / |cffffac00Legendary|r / |cffffffffTraining time: |r|cffffff0053|rs|n|n|cffffcc00Adamant Golem|r|n|cffffffffAttack |r|cff959697(ground)|r|cffffffff: |rHero (|cffffff00100|r range, |cffffff0092|r dps)|n|cffffffffArmor:|r Divine (|cffffff0015|r) / |cffffffffHP:|r |cffffff00950|r|n|n|cff80ff00Legendary Resistance|r • Spell damage taken is reduced by |cffffff0090|r% and the unit is immune to hex, mind control and instant death.|n|n|cff80ff00Power Fists|r • Attacks have a |cfffffc0140|r% chance to deal |cfffffc01150|r true damage to ground enemies around this unit, and a |cffffff0050|r% chance to deal |cffffff00100|r hero damage and stun the main target for |cffffff002|rs.	orc	1	2	500	385	1	4	always	53	53	 - 	5	fort	_	-	72	-	A06V,A07E	Mechanical	PathTextures\4x4SimpleSolid.tga	False	normal	_	-	-	-	-	-					_	 - 	 - 	 - 	-	-	_		False	normal	_	-	-	-	-	-					_	
custom	h098	hmtt	Rocket Tank	Trains Rocket Tank	|cffffac00Unit|r / |cffffffffSpawn rate: |r|cffffff0039|rs|n|n|cffffffffAttack |r|cff959697(ground)|r|cffffffff: |rNormal (|cffffff00400|r range, |cffffff0076|r dps)|n|cffffffffArmor:|r Heavy (|cffffff0012|r) / |cffffffffHP:|r |cffffff00900|r|n|n|cff80ff00Heavy Plating|r • Attack damage taken is reduced by |cffffff0024|r to a minimum of |cffffff005|r.|n|n|cff80ff00Barrage|r • Does |cffffff0085|r spell damage to a random, visible, flying enemy unit in range.|n• Cooldown: |cffffff001|rs.	orc	0	39	0	0	1	-	always	 - 	 - 	 - 	0	large	foot	270	16	800	A09Z,A09F	Mechanical,sapper,ward	_	True	normal	missile	1	2.1	1	1	0	1.0	1.0	1.0	0.47619047619047616	debris,ground,item,structure,ward	 - 	-	-	-	-	_	1200	False	pierce	missile	500	2	1	2	12	13.0	14.0	13.5	6.75	air	
custom	h099	hmtt	Assault Tank	Trains Assault Tank	|cffffac00Unit|r / |cffffffffSpawn rate: |r|cffffff0034|rs|n|n|cffffffffAttack |r|cff959697(ground)|r|cffffffff: |rChaos (|cffffff00550|r range, |cffffff0050|r dps)|n|cffffffffArmor:|r Heavy (|cffffff008|r) / |cffffffffHP:|r |cffffff00700|r|n|n|cff80ff00Heavy Ordnance|r • Attacks splash to nearby ground targets as chaos damage at |cffffff0040|r% value.|n|n|cff80ff00Medium Plating|r • Attack damage taken is reduced by |cffffff0018|r to a minimum of |cffffff005|r.	orc	0	34	0	0	700	-	always	 - 	 - 	 - 	0	large	foot	270	16	800	A09Y	Mechanical,sapper,ward	_	True	chaos	artillery	1	2.1	1	1	0	1.0	1.0	1.0	0.47619047619047616	debris,ground,item,structure,ward	40	100	150	0.4	0.2	debris,enemies,ground,structure	1200	False	pierce	missile	500	2	1	2	12	13.0	14.0	13.5	6.75	air	
custom	h09B	hbla	Heavy Tank Factory	Upgrade to Heavy Tank Factory	|cffffac00Production|r / |cffffffffTraining time: |r|cffffff0034|rs|n|n|cffffcc00Heavy Tank|r|n|cffffffffAttack |r|cff959697(ground)|r|cffffffff: |rNormal (|cffffff00400|r range, |cffffff0061|r dps)|n|cffffffffArmor:|r Heavy (|cffffff0012|r) / |cffffffffHP:|r |cffffff00800|r|n|n|cff80ff00Heavy Plating|r • Attack damage taken is reduced by |cffffff0024|r to a minimum of |cffffff005|r.	orc	1	2	200	0	1	0.5	always	34	34	 - 	5	fort	_	-	72	-	A07E	Mechanical	PathTextures\4x4SimpleSolid.tga	False	normal	_	-	-	-	-	-					_	 - 	 - 	 - 	-	-	_		False	normal	_	-	-	-	-	-					_	
custom	h09H	hbla	Rocket Tank Factory	Upgrade to Rocket Tank Factory	|cffffac00Production|r / |cffffffffTraining time: |r|cffffff0039|rs|n|n|cffffcc00Rocket Tank|r|n|cffffffffAttack |r|cff959697(ground)|r|cffffffff: |rNormal (|cffffff00400|r range, |cffffff0076|r dps)|n|cffffffffArmor:|r Heavy (|cffffff0012|r) / |cffffffffHP:|r |cffffff00900|r|n|n|cff80ff00Heavy Plating|r • Attack damage taken is reduced by |cffffff0024|r to a minimum of |cffffff005|r.|n|n|cff80ff00Barrage|r • Does |cffffff0085|r spell damage to a random, visible, flying enemy unit in range.|n• Cooldown: |cffffff001|rs.	orc	1	2	100	0	1	0.5	always	39	39	 - 	5	fort	_	-	72	-	A07E	Mechanical	PathTextures\4x4SimpleSolid.tga	False	normal	_	-	-	-	-	-					_	 - 	 - 	 - 	-	-	_		False	normal	_	-	-	-	-	-					_	
custom	h09I	hbla	Assault Tank Factory	Upgrade to Assault Tank Factory	|cffffac00Production|r / |cffffffffTraining time: |r|cffffff0034|rs|n|n|cffffcc00Assault Tank|r|n|cffffffffAttack |r|cff959697(ground)|r|cffffffff: |rChaos (|cffffff00550|r range, |cffffff0050|r dps)|n|cffffffffArmor:|r Heavy (|cffffff008|r) / |cffffffffHP:|r |cffffff00700|r|n|n|cff80ff00Heavy Ordnance|r • Attacks splash to nearby ground targets as chaos damage at |cffffff0040|r% value.|n|n|cff80ff00Medium Plating|r • Attack damage taken is reduced by |cffffff0018|r to a minimum of |cffffff005|r.	orc	1	2	200	0	1	0.5	always	34	34	 - 	5	fort	_	-	72	-	A07E	Mechanical	PathTextures\4x4SimpleSolid.tga	False	normal	_	-	-	-	-	-					_	 - 	 - 	 - 	-	-	_		False	normal	_	-	-	-	-	-					_	
custom	h09J	hbla	Mine Layer Factory	Upgrade to Mine Layer Factory	|cffffac00Production|r / |cffffffffTraining time: |r|cffffff0031|rs|n|n|cffffcc00Mine Layer|r|n|cffffffffAttack |r|cff959697(ground)|r|cffffffff: |rNormal (|cffffff00100|r range, |cffffff0042|r dps)|n|cffffffffArmor:|r Heavy (|cffffff007|r) / |cffffffffHP:|r |cffffff00600|r / |cffffffffMP:|r |cffffff0050|r (|cffffff00+2.3|r/s)|n|n|cff80ff00Light Plating|r • Attack damage taken is reduced by |cffffff0012|r to a minimum of |cffffff005|r.|n|n|cff80ff00Minefield|r • Plants a hidden explosive that does |cffffff00250|r spell damage to enemies that step on it.	orc	1	2	150	0	1	0.5	always	31	31	 - 	5	fort	_	-	72	-	A07E	Mechanical	PathTextures\4x4SimpleSolid.tga	False	normal	_	-	-	-	-	-					_	 - 	 - 	 - 	-	-	_		False	normal	_	-	-	-	-	-					_	
custom	h09L	hbla	Bomber Factory	Upgrade to Bomber Factory	|cffffac00Production|r / |cffffffffTraining time: |r|cffffff0032|rs|n|n|cffffcc00Gyrocopter|r|n|cffffffffAttack |r|cff959697(air)|r|cffffffff: |rPierce (|cffffff00500|r range, |cffffff0045|r dps)|n|cffffffffAttack |r|cff959697(building)|r|cffffffff: |rSiege (|cffffff00100|r range, |cffffff0036|r dps)|n|cffffffffArmor:|r Light (|cffffff006|r) / |cffffffffHP:|r |cffffff00625|r|n|n|cff80ff00Stun Rounds|r • Air attacks have a |cffffff0050|r% chance to deal |cffffff0060|r pierce damage and stun the target for |cffffff001.2|rs.	orc	1	2	180	0	1	0.5	always	32	32	 - 	5	fort	_	-	72	-	A07E	Mechanical	PathTextures\4x4SimpleSolid.tga	False	normal	_	-	-	-	-	-					_	 - 	 - 	 - 	-	-	_		False	normal	_	-	-	-	-	-					_	
custom	h09M	hmpr	MineDummy	Train Priest	Supporting spellcaster. Can initially cast Heal, which increases the life of wounded units. Can also learn Dispel Magic and Inner Fire. |n|n|cffffcc00Attacks land and air units.|r	human	0	28	135	10	1	0.25	always	200	75	0.666666666666667	0	none	fly	270	16	800	Aloc,Avul	tauren,ward	_	True	chaos	artillery	1	99	1	1	0	1.0	1.0	1.0	0.010101010101010102	ground	 - 	 - 	 - 	-	-	_	700	False	normal	_	-	-	-	-	-					_	
custom	h09P	hbla	Arsenal	Upgrade to Arsenal	|cffffac00Production|r / |cffffffffTraining time: |r|cffffff0033|rs|n|n|cffffcc00Flamegunner Sergeant|r|n|cffffffffAttack |r|cff959697(ground)|r|cffffffff: |rChaos (|cffffff0070|r range, |cffffff0066|r dps)|n|cffffffffArmor:|r Light (|cffffff007|r) / |cffffffffHP:|r |cffffff00700|r|n|n|cff80ff00Flamethrower|r • Attacks splash to ground units in a straight line behind the main target as chaos damage at |cffffff00100|r% value.|n|n|cff80ff00Mindscrambler Grenade|r • Throws an explosive that does |cffffff0030|r-|cffffff00130|r spell damage |cff959697(+1 per burned mana)|r, burns |cffffff00100|r mana and reduces attack and movement speed of ground targets by |cffffff0050|r%.	orc	1	2	140	0	1	0.5	always	33	33	 - 	5	fort	_	-	72	-	A07E	Mechanical	PathTextures\4x4SimpleSolid.tga	False	normal	_	-	-	-	-	-					_	 - 	 - 	 - 	-	-	_		False	normal	_	-	-	-	-	-					_	
custom	h09Q	hmpr	GrenadeDummy	Train Priest	Supporting spellcaster. Can initially cast Heal, which increases the life of wounded units. Can also learn Dispel Magic and Inner Fire. |n|n|cffffcc00Attacks land and air units.|r	human	0	28	135	10	1	0.25	always	200	75	0.666666666666667	0	none	fly	270	16	800	Aloc,Avul	tauren,ward	_	True	chaos	artillery	1	99	1	1	0	1.0	1.0	1.0	0.010101010101010102	ground	 - 	 - 	 - 	-	-	_	700	False	normal	_	-	-	-	-	-					_	
custom	h09T	hbla	Power Plant	Build Power Plant	|cffffac00Utility|r|n|n|cff80ff00Power Surge|r • All buildings in range gain |cfffffc012|r armor, immunity to disables and a unique effect based on their type.|n|n|cff80ff00Tower|r • Attack damage is increased by |cfffffc0125|r%.|n|n|cff80ff00Production|r • Units produced gain |cfffffc01150|r max hp, |cfffffc0120|r% damage, |cfffffc014|r armor and |cfffffc0115|r% spell resistance.|n|n|cff80ff00Utility|r • Cooldown is reduced by |cfffffc0120|r%, must be using mana to benefit from this.	orc	1	2	340	650	1	5	always	 - 	 - 	 - 	5	fort	_	-	72	-	A07E,A09A	Mechanical	PathTextures\4x4SimpleSolid.tga	False	normal	_	-	-	-	-	-					_	 - 	 - 	 - 	-	-	_		False	normal	_	-	-	-	-	-					_	
custom	n01T	ngir	Goblin Shredder	Trains Goblin Shredder	|cffffac00Unit|r / |cffffffffSpawn rate: |r|cffffff0033|rs|n|n|cffffffffAttack |r|cff959697(ground)|r|cffffffff: |rPierce (|cffffff0080|r range, |cffffff0056|r dps)|n|cffffffffArmor:|r Medium (|cffffff009|r) / |cffffffffHP:|r |cffffff001000|r|n|n|cff80ff00Engine Overheat|r • Blocks negative effects from buildings with a |cffffff0060|r% chance. This unit permanently gains |cffffff000|r-|cffffff00200|r% |cff959697(+50% per hit)|r attack speed and explodes on death for |cffffff0050|r-|cffffff00800|r |cff959697(2x per hit)|r spell damage. The effects scale with negative effect hits, whether blocked or not.|n|n|cff80ff00Spinning Blades|r • Attack splashes to ground units in a cone behind the main target as pierce damage at |cffffff00100|r% value.	orc	0	33	0	0	1	-	always	 - 	 - 	 - 	0	medium	foot	300	16	800	A00J,A09C,A09B,A094	mechanical,sapper,ward	_	True	pierce	normal	1	99	1	1	0	1.0	1.0	1.0	0.010101010101010102	ground,structure,debris,item,ward	 - 	 - 	 - 	-	-	_		False	normal	normal	66	1.35	10	1	0	10.0	10.0	10.0	7.4074074074074066	tree	
custom	n01V	ngsp	Lunatic Goblin	Trains Lunatic Goblin	|cffffac00Unit|r / |cffffffffSpawn rate: |r|cffffff0025|rs|n|n|cffffffffArmor:|r Unarmored (|cffffff000|r) / |cffffffffHP:|r |cffffff00175|r / |cffffffffMP:|r |cffffff00100|r|n|n|cff80ff00Dreams of Grandeur|r • Runs into the first valid target and explodes for |cffffff00425|r spell damage, reduced by |cffffff0016|r% for buildings.	orc	0	25	0	0	1	0.5	always	100	100	 - 	0	none	foot	330	16	800	A0CV,A099,A0A3	Sapper,sapper,ward	_	True	chaos	normal	1	99	1	1	-					ground,structure,debris,item,ward	 - 	 - 	 - 	-	-	_		False	normal	_	-	-	-	-	-					_	
custom	n01X	nsgg	Iron Golem	Trains Iron Golem	|cffffac00Unit|r / |cffffffffSpawn rate: |r|cffffff0028|rs|n|n|cffffffffAttack |r|cff959697(ground)|r|cffffffff: |rHero (|cffffff00100|r range, |cffffff0046|r dps)|n|cffffffffArmor:|r Hero (|cffffff006|r) / |cffffffffHP:|r |cffffff00525|r|n|n|cff80ff00Soulless Automaton|r • Spell damage taken is reduced by |cffffff0030|r%.|n|n|cff80ff00Power Fists|r • Attacks have a |cfffffc0125|r% chance to deal |cfffffc0160|r true damage to ground enemies around this unit, and a |cffffff0015|r% chance to deal |cffffff0040|r hero damage and stun the main target for |cffffff002|rs.	orc	0	28	0	0	1	0.5	always	 - 	 - 	 - 	0	hero	foot	270	16	800	A093,A091,A08Z	mechanical,sapper,ward	_	True	hero	normal	100	99	1	1	0	1.0	1.0	1.0	0.010101010101010102	ground,structure,debris,item,ward	 - 	 - 	 - 	-	-	_		False	normal	_	-	-	-	-	-					_	
custom	n024	nsgg	Adamant Golem	Trains Adamant Golem	|cffffac00Unit|r / |cffffac00Legendary|r / |cffffffffSpawn rate: |r|cffffff0053|rs|n|n|cffffffffAttack |r|cff959697(ground)|r|cffffffff: |rHero (|cffffff00100|r range, |cffffff0092|r dps)|n|cffffffffArmor:|r Divine (|cffffff0015|r) / |cffffffffHP:|r |cffffff00950|r|n|n|cff80ff00Legendary Resistance|r • Spell damage taken is reduced by |cffffff0090|r% and the unit is immune to hex, mind control and instant death.|n|n|cff80ff00Power Fists|r • Attacks have a |cfffffc0140|r% chance to deal |cfffffc01150|r true damage to ground enemies around this unit, and a |cffffff0050|r% chance to deal |cffffff00100|r hero damage and stun the main target for |cffffff002|rs.	orc	0	53	0	0	1	0.5	always	 - 	 - 	 - 	0	divine	foot	270	16	800	A06V,A07H,A070,A0AI,A090,A092	mechanical,sapper,ward	_	True	hero	normal	100	1.35	1	1	0	1.0	1.0	1.0	0.7407407407407407	ground,structure,debris,item,ward	 - 	 - 	 - 	-	-	_		False	normal	_	-	-	-	-	-					_	
custom	n025	nglm	Landmine			orc	0	1	0	0	100	-	none	 - 	 - 	 - 	0	medium		-	0	-	Aloc,A097,A098	standon,ward	_	False	normal	_	-	-	-	-	-					_	 - 	 - 	 - 	-	-	_		False	normal	_	-	-	-	-	-					_	
custom	n02J	nsgg	Goliath	Trains Goliath	|cffffac00Unit|r / |cffffac00Legendary|r / |cffffffffSpawn rate: |r|cffffff0055|rs|n|n|cffffffffAttack |r|cff959697(ground)|r|cffffffff: |rHero (|cffffff0050|r range, |cffffff00225|r dps)|n|cffffffffAttack |r|cff959697(air)|r|cffffffff: |rSiege (|cffffff00700|r range, |cffffff00275|r-|cffffff00550|r dps)|n|cffffffffArmor:|r Unarmored (|cffffff0020|r) / |cffffffffHP:|r |cffffff001950|r|n|n|cff80ff00Legendary Resistance|r • Spell damage taken is reduced by |cffffff0090|r% and the unit is immune to hex, mind control and instant death.|n|n|cff80ff00Clear Skies Protocol|r • Whenever an air target is detected, switches to a powerful anti-air attack, which hits |cffffff001|r additional target.	orc	0	55	0	0	1	0.5	always	 - 	 - 	 - 	0	none	foot	250	16	700	A06V,A07H,A070,A0AI	mechanical,sapper,ward	_	True	hero	instant	50	99	1	1	0	1.0	1.0	1.0	0.010101010101010102	debris,ground,item,structure,ward	 - 	 - 	 - 	-	-	debris,enemies,ground,structure,tree,wall		True	siege	missile	700	99	1	1	0	1.0	1.0	1.0	0.010101010101010102	air,enemies	
custom	z002	zcso	Flamegunner	Trains Flamegunner	|cffffac00Unit|r / |cffffffffSpawn rate: |r|cffffff0026|rs|n|n|cffffffffAttack |r|cff959697(ground)|r|cffffffff: |rChaos (|cffffff0070|r range, |cffffff0037|r dps)|n|cffffffffArmor:|r Light (|cffffff004|r) / |cffffffffHP:|r |cffffff00500|r|n|n|cff80ff00Flamethrower|r • Attacks splash to ground units in a straight line behind the main target as chaos damage at |cffffff00100|r% value.	orc	0	26	0	0	1	0.25	always	 - 	 - 	 - 	0	small	foot	270	16	800	A0CV	sapper,ward	_	True	chaos	mline	1	0.9	1	1	0	1.0	1.0	1.0	1.1111111111111112	debris,ground,item,structure,ward	 - 	 - 	 - 	-	-	debris,enemies,ground,structure,tree,wall	20000	False	normal	_	-	-	-	-	-					_	
custom	z003	zcso	Flamegunner Sergeant	Trains Flamegunner Sergeant	|cffffac00Unit|r / |cffffffffSpawn rate: |r|cffffff0033|rs|n|n|cffffffffAttack |r|cff959697(ground)|r|cffffffff: |rChaos (|cffffff0070|r range, |cffffff0066|r dps)|n|cffffffffArmor:|r Light (|cffffff007|r) / |cffffffffHP:|r |cffffff00700|r|n|n|cff80ff00Flamethrower|r • Attacks splash to ground units in a straight line behind the main target as chaos damage at |cffffff00100|r% value.|n|n|cff80ff00Mindscrambler Grenade|r • Throws an explosive that does |cffffff0030|r-|cffffff00130|r spell damage |cff959697(+1 per burned mana)|r, burns |cffffff00100|r mana and reduces attack and movement speed of ground targets by |cffffff0050|r%.	orc	0	33	0	0	1	0.25	always	 - 	 - 	 - 	0	small	foot	270	16	800	A09D	sapper,ward	_	True	chaos	mline	1	0.9	1	1	0	1.0	1.0	1.0	1.1111111111111112	debris,ground,item,structure,ward	 - 	 - 	 - 	-	-	debris,enemies,ground,structure,tree,wall	20000	False	normal	_	-	-	-	-	-					_	
custom	n02M	ngsp	Goblin Rocketeer	Trains Goblin Rocketeer	|cffffac00Unit|r / |cffffffffSpawn rate: |r|cffffff0032|rs|n|n|cffffffffAttack |r|cff959697(ground)|r|cffffffff: |rSiege (|cffffff001100|r range, |cffffff0029|r dps)|n|cffffffffArmor:|r Unarmored (|cffffff003|r) / |cffffffffHP:|r |cffffff00370|r|n|n|cff80ff00Grand Finale|r • Upon death, explodes for |cffffff00325 |rspell damage.	orc	0	32	0	0	1	0.5	always	 - 	 - 	 - 	0	none	foot	330	16	1200	A0CV,A0FZ	Sapper,sapper,ward	_	True	siege	artillery	1	99	1	1	0	1.0	1.0	1.0	0.010101010101010102	debris,ground,item,structure,tree,wall,ward	40	50	60	0.5	0.2	debris,enemies,ground,structure	975	False	normal	_	-	-	-	-	-					_	
custom	h077	hbla	Rocket Lab	Build Rocket Lab	|cffffac00Production|r / |cffffffffTraining time: |r|cffffff0032|rs|n|n|cffffcc00Goblin Rocketeer|r|n|cffffffffAttack |r|cff959697(ground)|r|cffffffff: |rSiege (|cffffff001100|r range, |cffffff0029|r dps)|n|cffffffffArmor:|r Unarmored (|cffffff003|r) / |cffffffffHP:|r |cffffff00370|r|n|n|cff80ff00Grand Finale|r • Upon death, explodes for |cffffff00325 |rspell damage.	orc	1	2	140	0	1	0.5	always	32	32	 - 	5	fort	_	-	72	-		Mechanical	PathTextures\4x4SimpleSolid.tga	False	normal	_	-	-	-	-	-					_	 - 	 - 	 - 	-	-	_		False	normal	_	-	-	-	-	-					_	
custom	X06P	hpea	Mechanical Builder	|cffFFD900Choose Mech Coalition|r	Clever goblin tinkers and machinists have gathered to assemble their own army! Their units have a lot of splash damage and high armor but lack ranged and magic attacks. They have a good tower with a bouncing attack.	undead	0	15	0	0	220	0.25	always	 - 	 - 	 - 	0	medium	foot	550	1	500	Aeth,A06E,AInv,A005,A001,A071,Avul	standon,peon	_	False	normal	normal	90	2	1	2	4	5.0	6.0	5.5	2.75	ground,structure,debris,item,ward	 - 	 - 	 - 	-	-	_		False	normal	normal	66	1.1	1	1	0	1.0	1.0	1.0	0.9090909090909091	tree	
custom	h00F	hbla	Spawning Grounds	Build Spawning Grounds	|cffffac00Production|r / |cffffffffTraining time: |r|cffffff0027|rs|n|n|cffffcc00Naga Guardian|r|n|cffffffffAttack |r|cff959697(ground)|r|cffffffff: |rPierce (|cffffff00128|r range, |cffffff0051|r dps)|n|cffffffffArmor:|r Heavy (|cffffff006|r) / |cffffffffHP:|r |cffffff00625|r / |cffffffffMP:|r |cffffff0075|r (|cffffff00+1|r/s)|n|n|cff80ff00Cleaving Attack|r • Attacks splash to nearby targets as pierce damage at 35% value	naga	1	2	250	0	1	0.5	always	27	27	 - 	5	fort	_	-	72	-		Mechanical	PathTextures\4x4SimpleSolid.tga	False	normal	_	-	-	-	-	-					_	 - 	 - 	 - 	-	-	_		False	normal	_	-	-	-	-	-					_	
custom	h00G	hbla	Coral Statue	Build Coral Statue	|cffffac00Utility|r|n|n|cff80ff00Restoration Aura|r • Increases the hitpoint regeneration of nearby friendly units in 700 range by 7.5 hp/sec and the armor of nearby buildings by 8. The unit heal of Coral Statues stacks with each other, the armor aura does not.	naga	1	2	250	480	1	0.5	always	 - 	 - 	 - 	5	fort	_	-	72	-	A07V,A09A	Mechanical	PathTextures\4x4SimpleSolid.tga	False	normal	_	-	-	-	-	-					_	 - 	 - 	 - 	-	-	_		False	normal	_	-	-	-	-	-					_	
custom	h00I	hbla	Ancient Pyramide	Build Ancient Pyramide	|cffffac00Utility|r|n|n|cff80ff00Earthquake|r • Splits the earth below a random enemy unit, damaging and slowing all enemy ground units in that region. Deals 40 spell damage, slows by 50% for 10 seconds. • Cooldown: |cffffff0010|rs.	naga	1	2	360	600	1	0.5	always	11	 - 	1	5	fort	_	-	72	99999	A00M	Mechanical	PathTextures\4x4SimpleSolid.tga	False	normal	_	-	-	-	-	-					_	 - 	 - 	 - 	-	-	_		False	normal	_	-	-	-	-	-					_	
custom	h00J	hbla	Swamp Well	Build Swamp Well	|cffffac00Production|r / |cff959697-> Legendary|r / |cffffffffTraining time: |r|cffffff0023|rs|n|n|cffffcc00Suumpmolk|r|n|cffffffffAttack |r|cff959697(all)|r|cffffffff: |rNormal (|cffffff00325|r range, |cffffff0027|r dps)|n|cffffffffArmor:|r Medium (|cffffff003|r) / |cffffffffHP:|r |cffffff00380|r|n|n|cff80ff00Poison Attack|r • Deals 4 damage per second and slows attack and movementspeed by 35%. Lasts 5 seconds	naga	1	2	160	0	1200	0.5	always	23	23	1	5	fort	_	-	72	-		Mechanical	PathTextures\4x4SimpleSolid.tga	False	normal	_	-	-	-	-	-					_	 - 	 - 	 - 	-	-	_		False	normal	_	-	-	-	-	-					_	
custom	h00M	hbla	Oracle of Sirens	Build Oracle of Sirens	|cffffac00Utility|r|n|n|cff80ff00Control Enemy|r • Gains control of a random enemy unit. • Cooldown: |cffffff0016|rs.	naga	1	2	310	625	1	0.5	always	17	 - 	1	5	fort	_	-	72	99999	A00O	Mechanical	PathTextures\4x4SimpleSolid.tga	False	normal	_	-	-	-	-	-					_	 - 	 - 	 - 	-	-	_		False	normal	_	-	-	-	-	-					_	
custom	h00N	hgtw	Tidal Guardian	Build Tidal Guardian	|cffffac00Utility|r / |cffffac00Legendary|r|n|n|cff80ff00Tsunami|r • Spits a huge wave towards a random enemy unit. The Wave hits all ground units in its way dealing 270 damage. • Cooldown: |cffffff0015|rs	naga	1	2	750	1500	1	4	always	 - 	 - 	 - 	5	fort	_	-	72	99999	A06V,A09X	mechanical,ward	PathTextures\4x4SimpleSolid.tga	True	chaos	normal	1	99	1	1	0	1.0	1.0	1.0	0.010101010101010102	enemies,ground,sapper,vulnerable	200	 - 	 - 	1	1	enemies,ground	1500	False	normal	_	-	-	-	-	-					_	
custom	h01B	hbla	Reptile Pool	Build Reptile Pool	|cffffac00Production|r / |cffffffffTraining time: |r|cffffff0029|rs|n|n|cffffcc00Dragon Turtle|r|n|cffffffffAttack |r|cff959697(all)|r|cffffffff: |rSiege (|cffffff00550|r range, |cffffff0054|r dps)|n|cffffffffArmor:|r Heavy (|cffffff008|r) / |cffffffffHP:|r |cffffff00650|r|n|n|cff80ff00Bash|r • 15% chance on each attack to stun for 2 seconds and deal 25 extra damage|n|n|cff80ff00Thornshell|r • Reflects 60% of the melee damage dealt to the Turtle back to the attacker. Also reduces all damage dealt to 80%	naga	1	2	280	0	1	0.5	always	29	29	 - 	5	fort	_	-	72	-		Mechanical	PathTextures\4x4SimpleSolid.tga	False	normal	_	-	-	-	-	-					_	 - 	 - 	 - 	-	-	_		False	normal	_	-	-	-	-	-					_	
custom	h01Y	hbla	Temple of Snakes	Build Temple of Snakes	|cffffac00Production|r / |cffffffffTraining time: |r|cffffff0026|rs|n|n|cffffcc00Winged Serpent|r|n|cffffffffAttack |r|cff959697(all)|r|cffffffff: |rMagic (|cffffff00420|r range, |cffffff0033|r dps)|n|cffffffffArmor:|r Light (|cffffff002|r) / |cffffffffHP:|r |cffffff00450|r|n|n|cff80ff00Bouncing Attack|r • This unit's attacks can hit up to 3 enemies, dealing 30% less damage on each bounce	naga	1	2	230	0	1	0.5	always	26	26	 - 	5	fort	_	-	72	-		Mechanical	PathTextures\4x4SimpleSolid.tga	False	normal	_	-	-	-	-	-					_	 - 	 - 	 - 	-	-	_		False	normal	_	-	-	-	-	-					_	
custom	h01Z	hbla	Naga Spring	Build Naga Spring	|cffffac00Production|r / |cffffffffTraining time: |r|cffffff0032|rs|n|n|cffffcc00Naga Siren|r|n|cffffffffAttack |r|cff959697(all)|r|cffffffff: |rChaos (|cffffff00400|r range, |cffffff0050|r dps)|n|cffffffffArmor:|r Unarmored (|cffffff003|r) / |cffffffffHP:|r |cffffff00550|r (|cffffff00+2|r/s) / |cffffffffMP:|r |cffffff00300|r (|cffffff00+2|r/s)|n|n|cff80ff00Purge|r • Purges an enemy removing all buffs from it, slowing it and burning 150 Mana • Cooldown: |cffffff0010|rs. • Mana cost: |cffffff0050|r.|n|n|cff80ff00Summon Lobsters|r • Summons 2 Lobsters which last for 45 seconds. Lobsters have Critical Strike (10%, x3) and the Hard Shell ability which grants a 50% chance to reduce incoming attack damage by 35 • Cooldown: |cffffff0060|rs. • Mana cost: |cffffff0070|r.	naga	1	2	350	0	1	0.5	always	32	32	 - 	5	fort	_	-	72	-		Mechanical	PathTextures\4x4SimpleSolid.tga	False	normal	_	-	-	-	-	-					_	 - 	 - 	 - 	-	-	_		False	normal	_	-	-	-	-	-					_	
custom	h020	hbla	Murloc Camp	Build Murloc Camp	|cffffac00Production|r / |cffffffffTraining time: |r|cffffff0023|rs|n|n|cffffcc00Murloc Warrior|r|n|cffffffffAttack |r|cff959697(ground)|r|cffffffff: |rNormal (|cffffff0090|r range, |cffffff0024|r dps)|n|cffffffffArmor:|r Unarmored (|cffffff004|r) / |cffffffffHP:|r |cffffff00325|r (|cffffff00+3.25|r/s)|n|n|cff80ff00Critical Strike|r • Attacks have a 10% chance to deal 100% more damage	naga	1	2	170	0	1	0.5	always	23	23	 - 	5	fort	_	-	72	-	A023	Mechanical	PathTextures\4x4SimpleSolid.tga	False	normal	_	-	-	-	-	-					_	 - 	 - 	 - 	-	-	_		False	normal	_	-	-	-	-	-					_	
custom	h021	hbla	Murloc Village	Upgrade to Murloc Village	|cffffac00Production|r / |cffffffffTraining time: |r|cffffff0032|rs|n|n|cffffcc00Murloc Champion|r|n|cffffffffAttack |r|cff959697(ground)|r|cffffffff: |rNormal (|cffffff0090|r range, |cffffff0036|r dps)|n|cffffffffArmor:|r Unarmored (|cffffff006|r) / |cffffffffHP:|r |cffffff00520|r (|cffffff00+3.5|r/s)|n|n|cff80ff00Cleaving Attack|r • Attacks splash to nearby targets as normal damage at 25% value|n|n|cff80ff00Evade|r • 8% chance to evade an attack|n|n|cff80ff00Bash|r • 15% chance on each attack to stun for 2 seconds and deal 25 extra damage|n|n|cff80ff00Critical Strike|r • Attacks have a 10% chance to deal 100% more damage	naga	1	2	170	0	1	0.5	always	32	32	 - 	5	fort	_	-	72	-	A023	Mechanical	PathTextures\4x4SimpleSolid.tga	False	normal	_	-	-	-	-	-					_	 - 	 - 	 - 	-	-	_		False	normal	_	-	-	-	-	-					_	
custom	h022	hbla	Murloc Fortress	Upgrade to Murloc Fortress	|cffffac00Production|r / |cffffffffTraining time: |r|cffffff0040|rs|n|n|cffffcc00Murloc Assassin|r|n|cffffffffAttack |r|cff959697(ground)|r|cffffffff: |rNormal (|cffffff0090|r range, |cffffff0050|r dps)|n|cffffffffArmor:|r Unarmored (|cffffff008|r) / |cffffffffHP:|r |cffffff00750|r (|cffffff00+3.75|r/s)|n|n|cff80ff00Bash|r • 15% chance on each attack to stun for 2 seconds and deal 25 extra damage|n|n|cff80ff00Critical Strike|r • Attacks have a 20% chance to deal 100% more damage|n|n|cff80ff00Evade|r • 15% chance to evade an attack|n|n|cff80ff00Spell Resist|r • 20% spell damage reduction|n|n|cff80ff00Feedback|r • Each attack burns up to 25 mana dealing the same amount of damage|n|n|cff80ff00Cleaving Attack|r • Attacks splash to nearby targets as normal damage at 30% value	naga	1	2	170	0	1	0.5	always	40	40	 - 	5	fort	_	-	72	-	A024,A023,A021	Mechanical	PathTextures\4x4SimpleSolid.tga	False	normal	_	-	-	-	-	-					_	 - 	 - 	 - 	-	-	_		False	normal	_	-	-	-	-	-					_	
custom	h032	hbla	Royal Spawning Grounds	Upgrade to Royal Spawning Grounds	|cffffac00Production|r / |cffffffffTraining time: |r|cffffff0037|rs|n|n|cffffcc00Naga Royal Guard|r|n|cffffffffAttack |r|cff959697(ground)|r|cffffffff: |rPierce (|cffffff00128|r range, |cffffff0094|r dps)|n|cffffffffArmor:|r Heavy (|cffffff009|r) / |cffffffffHP:|r |cffffff001100|r / |cffffffffMP:|r |cffffff0075|r (|cffffff00+1|r/s)|n|n|cff80ff00Critical Strike|r • Attacks have a 10% chance to deal 100% more damage|n|n|cff80ff00Cleaving Attack|r • Attacks splash to nearby targets as pierce damage at 35% value	naga	1	2	200	0	1	0.5	always	37	37	 - 	5	fort	_	-	72	-	A02Y	Mechanical	PathTextures\4x4SimpleSolid.tga	False	normal	_	-	-	-	-	-					_	 - 	 - 	 - 	-	-	_		False	normal	_	-	-	-	-	-					_	
custom	h05F	hbla	Lernaean Fountain	Upgrade to Lernaean Fountain	|cffffac00Production|r / |cffffac00Legendary|r / |cffffffffTraining time: |r|cffffff0058|rs|n|n|cffffcc00Ancient Hydra|r|n|cffffffffAttack |r|cff959697(all)|r|cffffffff: |rChaos (|cffffff00500|r range, |cffffff00133|r dps)|n|cffffffffArmor:|r Medium (|cffffff009|r) / |cffffffffHP:|r |cffffff001750|r|n|n|cff80ff00Splash Damage|r • Attacks splash to nearby targets as chaos damage at |cffffff0060|r% value.|n|n|cff80ff00Legendary Spell Resistance|r • Spell damage done to this unit is reduced by 70%|n|n|cff80ff00Immune|r • This unit is immune to certain negative effects|n|n|cff80ff00Poison Attack|r • Deals 4 damage per second and slows attack and movementspeed by 35%. Lasts 2 seconds|n|n|cff80ff00Split|r • Splits upon death into 2 hydras, which will split again upon death	naga	1	2	675	1000	1	4	always	58	58	1	5	fort	_	-	72	-	A06V	Mechanical	PathTextures\4x4SimpleSolid.tga	False	normal	_	-	-	-	-	-					_	 - 	 - 	 - 	-	-	_		False	normal	_	-	-	-	-	-					_	
custom	n002	nnrg	Naga Guardian	Trains Naga Guardian	|cffffac00Unit|r / |cffffffffSpawn rate: |r|cffffff0027|rs|n|n|cffffffffAttack |r|cff959697(ground)|r|cffffffff: |rPierce (|cffffff00128|r range, |cffffff0051|r dps)|n|cffffffffArmor:|r Heavy (|cffffff006|r) / |cffffffffHP:|r |cffffff00625|r / |cffffffffMP:|r |cffffff0075|r (|cffffff00+1|r/s)|n|n|cff80ff00Cleaving Attack|r • Attacks splash to nearby targets as pierce damage at 35% value	naga	0	27	0	0	1	1	always	75	75	1	0	large	foot	280	16	800	A009	sapper,ward	_	True	pierce	normal	128	99	1	1	0	1.0	1.0	1.0	0.010101010101010102	ground,structure,debris,item,ward	 - 	 - 	 - 	-	-	_		False	normal	_	-	-	-	-	-					_	
custom	n004	nnrg	Suumpmolk	Trains Suumpmolk	|cffffac00Unit|r / |cffffffffSpawn rate: |r|cffffff0023|rs|n|n|cffffffffAttack |r|cff959697(all)|r|cffffffff: |rNormal (|cffffff00325|r range, |cffffff0027|r dps)|n|cffffffffArmor:|r Medium (|cffffff003|r) / |cffffffffHP:|r |cffffff00380|r|n|n|cff80ff00Poison Attack|r • Deals 4 damage per second and slows attack and movementspeed by 35%. Lasts 5 seconds	naga	0	23	0	0	1	1	always	0	0	1.25	0	medium	foot	280	16	800	A00C	sapper,ward	_	True	normal	missile	1	99	1	1	0	1.0	1.0	1.0	0.010101010101010102	air,debris,ground,item,structure,ward	 - 	 - 	 - 	-	-	_	1000	False	normal	_	-	-	-	-	-					_	
custom	n007	nhyc	Dragon Turtle	Trains Dragon Turtle	|cffffac00Unit|r / |cffffffffSpawn rate: |r|cffffff0029|rs|n|n|cffffffffAttack |r|cff959697(all)|r|cffffffff: |rSiege (|cffffff00550|r range, |cffffff0054|r dps)|n|cffffffffArmor:|r Heavy (|cffffff008|r) / |cffffffffHP:|r |cffffff00650|r|n|n|cff80ff00Bash|r • 15% chance on each attack to stun for 2 seconds and deal 25 extra damage|n|n|cff80ff00Thornshell|r • Reflects 60% of the melee damage dealt to the Turtle back to the attacker. Also reduces all damage dealt to 80%	naga	0	29	0	0	1	1	always	 - 	 - 	 - 	0	large	foot	270	24	800	A068,A01C	sapper,ward	_	True	siege	missile	1	1.75	1	1	0	1.0	1.0	1.0	0.5714285714285714	air,debris,ground,item,structure,ward	 - 	 - 	 - 	-	-	_	900	False	siege	missile	450	1.8	1	18	62	63.0	80.0	71.5	39.72222222222222	structure,tree	
custom	n00H	nwgs	Winged Serpent	Trains Winged Serpent	|cffffac00Unit|r / |cffffffffSpawn rate: |r|cffffff0026|rs|n|n|cffffffffAttack |r|cff959697(all)|r|cffffffff: |rMagic (|cffffff00420|r range, |cffffff0033|r dps)|n|cffffffffArmor:|r Light (|cffffff002|r) / |cffffffffHP:|r |cffffff00450|r|n|n|cff80ff00Bouncing Attack|r • This unit's attacks can hit up to 3 enemies, dealing 30% less damage on each bounce	naga	0	26	0	0	1	1	always	0	0	0	0	small	fly	350	8	800		ward,sapper	_	True	magic	mbounce	1	99	1	1	0	1.0	1.0	1.0	0.010101010101010102	ground,structure,debris,air,item,ward	350	 - 	 - 	-	-	ground,terrain,air	1200	False	normal	_	-	-	-	-	-					_	
custom	n00I	nmpe	Murloc Warrior	Trains Murloc Warrior	|cffffac00Unit|r / |cffffffffSpawn rate: |r|cffffff0023|rs|n|n|cffffffffAttack |r|cff959697(ground)|r|cffffffff: |rNormal (|cffffff0090|r range, |cffffff0024|r dps)|n|cffffffffArmor:|r Unarmored (|cffffff004|r) / |cffffffffHP:|r |cffffff00325|r (|cffffff00+3.25|r/s)|n|n|cff80ff00Critical Strike|r • Attacks have a 10% chance to deal 100% more damage	naga	0	23	0	0	1	3.25	always	 - 	 - 	 - 	0	none	foot	280	8	800	A09H,A00D	sapper,ward	_	True	normal	normal	90	99	1	1	0	1.0	1.0	1.0	0.010101010101010102	ground,structure,debris,item,ward	 - 	 - 	 - 	-	-	_		False	normal	normal	66	1	1	1	0	1.0	1.0	1.0	1.0	tree	
custom	n00J	nmpe	Murloc Champion	Trains Murloc Champion	|cffffac00Unit|r / |cffffffffSpawn rate: |r|cffffff0032|rs|n|n|cffffffffAttack |r|cff959697(ground)|r|cffffffff: |rNormal (|cffffff0090|r range, |cffffff0036|r dps)|n|cffffffffArmor:|r Unarmored (|cffffff006|r) / |cffffffffHP:|r |cffffff00520|r (|cffffff00+3.5|r/s)|n|n|cff80ff00Cleaving Attack|r • Attacks splash to nearby targets as normal damage at 25% value|n|n|cff80ff00Evade|r • 8% chance to evade an attack|n|n|cff80ff00Bash|r • 15% chance on each attack to stun for 2 seconds and deal 25 extra damage|n|n|cff80ff00Critical Strike|r • Attacks have a 10% chance to deal 100% more damage	naga	0	32	0	0	1	3.5	always	 - 	 - 	 - 	0	none	foot	280	8	800	A09H,A060,A00T,A026,A00D	sapper,ward	_	True	normal	normal	90	99	1	1	0	1.0	1.0	1.0	0.010101010101010102	ground,structure,debris,item,ward	 - 	 - 	 - 	-	-	_		False	normal	normal	66	1	1	1	0	1.0	1.0	1.0	1.0	tree	
custom	n00K	nmpe	Murloc Assassin	Trains Murloc Assassin	|cffffac00Unit|r / |cffffffffSpawn rate: |r|cffffff0040|rs|n|n|cffffffffAttack |r|cff959697(ground)|r|cffffffff: |rNormal (|cffffff0090|r range, |cffffff0050|r dps)|n|cffffffffArmor:|r Unarmored (|cffffff008|r) / |cffffffffHP:|r |cffffff00750|r (|cffffff00+3.75|r/s)|n|n|cff80ff00Bash|r • 15% chance on each attack to stun for 2 seconds and deal 25 extra damage|n|n|cff80ff00Critical Strike|r • Attacks have a 20% chance to deal 100% more damage|n|n|cff80ff00Evade|r • 15% chance to evade an attack|n|n|cff80ff00Spell Resist|r • 20% spell damage reduction|n|n|cff80ff00Feedback|r • Each attack burns up to 25 mana dealing the same amount of damage|n|n|cff80ff00Cleaving Attack|r • Attacks splash to nearby targets as normal damage at 30% value	naga	0	40	0	0	1	3.75	always	 - 	 - 	 - 	0	none	foot	280	8	800	A0H0,A09H,A026,A025,A00U,A061,A02N	sapper,ward	_	True	normal	normal	90	99	1	1	0	1.0	1.0	1.0	0.010101010101010102	ground,structure,debris,item,ward	 - 	 - 	 - 	-	-	_		False	normal	normal	66	1	1	1	0	1.0	1.0	1.0	1.0	tree	
custom	n00S	nnsu	Naga Siren	Trains Naga Siren	|cffffac00Unit|r / |cffffffffSpawn rate: |r|cffffff0032|rs|n|n|cffffffffAttack |r|cff959697(all)|r|cffffffff: |rChaos (|cffffff00400|r range, |cffffff0050|r dps)|n|cffffffffArmor:|r Unarmored (|cffffff003|r) / |cffffffffHP:|r |cffffff00550|r (|cffffff00+2|r/s) / |cffffffffMP:|r |cffffff00300|r (|cffffff00+2|r/s)|n|n|cff80ff00Purge|r • Purges an enemy removing all buffs from it, slowing it and burning 150 Mana • Cooldown: |cffffff0010|rs. • Mana cost: |cffffff0050|r.|n|n|cff80ff00Summon Lobsters|r • Summons 2 Lobsters which last for 45 seconds. Lobsters have Critical Strike (10%, x3) and the Hard Shell ability which grants a 50% chance to reduce incoming attack damage by 35 • Cooldown: |cffffff0060|rs. • Mana cost: |cffffff0070|r.	naga	0	32	0	0	1	2	always	300	225	2	0	none	foot	290	16	800	A0CV,A02U,A02S	sapper,ward	_	True	chaos	missile	1	99	1	1	0	1.0	1.0	1.0	0.010101010101010102	ground,structure,debris,air,item,ward	 - 	 - 	 - 	-	-	_	900	False	normal	_	-	-	-	-	-					_	
custom	n00X	nnrg	Naga Royal Guard	Trains Naga Royal Guard	|cffffac00Unit|r / |cffffffffSpawn rate: |r|cffffff0037|rs|n|n|cffffffffAttack |r|cff959697(ground)|r|cffffffff: |rPierce (|cffffff00128|r range, |cffffff0094|r dps)|n|cffffffffArmor:|r Heavy (|cffffff009|r) / |cffffffffHP:|r |cffffff001100|r / |cffffffffMP:|r |cffffff0075|r (|cffffff00+1|r/s)|n|n|cff80ff00Critical Strike|r • Attacks have a 10% chance to deal 100% more damage|n|n|cff80ff00Cleaving Attack|r • Attacks splash to nearby targets as pierce damage at 35% value	naga	0	37	0	0	1	1	always	75	75	1	0	large	foot	280	16	800	A00D,A02X	sapper,ward	_	True	pierce	normal	128	99	1	1	0	1.0	1.0	1.0	0.010101010101010102	ground,structure,debris,item,ward	 - 	 - 	 - 	-	-	_		False	normal	_	-	-	-	-	-					_	
custom	n01P	nahy	Ancient Hydra	Trains Ancient Hydra	|cffffac00Unit|r / |cffffac00Legendary|r / |cffffffffSpawn rate: |r|cffffff0058|rs|n|n|cffffffffAttack |r|cff959697(all)|r|cffffffff: |rChaos (|cffffff00500|r range, |cffffff00133|r dps)|n|cffffffffArmor:|r Medium (|cffffff009|r) / |cffffffffHP:|r |cffffff001750|r|n|n|cff80ff00Splash Damage|r • Attacks splash to nearby targets as chaos damage at |cffffff0060|r% value.|n|n|cff80ff00Legendary Spell Resistance|r • Spell damage done to this unit is reduced by 70%|n|n|cff80ff00Immune|r • This unit is immune to certain negative effects|n|n|cff80ff00Poison Attack|r • Deals 4 damage per second and slows attack and movementspeed by 35%. Lasts 2 seconds|n|n|cff80ff00Split|r • Splits upon death into 2 hydras, which will split again upon death	naga	0	58	0	0	1	25	always	0	0	0	0	medium	amph	350	8	800	A0AH,A070,A07H,A06V,A07G,A09W,A06J	sapper,ward	_	True	chaos	msplash	500	1.5	1	1	0	1.0	1.0	1.0	0.6666666666666666	ground,structure,debris,item,ward,air	10	125	250	0.6	0.3	air,debris,enemies,ground,structure	900	False	normal	_	-	-	-	-	-					_	
custom	X00E	hpea	Naga Builder	|cffFFD900Choose Naga Faction|r	The Nagas have above average powerful units with a high hitpoint regeneration. In addition many expensive special buildings are available to them. But note that this race has NO TOWERS!	undead	0	15	0	0	220	0.25	always	 - 	 - 	 - 	0	medium	foot	550	1	500	Aeth,A06E,A005,A001,Ahrp,Avul,AInv	standon,peon	_	False	normal	normal	90	2	1	2	4	5.0	6.0	5.5	2.75	ground,structure,debris,item,ward	 - 	 - 	 - 	-	-	_		False	normal	normal	66	1.1	1	1	0	1.0	1.0	1.0	0.9090909090909091	tree	
custom	n03U	nwgs	Winged Riptide Serpent	Trains Winged Riptide Serpent	|cffffac00Unit|r / |cffffffffSpawn rate: |r|cffffff0037|rs|n|n|cffffffffAttack |r|cff959697(all)|r|cffffffff: |rMagic (|cffffff00520|r range, |cffffff0046|r dps)|n|cffffffffArmor:|r Light (|cffffff002|r) / |cffffffffHP:|r |cffffff00580|r|n|n|cff80ff00Bouncing Attack|r • This unit's attacks can hit up to 4 enemies, dealing 25% less damage on each bounce|n|n|cff80ff00Riptide Attack|r • This unit's attacks' first deals 45% extra damage to air units.	naga	0	37	0	0	1	1	always	0	0	0	0	small	fly	350	8	800		ward,sapper	_	True	magic	mbounce	1	99	1	1	0	1.0	1.0	1.0	0.010101010101010102	ground,structure,debris,air,item,ward	350	 - 	 - 	-	-	ground,terrain,air	1200	False	normal	_	-	-	-	-	-					_	
custom	h080	hbla	Temple of Riptide	Upgrade to Temple of Riptide	|cffffac00Production|r / |cffffffffTraining time: |r|cffffff0037|rs|n|n|cffffcc00Winged Riptide Serpent|r|n|cffffffffAttack |r|cff959697(all)|r|cffffffff: |rMagic (|cffffff00520|r range, |cffffff0046|r dps)|n|cffffffffArmor:|r Light (|cffffff002|r) / |cffffffffHP:|r |cffffff00580|r|n|n|cff80ff00Bouncing Attack|r • This unit's attacks can hit up to 4 enemies, dealing 25% less damage on each bounce|n|n|cff80ff00Riptide Attack|r • This unit's attacks' first deals 45% extra damage to air units.	naga	1	2	210	0	1	0.5	always	37	37	 - 	5	fort	_	-	72	-		Mechanical	PathTextures\4x4SimpleSolid.tga	False	normal	_	-	-	-	-	-					_	 - 	 - 	 - 	-	-	_		False	normal	_	-	-	-	-	-					_	
custom	e006	edry	Dryad	Trains Dryad	|cffffac00Unit|r / |cffffffffSpawn rate: |r|cffffff0026|rs|n|n|cffffffffAttack |r|cff959697(all)|r|cffffffff: |rPierce (|cffffff00400|r range, |cffffff0037|r dps)|n|cffffffffArmor:|r Medium (|cffffff003|r) / |cffffffffHP:|r |cffffff00500|r (|cffffff00+1|r/s) / |cffffffffMP:|r |cffffff00150|r (|cffffff00+1|r/s)|n|n|cff80ff00Abolish Magic|r • Has 15% chance to dispell positive buff from target on hit|n|n|cff80ff00Spell Resist|r • Dryad receives 15% less damage from spells|n|n|cff80ff00Natures Touch|r • Heals 75 hp and adds 2 armor to target • Cooldown: |cffffff0015|rs. • Mana cost: |cffffff0035|r.	naga	0	26	0	0	1	1	always	150	90	1	0	medium	foot	310	16	800	A0CV,A03Q,A004,A0AY	sapper,ward	_	True	pierce	missile	1	99	1	1	0	1.0	1.0	1.0	0.010101010101010102	ground,structure,debris,air,item,ward	 - 	 - 	 - 	-	-	_	1000	False	normal	_	-	-	-	-	-					_	
custom	e009	edry	Keeper of the Grove	Trains Keeper of the Grove	|cffffac00Unit|r / |cffffffffSpawn rate: |r|cffffff0037|rs|n|n|cffffffffAttack |r|cff959697(all)|r|cffffffff: |rPierce (|cffffff00450|r range, |cffffff0075|r dps)|n|cffffffffArmor:|r Medium (|cffffff005|r) / |cffffffffHP:|r |cffffff00700|r (|cffffff00+1.5|r/s) / |cffffffffMP:|r |cffffff00200|r (|cffffff00+2|r/s)|n|n|cff80ff00Abolish Magic|r • Has 20% chance to dispell positive buff from target on hit|n|n|cff80ff00Spell Resist|r • Keeper of the Grove receives 20% less damage from spells|n|n|cff80ff00Natures Touch|r • Heals 150 hp and adds 3 armor to target • Cooldown: |cffffff008|rs. • Mana cost: |cffffff0025|r.|n|n|cff80ff00Summon Treants|r • Summons 2 Treants with Thorns ability (returns 10% from received melee damage) • Cooldown: |cffffff0025|rs. • Mana cost: |cffffff00100|r.	naga	0	37	0	0	1	1.5	always	200	160	2	0	medium	foot	300	17	800	A0CV,A03Q,A0BU,A0BT,A0AZ	sapper,ward	_	True	pierce	missile	1	99	1	1	0	1.0	1.0	1.0	0.010101010101010102	ground,structure,debris,air,item,ward	 - 	 - 	 - 	-	-	_	1000	False	normal	_	-	-	-	-	-					_	
custom	e00C	edry	Ancient Keeper	Trains Ancient Keeper	|cffffac00Unit|r / |cffffac00Legendary|r / |cffffffffSpawn rate: |r|cffffff0057|rs|n|n|cffffffffAttack |r|cff959697(all)|r|cffffffff: |rChaos (|cffffff00550|r range, |cffffff0069|r dps)|n|cffffffffArmor:|r Medium (|cffffff007|r) / |cffffffffHP:|r |cffffff001000|r (|cffffff00+5|r/s) / |cffffffffMP:|r |cffffff00400|r (|cffffff00+3|r/s)|n|n|cff80ff00Abolish Magic|r • Has 25% chance to dispell positive buffs from enemies in 100 AoE on hit|n|n|cff80ff00Spell Immune|r • Ancient Keeper is immune to certain spells|n|n|cff80ff00Legendary Spell Resistance|r • Spell damage taken is reduced by |cffffff0070|r%|n|n|cff80ff00Natures Aura|r • Grants 15 hp regeneration to all allied units within 350 radius|n|n|cff80ff00Incorporeal|r • Gives 25% chance to evade attack|n|n|cff80ff00Treant Sprout|r • Ancient Keeper summons 5 trees that surround his position, protecting him from melee attacks. After 3 seconds, the trees transforms into Treants which attack-moves to enemy base • Cooldown: |cffffff0030|rs. • Mana cost: |cffffff00200|r.	naga	0	57	0	0	1	5	none	400	250	3	0	medium	foot	290	18	800	A070,A0BV,A0AH,A06V,A03Q,A0BX,A06Z,A0BW,A0B0,A07H	sapper,ward	_	True	chaos	missile	1	99	1	1	0	1.0	1.0	1.0	0.010101010101010102	ground,structure,debris,air,item,ward	 - 	 - 	 - 	-	-	_	1000	False	normal	_	-	-	-	-	-					_	
custom	e00D	efon	Treant			naga	0	30	0	0	1	1	always	 - 	 - 	 - 	0	large	foot	270	13	500	A07G,A0BK	sapper,ward	_	True	pierce	normal	100	99	1	1	0	1.0	1.0	1.0	0.010101010101010102	ground,structure,debris,item,ward	 - 	 - 	 - 	-	-	_		False	normal	_	-	-	-	-	-					_	
custom	e00F	emtg	Mountain Giant	Trains Mountain Giant	|cffffac00Unit|r / |cffffffffSpawn rate: |r|cffffff0037|rs|n|n|cffffffffAttack |r|cff959697(ground)|r|cffffffff: |rNormal (|cffffff00128|r range, |cffffff0083|r dps)|n|cffffffffArmor:|r Fortified (|cffffff008|r) / |cffffffffHP:|r |cffffff00800|r (|cffffff00+4|r/s)|n|n|cff80ff00Grab Tree|r • Picks up a nearby tree which increases its damage and transforms it into siege type. Can attack air units with tree. Lasts 10 hits|n|n|cff80ff00Pulverize|r • 30% chance to deal 200 damage in 175 AoE|n|n|cff80ff00Hardened Skin|r • Mountain Giant receives 25 less damage|n|n|cff80ff00Resistant Skin|r • Giant Receives 20% less damage on hit and reduces time of negative spell duration|n|n|cff80ff00Taunt|r • Forces nearby enemies in 350 AoE to attack Mountain Giant and ignore other units • Cooldown: |cffffff0015|rs.	naga	0	37	0	0	1	4	always	 - 	 - 	 - 	0	fort	foot	250	24	500	A0CF,A03Q,A0BF,A0BC,A0BE,A0BJ,A0BI,A0BH	sapper,ward	_	True	normal	normal	128	99	1	1	0	1.0	1.0	1.0	0.010101010101010102	ground,structure,debris,tree,wall,item,ward	-	-	-	-	-	_		False	siege	normal	150	99	1	1	0	1.0	1.0	1.0	0.010101010101010102	air,enemies,ground,structure	
custom	e00G	edry	Visioneer	Trains Visioneer	|cffffac00Unit|r / |cffffffffSpawn rate: |r|cffffff0040|rs|n|n|cffffffffAttack |r|cff959697(all)|r|cffffffff: |rChaos (|cffffff001000|r range, |cffffff0032|r dps)|n|cffffffffArmor:|r Unarmored (|cffffff008|r) / |cffffffffHP:|r |cffffff00900|r (|cffffff00+5|r/s) / |cffffffffMP:|r |cffffff00100|r (|cffffff00+2|r/s)|n|n|cff80ff00Clear Vision|r • Able to reveal invisible units.|n|n|cff80ff00Destruct|r • Has triple damage against buildings.|n|n|cff80ff00Extra Regeneration|r • This unit has 5 hit points per second regeneration rate.	naga	0	40	0	0	1	5	always	100	200	2	0	none	foot	310	16	1000	A0CV,A0FV,Adtg	sapper,ward	_	True	chaos	missile	1000	99	1	1	0	1.0	1.0	1.0	0.010101010101010102	debris,enemies,item,structure,ward	 - 	 - 	 - 	-	-	_	1000	True	chaos	missile	550	99	1	1	0	1.0	1.0	1.0	0.010101010101010102	air,enemies,ground	
custom	h002	hbla	Spider Egg Clutch	Build Spider Egg Clutch	|cffffac00Production|r / |cffffffffTraining time: |r|cffffff0023|rs|n|n|cffffcc00Black Spider|r|n|cffffffffAttack |r|cff959697(ground)|r|cffffffff: |rPierce (|cffffff00100|r range, |cffffff0030|r dps)|n|cffffffffArmor:|r Unarmored (|cffffff001|r) / |cffffffffHP:|r |cffffff00250|r (|cffffff00+1.5|r/s)|n|n|cff80ff00Slow Poison|r • Reduces attack and movement speed by 10% and deals 5 dmg/sec during 10 seconds	naga	1	2	160	0	1	0.5	always	23	23	 - 	5	fort	_	-	72	-		Mechanical	PathTextures\4x4SimpleSolid.tga	False	normal	_	-	-	-	-	-					_	 - 	 - 	 - 	-	-	_		False	normal	_	-	-	-	-	-					_	
custom	h00Q	hbla	Spider Egg Nest	Upgrade to Spider Egg Nest	|cffffac00Production|r / |cffffffffTraining time: |r|cffffff0032|rs|n|n|cffffcc00Giant Spider|r|n|cffffffffAttack |r|cff959697(ground)|r|cffffffff: |rPierce (|cffffff00100|r range, |cffffff0053|r dps)|n|cffffffffArmor:|r Unarmored (|cffffff004|r) / |cffffffffHP:|r |cffffff00500|r (|cffffff00+3|r/s)|n|n|cff80ff00Slow Poison|r • Reduces attack and movement speed by 15% and deals 8 dmg/sec during 10 seconds|n|n|cff80ff00Web|r • Immobilizes enemy units. Lasts 10 seconds • Cooldown: |cffffff0018|rs.|n|n|cff80ff00Split|r • Spawn 2 Forest Spiders on death	naga	1	2	180	0	1	0.5	always	32	32	 - 	5	fort	_	-	72	-		Mechanical	PathTextures\4x4SimpleSolid.tga	False	normal	_	-	-	-	-	-					_	 - 	 - 	 - 	-	-	_		False	normal	_	-	-	-	-	-					_	
custom	h00R	hbla	Spider Egg Hatchery	Build Spider Egg Hatchery	|cffffac00Production|r / |cffffffffTraining time: |r|cffffff0041|rs|n|n|cffffcc00Brood Mother|r|n|cffffffffAttack |r|cff959697(ground)|r|cffffffff: |rPierce (|cffffff00100|r range, |cffffff0066|r dps)|n|cffffffffArmor:|r Unarmored (|cffffff006|r) / |cffffffffHP:|r |cffffff00900|r (|cffffff00+5|r/s) / |cffffffffMP:|r |cffffff00100|r (|cffffff00+2|r/s)|n|n|cff80ff00Slow Poison|r • Reduces attack and movement speed by 25% and deals 12 dmg/sec during 10 seconds|n|n|cff80ff00Web|r • Immobilizes enemy units. Lasts 12 seconds • Cooldown: |cffffff0018|rs.|n|n|cff80ff00Split|r • Spawn 1 Giant Spider on death|n|n|cff80ff00Infest|r • Deals 100 initial damage plus 20 dmg/sec during 10 seconds. Killed unit will spawn 2 Black Spiders • Cooldown: |cffffff0010|rs. • Mana cost: |cffffff0050|r.	naga	1	2	190	0	1	0.5	always	41	41	 - 	5	fort	_	-	72	-		Mechanical	PathTextures\4x4SimpleSolid.tga	False	normal	_	-	-	-	-	-					_	 - 	 - 	 - 	-	-	_		False	normal	_	-	-	-	-	-					_	
custom	h00Y	hbla	Furbolg Hut	Build Furbolg Hut	|cffffac00Production|r / |cffffffffTraining time: |r|cffffff0025|rs|n|n|cffffcc00Furbolg Shaman|r|n|cffffffffAttack |r|cff959697(all)|r|cffffffff: |rMagic (|cffffff00400|r range, |cffffff0037|r dps)|n|cffffffffArmor:|r Light (|cffffff001|r) / |cffffffffHP:|r |cffffff00450|r (|cffffff00+1|r/s) / |cffffffffMP:|r |cffffff00200|r (|cffffff00+1|r/s)|n|n|cff80ff00Rejuvenation|r • Heals 200 hp over 10 seconds • Cooldown: |cffffff0016|rs. • Mana cost: |cffffff0050|r.	naga	1	2	200	0	1200	0.5	always	25	25	 - 	5	fort	_	-	72	-		Mechanical	PathTextures\4x4SimpleSolid.tga	False	normal	_	-	-	-	-	-					_	 - 	 - 	 - 	-	-	_		False	normal	_	-	-	-	-	-					_	
custom	h012	hbla	Furbolg Abode	Build Furbolg Abode	|cffffac00Production|r / |cffffffffTraining time: |r|cffffff0035|rs|n|n|cffffcc00Furbolg Elder Shaman|r|n|cffffffffAttack |r|cff959697(all)|r|cffffffff: |rMagic (|cffffff00450|r range, |cffffff0058|r dps)|n|cffffffffArmor:|r Light (|cffffff003|r) / |cffffffffHP:|r |cffffff00650|r (|cffffff00+2|r/s) / |cffffffffMP:|r |cffffff00250|r (|cffffff00+2|r/s)|n|n|cff80ff00Rejuvenation|r • Heals 400 hp over 10 seconds • Cooldown: |cffffff0014|rs. • Mana cost: |cffffff0050|r.|n|n|cff80ff00Manaburn|r • Has 30% chance to burn up to 150 mana on hit and deal damage equal to amount of burned mana	naga	1	2	200	0	1	0.5	always	35	35	 - 	5	fort	_	-	72	-		Mechanical	PathTextures\4x4SimpleSolid.tga	False	normal	_	-	-	-	-	-					_	 - 	 - 	 - 	-	-	_		False	normal	_	-	-	-	-	-					_	
custom	h013	hbla	Ancient of Growth	Build Ancient of Growth	|cffffac00Production|r / |cff959697-> Legendary|r / |cffffffffTraining time: |r|cffffff0026|rs|n|n|cffffcc00Dryad|r|n|cffffffffAttack |r|cff959697(all)|r|cffffffff: |rPierce (|cffffff00400|r range, |cffffff0037|r dps)|n|cffffffffArmor:|r Medium (|cffffff003|r) / |cffffffffHP:|r |cffffff00500|r (|cffffff00+1|r/s) / |cffffffffMP:|r |cffffff00150|r (|cffffff00+1|r/s)|n|n|cff80ff00Abolish Magic|r • Has 15% chance to dispell positive buff from target on hit|n|n|cff80ff00Spell Resist|r • Dryad receives 15% less damage from spells|n|n|cff80ff00Natures Touch|r • Heals 75 hp and adds 2 armor to target • Cooldown: |cffffff0015|rs. • Mana cost: |cffffff0035|r.	naga	1	2	220	0	1	0.5	always	26	26	 - 	5	fort	_	-	72	-	Atol	Mechanical	PathTextures\4x4SimpleSolid.tga	False	normal	_	-	-	-	-	-					_	 - 	 - 	 - 	-	-	_		False	normal	_	-	-	-	-	-					_	
custom	h01H	hbla	Ancient of Life	Upgrade to Ancient of Life	|cffffac00Production|r / |cff959697-> Legendary|r / |cffffffffTraining time: |r|cffffff0037|rs|n|n|cffffcc00Keeper of the Grove|r|n|cffffffffAttack |r|cff959697(all)|r|cffffffff: |rPierce (|cffffff00450|r range, |cffffff0075|r dps)|n|cffffffffArmor:|r Medium (|cffffff005|r) / |cffffffffHP:|r |cffffff00700|r (|cffffff00+1.5|r/s) / |cffffffffMP:|r |cffffff00200|r (|cffffff00+2|r/s)|n|n|cff80ff00Abolish Magic|r • Has 20% chance to dispell positive buff from target on hit|n|n|cff80ff00Spell Resist|r • Keeper of the Grove receives 20% less damage from spells|n|n|cff80ff00Natures Touch|r • Heals 150 hp and adds 3 armor to target • Cooldown: |cffffff008|rs. • Mana cost: |cffffff0025|r.|n|n|cff80ff00Summon Treants|r • Summons 2 Treants with Thorns ability (returns 10% from received melee damage) • Cooldown: |cffffff0025|rs. • Mana cost: |cffffff00100|r.	naga	1	2	220	0	1	0.5	always	37	37	 - 	5	fort	_	-	72	-	Atol	Mechanical	PathTextures\4x4SimpleSolid.tga	False	normal	_	-	-	-	-	-					_	 - 	 - 	 - 	-	-	_		False	normal	_	-	-	-	-	-					_	
custom	h01J	hbla	Ancient of Eternity	Build Ancient of Eternity	|cffffac00Production|r / |cffffac00Legendary|r / |cffffffffTraining time: |r|cffffff0057|rs|n|n|cffffcc00Ancient Keeper|r|n|cffffffffAttack |r|cff959697(all)|r|cffffffff: |rChaos (|cffffff00550|r range, |cffffff0069|r dps)|n|cffffffffArmor:|r Medium (|cffffff007|r) / |cffffffffHP:|r |cffffff001000|r (|cffffff00+5|r/s) / |cffffffffMP:|r |cffffff00400|r (|cffffff00+3|r/s)|n|n|cff80ff00Abolish Magic|r • Has 25% chance to dispell positive buffs from enemies in 100 AoE on hit|n|n|cff80ff00Spell Immune|r • Ancient Keeper is immune to certain spells|n|n|cff80ff00Legendary Spell Resistance|r • Spell damage taken is reduced by |cffffff0070|r%|n|n|cff80ff00Natures Aura|r • Grants 15 hp regeneration to all allied units within 350 radius|n|n|cff80ff00Incorporeal|r • Gives 25% chance to evade attack|n|n|cff80ff00Treant Sprout|r • Ancient Keeper summons 5 trees that surround his position, protecting him from melee attacks. After 3 seconds, the trees transforms into Treants which attack-moves to enemy base • Cooldown: |cffffff0030|rs. • Mana cost: |cffffff00200|r.	naga	1	2	400	400	1	0.5	always	57	57	 - 	5	fort	_	-	72	-	A06V,Atol	Mechanical	PathTextures\4x4SimpleSolid.tga	False	normal	_	-	-	-	-	-					_	 - 	 - 	 - 	-	-	_		False	normal	_	-	-	-	-	-					_	
custom	h023	hbla	Ancient of Slumber	Build Ancient of Slumber	|cffffac00Production|r / |cffffffffTraining time: |r|cffffff0028|rs|n|n|cffffcc00Bear|r|n|cffffffffAttack |r|cff959697(ground)|r|cffffffff: |rNormal (|cffffff00128|r range, |cffffff0048|r dps)|n|cffffffffArmor:|r Unarmored (|cffffff005|r) / |cffffffffHP:|r |cffffff00675|r (|cffffff00+1|r/s)|n|n|cff80ff00Bash|r • Has 15% chance to stun enemy for 0.5 seconds and deal 50 additional damage|n|n|cff80ff00Cleave|r • Each hit deals 30% of the normal damage to all enemies in 150 range in front of this unit|n|n|cff80ff00Critical Strike|r • Has 20% chance to deal double damage on hit|n|n|cff80ff00Feral Rage|r • Has 15% chance to increase its attack speed and get 20% additional damage on being hit|n|n|cff80ff00Slumber|r • Goes into a moderate sleep if Bears hp is low and boost its regeneration to 20 hp/sec	naga	1	2	260	0	1	0.5	always	28	28	 - 	5	fort	_	-	72	-		Mechanical	PathTextures\4x4SimpleSolid.tga	False	normal	_	-	-	-	-	-					_	 - 	 - 	 - 	-	-	_		False	normal	_	-	-	-	-	-					_	
custom	h024	hbla	Ancient of Hibernation	Build Ancient of Hibernation	|cffffac00Production|r / |cffffffffTraining time: |r|cffffff0039|rs|n|n|cffffcc00Ancient Bear|r|n|cffffffffAttack |r|cff959697(ground)|r|cffffffff: |rNormal (|cffffff00128|r range, |cffffff0057|r dps)|n|cffffffffArmor:|r Unarmored (|cffffff008|r) / |cffffffffHP:|r |cffffff001100|r (|cffffff00+2|r/s)|n|n|cff80ff00Bash|r • Has 30% chance to stun enemy for 1 second and deal 65 additional damage|n|n|cff80ff00Cleave|r • Each hit deals 35% of the normal damage to all enemies in 175 range in front of this unit|n|n|cff80ff00Critical Strike|r • Has 30% chance to deal double damage on hit|n|n|cff80ff00Feral Rage|r • Has 20% chance to increase its attack speed and get 30% additional damage on being hit|n|n|cff80ff00Hibernation|r • Goes into a deep sleep if Ancients Bear hp is extremely low and boost its regeneration to 40 hp/sec. Also receives additional 100% damage on next attack after waking up	naga	1	2	230	0	1	0.5	always	39	39	 - 	5	fort	_	-	72	-		Mechanical	PathTextures\4x4SimpleSolid.tga	False	normal	_	-	-	-	-	-					_	 - 	 - 	 - 	-	-	_		False	normal	_	-	-	-	-	-					_	
custom	h027	hbla	Emerald Dragon Roost	Build Emerald Dragon Roost	|cffffac00Production|r / |cffffffffTraining time: |r|cffffff0030|rs|n|n|cffffcc00Emerald Dragon|r|n|cffffffffAttack |r|cff959697(all)|r|cffffffff: |rChaos (|cffffff00250|r range, |cffffff0046|r dps)|n|cffffffffArmor:|r Heavy (|cffffff005|r) / |cffffffffHP:|r |cffffff00700|r (|cffffff00+1.5|r/s)|n|n|cff80ff00Corrosive Breath|r • Reduces enemies armor per hit by 2 (-6 max)|n|n|cff80ff00Splash|r • Deals splash damage in 150 AoE	naga	1	2	310	0	1	0.5	always	30	30	 - 	5	fort	_	-	72	-		Mechanical	PathTextures\4x4SimpleSolid.tga	False	normal	_	-	-	-	-	-					_	 - 	 - 	 - 	-	-	_		False	normal	_	-	-	-	-	-					_	
custom	h028	hbla	Monolith	Build Monolith	|cffffac00Production|r / |cffffffffTraining time: |r|cffffff0037|rs|n|n|cffffcc00Mountain Giant|r|n|cffffffffAttack |r|cff959697(ground)|r|cffffffff: |rNormal (|cffffff00128|r range, |cffffff0083|r dps)|n|cffffffffArmor:|r Fortified (|cffffff008|r) / |cffffffffHP:|r |cffffff00800|r (|cffffff00+4|r/s)|n|n|cff80ff00Grab Tree|r • Picks up a nearby tree which increases its damage and transforms it into siege type. Can attack air units with tree. Lasts 10 hits|n|n|cff80ff00Pulverize|r • 30% chance to deal 200 damage in 175 AoE|n|n|cff80ff00Hardened Skin|r • Mountain Giant receives 25 less damage|n|n|cff80ff00Resistant Skin|r • Giant Receives 20% less damage on hit and reduces time of negative spell duration|n|n|cff80ff00Taunt|r • Forces nearby enemies in 350 AoE to attack Mountain Giant and ignore other units • Cooldown: |cffffff0015|rs.	naga	1	2	440	0	1	0.5	always	37	37	 - 	5	fort	_	-	72	-		Mechanical	PathTextures\4x4SimpleSolid.tga	False	normal	_	-	-	-	-	-					_	 - 	 - 	 - 	-	-	_		False	normal	_	-	-	-	-	-					_	
custom	h02A	hbla	Ancient of Gale	Build Ancient of Gale	|cffffac00Utility|r|n|n|cff80ff00Cyclone|r • Summons a wandering tornado near a random enemy unit that slows for 25% movement and attack speed and deals 40 dps in 250 AoE for 7 seconds. Buildings take 50% of damage. • Cooldown: |cffffff0014|rs.	naga	1	2	350	650	1	0.5	always	15	1	1	5	fort	_	-	72	20000	A0BO,A07E	Mechanical	PathTextures\4x4SimpleSolid.tga	False	normal	_	-	-	-	-	-					_	 - 	 - 	 - 	-	-	_		False	normal	_	-	-	-	-	-					_	
custom	h02C	hbla	Ancient Guardian	Build Ancient Guardian	|cffffac00Utility|r|n|n|cff80ff00Banish|r • Turns an enemy unit ethereal. Ethereal creatures cannot attack, but they can cast spells and all heals and damage applied to them is amplified by |cff00ffff66%|r. • Cooldown: |cffffff0012|rs.	naga	1	2	250	500	1	0.5	always	14	 - 	1	5	fort	_	-	72	20000	A0BM,A07E	Mechanical	PathTextures\4x4SimpleSolid.tga	False	normal	_	-	-	-	-	-					_	 - 	 - 	 - 	-	-	_		False	normal	_	-	-	-	-	-					_	
custom	h02D	hbla	Ancient of Wonders	Build Ancient of Wonders	|cffffac00Utility|r / |cffffac00Legendary|r|n|n|cff80ff00Call of Nature|r • Summons forest spirits which attack enemy units with 50% chance to stun it and whenever a wisp dies it explodes dealing 150 |cff8080ffspell damage|r in 350 range • Cooldown: |cffffff0040|rs.	naga	1	2	650	1800	1	4	always	42	1	1	5	fort	_	-	72	99999	A0BS,A06V	Mechanical	PathTextures\4x4SimpleSolid.tga	False	normal	_	-	-	-	-	-					_	 - 	 - 	 - 	-	-	_		False	normal	_	-	-	-	-	-					_	
custom	h071	hbla	Enigma	Build Enigma	|cffffac00Production|r / |cffffffffTraining time: |r|cffffff0040|rs|n|n|cffffcc00Visioneer|r|n|cffffffffAttack |r|cff959697(all)|r|cffffffff: |rChaos (|cffffff001000|r range, |cffffff0032|r dps)|n|cffffffffArmor:|r Unarmored (|cffffff008|r) / |cffffffffHP:|r |cffffff00900|r (|cffffff00+5|r/s) / |cffffffffMP:|r |cffffff00100|r (|cffffff00+2|r/s)|n|n|cff80ff00Clear Vision|r • Able to reveal invisible units.|n|n|cff80ff00Destruct|r • Has triple damage against buildings.|n|n|cff80ff00Extra Regeneration|r • This unit has 5 hit points per second regeneration rate.	naga	1	2	300	0	1	0.5	always	40	40	 - 	5	fort	_	-	72	-		Mechanical	PathTextures\4x4SimpleSolid.tga	False	normal	_	-	-	-	-	-					_	 - 	 - 	 - 	-	-	_		False	normal	_	-	-	-	-	-					_	
custom	n00U	nspb	Black Spider	Trains Black Spider	|cffffac00Unit|r / |cffffffffSpawn rate: |r|cffffff0023|rs|n|n|cffffffffAttack |r|cff959697(ground)|r|cffffffff: |rPierce (|cffffff00100|r range, |cffffff0030|r dps)|n|cffffffffArmor:|r Unarmored (|cffffff001|r) / |cffffffffHP:|r |cffffff00250|r (|cffffff00+1.5|r/s)|n|n|cff80ff00Slow Poison|r • Reduces attack and movement speed by 10% and deals 5 dmg/sec during 10 seconds	naga	0	23	0	0	1	1.5	always	 - 	 - 	 - 	0	none	foot	330	10	800	A0AO,A09H	sapper,ward	_	True	pierce	normal	100	99	1	1	0	1.0	1.0	1.0	0.010101010101010102	ground,structure,debris,item,ward	 - 	 - 	 - 	-	-	_		False	normal	_	-	-	-	-	-					_	
custom	n01N	nsgt	Giant Spider	Trains Giant Spider	|cffffac00Unit|r / |cffffffffSpawn rate: |r|cffffff0032|rs|n|n|cffffffffAttack |r|cff959697(ground)|r|cffffffff: |rPierce (|cffffff00100|r range, |cffffff0053|r dps)|n|cffffffffArmor:|r Unarmored (|cffffff004|r) / |cffffffffHP:|r |cffffff00500|r (|cffffff00+3|r/s)|n|n|cff80ff00Slow Poison|r • Reduces attack and movement speed by 15% and deals 8 dmg/sec during 10 seconds|n|n|cff80ff00Web|r • Immobilizes enemy units. Lasts 10 seconds • Cooldown: |cffffff0018|rs.|n|n|cff80ff00Split|r • Spawn 2 Forest Spiders on death	naga	0	32	0	0	1	3	always	 - 	 - 	 - 	0	none	foot	330	12	800	A0AQ,A0AR,A0AP,A09H	sapper,ward	_	True	pierce	normal	100	99	1	1	0	1.0	1.0	1.0	0.010101010101010102	ground,structure,debris,item,ward	 - 	 - 	 - 	-	-	_		False	normal	_	-	-	-	-	-					_	
custom	n01W	nsbm	Brood Mother	Trains Brood Mother	|cffffac00Unit|r / |cffffffffSpawn rate: |r|cffffff0041|rs|n|n|cffffffffAttack |r|cff959697(ground)|r|cffffffff: |rPierce (|cffffff00100|r range, |cffffff0066|r dps)|n|cffffffffArmor:|r Unarmored (|cffffff006|r) / |cffffffffHP:|r |cffffff00900|r (|cffffff00+5|r/s) / |cffffffffMP:|r |cffffff00100|r (|cffffff00+2|r/s)|n|n|cff80ff00Slow Poison|r • Reduces attack and movement speed by 25% and deals 12 dmg/sec during 10 seconds|n|n|cff80ff00Web|r • Immobilizes enemy units. Lasts 12 seconds • Cooldown: |cffffff0018|rs.|n|n|cff80ff00Split|r • Spawn 1 Giant Spider on death|n|n|cff80ff00Infest|r • Deals 100 initial damage plus 20 dmg/sec during 10 seconds. Killed unit will spawn 2 Black Spiders • Cooldown: |cffffff0010|rs. • Mana cost: |cffffff0050|r.	naga	0	41	0	0	1	5	always	100	50	2	0	none	foot	330	15	800	A0AS,A0AU,A0AT,A0AV,A09H	sapper,ward	_	True	pierce	normal	100	99	1	1	0	1.0	1.0	1.0	0.010101010101010102	ground,structure,debris,item,ward	 - 	 - 	 - 	-	-	_		False	normal	_	-	-	-	-	-					_	
custom	n026	nfrs	Furbolg Shaman	Trains Furbolg Shaman	|cffffac00Unit|r / |cffffffffSpawn rate: |r|cffffff0025|rs|n|n|cffffffffAttack |r|cff959697(all)|r|cffffffff: |rMagic (|cffffff00400|r range, |cffffff0037|r dps)|n|cffffffffArmor:|r Light (|cffffff001|r) / |cffffffffHP:|r |cffffff00450|r (|cffffff00+1|r/s) / |cffffffffMP:|r |cffffff00200|r (|cffffff00+1|r/s)|n|n|cff80ff00Rejuvenation|r • Heals 200 hp over 10 seconds • Cooldown: |cffffff0016|rs. • Mana cost: |cffffff0050|r.	naga	0	25	0	0	1	1	always	200	130	1	0	small	foot	280	16	800	A0CV,A0C0	sapper,ward	_	True	magic	missile	1	99	1	1	0	1.0	1.0	1.0	0.010101010101010102	ground,structure,debris,air,item,ward	 - 	 - 	 - 	-	-	_	1200	False	normal	_	-	-	-	-	-					_	
custom	n028	nfre	Furbolg Elder Shaman	Trains Furbolg Elder Shaman	|cffffac00Unit|r / |cffffffffSpawn rate: |r|cffffff0035|rs|n|n|cffffffffAttack |r|cff959697(all)|r|cffffffff: |rMagic (|cffffff00450|r range, |cffffff0058|r dps)|n|cffffffffArmor:|r Light (|cffffff003|r) / |cffffffffHP:|r |cffffff00650|r (|cffffff00+2|r/s) / |cffffffffMP:|r |cffffff00250|r (|cffffff00+2|r/s)|n|n|cff80ff00Rejuvenation|r • Heals 400 hp over 10 seconds • Cooldown: |cffffff0014|rs. • Mana cost: |cffffff0050|r.|n|n|cff80ff00Manaburn|r • Has 30% chance to burn up to 150 mana on hit and deal damage equal to amount of burned mana	naga	0	35	0	0	1	2	always	250	170	2	3	small	foot	280	16	800	A0CV,A0C2,A0C1	sapper,ward	_	True	magic	missile	1	99	1	1	0	1.0	1.0	1.0	0.010101010101010102	ground,structure,debris,air,item,ward	 - 	 - 	 - 	-	-	_	1200	False	normal	_	-	-	-	-	-					_	
custom	n029	ngz1	Bear	Trains Bear	|cffffac00Unit|r / |cffffffffSpawn rate: |r|cffffff0028|rs|n|n|cffffffffAttack |r|cff959697(ground)|r|cffffffff: |rNormal (|cffffff00128|r range, |cffffff0048|r dps)|n|cffffffffArmor:|r Unarmored (|cffffff005|r) / |cffffffffHP:|r |cffffff00675|r (|cffffff00+1|r/s)|n|n|cff80ff00Bash|r • Has 15% chance to stun enemy for 0.5 seconds and deal 50 additional damage|n|n|cff80ff00Cleave|r • Each hit deals 30% of the normal damage to all enemies in 150 range in front of this unit|n|n|cff80ff00Critical Strike|r • Has 20% chance to deal double damage on hit|n|n|cff80ff00Feral Rage|r • Has 15% chance to increase its attack speed and get 20% additional damage on being hit|n|n|cff80ff00Slumber|r • Goes into a moderate sleep if Bears hp is low and boost its regeneration to 20 hp/sec	naga	0	28	0	0	1	1	always	 - 	 - 	 - 	0	none	foot	270	16	800	A0C4,A0C5,A0BY,A0B1,A0B3	sapper,ward	_	True	normal	normal	128	99	1	1	0	1.0	1.0	1.0	0.010101010101010102	ground,structure,debris,item,ward	 - 	 - 	 - 	-	-	_		False	normal	_	-	-	-	-	-					_	
custom	n02A	ngdk	Emerald Dragon	Trains Emerald Dragon	|cffffac00Unit|r / |cffffffffSpawn rate: |r|cffffff0030|rs|n|n|cffffffffAttack |r|cff959697(all)|r|cffffffff: |rChaos (|cffffff00250|r range, |cffffff0046|r dps)|n|cffffffffArmor:|r Heavy (|cffffff005|r) / |cffffffffHP:|r |cffffff00700|r (|cffffff00+1.5|r/s)|n|n|cff80ff00Corrosive Breath|r • Reduces enemies armor per hit by 2 (-6 max)|n|n|cff80ff00Splash|r • Deals splash damage in 150 AoE	naga	0	30	0	0	1	1.5	always	 - 	 - 	 - 	0	large	fly	330	16	800	A03Q	sapper,ward	_	True	chaos	msplash	1	99	1	1	0	1.0	1.0	1.0	0.010101010101010102	air,debris,ground,item,structure,ward	50	100	150	0.7	0.4	air,debris,enemies,ground,item,structure,ward	1500	False	pierce	missile	300	1.8	1	8	48	49.0	56.0	52.5	29.166666666666664	air	
custom	n02B	ngz1	Ancient Bear	Trains Ancient Bear	|cffffac00Unit|r / |cffffffffSpawn rate: |r|cffffff0039|rs|n|n|cffffffffAttack |r|cff959697(ground)|r|cffffffff: |rNormal (|cffffff00128|r range, |cffffff0057|r dps)|n|cffffffffArmor:|r Unarmored (|cffffff008|r) / |cffffffffHP:|r |cffffff001100|r (|cffffff00+2|r/s)|n|n|cff80ff00Bash|r • Has 30% chance to stun enemy for 1 second and deal 65 additional damage|n|n|cff80ff00Cleave|r • Each hit deals 35% of the normal damage to all enemies in 175 range in front of this unit|n|n|cff80ff00Critical Strike|r • Has 30% chance to deal double damage on hit|n|n|cff80ff00Feral Rage|r • Has 20% chance to increase its attack speed and get 30% additional damage on being hit|n|n|cff80ff00Hibernation|r • Goes into a deep sleep if Ancients Bear hp is extremely low and boost its regeneration to 40 hp/sec. Also receives additional 100% damage on next attack after waking up	naga	0	39	0	0	1	2	always	 - 	 - 	 - 	0	none	foot	270	18	800	A03Q,A0C4,A0C5,A0BZ,A0B4,A0B2	sapper,ward	_	True	normal	normal	128	99	1	1	0	1.0	1.0	1.0	0.010101010101010102	ground,structure,debris,item,ward	 - 	 - 	 - 	-	-	_		False	normal	_	-	-	-	-	-					_	
custom	n02D	ncap	Ancient Protector	Build Ancient Protector	|cffffac00Tower|r|n|nAttack |cff959697(all)|r: Siege (|cffffff00700|r range, |cffffff0070|r dps)|nArmor: Fortified (|cffffff008|r) / HP: |cffffff001600|r (|cffffff00+2|r/s)|n|n|cff80ff00Bash|r • 15% chance on each attack to stun for 2 seconds and deal 25 extra damage|n|n|cff80ff00Splash Damage|r • Attacks splash to nearby targets as siege damage at |cffffff0080|r% value.	naga	1	20	210	300	1	2	always	 - 	 - 	 - 	0	fort		0	72	800	A0BN,A09A	mechanical	PathTextures\4x4SimpleSolid.tga	True	siege	msplash	700	1.5	1	1	0	1.0	1.0	1.0	0.6666666666666666	air,enemies,ground	75	125	175	0.8	0.55	enemies	750	False	siege	msplash	700	2	2	12	41	43.0	65.0	54.0	27.0	air,ground,structure,debris,item,ward	
custom	X01A	hpea	Nature Builder	|cffFFD900Choose Nature Force|r	The forces of Nature itself are called to fight for their masters. Specializing in strong units and healing buffs, the Nature Race is slightly more expensive but better than the average race.	undead	0	15	0	0	220	0.25	always	 - 	 - 	 - 	0	medium	foot	550	1	500	A06E,Aeth,AInv,A005,A001,Ahrp,Avul	standon,peon	_	False	normal	normal	90	2	1	2	4	5.0	6.0	5.5	2.75	ground,structure,debris,item,ward	 - 	 - 	 - 	-	-	_		False	normal	normal	66	1.1	1	1	0	1.0	1.0	1.0	0.9090909090909091	tree	
custom	e000	efdr	Faerie Dragon	Trains Faerie Dragon	|cffffac00Unit|r / |cffffffffSpawn rate: |r|cffffff0028|rs|n|n|cffffffffAttack |r|cff959697(all)|r|cffffffff: |rMagic (|cffffff00350|r range, |cffffff0028|r dps)|n|cffffffffArmor:|r Light (|cffffff002|r) / |cffffffffHP:|r |cffffff00460|r / |cffffffffMP:|r |cffffff00200|r (|cffffff00+1|r/s)|n|n|cff80ff00Heal|r • Restores |cffffff00150|r hp to an ally. |n• Cooldown: |cffffff006|rs. |n|n|cff80ff00Feedback|r • Attacks burn |cffffff0025|r mana and deal an equal amount as spell damage.	nightelf	0	28	0	0	1	0.5	always	200	150	1	0	small	fly	350	8	800	A0CG,A003	sapper,ward	_	True	magic	missile	1	1.75	1	1	0	1.0	1.0	1.0	0.5714285714285714	ground,structure,debris,air,item,ward	 - 	 - 	 - 	-	-	_	900	False	normal	_	-	-	-	-	-					_	
custom	e001	earc	Huntress	Trains Huntress	|cffffac00Unit|r / |cffffffffSpawn rate: |r|cffffff0022|rs|n|n|cffffffffAttack |r|cff959697(all)|r|cffffffff: |rPierce (|cffffff00400|r range, |cffffff0027|r dps)|n|cffffffffArmor:|r Light (|cffffff001|r) / |cffffffffHP:|r |cffffff00300|r|n|n|cff80ff00Fleetfooted|r • Attacks that directly target this unit have a |cffffff008|r% chance to do no damage.	nightelf	0	22	0	0	1	0.5	always	 - 	 - 	 - 	0	small	foot	300	16	800	A0CV,A00T	sapper,ward	_	True	pierce	missile	1	1.5	1	1	0	1.0	1.0	1.0	0.6666666666666666	ground,structure,debris,air,item,ward	 - 	 - 	 - 	-	-	_	900	False	normal	_	-	-	-	-	-					_	
custom	e002	ebal	Glaive Thrower	Trains Glaive Thrower	|cffffac00Unit|r / |cffffffffSpawn rate: |r|cffffff0029|rs|n|n|cffffffffAttack |r|cff959697(ground)|r|cffffffff: |rSiege (|cffffff001000|r range, |cffffff0026|r dps)|n|cffffffffArmor:|r Heavy (|cffffff002|r) / |cffffffffHP:|r |cffffff00400|r (|cffffff00+0.5|r/s)|n|n|cff80ff00Bouncing Glaives|r • Attacks hit |cffffff004|r targets, each bounce does |cffffff0030|r% less damage than its predecessor.	nightelf	0	29	0	0	1	0.5	always	 - 	 - 	 - 	2	large	foot	250	16	1200		mechanical,sapper,ward	_	True	siege	mbounce	1000	3.5	1	1	0	1.0	1.0	1.0	0.2857142857142857	ground,structure,debris,wall,item,ward	400	0	0	0	0	ground,structure,debris,wall	1400	False	siege	aline	1050	3.5	1	12	38	39.0	50.0	44.5	12.714285714285714	ground,structure,debris,wall,item,ward,tree	
custom	e003	earc	Ranger	Trains Ranger	|cffffac00Unit|r / |cffffffffSpawn rate: |r|cffffff0032|rs|n|n|cffffffffAttack |r|cff959697(all)|r|cffffffff: |rPierce (|cffffff00425|r range, |cffffff0062|r dps)|n|cffffffffArmor:|r Light (|cffffff003|r) / |cffffffffHP:|r |cffffff00500|r|n|n|cff80ff00Enchanted Bow|r • Attacks hit |cffffff002|r additional targets.|n|n|cff80ff00Fleetfooted|r • Attacks that directly target this unit have a |cffffff0015|r% chance to do no damage.	nightelf	0	32	0	0	1	0.5	always	 - 	 - 	 - 	0	small	foot	300	16	800	A0CV,A03N,A00U	sapper,ward	_	True	pierce	missile	1	99	1	1	0	1.0	1.0	1.0	0.010101010101010102	ground,structure,debris,air,item,ward	 - 	 - 	 - 	-	-	_	1000	False	normal	_	-	-	-	-	-					_	
custom	e004	earc	Amazon	Trains Amazon	|cffffac00Unit|r / |cffffac00Legendary|r / |cffffffffSpawn rate: |r|cffffff0052|rs|n|n|cffffffffAttack |r|cff959697(all)|r|cffffffff: |rPierce (|cffffff00460|r range, |cffffff00100|r dps)|n|cffffffffArmor:|r Light (|cffffff005|r) / |cffffffffHP:|r |cffffff00900|r (|cffffff00+3|r/s)|n|n|cff80ff00Legendary Resistance|r • Spell damage taken is reduced by |cffffff0070|r% and the unit is immune to hex, mind control and instant death.|n|n|cff80ff00Enchanted Bow|r • Attacks hit |cffffff006|r additional targets.|n|n|cff80ff00Fleetfooted|r • Attacks that directly target this unit have a |cffffff0025|r% chance to do no damage.	nightelf	0	52	0	0	1	3	always	 - 	 - 	 - 	0	small	foot	300	16	800	A0CV,A07H,A06V,A070,A0AH,A03O,A03P	sapper,ward	_	True	pierce	missile	1	99	1	1	0	1.0	1.0	1.0	0.010101010101010102	ground,structure,debris,air,item,ward	 - 	 - 	 - 	-	-	_	1100	False	normal	_	-	-	-	-	-					_	
custom	e007	edot	Druid	Trains Druid	|cffffac00Unit|r / |cffffffffSpawn rate: |r|cffffff0024|rs|n|n|cffffffffAttack |r|cff959697(all)|r|cffffffff: |rChaos (|cffffff00375|r range, |cffffff0031|r dps)|n|cffffffffArmor:|r Unarmored (|cffffff001|r) / |cffffffffHP:|r |cffffff00325|r / |cffffffffMP:|r |cffffff00200|r (|cffffff00+0.8|r/s)|n|n|cff80ff00Entangle|r • Roots a ground unit for |cffffff004|r seconds, which stops attacks, movement and does |cffffff0015|r spell damage every second. • Cooldown: |cffffff0014|rs.	nightelf	0	24	0	0	1	0.5	always	200	125	0.8	0	none	foot	285	16	800	A0CV,A07P	sapper,ward	_	True	chaos	missile	1	1.6	1	1	0	1.0	1.0	1.0	0.625	ground,structure,debris,air,item,ward	 - 	 - 	 - 	-	-	_	900	False	normal	_	-	-	-	-	-					_	
custom	e00A	espv	Avatar of Vengeance	Trains Avatar of Vengeance	|cffffac00Unit|r / |cffffffffSpawn rate: |r|cffffff0038|rs|n|n|cffffffffAttack |r|cff959697(ground)|r|cffffffff: |rMagic (|cffffff0050|r range, |cffffff0077|r dps)|n|cffffffffArmor:|r Light (|cffffff008|r) / |cffffffffHP:|r |cffffff00700|r|n|n|cff80ff00Specter|r • Attacks that directly target this unit have a |cffffff0040|r% chance to do no damage and negative effects have reduced duration. |n|n|cff80ff00Cursed Blade|r • Attacks reduce armor by |cffffff007|r for |cffffff001.5|rs. If an enemy is killed, this unit restores |cffffff0020|r% max hp.|n|n|cff80ff00Haunting|r • On death deals |cffffff00350|r chaos damage to the killer.	nightelf	0	38	0	0	1	1.6	always	0	0	0	0	small	foot	340	16	800	A0CV,A07K,A07O,A07B,A07D,A074,A07Y	sapper,ward	_	True	magic	normal	1	99	1	1	0	1.0	1.0	1.0	0.010101010101010102	debris,ground,item,structure,ward	 - 	 - 	 - 	-	-	_	1200	False	normal	_	-	-	-	-	-					_	
custom	e00B	even	Avenging Spirit	Trains Avenging Spirit	|cffffac00Unit|r / |cffffffffSpawn rate: |r|cffffff0026|rs|n|n|cffffffffAttack |r|cff959697(ground)|r|cffffffff: |rMagic (|cffffff00100|r range, |cffffff0037|r dps)|n|cffffffffArmor:|r Light (|cffffff005|r) / |cffffffffHP:|r |cffffff00425|r|n|n|cff80ff00Specter|r • Attacks that directly target this unit have a |cffffff0030|r% chance to do no damage and negative effects have reduced duration. |n|n|cff80ff00Cursed Blade|r • Attacks reduce armor by |cffffff004|r for |cffffff001.5|rs. If an enemy is killed, this unit restores |cffffff0014|r% max hp.	nightelf	0	26	0	0	1	1.6	always	 - 	 - 	 - 	5	small	foot	340	16	800	A0CV,A07K,A07C,A07B,A073	sapper,ward	_	True	magic	normal	1	99	1	1	0	1.0	1.0	1.0	0.010101010101010102	debris,ground,item,structure,ward	 - 	 - 	 - 	-	-	_	1200	False	normal	_	-	-	-	-	-					_	
custom	e00J	edot	Sage Druid	Trains Sage Druid	|cffffac00Unit|r / |cffffffffSpawn rate: |r|cffffff0035|rs|n|n|cffffffffAttack |r|cff959697(all)|r|cffffffff: |rChaos (|cffffff00375|r range, |cffffff0046|r dps)|n|cffffffffArmor:|r Unarmored (|cffffff003|r) / |cffffffffHP:|r |cffffff00550|r (|cffffff00+1|r/s) / |cffffffffMP:|r |cffffff00300|r (|cffffff00+1.2|r/s)|n|n|cff80ff00Entangle|r • Roots |cffffff003|r ground units for |cffffff005|r seconds, which stops attacks, movement and does |cffffff0035|r spell damage every second. • Cooldown: |cffffff0014|rs.	nightelf	0	35	0	0	1	1	always	300	175	1.2	0	none	foot	285	16	800	A0CV,A07R	sapper,ward	_	True	chaos	missile	1	1.6	1	1	0	1.0	1.0	1.0	0.625	ground,structure,debris,air,item,ward	 - 	 - 	 - 	-	-	_	900	False	normal	_	-	-	-	-	-					_	
custom	h00B	hbla	Fountain of Wonders	Build Fountain of Wonders	|cffffac00Production|r / |cffffffffTraining time: |r|cffffff0028|rs|n|n|cffffcc00Faerie Dragon|r|n|cffffffffAttack |r|cff959697(all)|r|cffffffff: |rMagic (|cffffff00350|r range, |cffffff0028|r dps)|n|cffffffffArmor:|r Light (|cffffff002|r) / |cffffffffHP:|r |cffffff00460|r / |cffffffffMP:|r |cffffff00200|r (|cffffff00+1|r/s)|n|n|cff80ff00Heal|r • Restores |cffffff00150|r hp to an ally. |n• Cooldown: |cffffff006|rs. |n|n|cff80ff00Feedback|r • Attacks burn |cffffff0025|r mana and deal an equal amount as spell damage.	nightelf	1	2	260	0	1	0.5	always	28	28	 - 	5	fort	_	-	72	-		Mechanical	PathTextures\4x4SimpleSolid.tga	False	normal	_	-	-	-	-	-					_	 - 	 - 	 - 	-	-	_		False	normal	_	-	-	-	-	-					_	
custom	h00S	hbla	Hunter's Hall	Build Hunter's Hall	|cffffac00Production|r / |cff959697-> Legendary|r / |cffffffffTraining time: |r|cffffff0022|rs|n|n|cffffcc00Huntress|r|n|cffffffffAttack |r|cff959697(all)|r|cffffffff: |rPierce (|cffffff00400|r range, |cffffff0027|r dps)|n|cffffffffArmor:|r Light (|cffffff001|r) / |cffffffffHP:|r |cffffff00300|r|n|n|cff80ff00Fleetfooted|r • Attacks that directly target this unit have a |cffffff008|r% chance to do no damage.	nightelf	1	2	150	0	1200	0.5	always	22	22	 - 	5	fort	_	-	72	-		Mechanical	PathTextures\4x4SimpleSolid.tga	False	normal	_	-	-	-	-	-					_	 - 	 - 	 - 	-	-	_		False	normal	_	-	-	-	-	-					_	
custom	h011	hbla	Nightelf Siege Factory	Build Nightelf Siege Factory	|cffffac00Production|r / |cffffffffTraining time: |r|cffffff0029|rs|n|n|cffffcc00Glaive Thrower|r|n|cffffffffAttack |r|cff959697(ground)|r|cffffffff: |rSiege (|cffffff001000|r range, |cffffff0026|r dps)|n|cffffffffArmor:|r Heavy (|cffffff002|r) / |cffffffffHP:|r |cffffff00400|r (|cffffff00+0.5|r/s)|n|n|cff80ff00Bouncing Glaives|r • Attacks hit |cffffff004|r targets, each bounce does |cffffff0030|r% less damage than its predecessor.	nightelf	1	2	285	0	1	0.5	always	29	29	 - 	5	fort	_	-	72	-		Mechanical	PathTextures\4x4SimpleSolid.tga	False	normal	_	-	-	-	-	-					_	 - 	 - 	 - 	-	-	_		False	normal	_	-	-	-	-	-					_	
custom	h03D	hbla	Ranger's Hall	Upgrade to Ranger's Hall	|cffffac00Production|r / |cff959697-> Legendary|r / |cffffffffTraining time: |r|cffffff0032|rs|n|n|cffffcc00Ranger|r|n|cffffffffAttack |r|cff959697(all)|r|cffffffff: |rPierce (|cffffff00425|r range, |cffffff0062|r dps)|n|cffffffffArmor:|r Light (|cffffff003|r) / |cffffffffHP:|r |cffffff00500|r|n|n|cff80ff00Enchanted Bow|r • Attacks hit |cffffff002|r additional targets.|n|n|cff80ff00Fleetfooted|r • Attacks that directly target this unit have a |cffffff0015|r% chance to do no damage.	nightelf	1	2	200	0	1	0.5	always	32	32	 - 	5	fort	_	-	72	-		Mechanical	PathTextures\4x4SimpleSolid.tga	False	normal	_	-	-	-	-	-					_	 - 	 - 	 - 	-	-	_		False	normal	_	-	-	-	-	-					_	
custom	h03E	hbla	Amazon's Hall	Upgrade to Amazon's Hall	|cffffac00Production|r / |cffffac00Legendary|r / |cffffffffTraining time: |r|cffffff0052|rs|n|n|cffffcc00Amazon|r|n|cffffffffAttack |r|cff959697(all)|r|cffffffff: |rPierce (|cffffff00460|r range, |cffffff00100|r dps)|n|cffffffffArmor:|r Light (|cffffff005|r) / |cffffffffHP:|r |cffffff00900|r (|cffffff00+3|r/s)|n|n|cff80ff00Legendary Resistance|r • Spell damage taken is reduced by |cffffff0070|r% and the unit is immune to hex, mind control and instant death.|n|n|cff80ff00Enchanted Bow|r • Attacks hit |cffffff006|r additional targets.|n|n|cff80ff00Fleetfooted|r • Attacks that directly target this unit have a |cffffff0025|r% chance to do no damage.	nightelf	1	2	400	375	1	4	always	52	52	 - 	5	fort	_	-	72	-	A06V	Mechanical	PathTextures\4x4SimpleSolid.tga	False	normal	_	-	-	-	-	-					_	 - 	 - 	 - 	-	-	_		False	normal	_	-	-	-	-	-					_	
custom	h073	hbla	Elune's Lantern	Build Elune's Lantern	|cffffac00Tower|r|n|nAttack |cff959697(all)|r: Magic (|cffffff00850|r range, |cffffff0087|r dps)|nArmor: Fortified (|cffffff005|r) / HP: |cffffff001500|r (|cffffff00+2|r/s)|n|n|cff80ff00Feedback|r • Attacks burn |cffffff0035|r mana and deal 0-|cffffff0062|r spell damage |cff959697(+1.75 per burned mana)|r.	nightelf	1	20	210	300	1	2	always	 - 	 - 	 - 	5	fort	_	-	72	850	A07E,A07Z,A09A	Mechanical	PathTextures\4x4SimpleSolid.tga	True	magic	missile	850	99	1	1	0	1.0	1.0	1.0	0.010101010101010102	air,enemies,ground	 - 	 - 	 - 	-	-	_	1000	False	normal	_	-	-	-	-	-					_	
custom	h07D	hbla	Moon Altar	Upgrade to Moon Altar	|cffffac00Production|r / |cffffffffTraining time: |r|cffffff0035|rs|n|n|cffffcc00Sage Druid|r|n|cffffffffAttack |r|cff959697(all)|r|cffffffff: |rChaos (|cffffff00375|r range, |cffffff0046|r dps)|n|cffffffffArmor:|r Unarmored (|cffffff003|r) / |cffffffffHP:|r |cffffff00550|r (|cffffff00+1|r/s) / |cffffffffMP:|r |cffffff00300|r (|cffffff00+1.2|r/s)|n|n|cff80ff00Entangle|r • Roots |cffffff003|r ground units for |cffffff005|r seconds, which stops attacks, movement and does |cffffff0035|r spell damage every second. • Cooldown: |cffffff0014|rs.	nightelf	1	2	210	0	1	0.5	always	35	35	 - 	5	fort	_	-	72	-	A07E	Mechanical	PathTextures\4x4SimpleSolid.tga	False	normal	_	-	-	-	-	-					_	 - 	 - 	 - 	-	-	_		False	normal	_	-	-	-	-	-					_	
custom	h07H	hbla	Obelisk of Wilderness	Build Obelisk of Wilderness	|cffffac00Utility|r|n|n|cff80ff00Resistance of the Wilderness|r • Permanently grants an allied unit that doesn't already have it a |cffffff0040|r% chance to reduce incoming attack damage by |cffffff0040|r, and |cffffff0050|r% spell resistance. • Cooldown: |cffffff007|rs.	nightelf	1	2	220	300	1	0.5	always	10	 - 	1	5	fort	_	-	72	25000	A08E,A07E	Mechanical	PathTextures\4x4SimpleSolid.tga	False	normal	_	-	-	-	-	-					_	 - 	 - 	 - 	-	-	_		False	normal	_	-	-	-	-	-					_	
custom	h07I	hbla	Starfall Obelisk	Build Starfall Obelisk	|cffffac00Utility|r / |cffffac00Legendary|r|n|n|cff80ff00Starfall|r • The heavens split open over a random enemy unit, for |cffffff0011|rs all targets in the area take |cffffff0050|r spell damage every second. • Cooldown: |cffffff0030|rs.	nightelf	1	2	650	1350	1200	4	always	33	 - 	1	5	fort	_	-	72	25000	A06V,A07U,A07E	Mechanical	PathTextures\4x4SimpleSolid.tga	False	normal	_	-	-	-	-	-					_	 - 	 - 	 - 	-	-	_		False	normal	_	-	-	-	-	-					_	
custom	h07L	hbla	Guild of Shadows	Upgrade to Guild of Shadows	|cffffac00Production|r / |cffffffffTraining time: |r|cffffff0033|rs|n|n|cffffcc00Royal Assassin|r|n|cffffffffAttack |r|cff959697(ground)|r|cffffffff: |rPierce (|cffffff00100|r range, |cffffff0060|r dps)|n|cffffffffArmor:|r Medium (|cffffff002|r) / |cffffffffHP:|r |cffffff00575|r / |cffffffffMP:|r |cffffff00150|r (|cffffff00+0.7|r/s)|n|n|cff80ff00Feedback|r • Attacks burn |cffffff0060|r mana and deal 0-|cffffff00132|r spell damage |cff959697(+2.2 per burned mana)|r.|n|n|cff80ff00One with the Shadows|r • The unit stays invisible until it finds a target that will die in one hit or has mana to burn. The first hit after decloaking does |cffffff00300|r bonus pierce damage. Even when not hiding, attacks that directly target this unit have a |cffffff0025|r% chance to do no damage.	nightelf	1	2	175	0	1	0.5	always	33	33	 - 	5	fort	_	-	72	-	A07E	Mechanical	PathTextures\4x4SimpleSolid.tga	False	normal	_	-	-	-	-	-					_	 - 	 - 	 - 	-	-	_		False	normal	_	-	-	-	-	-					_	
custom	h07M	hbla	House of Shadows	Build House of Shadows	|cffffac00Production|r / |cffffffffTraining time: |r|cffffff0025|rs|n|n|cffffcc00Assassin|r|n|cffffffffAttack |r|cff959697(ground)|r|cffffffff: |rPierce (|cffffff00100|r range, |cffffff0030|r dps)|n|cffffffffArmor:|r Medium (|cffffff001|r) / |cffffffffHP:|r |cffffff00375|r / |cffffffffMP:|r |cffffff00100|r (|cffffff00+0.7|r/s)|n|n|cff80ff00Feedback|r • Attacks burn |cffffff0040|r mana and deal 0-68 spell damage |cff959697(+1.7 per burned mana)|r.|n|n|cff80ff00One with the Shadows|r • The unit stays invisible until it finds a target that will die in one hit or has mana to burn. The first hit after decloaking does |cffffff00150|r bonus pierce damage. Even when not hiding, attacks that directly target this unit have a |cffffff0015|r% chance to do no damage.	nightelf	1	2	200	0	1	0.5	always	25	25	 - 	5	fort	_	-	72	-	A07E	Mechanical	PathTextures\4x4SimpleSolid.tga	False	normal	_	-	-	-	-	-					_	 - 	 - 	 - 	-	-	_		False	normal	_	-	-	-	-	-					_	
custom	h07N	hbla	Scorched Mansion	Upgrade to Scorched Mansion	|cffffac00Production|r / |cffffffffTraining time: |r|cffffff0038|rs|n|n|cffffcc00Avatar of Vengeance|r|n|cffffffffAttack |r|cff959697(ground)|r|cffffffff: |rMagic (|cffffff0050|r range, |cffffff0077|r dps)|n|cffffffffArmor:|r Light (|cffffff008|r) / |cffffffffHP:|r |cffffff00700|r|n|n|cff80ff00Specter|r • Attacks that directly target this unit have a |cffffff0040|r% chance to do no damage and negative effects have reduced duration. |n|n|cff80ff00Cursed Blade|r • Attacks reduce armor by |cffffff007|r for |cffffff001.5|rs. If an enemy is killed, this unit restores |cffffff0020|r% max hp.|n|n|cff80ff00Haunting|r • On death deals |cffffff00350|r chaos damage to the killer.	nightelf	1	2	240	0	1	0.5	always	38	38	 - 	5	fort	_	-	72	-	A07E	Mechanical	PathTextures\4x4SimpleSolid.tga	False	normal	_	-	-	-	-	-					_	 - 	 - 	 - 	-	-	_		False	normal	_	-	-	-	-	-					_	
custom	h07O	hbla	Pillaged Hut	Build Pillaged Hut	|cffffac00Production|r / |cffffffffTraining time: |r|cffffff0026|rs|n|n|cffffcc00Avenging Spirit|r|n|cffffffffAttack |r|cff959697(ground)|r|cffffffff: |rMagic (|cffffff00100|r range, |cffffff0037|r dps)|n|cffffffffArmor:|r Light (|cffffff005|r) / |cffffffffHP:|r |cffffff00425|r|n|n|cff80ff00Specter|r • Attacks that directly target this unit have a |cffffff0030|r% chance to do no damage and negative effects have reduced duration. |n|n|cff80ff00Cursed Blade|r • Attacks reduce armor by |cffffff004|r for |cffffff001.5|rs. If an enemy is killed, this unit restores |cffffff0014|r% max hp.	nightelf	1	2	230	0	1	0.5	always	26	26	 - 	5	fort	_	-	72	-	A07E	Mechanical	PathTextures\4x4SimpleSolid.tga	False	normal	_	-	-	-	-	-					_	 - 	 - 	 - 	-	-	_		False	normal	_	-	-	-	-	-					_	
custom	h088	hbla	Moon Shrine	Build Moon Shrine	|cffffac00Production|r / |cffffffffTraining time: |r|cffffff0024|rs|n|n|cffffcc00Druid|r|n|cffffffffAttack |r|cff959697(all)|r|cffffffff: |rChaos (|cffffff00375|r range, |cffffff0031|r dps)|n|cffffffffArmor:|r Unarmored (|cffffff001|r) / |cffffffffHP:|r |cffffff00325|r / |cffffffffMP:|r |cffffff00200|r (|cffffff00+0.8|r/s)|n|n|cff80ff00Entangle|r • Roots a ground unit for |cffffff004|r seconds, which stops attacks, movement and does |cffffff0015|r spell damage every second. • Cooldown: |cffffff0014|rs.	nightelf	1	2	190	0	1200	0.5	always	24	24	 - 	5	fort	_	-	72	-	A07E	Mechanical	PathTextures\4x4SimpleSolid.tga	False	normal	_	-	-	-	-	-					_	 - 	 - 	 - 	-	-	_		False	normal	_	-	-	-	-	-					_	
custom	h08P	hbla	Silver Glade	Build Silver Glade	|cffffac00Utility|r|n|n|cff80ff00Elune's Protection|r • Casts a blessing that triggers when any ally takes attack damage. Restores |cffffff00175|r hp, |cffffff0050|r mana, and increases armor by |cffffff006|r for |cffffff006|rs to all units in the area. The effect can be stored multiple times if it's not activated.|n• Cooldown: |cffffff0020|rs.	nightelf	1	2	225	600	1	0.5	always	23	 - 	1	5	fort	_	-	72	25000	A08B,A07E	Mechanical	PathTextures\4x4SimpleSolid.tga	False	normal	_	-	-	-	-	-					_	 - 	 - 	 - 	-	-	_		False	normal	_	-	-	-	-	-					_	
custom	n01Z	nwat	Assassin	Trains Assassin	|cffffac00Unit|r / |cffffffffSpawn rate: |r|cffffff0025|rs|n|n|cffffffffAttack |r|cff959697(ground)|r|cffffffff: |rPierce (|cffffff00100|r range, |cffffff0030|r dps)|n|cffffffffArmor:|r Medium (|cffffff001|r) / |cffffffffHP:|r |cffffff00375|r / |cffffffffMP:|r |cffffff00100|r (|cffffff00+0.7|r/s)|n|n|cff80ff00Feedback|r • Attacks burn |cffffff0040|r mana and deal 0-68 spell damage |cff959697(+1.7 per burned mana)|r.|n|n|cff80ff00One with the Shadows|r • The unit stays invisible until it finds a target that will die in one hit or has mana to burn. The first hit after decloaking does |cffffff00150|r bonus pierce damage. Even when not hiding, attacks that directly target this unit have a |cffffff0015|r% chance to do no damage.	nightelf	0	25	0	0	1	0.5	always	100	70	0.7	1	medium	foot	320	16	800	A03U,A07M,A07K,A00U,A076,A077	sapper,ward	_	True	pierce	normal	100	99	1	1	0	1.0	1.0	1.0	0.010101010101010102	ground,structure,debris,item,ward	 - 	 - 	 - 	-	-	_		False	normal	_	-	-	-	-	-					_	
custom	n020	nssn	Royal Assassin	Trains Royal Assassin	|cffffac00Unit|r / |cffffffffSpawn rate: |r|cffffff0033|rs|n|n|cffffffffAttack |r|cff959697(ground)|r|cffffffff: |rPierce (|cffffff00100|r range, |cffffff0060|r dps)|n|cffffffffArmor:|r Medium (|cffffff002|r) / |cffffffffHP:|r |cffffff00575|r / |cffffffffMP:|r |cffffff00150|r (|cffffff00+0.7|r/s)|n|n|cff80ff00Feedback|r • Attacks burn |cffffff0060|r mana and deal 0-|cffffff00132|r spell damage |cff959697(+2.2 per burned mana)|r.|n|n|cff80ff00One with the Shadows|r • The unit stays invisible until it finds a target that will die in one hit or has mana to burn. The first hit after decloaking does |cffffff00300|r bonus pierce damage. Even when not hiding, attacks that directly target this unit have a |cffffff0025|r% chance to do no damage.	nightelf	0	33	0	0	1	0.5	always	150	135	0.7	2	medium	foot	330	16	800	A03U,A07M,A07K,A03P,A075,A078	sapper,ward	_	True	pierce	normal	1	99	1	1	0	1.0	1.0	1.0	0.010101010101010102	debris,ground,item,structure,ward	 - 	 - 	 - 	-	-	_	900	False	normal	_	-	-	-	-	-					_	
custom	X089	hpea	Night Elf Builder	|cffFFD900Choose Night Elves|r	Night Elfs have split from the Elven Union and fight on their own for their goddess Elune. They are fragile creatures but they know how to evade enemies blows and protect themselves from harmful magic. They have a tower with feedback.	undead	0	15	0	0	220	0.25	always	 - 	 - 	 - 	0	medium	foot	550	1	500	Aeth,A06E,AInv,A005,A001,A08G,Avul	standon,peon	_	False	normal	normal	90	2	1	2	4	5.0	6.0	5.5	2.75	ground,structure,debris,item,ward	 - 	 - 	 - 	-	-	_		False	normal	normal	66	1.1	1	1	0	1.0	1.0	1.0	0.9090909090909091	tree	
custom	h03I	hbla	Azure Nest	Build Azure Nest	|cffffac00Production|r / |cffffffffTraining time: |r|cffffff0029|rs|n|n|cffffcc00Azure Drake|r|n|cffffffffAttack |r|cff959697(all)|r|cffffffff: |rChaos (|cffffff00250|r range, |cffffff0033|r dps)|n|cffffffffArmor:|r Heavy (|cffffff004|r) / |cffffffffHP:|r |cffffff00650|r (|cffffff00+2|r/s)|n|n|cff80ff00Frostfire Breath|r • Attacks splash to nearby targets as chaos damage at |cffffff0060|r% value, all enemies hit have their attack and movement speed reduced by |cffffff0030|r% for |cffffff005|rs.	nightelf	1	2	280	0	1	0.5	always	29	29	 - 	5	fort	_	-	72	-		Mechanical	PathTextures\4x4SimpleSolid.tga	False	normal	_	-	-	-	-	-					_	 - 	 - 	 - 	-	-	_		False	normal	_	-	-	-	-	-					_	
custom	h03J	hbla	Ice Troll Voodoo Lounge	Upgrade to Ice Troll Voodoo Lounge	|cffffac00Production|r / |cffffffffTraining time: |r|cffffff0031|rs|n|n|cffffcc00Ice Troll Witch Doctor|r|n|cffffffffAttack |r|cff959697(all)|r|cffffffff: |rMagic (|cffffff00370|r range, |cffffff0048|r dps)|n|cffffffffArmor:|r Light (|cffffff003|r) / |cffffffffHP:|r |cffffff00650|r (|cffffff00+1|r/s) / |cffffffffMP:|r |cffffff00300|r (|cffffff00+2|r/s)|n|n|cff80ff00Wand of Freezing |r• Attacks have a |cffffff0010|r% chance to cover a unit or a building in ice. The targets cannot move or attack for |cffffff0010|rs and take |cffffff0020|r spell damage every second for the duration.|n|n|cff80ff00Frigid Protection|r • Applies an icy barrier to an ally, which increases armor by |cffffff007|r for |cffffff0045|rs. Melee attackers that hit the shield have their attack and movement speed reduced by |cffffff0030|r% for |cffffff006|rs.|n• Cooldown: |cffffff008|rs.	nightelf	1	2	150	0	1	0.5	always	31	31	 - 	5	fort	_	-	72	-		Mechanical	PathTextures\4x4SimpleSolid.tga	False	normal	_	-	-	-	-	-					_	 - 	 - 	 - 	-	-	_		False	normal	_	-	-	-	-	-					_	
custom	h03K	hbla	Ice Troll Hut	Build Ice Troll Hut	|cffffac00Production|r / |cffffffffTraining time: |r|cffffff0023|rs|n|n|cffffcc00Ice Troll Shadow Priest|r|n|cffffffffAttack |r|cff959697(all)|r|cffffffff: |rMagic (|cffffff00350|r range, |cffffff0027|r dps)|n|cffffffffArmor:|r Light (|cffffff001|r) / |cffffffffHP:|r |cffffff00350|r (|cffffff00+1|r/s) / |cffffffffMP:|r |cffffff00250|r (|cffffff00+1.5|r/s)|n|n|cff80ff00Wand of Freezing |r• Attacks have a |cffffff0010|r% chance to cover a unit or a building in ice. The targets cannot move or attack for |cffffff007|rs and take |cffffff0015|r spell damage every second for the duration.|n|n|cff80ff00Frigid Protection|r • Applies an icy barrier to an ally, which increases armor by |cffffff003.5|r for |cffffff0030|rs. Melee attackers that hit the shield have their attack and movement speed reduced by |cffffff0030|r% for |cffffff004|rs.|n• Cooldown: |cffffff008|rs.	nightelf	1	2	175	0	1200	0.5	always	23	23	 - 	5	fort	_	-	72	-		Mechanical	PathTextures\4x4SimpleSolid.tga	False	normal	_	-	-	-	-	-					_	 - 	 - 	 - 	-	-	_		False	normal	_	-	-	-	-	-					_	
custom	h03L	hbla	Greater Frost Launcher	Upgrade to Greater Frost Launcher	|cffffac00Utility|r|n|n|cff80ff00Hailstone|r • Fires a chunk of enchanted ice at a random enemy building. Ground targets around the impact take |cffffff00100 |rchaos damage and are frozen solid fo |cffffff0012|rs, completely stopping all actions for the duration. • Cooldown: |cffffff0015|rs.	nightelf	1	2	290	575	1200	0.5	always	18	 - 	1	5	fort	_	-	72	25000	A04L	Mechanical	PathTextures\4x4SimpleSolid.tga	False	normal	_	-	-	-	-	-					_	 - 	 - 	 - 	-	-	_		False	normal	_	-	-	-	-	-					_	
custom	h03O	hbla	World Freezer	Build World Freezer	|cffffac00Utility|r / |cffffac00Legendary|r|n|n|cff80ff00Onset of Winter|r • Sends out |cffffff003|r orbs that travel in a straight line and bounce off of horizontal boundries. Each one reduces attack and movement speed of enemies around it by |cffffff0030|r% and picks a random target every |cffffff002|rs. Flying foes takes |cffffff00125|r spell damage and are frozen solid for |cffffff008|rs. Ground adversaries hit cannot move or attack for |cffffff0015|rs and take |cffffff0015|r spell damage every second for the duration. • Cooldown: |cffffff0035|rs.	nightelf	1	2	600	1350	1	4	always	38	 - 	1	5	fort	_	-	72	25000	A06V,A04I	Mechanical	PathTextures\4x4SimpleSolid.tga	False	normal	_	-	-	-	-	-					_	 - 	 - 	 - 	-	-	_		False	normal	_	-	-	-	-	-					_	
custom	h03Q	hbla	Icy Tower	Build Icy Tower	|cffffac00Tower|r|n|nAttack |cff959697(all)|r: Normal (|cffffff00750|r range, |cffffff0083|r dps)|nArmor: Fortified (|cffffff005|r) / HP: |cffffff001500|r (|cffffff00+2|r/s)|n|n|cff80ff00Frostfire Missile|r • Attacks splash to nearby targets as normal damage at |cffffff0050|r% value, all enemies hit have their attack and movement speed reduced by |cffffff0030|r% for |cffffff005|rs.	nightelf	1	20	230	300	1	2	always	 - 	 - 	 - 	5	fort	_	-	72	1000	A03Y,A09A	Mechanical	PathTextures\4x4SimpleSolid.tga	True	normal	msplash	750	99	1	1	0	1.0	1.0	1.0	0.010101010101010102	air,enemies,ground	35	65	120	0.5	0.25	air,enemies,ground	800	False	normal	_	-	-	-	-	-					_	
custom	h03S	hbla	Crystal Palace	Build Crystal Palace	|cffffac00Production|r / |cffffffffTraining time: |r|cffffff0035|rs|n|n|cffffcc00Ice Queen|r|n|cffffffffAttack |r|cff959697(all)|r|cffffffff: |rChaos (|cffffff00450|r range, |cffffff0056|r dps)|n|cffffffffArmor:|r Unarmored (|cffffff004|r) / |cffffffffHP:|r |cffffff00650|r (|cffffff00+1.25|r/s) / |cffffffffMP:|r |cffffff00320|r (|cffffff00+3|r/s)|n|n|cff80ff00Frost Nova|r • Causes an icy explosion on an enemy, which deals |cffffff00150|r spell damage to the main target and |cffffff0075|r to everyone around it. Units hit have their attack and movement speed reduced by |cffffff0030|r% for |cffffff006|rs. • Cooldown: |cffffff0010|rs. |n|n|cff80ff00Wand of Freezing |r• Attacks have a |cffffff0020|r% chance to cover a unit or a building in ice. The targets cannot move or attack for |cffffff0012.5|rs and take |cffffff0030|r spell damage every second for the duration.|n|n|cff80ff00Brilliance|r • Restores |cffffff000.5|r mana every second to allies nearby, until they leave the area.	nightelf	1	2	400	0	1	0.5	always	35	35	 - 	5	fort	_	-	72	-	A07E,A04C,A04B	Mechanical	PathTextures\4x4SimpleSolid.tga	False	normal	_	-	-	-	-	-					_	 - 	 - 	 - 	-	-	_		False	normal	_	-	-	-	-	-					_	
custom	h03T	hbla	Ice Claws	Build Ice Claws	|cffffac00Production|r / |cffffffffTraining time: |r|cffffff0028|rs|n|n|cffffcc00Wandigoo|r|n|cffffffffAttack |r|cff959697(ground)|r|cffffffff: |rPierce (|cffffff00128|r range, |cffffff0046|r dps)|n|cffffffffArmor:|r Medium (|cffffff005|r) / |cffffffffHP:|r |cffffff00800|r (|cffffff00+2|r/s)|n|n|cff80ff00Massive Claws|r • Attacks have a |cffffff0025|r% chance to deal |cffffff0080|r true damage to ground targets around this unit.	nightelf	1	2	275	0	1	0.5	always	28	28	 - 	5	fort	_	-	72	-		Mechanical	PathTextures\4x4SimpleSolid.tga	False	normal	_	-	-	-	-	-					_	 - 	 - 	 - 	-	-	_		False	normal	_	-	-	-	-	-					_	
custom	h03U	hbla	Igloo	Build Igloo	|cffffac00Production|r / |cff959697-> Legendary|r / |cffffffffTraining time: |r|cffffff0023|rs|n|n|cffffcc00Hrimthrusa|r|n|cffffffffAttack |r|cff959697(all)|r|cffffffff: |rPierce (|cffffff00380|r range, |cffffff0033|r dps)|n|cffffffffArmor:|r Heavy (|cffffff002|r) / |cffffffffHP:|r |cffffff00325|r (|cffffff00+0.75|r/s)|n|n|cff80ff00Frigid Javelins |r• Attacks have a |cffffff005|r% chance to cover a unit or a building in ice. The targets cannot move or attack for |cffffff007|rs and take |cffffff0015|r spell damage every second for the duration.	nightelf	1	2	160	0	1200	0.5	always	23	23	 - 	5	fort	_	-	72	-		Mechanical	PathTextures\4x4SimpleSolid.tga	False	normal	_	-	-	-	-	-					_	 - 	 - 	 - 	-	-	_		False	normal	_	-	-	-	-	-					_	
custom	h03W	hbla	Glacier	Upgrade to Glacier	|cffffac00Production|r / |cffffffffTraining time: |r|cffffff0039|rs|n|n|cffffcc00Magnataur|r|n|cffffffffAttack |r|cff959697(ground)|r|cffffffff: |rNormal (|cffffff00128|r range, |cffffff0090|r dps)|n|cffffffffArmor:|r Unarmored (|cffffff008|r) / |cffffffffHP:|r |cffffff001200|r / |cffffffffMP:|r |cffffff00100|r (|cffffff00+1|r/s)|n|n|cff80ff00Trample|r • Stomps on nearby ground enemies, they are stunned for |cffffff003.5|rs and take |cffffff0075 |rspell damage. • Cooldown: |cffffff0012|rs. |n|n|cff80ff00Critical Strike|r • Attacks have a |cffffff0015|r% chance to deal |cffffff00200|r% more damage.|n|n|cff80ff00Sweeping Strikes|r • Attacks splash to nearby targets as normal damage at |cffffff0040|r% value	nightelf	1	2	250	0	1	0.5	always	39	39	 - 	5	fort	_	-	72	-		Mechanical	PathTextures\4x4SimpleSolid.tga	False	normal	_	-	-	-	-	-					_	 - 	 - 	 - 	-	-	_		False	normal	_	-	-	-	-	-					_	
custom	h043	hbla	Frost Claws	Upgrade to Frost Claws	|cffffac00Production|r / |cffffffffTraining time: |r|cffffff0040|rs|n|n|cffffcc00Ancient Wandigoo|r|n|cffffffffAttack |r|cff959697(ground)|r|cffffffff: |rPierce (|cffffff00128|r range, |cffffff0078|r dps)|n|cffffffffArmor:|r Medium (|cffffff007|r) / |cffffffffHP:|r |cffffff001500|r (|cffffff00+2.5|r/s) / |cffffffffMP:|r |cffffff00100|r (|cffffff00+1|r/s)|n|n|cff80ff00Massive Claws|r • Attacks have a |cffffff0030|r% chance to deal |cffffff00140|r true damage to ground targets around this unit.|n|n|cff80ff00Bloodcurdling Howl|r • Wails, all enemies around who were unfortunate enough to hear it have |cffffff004|r less armor and deal |cffffff0030|r% less damage for |cffffff0010|rs. • Cooldown: |cffffff0017|rs.	nightelf	1	2	225	0	1	0.5	always	40	40	 - 	5	fort	_	-	72	-		Mechanical	PathTextures\4x4SimpleSolid.tga	False	normal	_	-	-	-	-	-					_	 - 	 - 	 - 	-	-	_		False	normal	_	-	-	-	-	-					_	
custom	h047	hbla	Chilling Mushroom	Build Chilling Mushroom	|cffffac00Utility|r|n|n|cff80ff00Loaded Snowball|r • Shoots a projectile at a random enemy air unit which does |cffffff00150|r spell damage and stuns the target for |cffffff002.5|rs.|n• Cooldown: |cffffff006|rs.	nightelf	1	2	190	350	1	0.5	always	13	 - 	1	5	fort	_	-	72	25000	A06P	Mechanical	PathTextures\4x4SimpleSolid.tga	False	normal	_	-	-	-	-	-					_	 - 	 - 	 - 	-	-	_		False	normal	_	-	-	-	-	-					_	
custom	h048	hbla	Frost Launcher	Build Frost Launcher	|cffffac00Utility|r|n|n|cff80ff00Hailstone|r • Fires a chunk of enchanted ice at a random enemy building, which does |cffffff0050|r|cffffff00 |rchaos damage and freezes it solid for |cffffff0010|rs, completely stopping all actions for the duration. |n• Cooldown: |cffffff0012|rs.	nightelf	1	2	210	475	1	0.5	always	15	 - 	1	5	fort	_	-	72	25000	A04J	Mechanical	PathTextures\4x4SimpleSolid.tga	False	normal	_	-	-	-	-	-					_	 - 	 - 	 - 	-	-	_		False	normal	_	-	-	-	-	-					_	
custom	h049	hbla	Snowy Rocks	Build Snowy Rocks	|cffffac00Production|r / |cffffffffTraining time: |r|cffffff0020|rs|n|n|cffffcc00Frost Wolf|r|n|cffffffffAttack |r|cff959697(ground)|r|cffffffff: |rNormal (|cffffff00100|r range, |cffffff0020|r dps)|n|cffffffffArmor:|r Unarmored (|cffffff004|r) / |cffffffffHP:|r |cffffff00280|r|n|n|cff80ff00Critical Strike|r • Attacks have a 10% chance to deal 50% more damage	nightelf	1	2	115	0	1200	0.5	always	20	20	 - 	5	fort	_	-	72	-		Mechanical	PathTextures\4x4SimpleSolid.tga	False	normal	_	-	-	-	-	-					_	 - 	 - 	 - 	-	-	_		False	normal	_	-	-	-	-	-					_	
custom	h04F	hbla	Icy Rocks	Upgrade to Icy Rocks	|cffffac00Production|r / |cffffffffTraining time: |r|cffffff0027|rs|n|n|cffffcc00Polar Bear|r|n|cffffffffAttack |r|cff959697(ground)|r|cffffffff: |rNormal (|cffffff00128|r range, |cffffff0043|r dps)|n|cffffffffArmor:|r Unarmored (|cffffff005|r) / |cffffffffHP:|r |cffffff00550|r|n|n|cff80ff00Critical Strike|r • Attacks have a |cffffff0010|r% chance to deal |cffffff00100|r% more damage.|n|n|cff80ff00Sweeping Strikes|r • Attacks splash to nearby targets as normal damage at |cffffff0027|r% value	nightelf	1	2	125	0	1	0.5	always	27	27	 - 	5	fort	_	-	72	-		Mechanical	PathTextures\4x4SimpleSolid.tga	False	normal	_	-	-	-	-	-					_	 - 	 - 	 - 	-	-	_		False	normal	_	-	-	-	-	-					_	
custom	h04G	hmpr	FreezeDummy	Train Priest	Supporting spellcaster. Can initially cast Heal, which increases the life of wounded units. Can also learn Dispel Magic and Inner Fire. |n|n|cffffcc00Attacks land and air units.|r	human	0	28	135	10	1	0.25	always	200	75	0.666666666666667	0	none	fly	270	16	30000	A04F,Aloc,Avul	tauren,ward	_	True	chaos	msplash	1	99	1	1	0	1.0	1.0	1.0	0.010101010101010102	structure,enemy	25	 - 	 - 	-	-	_	1500	False	normal	_	-	-	-	-	-					_	
custom	h04H	hmpr	AdvancedFreezeDummy	Train Priest	Supporting spellcaster. Can initially cast Heal, which increases the life of wounded units. Can also learn Dispel Magic and Inner Fire. |n|n|cffffcc00Attacks land and air units.|r	human	0	28	135	10	1	0.25	always	200	75	0.666666666666667	0	none	fly	270	16	30000	A04K,Aloc,Avul	tauren,ward	_	True	chaos	msplash	1	99	1	1	0	1.0	1.0	1.0	0.010101010101010102	structure,enemy	200	 - 	 - 	-	-	enemies,ground,structure	1500	False	normal	_	-	-	-	-	-					_	
custom	h06L	hbla	Modern Igloo	Upgrade to Modern Igloo	|cffffac00Production|r / |cffffac00Legendary|r / |cffffffffTraining time: |r|cffffff0052|rs|n|n|cffffcc00Angry Hrimthrusa|r|n|cffffffffAttack |r|cff959697(all)|r|cffffffff: |rPierce (|cffffff00400|r range, |cffffff00110|r dps)|n|cffffffffArmor:|r Heavy (|cffffff0010|r) / |cffffffffHP:|r |cffffff001600|r (|cffffff00+1|r/s)|n|n|cff80ff00Legendary Resistance|r • Spell damage taken is reduced by |cffffff0070|r% and the unit is immune to hex, mind control and instant death.|n|n|cff80ff00Enchanted Spears |r • Attacks hit |cffffff002|r additional targets.|n|n|cff80ff00Frigid Javelins |r• Attacks have a |cffffff0010|r% chance to cover a unit or a building in ice. The targets cannot move or attack for |cffffff007|rs and take |cffffff0015|r spell damage every second for the duration.	nightelf	1	2	550	460	1	4	always	52	52	 - 	5	fort	_	-	72	-	A06V	Mechanical	PathTextures\4x4SimpleSolid.tga	False	normal	_	-	-	-	-	-					_	 - 	 - 	 - 	-	-	_		False	normal	_	-	-	-	-	-					_	
custom	h08U	hmpr	FrostOrbDummy	Train Priest	Supporting spellcaster. Can initially cast Heal, which increases the life of wounded units. Can also learn Dispel Magic and Inner Fire. |n|n|cffffcc00Attacks land and air units.|r	nightelf	0	28	135	10	1	0.25	always	200	75	0.666666666666667	0	none	fly	270	16	600	A081,A080,Aloc,Avul	tauren,ward	_	False	magic	missile	600	2	1	2	7	8.0	9.0	8.5	4.25	ground,structure,debris,air,item,ward	 - 	 - 	 - 	-	-	_	900	False	normal	_	-	-	-	-	-					_	
custom	n010	nadk	Azure Drake	Trains Azure Drake	|cffffac00Unit|r / |cffffffffSpawn rate: |r|cffffff0029|rs|n|n|cffffffffAttack |r|cff959697(all)|r|cffffffff: |rChaos (|cffffff00250|r range, |cffffff0033|r dps)|n|cffffffffArmor:|r Heavy (|cffffff004|r) / |cffffffffHP:|r |cffffff00650|r (|cffffff00+2|r/s)|n|n|cff80ff00Frostfire Breath|r • Attacks splash to nearby targets as chaos damage at |cffffff0060|r% value, all enemies hit have their attack and movement speed reduced by |cffffff0030|r% for |cffffff005|rs.	nightelf	0	29	0	0	1	2	always	 - 	 - 	 - 	0	large	fly	350	16	800	A03Y	sapper,ward	_	True	chaos	msplash	1	1.8	1	1	0	1.0	1.0	1.0	0.5555555555555556	air,debris,ground,item,structure,ward	40	125	175	0.6	0.3	air,debris,enemies,ground,item,structure,ward	800	False	pierce	msplash	300	1.8	1	8	40	41.0	48.0	44.5	24.72222222222222	air	
custom	n011	ntka	Hrimthrusa	Trains Hrimthrusa	|cffffac00Unit|r / |cffffffffSpawn rate: |r|cffffff0023|rs|n|n|cffffffffAttack |r|cff959697(all)|r|cffffffff: |rPierce (|cffffff00380|r range, |cffffff0033|r dps)|n|cffffffffArmor:|r Heavy (|cffffff002|r) / |cffffffffHP:|r |cffffff00325|r (|cffffff00+0.75|r/s)|n|n|cff80ff00Frigid Javelins |r• Attacks have a |cffffff005|r% chance to cover a unit or a building in ice. The targets cannot move or attack for |cffffff007|rs and take |cffffff0015|r spell damage every second for the duration.	nightelf	0	23	0	0	1	0.75	always	 - 	 - 	 - 	0	large	foot	300	16	800	A03X	sapper,ward	_	True	pierce	missile	1	99	1	1	0	1.0	1.0	1.0	0.010101010101010102	ground,structure,debris,air,item,ward	 - 	 - 	 - 	-	-	_	900	False	normal	_	-	-	-	-	-					_	
custom	n012	nwen	Wandigoo	Trains Wandigoo	|cffffac00Unit|r / |cffffffffSpawn rate: |r|cffffff0028|rs|n|n|cffffffffAttack |r|cff959697(ground)|r|cffffffff: |rPierce (|cffffff00128|r range, |cffffff0046|r dps)|n|cffffffffArmor:|r Medium (|cffffff005|r) / |cffffffffHP:|r |cffffff00800|r (|cffffff00+2|r/s)|n|n|cff80ff00Massive Claws|r • Attacks have a |cffffff0025|r% chance to deal |cffffff0080|r true damage to ground targets around this unit.	nightelf	0	28	0	0	1	2	always	 - 	 - 	 - 	0	medium	foot	320	16	800	A059	sapper,ward	_	True	pierce	normal	128	99	1	1	0	1.0	1.0	1.0	0.010101010101010102	ground,structure,debris,item,ward	 - 	 - 	 - 	-	-	_		False	normal	_	-	-	-	-	-					_	
custom	n013	nwns	Ancient Wandigoo	Trains Ancient Wandigoo	|cffffac00Unit|r / |cffffffffSpawn rate: |r|cffffff0040|rs|n|n|cffffffffAttack |r|cff959697(ground)|r|cffffffff: |rPierce (|cffffff00128|r range, |cffffff0078|r dps)|n|cffffffffArmor:|r Medium (|cffffff007|r) / |cffffffffHP:|r |cffffff001500|r (|cffffff00+2.5|r/s) / |cffffffffMP:|r |cffffff00100|r (|cffffff00+1|r/s)|n|n|cff80ff00Massive Claws|r • Attacks have a |cffffff0030|r% chance to deal |cffffff00140|r true damage to ground targets around this unit.|n|n|cff80ff00Bloodcurdling Howl|r • Wails, all enemies around who were unfortunate enough to hear it have |cffffff004|r less armor and deal |cffffff0030|r% less damage for |cffffff0010|rs. • Cooldown: |cffffff0017|rs.	nightelf	0	40	0	0	1	2.5	always	100	75	1	0	medium	foot	320	16	800	A05A,A05C	sapper,ward	_	True	pierce	normal	128	99	1	1	0	1.0	1.0	1.0	0.010101010101010102	ground,structure,debris,item,ward	 - 	 - 	 - 	-	-	_		False	normal	_	-	-	-	-	-					_	
custom	n014	nhea	Ice Queen	Trains Ice Queen	|cffffac00Unit|r / |cffffffffSpawn rate: |r|cffffff0035|rs|n|n|cffffffffAttack |r|cff959697(all)|r|cffffffff: |rChaos (|cffffff00450|r range, |cffffff0056|r dps)|n|cffffffffArmor:|r Unarmored (|cffffff004|r) / |cffffffffHP:|r |cffffff00650|r (|cffffff00+1.25|r/s) / |cffffffffMP:|r |cffffff00320|r (|cffffff00+3|r/s)|n|n|cff80ff00Frost Nova|r • Causes an icy explosion on an enemy, which deals |cffffff00150|r spell damage to the main target and |cffffff0075|r to everyone around it. Units hit have their attack and movement speed reduced by |cffffff0030|r% for |cffffff006|rs. • Cooldown: |cffffff0010|rs. |n|n|cff80ff00Wand of Freezing |r• Attacks have a |cffffff0020|r% chance to cover a unit or a building in ice. The targets cannot move or attack for |cffffff0012.5|rs and take |cffffff0030|r spell damage every second for the duration.|n|n|cff80ff00Brilliance|r • Restores |cffffff000.5|r mana every second to allies nearby, until they leave the area.	nightelf	0	35	0	0	1	1.25	always	320	240	3	0	none	foot	290	16	800	A0CV,A04A,A044,A046,A042	sapper,ward	_	True	chaos	missile	1	1.5	1	1	0	1.0	1.0	1.0	0.6666666666666666	ground,structure,debris,air,item,ward	 - 	 - 	 - 	-	-	_	800	False	normal	_	-	-	-	-	-					_	
custom	n015	nitp	Ice Troll Shadow Priest	Trains Ice Troll Shadow Priest	|cffffac00Unit|r / |cffffffffSpawn rate: |r|cffffff0023|rs|n|n|cffffffffAttack |r|cff959697(all)|r|cffffffff: |rMagic (|cffffff00350|r range, |cffffff0027|r dps)|n|cffffffffArmor:|r Light (|cffffff001|r) / |cffffffffHP:|r |cffffff00350|r (|cffffff00+1|r/s) / |cffffffffMP:|r |cffffff00250|r (|cffffff00+1.5|r/s)|n|n|cff80ff00Wand of Freezing |r• Attacks have a |cffffff0010|r% chance to cover a unit or a building in ice. The targets cannot move or attack for |cffffff007|rs and take |cffffff0015|r spell damage every second for the duration.|n|n|cff80ff00Frigid Protection|r • Applies an icy barrier to an ally, which increases armor by |cffffff003.5|r for |cffffff0030|rs. Melee attackers that hit the shield have their attack and movement speed reduced by |cffffff0030|r% for |cffffff004|rs.|n• Cooldown: |cffffff008|rs.	nightelf	0	23	0	0	1	1	always	250	150	1.5	0	small	foot	270	16	800	A0CV,A049,A03Z	sapper,ward	_	True	magic	missile	1	1.8	1	1	0	1.0	1.0	1.0	0.5555555555555556	ground,structure,debris,air,item,ward	 - 	 - 	 - 	-	-	_	1200	False	normal	_	-	-	-	-	-					_	
custom	n016	nmgd	Magnataur	Trains Magnataur	|cffffac00Unit|r / |cffffffffSpawn rate: |r|cffffff0039|rs|n|n|cffffffffAttack |r|cff959697(ground)|r|cffffffff: |rNormal (|cffffff00128|r range, |cffffff0090|r dps)|n|cffffffffArmor:|r Unarmored (|cffffff008|r) / |cffffffffHP:|r |cffffff001200|r / |cffffffffMP:|r |cffffff00100|r (|cffffff00+1|r/s)|n|n|cff80ff00Trample|r • Stomps on nearby ground enemies, they are stunned for |cffffff003.5|rs and take |cffffff0075 |rspell damage. • Cooldown: |cffffff0012|rs. |n|n|cff80ff00Critical Strike|r • Attacks have a |cffffff0015|r% chance to deal |cffffff00200|r% more damage.|n|n|cff80ff00Sweeping Strikes|r • Attacks splash to nearby targets as normal damage at |cffffff0040|r% value	nightelf	0	39	0	0	1	0.5	always	100	75	1	0	none	foot	330	16	800	A05E,A04E,A04D	sapper,ward	_	True	normal	normal	128	1.5	1	1	0	1.0	1.0	1.0	0.6666666666666666	ground,structure,debris,item,ward	 - 	 - 	 - 	-	-	_	1000	False	chaos	missile	0	1.35	1	8	60	61.0	68.0	64.5	47.77777777777777	air	
custom	n017	nwwf	Frost Wolf	Trains Frost Wolf	|cffffac00Unit|r / |cffffffffSpawn rate: |r|cffffff0020|rs|n|n|cffffffffAttack |r|cff959697(ground)|r|cffffffff: |rNormal (|cffffff00100|r range, |cffffff0020|r dps)|n|cffffffffArmor:|r Unarmored (|cffffff004|r) / |cffffffffHP:|r |cffffff00280|r|n|n|cff80ff00Critical Strike|r • Attacks have a 10% chance to deal 50% more damage	nightelf	0	20	0	0	1	0.5	always	 - 	 - 	 - 	0	none	foot	330	16	800	A062	sapper,ward	_	True	normal	normal	100	99	1	1	0	1.0	1.0	1.0	0.010101010101010102	ground,structure,debris,item,ward	 - 	 - 	 - 	-	-	_		False	normal	_	-	-	-	-	-					_	
custom	n018	nplb	Polar Bear	Trains Polar Bear	|cffffac00Unit|r / |cffffffffSpawn rate: |r|cffffff0027|rs|n|n|cffffffffAttack |r|cff959697(ground)|r|cffffffff: |rNormal (|cffffff00128|r range, |cffffff0043|r dps)|n|cffffffffArmor:|r Unarmored (|cffffff005|r) / |cffffffffHP:|r |cffffff00550|r|n|n|cff80ff00Critical Strike|r • Attacks have a |cffffff0010|r% chance to deal |cffffff00100|r% more damage.|n|n|cff80ff00Sweeping Strikes|r • Attacks splash to nearby targets as normal damage at |cffffff0027|r% value	nightelf	0	27	0	0	1	0.5	always	 - 	 - 	 - 	0	none	foot	330	16	800	A063,A00D	sapper,ward	_	True	normal	normal	128	99	1	1	0	1.0	1.0	1.0	0.010101010101010102	ground,structure,debris,item,ward	 - 	 - 	 - 	-	-	_		False	normal	_	-	-	-	-	-					_	
custom	n02I	ntka	Angry Hrimthrusa	Trains Angry Hrimthrusa	|cffffac00Unit|r / |cffffac00Legendary|r / |cffffffffSpawn rate: |r|cffffff0052|rs|n|n|cffffffffAttack |r|cff959697(all)|r|cffffffff: |rPierce (|cffffff00400|r range, |cffffff00110|r dps)|n|cffffffffArmor:|r Heavy (|cffffff0010|r) / |cffffffffHP:|r |cffffff001600|r (|cffffff00+1|r/s)|n|n|cff80ff00Legendary Resistance|r • Spell damage taken is reduced by |cffffff0070|r% and the unit is immune to hex, mind control and instant death.|n|n|cff80ff00Enchanted Spears |r • Attacks hit |cffffff002|r additional targets.|n|n|cff80ff00Frigid Javelins |r• Attacks have a |cffffff0010|r% chance to cover a unit or a building in ice. The targets cannot move or attack for |cffffff007|rs and take |cffffff0015|r spell damage every second for the duration.	nightelf	0	52	0	0	1	1	always	 - 	 - 	 - 	0	large	foot	270	16	800	A0FL,A07H,A06V,A070,A0AH,A0FM	sapper,ward	_	True	pierce	missile	400	99	1	1	0	1.0	1.0	1.0	0.010101010101010102	air,debris,ground,item,structure,ward	 - 	 - 	 - 	-	-	_	900	False	normal	_	-	-	-	-	-					_	
custom	o00A	odoc	Ice Troll Witch Doctor	Trains Ice Troll Witch Doctor	|cffffac00Unit|r / |cffffffffSpawn rate: |r|cffffff0031|rs|n|n|cffffffffAttack |r|cff959697(all)|r|cffffffff: |rMagic (|cffffff00370|r range, |cffffff0048|r dps)|n|cffffffffArmor:|r Light (|cffffff003|r) / |cffffffffHP:|r |cffffff00650|r (|cffffff00+1|r/s) / |cffffffffMP:|r |cffffff00300|r (|cffffff00+2|r/s)|n|n|cff80ff00Wand of Freezing |r• Attacks have a |cffffff0010|r% chance to cover a unit or a building in ice. The targets cannot move or attack for |cffffff0010|rs and take |cffffff0020|r spell damage every second for the duration.|n|n|cff80ff00Frigid Protection|r • Applies an icy barrier to an ally, which increases armor by |cffffff007|r for |cffffff0045|rs. Melee attackers that hit the shield have their attack and movement speed reduced by |cffffff0030|r% for |cffffff006|rs.|n• Cooldown: |cffffff008|rs.	nightelf	0	31	0	0	1	1	always	300	200	2	0	small	foot	270	16	800	A0CV,A03C,A048,A040	sapper,ward	_	True	magic	missile	1	99	1	1	0	1.0	1.0	1.0	0.010101010101010102	ground,structure,debris,air,item,ward	 - 	 - 	 - 	-	-	_	1200	False	normal	_	-	-	-	-	-					_	
custom	X017	hpea	Northern Builder	|cffFFD900Choose Northern Realms|r	The nordic creatures stand united against everyone who wants to invade their beloved icy plains and mountains. They use strong freezing and chilling magic. Nordics can defend their buildings with a chilling splash tower.	undead	0	15	0	0	220	0.25	always	 - 	 - 	 - 	0	medium	foot	550	1	500	Aeth,A06E,AInv,A005,A001,Ahrp,Avul	standon,peon	_	False	normal	normal	90	2	1	2	4	5.0	6.0	5.5	2.75	ground,structure,debris,item,ward	 - 	 - 	 - 	-	-	_		False	normal	normal	66	1.1	1	1	0	1.0	1.0	1.0	0.9090909090909091	tree	
custom	h029	hbla	Fighters' Hall	Build Fighters' Hall	|cffffac00Production|r / |cffffffffTraining time: |r|cffffff0020|rs|n|n|cffffcc00Grunt|r|n|cffffffffAttack |r|cff959697(ground)|r|cffffffff: |rNormal (|cffffff00100|r range, |cffffff0018|r dps)|n|cffffffffArmor:|r Heavy (|cffffff004|r) / |cffffffffHP:|r |cffffff00325|r (|cffffff00+0.5|r/s)	orc	1	2	110	0	1200	0.5	always	20	20	 - 	5	fort	_	-	72	-		Mechanical	PathTextures\4x4SimpleSolid.tga	False	normal	_	-	-	-	-	-					_	 - 	 - 	 - 	-	-	_		False	normal	_	-	-	-	-	-					_	
custom	h02B	hbla	Shamanic Tent	Build Shamanic Tent	|cffffac00Production|r / |cffffffffTraining time: |r|cffffff0023|rs|n|n|cffffcc00Shaman|r|n|cffffffffAttack |r|cff959697(all)|r|cffffffff: |rMagic (|cffffff00350|r range, |cffffff0026|r dps)|n|cffffffffArmor:|r Unarmored (|cffffff001|r) / |cffffffffHP:|r |cffffff00340|r / |cffffffffMP:|r |cffffff00200|r (|cffffff00+0.8|r/s)|n|n|cff80ff00Shaman Buff|r • Gives an ally |cffffff004|r armor, |cffffff003|r hp/s regeneration and |cffffff0020|r% damage for |cffffff0060|rs. |n• Cooldown: |cffffff006|rs.	orc	1	2	170	0	1200	0.5	always	23	23	 - 	5	fort	_	-	72	-		Mechanical	PathTextures\4x4SimpleSolid.tga	False	normal	_	-	-	-	-	-					_	 - 	 - 	 - 	-	-	_		False	normal	_	-	-	-	-	-					_	
custom	h02H	hbla	Troll Hut	Build Troll Hut	|cffffac00Production|r / |cff959697-> Legendary|r / |cffffffffTraining time: |r|cffffff0025|rs|n|n|cffffcc00Troll Berserker|r|n|cffffffffAttack |r|cff959697(all)|r|cffffffff: |rNormal (|cffffff00300|r range, |cffffff0030|r dps)|n|cffffffffArmor:|r Medium (|cffffff003|r) / |cffffffffHP:|r |cffffff00450|r|n|n|cff80ff00Berserk|r • On kill, gains |cffffff00200|r% attack speed, |cffffff0025|r% movement speed and takes |cffffff0010|r% more damage for |cffffff006|rs.	orc	1	2	200	0	1	0.5	always	25	25	 - 	5	fort	_	-	72	-		Mechanical	PathTextures\4x4SimpleSolid.tga	False	normal	_	-	-	-	-	-					_	 - 	 - 	 - 	-	-	_		False	normal	_	-	-	-	-	-					_	
custom	h02I	hbla	Orcish Siege Factory	Build Orcish Siege Factory	|cffffac00Production|r / |cffffffffTraining time: |r|cffffff0034|rs|n|n|cffffcc00Catapult|r|n|cffffffffAttack |r|cff959697(ground)|r|cffffffff: |rSiege (|cffffff001000|r range, |cffffff0027|r dps)|n|cffffffffArmor:|r Medium (|cffffff005|r) / |cffffffffHP:|r |cffffff00475|r (|cffffff00+0.5|r/s)|n|n|cff80ff00Liquid Fire|r • Attacks splash to nearby ground targets as siege damage at |cffffff0070|r% value, then set the area on fire. It does |cffffff0048|r spell damage every second and lasts |cffffff002.5|rs.	orc	1	2	380	0	1	0.5	always	34	34	 - 	5	fort	_	-	72	-		Mechanical	PathTextures\4x4SimpleSolid.tga	False	normal	_	-	-	-	-	-					_	 - 	 - 	 - 	-	-	_		False	normal	_	-	-	-	-	-					_	
custom	h02K	hbla	Kodo Farm	Build Kodo Farm	|cffffac00Production|r / |cffffffffTraining time: |r|cffffff0028|rs|n|n|cffffcc00Kodo|r|n|cffffffffAttack |r|cff959697(ground)|r|cffffffff: |rPierce (|cffffff00100|r range, |cffffff0024|r dps)|n|cffffffffArmor:|r Unarmored (|cffffff006|r) / |cffffffffHP:|r |cffffff001000|r (|cffffff00+1|r/s)	orc	1	2	260	0	1	0.5	always	28	28	 - 	5	fort	_	-	72	-		Mechanical	PathTextures\4x4SimpleSolid.tga	False	normal	_	-	-	-	-	-					_	 - 	 - 	 - 	-	-	_		False	normal	_	-	-	-	-	-					_	
custom	h02N	hbla	Serpent Rock	Build Serpent Rock	|cffffac00Utility|r|n|n|cff80ff00Poison Area|r • Spits poison onto an area, ground targets hit take |cffffff0030|r spell damage every second for |cffffff005|rs and lose |cffffff005|r armor. Additionally their attack and movement speed are reduced by |cffffff0020|r% for the duration. • Cooldown: |cffffff0012|rs.	orc	1	2	270	640	1	0.5	always	15	 - 	1	5	fort	_	-	72	25000	A02O,A02Z	Mechanical	PathTextures\4x4SimpleSolid.tga	False	normal	_	-	-	-	-	-					_	 - 	 - 	 - 	-	-	_		False	normal	_	-	-	-	-	-					_	
custom	h02O	hbla	Legendary Totem	Build Legendary Totem	|cffffac00Utility|r / |cffffac00Legendary|r|n|n|cff80ff00Uncarved|r • Choose one of the three totem types to make this building functional. You can only have one of each category.|n|n|cff80ff00Stasis|r • Stuns all enemy units for |cffffff004|r seconds. |n• Cooldown: |cffffff0040|rs.|n|n|cff80ff00Healing|r • All allied units are healed |cffffff0020|r hp every second, for |cffffff008|r seconds. • Cooldown: |cffffff0040|rs.|n|n|cff80ff00Endurance|r • Allies get a |cffffff0033|r% attack and movement increase for |cffffff006|rs. • Cooldown: |cffffff0040|rs.	orc	1	2	475	1350	1	4	always	 - 	 - 	 - 	5	fort	_	-	72	25000	A06V	Mechanical	PathTextures\4x4SimpleSolid.tga	False	normal	_	-	-	-	-	-					_	 - 	 - 	 - 	-	-	_		False	normal	_	-	-	-	-	-					_	
custom	h02P	hbla	Falcon-Clan Encampment	Build Falcon-Clan Encampment	|cffffac00Production|r / |cffffffffTraining time: |r|cffffff0026|rs|n|n|cffffcc00Wyvern Rider|r|n|cffffffffAttack |r|cff959697(all)|r|cffffffff: |rPierce (|cffffff00430|r range, |cffffff0034|r dps)|n|cffffffffArmor:|r Unarmored (|cffffff002|r) / |cffffffffHP:|r |cffffff00400|r|n|n|cff80ff00Poisoned Spears|r • Attacks poison the enemy for |cffffff003|rs, which deals |cffffff0012|r spell damage every second. Additionally target's attack and movement speed is reduced by |cffffff0025|r% for the duration.	orc	1	2	220	0	1	0.5	always	26	26	 - 	5	fort	_	-	72	-		Mechanical	PathTextures\4x4SimpleSolid.tga	False	normal	_	-	-	-	-	-					_	 - 	 - 	 - 	-	-	_		False	normal	_	-	-	-	-	-					_	
custom	h02R	hbla	Ceremonial Totem	Build Ceremonial Totem	|cffffac00Utility|r|n|n|cff80ff00Tribal Blessing|r • Gives |cfffffc013|r armor, |cfffffc01200|r max hp, |cfffffc0120|r% attack speed, |cfffffc0120|r attack damage and one of the three effects to an allied unit that doesn't already have any. • Cooldown: |cfffffc0110|rs.|n|n|cff80ff00Critical Strike|r • Attacks have a |cffffff0025|r% chance to deal |cffffff00100|r% more damage.|n|n|cff80ff00Evasion|r • Attacks that directly target this unit have a |cffffff0030|r% chance to do no damage.|n|n|cff80ff00Demolish|r • All attacks do |cfffffc0150|r% more damage to buildings.	orc	1	2	250	540	1	0.5	always	11	 - 	1	5	fort	_	-	72	25000	A039	Mechanical	PathTextures\4x4SimpleSolid.tga	False	normal	_	-	-	-	-	-					_	 - 	 - 	 - 	-	-	_		False	normal	_	-	-	-	-	-					_	
custom	h02U	hbla	Advanced Fighters' Hall	Upgrade to Advanced Fighters' Hall	|cffffac00Production|r / |cffffffffTraining time: |r|cffffff0025|rs|n|n|cffffcc00Veteran Grunt|r|n|cffffffffAttack |r|cff959697(ground)|r|cffffffff: |rNormal (|cffffff00100|r range, |cffffff0030|r dps)|n|cffffffffArmor:|r Heavy (|cffffff006|r) / |cffffffffHP:|r |cffffff00575|r (|cffffff00+1|r/s)|n|n|cff80ff00Critical Strike|r • Attacks have a |cffffff0025|r% chance to deal |cffffff00100|r% more damage.	orc	1	2	100	0	1	0.5	always	25	25	 - 	5	fort	_	-	72	-		Mechanical	PathTextures\4x4SimpleSolid.tga	False	normal	_	-	-	-	-	-					_	 - 	 - 	 - 	-	-	_		False	normal	_	-	-	-	-	-					_	
custom	h031	hbla	Superior Fighters' Hall	Upgrade to Superior Fighters' Hall	|cffffac00Production|r / |cffffffffTraining time: |r|cffffff0037|rs|n|n|cffffcc00Axemaster|r|n|cffffffffAttack |r|cff959697(ground)|r|cffffffff: |rNormal (|cffffff00100|r range, |cffffff0070|r dps)|n|cffffffffArmor:|r Heavy (|cffffff0010|r) / |cffffffffHP:|r |cffffff001000|r (|cffffff00+2.25|r/s)|n|n|cff80ff00Critical Strike|r • Attacks have a |cffffff0030|r% chance to deal |cffffff00200|r% more damage.|n|n|cff80ff00Wild Swings|r • Attacks have a |cfffffc0135|r% chance to deal |cfffffc01130|r true damage to ground targets around this unit.	orc	1	2	240	0	1	0.5	always	37	37	 - 	5	fort	_	-	72	-		Mechanical	PathTextures\4x4SimpleSolid.tga	False	normal	_	-	-	-	-	-					_	 - 	 - 	 - 	-	-	_		False	normal	_	-	-	-	-	-					_	
custom	h035	hbla	Melee Kodo Farm	Upgrade to Melee Kodo Farm	|cffffac00Production|r / |cffffffffTraining time: |r|cffffff0033|rs|n|n|cffffcc00Melee Kodo Rider|r|n|cffffffffAttack |r|cff959697(all)|r|cffffffff: |rPierce (|cffffff00200|r range, |cffffff0033|r dps)|n|cffffffffArmor:|r Unarmored (|cffffff007|r) / |cffffffffHP:|r |cffffff001200|r (|cffffff00+1|r/s)|n|n|cff80ff00Aggression|r • Melee allies nearby have their damage increased by |cffffff0030|r% until they leave the area.	orc	1	2	100	0	1	0.5	always	33	33	 - 	5	fort	_	-	72	-	A036	Mechanical	PathTextures\4x4SimpleSolid.tga	False	normal	_	-	-	-	-	-					_	 - 	 - 	 - 	-	-	_		False	normal	_	-	-	-	-	-					_	
custom	h036	hbla	Defensive Kodo Farm	Upgrade to Defensive Kodo Farm	|cffffac00Production|r / |cffffffffTraining time: |r|cffffff0033|rs|n|n|cffffcc00Defensive Kodo Rider|r|n|cffffffffAttack |r|cff959697(all)|r|cffffffff: |rPierce (|cffffff00200|r range, |cffffff0033|r dps)|n|cffffffffArmor:|r Unarmored (|cffffff007|r) / |cffffffffHP:|r |cffffff001200|r (|cffffff00+1|r/s)|n|n|cff80ff00Resilience|r • Allies nearby have their armor increased by |cffffff004|r until they leave the area.	orc	1	2	100	0	1	0.5	always	33	33	 - 	5	fort	_	-	72	-	A037	Mechanical	PathTextures\4x4SimpleSolid.tga	False	normal	_	-	-	-	-	-					_	 - 	 - 	 - 	-	-	_		False	normal	_	-	-	-	-	-					_	
custom	h05E	hbla	Trapper's Hut	Upgrade to Trapper's Hut	|cffffac00Production|r / |cff959697-> Legendary|r / |cffffffffTraining time: |r|cffffff0029|rs|n|n|cffffcc00Troll Trapper|r|n|cffffffffAttack |r|cff959697(all)|r|cffffffff: |rNormal (|cffffff00325|r range, |cffffff0038|r dps)|n|cffffffffArmor:|r Medium (|cffffff004|r) / |cffffffffHP:|r |cffffff00600|r|n|n|cff80ff00Ensnare|r • Throws a net at a flying enemy unit and drags it to the ground. • Cooldown: |cffffff008|rs.|n|n|cff80ff00Berserk|r • On kill, gains |cffffff00200|r% attack speed, |cffffff0025|r% movement speed and takes |cffffff0010|r% more damage for |cffffff006|rs.	orc	1	2	80	0	1	0.5	always	29	29	 - 	5	fort	_	-	72	-		Mechanical	PathTextures\4x4SimpleSolid.tga	False	normal	_	-	-	-	-	-					_	 - 	 - 	 - 	-	-	_		False	normal	_	-	-	-	-	-					_	
custom	h06D	hbla	Forest Trapper's Hole	Upgrade to Forest Trapper's Hole	|cffffac00Production|r / |cffffac00Legendary|r / |cffffffffTraining time: |r|cffffff0052|rs|n|n|cffffcc00Forest Troll Trapper|r|n|cffffffffAttack |r|cff959697(all)|r|cffffffff: |rNormal (|cffffff00550|r range, |cffffff00105|r dps)|n|cffffffffArmor:|r Medium (|cffffff0010|r) / |cffffffffHP:|r |cffffff001600|r (|cffffff00+5|r/s)|n|n|cff80ff00Legendary Resistance|r • Spell damage taken is reduced by |cffffff0070|r% and the unit is immune to hex, mind control and instant death.|n|n|cff80ff00Critical Strike|r • Attacks have a |cffffff0015|r% chance to deal |cffffff00100|r% more damage.|n|n|cff80ff00Ensnare|r • Throws a net at |cffffff005|r flying enemy units and drags them to the ground. • Cooldown: |cffffff008|rs.|n|n|cff80ff00Berserk|r • On kill, gains |cffffff00200|r% attack speed, |cffffff0025|r% movement speed and takes |cffffff0010|r% more damage for |cffffff006|rs.	orc	1	2	450	390	1	4	always	52	52	 - 	5	fort	_	-	72	-	A06V	Mechanical	PathTextures\4x4SimpleSolid.tga	False	normal	_	-	-	-	-	-					_	 - 	 - 	 - 	-	-	_		False	normal	_	-	-	-	-	-					_	
custom	h06I	hbla	Infostealer's Place	Upgrade to Infostealer's Place	|cffffac00Production|r / |cffffffffTraining time: |r|cffffff0032|rs|n|n|cffffcc00Infostealer|r|n|cffffffffAttack |r|cff959697(all)|r|cffffffff: |rMagic (|cffffff00450|r range, |cffffff0060|r dps)|n|cffffffffArmor:|r Light (|cffffff004|r) / |cffffffffHP:|r |cffffff00750|r (|cffffff00+1|r/s) / |cffffffffMP:|r |cffffff00400|r (|cffffff00+1|r/s)|n|n|cff80ff00Voodoo Switch|r • Steals a positive effect to give to an ally or sends a negative effect back to the enemy. • Cooldown: |cffffff0010|rs.	orc	1	2	170	0	1	0.5	always	32	32	 - 	5	fort	_	-	72	-		Mechanical	PathTextures\4x4SimpleSolid.tga	False	normal	_	-	-	-	-	-					_	 - 	 - 	 - 	-	-	_		False	normal	_	-	-	-	-	-					_	
custom	h092	hbla	Spellbreaker Kodo Farm	Upgrade to Spellbreaker Kodo Farm	|cffffac00Production|r / |cffffffffTraining time: |r|cffffff0033|rs|n|n|cffffcc00Spellbreaker Kodo Rider|r|n|cffffffffAttack |r|cff959697(all)|r|cffffffff: |rPierce (|cffffff00200|r range, |cffffff0033|r dps)|n|cffffffffArmor:|r Unarmored (|cffffff007|r) / |cffffffffHP:|r |cffffff001200|r (|cffffff00+1|r/s)|n|n|cff80ff00Thick Hide|r • Spell damage taken is reduced by |cffffff0080|r%.	orc	1	2	100	0	1	0.5	always	33	33	 - 	5	fort	_	-	72	-	A08N	Mechanical	PathTextures\4x4SimpleSolid.tga	False	normal	_	-	-	-	-	-					_	 - 	 - 	 - 	-	-	_		False	normal	_	-	-	-	-	-					_	
custom	n00V	ndtb	Troll Berserker	Trains Troll Berserker	|cffffac00Unit|r / |cffffffffSpawn rate: |r|cffffff0025|rs|n|n|cffffffffAttack |r|cff959697(all)|r|cffffffff: |rNormal (|cffffff00300|r range, |cffffff0030|r dps)|n|cffffffffArmor:|r Medium (|cffffff003|r) / |cffffffffHP:|r |cffffff00450|r|n|n|cff80ff00Berserk|r • On kill, gains |cffffff00200|r% attack speed, |cffffff0025|r% movement speed and takes |cffffff0010|r% more damage for |cffffff006|rs.	orc	0	25	0	0	450	0.5	always	 - 	 - 	 - 	0	medium	foot	270	16	800	A07K,A02I	sapper,ward	_	True	normal	missile	1	99	1	1	0	1.0	1.0	1.0	0.010101010101010102	ground,structure,debris,air,item,ward	 - 	 - 	 - 	-	-	_	900	False	normal	_	-	-	-	-	-					_	
custom	n01O	ndtb	Troll Trapper	Trains Troll Trapper	|cffffac00Unit|r / |cffffffffSpawn rate: |r|cffffff0029|rs|n|n|cffffffffAttack |r|cff959697(all)|r|cffffffff: |rNormal (|cffffff00325|r range, |cffffff0038|r dps)|n|cffffffffArmor:|r Medium (|cffffff004|r) / |cffffffffHP:|r |cffffff00600|r|n|n|cff80ff00Ensnare|r • Throws a net at a flying enemy unit and drags it to the ground. • Cooldown: |cffffff008|rs.|n|n|cff80ff00Berserk|r • On kill, gains |cffffff00200|r% attack speed, |cffffff0025|r% movement speed and takes |cffffff0010|r% more damage for |cffffff006|rs.	orc	0	29	0	0	1	0.5	always	 - 	 - 	 - 	0	medium	foot	270	16	800	A07K,A06I,A02I	sapper,ward	_	True	normal	missile	1	99	1	1	0	1.0	1.0	1.0	0.010101010101010102	ground,structure,debris,air,item,ward	 - 	 - 	 - 	-	-	_	900	False	normal	_	-	-	-	-	-					_	
custom	n02G	ndtb	Forest Troll Trapper	Trains Forest Troll Trapper	|cffffac00Unit|r / |cffffac00Legendary|r / |cffffffffSpawn rate: |r|cffffff0052|rs|n|n|cffffffffAttack |r|cff959697(all)|r|cffffffff: |rNormal (|cffffff00550|r range, |cffffff00105|r dps)|n|cffffffffArmor:|r Medium (|cffffff0010|r) / |cffffffffHP:|r |cffffff001600|r (|cffffff00+5|r/s)|n|n|cff80ff00Legendary Resistance|r • Spell damage taken is reduced by |cffffff0070|r% and the unit is immune to hex, mind control and instant death.|n|n|cff80ff00Critical Strike|r • Attacks have a |cffffff0015|r% chance to deal |cffffff00100|r% more damage.|n|n|cff80ff00Ensnare|r • Throws a net at |cffffff005|r flying enemy units and drags them to the ground. • Cooldown: |cffffff008|rs.|n|n|cff80ff00Berserk|r • On kill, gains |cffffff00200|r% attack speed, |cffffff0025|r% movement speed and takes |cffffff0010|r% more damage for |cffffff006|rs.	orc	0	52	0	0	1	5	always	 - 	 - 	 - 	0	medium	foot	270	16	800	A070,A06V,A07H,A0AH,A0AG,A07K,A0FB,A02I	sapper,ward	_	True	normal	missile	1	99	1	1	0	1.0	1.0	1.0	0.010101010101010102	ground,structure,debris,air,item,ward	 - 	 - 	 - 	-	-	_	900	False	normal	_	-	-	-	-	-					_	
custom	o000	owtw	Anti Air Tower	Build Anti Air Tower	|cffffac00Tower|r|n|nAttack |cff959697(air)|r: Normal (|cffffff00900|r range, |cffffff00225|r dps)|nAttack |cff959697(ground)|r: Normal (|cffffff00600|r range, |cffffff0054|r dps)|nArmor: Fortified (|cffffff005|r) / HP: |cffffff001500|r (|cffffff00+2|r/s)|n|n|cff80ff00Poisoned Spears|r • Attacks poison the enemy for |cffffff004|rs, which deals |cffffff005|r spell damage every second. Additionally target's attack and movement speed is reduced by |cffffff0025|r% for the duration.	orc	1	20	175	300	1	2	always	 - 	 - 	 - 	0	fort	_	-	72	900	A020,A09A	Mechanical	PathTextures\4x4SimpleSolid.tga	True	normal	missile	900	99	1	1	0	1.0	1.0	1.0	0.010101010101010102	air	 - 	 - 	 - 	-	-	_	1600	True	normal	missile	600	99	1	1	0	1.0	1.0	1.0	0.010101010101010102	enemies,ground	
custom	o001	ocat	Catapult	Trains Catapult	|cffffac00Unit|r / |cffffffffSpawn rate: |r|cffffff0034|rs|n|n|cffffffffAttack |r|cff959697(ground)|r|cffffffff: |rSiege (|cffffff001000|r range, |cffffff0027|r dps)|n|cffffffffArmor:|r Medium (|cffffff005|r) / |cffffffffHP:|r |cffffff00475|r (|cffffff00+0.5|r/s)|n|n|cff80ff00Liquid Fire|r • Attacks splash to nearby ground targets as siege damage at |cffffff0070|r% value, then set the area on fire. It does |cffffff0048|r spell damage every second and lasts |cffffff002.5|rs.	orc	0	34	0	0	1	0.5	always	 - 	 - 	 - 	0	medium	foot	220	16	1200	A0CV,A02J	mechanical,sapper,ward	_	True	siege	artillery	1	99	1	1	0	1.0	1.0	1.0	0.010101010101010102	debris,ground,item,structure,tree,wall,ward	60	110	160	0.7	0.35	debris,enemies,ground,structure,tree,wall	900	False	siege	msplash	1000	4.5	1	21	81	82.0	102.0	92.0	20.444444444444443	structure	
custom	o002	ogru	Grunt	Trains Grunt	|cffffac00Unit|r / |cffffffffSpawn rate: |r|cffffff0020|rs|n|n|cffffffffAttack |r|cff959697(ground)|r|cffffffff: |rNormal (|cffffff00100|r range, |cffffff0018|r dps)|n|cffffffffArmor:|r Heavy (|cffffff004|r) / |cffffffffHP:|r |cffffff00325|r (|cffffff00+0.5|r/s)	orc	0	20	0	0	1	0.5	always	 - 	 - 	 - 	0	large	foot	270	16	800		sapper,ward	_	True	normal	normal	100	99	1	1	0	1.0	1.0	1.0	0.010101010101010102	ground,structure,debris,item,ward	 - 	 - 	 - 	-	-	_		False	normal	_	-	-	-	-	-					_	
custom	o003	oshm	Shaman	Trains Shaman	|cffffac00Unit|r / |cffffffffSpawn rate: |r|cffffff0023|rs|n|n|cffffffffAttack |r|cff959697(all)|r|cffffffff: |rMagic (|cffffff00350|r range, |cffffff0026|r dps)|n|cffffffffArmor:|r Unarmored (|cffffff001|r) / |cffffffffHP:|r |cffffff00340|r / |cffffffffMP:|r |cffffff00200|r (|cffffff00+0.8|r/s)|n|n|cff80ff00Shaman Buff|r • Gives an ally |cffffff004|r armor, |cffffff003|r hp/s regeneration and |cffffff0020|r% damage for |cffffff0060|rs. |n• Cooldown: |cffffff006|rs.	orc	0	23	0	0	1	0.25	always	200	120	0.8	0	none	foot	270	16	800	A0CV,A02M	sapper,ward	_	True	magic	missile	1	99	1	1	0	1.0	1.0	1.0	0.010101010101010102	ground,structure,debris,air,item,ward	 - 	 - 	 - 	-	-	_	1000	False	normal	_	-	-	-	-	-					_	
custom	o004	ogru	Veteran Grunt	Trains Veteran Grunt	|cffffac00Unit|r / |cffffffffSpawn rate: |r|cffffff0025|rs|n|n|cffffffffAttack |r|cff959697(ground)|r|cffffffff: |rNormal (|cffffff00100|r range, |cffffff0030|r dps)|n|cffffffffArmor:|r Heavy (|cffffff006|r) / |cffffffffHP:|r |cffffff00575|r (|cffffff00+1|r/s)|n|n|cff80ff00Critical Strike|r • Attacks have a |cffffff0025|r% chance to deal |cffffff00100|r% more damage.	orc	0	25	0	0	1	1	always	 - 	 - 	 - 	0	large	foot	290	16	800	A02V	sapper,ward	_	True	normal	normal	100	99	1	1	0	1.0	1.0	1.0	0.010101010101010102	ground,structure,debris,item,ward	 - 	 - 	 - 	-	-	_		False	normal	_	-	-	-	-	-					_	
custom	o005	ogru	Axemaster	Trains Axemaster	|cffffac00Unit|r / |cffffffffSpawn rate: |r|cffffff0037|rs|n|n|cffffffffAttack |r|cff959697(ground)|r|cffffffff: |rNormal (|cffffff00100|r range, |cffffff0070|r dps)|n|cffffffffArmor:|r Heavy (|cffffff0010|r) / |cffffffffHP:|r |cffffff001000|r (|cffffff00+2.25|r/s)|n|n|cff80ff00Critical Strike|r • Attacks have a |cffffff0030|r% chance to deal |cffffff00200|r% more damage.|n|n|cff80ff00Wild Swings|r • Attacks have a |cfffffc0135|r% chance to deal |cfffffc01130|r true damage to ground targets around this unit.	orc	0	37	0	0	1	2.25	always	 - 	 - 	 - 	0	large	foot	320	16	800	A02W,A02P	sapper,ward	_	True	normal	normal	100	99	1	1	0	1.0	1.0	1.0	0.010101010101010102	ground,structure,debris,item,ward	 - 	 - 	 - 	-	-	_		False	normal	_	-	-	-	-	-					_	
custom	o006	okod	Defensive Kodo Rider	Trains Defensive Kodo Rider	|cffffac00Unit|r / |cffffffffSpawn rate: |r|cffffff0033|rs|n|n|cffffffffAttack |r|cff959697(all)|r|cffffffff: |rPierce (|cffffff00200|r range, |cffffff0033|r dps)|n|cffffffffArmor:|r Unarmored (|cffffff007|r) / |cffffffffHP:|r |cffffff001200|r (|cffffff00+1|r/s)|n|n|cff80ff00Resilience|r • Allies nearby have their armor increased by |cffffff004|r until they leave the area.	orc	0	33	0	0	1	1	always	-	-	 - 	0	small	horse	250	16	800	A034	sapper,ward	_	True	pierce	missile	1	99	1	1	0	1.0	1.0	1.0	0.010101010101010102	ground,structure,debris,air,item,ward	 - 	 - 	 - 	-	-	_	1200	False	normal	_	-	-	-	-	-					_	
custom	o007	okod	Kodo	Trains Kodo	|cffffac00Unit|r / |cffffffffSpawn rate: |r|cffffff0028|rs|n|n|cffffffffAttack |r|cff959697(ground)|r|cffffffff: |rPierce (|cffffff00100|r range, |cffffff0024|r dps)|n|cffffffffArmor:|r Unarmored (|cffffff006|r) / |cffffffffHP:|r |cffffff001000|r (|cffffff00+1|r/s)	orc	0	28	0	0	1000	1	always	-	-	 - 	0	small	horse	250	16	800		sapper,ward	_	True	pierce	normal	1	1.44	1	1	0	1.0	1.0	1.0	0.6944444444444444	debris,ground,item,structure,ward	 - 	 - 	 - 	-	-	_	1200	False	normal	_	-	-	-	-	-					_	
custom	o008	okod	Melee Kodo Rider	Trains Melee Kodo Rider	|cffffac00Unit|r / |cffffffffSpawn rate: |r|cffffff0033|rs|n|n|cffffffffAttack |r|cff959697(all)|r|cffffffff: |rPierce (|cffffff00200|r range, |cffffff0033|r dps)|n|cffffffffArmor:|r Unarmored (|cffffff007|r) / |cffffffffHP:|r |cffffff001200|r (|cffffff00+1|r/s)|n|n|cff80ff00Aggression|r • Melee allies nearby have their damage increased by |cffffff0030|r% until they leave the area.	orc	0	33	0	0	1	1	always	-	-	 - 	0	small	horse	250	16	800	A035	sapper,ward	_	True	pierce	missile	1	99	1	1	0	1.0	1.0	1.0	0.010101010101010102	ground,structure,debris,air,item,ward	 - 	 - 	 - 	-	-	_	1200	False	normal	_	-	-	-	-	-					_	
custom	o009	owyv	Wyvern Rider	Trains Wyvern Rider	|cffffac00Unit|r / |cffffffffSpawn rate: |r|cffffff0026|rs|n|n|cffffffffAttack |r|cff959697(all)|r|cffffffff: |rPierce (|cffffff00430|r range, |cffffff0034|r dps)|n|cffffffffArmor:|r Unarmored (|cffffff002|r) / |cffffffffHP:|r |cffffff00400|r|n|n|cff80ff00Poisoned Spears|r • Attacks poison the enemy for |cffffff003|rs, which deals |cffffff0012|r spell damage every second. Additionally target's attack and movement speed is reduced by |cffffff0025|r% for the duration.	orc	0	26	0	0	1	0.25	always	 - 	 - 	 - 	0	none	fly	330	8	800	A038	sapper,ward	_	True	pierce	missile	1	99	1	1	0	1.0	1.0	1.0	0.010101010101010102	ground,structure,debris,air,item,ward	 - 	 - 	 - 	-	-	_	1200	False	normal	_	-	-	-	-	-					_	
custom	o00B	okod	Spellbreaker Kodo Rider	Trains Spellbreaker Kodo Rider	|cffffac00Unit|r / |cffffffffSpawn rate: |r|cffffff0033|rs|n|n|cffffffffAttack |r|cff959697(all)|r|cffffffff: |rPierce (|cffffff00200|r range, |cffffff0033|r dps)|n|cffffffffArmor:|r Unarmored (|cffffff007|r) / |cffffffffHP:|r |cffffff001200|r (|cffffff00+1|r/s)|n|n|cff80ff00Thick Hide|r • Spell damage taken is reduced by |cffffff0080|r%.	orc	0	33	0	0	1	1	always	-	-	 - 	0	small	horse	250	16	800	A08P,A08O	sapper,ward	_	True	pierce	missile	1	99	1	1	0	1.0	1.0	1.0	0.010101010101010102	ground,structure,debris,air,item,ward	 - 	 - 	 - 	-	-	_	1200	False	normal	_	-	-	-	-	-					_	
custom	o00F	oshm	Infostealer	Trains Infostealer	|cffffac00Unit|r / |cffffffffSpawn rate: |r|cffffff0032|rs|n|n|cffffffffAttack |r|cff959697(all)|r|cffffffff: |rMagic (|cffffff00450|r range, |cffffff0060|r dps)|n|cffffffffArmor:|r Light (|cffffff004|r) / |cffffffffHP:|r |cffffff00750|r (|cffffff00+1|r/s) / |cffffffffMP:|r |cffffff00400|r (|cffffff00+1|r/s)|n|n|cff80ff00Voodoo Switch|r • Steals a positive effect to give to an ally or sends a negative effect back to the enemy. • Cooldown: |cffffff0010|rs.	orc	0	32	0	0	1	1	always	400	200	1	0	small	foot	270	16	800	A0CV,A0A6	sapper,ward	_	True	magic	missile	1	99	1	1	0	1.0	1.0	1.0	0.010101010101010102	ground,structure,debris,air,item,ward	 - 	 - 	 - 	-	-	_	1000	False	normal	_	-	-	-	-	-					_	
custom	X019	hpea	Orc Builder	|cffFFD900Choose the Orcish Horde|r	The Orcish Horde trains tough fighters and supports them with shamanic magic. Their axe masters are feared all over the battlefield. An anti-air tower is available to Orcs.	undead	0	15	0	0	220	0.25	always	 - 	 - 	 - 	0	medium	foot	550	1	500	Aeth,A06E,AInv,A005,A001,Ahrp,Avul	standon,peon	_	False	normal	normal	90	2	1	2	4	5.0	6.0	5.5	2.75	ground,structure,debris,item,ward	 - 	 - 	 - 	-	-	_		False	normal	normal	66	1.1	1	1	0	1.0	1.0	1.0	0.9090909090909091	tree	
custom	o00G	oshm	Blood Shaman	Trains Blood Shaman	|cffffac00Unit|r / |cffffffffSpawn rate: |r|cffffff0033|rs|n|n|cffffffffAttack |r|cff959697(all)|r|cffffffff: |rMagic (|cffffff00380|r range, |cffffff0062|r dps)|n|cffffffffArmor:|r Unarmored (|cffffff003|r) / |cffffffffHP:|r |cffffff00660|r / |cffffffffMP:|r |cffffff00200|r (|cffffff00+0.8|r/s)|n|n|cff80ff00Shaman Buff|r • Gives an ally |cffffff005|r armor, |cffffff008|r hp/s regeneration and |cffffff0040|r% damage for |cffffff0060|rs. |n• Cooldown: |cffffff006|rs.	orc	0	33	0	0	1	0.25	always	200	120	0.8	0	none	foot	270	16	800	A0CV,A0GT	sapper,ward	_	True	magic	missile	1	99	1	1	0	1.0	1.0	1.0	0.010101010101010102	ground,structure,debris,air,item,ward	 - 	 - 	 - 	-	-	_	1000	False	normal	_	-	-	-	-	-					_	
custom	h07Q	hbla	Blood Shaman Tent	Upgrade to Blood Shaman Tent	|cffffac00Production|r / |cffffffffTraining time: |r|cffffff0033|rs|n|n|cffffcc00Blood Shaman|r|n|cffffffffAttack |r|cff959697(all)|r|cffffffff: |rMagic (|cffffff00380|r range, |cffffff0062|r dps)|n|cffffffffArmor:|r Unarmored (|cffffff003|r) / |cffffffffHP:|r |cffffff00660|r / |cffffffffMP:|r |cffffff00200|r (|cffffff00+0.8|r/s)|n|n|cff80ff00Shaman Buff|r • Gives an ally |cffffff005|r armor, |cffffff008|r hp/s regeneration and |cffffff0040|r% damage for |cffffff0060|rs. |n• Cooldown: |cffffff006|rs.	orc	1	2	190	0	1	0.5	always	33	33	 - 	5	fort	_	-	72	-		Mechanical	PathTextures\4x4SimpleSolid.tga	False	normal	_	-	-	-	-	-					_	 - 	 - 	 - 	-	-	_		False	normal	_	-	-	-	-	-					_	
custom	h07X	hbla	Stasis Totem	Build Stasis Totem	|cffffac00Utility|r / |cffffac00Legendary|r|n|n|cff80ff00Stasis|r • Stuns all enemy units for |cffffff004 |rseconds. • Cooldown: |cffffff0040|rs.	orc	1	1	0	0	1	4	always	45	 - 	1	5	fort	_	-	72	25000	A06V,A032	Mechanical	PathTextures\4x4SimpleSolid.tga	False	normal	_	-	-	-	-	-					_	 - 	 - 	 - 	-	-	_		False	normal	_	-	-	-	-	-					_	
custom	h07Y	hbla	Healing Totem	Build Healing Totem	|cffffac00Utility|r / |cffffac00Legendary|r|n|n|cff80ff00Healing|r • Allied units are healed |cffffff0020|r hp every second, for |cffffff008|r seconds. • Cooldown: |cffffff0040|rs.	orc	1	1	0	0	1	4	always	45	 - 	1	5	fort	_	-	72	25000	A06V,A0HT	Mechanical	PathTextures\4x4SimpleSolid.tga	False	normal	_	-	-	-	-	-					_	 - 	 - 	 - 	-	-	_		False	normal	_	-	-	-	-	-					_	
custom	h07Z	hbla	Endurance Totem	Build Endurance Totem	|cffffac00Utility|r / |cffffac00Legendary|r|n|n|cff80ff00Endurance|r • Allies get a |cffffff0033|r% attack and movement increase for |cffffff006|rs. • Cooldown: |cffffff0040|rs.	orc	1	1	0	0	1	4	always	45	 - 	1	5	fort	_	-	72	25000	A06V,A0HS	Mechanical	PathTextures\4x4SimpleSolid.tga	False	normal	_	-	-	-	-	-					_	 - 	 - 	 - 	-	-	_		False	normal	_	-	-	-	-	-					_	
custom	u00G	uloc	Locust Harpy			demon	0	20	0	0	65	0.25	always	-	-	-	0	small	fly	425	8	900	Aloc	undead	_	True	spells	missile	1	1	1	1	0	1.0	1.0	1.0	1.0	air,debris,enemies,ground,structure	 - 	 - 	 - 	-	-	_	1000	False	normal	_	-	-	-	-	-					_	
custom	n03D	npgr	Bamboo Dojo	Build Bamboo Dojo	|cffffac00Production|r / |cffffffffTraining time: |r|cffffff0022|rs|n|n|cffffcc00Sagepaw Monk|r|n|cffffffffAttack |r|cff959697(all)|r|cffffffff: |rMagic (|cffffff00350|r range, |cffffff0018|r dps)|n|cffffffffArmor:|r Unarmored (|cffffff003|r) / |cffffffffHP:|r |cffffff00350|r (|cffffff00+1.5|r/s) / |cffffffffMP:|r |cffffff0080|r (|cffffff00+1|r/s)|n|n|cff80ff00Heal Spray|r • Conjures 3 missiles that heal allies by 40 hitpoints in a 175 range area of effect.	creeps	1	2	145	0	1	2	none	22	22	 - 	0	fort	_	-	72	-	_	Mechanical	PathTextures\4x4SimpleSolid.tga	False	normal	_	-	0	-	-	-					_	 - 	 - 	 - 	-	-	_		False	normal	_	-	-	-	-	-					_	
custom	n03E	nqb1	Sagepaw Monk	Trains Sagepaw Monk	|cffffac00Unit|r / |cffffffffSpawn rate: |r|cffffff0022|rs|n|n|cffffffffAttack |r|cff959697(all)|r|cffffffff: |rMagic (|cffffff00350|r range, |cffffff0018|r dps)|n|cffffffffArmor:|r Unarmored (|cffffff003|r) / |cffffffffHP:|r |cffffff00350|r (|cffffff00+1.5|r/s) / |cffffffffMP:|r |cffffff0080|r (|cffffff00+1|r/s)|n|n|cff80ff00Heal Spray|r • Conjures 3 missiles that heal allies by 40 hitpoints in a 175 range area of effect.	demon	0	22	0	0	1	1.5	always	80	40	1	0	none	foot	280	16	800	A0GN	sapper,ward	_	True	magic	missile	1	99	1	1	0	1.0	1.0	1.0	0.010101010101010102	air,enemies,ground,structure	 - 	 - 	 - 	0.4	0.25	_	900	False	normal	_	-	-	-	-	-					_	
custom	X07P	hpea	Pandaren Builder	|cffFFD900Choose Pandaren Empire|r	Playful, clumsy, and undeniably adorable—yet when threatened, these charming pandas unleash surprising wit and ferocity, swiftly obliterating enemies who underestimate them.	undead	0	15	0	0	220	0.25	always	 - 	 - 	 - 	0	medium	foot	550	1	500	Aeth,A06E,AInv,A005,A001,Ahrp,Avul	standon,peon	_	False	normal	normal	90	2	1	2	4	5.0	6.0	5.5	2.75	ground,structure,debris,item,ward	 - 	 - 	 - 	-	-	_		False	normal	normal	66	1.1	1	1	0	1.0	1.0	1.0	0.9090909090909091	tree	
custom	n03F	npgr	Brew Hut	Build Brew Hut	|cffffac00Production|r / |cffffffffTraining time: |r|cffffff0023|rs|n|n|cffffcc00Ironpaw Militia|r|n|cffffffffAttack |r|cff959697(ground)|r|cffffffff: |rNormal (|cffffff0060|r range, |cffffff0040|r dps)|n|cffffffffArmor:|r Medium (|cffffff004|r) / |cffffffffHP:|r |cffffff00475|r (|cffffff00+1.5|r/s)|n|n|cff80ff00Drunk|r • Being slightly intoxicated, the militia has a 20% change to near-miss attacks dealing only 10% of damage and 10% to evade an attack, but due to numbness from alcohol, it also passively reduces incoming damage by 15.	demon	1	2	190	0	1	2	none	23	23	 - 	0	fort	_	-	72	-	_	Mechanical	PathTextures\4x4SimpleSolid.tga	False	normal	_	-	0	-	-	-					_	 - 	 - 	 - 	-	-	_		False	normal	_	-	-	-	-	-					_	
custom	n03G	nogr	Ironpaw Militia	Trains Ironpaw Militia	|cffffac00Unit|r / |cffffffffSpawn rate: |r|cffffff0023|rs|n|n|cffffffffAttack |r|cff959697(ground)|r|cffffffff: |rNormal (|cffffff0060|r range, |cffffff0040|r dps)|n|cffffffffArmor:|r Medium (|cffffff004|r) / |cffffffffHP:|r |cffffff00475|r (|cffffff00+1.5|r/s)|n|n|cff80ff00Drunk|r • Being slightly intoxicated, the militia has a 20% change to near-miss attacks dealing only 10% of damage and 10% to evade an attack, but due to numbness from alcohol, it also passively reduces incoming damage by 15.	demon	0	23	0	0	1	1.5	always	 - 	 - 	 - 	0	medium	foot	280	16	800	A0G3,A0GS,A0GQ	sapper,ward	_	True	normal	normal	1	99	1	1	0	1.0	1.0	1.0	0.010101010101010102	ground,structure,debris,item,ward	 - 	 - 	 - 	-	-	_		False	normal	_	-	-	-	-	-					_	
custom	n03H	npgr	Temple of the Wandering Spark	Temple of the Wandering Spark	|cffffac00Production|r / |cffffffffTraining time: |r|cffffff0027|rs|n|n|cffffcc00Echofoot Mystic|r|n|cffffffffAttack |r|cff959697(all)|r|cffffffff: |rMagic (|cffffff00180|r range, |cffffff0056|r dps)|n|cffffffffArmor:|r Light (|cffffff002|r) / |cffffffffHP:|r |cffffff00430|r (|cffffff00+2.5|r/s)|n|n|cff80ff00Echo Step|r • When damaged by a unit within 250 range, the Echofoot Mystic blinks towards its own castle, leaving behind an echo of itself. The echo explodes on enemy proximity and deals 150 damage in 300 AoE. • Cooldown: |cffffff0015|rs.	demon	1	2	240	0	1	2	none	27	27	 - 	0	fort	_	-	72	-	_	Mechanical	PathTextures\4x4SimpleSolid.tga	False	normal	_	-	0	-	-	-					_	 - 	 - 	 - 	-	-	_		False	normal	_	-	-	-	-	-					_	
custom	n03I	nqb1	Echofoot Mystic	Trains Echofoot Mystic	|cffffac00Unit|r / |cffffffffSpawn rate: |r|cffffff0027|rs|n|n|cffffffffAttack |r|cff959697(all)|r|cffffffff: |rMagic (|cffffff00180|r range, |cffffff0056|r dps)|n|cffffffffArmor:|r Light (|cffffff002|r) / |cffffffffHP:|r |cffffff00430|r (|cffffff00+2.5|r/s)|n|n|cff80ff00Echo Step|r • When damaged by a unit within 250 range, the Echofoot Mystic blinks towards its own castle, leaving behind an echo of itself. The echo explodes on enemy proximity and deals 150 damage in 300 AoE. • Cooldown: |cffffff0015|rs.	demon	0	27	0	0	1	2.5	always	 - 	 - 	 - 	0	small	foot	270	16	800	A0H4	sapper,ward	_	True	magic	missile	1	99	1	1	0	1.0	1.0	1.0	0.010101010101010102	air,enemies,ground,structure	 - 	 - 	 - 	-	-	_	1100	False	normal	_	-	-	-	-	-					_	
custom	n03J	nogr	Ironpaw Guardian	Trains Ironpaw Guardian	|cffffac00Unit|r / |cffffffffSpawn rate: |r|cffffff0033|rs|n|n|cffffffffAttack |r|cff959697(ground)|r|cffffffff: |rNormal (|cffffff0090|r range, |cffffff0076|r dps)|n|cffffffffArmor:|r Medium (|cffffff006|r) / |cffffffffHP:|r |cffffff00690|r (|cffffff00+1.5|r/s)|n|n|cff80ff00Wasted|r • Being very intoxicated, the guardian has a 30% change to near-miss attacks dealing only 10% of damage and 20% to evade an attack, but due to numbness from alcohol, it also passively reduces incoming damage by 30.|n|n|cff80ff00Whirlwind|r • On attack has 20% chance to trigger Whirlwind attack, dealing 150 damage to all nearby ground enemies within a 160 radius.	demon	0	33	0	0	1	1.5	always	 - 	 - 	 - 	0	medium	foot	280	16	800	A0HG,A0HF,A0H7,A0GQ	sapper,ward	_	True	normal	normal	1	99	1	1	0	1.0	1.0	1.0	0.010101010101010102	ground,structure,debris,item,ward	 - 	 - 	 - 	-	-	_		False	normal	_	-	-	-	-	-					_	
custom	n03K	npgr	Fighting Tavern	Upgrade to Fighting Tavern	|cffffac00Production|r / |cffffffffTraining time: |r|cffffff0033|rs|n|n|cffffcc00Ironpaw Guardian|r|n|cffffffffAttack |r|cff959697(ground)|r|cffffffff: |rNormal (|cffffff0090|r range, |cffffff0076|r dps)|n|cffffffffArmor:|r Medium (|cffffff006|r) / |cffffffffHP:|r |cffffff00690|r (|cffffff00+1.5|r/s)|n|n|cff80ff00Wasted|r • Being very intoxicated, the guardian has a 30% change to near-miss attacks dealing only 10% of damage and 20% to evade an attack, but due to numbness from alcohol, it also passively reduces incoming damage by 30.|n|n|cff80ff00Whirlwind|r • On attack has 20% chance to trigger Whirlwind attack, dealing 150 damage to all nearby ground enemies within a 160 radius.	creeps	1	2	180	0	1	2	none	33	33	 - 	0	fort	_	-	72	-	_	Mechanical	PathTextures\4x4SimpleSolid.tga	False	normal	_	-	0	-	-	-					_	 - 	 - 	 - 	-	-	_		False	normal	_	-	-	-	-	-					_	
custom	n03L	npgr	Jade Shrine	Build Jade Shrine	|cffffac00Production|r / |cffffffffTraining time: |r|cffffff0036|rs|n|n|cffffcc00Jade Elder|r|n|cffffffffAttack |r|cff959697(all)|r|cffffffff: |rNormal (|cffffff00360|r range, |cffffff0065|r dps)|n|cffffffffArmor:|r Heavy (|cffffff006|r) / |cffffffffHP:|r |cffffff00825|r (|cffffff00+3|r/s)|n|n|cff80ff00Bouncing Glaive|r • This unit's attacks can hit up to 4 enemies, dealing 15% less damage on each bounce.|n|n|cff80ff00Zen Field|r • Enemies in 600 range around the Jade Elder are affected by its tranquility. Reduces attackspeed by 20%.	demon	1	2	420	0	1	2	none	36	36	 - 	0	fort	_	-	72	-	_	Mechanical	PathTextures\4x4SimpleSolid.tga	False	normal	_	-	0	-	-	-					_	 - 	 - 	 - 	-	-	_		False	normal	_	-	-	-	-	-					_	
custom	n03M	nqb1	Jade Elder	Trains Jade Elder	|cffffac00Unit|r / |cffffffffSpawn rate: |r|cffffff0036|rs|n|n|cffffffffAttack |r|cff959697(all)|r|cffffffff: |rNormal (|cffffff00360|r range, |cffffff0065|r dps)|n|cffffffffArmor:|r Heavy (|cffffff006|r) / |cffffffffHP:|r |cffffff00825|r (|cffffff00+3|r/s)|n|n|cff80ff00Bouncing Glaive|r • This unit's attacks can hit up to 4 enemies, dealing 15% less damage on each bounce.|n|n|cff80ff00Zen Field|r • Enemies in 600 range around the Jade Elder are affected by its tranquility. Reduces attackspeed by 20%.	demon	0	36	0	0	1	3	always	 - 	 - 	0.75	0	large	foot	280	16	800	A0H2	sapper,ward	_	True	normal	mbounce	1	99	1	1	0	1.0	1.0	1.0	0.010101010101010102	air,debris,ground,item,structure,ward	550	 - 	 - 	-	-	air,debris,ground,item,structure,ward	800	False	normal	_	-	-	-	-	-					_	
custom	h07P	hgtw	Poof Tower	Build Poof Tower	|cffffac00Tower|r|n|nAttack |cff959697(all)|r: Magic (|cffffff00800|r range, |cffffff0051|r dps)|nArmor: Fortified (|cffffff005|r) / HP: |cffffff001250|r (|cffffff00+2|r/s)	demon	1	20	230	300	1	2	always	 - 	 - 	 - 	5	fort	_	-	72	1000	A09A	Mechanical	PathTextures\4x4SimpleSolid.tga	True	magic	msplash	1	99	1	1	0	1.0	1.0	1.0	0.010101010101010102	enemies	175	200	250	0.75	0.45	air,debris,enemies,ground,structure,wall	900	False	normal	_	-	-	-	-	-					_	
custom	o00H	ocat	Brewshock Catapult	Trains Brewshock Catapult	|cffffac00Unit|r / |cffffffffSpawn rate: |r|cffffff0034|rs|n|n|cffffffffAttack |r|cff959697(ground)|r|cffffffff: |rSiege (|cffffff001000|r range, |cffffff0020|r dps)|n|cffffffffArmor:|r Medium (|cffffff006|r) / |cffffffffHP:|r |cffffff00475|r / |cffffffffMP:|r |cffffff0060|r (|cffffff00+1.5|r/s)|n|n|cff80ff00Splash Damage|r • Attacks splash to nearby targets as siege damage at |cffffff0050|r% value.|n|n|cff80ff00Brewshock Overcharge|r • At full mana the next attack is overcharged, dealing 300 bonus damage to enemy units in 300 AoE and using up all mana.|n	critters	0	34	0	0	1	-	always	60	 - 	1.5	0	medium	foot	220	16	1200	A0H9	mechanical,sapper,ward	_	True	siege	artillery	1	99	1	1	0	1.0	1.0	1.0	0.010101010101010102	debris,ground,item,structure,tree,wall,ward	70	120	250	0.5	0.2	debris,enemies,ground,structure,tree,wall	700	False	siege	msplash	1000	4.5	1	21	81	82.0	102.0	92.0	20.444444444444443	structure	
custom	n03N	npgr	Pandaren Siege Workshop	Build Pandaren Siege Workshop	|cffffac00Production|r / |cffffffffTraining time: |r|cffffff0034|rs|n|n|cffffcc00Brewshock Catapult|r|n|cffffffffAttack |r|cff959697(ground)|r|cffffffff: |rSiege (|cffffff001000|r range, |cffffff0020|r dps)|n|cffffffffArmor:|r Medium (|cffffff006|r) / |cffffffffHP:|r |cffffff00475|r / |cffffffffMP:|r |cffffff0060|r (|cffffff00+1.5|r/s)|n|n|cff80ff00Splash Damage|r • Attacks splash to nearby targets as siege damage at |cffffff0050|r% value.|n|n|cff80ff00Brewshock Overcharge|r • At full mana the next attack is overcharged, dealing 300 bonus damage to enemy units in 300 AoE and using up all mana.|n	demon	1	2	360	0	1	2	none	34	34	 - 	0	fort	_	-	72	-	_	Mechanical	PathTextures\4x4SimpleSolid.tga	False	normal	_	-	0	-	-	-					_	 - 	 - 	 - 	-	-	_		False	normal	_	-	-	-	-	-					_	
custom	n03O	nogr	Drunken Brewmaster	Trains Drunken Brewmaster	|cffffac00Unit|r / |cffffac00Legendary|r / |cffffffffSpawn rate: |r|cffffff0052|rs|n|n|cffffffffAttack |r|cff959697(ground)|r|cffffffff: |rHero (|cffffff0060|r range, |cffffff00184|r dps)|n|cffffffffArmor:|r Hero (|cffffff006|r) / |cffffffffHP:|r |cffffff001200|r (|cffffff00+3|r/s)|n|n|cff80ff00Legendary Spell Resistance|r • Spell damage done to this unit is reduced by 70%|n|n|cff80ff00Immune|r • This unit is immune to certain negative effects|n|n|cff80ff00Beyond Smashed|r • Being chronically intoxicated, the brewmaster has a 50% change to near-miss attacks dealing only 10% of damage, but due to numbness from alcohol, it also passively reduces incoming attack damage by 50.|n|n|cff80ff00Free Beer|r • The Brewmaster improves the morality of nearby troops. Allies in 600 AoE gain 20% attack damage.	demon	0	52	0	0	1	3	always	 - 	 - 	 - 	0	hero	foot	220	16	800	A0HF,A0HC,A0HH,A0HA,A070,A06V,A07H,A0AH	sapper,ward	_	True	hero	normal	1	99	1	1	0	1.0	1.0	1.0	0.010101010101010102	ground,structure,debris,item,ward	 - 	 - 	 - 	-	-	_		False	normal	_	-	-	-	-	-					_	
custom	n03P	npgr	Temple of Ten Thousand Drinks	Upgrade to Temple of the Iron Paw	|cffffac00Production|r / |cffffac00Legendary|r / |cffffffffTraining time: |r|cffffff0052|rs|n|n|cffffcc00Drunken Brewmaster|r|n|cffffffffAttack |r|cff959697(ground)|r|cffffffff: |rHero (|cffffff0060|r range, |cffffff00184|r dps)|n|cffffffffArmor:|r Hero (|cffffff006|r) / |cffffffffHP:|r |cffffff001200|r (|cffffff00+3|r/s)|n|n|cff80ff00Legendary Spell Resistance|r • Spell damage done to this unit is reduced by 70%|n|n|cff80ff00Immune|r • This unit is immune to certain negative effects|n|n|cff80ff00Beyond Smashed|r • Being chronically intoxicated, the brewmaster has a 50% change to near-miss attacks dealing only 10% of damage, but due to numbness from alcohol, it also passively reduces incoming attack damage by 50.|n|n|cff80ff00Free Beer|r • The Brewmaster improves the morality of nearby troops. Allies in 600 AoE gain 20% attack damage.	creeps	1	2	400	520	1	2	none	52	52	 - 	0	fort	_	-	72	-	_	Mechanical	PathTextures\4x4SimpleSolid.tga	False	normal	_	-	0	-	-	-					_	 - 	 - 	 - 	-	-	_		False	normal	_	-	-	-	-	-					_	
custom	h07R	hhou	Thunderpaw Spire	Build Thunderpaw Spire	|cffffac00Utility|r|n|n|cff80ff00Call of Thunder|r • After this spell has been cast, the next time an allied melee unit damages an enemy with an attack (not spell), the damage instance is amplified by up to 200% and dealt around the target by a lightning strike. Deals at least 75 and up to 300 damage. Half damage to air units. • Cooldown: |cffffff0015|rs.	demon	1	2	260	550	1	0.5	always	20	1	1	5	fort	_	-	72	25000	A0GW	Mechanical	PathTextures\4x4SimpleSolid.tga	False	normal	_	-	-	-	-	-					_	 - 	 - 	 - 	-	-	_		False	normal	_	-	-	-	-	-					_	
custom	n03Q	npgr	Cloud Hangar	Build Cloud Hangar	|cffffac00Production|r / |cffffffffTraining time: |r|cffffff0034|rs|n|n|cffffcc00Cloud Ship|r|n|cffffffffAttack |r|cff959697(all)|r|cffffffff: |rMagic (|cffffff00530|r range, |cffffff0043|r dps)|n|cffffffffArmor:|r Medium (|cffffff007|r) / |cffffffffHP:|r |cffffff00520|r|n|n|cff80ff00Multi Shot|r • Shoots at 3 targets simultaneously|n|n|cff80ff00Spell Resistance|r • Takes 45% less damage from spells.	demon	1	2	380	0	1	2	none	34	34	 - 	0	fort	_	-	72	-	_	Mechanical	PathTextures\4x4SimpleSolid.tga	False	normal	_	-	0	-	-	-					_	 - 	 - 	 - 	-	-	_		False	normal	_	-	-	-	-	-					_	
custom	h07S	hgry	Cloud Ship	Trains Cloud Ship	|cffffac00Unit|r / |cffffffffSpawn rate: |r|cffffff0034|rs|n|n|cffffffffAttack |r|cff959697(all)|r|cffffffff: |rMagic (|cffffff00530|r range, |cffffff0043|r dps)|n|cffffffffArmor:|r Medium (|cffffff007|r) / |cffffffffHP:|r |cffffff00520|r|n|n|cff80ff00Multi Shot|r • Shoots at 3 targets simultaneously|n|n|cff80ff00Spell Resistance|r • Takes 45% less damage from spells.	critters	0	34	0	0	1	0	always	 - 	 - 	 - 	0	medium	fly	300	8	800	A0GV,A0GZ	Mechanical,sapper,ward	_	True	magic	missile	1	99	1	1	0	1.0	1.0	1.0	0.010101010101010102	air,debris,ground,item,structure,ward	 - 	 - 	 - 	-	-	ground,structure,enemy,debris	1200	False	pierce	missile	450	2.4	1	11	44	45.0	55.0	50.0	20.833333333333336	air	
custom	h07T	hhou	Withering Hall	Withering Hall	|cffffac00Utility|r|n|n|cff80ff00Withering Touch|r • Sends a bolt of negative energy that burns up to 200 points of a target enemy unit's mana. The mana combusts, dealing damage equal to the twice amount of mana burned. Prioritizes units, which have more than 100 points of mana. • Cooldown: |cffffff0013|rs.	demon	1	2	210	400	1	0.5	always	15	1	1	5	fort	_	-	72	25000	A0H6	Mechanical	PathTextures\4x4SimpleSolid.tga	False	normal	_	-	-	-	-	-					_	 - 	 - 	 - 	-	-	_		False	normal	_	-	-	-	-	-					_	
custom	h07V	hgtw	Celestial Chi Tower	Build Celestial Chi Tower	|cffffac00Tower|r / |cffffac00Legendary|r|n|nAttack |cff959697(all)|r: Chaos (|cffffff0020000|r range, |cffffff0035|r dps)|nArmor: Fortified (|cffffff0015|r) / HP: |cffffff002400|r (|cffffff00+2|r/s)	demon	1	2	475	1250	1	2	always	 - 	 - 	 - 	0	fort	_	-	72	20000	A09A	Mechanical	PathTextures\4x4SimpleSolid.tga	True	chaos	artillery	1	99	1	1	0	1.0	1.0	1.0	0.010101010101010102	air,enemies,ground	250	325	375	0.75	0.4	debris,enemies,ground,wall	1000	False	normal	_	-	-	-	-	-					_	
custom	n03R	nglm	Echo Remnant			critters	0	1	0	0	100	-	none	 - 	 - 	 - 	0	medium		-	0	-	Aloc,A0HD	standon,ward	_	False	normal	_	-	-	-	-	-					_	 - 	 - 	 - 	-	-	_		False	normal	_	-	-	-	-	-					_	
custom	n03S	npgr	Sagepaw Sanctum	Upgrade to Sagepaw Sanctum	|cffffac00Production|r / |cffffffffTraining time: |r|cffffff0031|rs|n|n|cffffcc00Sagepaw Soulkeeper|r|n|cffffffffAttack |r|cff959697(all)|r|cffffffff: |rMagic (|cffffff00350|r range, |cffffff0052|r dps)|n|cffffffffArmor:|r Unarmored (|cffffff005|r) / |cffffffffHP:|r |cffffff00550|r (|cffffff00+4.5|r/s) / |cffffffffMP:|r |cffffff00100|r (|cffffff00+1.75|r/s)|n|n|cff80ff00Heal Spray|r • Conjures 4 missiles that heal allies by 85 hitpoints in a 175 range area of effect.	creeps	1	2	170	0	1	2	none	31	31	 - 	0	fort	_	-	72	-	_	Mechanical	PathTextures\4x4SimpleSolid.tga	False	normal	_	-	0	-	-	-					_	 - 	 - 	 - 	-	-	_		False	normal	_	-	-	-	-	-					_	
custom	n03T	nqb1	Sagepaw Soulkeeper	Trains Sagepaw Soulkeeper	|cffffac00Unit|r / |cffffffffSpawn rate: |r|cffffff0031|rs|n|n|cffffffffAttack |r|cff959697(all)|r|cffffffff: |rMagic (|cffffff00350|r range, |cffffff0052|r dps)|n|cffffffffArmor:|r Unarmored (|cffffff005|r) / |cffffffffHP:|r |cffffff00550|r (|cffffff00+4.5|r/s) / |cffffffffMP:|r |cffffff00100|r (|cffffff00+1.75|r/s)|n|n|cff80ff00Heal Spray|r • Conjures 4 missiles that heal allies by 85 hitpoints in a 175 range area of effect.	demon	0	31	0	0	1	4.5	always	100	60	1.75	0	none	foot	280	16	800	A0GN	sapper,ward	_	True	magic	missile	1	99	1	1	0	1.0	1.0	1.0	0.010101010101010102	air,enemies,ground,structure	 - 	 - 	 - 	0.4	0.25	_	900	False	normal	_	-	-	-	-	-					_	
custom	e008	ewsp	dummy		http://wc3campaigns.net/vexorian	commoner	0	14	60	0	120	0.5	night	1000	1000	 - 	0	divine	fly	0	0	-	Avul,Aloc,Aeth	giant,tauren,ward	_	False	normal	_	-	-	-	-	-					_	 - 	 - 	 - 	-	-	_		False	normal	_	-	-	-	-	-					_	
custom	e00M	ewsp	PROGR dummy			commoner	0	14	0	0	1	0	none	-	-	 - 	0	divine	fly	1	0	-	Avul,Aloc	_	_	False	normal	_	-	-	-	-	-					_	 - 	 - 	 - 	-	-	_		False	normal	_	-	-	-	-	-					_	
custom	h008	hbla	Treasure Box	Build Treasure Box	|cffffac00Utility|r|n|n|cff80ff00Compounding Interest|r • Increases your income by |cffffff0025|r%. Every Treasure Box after the first one gives |cffffff0015|r% less than its predecessor.	human	1	1	350	500	1	0.5	always	 - 	 - 	 - 	5	fort	_	-	72	-		Mechanical	PathTextures\4x4SimpleSolid.tga	False	normal	_	-	-	-	-	-					_	 - 	 - 	 - 	-	-	_		False	normal	_	-	-	-	-	-					_	
custom	h00C	hpea	Human Builder	|cffFFD900Choose Human Alliance|r	Humans use many cheap units to overrun the enemy. They can use artillery to demolish the enemy base without having to attack it directly. This race has a basic defense tower.	undead	0	15	0	0	220	0.25	always	 - 	 - 	 - 	0	medium	foot	550	1	500	Aeth,A06E,AInv,A005,A001,Ahrp,Avul	standon,peon	_	False	normal	normal	90	2	1	2	4	5.0	6.0	5.5	2.75	ground,structure,debris,item,ward	 - 	 - 	 - 	-	-	_		False	normal	normal	66	1.1	1	1	0	1.0	1.0	1.0	0.9090909090909091	tree	
custom	h00D	hmpr	Dummy	Train Priest	Supporting spellcaster. Can initially cast Heal, which increases the life of wounded units. Can also learn Dispel Magic and Inner Fire. |n|n|cffffcc00Attacks land and air units.|r	human	0	28	135	10	1	0.25	always	200	75	0.666666666666667	0	none	fly	270	16	600	Aloc,Avul	tauren,ward	_	False	magic	missile	600	2	1	2	7	8.0	9.0	8.5	4.25	ground,structure,debris,air,item,ward	 - 	 - 	 - 	-	-	_	900	False	normal	_	-	-	-	-	-					_	
custom	h00E	hpea	Naga Builder	|cffFFD900Choose Naga Faction|r	The Nagas have above average powerful units with a high hitpoint regeneration. In addition many expensive special buildings are available to them. But note that this race has NO TOWERS!	undead	0	15	0	0	220	0.25	always	 - 	 - 	 - 	0	medium	foot	550	1	500	Aeth,A06E,A005,A001,Ahrp,Avul,AInv	standon,peon	_	False	normal	normal	90	2	1	2	4	5.0	6.0	5.5	2.75	ground,structure,debris,item,ward	 - 	 - 	 - 	-	-	_		False	normal	normal	66	1.1	1	1	0	1.0	1.0	1.0	0.9090909090909091	tree	
custom	h00L	hhou	Flower of life	Build Farm	Provides food, which increases the maximum number of units that can be trained.	creeps	1	35	80	20	500	-	none	 - 	 - 	 - 	5	fort	_	-	0	-	Avul	Mechanical		False	normal	_	-	-	-	-	-					_	 - 	 - 	 - 	-	-	_		False	normal	_	-	-	-	-	-					_	
custom	h00O	hpea	Chaos Builder	|cffFFFF00Choose Chaos Legion|r	The Forces of Chaos summon horrible demons and use destructive magic to defeat their enemies. Chaos has no siege unit, but many strong units with chaos damage. Chaos has NO TOWER!	undead	0	15	0	0	220	0.25	always	 - 	 - 	 - 	0	medium	foot	550	1	500	Aeth,A06E,AInv,A005,A001,Ahrp,Avul	standon,peon	_	False	normal	normal	90	2	1	2	4	5.0	6.0	5.5	2.75	ground,structure,debris,item,ward	 - 	 - 	 - 	-	-	_		False	normal	normal	66	1.1	1	1	0	1.0	1.0	1.0	0.9090909090909091	tree	
custom	h00P	hpea	Elf Builder	|cffFFD900Choose the Elven Union|r	The elven races have gathered to defend their realms. Elves use strong magic to weaken enemies and aid friendly units. They've got a pretty good siege weapon and a low ranged tower with multishot.	undead	0	15	0	0	220	0.25	always	 - 	 - 	 - 	0	medium	foot	550	1	500	Aeth,A06E,AInv,A005,A001,Ahrp,Avul	standon,peon	_	False	normal	normal	90	2	1	2	4	5.0	6.0	5.5	2.75	ground,structure,debris,item,ward	 - 	 - 	 - 	-	-	_		False	normal	normal	66	1.1	1	1	0	1.0	1.0	1.0	0.9090909090909091	tree	
custom	h017	hpea	Northern Builder	|cffFFD900Choose Northern Realms|r	The nordic creatures stand united against everyone who wants to invade their beloved icy plains and mountains. They use strong freezing and chilling magic. Nordics can defend their buildings with a chilling splash tower.	undead	0	15	0	0	220	0.25	always	 - 	 - 	 - 	0	medium	foot	550	1	500	Aeth,A06E,AInv,A005,A001,Ahrp,Avul	standon,peon	_	False	normal	normal	90	2	1	2	4	5.0	6.0	5.5	2.75	ground,structure,debris,item,ward	 - 	 - 	 - 	-	-	_		False	normal	normal	66	1.1	1	1	0	1.0	1.0	1.0	0.9090909090909091	tree	
custom	h018	hpea	Undead Builder	|cffFFD900Choose the Undead Forces|r	Undead Forces use necromantic magic to reanimate dead units. They bring death and disease to their enemies. An undead builder is able to construct a spirit tower to defend your base.	undead	0	15	0	0	220	0.25	always	 - 	 - 	 - 	0	medium	foot	550	1	500	Aeth,A06E,AInv,A005,A001,Ahrp,Avul	standon,peon	_	False	normal	normal	90	2	1	2	4	5.0	6.0	5.5	2.75	ground,structure,debris,item,ward	 - 	 - 	 - 	-	-	_		False	normal	normal	66	1.1	1	1	0	1.0	1.0	1.0	0.9090909090909091	tree	
custom	h019	hpea	Orc Builder	|cffFFD900Choose the Orcish Horde|r	The Orcish Horde trains tough fighters and supports them with shamanic magic. Their axe masters are feared all over the battlefield. An anti-air tower is available to Orcs.	undead	0	15	0	0	220	0.25	always	 - 	 - 	 - 	0	medium	foot	550	1	500	Aeth,A06E,AInv,A005,A001,Ahrp,Avul	standon,peon	_	False	normal	normal	90	2	1	2	4	5.0	6.0	5.5	2.75	ground,structure,debris,item,ward	 - 	 - 	 - 	-	-	_		False	normal	normal	66	1.1	1	1	0	1.0	1.0	1.0	0.9090909090909091	tree	
custom	h01A	hpea	Nature Builder	|cffFFD900Choose Nature Force|r	The forces of Nature itself are called to fight for their masters. Specializing in strong units and healing buffs, the Nature Race is slightly more expensive but better than the average race.	undead	0	15	0	0	220	0.25	always	 - 	 - 	 - 	0	medium	foot	550	1	500	A06E,Aeth,AInv,A005,A001,Ahrp,Avul	standon,peon	_	False	normal	normal	90	2	1	2	4	5.0	6.0	5.5	2.75	ground,structure,debris,item,ward	 - 	 - 	 - 	-	-	_		False	normal	normal	66	1.1	1	1	0	1.0	1.0	1.0	0.9090909090909091	tree	
custom	h01G	hmpr	DemolishDummy	Train Priest	Supporting spellcaster. Can initially cast Heal, which increases the life of wounded units. Can also learn Dispel Magic and Inner Fire. |n|n|cffffcc00Attacks land and air units.|r	human	0	28	135	10	1	0.25	always	200	75	0.666666666666667	0	none	foot	270	16	600	Aloc,Avul	tauren,ward	_	False	magic	missile	600	2	1	2	7	8.0	9.0	8.5	4.25	ground,structure,debris,air,item,ward	 - 	 - 	 - 	-	-	_	900	False	normal	_	-	-	-	-	-					_	
custom	h01V	hfoo	Lesser Vampire	Train Footman	Weak melee unit.	undead	0	25	0	0	1	1	always	 - 	 - 	 - 	2	hero	foot	270	16	800		sapper,undead,ward	_	True	pierce	normal	1	1.35	1	1	0	1.0	1.0	1.0	0.7407407407407407	debris,ground,item,structure,ward	 - 	 - 	 - 	-	-	_		False	normal	_	-	-	-	-	-					_	
custom	h02E	hbla	Spider Egg Sack: Web			human	1	1	0	0	1	1000	always	 - 	 - 	 - 	5	fort	fly	-	0	-	Avul,Aloc			False	normal	_	-	-	-	-	-					_	 - 	 - 	 - 	-	-	_		False	normal	_	-	-	-	-	-					_	
custom	h02F	hbla	Spider Egg Nest: Bones			human	1	1	0	0	1	1000	always	 - 	 - 	 - 	5	fort	_	-	0	-	Avul,Aloc			False	normal	_	-	-	-	-	-					_	 - 	 - 	 - 	-	-	_		False	normal	_	-	-	-	-	-					_	
custom	h02G	hbla	Spider Egg Nest: Wood			human	1	1	0	0	1	1000	always	 - 	 - 	 - 	5	fort	_	-	0	-	Avul,Aloc			False	normal	_	-	-	-	-	-					_	 - 	 - 	 - 	-	-	_		False	normal	_	-	-	-	-	-					_	
custom	h02J	hbla	Spider Egg: Rock Base			human	1	1	0	0	1	1000	always	 - 	 - 	 - 	5	fort	_	-	0	-	Avul,Aloc			False	normal	_	-	-	-	-	-					_	 - 	 - 	 - 	-	-	_		False	normal	_	-	-	-	-	-					_	
custom	h02L	hbla	Ancient of Hibernation: Roots			human	1	1	0	0	1	1000	always	 - 	 - 	 - 	5	fort	_	-	0	-	Avul,Aloc			False	normal	_	-	-	-	-	-					_	 - 	 - 	 - 	-	-	_		False	normal	_	-	-	-	-	-					_	
custom	h02M	hbla	Ancient of Hibernation: Owl			human	1	1	0	0	1	1000	always	 - 	 - 	 - 	5	fort	fly	-	0	-	Avul,Aloc			False	normal	_	-	-	-	-	-					_	 - 	 - 	 - 	-	-	_		False	normal	_	-	-	-	-	-					_	
custom	h02Q	hbla	Furbolg Hut			human	1	1	0	0	1	1000	always	 - 	 - 	 - 	5	fort	_	-	0	-	Avul,Aloc			False	normal	_	-	-	-	-	-					_	 - 	 - 	 - 	-	-	_		False	normal	_	-	-	-	-	-					_	
custom	h02S	hbla	Monolith: Bush			human	1	1	0	0	1	1000	always	 - 	 - 	 - 	5	fort	_	-	0	-	Avul,Aloc			False	normal	_	-	-	-	-	-					_	 - 	 - 	 - 	-	-	_		False	normal	_	-	-	-	-	-					_	
custom	h02T	hbla	Monolith: Rocks			human	1	1	0	0	1	1000	always	 - 	 - 	 - 	5	fort	_	-	0	-	Avul,Aloc			False	normal	_	-	-	-	-	-					_	 - 	 - 	 - 	-	-	_		False	normal	_	-	-	-	-	-					_	
custom	h02V	hbla	Blacksmith			human	1	1	0	0	1	1000	always	 - 	 - 	 - 	5	fort	_	-	0	-	Avul,Aloc			False	normal	_	-	-	-	-	-					_	 - 	 - 	 - 	-	-	_		False	normal	_	-	-	-	-	-					_	
custom	h030	hwat	Greater Elemental Of Fire	Trains Greater Fire Elemental	|cffffac00Unit|r / |cffffac00Legendary|r / |cffffffffSpawn rate: |r|cffffff0035|rs|n|n|cffffffffAttack |r|cff959697(all)|r|cffffffff: |rChaos (|cffffff00450|r range, |cffffff0048|r dps)|n|cffffffffArmor:|r Heavy (|cffffff007|r) / |cffffffffHP:|r |cffffff00900|r (|cffffff00+1|r/s)|n|n|cff80ff00Split|r • After |cfffffc0115|r attacks this unit splits into 2 identical copies.|n|n|cff80ff00Fire Breath|r • Attacks have a |cfffffc0120|r% chance to cast Fire Breath which does |cfffffc0195|r spell damage to all enemy units in a cone in front of the unit.	human	0	35	0	0	1	1	always	 - 	 - 	 - 	0	large	foot	260	16	800	A0F5,A0E0,A0CM	sapper,ward	_	True	chaos	missile	1	99	1	1	0	1.0	1.0	1.0	0.010101010101010102	air,debris,enemies,ground,item,structure,ward	0	0	0	0	0		1300	False	normal	_	-	-	-	-	-					_	
custom	h033	hkni	Race Chooser	Train Knight	Powerful mounted warrior. Can learn Animal War Training. |n|n|cffffcc00Attacks land units.|r	human	0	40	245	60	800	0.25	always	 - 	 - 	 - 	5	large		0	1	500	Asud,Avul	peon	_	False	normal	normal	100	1.5	2	5	25	27.0	35.0	31.0	20.666666666666668	ground,structure,debris,item,ward	 - 	 - 	 - 	-	-	_		False	normal	_	-	-	-	-	-					_	
custom	h04J	hbla	Demonic Statue			undead	1	1	0	0	1	1000	always	 - 	 - 	 - 	5	fort	_	-	0	-	Arav,Avul,Aloc			False	normal	_	-	-	-	-	-					_	 - 	 - 	 - 	-	-	_		False	normal	_	-	-	-	-	-					_	
custom	h04X	hmpr	RescueDummy	Train Priest	Supporting spellcaster. Can initially cast Heal, which increases the life of wounded units. Can also learn Dispel Magic and Inner Fire. |n|n|cffffcc00Attacks land and air units.|r	human	0	28	135	10	1	0.25	always	200	75	0.666666666666667	0	none	fly	270	16	600	Aloc,Avul	tauren,ward	_	False	magic	missile	600	2	1	2	7	8.0	9.0	8.5	4.25	ground,structure,debris,air,item,ward	 - 	 - 	 - 	-	-	_	900	False	normal	_	-	-	-	-	-					_	
custom	h04Y	hbla	Column			human	1	1	0	0	1	1000	always	 - 	 - 	 - 	5	fort	_	-	0	-	Avul,Aloc			False	normal	_	-	-	-	-	-					_	 - 	 - 	 - 	-	-	_		False	normal	_	-	-	-	-	-					_	
custom	h050	hbla	Column Ruined			human	1	1	0	0	1	1000	always	 - 	 - 	 - 	5	fort	_	-	0	-	Avul,Aloc			False	normal	_	-	-	-	-	-					_	 - 	 - 	 - 	-	-	_		False	normal	_	-	-	-	-	-					_	
custom	h051	hpea	Elemental Builder	|cffFFD900Choose Nature Force|r	The forces of Nature itself are called to fight for their masters. Specializing in strong units and healing buffs, the Nature Race is slightly more expensive but better than the average race.	undead	0	15	0	0	220	0.25	always	 - 	 - 	 - 	0	medium	foot	550	1	500	Aeth,A06E,AInv,A005,A001,Ahrp,Avul	standon,peon	_	False	normal	normal	90	2	1	2	4	5.0	6.0	5.5	2.75	ground,structure,debris,item,ward	 - 	 - 	 - 	-	-	_		False	normal	normal	66	1.1	1	1	0	1.0	1.0	1.0	0.9090909090909091	tree	
custom	h052	hbla	Lightning (Alis)			human	1	1	0	0	1	1000	always	 - 	 - 	 - 	5	fort	fly	-	0	-	Avul,Aloc			False	normal	_	-	-	-	-	-					_	 - 	 - 	 - 	-	-	_		False	normal	_	-	-	-	-	-					_	
custom	h053	hbla	Lightning (Coruscus)			human	1	1	0	0	1	1000	always	 - 	 - 	 - 	5	fort	fly	-	0	-	Avul,Aloc			False	normal	_	-	-	-	-	-					_	 - 	 - 	 - 	-	-	_		False	normal	_	-	-	-	-	-					_	
custom	h057	hbla	Fire Pillar (Coruscus)			human	1	1	0	0	1	1000	always	 - 	 - 	 - 	5	fort	fly	-	0	-	Avul,Aloc			False	normal	_	-	-	-	-	-					_	 - 	 - 	 - 	-	-	_		False	normal	_	-	-	-	-	-					_	
custom	h058	hbla	Fissure (Coruscus)			human	1	1	0	0	1	1000	always	 - 	 - 	 - 	5	fort	_	-	0	-	Avul,Aloc			False	normal	_	-	-	-	-	-					_	 - 	 - 	 - 	-	-	_		False	normal	_	-	-	-	-	-					_	
custom	h05A	hmpr	HandOfJusticeDummy	Train Priest	Supporting spellcaster. Can initially cast Heal, which increases the life of wounded units. Can also learn Dispel Magic and Inner Fire. |n|n|cffffcc00Attacks land and air units.|r	human	0	28	135	10	1	0.25	always	200	75	0.666666666666667	0	none	foot	270	16	600	Aloc,Avul	tauren,ward	_	False	magic	artillery	600	2	1	2	7	8.0	9.0	8.5	4.25	ground,structure,debris,air,item,ward	20	 - 	 - 	-	-	_	900	False	normal	_	-	-	-	-	-					_	
custom	h05B	hbla	Tornado (Atrium)			human	1	1	0	0	1	1000	always	 - 	 - 	 - 	5	fort	_	-	0	-	Avul,Aloc			False	normal	_	-	-	-	-	-					_	 - 	 - 	 - 	-	-	_		False	normal	_	-	-	-	-	-					_	
custom	h05K	hbla	Tornado (Thalamus)			human	1	1	0	0	1	1000	always	 - 	 - 	 - 	5	fort	fly	-	0	-	Avul,Aloc			False	normal	_	-	-	-	-	-					_	 - 	 - 	 - 	-	-	_		False	normal	_	-	-	-	-	-					_	
custom	h05N	hbla	Anima			human	1	1	0	0	1	1000	always	 - 	 - 	 - 	5	fort	fly	-	0	-	Avul,Aloc			False	normal	_	-	-	-	-	-					_	 - 	 - 	 - 	-	-	_		False	normal	_	-	-	-	-	-					_	
custom	h05O	hbla	Fontis Oris			human	1	1	0	0	1	1000	always	 - 	 - 	 - 	5	fort	fly	-	0	-	Avul,Aloc			False	normal	_	-	-	-	-	-					_	 - 	 - 	 - 	-	-	_		False	normal	_	-	-	-	-	-					_	
custom	h05P	hbla	Ignis-fluus			human	1	1	0	0	1	1000	always	 - 	 - 	 - 	5	fort	fly	-	0	-	Avul,Aloc			False	normal	_	-	-	-	-	-					_	 - 	 - 	 - 	-	-	_		False	normal	_	-	-	-	-	-					_	
custom	h05Q	hbla	FireOrb			human	1	1	0	0	1	1000	always	 - 	 - 	 - 	5	fort	fly	-	0	-	Avul,Aloc			False	normal	_	-	-	-	-	-					_	 - 	 - 	 - 	-	-	_		False	normal	_	-	-	-	-	-					_	
custom	h05S	hbla	LightningOrb			human	1	1	0	0	1	1000	always	 - 	 - 	 - 	5	fort	fly	-	0	-	Avul,Aloc			False	normal	_	-	-	-	-	-					_	 - 	 - 	 - 	-	-	_		False	normal	_	-	-	-	-	-					_	
custom	h05W	hbla	LandEffect			human	1	1	0	0	1	1000	always	 - 	 - 	 - 	5	fort	_	-	0	-	Avul,Aloc			False	normal	_	-	-	-	-	-					_	 - 	 - 	 - 	-	-	_		False	normal	_	-	-	-	-	-					_	
custom	h05Y	hbla	WindOrb			human	1	1	0	0	1	1000	always	 - 	 - 	 - 	5	fort	fly	-	0	-	Avul,Aloc			False	normal	_	-	-	-	-	-					_	 - 	 - 	 - 	-	-	_		False	normal	_	-	-	-	-	-					_	
custom	h064	hbla	Linker			human	1	1	0	0	1	1000	always	 - 	 - 	 - 	5	fort	_	-	0	-	Avul,Aloc			False	normal	_	-	-	-	-	-					_	 - 	 - 	 - 	-	-	_		False	normal	_	-	-	-	-	-					_	
custom	h065	hbla	Obelisk of Elements			human	1	1	0	0	1	1000	always	 - 	 - 	 - 	5	fort	_	-	0	-	Avul,Aloc			False	normal	_	-	-	-	-	-					_	 - 	 - 	 - 	-	-	_		False	normal	_	-	-	-	-	-					_	
custom	h066	hbla	Book of Conjuration			human	1	1	0	0	1	1000	always	 - 	 - 	 - 	5	fort	fly	-	0	-	Avul,Aloc			False	normal	_	-	-	-	-	-					_	 - 	 - 	 - 	-	-	_		False	normal	_	-	-	-	-	-					_	
custom	h067	hbla	Elemental Guard Tower			human	1	1	0	0	1	1000	always	 - 	 - 	 - 	5	fort	_	-	0	-	Avul,Aloc			False	normal	_	-	-	-	-	-					_	 - 	 - 	 - 	-	-	_		False	normal	_	-	-	-	-	-					_	
custom	h06A	hfoo	Footman	Train Footman	Versatile foot soldier. Can learn the Defend ability. |n|n|cffffcc00Attacks land units.|r	human	0	20	135	0	420	0.25	always	 - 	 - 	 - 	2	large	fly	270	31	500	Avul,Aloc	_	_	False	normal	normal	90	1.35	1	2	11	12.0	13.0	12.5	9.25925925925926	ground,structure,debris,item,ward	 - 	 - 	 - 	-	-	_		False	normal	_	-	-	-	-	-					_	
custom	h06G	hbla	Book of Conjuration 2			human	1	1	0	0	1	1000	always	 - 	 - 	 - 	5	fort	fly	-	0	-	Avul,Aloc			False	normal	_	-	-	-	-	-					_	 - 	 - 	 - 	-	-	_		False	normal	_	-	-	-	-	-					_	
custom	h06H	hbla	Skull Shrine2	Upgrade to Skull Shrine	|cffffac00Utility|r|n|n|cff80ff00Raise Dead|r • Uses a corpse to raise a|cffffff00 |rtier |cffffff002|r-|cffffff003|r skeleton. • Cooldown: |cffffff0012|rs.	undead	1	2	140	0	1	0.5	always	18	 - 	1	5	fort	_	-	72	99999	A05U	Mechanical	PathTextures\4x4SimpleSolid.tga	False	normal	_	-	-	-	-	-					_	 - 	 - 	 - 	-	-	_		False	normal	_	-	-	-	-	-					_	
custom	h06P	hpea	Mechanical Builder	|cffFFD900Choose Mech Coalition|r	Clever goblin tinkers and machinists have gathered to assemble their own army! Their units have a lot of splash damage and high armor but lack ranged and magic attacks. They have a good tower with a bouncing attack.	undead	0	15	0	0	220	0.25	always	 - 	 - 	 - 	0	medium	foot	550	1	500	Aeth,A06E,AInv,A005,A001,A071,Avul	standon,peon	_	False	normal	normal	90	2	1	2	4	5.0	6.0	5.5	2.75	ground,structure,debris,item,ward	 - 	 - 	 - 	-	-	_		False	normal	normal	66	1.1	1	1	0	1.0	1.0	1.0	0.9090909090909091	tree	
custom	h06V	hmpr	Nuke Dummy	Train Priest	Supporting spellcaster. Can initially cast Heal, which increases the life of wounded units. Can also learn Dispel Magic and Inner Fire. |n|n|cffffcc00Attacks land and air units.|r	human	0	28	135	10	1	0.25	always	200	75	0.666666666666667	0	none	fly	100	16	600	Aloc,Avul	tauren,ward	_	False	magic	missile	600	2	1	2	7	8.0	9.0	8.5	4.25	ground,structure,debris,air,item,ward	 - 	 - 	 - 	-	-	_	900	False	normal	_	-	-	-	-	-					_	
custom	h06W	hmpr	Nuke Explosion Dummy	Train Priest	Supporting spellcaster. Can initially cast Heal, which increases the life of wounded units. Can also learn Dispel Magic and Inner Fire. |n|n|cffffcc00Attacks land and air units.|r	human	0	28	135	10	1	0.25	always	200	75	0.666666666666667	0	none	fly	270	16	600	Aloc,Avul	tauren,ward	_	False	magic	missile	600	2	1	2	7	8.0	9.0	8.5	4.25	ground,structure,debris,air,item,ward	 - 	 - 	 - 	-	-	_	900	False	normal	_	-	-	-	-	-					_	
custom	h06X	hmpr	Nuke Start Dummy	Train Priest	Supporting spellcaster. Can initially cast Heal, which increases the life of wounded units. Can also learn Dispel Magic and Inner Fire. |n|n|cffffcc00Attacks land and air units.|r	human	0	28	135	10	1	0.25	always	200	75	0.666666666666667	0	none	fly	270	16	600	Aloc,Avul	tauren,ward	_	False	magic	missile	600	2	1	2	7	8.0	9.0	8.5	4.25	ground,structure,debris,air,item,ward	 - 	 - 	 - 	-	-	_	900	False	normal	_	-	-	-	-	-					_	
custom	h075	hpea	Ultimate Builder	|cffFFD900Choose Ultimate Builder|r	Ultimate builder is the most unpredictable and powerful builder across all universe.It randomly attaches structures from other known races.	undead	0	15	0	0	220	0.25	always	 - 	 - 	 - 	0	medium	foot	550	1	500	Aeth,A06E,AInv,A005,A001,Ahrp,Avul	standon,peon	_	False	normal	normal	90	2	1	2	4	5.0	6.0	5.5	2.75	ground,structure,debris,item,ward	 - 	 - 	 - 	-	-	_		False	normal	normal	66	1.1	1	1	0	1.0	1.0	1.0	0.9090909090909091	tree	
custom	h07C	hmpr	Bloodmage	Train Wizard	A strong High-elven Wizard that uses strong magic to heal friends and disable foes.	nightelf	0	39	0	0	1	0.25	always	250	180	2	0	none	foot	300	16	800	A013,A010,A00Z,A00X	sapper,ward	_	True	chaos	missile	1	99	1	1	0	1.0	1.0	1.0	0.010101010101010102	ground,structure,debris,air,item,ward	 - 	 - 	 - 	-	-	_	900	False	normal	_	-	-	-	-	-					_	
custom	h089	hpea	Night Elf Builder	|cffFFD900Choose Night Elves|r	Night Elfs have split from the Elven Union and fight on their own for their goddess Elune. They are fragile creatures but they know how to evade enemies blows and protect themselves from harmful magic. They have a tower with feedback.	undead	0	15	0	0	220	0.25	always	 - 	 - 	 - 	0	medium	foot	550	1	500	Aeth,A06E,AInv,A005,A001,A08G,Avul	standon,peon	_	False	normal	normal	90	2	1	2	4	5.0	6.0	5.5	2.75	ground,structure,debris,item,ward	 - 	 - 	 - 	-	-	_		False	normal	normal	66	1.1	1	1	0	1.0	1.0	1.0	0.9090909090909091	tree	
custom	h08A	hbla	Teleport			nightelf	1	1	0	0	1	1000	always	 - 	 - 	 - 	5	fort	_	-	0	-	Avul,Aloc			False	normal	_	-	-	-	-	-					_	 - 	 - 	 - 	-	-	_		False	normal	_	-	-	-	-	-					_	
custom	h08B	hbla	Luna Beam			nightelf	1	1	0	0	1	1000	always	 - 	 - 	 - 	5	fort	_	-	0	-	Avul,Aloc			False	normal	_	-	-	-	-	-					_	 - 	 - 	 - 	-	-	_		False	normal	_	-	-	-	-	-					_	
custom	h08C	hbla	Star Fall			nightelf	1	1	0	0	1	1000	always	 - 	 - 	 - 	5	fort	_	-	0	-	Avul,Aloc			False	normal	_	-	-	-	-	-					_	 - 	 - 	 - 	-	-	_		False	normal	_	-	-	-	-	-					_	
custom	h08D	hbla	Orb1			nightelf	1	1	0	0	1	1000	always	 - 	 - 	 - 	5	fort	_	-	0	-	Avul,Aloc			False	normal	_	-	-	-	-	-					_	 - 	 - 	 - 	-	-	_		False	normal	_	-	-	-	-	-					_	
custom	h08E	hbla	Orb2			nightelf	1	1	0	0	1	1000	always	 - 	 - 	 - 	5	fort	_	-	0	-	Arav,Avul,Aloc			False	normal	_	-	-	-	-	-					_	 - 	 - 	 - 	-	-	_		False	normal	_	-	-	-	-	-					_	
custom	h08F	hbla	Orb3			nightelf	1	1	0	0	1	1000	always	 - 	 - 	 - 	5	fort	_	-	0	-	Arav,Avul,Aloc			False	normal	_	-	-	-	-	-					_	 - 	 - 	 - 	-	-	_		False	normal	_	-	-	-	-	-					_	
custom	h08G	hbla	Orb4			nightelf	1	1	0	0	1	1000	always	 - 	 - 	 - 	5	fort	_	-	0	-	Avul,Aloc			False	normal	_	-	-	-	-	-					_	 - 	 - 	 - 	-	-	_		False	normal	_	-	-	-	-	-					_	
custom	h08H	hbla	Orb5			nightelf	1	1	0	0	1	1000	always	 - 	 - 	 - 	5	fort	_	-	0	-	Arav,Avul,Aloc			False	normal	_	-	-	-	-	-					_	 - 	 - 	 - 	-	-	_		False	normal	_	-	-	-	-	-					_	
custom	h08I	hbla	Orb6			nightelf	1	1	0	0	1	1000	always	 - 	 - 	 - 	5	fort	_	-	0	-	Avul,Aloc			False	normal	_	-	-	-	-	-					_	 - 	 - 	 - 	-	-	_		False	normal	_	-	-	-	-	-					_	
custom	h08J	hbla	Orb7			nightelf	1	1	0	0	1	1000	always	 - 	 - 	 - 	5	fort	_	-	0	-	Arav,Avul,Aloc			False	normal	_	-	-	-	-	-					_	 - 	 - 	 - 	-	-	_		False	normal	_	-	-	-	-	-					_	
custom	h08K	hbla	Orb8			nightelf	1	1	0	0	1	1000	always	 - 	 - 	 - 	5	fort	_	-	0	-	Arav,Avul,Aloc			False	normal	_	-	-	-	-	-					_	 - 	 - 	 - 	-	-	_		False	normal	_	-	-	-	-	-					_	
custom	h08L	hbla	Entangle			nightelf	1	1	0	0	1	1000	always	 - 	 - 	 - 	5	fort	_	-	0	-	Avul,Aloc			False	normal	_	-	-	-	-	-					_	 - 	 - 	 - 	-	-	_		False	normal	_	-	-	-	-	-					_	
custom	h08M	hbla	Orb2High			nightelf	1	1	0	0	1	1000	always	 - 	 - 	 - 	5	fort	_	-	0	-	Arav,Avul,Aloc			False	normal	_	-	-	-	-	-					_	 - 	 - 	 - 	-	-	_		False	normal	_	-	-	-	-	-					_	
custom	h08N	hbla	plant			nightelf	1	1	0	0	1	1000	always	 - 	 - 	 - 	5	fort	_	-	0	-	Avul,Aloc			False	normal	_	-	-	-	-	-					_	 - 	 - 	 - 	-	-	_		False	normal	_	-	-	-	-	-					_	
custom	h08O	hbla	plant2			nightelf	1	1	0	0	1	1000	always	 - 	 - 	 - 	5	fort	_	-	0	-	Avul,Aloc			False	normal	_	-	-	-	-	-					_	 - 	 - 	 - 	-	-	_		False	normal	_	-	-	-	-	-					_	
custom	h08Q	hbla	Fire			nightelf	1	1	0	0	1	1000	always	 - 	 - 	 - 	5	fort	_	-	0	-	Avul,Aloc			False	normal	_	-	-	-	-	-					_	 - 	 - 	 - 	-	-	_		False	normal	_	-	-	-	-	-					_	
custom	h08R	hbla	Fire Small			nightelf	1	1	0	0	1	1000	always	 - 	 - 	 - 	5	fort	_	-	0	-	Avul,Aloc			False	normal	_	-	-	-	-	-					_	 - 	 - 	 - 	-	-	_		False	normal	_	-	-	-	-	-					_	
custom	h08S	hbla	Orb3 BIG			nightelf	1	1	0	0	1	1000	always	 - 	 - 	 - 	5	fort	_	-	0	-	Avul,Aloc			False	normal	_	-	-	-	-	-					_	 - 	 - 	 - 	-	-	_		False	normal	_	-	-	-	-	-					_	
custom	h08T	hbla	Orb9			nightelf	1	1	0	0	1	1000	always	 - 	 - 	 - 	5	fort	_	-	0	-	Arav,Avul,Aloc			False	normal	_	-	-	-	-	-					_	 - 	 - 	 - 	-	-	_		False	normal	_	-	-	-	-	-					_	
custom	h08V	hbla	Orb18			nightelf	1	1	0	0	1	1000	always	 - 	 - 	 - 	5	fort	_	-	0	-	Arav,Avul,Aloc			False	normal	_	-	-	-	-	-					_	 - 	 - 	 - 	-	-	_		False	normal	_	-	-	-	-	-					_	
custom	h08W	hbla	Tower			nightelf	1	1	0	0	1	1000	always	 - 	 - 	 - 	5	fort	_	-	0	-	Arav,Avul,Aloc			False	normal	_	-	-	-	-	-					_	 - 	 - 	 - 	-	-	_		False	normal	_	-	-	-	-	-					_	
custom	h08Z	hbla	Archery Target			nightelf	1	1	0	0	1	1000	always	 - 	 - 	 - 	5	fort	_	-	0	-	Avul,Aloc			False	normal	_	-	-	-	-	-					_	 - 	 - 	 - 	-	-	_		False	normal	_	-	-	-	-	-					_	
custom	h090	hbla	Elf Build			nightelf	1	1	0	0	1	1000	always	 - 	 - 	 - 	5	fort	_	-	0	-	Avul,Aloc			False	normal	_	-	-	-	-	-					_	 - 	 - 	 - 	-	-	_		False	normal	_	-	-	-	-	-					_	
custom	h091	hbla	Elf Build2			nightelf	1	1	0	0	1	1000	always	 - 	 - 	 - 	5	fort	_	-	0	-	Avul,Aloc			False	normal	_	-	-	-	-	-					_	 - 	 - 	 - 	-	-	_		False	normal	_	-	-	-	-	-					_	
custom	h093	hbla	Citadel Effect			nightelf	1	1	0	0	1	1000	always	 - 	 - 	 - 	5	fort	_	-	0	-	Avul,Aloc			False	normal	_	-	-	-	-	-					_	 - 	 - 	 - 	-	-	_		False	normal	_	-	-	-	-	-					_	
custom	h094	hbla	Citadel Effect 2			nightelf	1	1	0	0	1	1000	always	 - 	 - 	 - 	5	fort	_	-	0	-	Avul,Aloc			False	normal	_	-	-	-	-	-					_	 - 	 - 	 - 	-	-	_		False	normal	_	-	-	-	-	-					_	
custom	h096	hbla	Golem Factory: Gold			human	1	1	0	0	1	1000	always	 - 	 - 	 - 	5	fort	_	-	0	-	Avul,Aloc			False	normal	_	-	-	-	-	-					_	 - 	 - 	 - 	-	-	_		False	normal	_	-	-	-	-	-					_	
custom	h09A	hbla	Tank Factory: Big Mine			human	1	1	0	0	1	1000	always	 - 	 - 	 - 	5	fort	_	-	0	-	Arav,Avul,Aloc			False	normal	_	-	-	-	-	-					_	 - 	 - 	 - 	-	-	_		False	normal	_	-	-	-	-	-					_	
custom	h09C	hbla	Tank Factory: Brazier			human	1	1	0	0	1	1000	always	 - 	 - 	 - 	5	fort	_	-	0	-	Avul,Aloc			False	normal	_	-	-	-	-	-					_	 - 	 - 	 - 	-	-	_		False	normal	_	-	-	-	-	-					_	
custom	h09D	hbla	Tank Factory: Runes1			human	1	1	0	0	1	1000	always	 - 	 - 	 - 	5	fort	_	-	0	-	Arav,Avul,Aloc			False	normal	_	-	-	-	-	-					_	 - 	 - 	 - 	-	-	_		False	normal	_	-	-	-	-	-					_	
custom	h09E	hbla	Tank Factory: Furnace Fire			human	1	1	0	0	1	1000	always	 - 	 - 	 - 	5	fort	_	-	0	-	Arav,Avul,Aloc			False	normal	_	-	-	-	-	-					_	 - 	 - 	 - 	-	-	_		False	normal	_	-	-	-	-	-					_	
custom	h09F	hbla	Tank Factory: Mine			human	1	1	0	0	1	1000	always	 - 	 - 	 - 	5	fort	_	-	0	-	Arav,Avul,Aloc			False	normal	_	-	-	-	-	-					_	 - 	 - 	 - 	-	-	_		False	normal	_	-	-	-	-	-					_	
custom	h09G	hbla	Tank Factory: Runes2			human	1	1	0	0	1	1000	always	 - 	 - 	 - 	5	fort	_	-	0	-	Avul,Aloc			False	normal	_	-	-	-	-	-					_	 - 	 - 	 - 	-	-	_		False	normal	_	-	-	-	-	-					_	
custom	h09K	hbla	Aircraft: Fence			human	1	1	0	0	1	1000	always	 - 	 - 	 - 	5	fort	_	-	0	-	Avul,Aloc			False	normal	_	-	-	-	-	-					_	 - 	 - 	 - 	-	-	_		False	normal	_	-	-	-	-	-					_	
custom	h09N	hbla	Arsenal: Trash1			human	1	1	0	0	1	1000	always	 - 	 - 	 - 	5	fort	_	-	0	-	Avul,Aloc			False	normal	_	-	-	-	-	-					_	 - 	 - 	 - 	-	-	_		False	normal	_	-	-	-	-	-					_	
custom	h09O	hbla	Arsenal: Trash2			human	1	1	0	0	1	1000	always	 - 	 - 	 - 	5	fort	_	-	0	-	Avul,Aloc			False	normal	_	-	-	-	-	-					_	 - 	 - 	 - 	-	-	_		False	normal	_	-	-	-	-	-					_	
custom	h09R	hbla	Spare Part Heap: Gobbo			human	1	1	0	0	1	1000	always	 - 	 - 	 - 	5	fort	_	-	0	-	Avul,Aloc			False	normal	_	-	-	-	-	-					_	 - 	 - 	 - 	-	-	_		False	normal	_	-	-	-	-	-					_	
custom	h09U	hbla	Power Plant: Fence			human	1	1	0	0	1	1000	always	 - 	 - 	 - 	5	fort	_	-	0	-	Avul,Aloc			False	normal	_	-	-	-	-	-					_	 - 	 - 	 - 	-	-	_		False	normal	_	-	-	-	-	-					_	
custom	h09V	hbla	Power Plant: Teleport			human	1	1	0	0	1	1000	always	 - 	 - 	 - 	5	fort	_	-	0	-	Avul,Aloc			False	normal	_	-	-	-	-	-					_	 - 	 - 	 - 	-	-	_		False	normal	_	-	-	-	-	-					_	
custom	h09W	hkni	Race Ban	Train Knight	Powerful mounted warrior. Can learn Animal War Training. |n|n|cffffcc00Attacks land units.|r	human	0	40	245	60	800	0.25	always	 - 	 - 	 - 	5	large		0	1	500	Asud,Avul	peon	_	False	normal	normal	100	1.5	2	5	25	27.0	35.0	31.0	20.666666666666668	ground,structure,debris,item,ward	 - 	 - 	 - 	-	-	_		False	normal	_	-	-	-	-	-					_	
custom	h09Z	hbla	Corrupted			nightelf	1	1	0	0	1	1000	always	 - 	 - 	 - 	5	fort	_	-	0	-	Arav,Avul,Aloc			False	normal	_	-	-	-	-	-					_	 - 	 - 	 - 	-	-	_		False	normal	_	-	-	-	-	-					_	
custom	h0A0	hbla	Human BUild			nightelf	1	1	0	0	1	1000	always	 - 	 - 	 - 	5	fort	_	-	0	-	Avul,Aloc			False	normal	_	-	-	-	-	-					_	 - 	 - 	 - 	-	-	_		False	normal	_	-	-	-	-	-					_	
custom	n003	nmpe	Murloc	Trains Murloc	|cffffac00Unit|r / |cffffffffSpawn rate: |r|cffffff0021|rs|n|n|cffffffffAttack |r|cff959697(ground)|r|cffffffff: |rNormal (|cffffff0090|r range, |cffffff0012|r dps)|n|cffffffffArmor:|r Unarmored (|cffffff002|r) / |cffffffffHP:|r |cffffff00180|r (|cffffff00+3|r/s)	naga	0	21	0	0	1	3	always	 - 	 - 	 - 	0	none	foot	280	8	800	A09H	sapper,ward	_	True	normal	normal	90	99	1	2	0	1.0	2.0	1.5	0.015151515151515152	ground,structure,debris,item,ward	 - 	 - 	 - 	-	-	_		False	normal	normal	66	1	1	1	0	1.0	1.0	1.0	1.0	tree	
custom	n00F	nshe	Sheep	Invoke Sheep	Call upon the spirit of Sheep to save you.	critters	0	1	0	0	15	0.5	always	 - 	 - 	 - 	0	medium	foot	50	1	500	Aeth,Awan	_	_	False	normal	_	-	0	-	-	-					_	 - 	 - 	 - 	-	-	_		False	normal	_	-	-	-	-	-					_	
custom	n00G	nshf	Flying Sheep	Invoke Uber Sheep	Call upon the Uber Sheep to save you.	critters	0	1	0	0	15	0.5	always	 - 	 - 	 - 	0	medium	fly	100	16	500	Awan	_	_	False	normal	_	-	0	-	-	-					_	 - 	 - 	 - 	-	-	_		False	normal	_	-	-	-	-	-					_	
custom	n00T	nspg	Forest Spider	Trains Forest Spider	|cffffac00Unit|r / |cffffffffSpawn rate: |r|cffffff0020|rs|n|n|cffffffffAttack |r|cff959697(ground)|r|cffffffff: |rPierce (|cffffff00100|r range, |cffffff0015|r dps)|n|cffffffffArmor:|r Unarmored (|cffffff000|r) / |cffffffffHP:|r |cffffff00150|r (|cffffff00+1|r/s)	naga	0	20	0	0	1	1	always	 - 	 - 	 - 	0	none	foot	330	8	800	A09H	sapper,ward	_	True	pierce	normal	100	99	1	2	0	1.0	2.0	1.5	0.015151515151515152	ground,structure,debris,item,ward	 - 	 - 	 - 	-	-	_		False	normal	_	-	-	-	-	-					_	
custom	n00W	nltc	Summoned Lobster	Hire Makrura Tidecaller	Melee unit with damage absorption and critical strike.	naga	0	20	0	0	1	0.5	always	300	300	0.75	6	large	foot	300	8	800	A07G,A02R,A02Q	sapper,ward	_	True	pierce	normal	1	99	1	1	0	1.0	1.0	1.0	0.010101010101010102	debris,ground,item,structure,ward	 - 	 - 	 - 	-	-	_	0	False	normal	_	-	-	-	-	-					_	
custom	n01C	nfgt	Raised Tentacle	Raised Tentacle	Corrupted raised tentacle.	undead	0	1	0	0	1	0.25	always	 - 	 - 	 - 	0	none	foot	0	8	800	A08H,A07G,A050	sapper,ward	_	True	hero	normal	1	99	1	1	0	1.0	1.0	1.0	0.010101010101010102	ground,structure,item,debris,ward	 - 	 - 	 - 	-	-	_		False	normal	_	-	-	-	-	-					_	
custom	n01Q	nahy	Hydra	Hire Ancient Hydra	Strong ranged unit with poison attack. Splits upon death.	naga	0	40	0	0	1	10	always	0	0	0	0	medium	amph	350	8	800	A07H,A07G,A09W,A06K	sapper,ward	_	True	chaos	msplash	500	1.5	1	1	0	1.0	1.0	1.0	0.6666666666666666	ground,structure,debris,item,ward,air	10	75	150	0.4	0.2	air,debris,enemies,ground,structure	900	False	normal	_	-	-	-	-	-					_	
custom	n01R	nahy	Lesser Hydra	Hire Ancient Hydra	Ranged unit with slow poison.	naga	0	40	0	0	1	5	always	0	0	0	0	medium	amph	350	8	800	A00C	sapper,ward	_	True	chaos	msplash	500	1.5	1	1	0	1.0	1.0	1.0	0.6666666666666666	ground,structure,debris,item,ward,air	10	75	150	0.4	0.2	air,debris,enemies,ground,structure	900	False	normal	_	-	-	-	-	-					_	
custom	n021	nfgt	Raised Tentacle	Raised Tentacle	Corrupted raised tentacle.	undead	0	1	0	0	1	0.25	always	 - 	 - 	 - 	0	none	foot	0	8	800	A08H,A07G,A050	sapper,ward	_	True	hero	normal	1	99	1	1	0	1.0	1.0	1.0	0.010101010101010102	debris,ground,item,ward	 - 	 - 	 - 	-	-	_		False	normal	_	-	-	-	-	-					_	
custom	n02E	ntor	Tornado			other	0	20	0	0	500	0.5	always	 - 	 - 	 - 	0	large	foot	0	32	-	Aloc,A0CE,Atdg,Atwa,Aasl	_	_	False	normal	_	-	-	-	-	-					_	 - 	 - 	 - 	-	-	_		False	normal	_	-	-	-	-	-					_	
custom	n02F	ntor	Tornado (-na)			other	0	20	0	0	500	0.5	always	 - 	 - 	 - 	0	large	foot	0	32	-	Aloc,A0CE,Atwa,Aasl	_	_	False	normal	_	-	-	-	-	-					_	 - 	 - 	 - 	-	-	_		False	normal	_	-	-	-	-	-					_	
custom	n02H	nfrm	testing			undead	1	3	50	0	150000	-	none	 - 	 - 	 - 	0	fort	_	-	50	-	A05U	_	PathTextures\4x4SimpleSolid.tga	False	normal	_	-	0	-	-	-					_	 - 	 - 	 - 	-	-	_		False	normal	_	-	-	-	-	-					_	
custom	n02K	nmpe	Twin Weeper	Trains Twins	|cffffac00Unit|r / |cffffffffSpawn rate: |r|cffffff0060|rs|n|n|cffffffffAttack |r|cff959697(ground)|r|cffffffff: |rChaos (|cffffff0090|r range, |cffffff00101|r dps)|n|cffffffffArmor:|r Divine (|cffffff0015|r) / |cffffffffHP:|r |cffffff00450|r|n|n|cff80ff00Bash|r • 15% chance on each attack to stun for 2 seconds and deal 25 extra damage|n|n|cff80ff00Critical Strike|r • Attacks have a 20% chance to deal 100% more damage|n|n|cff80ff00Evade|r • 15% chance to evade an attack|n|n|cff80ff00Feedback|r • Each attack burns up to 25 mana dealing the same amount of damage|n|n|cff80ff00Cleaving Attack|r • Attacks splash to nearby targets as chaos damage at 30% value	naga	0	60	0	0	1	0.5	always	 - 	 - 	 - 	0	divine	foot	300	8	800	A0FO,A06V,A07H,A070,A0AI,A0FQ,A026,A00U,A0FR	sapper,ward	_	True	chaos	instant	90	99	1	1	0	1.0	1.0	1.0	0.010101010101010102	debris,ground,item,structure,ward	 - 	 - 	 - 	-	-	_		False	normal	normal	66	1	1	1	0	1.0	1.0	1.0	1.0	tree	
custom	tec1	hmpr	Tech Level 1	Train Priest	Supporting spellcaster. Can initially cast Heal, which increases the life of wounded units. Can also learn Dispel Magic and Inner Fire. |n|n|cffffcc00Attacks land and air units.|r	human	0	28	135	10	1	0.25	always	200	75	0.666666666666667	0	none	fly	270	16	600	A02E,Aloc,Avul	tauren,ward	_	False	magic	missile	600	2	1	2	7	8.0	9.0	8.5	4.25	ground,structure,debris,air,item,ward	 - 	 - 	 - 	-	-	_	900	False	normal	_	-	-	-	-	-					_	
custom	tec2	hmpr	Tech Level 2	Train Priest	Supporting spellcaster. Can initially cast Heal, which increases the life of wounded units. Can also learn Dispel Magic and Inner Fire. |n|n|cffffcc00Attacks land and air units.|r	human	0	28	135	10	1	0.25	always	200	75	0.666666666666667	0	none	fly	270	16	600	A02E,Aloc,Avul	tauren,ward	_	False	magic	missile	600	2	1	2	7	8.0	9.0	8.5	4.25	ground,structure,debris,air,item,ward	 - 	 - 	 - 	-	-	_	900	False	normal	_	-	-	-	-	-					_	
custom	tec3	hmpr	Tech Level 3	Train Priest	Supporting spellcaster. Can initially cast Heal, which increases the life of wounded units. Can also learn Dispel Magic and Inner Fire. |n|n|cffffcc00Attacks land and air units.|r	human	0	28	135	10	1	0.25	always	200	75	0.666666666666667	0	none	fly	270	16	600	A02E,Aloc,Avul	tauren,ward	_	False	magic	missile	600	2	1	2	7	8.0	9.0	8.5	4.25	ground,structure,debris,air,item,ward	 - 	 - 	 - 	-	-	_	900	False	normal	_	-	-	-	-	-					_	
custom	u006	ushd	Corrupted Builder	|cffFFD900Choose Corrupted Ones Conglomerate|r	Corrupted by evil demons, these former friendly creatures have turned into minions of darkness. They use dark magic to influence their enemies and can build a tower with splash damage.	undead	0	15	0	0	125	2	always	 - 	 - 	 - 	0	medium	hover	550	1	500	Aeth,A06E,AInv,A005,A001,Ahrp,Avul	standon,peon	_	False	normal	_	 - 	0	-	-	-					_	 - 	 - 	 - 	-	-	_		False	normal	_	-	-	-	-	-					_	
custom	u00C	ugho	Ghoul	Train Ghoul	Basic attack unit and lumber harvester. Can learn Cannibalize and Ghoul Frenzy. |n|n|cffffcc00Attacks land units and trees.|r	undead	0	18	120	0	330	2	blight	 - 	 - 	 - 	0	large	foot	270	31	500	A0DZ,A0CL	undead	_	True	normal	normal	90	1.3	2	2	10	12.0	14.0	13.0	10.0	ground,structure,debris,item,ward	 - 	 - 	 - 	-	-	_		True	normal	normal	66	1.35	2	1	0	2.0	2.0	2.0	1.4814814814814814	tree	
custom	z001	zcso	Flamegunner Sergeant	Trains Flamegunner Sergeant	|cffffac00Unit|r / |cffffffffSpawn rate: |r|cffffff0033|rs|n|n|cffffffffAttack |r|cff959697(ground)|r|cffffffff: |rChaos (|cffffff0070|r range, |cffffff0066|r dps)|n|cffffffffArmor:|r Light (|cffffff007|r) / |cffffffffHP:|r |cffffff00700|r|n|n|cff80ff00Flamethrower|r • Attacks splash to ground units in a straight line behind the main target as chaos damage at |cffffff00100|r% value.|n|n|cff80ff00Mindscrambler Grenade|r • Throws an explosive that does |cffffff0030|r-|cffffff00130|r spell damage |cff959697(+1 per burned mana)|r, burns |cffffff00100|r mana and reduces attack and movement speed of ground targets by |cffffff0050|r%.	orc	0	33	0	0	1	0.25	always	 - 	 - 	 - 	0	small	foot	270	16	800	A09D	sapper,ward	_	True	chaos	mline	1	0.9	1	1	0	1.0	1.0	1.0	1.1111111111111112	debris,ground,item,structure,ward	 - 	 - 	 - 	-	-	debris,enemies,ground,structure,tree,wall	20000	False	normal	_	-	-	-	-	-					_	
custom	h078	hpea	Desert Builder	|cffFFD900Choose Desert Dwellers|r	Humans use many cheap units to overrun the enemy. They can use artillery to demolish the enemy base without having to attack it directly. This race has a basic defense tower.	undead	0	15	0	0	220	0.25	always	 - 	 - 	 - 	0	medium	foot	550	1	500	Aeth,A06E,AInv,A005,A001,Ahrp,Avul	standon,peon	_	False	normal	normal	90	2	1	2	4	5.0	6.0	5.5	2.75	ground,structure,debris,item,ward	 - 	 - 	 - 	-	-	_		False	normal	normal	66	1.1	1	1	0	1.0	1.0	1.0	0.9090909090909091	tree	
custom	h07F	hlum	Matriarchs			human	1	1	0	0	1	1000	always	 - 	 - 	 - 	5	fort	fly	-	0	-	Avul,Aloc			False	normal	_	-	-	-	-	-					_	 - 	 - 	 - 	-	-	_		False	normal	_	-	-	-	-	-					_	
custom	h07G	hlum	AltarOfSand: Cloud			human	1	1	0	0	1	1000	always	 - 	 - 	 - 	5	fort	fly	-	0	-	Arav,Avul,Aloc			False	normal	_	-	-	-	-	-					_	 - 	 - 	 - 	-	-	_		False	normal	_	-	-	-	-	-					_	
custom	e00I	ewsp	quicksand			commoner	0	14	60	0	120	999	night	1000	1000	 - 	0	divine		522	0	-	A0GI,A0H5,Aloc,Avul	giant,tauren	_	False	normal	_	-	-	-	-	-					_	 - 	 - 	 - 	-	-	_		False	normal	_	-	-	-	-	-					_	
custom	X075	hpea	Ultimate Builder	|cffFFD900Choose Ultimate Builder|r	Ultimate builder is the most unpredictable and powerful builder across all universe.It randomly attaches structures from other known races.	undead	0	15	0	0	220	0.25	always	 - 	 - 	 - 	0	medium	foot	550	1	500	Aeth,A06E,AInv,A005,A001,Ahrp,Avul	standon,peon	_	False	normal	normal	90	2	1	2	4	5.0	6.0	5.5	2.75	ground,structure,debris,item,ward	 - 	 - 	 - 	-	-	_		False	normal	normal	66	1.1	1	1	0	1.0	1.0	1.0	0.9090909090909091	tree	
custom	h00A	hbla	Death Pit	Build Death Pit	|cffffac00Utility|r|n|n|cff80ff00Sudden Death|r • Kills a random enemy unit instantly. • Cooldown: |cffffff0015|rs.	undead	1	2	315	625	1	0.5	always	16	 - 	1	5	fort	_	-	72	25000	A033	Mechanical	PathTextures\4x4SimpleSolid.tga	False	normal	_	-	-	-	-	-					_	 - 	 - 	 - 	-	-	_		False	normal	_	-	-	-	-	-					_	
custom	h01K	hbla	Temple of Bone	Build Temple of Bone	|cffffac00Production|r / |cff959697-> Legendary|r / |cffffffffTraining time: |r|cffffff0025|rs|n|n|cffffcc00Necromancer|r|n|cffffffffAttack |r|cff959697(all)|r|cffffffff: |rMagic (|cffffff00380|r range, |cffffff0030|r dps)|n|cffffffffArmor:|r Unarmored (|cffffff001|r) / |cffffffffHP:|r |cffffff00300|r (|cffffff00+1|r/s) / |cffffffffMP:|r |cffffff00200|r (|cffffff00+1|r/s)|n|n|cff80ff00Raise Dead|r • Uses a corpse to spawn a random tier |cffffff001|r skeleton. • Cooldown: |cffffff0045|rs.	undead	1	2	210	0	1	0.5	always	25	25	 - 	5	fort	_	-	72	-		Mechanical	PathTextures\4x4SimpleSolid.tga	False	normal	_	-	-	-	-	-					_	 - 	 - 	 - 	-	-	_		False	normal	_	-	-	-	-	-					_	
custom	h01L	hbla	Haunted Mine	Build Haunted Mine	|cffffac00Production|r / |cffffffffTraining time: |r|cffffff0029|rs|n|n|cffffcc00Banshee|r|n|cffffffffAttack |r|cff959697(all)|r|cffffffff: |rMagic (|cffffff00350|r range, |cffffff0048|r dps)|n|cffffffffArmor:|r Divine (|cffffff002|r) / |cffffffffHP:|r |cffffff00310|r / |cffffffffMP:|r |cffffff00240|r (|cffffff00+2.5|r/s)|n|n|cff80ff00Fear|r • Enemies nearby have their damage reduced by |cffffff0015|r% until they leave the area.|n|n|cff80ff00Ghostly Cries|r • Haunts an enemy, their attack and movement speed is reduced by |cffffff0030|r% for |cffffff0035|rs. • Cooldown: |cffffff0010|rs.	undead	1	2	290	0	1	0.5	always	29	29	 - 	5	fort	_	-	72	-		Mechanical	PathTextures\4x4SimpleSolid.tga	False	normal	_	-	-	-	-	-					_	 - 	 - 	 - 	-	-	_		False	normal	_	-	-	-	-	-					_	
custom	h01N	hbla	Crypt	Build Crypt	|cffffac00Production|r / |cffffffffTraining time: |r|cffffff0026|rs|n|n|cffffcc00Vampire|r|n|cffffffffAttack |r|cff959697(ground)|r|cffffffff: |rPierce (|cffffff00110|r range, |cffffff0035|r dps)|n|cffffffffArmor:|r Hero (|cffffff003|r) / |cffffffffHP:|r |cffffff00475|r (|cffffff00+1|r/s)|n|n|cff80ff00Eternal Servitude|r • Organic enemies killed by this unit come back from the dead as Lesser Vampires.|n|n|cff80ff00Vampirism|r • Melee allies nearby heal themselves for |cffffff0030|r% of attack damage dealt, until they leave the area. Increased to |cffffff0040|r% for the Vampire.	undead	1	2	230	0	1	0.5	always	26	26	 - 	5	fort	_	-	72	-		Mechanical	PathTextures\4x4SimpleSolid.tga	False	normal	_	-	-	-	-	-					_	 - 	 - 	 - 	-	-	_		False	normal	_	-	-	-	-	-					_	
custom	h01O	hbla	Turret of Souls	Build Turret of Souls	|cffffac00Tower|r|n|nAttack |cff959697(all)|r: Chaos (|cffffff00800|r range, |cffffff0075|r dps)|nArmor: Fortified (|cffffff005|r) / HP: |cffffff001500|r (|cffffff00+2|r/s)|n|n|cff80ff00Soul Steal|r • Attacks have a |cffffff005|r% chance to instantly kill their target.|n|n|cff80ff00Corrosion|r • Enemies nearby have their armor reduced by |cffffff003|r until they leave the area.	undead	1	20	200	300	1	2	always	 - 	 - 	 - 	5	fort	_	-	72	900	A01U,A09A	Mechanical	PathTextures\4x4SimpleSolid.tga	True	chaos	missile	800	99	1	1	0	1.0	1.0	1.0	0.010101010101010102	air,enemies,ground	 - 	 - 	 - 	-	-	_	800	False	normal	_	-	-	-	-	-					_	
custom	h01P	hbla	Skull Pile	Build Skull Pile	|cffffac00Utility|r|n|n|cff80ff00Advanced Raise Dead|r • Uses a corpse to spawn a random tier |cffffff001|r skeleton, with a |cffffff0010|r% chance for a tier |cffffff002|r instead. • Cooldown: |cffffff0012|rs.	undead	1	2	160	0	1200	0.5	always	15	 - 	1	5	fort	_	-	72	99999	A01Q	Mechanical	PathTextures\4x4SimpleSolid.tga	False	normal	_	-	-	-	-	-					_	 - 	 - 	 - 	-	-	_		False	normal	_	-	-	-	-	-					_	
custom	h01Q	hbla	City of Decay	Build City of Decay	|cffffac00Utility|r / |cffffac00Legendary|r|n|n|cff80ff00Decay|r • Slowly dissolves all organic enemies on the entire map. They take |cffffff0010|r spell damage every second, until they die. Multiples of this building offer no additional benefit.	undead	1	2	650	1800	1	4	always	 - 	 - 	 - 	5	fort	_	-	72	-	A06V,A01T	Mechanical	PathTextures\4x4SimpleSolid.tga	False	normal	_	-	-	-	-	-					_	 - 	 - 	 - 	-	-	_		False	normal	_	-	-	-	-	-					_	
custom	h01R	hbla	Rotting Hay Cart	Build Rotting Hay Cart	|cffffac00Production|r / |cffffffffTraining time: |r|cffffff0021|rs|n|n|cffffcc00Zombie|r|n|cffffffffAttack |r|cff959697(ground)|r|cffffffff: |rChaos (|cffffff00100|r range, |cffffff0015|r dps)|n|cffffffffArmor:|r Medium (|cffffff003|r) / |cffffffffHP:|r |cffffff00265|r|n|n|cff80ff00Rot|r • Emits a stench so foul, all organic units nearby take |cffffff008|r spell damage every second, until they leave the area.	undead	1	2	120	0	1200	0.5	always	21	21	 - 	5	fort	_	-	72	-		Mechanical	PathTextures\4x4SimpleSolid.tga	False	normal	_	-	-	-	-	-					_	 - 	 - 	 - 	-	-	_		False	normal	_	-	-	-	-	-					_	
custom	h01S	hbla	Dragon Cemetery	Build Dragon Cemetery	|cffffac00Production|r / |cffffffffTraining time: |r|cffffff0040|rs|n|n|cffffcc00Frost Wyrm|r|n|cffffffffAttack |r|cff959697(all)|r|cffffffff: |rNormal (|cffffff00325|r range, |cffffff0077|r dps)|n|cffffffffArmor:|r Light (|cffffff005|r) / |cffffffffHP:|r |cffffff001200|r|n|n|cff80ff00Deathly Chill|r • Attacks splash to nearby targets as normal damage at |cffffff0050|r% value, all enemies hit have their attack and movement speed reduced by |cffffff0030|r% for |cffffff005|rs.	undead	1	2	500	0	1	0.5	always	40	40	 - 	5	fort	_	-	72	-		Mechanical	PathTextures\4x4SimpleSolid.tga	False	normal	_	-	-	-	-	-					_	 - 	 - 	 - 	-	-	_		False	normal	_	-	-	-	-	-					_	
custom	h01T	hbla	Slaughter House	Build Slaughter House	|cffffac00Production|r / |cffffffffTraining time: |r|cffffff0033|rs|n|n|cffffcc00Flesh Golem|r|n|cffffffffAttack |r|cff959697(ground)|r|cffffffff: |rSiege (|cffffff00120|r range, |cffffff0094|r dps)|n|cffffffffArmor:|r Medium (|cffffff0015|r) / |cffffffffHP:|r |cffffff001200|r|n|n|cff80ff00Meat Fists|r • Attacks have a |cffffff0030|r% chance to deal |cffffff00125|r true damage to ground targets around this unit and deal |cffffff0050|r% more damage to buildings.	undead	1	2	370	0	1	0.5	always	33	33	 - 	5	fort	_	-	72	-		Mechanical	PathTextures\4x4SimpleSolid.tga	False	normal	_	-	-	-	-	-					_	 - 	 - 	 - 	-	-	_		False	normal	_	-	-	-	-	-					_	
custom	h01U	hfoo	Vampire	Trains Vampire	|cffffac00Unit|r / |cffffffffSpawn rate: |r|cffffff0026|rs|n|n|cffffffffAttack |r|cff959697(ground)|r|cffffffff: |rPierce (|cffffff00110|r range, |cffffff0035|r dps)|n|cffffffffArmor:|r Hero (|cffffff003|r) / |cffffffffHP:|r |cffffff00475|r (|cffffff00+1|r/s)|n|n|cff80ff00Eternal Servitude|r • Organic enemies killed by this unit come back from the dead as Lesser Vampires.|n|n|cff80ff00Vampirism|r • Melee allies nearby heal themselves for |cffffff0030|r% of attack damage dealt, until they leave the area. Increased to |cffffff0040|r% for the Vampire.	undead	0	26	0	0	1	1	always	 - 	 - 	 - 	0	hero	foot	270	16	800	A07K,A01O,A01P	sapper,undead,ward	_	True	pierce	normal	1	1.35	1	1	0	1.0	1.0	1.0	0.7407407407407407	debris,ground,item,structure,ward	 - 	 - 	 - 	-	-	_		False	normal	_	-	-	-	-	-					_	
custom	h03M	hbla	Defiled Granary	Upgrade to Defiled Granary	|cffffac00Production|r / |cffffffffTraining time: |r|cffffff0036|rs|n|n|cffffcc00Plague Bearer|r|n|cffffffffAttack |r|cff959697(ground)|r|cffffffff: |rChaos (|cffffff00128|r range, |cffffff0052|r dps)|n|cffffffffArmor:|r Medium (|cffffff006|r) / |cffffffffHP:|r |cffffff001050|r (|cffffff00+1.5|r/s)|n|n|cff80ff00Rot|r • Emits a stench so foul, all organic units nearby take |cffffff0020|r spell damage every second, until they leave the area.|n|n|cff80ff00Infection|r • Attacks weaken their target, it takes |cffffff0015|r spell damage every second and have their movement speed reduced by |cffffff0030|r% for |cffffff0015|rs.|n|n|cff80ff00Pestilence|r • The land this unit passed through remains toxic for |cffffff005|rs. Enemies take |cffffff002|r spell damage every second, until they leave the area.	undead	1	2	205	0	1	0.5	always	36	36	 - 	5	fort	_	-	72	-		Mechanical	PathTextures\4x4SimpleSolid.tga	False	normal	_	-	-	-	-	-					_	 - 	 - 	 - 	-	-	_		False	normal	_	-	-	-	-	-					_	
custom	h04B	hbla	Temple of Necromancy	Upgrade to Temple of Necromancy	|cffffac00Production|r / |cff959697-> Legendary|r / |cffffffffTraining time: |r|cffffff0034|rs|n|n|cffffcc00Mighty Necromancer|r|n|cffffffffAttack |r|cff959697(all)|r|cffffffff: |rMagic (|cffffff00400|r range, |cffffff0046|r dps)|n|cffffffffArmor:|r Unarmored (|cffffff003|r) / |cffffffffHP:|r |cffffff00550|r (|cffffff00+1.5|r/s) / |cffffffffMP:|r |cffffff00250|r (|cffffff00+1.75|r/s)|n|n|cff80ff00Corpse Scepter|r • Attacks have a |cffffff0025|r% chance to release carrion swarm that deals |cffffff0070|r spell damage to all enemies in a cone.|n|n|cff80ff00Raise Dead|r • Uses a corpse to spawn a random tier |cffffff001|r-|cffffff002|r skeleton. • Cooldown: |cffffff0030|rs.	undead	1	2	170	0	1	0.5	always	34	34	 - 	5	fort	_	-	72	-		Mechanical	PathTextures\4x4SimpleSolid.tga	False	normal	_	-	-	-	-	-					_	 - 	 - 	 - 	-	-	_		False	normal	_	-	-	-	-	-					_	
custom	h04Z	hbla	Tainted Farm	Upgrade to Tainted Farm	|cffffac00Production|r / |cffffffffTraining time: |r|cffffff0026|rs|n|n|cffffcc00Suffocated Zombie|r|n|cffffffffAttack |r|cff959697(ground)|r|cffffffff: |rChaos (|cffffff00100|r range, |cffffff0027|r dps)|n|cffffffffArmor:|r Medium (|cffffff005|r) / |cffffffffHP:|r |cffffff00500|r|n|n|cff80ff00Rot|r • Emits a stench so foul, all organic units nearby take |cffffff0012|r spell damage every second, until they leave the area.|n|n|cff80ff00Infection|r • Attacks weaken their target, it takes |cffffff008|r spell damage every second and have their movement speed reduced by |cffffff0015|r% for |cffffff0010|rs.	undead	1	2	100	0	1	0.5	always	26	26	 - 	5	fort	_	-	72	-		Mechanical	PathTextures\4x4SimpleSolid.tga	False	normal	_	-	-	-	-	-					_	 - 	 - 	 - 	-	-	_		False	normal	_	-	-	-	-	-					_	
custom	h054	hbla	Graveyard	Upgrade to Graveyard	|cffffac00Production|r / |cffffffffTraining time: |r|cffffff0040|rs|n|n|cffffcc00Vampire Lord|r|n|cffffffffAttack |r|cff959697(ground)|r|cffffffff: |rPierce (|cffffff00110|r range, |cffffff0069|r dps)|n|cffffffffArmor:|r Hero (|cffffff005|r) / |cffffffffHP:|r |cffffff00700|r (|cffffff00+1|r/s)|n|n|cff80ff00Eternal Servitude|r • Organic enemies killed by this unit come back from the dead as a full-fledged Vampires.|n|n|cff80ff00Vampirism|r • Melee allies nearby heal themselves for |cffffff0035|r% of attack damage dealt, until they leave the area. Increased to |cffffff0070|r% for the Vampire.|n|n|cff80ff00Rotting Claws|r • Attacks permanently reduce armor of their target by |cffffff002-10 |r|cff959697(+2 per hit)|r.	undead	1	2	265	0	1	0.5	always	40	40	 - 	5	fort	_	-	72	-		Mechanical	PathTextures\4x4SimpleSolid.tga	False	normal	_	-	-	-	-	-					_	 - 	 - 	 - 	-	-	_		False	normal	_	-	-	-	-	-					_	
custom	h055	hbla	High Citadel of Necromancy	Upgrade to High Citadel of Necromancy	|cffffac00Production|r / |cffffac00Legendary|r / |cffffffffTraining time: |r|cffffff0052|rs|n|n|cffffcc00Lich King|r|n|cffffffffAttack |r|cff959697(all)|r|cffffffff: |rMagic (|cffffff00500|r range, |cffffff0066|r dps)|n|cffffffffArmor:|r Unarmored (|cffffff008|r) / |cffffffffHP:|r |cffffff00950|r (|cffffff00+4|r/s) / |cffffffffMP:|r |cffffff00400|r (|cffffff00+2.5|r/s)|n|n|cff80ff00Legendary Resistance|r • Spell damage taken is reduced by |cffffff0070|r% and the unit is immune to hex, mind control and instant death.|n|n|cff80ff00Mastery over Death|r • Attacks have a |cffffff0015|r% chance to instantly kill their target and heal the Lich for |cffffff0050|r% of its current hp or a |cffffff0010|r% chance to cast Death and Decay, which does |cffffff008|r% max hp true damage to all units in the area for |cffffff005|rs.|n|n|cff80ff00Ultimate Raise Dead|r • Uses |cffffff002|r corpses to raise |cffffff002 |rtier |cffffff002|r-|cffffff003|r skeletons. Units summoned this way receive |cffffff003|r armor and deal |cffffff0012|r more attack damage. • Cooldown: |cffffff0025|rs.	undead	1	2	370	375	1	4	always	52	52	 - 	5	fort	_	-	72	-	A06V	Mechanical	PathTextures\4x4SimpleSolid.tga	False	normal	_	-	-	-	-	-					_	 - 	 - 	 - 	-	-	_		False	normal	_	-	-	-	-	-					_	
custom	h056	hbla	Skull Shrine	Upgrade to Skull Shrine	|cffffac00Utility|r|n|n|cff80ff00Raise Dead|r • Uses a corpse to raise a|cffffff00 |rtier |cffffff002|r-|cffffff003|r skeleton. • Cooldown: |cffffff0012|rs.	undead	1	2	140	380	1	0.5	always	15	 - 	1	5	fort	_	-	72	99999	A05U	Mechanical	PathTextures\4x4SimpleSolid.tga	False	normal	_	-	-	-	-	-					_	 - 	 - 	 - 	-	-	_		False	normal	_	-	-	-	-	-					_	
custom	h05H	hfoo	Vampire Lord	Trains Vampire Lord	|cffffac00Unit|r / |cffffffffSpawn rate: |r|cffffff0040|rs|n|n|cffffffffAttack |r|cff959697(ground)|r|cffffffff: |rPierce (|cffffff00110|r range, |cffffff0069|r dps)|n|cffffffffArmor:|r Hero (|cffffff005|r) / |cffffffffHP:|r |cffffff00700|r (|cffffff00+1|r/s)|n|n|cff80ff00Eternal Servitude|r • Organic enemies killed by this unit come back from the dead as a full-fledged Vampires.|n|n|cff80ff00Vampirism|r • Melee allies nearby heal themselves for |cffffff0035|r% of attack damage dealt, until they leave the area. Increased to |cffffff0070|r% for the Vampire.|n|n|cff80ff00Rotting Claws|r • Attacks permanently reduce armor of their target by |cffffff002-10 |r|cff959697(+2 per hit)|r.	undead	0	40	0	0	1	1	always	 - 	 - 	 - 	0	hero	foot	310	16	800	A07K,A06O,A01O,A06N	sapper,undead,ward	_	True	pierce	normal	1	99	1	1	0	1.0	1.0	1.0	0.010101010101010102	debris,ground,item,structure,ward	 - 	 - 	 - 	-	-	_		False	normal	_	-	-	-	-	-					_	
custom	n00B	nzom	Zombie	Trains Zombie	|cffffac00Unit|r / |cffffffffSpawn rate: |r|cffffff0021|rs|n|n|cffffffffAttack |r|cff959697(ground)|r|cffffffff: |rChaos (|cffffff00100|r range, |cffffff0015|r dps)|n|cffffffffArmor:|r Medium (|cffffff003|r) / |cffffffffHP:|r |cffffff00265|r|n|n|cff80ff00Rot|r • Emits a stench so foul, all organic units nearby take |cffffff008|r spell damage every second, until they leave the area.	undead	0	21	0	0	1	0.5	always	 - 	 - 	 - 	0	medium	foot	230	16	800	A01L	sapper,undead,ward	_	True	chaos	normal	100	99	1	1	0	1.0	1.0	1.0	0.010101010101010102	ground,structure,debris,item,ward	 - 	 - 	 - 	-	-	_		False	normal	_	-	-	-	-	-					_	
custom	n00E	nfgl	Flesh Golem	Trains Flesh Golem	|cffffac00Unit|r / |cffffffffSpawn rate: |r|cffffff0033|rs|n|n|cffffffffAttack |r|cff959697(ground)|r|cffffffff: |rSiege (|cffffff00120|r range, |cffffff0094|r dps)|n|cffffffffArmor:|r Medium (|cffffff0015|r) / |cffffffffHP:|r |cffffff001200|r|n|n|cff80ff00Meat Fists|r • Attacks have a |cffffff0030|r% chance to deal |cffffff00125|r true damage to ground targets around this unit and deal |cffffff0050|r% more damage to buildings.	undead	0	33	0	0	1	3	always	0	0	0	0	medium	foot	320	16	800	A01R,A01S	sapper,undead,ward	_	True	siege	normal	1	99	3	1	0	3.0	3.0	3.0	0.030303030303030304	ground,structure,debris,item,ward	 - 	 - 	 - 	-	-	_		False	normal	_	-	-	-	-	-					_	
custom	n01K	nzom	Suffocated Zombie	Trains Suffocated Zombie	|cffffac00Unit|r / |cffffffffSpawn rate: |r|cffffff0026|rs|n|n|cffffffffAttack |r|cff959697(ground)|r|cffffffff: |rChaos (|cffffff00100|r range, |cffffff0027|r dps)|n|cffffffffArmor:|r Medium (|cffffff005|r) / |cffffffffHP:|r |cffffff00500|r|n|n|cff80ff00Rot|r • Emits a stench so foul, all organic units nearby take |cffffff0012|r spell damage every second, until they leave the area.|n|n|cff80ff00Infection|r • Attacks weaken their target, it takes |cffffff008|r spell damage every second and have their movement speed reduced by |cffffff0015|r% for |cffffff0010|rs.	undead	0	26	0	0	1	0.5	always	 - 	 - 	 - 	0	medium	foot	245	16	800	A05Q,A05P	sapper,undead,ward	_	True	chaos	normal	100	99	1	1	0	1.0	1.0	1.0	0.010101010101010102	ground,structure,debris,item,ward	 - 	 - 	 - 	-	-	_		False	normal	_	-	-	-	-	-					_	
custom	u000	ufro	Frost Wyrm	Trains Frost Wyrm	|cffffac00Unit|r / |cffffffffSpawn rate: |r|cffffff0040|rs|n|n|cffffffffAttack |r|cff959697(all)|r|cffffffff: |rNormal (|cffffff00325|r range, |cffffff0077|r dps)|n|cffffffffArmor:|r Light (|cffffff005|r) / |cffffffffHP:|r |cffffff001200|r|n|n|cff80ff00Deathly Chill|r • Attacks splash to nearby targets as normal damage at |cffffff0050|r% value, all enemies hit have their attack and movement speed reduced by |cffffff0030|r% for |cffffff005|rs.	undead	0	40	0	0	1	2	always	 - 	 - 	 - 	0	small	fly	270	8	800	A064	sapper,undead,ward	_	True	normal	msplash	1	99	1	1	0	1.0	1.0	1.0	0.010101010101010102	ground,structure,item,air,debris,ward	40	100	225	0.5	0.25	ground,air,structure,debris,enemy	800	False	pierce	msplash	300	3	1	11	83	84.0	94.0	89.0	29.666666666666668	air	
custom	u001	uswb	Banshee	Trains Banshee	|cffffac00Unit|r / |cffffffffSpawn rate: |r|cffffff0029|rs|n|n|cffffffffAttack |r|cff959697(all)|r|cffffffff: |rMagic (|cffffff00350|r range, |cffffff0048|r dps)|n|cffffffffArmor:|r Divine (|cffffff002|r) / |cffffffffHP:|r |cffffff00310|r / |cffffffffMP:|r |cffffff00240|r (|cffffff00+2.5|r/s)|n|n|cff80ff00Fear|r • Enemies nearby have their damage reduced by |cffffff0015|r% until they leave the area.|n|n|cff80ff00Ghostly Cries|r • Haunts an enemy, their attack and movement speed is reduced by |cffffff0030|r% for |cffffff0035|rs. • Cooldown: |cffffff0010|rs.	undead	0	29	0	0	1	1	always	240	150	2.5	0	divine	hover	270	16	800	A01N,A01M	sapper,undead,ward	_	True	magic	missile	1	1.4	1	1	0	1.0	1.0	1.0	0.7142857142857143	air,debris,ground,item,structure,ward	 - 	 - 	 - 	-	-	_	900	False	normal	_	-	-	-	-	-					_	
custom	u005	unec	Necromancer	Trains Necromancer	|cffffac00Unit|r / |cffffffffSpawn rate: |r|cffffff0025|rs|n|n|cffffffffAttack |r|cff959697(all)|r|cffffffff: |rMagic (|cffffff00380|r range, |cffffff0030|r dps)|n|cffffffffArmor:|r Unarmored (|cffffff001|r) / |cffffffffHP:|r |cffffff00300|r (|cffffff00+1|r/s) / |cffffffffMP:|r |cffffff00200|r (|cffffff00+1|r/s)|n|n|cff80ff00Raise Dead|r • Uses a corpse to spawn a random tier |cffffff001|r skeleton. • Cooldown: |cffffff0045|rs.	undead	0	25	0	0	1	1	always	200	150	1	0	none	foot	270	16	800	A0CV,A01Y	sapper,undead,ward	_	True	magic	missile	1	1.8	1	1	0	1.0	1.0	1.0	0.5555555555555556	ground,structure,debris,air,item,ward	 - 	 - 	 - 	-	-	_	900	False	normal	_	-	-	-	-	-					_	
custom	u007	uabo	Plague Bearer	Trains Plague Bearer	|cffffac00Unit|r / |cffffffffSpawn rate: |r|cffffff0036|rs|n|n|cffffffffAttack |r|cff959697(ground)|r|cffffffff: |rChaos (|cffffff00128|r range, |cffffff0052|r dps)|n|cffffffffArmor:|r Medium (|cffffff006|r) / |cffffffffHP:|r |cffffff001050|r (|cffffff00+1.5|r/s)|n|n|cff80ff00Rot|r • Emits a stench so foul, all organic units nearby take |cffffff0020|r spell damage every second, until they leave the area.|n|n|cff80ff00Infection|r • Attacks weaken their target, it takes |cffffff0015|r spell damage every second and have their movement speed reduced by |cffffff0030|r% for |cffffff0015|rs.|n|n|cff80ff00Pestilence|r • The land this unit passed through remains toxic for |cffffff005|rs. Enemies take |cffffff002|r spell damage every second, until they leave the area.	undead	0	36	0	0	1	1.5	always	 - 	 - 	 - 	0	medium	foot	260	24	800	A05T,A05S,A05R	sapper,undead,ward	_	True	chaos	normal	128	99	1	1	0	1.0	1.0	1.0	0.010101010101010102	ground,structure,debris,item,ward	 - 	 - 	 - 	-	-	_		False	normal	_	-	-	-	-	-					_	
custom	u009	uktg	Mighty Necromancer	Trains Mighty Necromancer	|cffffac00Unit|r / |cffffffffSpawn rate: |r|cffffff0034|rs|n|n|cffffffffAttack |r|cff959697(all)|r|cffffffff: |rMagic (|cffffff00400|r range, |cffffff0046|r dps)|n|cffffffffArmor:|r Unarmored (|cffffff003|r) / |cffffffffHP:|r |cffffff00550|r (|cffffff00+1.5|r/s) / |cffffffffMP:|r |cffffff00250|r (|cffffff00+1.75|r/s)|n|n|cff80ff00Corpse Scepter|r • Attacks have a |cffffff0025|r% chance to release carrion swarm that deals |cffffff0070|r spell damage to all enemies in a cone.|n|n|cff80ff00Raise Dead|r • Uses a corpse to spawn a random tier |cffffff001|r-|cffffff002|r skeleton. • Cooldown: |cffffff0030|rs.	undead	0	34	0	0	1	1.5	always	250	175	1.75	0	none	foot	270	16	800	A0CV,A05O,A05N,A05L	sapper,undead,ward	_	True	magic	missile	1	99	1	1	0	1.0	1.0	1.0	0.010101010101010102	ground,structure,debris,air,item,ward	 - 	 - 	 - 	-	-	_	900	False	normal	_	-	-	-	-	-					_	
custom	u00D	unec	Lich King	Trains Lich King	|cffffac00Unit|r / |cffffac00Legendary|r / |cffffffffSpawn rate: |r|cffffff0052|rs|n|n|cffffffffAttack |r|cff959697(all)|r|cffffffff: |rMagic (|cffffff00500|r range, |cffffff0066|r dps)|n|cffffffffArmor:|r Unarmored (|cffffff008|r) / |cffffffffHP:|r |cffffff00950|r (|cffffff00+4|r/s) / |cffffffffMP:|r |cffffff00400|r (|cffffff00+2.5|r/s)|n|n|cff80ff00Legendary Resistance|r • Spell damage taken is reduced by |cffffff0070|r% and the unit is immune to hex, mind control and instant death.|n|n|cff80ff00Mastery over Death|r • Attacks have a |cffffff0015|r% chance to instantly kill their target and heal the Lich for |cffffff0050|r% of its current hp or a |cffffff0010|r% chance to cast Death and Decay, which does |cffffff008|r% max hp true damage to all units in the area for |cffffff005|rs.|n|n|cff80ff00Ultimate Raise Dead|r • Uses |cffffff002|r corpses to raise |cffffff002 |rtier |cffffff002|r-|cffffff003|r skeletons. Units summoned this way receive |cffffff003|r armor and deal |cffffff0012|r more attack damage. • Cooldown: |cffffff0025|rs.	undead	0	52	0	0	1	4	always	400	250	2.5	0	none	foot	300	16	800	A0CV,A06V,A0AH,A070,A086,A03Q,A08X,A07H,A085	sapper,undead,ward	_	True	magic	missile	1	1.8	1	1	0	1.0	1.0	1.0	0.5555555555555556	ground,structure,debris,air,item,ward	 - 	 - 	 - 	-	-	_	900	False	normal	_	-	-	-	-	-					_	
custom	X018	hpea	Undead Builder	|cffFFD900Choose the Undead Forces|r	Undead Forces use necromantic magic to reanimate dead units. They bring death and disease to their enemies. An undead builder is able to construct a spirit tower to defend your base.	undead	0	15	0	0	220	0.25	always	 - 	 - 	 - 	0	medium	foot	550	1	500	Aeth,A06E,AInv,A005,A001,Ahrp,Avul	standon,peon	_	False	normal	normal	90	2	1	2	4	5.0	6.0	5.5	2.75	ground,structure,debris,item,ward	 - 	 - 	 - 	-	-	_		False	normal	normal	66	1.1	1	1	0	1.0	1.0	1.0	0.9090909090909091	tree	
custom	x003	ewsp	Dummy Caster		Basic worker unit. Can harvest gold and lumber, create Night Elf buildings and Renew. |nCan Detonate to dispel magic, hurt summoned creatures and drain mana in an area.	commoner	0	14	60	0	120	0.5	night	1000000	-	 - 	0	divine	fly	522	0	-	Aloc,Agho	_	_	False	normal	_	-	-	-	-	-					_	 - 	 - 	 - 	-	-	_		False	normal	_	-	-	-	-	-					_	
